GeoFIPS,GeoName,Region,TableName,LineCode,IndustryClassification,Description,Unit,1969,1970,1971,1972,1973,1974,1975,1976,1977,1978,1979,1980,1981,1982,1983,1984,1985,1986,1987,1988,1989,1990,1991,1992,1993,1994,1995,1996,1997,1998,1999,2000,2001,2002,2003,2004,2005,2006,2007,2008,2009,2010,2011,2012,2013,2014,2015,2016,2017,2018,2019,2020,2021,2022
 "54000","West Virginia",5,CAINC4,10,"...","Personal income (thousands of dollars) ","Thousands of dollars",4944141,5511837,6051556,6700698,7333218,8128736,9186126,10241128,11457287,12752672,14222751,15637550,17044991,18059962,18554199,19921934,20756668,21253154,21714815,23221484,24579344,26184243,27331646,29388622,30475580,31790532,32855636,34152035,35627801,37130579,38078587,40251566,42750333,44243165,44952808,46551205,48854253,52146960,54184672,57958900,58487453,60532086,64059017,65488403,65152569,67156751,68437802,68067852,70797616,74235000,76746554,80740963,87617398,88744908
 "54000","West Virginia",5,CAINC4,11,"..."," Nonfarm personal income 1/","Thousands of dollars",4913302,5486070,6026449,6670050,7289111,8100321,9172260,10237816,11459428,12740500,14205874,15629118,17067783,18088769,18571189,19900752,20737205,21207522,21710462,23218820,24548793,26142177,27299086,29331907,30416198,31735078,32837661,34148779,35634108,37136483,38100601,40242552,42730547,44283921,44973962,46527722,48849181,52176894,54247478,57992748,58526542,60564772,64054388,65496721,65126346,67143004,68445395,68100580,70791990,74287809,76766946,80802458,87648916,88699527
 "54000","West Virginia",5,CAINC4,12,"..."," Farm income 2/","Thousands of dollars",30839,25767,25107,30648,44107,28415,13866,3312,-2141,12172,16877,8432,-22792,-28807,-16990,21182,19463,45632,4353,2664,30551,42066,32560,56715,59382,55454,17975,3256,-6307,-5904,-22014,9014,19786,-40756,-21154,23483,5072,-29934,-62806,-33848,-39089,-32686,4629,-8318,26223,13747,-7593,-32728,5626,-52809,-20392,-61495,-31518,45381
 "54000","West Virginia",5,CAINC4,20,"...","Population (persons) 3/","Number of persons",1746000,1746629,1770252,1796910,1805293,1814048,1840548,1877440,1905628,1920342,1939062,1951349,1954125,1949605,1945058,1927696,1906831,1882352,1857583,1830213,1806570,1792548,1798735,1806451,1817539,1820421,1823700,1822808,1819113,1815609,1811799,1807021,1801481,1805414,1812295,1816438,1820492,1827912,1834052,1840310,1847775,1854409,1857326,1858745,1856642,1853014,1846341,1835998,1822785,1810588,1800430,1791420,1785526,1775156
 "54000","West Virginia",5,CAINC4,30,"...","Per capita personal income (dollars) 4/","Dollars",2832,3156,3418,3729,4062,4481,4991,5455,6012,6641,7335,8014,8723,9263,9539,10335,10885,11291,11690,12688,13606,14607,15195,16269,16767,17463,18016,18736,19585,20451,21017,22275,23731,24506,24804,25628,26836,28528,29544,31494,31653,32642,34490,35233,35092,36242,37067,37074,38840,41000,42627,45071,49071,49993
 "54000","West Virginia",5,CAINC4,35,"...","Earnings by place of work ","Thousands of dollars",4173345,4567817,4954108,5474485,5928148,6513675,7240391,8154161,9215356,10301395,11370381,12085492,12760919,13097919,12968021,14034160,14568500,14758277,15160082,16278383,16957114,18147757,18782216,19981593,20767488,21853206,22433881,23089726,23975949,24934470,25907045,27406301,28659645,29411513,30011569,31544893,33311917,35261670,35569125,37158538,36954076,38124713,40288257,41350578,41460579,41961341,42154633,41095822,43083066,46291659,46921444,45477558,48494379,51154417
 "54000","West Virginia",5,CAINC4,36,"...","Less: Contributions for government social insurance 5/","Thousands of dollars",323431,349685,394920,454649,567826,647589,710757,818832,917593,1058367,1212117,1310531,1483588,1571511,1570721,1737026,1827922,1921373,1992005,2190267,2309620,2502353,2662533,2839568,3058984,3205308,3351520,3454383,3548056,3720719,3826208,4141034,4114559,4049565,4240307,4367438,4556422,4623531,4503395,4543954,4596389,4700896,4379822,4497827,5040011,5202372,5257452,5278315,5511503,5838456,5841494,5894893,6193930,6577013
 "54000","West Virginia",5,CAINC4,37,"..."," Employee and self-employed contributions for government social insurance ","Thousands of dollars",142838,155038,173692,198740,244567,277962,308308,347281,382795,432875,503163,545696,625461,663588,655701,708138,769115,812463,848214,941398,1016011,1092446,1156771,1214268,1271219,1361382,1428790,1458561,1506546,1544870,1604918,1658166,1754041,1772024,1852904,1952892,2067815,2214961,2335078,2466040,2473924,2532075,2116241,2162554,2715940,2816136,2843397,2856672,3027181,3231707,3249491,3305489,3495195,3775381
 "54000","West Virginia",5,CAINC4,38,"..."," Employer contributions for government social insurance ","Thousands of dollars",180593,194647,221228,255909,323259,369627,402449,471551,534798,625492,708954,764835,858127,907923,915020,1028888,1058807,1108910,1143791,1248869,1293609,1409907,1505762,1625300,1787765,1843926,1922730,1995822,2041510,2175849,2221290,2482868,2360518,2277541,2387403,2414546,2488607,2408570,2168317,2077914,2122465,2168821,2263581,2335273,2324071,2386236,2414055,2421643,2484322,2606749,2592003,2589404,2698735,2801632
 "54000","West Virginia",5,CAINC4,42,"...","Plus: Adjustment for residence 6/","Thousands of dollars",-73255,-75085,-90351,-102475,-104949,-119499,-124430,-152524,-185047,-214500,-227046,-249993,-226731,-169860,-145077,-112395,-107393,-85597,-25753,8070,95027,92065,74295,133929,131571,180606,223668,234396,392467,438830,500815,625245,772281,816229,960434,1089376,1288434,1336711,1485808,1441294,1328554,1459485,1468037,1215330,1255348,1469412,1468384,1714709,1618996,1233255,1726834,2164932,2320148,2780951
 "54000","West Virginia",5,CAINC4,45,"...","Equals: Net earnings by place of residence ","Thousands of dollars",3776659,4143047,4468837,4917361,5255373,5746587,6405204,7182805,8112716,9028528,9931218,10524968,11050600,11356548,11252223,12184739,12633185,12751307,13142324,14096186,14742521,15737469,16193978,17275954,17840075,18828504,19306029,19869739,20820360,21652581,22581652,23890512,25317367,26178177,26731696,28266831,30043929,31974850,32551538,34055878,33686241,34883302,37376472,38068081,37675916,38228381,38365565,37532216,39190559,41686458,42806784,41747597,44620597,47358355
 "54000","West Virginia",5,CAINC4,46,"...","Plus: Dividends, interest, and rent 7/","Thousands of dollars",568605,647033,712179,785855,891538,1038407,1180367,1300355,1469332,1641251,1853618,2276372,2791310,3191457,3410558,3762641,3974976,4095455,4044162,4346180,4793616,5040185,5058361,5143020,5215145,5438225,5790239,6100766,6439128,6805206,6644022,7073675,7171884,6978145,6860080,6924987,7015519,7571504,8302417,9114378,8836080,8807721,9710468,10121290,9837535,10330635,10641391,10598263,11027777,11463279,12203902,12379647,13439183,14813669
 "54000","West Virginia",5,CAINC4,47,"...","Plus: Personal current transfer receipts ","Thousands of dollars",598877,721757,870540,997482,1186307,1343742,1600555,1757968,1875239,2082893,2437915,2836210,3203081,3511957,3891418,3974554,4148507,4406392,4528329,4779118,5043207,5406589,6079307,6969648,7420360,7523803,7759368,8181530,8368313,8672792,8852913,9287379,10261082,11086843,11361032,11359387,11794805,12600606,13330717,14788644,15965132,16841063,16972077,17299032,17639118,18597735,19430846,19937373,20579280,21085263,21735868,26613719,29557618,26572884
 "54000","West Virginia",5,CAINC4,50,"...","Wages and salaries ","Thousands of dollars",3329188,3648091,3953930,4335330,4669582,5112908,5704433,6462016,7202367,8009180,8880564,9517758,10045514,10319518,10016720,10681229,11037425,11234837,11520344,12029611,12417659,13256084,13656324,14352422,14794845,15616248,16158516,16699090,17262432,17901595,18473498,19249275,19983879,20409183,20808680,21888411,22826358,24137046,25174072,26726670,26702303,27249483,28585162,29435511,29479076,30106511,30264757,29719860,30905465,33296479,33414244,32569904,34567753,36939585
 "54000","West Virginia",5,CAINC4,60,"...","Supplements to wages and salaries ","Thousands of dollars",445750,493878,552447,637496,710972,802739,883785,1006807,1170014,1326452,1508664,1661028,1820909,1925949,2028009,2212974,2364884,2549304,2692849,2718836,2914540,3154766,3376596,3771539,4043029,4212840,4237132,4378546,4500480,4681877,4877739,5280789,5401348,5537184,5879504,6142553,6439913,7013061,6884402,7056098,7007373,7029835,7407970,7886383,7990066,7712768,8068499,7656862,8218283,8722476,8992374,8673631,8930425,9034621
 "54000","West Virginia",5,CAINC4,61,"..."," Employer contributions for employee pension and insurance funds 8/","Thousands of dollars",265157,299231,331219,381587,387713,433112,481336,535256,635216,700960,799710,896193,962782,1018026,1112989,1184086,1306077,1440394,1549058,1469967,1620931,1744859,1870834,2146239,2255264,2368914,2314402,2382724,2458970,2506028,2656449,2797921,3040830,3259643,3492101,3728007,3951306,4604491,4716085,4978184,4884908,4861014,5144389,5551110,5665995,5326532,5654444,5235219,5733961,6115727,6400371,6084227,6231690,6232989
 "54000","West Virginia",5,CAINC4,62,"..."," Employer contributions for government social insurance ","Thousands of dollars",180593,194647,221228,255909,323259,369627,402449,471551,534798,625492,708954,764835,858127,907923,915020,1028888,1058807,1108910,1143791,1248869,1293609,1409907,1505762,1625300,1787765,1843926,1922730,1995822,2041510,2175849,2221290,2482868,2360518,2277541,2387403,2414546,2488607,2408570,2168317,2077914,2122465,2168821,2263581,2335273,2324071,2386236,2414055,2421643,2484322,2606749,2592003,2589404,2698735,2801632
 "54000","West Virginia",5,CAINC4,70,"...","Proprietors' income 9/","Thousands of dollars",398407,425848,447731,501659,547594,598028,652173,685338,842975,965763,981153,906706,894496,852452,923292,1139957,1166191,974136,946889,1529936,1624915,1736907,1749296,1857632,1929614,2024118,2038233,2012090,2213037,2350998,2555808,2876237,3274418,3465146,3323385,3513929,4045646,4111563,3510651,3375770,3244400,3845395,4295125,4028684,3991437,4142062,3821377,3719100,3959318,4272704,4514826,4234023,4996201,5180211
 "54000","West Virginia",5,CAINC4,71,"..."," Farm proprietors' income ","Thousands of dollars",18998,13411,12735,19888,29470,14898,4224,-10464,-14341,-6731,-3761,-12963,-43740,-52124,-39050,-440,-1890,25816,-15008,-18667,7756,15938,8027,33363,35647,33666,-4459,-17636,-27429,-29579,-46690,-13885,-7948,-74314,-57339,-11117,-22008,-59360,-96367,-65050,-68875,-60774,-19990,-47233,-13364,-28224,-42110,-71339,-29450,-85767,-47233,-90266,-58887,6453
 "54000","West Virginia",5,CAINC4,72,"..."," Nonfarm proprietors' income ","Thousands of dollars",379409,412437,434996,481771,518124,583130,647949,695802,857316,972494,984914,919669,938236,904576,962342,1140397,1168081,948320,961897,1548603,1617159,1720969,1741269,1824269,1893967,1990452,2042692,2029726,2240466,2380577,2602498,2890122,3282366,3539460,3380724,3525046,4067654,4170923,3607018,3440820,3313275,3906169,4315115,4075917,4004801,4170286,3863487,3790439,3988768,4358471,4562059,4324289,5055088,5173758
 "54000","West Virginia",5,CAINC4,7010,"...","Total employment ","Number of jobs",651782,659514,669717,683606,699804,711453,717096,739036,757752,780911,790391,782029,761627,740403,721543,732296,731881,731131,738242,750513,757104,777862,778768,789331,801180,822272,838499,846838,858297,868370,868236,875561,872546,871215,868312,879273,890760,902913,915643,918376,899067,899510,909060,918958,914247,911678,904270,890209,888822,898085,881634,840864,864509,890610
 "54000","West Virginia",5,CAINC4,7020,"..."," Wage and salary employment ","Number of jobs",559232,567265,577037,589827,604328,612571,616529,639984,657812,679852,687986,674453,653154,631613,607112,617198,615160,612989,615225,624878,631030,646214,646496,658436,669981,688189,698545,705856,712910,722362,724303,729135,726708,725998,720507,728989,735233,744739,749108,752580,733651,733891,741918,751059,743387,740394,734353,721620,720094,731260,724942,677885,693889,709777
 "54000","West Virginia",5,CAINC4,7040,"..."," Proprietors employment ","Number of jobs",92550,92249,92680,93779,95476,98882,100567,99052,99940,101059,102405,107576,108473,108790,114431,115098,116721,118142,123017,125635,126074,131648,132272,130895,131199,134083,139954,140982,145387,146008,143933,146426,145838,145217,147805,150284,155527,158174,166535,165796,165416,165619,167142,167899,170860,171284,169917,168589,168728,166825,156692,162979,170620,180833
 "54001","Barbour, WV",5,CAINC4,10,"...","Personal income (thousands of dollars) ","Thousands of dollars",31306,34785,40806,48231,53730,58275,69152,74477,84303,90734,103440,114422,125215,135851,135130,145343,147293,149684,147005,154431,162457,169513,177828,191562,202137,211424,215166,225031,237115,244915,251301,266203,276678,293524,303636,317349,333382,364797,386300,414493,427209,445802,462519,486881,480381,492269,492147,489783,508145,533908,554406,591797,630924,622714
 "54001","Barbour, WV",5,CAINC4,11,"..."," Nonfarm personal income 1/","Thousands of dollars",30971,34551,40433,47741,53015,57940,69203,74676,84558,90742,102852,113519,125718,136720,135192,144360,146301,148120,146639,154357,161759,168874,177421,191186,201465,211271,215713,226459,237922,245716,252229,265549,276666,294200,304918,317934,334477,366413,388716,415859,428866,447488,463184,487678,481011,492937,493085,491651,510396,536423,556051,594030,633411,625606
 "54001","Barbour, WV",5,CAINC4,12,"..."," Farm income 2/","Thousands of dollars",335,234,373,490,715,335,-51,-199,-255,-8,588,903,-503,-869,-62,983,992,1564,366,74,698,639,407,376,672,153,-547,-1428,-807,-801,-928,654,12,-676,-1282,-585,-1095,-1616,-2416,-1366,-1657,-1686,-665,-797,-630,-668,-938,-1868,-2251,-2515,-1645,-2233,-2487,-2892
 "54001","Barbour, WV",5,CAINC4,20,"...","Population (persons) 3/","Number of persons",13809,14166,14721,14975,15080,15083,15352,15864,15975,15965,16158,16661,16736,16734,16738,16852,16754,16479,16255,15964,15730,15675,15572,15760,15806,15925,15948,15981,15698,15735,15616,15560,15436,15569,15639,15629,15722,15922,16036,16241,16479,16585,16474,16638,16542,16475,16443,16124,15814,15712,15561,15463,15445,15414
 "54001","Barbour, WV",5,CAINC4,30,"...","Per capita personal income (dollars) 4/","Dollars",2267,2456,2772,3221,3563,3864,4504,4695,5277,5683,6402,6868,7482,8118,8073,8625,8792,9083,9044,9674,10328,10814,11420,12155,12789,13276,13492,14081,15105,15565,16093,17108,17924,18853,19415,20305,21205,22912,24090,25521,25924,26880,28076,29263,29040,29880,29930,30376,32133,33981,35628,38272,40850,40399
 "54001","Barbour, WV",5,CAINC4,35,"...","Earnings by place of work ","Thousands of dollars",22714,23883,27283,32957,37575,41392,54549,58353,68367,71210,81498,87325,92274,99571,83774,90629,86040,78878,69649,80240,83824,78887,80405,86697,97175,101548,92359,93681,96897,101467,108245,111094,104521,110291,119527,120645,124286,135933,141260,149061,156017,170604,181714,197662,198008,196638,187748,178572,189067,208649,227337,237816,254174,262168
 "54001","Barbour, WV",5,CAINC4,36,"...","Less: Contributions for government social insurance 5/","Thousands of dollars",1703,1769,2097,2569,3421,4074,5296,5659,6498,7063,8174,9024,10504,11917,9878,11052,10575,9706,8849,10647,11437,10835,11314,12574,15174,15946,14813,15120,15441,16056,16949,16927,15372,15528,17745,17501,18205,19320,19350,19756,20983,22273,21077,22166,24812,25603,25077,25171,26830,29541,31102,34070,36235,37965
 "54001","Barbour, WV",5,CAINC4,37,"..."," Employee and self-employed contributions for government social insurance ","Thousands of dollars",803,849,989,1241,1600,1857,2425,2588,2936,3057,3633,3973,4599,5097,4279,4638,4638,4449,4244,4993,5480,5160,5474,5825,6454,6895,6698,6711,6810,6964,7361,7333,7238,7463,8406,8592,9095,10208,11103,11880,12572,13397,11832,12409,14999,15446,15114,15180,16347,17952,18862,20348,21454,22911
 "54001","Barbour, WV",5,CAINC4,38,"..."," Employer contributions for government social insurance ","Thousands of dollars",900,920,1108,1328,1821,2217,2871,3071,3562,4006,4541,5051,5905,6820,5599,6414,5937,5257,4605,5654,5957,5675,5840,6749,8720,9051,8115,8409,8631,9092,9588,9594,8134,8065,9339,8909,9110,9112,8247,7876,8411,8876,9245,9757,9813,10157,9963,9991,10483,11589,12240,13722,14781,15054
 "54001","Barbour, WV",5,CAINC4,42,"...","Plus: Adjustment for residence 6/","Thousands of dollars",2282,2793,3826,3919,2628,1605,-3081,-3784,-5690,-4442,-6292,-8124,-8163,-8439,-633,997,5208,9733,16250,13477,14440,22223,23446,23434,22266,25504,31153,34061,38001,40630,44132,49470,56318,61346,65403,76140,83432,94404,98108,104092,94080,92106,94112,95188,95666,98843,99871,98064,98081,102104,92911,79049,79525,85546
 "54001","Barbour, WV",5,CAINC4,45,"...","Equals: Net earnings by place of residence ","Thousands of dollars",23293,24907,29012,34307,36782,38923,46172,48910,56179,59705,67032,70177,73607,79215,73263,80574,80673,78905,77050,83070,86827,90275,92537,97557,104267,111106,108699,112622,119457,126041,135428,143637,145467,156109,167185,179284,189513,211017,220018,233397,229114,240437,254749,270684,268862,269878,262542,251465,260318,281212,289146,282795,297464,309749
 "54001","Barbour, WV",5,CAINC4,46,"...","Plus: Dividends, interest, and rent 7/","Thousands of dollars",2829,3415,3909,4492,5238,6129,7497,8258,9597,11000,13019,17084,21263,24120,24716,27824,28622,29560,28396,28671,30595,31237,31130,32705,33537,34429,37946,40573,44969,44294,41330,44057,45105,43356,41277,42283,43631,46520,52073,55966,59792,62917,61326,66599,62849,65469,65775,67838,73638,74147,77064,76888,79578,86718
 "54001","Barbour, WV",5,CAINC4,47,"...","Plus: Personal current transfer receipts ","Thousands of dollars",5184,6463,7885,9432,11710,13223,15483,17309,18527,20029,23389,27161,30345,32516,37151,36945,37998,41219,41559,42690,45035,48001,54161,61300,64333,65889,68521,71836,72689,74580,74543,78509,86106,94059,95174,95782,100238,107260,114209,125130,138303,142448,146444,149598,148670,156922,163830,170480,174189,178549,188196,232114,253882,226247
 "54001","Barbour, WV",5,CAINC4,50,"...","Wages and salaries ","Thousands of dollars",16824,17703,20229,24200,27890,31457,42658,45190,52652,54032,61577,67220,71832,77889,62933,67400,62820,55217,48168,54999,57330,53631,53624,58974,66173,70026,63324,64506,65242,66124,69417,67356,67056,71022,79131,78599,80492,87175,94150,100847,105064,112999,118493,125163,126431,130223,126935,124249,134149,151932,164711,175554,187150,196266
 "54001","Barbour, WV",5,CAINC4,60,"...","Supplements to wages and salaries ","Thousands of dollars",2779,2885,3311,3978,4675,5262,6984,7525,9322,10015,12005,13653,15458,17042,15004,15305,14423,13770,12087,12936,13983,13340,13630,15997,19593,20641,18232,19011,19954,20641,22061,21692,19556,20714,23410,24019,25175,27874,27774,28700,28754,30091,31271,35079,35637,34454,35785,33978,37039,41155,43924,44530,47824,47999
 "54001","Barbour, WV",5,CAINC4,61,"..."," Employer contributions for employee pension and insurance funds 8/","Thousands of dollars",1879,1965,2203,2650,2854,3045,4113,4454,5760,6009,7464,8602,9553,10222,9405,8891,8486,8513,7482,7282,8026,7665,7790,9248,10873,11590,10117,10602,11323,11549,12473,12098,11422,12649,14071,15110,16065,18762,19527,20824,20343,21215,22026,25322,25824,24297,25822,23987,26556,29566,31684,30808,33043,32945
 "54001","Barbour, WV",5,CAINC4,62,"..."," Employer contributions for government social insurance ","Thousands of dollars",900,920,1108,1328,1821,2217,2871,3071,3562,4006,4541,5051,5905,6820,5599,6414,5937,5257,4605,5654,5957,5675,5840,6749,8720,9051,8115,8409,8631,9092,9588,9594,8134,8065,9339,8909,9110,9112,8247,7876,8411,8876,9245,9757,9813,10157,9963,9991,10483,11589,12240,13722,14781,15054
 "54001","Barbour, WV",5,CAINC4,70,"...","Proprietors' income 9/","Thousands of dollars",3111,3295,3743,4779,5010,4673,4907,5638,6393,7163,7916,6452,4984,4640,5837,7924,8797,9891,9394,12305,12511,11916,13151,11726,11409,10881,10803,10164,11701,14702,16767,22046,17909,18555,16986,18027,18619,20884,19336,19514,22199,27514,31950,37420,35940,31961,25028,20345,17879,15562,18702,17732,19200,17903
 "54001","Barbour, WV",5,CAINC4,71,"..."," Farm proprietors' income ","Thousands of dollars",222,103,230,352,513,136,-185,-388,-417,-254,329,647,-742,-1127,-286,773,808,1414,247,-64,540,447,221,192,471,-45,-769,-1658,-1050,-1054,-1174,437,-237,-953,-1581,-869,-1321,-1863,-2694,-1606,-1873,-1866,-810,-1010,-850,-899,-1130,-2076,-2444,-2697,-1801,-2400,-2648,-3124
 "54001","Barbour, WV",5,CAINC4,72,"..."," Nonfarm proprietors' income ","Thousands of dollars",2889,3192,3513,4427,4497,4537,5092,6026,6810,7417,7587,5805,5726,5767,6123,7151,7989,8477,9147,12369,11971,11469,12930,11534,10938,10926,11572,11822,12751,15756,17941,21609,18146,19508,18567,18896,19940,22747,22030,21120,24072,29380,32760,38430,36790,32860,26158,22421,20323,18259,20503,20132,21848,21027
 "54001","Barbour, WV",5,CAINC4,7010,"...","Total employment ","Number of jobs",4398,4208,4306,4612,4726,4879,5396,5560,5734,5784,5929,5954,5769,5791,5248,5313,5095,4912,4780,5033,4899,4806,4743,4889,5158,5335,5228,5263,5326,5488,5468,5411,5149,5187,5071,5077,5105,5232,5343,5359,5312,5348,5399,5518,5591,5565,5463,5366,5440,5521,5580,5612,5829,5975
 "54001","Barbour, WV",5,CAINC4,7020,"..."," Wage and salary employment ","Number of jobs",3247,3128,3237,3521,3670,3836,4293,4401,4586,4644,4752,4693,4507,4529,3926,3975,3732,3508,3298,3568,3446,3336,3271,3433,3636,3813,3666,3648,3652,3638,3645,3588,3558,3636,3547,3516,3523,3622,3625,3661,3599,3684,3720,3841,3850,3863,3779,3728,3771,3896,4024,4030,4177,4259
 "54001","Barbour, WV",5,CAINC4,7040,"..."," Proprietors employment ","Number of jobs",1151,1080,1069,1091,1056,1043,1103,1159,1148,1140,1177,1261,1262,1262,1322,1338,1363,1404,1482,1465,1453,1470,1472,1456,1522,1522,1562,1615,1674,1850,1823,1823,1591,1551,1524,1561,1582,1610,1718,1698,1713,1664,1679,1677,1741,1702,1684,1638,1669,1625,1556,1582,1652,1716
 "54003","Berkeley, WV",5,CAINC4,10,"...","Personal income (thousands of dollars) ","Thousands of dollars",126726,134820,148849,167079,187624,208309,229837,254554,282243,322075,364243,404464,452317,486827,518648,585410,631764,682817,738409,818393,896849,952168,990277,1061305,1115548,1169349,1238801,1320912,1440177,1523448,1613566,1793586,1951916,2102583,2279656,2459499,2713375,2961145,3142292,3338452,3372518,3524958,3700089,3857287,3915509,4047539,4232170,4476299,4658426,4909941,5281299,5853049,6467277,6767690
 "54003","Berkeley, WV",5,CAINC4,11,"..."," Nonfarm personal income 1/","Thousands of dollars",122339,132089,146667,164837,183984,203416,228770,254700,283151,319803,362406,404179,450670,482457,516326,580435,625051,671707,729833,810129,891922,945998,981112,1051146,1110661,1165499,1233208,1316762,1436623,1520735,1610679,1792823,1951002,2102888,2277250,2456414,2710977,2956955,3137384,3334293,3368870,3521742,3697164,3845934,3911628,4043641,4229139,4472595,4655085,4908208,5279084,5850708,6464187,6766846
 "54003","Berkeley, WV",5,CAINC4,12,"..."," Farm income 2/","Thousands of dollars",4387,2731,2182,2242,3640,4893,1067,-146,-908,2272,1837,285,1647,4370,2322,4975,6713,11110,8576,8264,4927,6170,9165,10159,4887,3850,5593,4150,3554,2713,2887,763,914,-305,2406,3085,2398,4190,4908,4159,3648,3216,2925,11353,3881,3898,3031,3704,3341,1733,2215,2341,3090,844
 "54003","Berkeley, WV",5,CAINC4,20,"...","Population (persons) 3/","Number of persons",37570,36437,37181,38572,39750,40917,41549,43008,43776,44038,45311,46995,47829,48528,49664,50337,51160,52227,53472,55546,57276,59839,61582,63010,64396,65800,67117,68667,70061,72285,74366,76357,78428,80875,84524,88258,92114,96318,99132,101629,102830,104650,105838,107133,108745,110526,112089,113943,115616,117917,120132,122691,126194,129490
 "54003","Berkeley, WV",5,CAINC4,30,"...","Per capita personal income (dollars) 4/","Dollars",3373,3700,4003,4332,4720,5091,5532,5919,6447,7314,8039,8607,9457,10032,10443,11630,12349,13074,13809,14734,15658,15912,16081,16843,17323,17771,18457,19236,20556,21076,21698,23489,24888,25998,26971,27867,29457,30743,31698,32849,32797,33683,34960,36005,36006,36621,37757,39285,40292,41639,43962,47706,51249,52264
 "54003","Berkeley, WV",5,CAINC4,35,"...","Earnings by place of work ","Thousands of dollars",101597,105472,113544,128395,144470,157101,167137,182512,198213,226946,255874,277214,301175,310803,323958,365556,386010,411065,443465,489034,527051,561689,610301,675164,711828,755167,797881,829726,884638,947733,1028630,1101292,1146591,1194396,1303579,1419868,1531056,1641542,1630381,1654289,1634979,1645688,1726095,1857521,1894100,1927470,1982595,2034437,2160535,2327260,2437074,2534075,2756772,2842842
 "54003","Berkeley, WV",5,CAINC4,36,"...","Less: Contributions for government social insurance 5/","Thousands of dollars",7032,7274,8005,9484,12194,13607,14455,16349,17649,20443,24366,26594,30627,32017,35403,40691,43840,48096,53327,60009,65546,71376,80160,89542,97706,104173,110377,114830,121578,129920,138786,152480,156074,158389,175602,186097,197829,205124,197752,197638,197861,198833,185553,198458,227837,237583,245274,256710,273042,291037,302910,324870,346710,362595
 "54003","Berkeley, WV",5,CAINC4,37,"..."," Employee and self-employed contributions for government social insurance ","Thousands of dollars",2974,3083,3402,3971,5061,5648,6068,6622,7041,8076,9706,10675,12514,13274,14451,16229,18170,20300,22838,25322,28298,30715,33981,37422,40153,43847,46906,48766,52195,55231,60005,63014,66008,67998,75691,82526,88845,95852,98639,102215,102088,103607,86051,91786,119116,124362,129129,135497,146202,156965,163204,176774,190894,203406
 "54003","Berkeley, WV",5,CAINC4,38,"..."," Employer contributions for government social insurance ","Thousands of dollars",4058,4191,4603,5513,7133,7959,8387,9727,10608,12367,14660,15919,18113,18743,20952,24462,25670,27796,30489,34687,37248,40661,46179,52120,57553,60326,63471,66064,69383,74689,78781,89466,90066,90391,99911,103571,108984,109272,99113,95423,95773,95226,99502,106672,108721,113221,116145,121213,126840,134072,139706,148096,155816,159189
 "54003","Berkeley, WV",5,CAINC4,42,"...","Plus: Adjustment for residence 6/","Thousands of dollars",8546,8764,10995,12042,13228,15531,17642,22102,27620,33701,38651,39811,47126,53770,62219,77199,90804,107116,124324,142497,162025,164470,136847,123166,122152,133248,143622,164822,211852,211994,211512,292543,339622,388681,448932,519223,646763,724546,819126,870587,871262,952757,979147,951561,957172,1012840,1087065,1207835,1240581,1279917,1440874,1591153,1737505,2121545
 "54003","Berkeley, WV",5,CAINC4,45,"...","Equals: Net earnings by place of residence ","Thousands of dollars",103111,106962,116534,130953,145504,159025,170324,188265,208184,240204,270159,290431,317674,332556,350774,402064,432974,470085,514462,571522,623530,654783,666988,708788,736274,784242,831126,879718,974912,1029807,1101356,1241355,1330139,1424688,1576909,1752994,1979990,2160964,2251755,2327238,2308380,2399612,2519689,2610624,2623435,2702727,2824386,2985562,3128074,3316140,3575038,3800358,4147567,4601792
 "54003","Berkeley, WV",5,CAINC4,46,"...","Plus: Dividends, interest, and rent 7/","Thousands of dollars",12430,14558,16900,19213,22421,26252,30178,33237,37978,43172,49068,60448,73342,83506,93785,104979,112729,120904,126095,139193,157076,167953,175438,178240,191125,196828,210848,226151,240464,257539,260966,281233,307495,322580,337938,344861,356338,386993,440633,476506,477907,471430,510729,560142,569651,587099,606539,652990,656440,673672,727619,752666,816580,878083
 "54003","Berkeley, WV",5,CAINC4,47,"...","Plus: Personal current transfer receipts ","Thousands of dollars",11185,13300,15415,16913,19699,23032,29335,33052,36081,38699,45016,53585,61301,70765,74089,78367,86061,91828,97852,107678,116243,129432,147851,174277,188149,188279,196827,215043,224801,236102,251244,270998,314282,355315,364809,361644,377047,413188,449904,534708,586231,653916,669671,686521,722423,757713,801245,837747,873912,920129,978642,1300025,1503130,1287815
 "54003","Berkeley, WV",5,CAINC4,50,"...","Wages and salaries ","Thousands of dollars",79017,83980,89684,100566,112430,120885,130794,142612,153712,173727,197763,216209,233344,240098,248548,274563,284951,298750,325329,352598,374988,396532,437485,482495,512773,550808,578737,604333,638212,674059,723178,766420,805801,835179,908600,970922,1040030,1119917,1154115,1205116,1188858,1168962,1215104,1288516,1319324,1356381,1388141,1433556,1524922,1657628,1732616,1809119,1952724,2042681
 "54003","Berkeley, WV",5,CAINC4,60,"...","Supplements to wages and salaries ","Thousands of dollars",10109,11258,13311,15752,18160,20039,21823,24539,27458,30977,35913,40203,44559,46737,51632,58759,64119,68554,72148,80309,90529,98699,111294,126511,137690,144261,148881,152929,158571,170289,182665,201235,218655,228455,255187,270179,292571,323861,325372,334017,334475,327650,351946,383148,396221,393038,406840,405155,439429,477033,506715,509933,537451,538908
 "54003","Berkeley, WV",5,CAINC4,61,"..."," Employer contributions for employee pension and insurance funds 8/","Thousands of dollars",6051,7067,8708,10239,11027,12080,13436,14812,16850,18610,21253,24284,26446,27994,30680,34297,38449,40758,41659,45622,53281,58038,65115,74391,80137,83935,85410,86865,89188,95600,103884,111769,128589,138064,155276,166608,183587,214589,226259,238594,238702,232424,252444,276476,287500,279817,290695,283942,312589,342961,367009,361837,381635,379719
 "54003","Berkeley, WV",5,CAINC4,62,"..."," Employer contributions for government social insurance ","Thousands of dollars",4058,4191,4603,5513,7133,7959,8387,9727,10608,12367,14660,15919,18113,18743,20952,24462,25670,27796,30489,34687,37248,40661,46179,52120,57553,60326,63471,66064,69383,74689,78781,89466,90066,90391,99911,103571,108984,109272,99113,95423,95773,95226,99502,106672,108721,113221,116145,121213,126840,134072,139706,148096,155816,159189
 "54003","Berkeley, WV",5,CAINC4,70,"...","Proprietors' income 9/","Thousands of dollars",12471,10234,10549,12077,13880,16177,14520,15361,17043,22242,22198,20802,23272,23968,23778,32234,36940,43761,45988,56127,61534,66458,61522,66158,61365,60098,70263,72464,87855,103385,122787,133637,122135,130762,139792,178767,198455,197764,150894,115156,111646,149076,159045,185857,178555,178051,187614,195726,196184,192599,197743,215023,266597,261253
 "54003","Berkeley, WV",5,CAINC4,71,"..."," Farm proprietors' income ","Thousands of dollars",2902,1182,640,923,1863,3270,-67,-1768,-2312,64,-857,-2772,-1535,552,-1225,1589,3449,8176,5807,5103,1479,2097,5278,6375,1080,406,2111,1000,408,-741,-630,-2388,-2801,-4770,-2502,-1701,-1413,-19,-7,-15,-22,-15,303,7497,-29,-259,-392,-130,-123,-1530,-420,-488,394,-2981
 "54003","Berkeley, WV",5,CAINC4,72,"..."," Nonfarm proprietors' income ","Thousands of dollars",9569,9052,9909,11154,12017,12907,14587,17129,19355,22178,23055,23574,24807,23416,25003,30645,33491,35585,40181,51024,60055,64361,56244,59783,60285,59692,68152,71464,87447,104126,123417,136025,124936,135532,142294,180468,199868,197783,150901,115171,111668,149091,158742,178360,178584,178310,188006,195856,196307,194129,198163,215511,266203,264234
 "54003","Berkeley, WV",5,CAINC4,7010,"...","Total employment ","Number of jobs",16368,16348,16449,16877,17875,18215,17428,17928,17800,18417,19335,19582,19377,19077,19357,20018,20329,20939,22031,23220,24344,25273,26030,27282,28139,29103,30057,30269,31059,32549,33291,34000,34661,35062,36452,38288,40074,41440,42145,41239,40029,39877,40941,42685,43713,44506,44809,45556,47053,49049,49514,49213,51295,53526
 "54003","Berkeley, WV",5,CAINC4,7020,"..."," Wage and salary employment ","Number of jobs",13761,13631,13727,14056,14975,15219,14659,15312,15162,15712,16542,16601,16418,16099,16189,16732,16908,17341,18279,19198,20047,20706,21370,22672,23385,24136,24919,24967,25582,26358,27036,27570,28254,28256,29238,30390,31437,32525,32541,31996,30737,30562,31429,33258,33961,34644,35090,35812,36777,38523,39156,37772,38880,40217
 "54003","Berkeley, WV",5,CAINC4,7040,"..."," Proprietors employment ","Number of jobs",2607,2717,2722,2821,2900,2996,2769,2616,2638,2705,2793,2981,2959,2978,3168,3286,3421,3598,3752,4022,4297,4567,4660,4610,4754,4967,5138,5302,5477,6191,6255,6430,6407,6806,7214,7898,8637,8915,9604,9243,9292,9315,9512,9427,9752,9862,9719,9744,10276,10526,10358,11441,12415,13309
 "54005","Boone, WV",5,CAINC4,10,"...","Personal income (thousands of dollars) ","Thousands of dollars",61783,77173,85509,103212,117437,137155,153729,165988,191286,220515,246455,263089,275895,318349,309655,324792,325507,334626,344319,352088,327768,354703,396899,398680,385173,425165,432891,430584,437654,455789,464706,476689,483667,507347,521523,540492,573535,620991,656732,731480,727949,749897,812334,795878,749285,736028,735240,712501,739321,778236,775297,816546,882585,865460
 "54005","Boone, WV",5,CAINC4,11,"..."," Nonfarm personal income 1/","Thousands of dollars",61691,77091,85441,103129,117352,137066,153655,165927,191235,220475,246443,263078,275869,318377,309711,324877,325646,334738,344398,352151,327847,354768,396936,398659,385180,425184,432908,430522,437722,455833,464743,476697,483656,507332,521556,540519,573584,621051,656799,731494,727958,749911,812337,795855,749299,736072,735315,712598,739377,778337,775400,816675,882690,865628
 "54005","Boone, WV",5,CAINC4,12,"..."," Farm income 2/","Thousands of dollars",92,82,68,83,85,89,74,61,51,40,12,11,26,-28,-56,-85,-139,-112,-79,-63,-79,-65,-37,21,-7,-19,-17,62,-68,-44,-37,-8,11,15,-33,-27,-49,-60,-67,-14,-9,-14,-3,23,-14,-44,-75,-97,-56,-101,-103,-129,-105,-168
 "54005","Boone, WV",5,CAINC4,20,"...","Population (persons) 3/","Number of persons",25117,25182,25554,26105,27343,27611,28381,29442,30214,30445,30892,30449,30430,30429,30284,29772,29175,28725,27658,27067,26406,25781,25958,26303,26048,25977,25928,26055,25976,25642,25640,25473,25372,25505,25545,25455,25311,25101,25115,24794,24766,24625,24504,24523,24330,24023,23626,23241,22867,22464,21962,21739,21367,20968
 "54005","Boone, WV",5,CAINC4,30,"...","Per capita personal income (dollars) 4/","Dollars",2460,3065,3346,3954,4295,4967,5417,5638,6331,7243,7978,8640,9067,10462,10225,10909,11157,11649,12449,13008,12413,13758,15290,15157,14787,16367,16696,16526,16848,17775,18124,18714,19063,19892,20416,21233,22660,24740,26149,29502,29393,30453,33151,32454,30797,30638,31120,30657,32331,34644,35302,37561,41306,41275
 "54005","Boone, WV",5,CAINC4,35,"...","Earnings by place of work ","Thousands of dollars",46223,58518,63979,82901,94956,114648,127933,141069,167767,197951,223822,248980,255512,317020,282753,304617,312162,330440,341244,318952,300046,338317,381884,386186,328241,392210,417305,409832,399576,408720,399356,408156,383177,386602,404549,458102,492664,539516,540429,594300,602866,615225,686416,610095,528232,469021,405093,316683,320577,358645,320617,303085,324099,334953
 "54005","Boone, WV",5,CAINC4,36,"...","Less: Contributions for government social insurance 5/","Thousands of dollars",3415,4190,4890,6481,8695,10553,11503,13286,14923,18197,21454,25699,28817,37979,32883,36412,38373,41241,42028,40416,40721,46191,52295,55795,52344,62147,69515,70281,68035,71092,69048,74008,63237,55400,59139,65368,69557,71282,67772,71465,74480,76167,74108,66388,65068,60549,54095,45442,46677,49892,46494,45533,47468,50397
 "54005","Boone, WV",5,CAINC4,37,"..."," Employee and self-employed contributions for government social insurance ","Thousands of dollars",1582,1949,2201,2957,3833,4676,5255,5898,6679,7857,9483,10977,12196,15579,13652,14749,15937,17433,18149,17796,17504,20069,23185,23159,19863,23793,25397,24502,23423,23912,23427,23280,24133,24933,26166,29504,32134,34958,35909,39078,40115,40939,35714,32029,36028,33666,30133,26058,27235,30373,27652,27479,29030,31147
 "54005","Boone, WV",5,CAINC4,38,"..."," Employer contributions for government social insurance ","Thousands of dollars",1833,2241,2689,3524,4862,5877,6248,7388,8244,10340,11971,14722,16621,22400,19231,21663,22436,23808,23879,22620,23217,26122,29110,32636,32481,38354,44118,45779,44612,47180,45621,50728,39104,30467,32973,35864,37423,36324,31863,32387,34365,35228,38394,34359,29040,26883,23962,19384,19442,19519,18842,18054,18438,19250
 "54005","Boone, WV",5,CAINC4,42,"...","Plus: Adjustment for residence 6/","Thousands of dollars",5337,6020,6306,3605,2290,969,1530,-598,-2871,-6864,-13035,-25175,-26129,-45946,-38723,-45080,-50952,-61675,-64529,-41796,-51285,-61932,-69418,-79464,-42194,-59377,-77943,-80512,-74490,-71242,-56720,-60225,-54884,-55007,-59047,-77933,-81703,-87989,-76064,-82855,-109756,-107135,-128734,-81933,-47465,-10842,19302,66967,78514,80404,106922,102411,104876,107951
 "54005","Boone, WV",5,CAINC4,45,"...","Equals: Net earnings by place of residence ","Thousands of dollars",48145,60348,65395,80025,88551,105064,117960,127185,149973,172890,189333,198106,200566,233095,211147,223125,222837,227524,234687,236740,208040,230194,260171,250927,233703,270686,269847,259039,257051,266386,273588,273923,265056,276195,286363,314801,341404,380245,396593,439980,418630,431923,483574,461774,415699,397630,370300,338208,352414,389157,381045,359963,381507,392507
 "54005","Boone, WV",5,CAINC4,46,"...","Plus: Dividends, interest, and rent 7/","Thousands of dollars",4065,4689,5137,5673,6380,7516,8337,9191,10385,12296,14647,18549,22925,28295,30174,34578,36461,37503,38185,39691,41224,43565,46577,45231,43892,43346,49726,52658,59076,62357,59850,65370,68980,68587,68528,57437,58085,53494,61177,72745,78185,76238,88899,87052,84182,82551,89195,97144,89709,86954,95559,96233,97517,102913
 "54005","Boone, WV",5,CAINC4,47,"...","Plus: Personal current transfer receipts ","Thousands of dollars",9573,12136,14977,17514,22506,24575,27432,29612,30928,35329,42475,46434,52404,56959,68334,67089,66209,69599,71447,75657,78504,80944,90151,102522,107578,111133,113318,118887,121527,127046,131268,137396,149631,162565,166632,168254,174046,187252,198962,218755,231134,241736,239861,247052,249404,255847,275745,277149,297198,302125,298693,360350,403561,370040
 "54005","Boone, WV",5,CAINC4,50,"...","Wages and salaries ","Thousands of dollars",33362,41135,46803,62380,71183,81401,92891,107226,116894,134635,156213,187965,192858,242753,206841,219570,226111,235716,232856,213862,219713,247124,256087,265964,211258,251868,275657,277764,270079,271463,260180,267101,290754,301680,312286,355111,384197,410284,414921,462483,475082,482668,541297,462626,397453,358268,305455,232281,237393,271652,235646,216647,227384,242332
 "54005","Boone, WV",5,CAINC4,60,"...","Supplements to wages and salaries ","Thousands of dollars",6309,7698,8735,11548,13738,16441,17053,19848,22571,27792,32192,40176,43124,54426,52123,52623,54372,65392,72280,50462,52666,58455,63013,70614,65913,77714,87308,93222,97238,95316,94581,102632,77181,68250,78358,88705,90437,104262,97567,106783,102968,104039,109838,107839,96203,82614,77154,59103,63367,65922,65272,61001,62653,63489
 "54005","Boone, WV",5,CAINC4,61,"..."," Employer contributions for employee pension and insurance funds 8/","Thousands of dollars",4476,5457,6046,8024,8876,10564,10805,12460,14327,17452,20221,25454,26503,32026,32892,30960,31936,41584,48401,27842,29449,32333,33903,37978,33432,39360,43190,47443,52626,48136,48960,51904,38077,37783,45385,52841,53014,67938,65704,74396,68603,68811,71444,73480,67163,55731,53192,39719,43925,46403,46430,42947,44215,44239
 "54005","Boone, WV",5,CAINC4,62,"..."," Employer contributions for government social insurance ","Thousands of dollars",1833,2241,2689,3524,4862,5877,6248,7388,8244,10340,11971,14722,16621,22400,19231,21663,22436,23808,23879,22620,23217,26122,29110,32636,32481,38354,44118,45779,44612,47180,45621,50728,39104,30467,32973,35864,37423,36324,31863,32387,34365,35228,38394,34359,29040,26883,23962,19384,19442,19519,18842,18054,18438,19250
 "54005","Boone, WV",5,CAINC4,70,"...","Proprietors' income 9/","Thousands of dollars",6552,9685,8441,8973,10035,16806,17989,13995,28302,35524,35417,20839,19530,19841,23789,32424,31679,29332,36108,54628,27667,32738,62784,49608,51070,62628,54340,38846,32259,41941,44595,38423,15242,16672,13905,14286,18030,24970,27941,25034,24816,28518,35281,39630,34576,28139,22484,25299,19817,21071,19699,25437,34062,29132
 "54005","Boone, WV",5,CAINC4,71,"..."," Farm proprietors' income ","Thousands of dollars",83,74,62,79,81,87,72,58,48,33,6,6,22,-31,-58,-87,-140,-113,-79,-63,-79,-65,-37,14,-12,-22,-19,61,-69,-45,-38,-9,10,14,-34,-28,-50,-61,-68,-15,-10,-15,-4,23,-14,-44,-75,-97,-56,-101,-103,-129,-105,-168
 "54005","Boone, WV",5,CAINC4,72,"..."," Nonfarm proprietors' income ","Thousands of dollars",6469,9611,8379,8894,9954,16719,17917,13937,28254,35491,35411,20833,19508,19872,23847,32511,31819,29445,36187,54691,27746,32803,62821,49594,51082,62650,54359,38785,32328,41986,44633,38432,15232,16658,13939,14314,18080,25031,28009,25049,24826,28533,35285,39607,34590,28183,22559,25396,19873,21172,19802,25566,34167,29300
 "54005","Boone, WV",5,CAINC4,7010,"...","Total employment ","Number of jobs",6026,6417,6836,7847,8320,8895,8636,9390,9562,9732,10052,10833,10062,11121,9523,9617,9784,9819,9522,8915,8890,9410,9413,9624,8302,8995,9327,9340,9260,9474,9157,9076,8914,8979,9192,9664,10105,10139,9915,10105,10023,10009,10140,9416,8776,8164,7448,6316,6188,6136,5924,5563,5633,5750
 "54005","Boone, WV",5,CAINC4,7020,"..."," Wage and salary employment ","Number of jobs",5278,5650,6110,7144,7605,8139,7823,8558,8733,8907,9196,9938,9170,10239,8608,8664,8771,8774,8374,7778,7683,8141,8194,8456,7225,7910,8274,8280,8232,8064,7787,7674,8008,8063,8327,8844,9206,9327,9077,9319,9195,9207,9263,8580,7889,7339,6568,5504,5382,5287,5164,4720,4764,4833
 "54005","Boone, WV",5,CAINC4,7040,"..."," Proprietors employment ","Number of jobs",748,767,726,703,715,756,813,832,829,825,856,895,892,882,915,953,1013,1045,1148,1137,1207,1269,1219,1168,1077,1085,1053,1060,1028,1410,1370,1402,906,916,865,820,899,812,838,786,828,802,877,836,887,825,880,812,806,849,760,843,869,917
 "54007","Braxton, WV",5,CAINC4,10,"...","Personal income (thousands of dollars) ","Thousands of dollars",23158,29640,33359,33015,36954,39616,44058,47800,53684,60498,71236,85539,96391,107530,109046,120107,124187,128381,129276,136777,143734,150012,152559,162424,172749,179099,191616,206385,209982,216865,220412,238515,244125,257000,265328,278944,288980,310255,329824,360495,364104,383317,408503,429270,415281,427405,445238,424460,429523,445287,455299,486127,500715,488361
 "54007","Braxton, WV",5,CAINC4,11,"..."," Nonfarm personal income 1/","Thousands of dollars",22815,29340,33040,32615,36435,39331,44138,48030,54019,60793,71203,85311,96955,108110,109242,119892,124197,127883,129558,137158,143509,149709,153103,162409,172583,179048,192075,207435,210950,217261,220803,238049,243362,256429,265212,278722,289204,311006,331015,361171,364972,384212,408675,429637,414321,426137,443915,423312,427851,443850,452830,484122,499584,485833
 "54007","Braxton, WV",5,CAINC4,12,"..."," Farm income 2/","Thousands of dollars",343,300,319,400,519,285,-80,-230,-335,-295,33,228,-564,-580,-196,215,-10,498,-282,-381,225,303,-544,15,166,51,-459,-1050,-968,-396,-391,466,763,571,116,222,-224,-751,-1191,-676,-868,-895,-172,-367,960,1268,1323,1148,1672,1437,2469,2005,1131,2528
 "54007","Braxton, WV",5,CAINC4,20,"...","Population (persons) 3/","Number of persons",12485,12756,13206,13275,13576,13203,13293,13401,13593,13601,13778,13954,14184,14200,14307,14121,14130,13972,13676,13472,13132,13021,13242,13328,13627,13757,14027,14192,14155,14299,14521,14713,14702,14667,14632,14696,14682,14585,14585,14587,14512,14508,14358,14136,13935,13817,13656,13464,13241,12939,12688,12397,12293,12185
 "54007","Braxton, WV",5,CAINC4,30,"...","Per capita personal income (dollars) 4/","Dollars",1855,2324,2526,2487,2722,3001,3314,3567,3949,4448,5170,6130,6796,7573,7622,8506,8789,9188,9453,10153,10945,11521,11521,12187,12677,13019,13661,14542,14834,15166,15179,16211,16605,17522,18133,18981,19683,21272,22614,24713,25090,26421,28451,30367,29801,30933,32604,31526,32439,34414,35884,39213,40732,40079
 "54007","Braxton, WV",5,CAINC4,35,"...","Earnings by place of work ","Thousands of dollars",16170,21762,24112,20786,23837,23891,24377,25138,27767,31086,36604,43467,51276,60737,60226,68846,71561,75925,77259,82946,90397,96208,88091,89779,93819,96215,109837,122596,116640,122145,124882,136293,132080,142606,149251,159488,167391,175645,176852,178518,174301,183094,184911,192287,191319,194170,209214,204535,201921,202122,210928,212524,209958,215875
 "54007","Braxton, WV",5,CAINC4,36,"...","Less: Contributions for government social insurance 5/","Thousands of dollars",1254,1762,2006,1728,2292,2321,2343,2438,2661,3017,3689,4563,5918,7329,7191,8546,9097,9790,10204,11600,12740,13600,13110,13425,14427,14564,17437,19462,17824,18669,19080,20437,19972,20568,22275,23411,24418,24691,23883,23298,23425,24244,21902,22293,24716,25461,27405,27925,27681,27975,28550,29372,29669,31009
 "54007","Braxton, WV",5,CAINC4,37,"..."," Employee and self-employed contributions for government social insurance ","Thousands of dollars",596,785,892,807,1027,1069,1112,1138,1213,1362,1673,2038,2623,3203,3145,3605,3937,4310,4570,5083,5745,6034,5833,5896,6235,6600,7609,8356,7988,8167,8338,8733,8628,9073,9770,10467,11140,12053,12659,12986,12929,13474,11320,11647,14114,14694,15711,16056,16416,16858,17035,17515,17740,18819
 "54007","Braxton, WV",5,CAINC4,38,"..."," Employer contributions for government social insurance ","Thousands of dollars",658,977,1114,921,1265,1252,1231,1300,1448,1655,2016,2525,3295,4126,4046,4941,5160,5480,5634,6517,6995,7566,7277,7529,8192,7964,9828,11106,9836,10502,10742,11704,11344,11495,12505,12944,13278,12638,11224,10312,10496,10770,10582,10646,10602,10767,11694,11869,11265,11117,11515,11857,11929,12190
 "54007","Braxton, WV",5,CAINC4,42,"...","Plus: Adjustment for residence 6/","Thousands of dollars",870,680,853,2194,1960,2711,3989,5362,6597,8315,10389,12654,11596,10738,8390,8097,8090,6077,5971,4195,1517,350,5144,8059,10258,12730,10319,9362,12999,13303,14257,16024,16857,16096,16620,17844,19599,23210,26194,31597,37071,43138,57171,61739,59713,60332,47773,36779,39320,50099,46188,33657,34868,36451
 "54007","Braxton, WV",5,CAINC4,45,"...","Equals: Net earnings by place of residence ","Thousands of dollars",15786,20680,22959,21252,23505,24281,26023,28062,31703,36384,43304,51558,56954,64146,61425,68397,70554,72212,73026,75541,79174,82958,80125,84413,89650,94381,102719,112496,111815,116779,120059,131880,128965,138134,143596,153921,162572,174164,179163,186817,187947,201988,220180,231733,226316,229041,229582,213389,213560,224246,228566,216809,215157,221317
 "54007","Braxton, WV",5,CAINC4,46,"...","Plus: Dividends, interest, and rent 7/","Thousands of dollars",2441,2939,3341,3762,4388,5140,6037,6672,7771,8875,10278,12924,15940,18096,19396,22355,22827,23464,23200,26140,27467,27684,26986,26231,27350,29309,31019,33238,36738,36821,35355,38770,41386,37836,38211,40565,38460,42069,50150,61663,54835,55659,60161,66961,55561,59021,69028,58372,59945,62913,66505,69507,61124,64268
 "54007","Braxton, WV",5,CAINC4,47,"...","Plus: Personal current transfer receipts ","Thousands of dollars",4931,6021,7059,8001,9061,10195,11998,13066,14210,15239,17654,21057,23497,25288,28225,29355,30806,32705,33050,35096,37093,39370,45448,51780,55749,55409,57878,60651,61429,63265,64998,67865,73774,81030,83521,84458,87948,94022,100511,112015,121322,125670,128162,130576,133404,139343,146628,152699,156018,158128,160228,199811,224434,202776
 "54007","Braxton, WV",5,CAINC4,50,"...","Wages and salaries ","Thousands of dollars",11433,16626,18388,14875,17165,16884,17366,17688,19808,21969,25872,31418,38284,46106,44343,50345,52330,54566,55316,60044,64316,68617,62757,62445,63849,65292,77448,86501,79675,83065,85363,85614,89761,97002,101524,108494,112675,117909,123413,129216,126803,129450,127247,129974,129253,132148,142238,140141,137917,138871,144243,143926,148919,155990
 "54007","Braxton, WV",5,CAINC4,60,"...","Supplements to wages and salaries ","Thousands of dollars",1311,1911,2198,1996,2387,2596,2682,2855,3330,3774,4500,5593,7174,9153,9829,11256,11990,13582,14181,14130,15669,16827,15990,16876,18102,17814,20406,22324,20319,21406,22597,23886,26021,28085,30964,32861,34595,37365,36775,36663,35570,36024,35992,37817,38055,36324,40204,37745,38637,39304,42792,42620,42312,42361
 "54007","Braxton, WV",5,CAINC4,61,"..."," Employer contributions for employee pension and insurance funds 8/","Thousands of dollars",653,934,1084,1075,1122,1344,1451,1555,1882,2119,2484,3068,3879,5027,5783,6315,6830,8102,8547,7613,8674,9261,8713,9347,9910,9850,10578,11218,10483,10904,11855,12182,14677,16590,18459,19917,21317,24727,25551,26351,25074,25254,25410,27171,27453,25557,28510,25876,27372,28187,31277,30763,30383,30171
 "54007","Braxton, WV",5,CAINC4,62,"..."," Employer contributions for government social insurance ","Thousands of dollars",658,977,1114,921,1265,1252,1231,1300,1448,1655,2016,2525,3295,4126,4046,4941,5160,5480,5634,6517,6995,7566,7277,7529,8192,7964,9828,11106,9836,10502,10742,11704,11344,11495,12505,12944,13278,12638,11224,10312,10496,10770,10582,10646,10602,10767,11694,11869,11265,11117,11515,11857,11929,12190
 "54007","Braxton, WV",5,CAINC4,70,"...","Proprietors' income 9/","Thousands of dollars",3426,3225,3526,3915,4285,4411,4329,4595,4629,5343,6232,6456,5818,5478,6054,7245,7241,7777,7762,8772,10412,10764,9344,10458,11868,13109,11983,13771,16646,17674,16922,26793,16298,17519,16763,18133,20121,20371,16664,12639,11928,17620,21672,24496,24011,25698,26772,26649,25367,23947,23893,25978,18727,17524
 "54007","Braxton, WV",5,CAINC4,71,"..."," Farm proprietors' income ","Thousands of dollars",251,207,234,327,421,200,-152,-335,-439,-450,-122,83,-691,-713,-315,107,-110,412,-358,-467,129,188,-655,-95,60,-42,-550,-1134,-1045,-470,-457,409,702,514,52,156,-279,-814,-1262,-761,-964,-995,-268,-532,786,1087,1177,983,1520,1293,2354,1879,1013,2361
 "54007","Braxton, WV",5,CAINC4,72,"..."," Nonfarm proprietors' income ","Thousands of dollars",3175,3018,3292,3588,3864,4211,4481,4930,5068,5793,6354,6373,6509,6191,6369,7138,7351,7365,8120,9239,10283,10576,9999,10553,11808,13151,12533,14905,17691,18144,17379,26384,15596,17005,16711,17977,20400,21185,17926,13400,12892,18615,21940,25028,23225,24611,25595,25666,23847,22654,21539,24099,17714,15163
 "54007","Braxton, WV",5,CAINC4,7010,"...","Total employment ","Number of jobs",3180,3677,3720,3253,3424,3354,3359,3359,3450,3621,3855,4030,4302,4503,4473,4601,4580,4519,4418,4588,4660,4800,4604,4651,4891,5071,5342,5637,5455,5577,5643,5552,5248,5344,5378,5511,5517,5563,5689,5564,5486,5455,5307,5310,5251,5275,5418,5305,5175,5112,5008,4938,4909,5018
 "54007","Braxton, WV",5,CAINC4,7020,"..."," Wage and salary employment ","Number of jobs",2317,2790,2856,2380,2543,2433,2390,2392,2461,2599,2796,2904,3098,3243,3122,3315,3362,3368,3324,3498,3606,3621,3430,3527,3653,3741,4109,4300,4092,4184,4231,4128,4099,4269,4326,4412,4450,4494,4537,4476,4407,4412,4225,4214,4116,4126,4322,4195,4065,3981,3989,3833,3798,3862
 "54007","Braxton, WV",5,CAINC4,7040,"..."," Proprietors employment ","Number of jobs",863,887,864,873,881,921,969,967,989,1022,1059,1126,1204,1260,1351,1286,1218,1151,1094,1090,1054,1179,1174,1124,1238,1330,1233,1337,1363,1393,1412,1424,1149,1075,1052,1099,1067,1069,1152,1088,1079,1043,1082,1096,1135,1149,1096,1110,1110,1131,1019,1105,1111,1156
 "54009","Brooke, WV",5,CAINC4,10,"...","Personal income (thousands of dollars) ","Thousands of dollars",94429,100898,113423,123581,130421,146801,159789,180690,199460,218440,247445,264047,288496,283653,281652,293417,301681,320038,325422,339452,364881,401184,399687,425001,441606,460270,475630,496248,510410,530025,539611,586358,610233,617684,606488,617059,626781,662150,687552,738459,725595,747738,793447,812590,817760,859669,882341,853981,885545,927863,946417,1008831,1087395,1093693
 "54009","Brooke, WV",5,CAINC4,11,"..."," Nonfarm personal income 1/","Thousands of dollars",94330,100821,113301,123457,130254,146662,159750,180663,199471,218476,247448,263995,288544,283788,281769,293447,301670,320141,325468,339541,364940,401183,399800,424953,441577,460164,475747,496450,510434,530001,539632,586250,610098,617580,606396,616917,626797,662367,688025,738732,725862,747993,793561,812732,817847,859863,882600,854435,886101,928471,946712,1009289,1088077,1094479
 "54009","Brooke, WV",5,CAINC4,12,"..."," Farm income 2/","Thousands of dollars",99,77,122,124,167,139,39,27,-11,-36,-3,52,-48,-135,-117,-30,11,-103,-46,-89,-59,1,-113,48,29,106,-117,-202,-24,24,-21,108,135,104,92,142,-16,-217,-473,-273,-267,-255,-114,-142,-87,-194,-259,-454,-556,-608,-295,-458,-682,-786
 "54009","Brooke, WV",5,CAINC4,20,"...","Population (persons) 3/","Number of persons",29023,30354,30131,29952,30331,30332,31020,30791,30715,30152,30527,31082,30917,30484,29673,29165,28733,28436,27871,27463,27198,26973,26776,26582,26697,26622,26645,26380,26061,25892,25776,25366,25237,25156,25094,24867,24703,24399,24235,24168,24153,23994,23920,23866,23869,23737,23649,23183,22990,22788,22656,22472,22109,21733
 "54009","Brooke, WV",5,CAINC4,30,"...","Per capita personal income (dollars) 4/","Dollars",3254,3324,3764,4126,4300,4840,5151,5868,6494,7245,8106,8495,9331,9305,9492,10061,10499,11255,11676,12360,13416,14874,14927,15988,16541,17289,17851,18812,19585,20471,20935,23116,24180,24554,24169,24814,25373,27138,28370,30555,30042,31164,33171,34048,34260,36216,37310,36837,38519,40717,41773,44893,49183,50324
 "54009","Brooke, WV",5,CAINC4,35,"...","Earnings by place of work ","Thousands of dollars",68339,73060,89406,97362,100591,105335,110165,129341,135027,151022,174598,177700,191657,177320,170723,171283,165855,177655,182236,188556,230900,250675,249463,268324,297776,315670,306834,320560,319272,340190,338338,368883,400512,401242,382900,406491,427471,421211,414897,422489,399312,410360,445286,447511,445002,459736,478844,467435,477313,489562,504024,499339,532993,526778
 "54009","Brooke, WV",5,CAINC4,36,"...","Less: Contributions for government social insurance 5/","Thousands of dollars",5298,5616,7115,8124,9886,10929,11408,13499,14032,16209,19281,19828,22997,21715,21343,22079,21617,23837,24462,26475,32277,35636,36124,38330,45316,47271,46976,49475,48604,52547,51585,57145,58951,57698,56687,59296,61584,57415,53159,52261,50293,51979,49828,49844,55221,58490,61316,61690,63316,64688,65660,64540,67892,68807
 "54009","Brooke, WV",5,CAINC4,37,"..."," Employee and self-employed contributions for government social insurance ","Thousands of dollars",2338,2484,3139,3543,4215,4588,4794,5613,5733,6511,7894,8207,9591,9089,8703,8790,8902,9866,10174,10914,13509,14848,15206,15952,17831,19241,19471,20182,20001,21031,21040,22271,24321,24201,23468,25257,26599,26974,27499,28515,27616,28012,24372,24511,30377,32257,33517,33792,35309,36458,37066,36969,39228,40571
 "54009","Brooke, WV",5,CAINC4,38,"..."," Employer contributions for government social insurance ","Thousands of dollars",2960,3132,3976,4581,5671,6341,6614,7886,8299,9698,11387,11621,13406,12626,12640,13289,12715,13971,14288,15561,18768,20788,20918,22378,27485,28030,27505,29293,28603,31516,30545,34874,34630,33497,33219,34039,34985,30441,25660,23746,22677,23967,25456,25333,24844,26233,27799,27898,28007,28230,28594,27571,28664,28236
 "54009","Brooke, WV",5,CAINC4,42,"...","Plus: Adjustment for residence 6/","Thousands of dollars",16166,15401,10116,10911,12862,21215,23424,23974,33513,33845,35283,35731,37853,35095,31490,37431,45937,49040,51286,56423,35873,42689,40611,39089,27103,23868,36312,31847,36768,32600,42339,49834,28953,38411,51252,37075,29442,51765,61639,67526,69534,68030,64632,75944,83694,83669,73882,69087,78269,87807,80344,89965,87739,105798
 "54009","Brooke, WV",5,CAINC4,45,"...","Equals: Net earnings by place of residence ","Thousands of dollars",79207,82845,92407,100149,103567,115621,122181,139816,154508,168658,190600,193603,206513,190700,180870,186635,190175,202858,209060,218504,234496,257728,253950,269083,279563,292267,296170,302932,307436,320243,329092,361572,370514,381955,377465,384270,395329,415561,423377,437754,418553,426411,460090,473611,473475,484915,491410,474832,492266,512681,518708,524764,552840,563769
 "54009","Brooke, WV",5,CAINC4,46,"...","Plus: Dividends, interest, and rent 7/","Thousands of dollars",7838,9286,10647,11921,13208,15393,17260,19148,21603,23784,27199,33856,41375,46282,50445,56855,59314,61513,58410,60167,66384,71503,66376,65844,64597,66770,75734,83030,90146,95335,95244,102062,104205,93280,83289,84143,78457,80583,92783,106970,97214,100463,113267,117402,119557,129546,136195,126235,134809,150861,158628,156512,180744,217953
 "54009","Brooke, WV",5,CAINC4,47,"...","Plus: Personal current transfer receipts ","Thousands of dollars",7384,8767,10369,11511,13646,15787,20348,21726,23349,25998,29646,36588,40608,46671,50337,49927,52192,55667,57952,60781,64001,71953,79361,90074,97446,101233,103726,110286,112828,114447,115275,122724,135514,142449,145734,148646,152995,166006,171392,193735,209828,220864,220090,221577,224728,245208,254736,252914,258470,264321,269081,327555,353811,311971
 "54009","Brooke, WV",5,CAINC4,50,"...","Wages and salaries ","Thousands of dollars",56031,59911,73782,79743,81555,85142,89023,105043,107701,119646,138036,141800,152851,140533,133208,132405,127131,135352,136782,141488,170576,184401,182246,190256,209753,223385,223164,234423,229057,241655,240663,253486,279884,278051,265669,292403,307827,294780,296102,306717,283532,287221,306770,300430,302998,323708,340894,335975,345174,355469,363818,344637,372284,374157
 "54009","Brooke, WV",5,CAINC4,60,"...","Supplements to wages and salaries ","Thousands of dollars",7913,8512,10557,12134,13030,14073,14347,16530,17771,19696,23314,24674,27647,26905,28427,28007,27833,31889,34747,34987,44353,47171,48369,57184,63922,67243,60460,62584,61663,64542,63673,70628,77621,77634,80481,83317,88571,92931,84906,85975,80546,82454,88645,89666,87171,86103,92850,88558,92218,94304,98102,91433,92643,86583
 "54009","Brooke, WV",5,CAINC4,61,"..."," Employer contributions for employee pension and insurance funds 8/","Thousands of dollars",4953,5380,6581,7553,7359,7732,7733,8644,9472,9998,11927,13053,14241,14279,15787,14718,15118,17918,20459,19426,25585,26383,27451,34806,36437,39213,32955,33291,33060,33026,33128,35754,42991,44137,47262,49278,53586,62490,59246,62229,57869,58487,63189,64333,62327,59870,65051,60660,64211,66074,69508,63862,63979,58347
 "54009","Brooke, WV",5,CAINC4,62,"..."," Employer contributions for government social insurance ","Thousands of dollars",2960,3132,3976,4581,5671,6341,6614,7886,8299,9698,11387,11621,13406,12626,12640,13289,12715,13971,14288,15561,18768,20788,20918,22378,27485,28030,27505,29293,28603,31516,30545,34874,34630,33497,33219,34039,34985,30441,25660,23746,22677,23967,25456,25333,24844,26233,27799,27898,28007,28230,28594,27571,28664,28236
 "54009","Brooke, WV",5,CAINC4,70,"...","Proprietors' income 9/","Thousands of dollars",4395,4637,5067,5485,6006,6120,6795,7768,9555,11680,13248,11226,11159,9882,9088,10871,10891,10414,10707,12081,15971,19103,18848,20884,24101,25042,23210,23553,28552,33993,34002,44769,43007,45557,36750,30771,31073,33500,33889,29797,35234,40685,49871,57415,54833,49925,45100,42902,39921,39789,42104,63269,68066,66038
 "54009","Brooke, WV",5,CAINC4,71,"..."," Farm proprietors' income ","Thousands of dollars",11,-12,33,46,55,34,-38,-59,-86,-128,-103,-53,-154,-249,-222,-137,-87,-190,-121,-163,-131,-74,-173,2,-31,34,-206,-298,-141,-82,-107,47,84,73,51,100,-51,-260,-521,-318,-309,-291,-142,-185,-136,-242,-297,-496,-597,-645,-328,-494,-715,-833
 "54009","Brooke, WV",5,CAINC4,72,"..."," Nonfarm proprietors' income ","Thousands of dollars",4384,4649,5034,5439,5951,6086,6833,7827,9641,11808,13351,11279,11313,10131,9310,11008,10978,10604,10828,12244,16102,19177,19021,20882,24132,25008,23416,23851,28693,34075,34109,44722,42923,45484,36699,30671,31124,33760,34410,30115,35543,40976,50013,57600,54969,50167,45397,43398,40518,40434,42432,63763,68781,66871
 "54009","Brooke, WV",5,CAINC4,7010,"...","Total employment ","Number of jobs",9118,9110,9581,10105,10206,9805,9444,9943,9666,10123,10568,9996,10194,9051,8782,8733,8370,8892,9038,9046,9660,9825,9562,9605,10086,10250,10280,10378,10220,11050,10914,10869,11311,11196,10811,10613,10631,10488,10581,10394,9947,9838,10153,10065,10154,10338,10407,10387,10054,10135,9911,9343,9537,9532
 "54009","Brooke, WV",5,CAINC4,7020,"..."," Wage and salary employment ","Number of jobs",8344,8309,8761,9318,9370,8936,8539,9052,8751,9185,9599,8965,9181,8078,7768,7652,7201,7639,7698,7786,8358,8402,8118,8123,8579,8819,8847,8899,8636,9188,8973,8881,9834,9726,9306,9054,9024,8885,8921,8792,8359,8246,8513,8407,8482,8698,8784,8716,8372,8437,8304,7732,7805,7693
 "54009","Brooke, WV",5,CAINC4,7040,"..."," Proprietors employment ","Number of jobs",774,801,820,787,836,869,905,891,915,938,969,1031,1013,973,1014,1081,1169,1253,1340,1260,1302,1423,1444,1482,1507,1431,1433,1479,1584,1862,1941,1988,1477,1470,1505,1559,1607,1603,1660,1602,1588,1592,1640,1658,1672,1640,1623,1671,1682,1698,1607,1611,1732,1839
 "54011","Cabell, WV",5,CAINC4,10,"...","Personal income (thousands of dollars) ","Thousands of dollars",345482,386817,420385,450742,485970,534552,593117,653473,718368,789701,870156,948515,1023873,1070225,1106502,1182475,1246000,1287926,1304221,1404310,1508010,1598521,1664789,1793818,1863554,1911390,1975074,2019592,2099263,2177544,2221723,2321805,2447383,2542623,2579938,2590256,2666098,2834994,2990933,3208367,3235405,3312053,3468260,3547181,3515400,3617837,3695206,3658194,3760631,3963412,4074557,4346539,4672539,4740847
 "54011","Cabell, WV",5,CAINC4,11,"..."," Nonfarm personal income 1/","Thousands of dollars",345031,386377,420037,450142,485269,533952,592576,652800,717973,789470,869853,948398,1023925,1070380,1106313,1181471,1245250,1287236,1303964,1403746,1507631,1597696,1663944,1792878,1862829,1910581,1974761,2019938,2099688,2178027,2222337,2322478,2447929,2543418,2580443,2590529,2667408,2836902,2993679,3210168,3236877,3313413,3469067,3547529,3515797,3618388,3695704,3658726,3761122,3963777,4074441,4346564,4672941,4741212
 "54011","Cabell, WV",5,CAINC4,12,"..."," Farm income 2/","Thousands of dollars",451,440,348,600,701,600,541,673,395,231,303,117,-52,-155,189,1004,750,690,257,564,379,825,845,940,725,809,313,-346,-425,-483,-614,-673,-546,-795,-505,-273,-1310,-1908,-2746,-1801,-1472,-1360,-807,-348,-397,-551,-498,-532,-491,-365,116,-25,-402,-365
 "54011","Cabell, WV",5,CAINC4,20,"...","Population (persons) 3/","Number of persons",106302,107195,108919,107672,106837,105926,105730,107082,107572,106511,107575,106924,107178,105808,106421,105369,104521,102001,100571,98796,97800,96754,97120,97292,97990,98602,98611,98440,98018,97196,96987,96735,96035,95741,95554,95239,94821,94943,95059,95209,96040,96347,96910,97525,97886,97775,97999,97342,96387,95039,94234,94234,93494,92730
 "54011","Cabell, WV",5,CAINC4,30,"...","Per capita personal income (dollars) 4/","Dollars",3250,3609,3860,4186,4549,5046,5610,6103,6678,7414,8089,8871,9553,10115,10397,11222,11921,12627,12968,14214,15419,16521,17142,18437,19018,19385,20029,20516,21417,22404,22907,24002,25484,26557,27000,27197,28117,29860,31464,33698,33688,34376,35788,36372,35913,37002,37707,37581,39016,41703,43239,46125,49977,51125
 "54011","Cabell, WV",5,CAINC4,35,"...","Earnings by place of work ","Thousands of dollars",353477,380131,405479,430364,463024,508062,552964,619549,684852,774199,873175,933532,961694,953369,948960,1018338,1067776,1107928,1135440,1220067,1275996,1364010,1405357,1481845,1561028,1598143,1658071,1688116,1759602,1818929,1913652,2005695,2064141,2132252,2170355,2277367,2364912,2487502,2586807,2715668,2705267,2749164,2865892,2948119,2936451,3002912,3062700,3041681,3144340,3286483,3435431,3429553,3605154,3834745
 "54011","Cabell, WV",5,CAINC4,36,"...","Less: Contributions for government social insurance 5/","Thousands of dollars",29131,30971,34126,37681,46517,52769,57183,65446,71925,83936,97978,105141,115903,118103,119719,132003,141165,151854,156825,174172,182981,197469,207493,218088,235202,239437,252053,258990,267175,277647,288768,310508,306087,307819,319385,329097,340318,338138,330012,331243,334209,337805,310815,321349,356822,371960,381375,390988,395041,405773,419522,430311,446965,476015
 "54011","Cabell, WV",5,CAINC4,37,"..."," Employee and self-employed contributions for government social insurance ","Thousands of dollars",12427,13213,14550,15888,19383,21685,23478,26173,28211,32464,38435,41804,46782,48119,47951,51635,56748,61431,63211,70719,76195,82166,86063,89334,94698,98884,104267,106079,110328,112399,118374,121686,126491,128511,133103,139678,145346,151922,161458,169739,170126,172746,140653,144819,182997,191066,195640,201560,206711,213462,221556,229142,240260,259263
 "54011","Cabell, WV",5,CAINC4,38,"..."," Employer contributions for government social insurance ","Thousands of dollars",16704,17758,19576,21793,27134,31084,33705,39273,43714,51472,59543,63337,69121,69984,71768,80368,84417,90423,93614,103453,106786,115303,121430,128754,140504,140553,147786,152911,156847,165248,170394,188822,179596,179308,186282,189419,194972,186216,168554,161504,164083,165059,170162,176530,173825,180894,185735,189428,188330,192311,197966,201169,206705,216752
 "54011","Cabell, WV",5,CAINC4,42,"...","Plus: Adjustment for residence 6/","Thousands of dollars",-68272,-64739,-66293,-68204,-71164,-81831,-89360,-104164,-116013,-139401,-170086,-197630,-194361,-183895,-173236,-183072,-190036,-199877,-203632,-210058,-206292,-219657,-222730,-209814,-235814,-238720,-267117,-294452,-310446,-320767,-354030,-374394,-360561,-372860,-363347,-415621,-445226,-475306,-507435,-563910,-540531,-523543,-590201,-639286,-612419,-622314,-647929,-667272,-723590,-720039,-823360,-786772,-827043,-895216
 "54011","Cabell, WV",5,CAINC4,45,"...","Equals: Net earnings by place of residence ","Thousands of dollars",256074,284421,305060,324479,345343,373462,406421,449939,496914,550862,605111,630761,651430,651371,656005,703263,736575,756197,774983,835837,886723,946884,975134,1053943,1090012,1119986,1138901,1134674,1181981,1220515,1270854,1320793,1397493,1451573,1487623,1532649,1579368,1674058,1749360,1820515,1830527,1887816,1964876,1987484,1967210,2008638,2033396,1983421,2025709,2160671,2192549,2212470,2331146,2463514
 "54011","Cabell, WV",5,CAINC4,46,"...","Plus: Dividends, interest, and rent 7/","Thousands of dollars",50603,56842,61779,66677,72809,83222,92529,100435,112638,121312,132855,160000,193960,224843,235804,260634,273610,280444,267863,290642,325245,330862,331132,332465,339295,355439,388218,415657,435924,459844,442794,468707,459671,455813,443180,419853,424078,460359,505093,549389,525420,492810,566160,601741,573520,593949,605599,591874,616373,661083,715419,719533,785544,873976
 "54011","Cabell, WV",5,CAINC4,47,"...","Plus: Personal current transfer receipts ","Thousands of dollars",38805,45554,53546,59586,67818,77868,94167,103099,108816,117527,132190,157754,178483,194011,214693,218578,235815,251285,261375,277831,296042,320775,358523,407410,434247,435965,447955,469261,481358,497185,508075,532305,590219,635237,649135,637754,662652,700577,736480,838463,879458,931427,937224,957956,974670,1015250,1056211,1082899,1118549,1141658,1166589,1414536,1555849,1403357
 "54011","Cabell, WV",5,CAINC4,50,"...","Wages and salaries ","Thousands of dollars",295857,317465,336472,352903,378721,414239,450571,504166,550817,624294,705094,755418,774443,767043,751162,796391,831783,866621,894876,940697,970845,1028563,1050497,1098682,1153781,1192675,1246732,1276072,1327693,1365596,1434779,1491095,1510493,1545890,1568758,1658973,1722843,1810362,1906655,2029030,2020678,2043411,2110665,2184685,2171946,2240416,2286636,2312621,2346100,2445526,2558881,2543401,2678763,2897513
 "54011","Cabell, WV",5,CAINC4,60,"...","Supplements to wages and salaries ","Thousands of dollars",36279,39903,44629,49880,55301,62601,67222,76017,87840,99395,114620,125289,132356,134682,143832,160000,175071,189512,200388,209523,223268,240780,254690,284151,303469,308785,312347,316800,325213,338553,356084,386355,391335,410906,431232,450770,473045,513175,506560,518610,517004,514489,538802,570673,573974,557210,591331,569423,603597,628314,665028,647256,655742,671596
 "54011","Cabell, WV",5,CAINC4,61,"..."," Employer contributions for employee pension and insurance funds 8/","Thousands of dollars",19575,22145,25053,28087,28167,31517,33517,36744,44126,47923,55077,61952,63235,64698,72064,79632,90654,99089,106774,106070,116482,125477,133260,155397,162965,168232,164561,163889,168366,173305,185690,197533,211739,231598,244950,261351,278073,326959,338006,357106,352921,349430,368640,394143,400149,376316,405596,379995,415267,436003,467062,446087,449037,454844
 "54011","Cabell, WV",5,CAINC4,62,"..."," Employer contributions for government social insurance ","Thousands of dollars",16704,17758,19576,21793,27134,31084,33705,39273,43714,51472,59543,63337,69121,69984,71768,80368,84417,90423,93614,103453,106786,115303,121430,128754,140504,140553,147786,152911,156847,165248,170394,188822,179596,179308,186282,189419,194972,186216,168554,161504,164083,165059,170162,176530,173825,180894,185735,189428,188330,192311,197966,201169,206705,216752
 "54011","Cabell, WV",5,CAINC4,70,"...","Proprietors' income 9/","Thousands of dollars",21341,22763,24378,27581,29002,31222,35171,39366,46195,50510,53461,52825,54895,51644,53966,61947,60922,51795,40176,69847,81883,94667,100170,99012,103778,96683,98992,95244,106696,114780,122789,128245,162313,175456,170365,167624,169024,163965,173592,168028,167585,191264,216425,192761,190531,205286,184733,159637,194643,212643,211522,238896,270649,265636
 "54011","Cabell, WV",5,CAINC4,71,"..."," Farm proprietors' income ","Thousands of dollars",336,329,244,514,585,497,466,590,324,145,189,-21,-205,-337,0,813,563,518,93,401,223,663,706,826,587,662,141,-529,-632,-711,-846,-888,-808,-1104,-785,-488,-1443,-2009,-2818,-1929,-1647,-1574,-1031,-747,-803,-985,-850,-931,-858,-703,-157,-319,-681,-760
 "54011","Cabell, WV",5,CAINC4,72,"..."," Nonfarm proprietors' income ","Thousands of dollars",21005,22434,24134,27067,28417,30725,34705,38776,45871,50365,53272,52846,55100,51981,53966,61134,60359,51277,40083,69446,81660,94004,99464,98186,103191,96021,98851,95773,107328,115491,123635,129133,163121,176560,171150,168112,170467,165974,176410,169957,169232,192838,217456,193508,191334,206271,185583,160568,195501,213346,211679,239215,271330,266396
 "54011","Cabell, WV",5,CAINC4,7010,"...","Total employment ","Number of jobs",53688,54193,54240,53627,54277,55157,55376,56461,57337,59220,59786,60008,58610,54907,52890,53661,53821,54300,54169,55326,55620,56940,56347,56639,57654,58320,60661,60707,61392,62952,63906,63961,61767,61556,61389,62662,62769,63446,65229,65168,63449,62951,63663,64390,63513,64100,64082,63997,64397,64508,64519,61254,62742,64229
 "54011","Cabell, WV",5,CAINC4,7020,"..."," Wage and salary employment ","Number of jobs",48335,48702,48634,47898,48894,49572,49703,51053,51995,53949,54517,54474,53138,49404,47127,47949,48098,48623,48332,49265,49583,50459,49620,50081,50998,51811,53830,54014,54405,55301,56111,55946,54967,54687,54394,55492,55495,56053,57506,57660,55961,55489,55983,56415,55699,56228,56492,56367,56684,56677,57181,53724,54768,55683
 "54011","Cabell, WV",5,CAINC4,7040,"..."," Proprietors employment ","Number of jobs",5353,5491,5606,5729,5383,5585,5673,5408,5342,5271,5269,5534,5472,5503,5763,5712,5723,5677,5837,6061,6037,6481,6727,6558,6656,6509,6831,6693,6987,7651,7795,8015,6800,6869,6995,7170,7274,7393,7723,7508,7488,7462,7680,7975,7814,7872,7590,7630,7713,7831,7338,7530,7974,8546
 "54013","Calhoun, WV",5,CAINC4,10,"...","Personal income (thousands of dollars) ","Thousands of dollars",12701,14358,15374,16982,18711,20413,23293,25905,28645,33822,37823,43056,48108,51272,55628,60572,63919,65589,65945,75816,77931,80747,83771,92843,95713,97555,97768,100258,104046,107297,110677,118587,127308,130440,135628,138517,141456,151829,155798,177666,183829,192133,205330,225074,216212,222135,212201,199081,209319,216435,221116,240933,257295,247214
 "54013","Calhoun, WV",5,CAINC4,11,"..."," Nonfarm personal income 1/","Thousands of dollars",12540,14205,15259,16830,18541,20326,23343,25972,28686,33887,37698,42808,48310,51355,55578,60462,64127,65649,66355,76239,78186,80987,84152,93076,95846,97675,98068,100305,104544,107645,111024,118500,127253,130361,135711,139017,142036,152892,157589,179333,185376,193815,206601,226558,217233,223134,213121,200170,210359,217561,221748,241860,258466,248712
 "54013","Calhoun, WV",5,CAINC4,12,"..."," Farm income 2/","Thousands of dollars",161,153,115,152,170,87,-50,-67,-41,-65,125,248,-202,-83,50,110,-208,-60,-410,-423,-255,-240,-381,-233,-133,-120,-300,-47,-498,-348,-347,87,55,79,-83,-500,-580,-1063,-1791,-1667,-1547,-1682,-1271,-1484,-1021,-999,-920,-1089,-1040,-1126,-632,-927,-1171,-1498
 "54013","Calhoun, WV",5,CAINC4,20,"...","Population (persons) 3/","Number of persons",7124,7068,7191,7356,7299,7350,7714,7780,7989,8196,8108,8287,8428,8431,8405,8478,8393,8486,8267,8080,7900,7881,7808,7853,7866,7740,7708,7740,7668,7649,7648,7596,7480,7443,7409,7411,7507,7531,7588,7621,7560,7637,7537,7417,7291,7218,7051,6893,6758,6570,6389,6199,6165,6068
 "54013","Calhoun, WV",5,CAINC4,30,"...","Per capita personal income (dollars) 4/","Dollars",1783,2031,2138,2309,2564,2777,3020,3330,3586,4127,4665,5196,5708,6081,6618,7145,7616,7729,7977,9383,9865,10246,10729,11823,12168,12604,12684,12953,13569,14028,14471,15612,17020,17525,18306,18691,18843,20161,20532,23313,24316,25158,27243,30346,29655,30775,30095,28882,30974,32943,34609,38866,41735,40741
 "54013","Calhoun, WV",5,CAINC4,35,"...","Earnings by place of work ","Thousands of dollars",7573,8162,8080,8875,10347,10620,12024,13906,15834,22155,22444,23904,23820,25470,28415,31561,32566,32969,33728,41852,43064,44956,44511,50565,50783,47870,44920,43991,45609,46105,48266,53425,57677,60375,65181,65153,66556,71844,69079,76856,75345,81945,91386,101439,90708,89619,72431,63722,71047,74273,75974,74668,85892,82831
 "54013","Calhoun, WV",5,CAINC4,36,"...","Less: Contributions for government social insurance 5/","Thousands of dollars",532,566,578,664,925,998,1176,1386,1557,2380,2398,2647,2797,3095,3468,4022,4237,4335,4662,5481,5966,6164,6185,7040,7213,6746,6647,6385,6546,6799,7135,7725,8080,7899,8718,8897,9020,9586,9716,10741,10209,10794,10557,11499,12038,12681,10884,10293,11366,11816,11611,12147,13458,13811
 "54013","Calhoun, WV",5,CAINC4,37,"..."," Employee and self-employed contributions for government social insurance ","Thousands of dollars",276,298,308,350,459,505,574,659,716,1005,1058,1157,1271,1401,1537,1716,1862,1981,2109,2635,2904,2950,3066,3410,3490,3408,3419,3322,3408,3381,3513,3702,3985,4062,4520,4650,4848,5500,5998,7080,6509,6920,6233,6614,7414,7543,6632,6470,7086,7526,7523,7990,8799,9147
 "54013","Calhoun, WV",5,CAINC4,38,"..."," Employer contributions for government social insurance ","Thousands of dollars",256,268,270,314,466,493,602,727,841,1375,1340,1490,1526,1694,1931,2306,2375,2354,2553,2846,3062,3214,3119,3630,3723,3338,3228,3063,3138,3418,3622,4023,4095,3837,4198,4247,4172,4086,3718,3661,3700,3874,4324,4885,4624,5138,4252,3823,4280,4290,4088,4157,4659,4664
 "54013","Calhoun, WV",5,CAINC4,42,"...","Plus: Adjustment for residence 6/","Thousands of dollars",1321,1466,1860,2048,1845,1961,1774,1827,1824,352,2104,2340,4451,3566,3173,3554,3897,4392,4396,5635,5445,5161,6090,6465,7575,9508,10408,11638,12540,13234,13569,14135,14181,13947,14302,15550,17470,18820,19452,20892,21450,22454,25210,30291,35567,37718,35952,32233,33683,38351,38453,33949,35227,38406
 "54013","Calhoun, WV",5,CAINC4,45,"...","Equals: Net earnings by place of residence ","Thousands of dollars",8362,9062,9362,10259,11267,11583,12622,14347,16101,20127,22150,23597,25474,25941,28120,31093,32226,33026,33462,42006,42543,43953,44416,49990,51145,50632,48681,49244,51603,52540,54700,59835,63778,66423,70765,71806,75006,81078,78815,87007,86586,93605,106039,120231,114237,114656,97499,85662,93364,100808,102816,96470,107661,107426
 "54013","Calhoun, WV",5,CAINC4,46,"...","Plus: Dividends, interest, and rent 7/","Thousands of dollars",1366,1681,1899,2161,2487,2870,3377,3660,4235,4737,5392,6800,8422,9998,10640,12042,13139,13365,13199,13823,14592,14449,14116,13481,13748,13985,15046,15702,16754,17357,17483,19099,20257,18612,17673,18433,16759,16985,19768,25373,24935,24223,25303,28179,23863,25178,28688,25536,26323,25197,27605,29141,27401,28324
 "54013","Calhoun, WV",5,CAINC4,47,"...","Plus: Personal current transfer receipts ","Thousands of dollars",2973,3615,4113,4562,4957,5960,7294,7898,8309,8958,10281,12659,14212,15333,16868,17437,18554,19198,19284,19987,20796,22345,25239,29372,30820,32938,34041,35312,35689,37400,38494,39653,43273,45405,47190,48278,49691,53766,57215,65286,72308,74305,73988,76664,78112,82301,86014,87883,89632,90430,90695,115322,122233,111464
 "54013","Calhoun, WV",5,CAINC4,50,"...","Wages and salaries ","Thousands of dollars",5182,5588,5492,5898,7066,7205,8655,10143,11713,17015,16824,18026,18165,19614,21166,23227,24020,23554,25136,26132,27630,28735,27713,31082,30738,28356,26864,26022,26880,28370,29723,30856,33170,35113,37623,39501,37033,40270,42872,47127,45277,48091,53056,59930,56502,62085,52358,46876,51925,55733,55632,53845,61619,62201
 "54013","Calhoun, WV",5,CAINC4,60,"...","Supplements to wages and salaries ","Thousands of dollars",682,754,776,887,1088,1165,1405,1629,1969,2830,2928,3166,3329,3728,4404,5022,5499,5558,6022,6432,7136,7538,7422,8796,9146,8323,7648,7239,7224,7631,8274,8966,10025,9861,11327,12237,11897,13563,12909,13270,13314,13678,14632,16990,16150,16252,14786,12841,14672,15352,15719,14758,15915,16332
 "54013","Calhoun, WV",5,CAINC4,61,"..."," Employer contributions for employee pension and insurance funds 8/","Thousands of dollars",426,486,506,573,622,672,803,902,1128,1455,1588,1676,1803,2034,2473,2716,3124,3204,3469,3586,4074,4324,4303,5166,5423,4985,4420,4176,4086,4213,4652,4943,5930,6024,7129,7990,7725,9477,9191,9609,9614,9804,10308,12105,11526,11114,10534,9018,10392,11062,11631,10601,11256,11668
 "54013","Calhoun, WV",5,CAINC4,62,"..."," Employer contributions for government social insurance ","Thousands of dollars",256,268,270,314,466,493,602,727,841,1375,1340,1490,1526,1694,1931,2306,2375,2354,2553,2846,3062,3214,3119,3630,3723,3338,3228,3063,3138,3418,3622,4023,4095,3837,4198,4247,4172,4086,3718,3661,3700,3874,4324,4885,4624,5138,4252,3823,4280,4290,4088,4157,4659,4664
 "54013","Calhoun, WV",5,CAINC4,70,"...","Proprietors' income 9/","Thousands of dollars",1709,1820,1812,2090,2193,2250,1964,2134,2152,2310,2692,2712,2326,2128,2845,3312,3047,3857,2570,9288,8298,8683,9376,10687,10899,11191,10408,10730,11505,10104,10269,13603,14482,15401,16231,13415,17626,18011,13298,16459,16754,20176,23698,24519,18056,11282,5287,4005,4450,3188,4623,6065,8358,4298
 "54013","Calhoun, WV",5,CAINC4,71,"..."," Farm proprietors' income ","Thousands of dollars",126,120,85,127,142,66,-63,-86,-56,-89,95,216,-233,-121,16,78,-240,-88,-434,-457,-300,-297,-444,-293,-190,-170,-347,-87,-538,-394,-401,33,-15,-11,-189,-607,-671,-1167,-1918,-1779,-1648,-1770,-1348,-1597,-1136,-1121,-1020,-1200,-1144,-1224,-718,-1017,-1255,-1619
 "54013","Calhoun, WV",5,CAINC4,72,"..."," Nonfarm proprietors' income ","Thousands of dollars",1583,1700,1727,1963,2051,2184,2027,2220,2208,2399,2597,2496,2559,2249,2829,3234,3287,3945,3004,9745,8598,8980,9820,10980,11089,11361,10755,10817,12043,10498,10670,13570,14497,15412,16420,14022,18297,19178,15216,18238,18402,21946,25046,26116,19192,12403,6307,5205,5594,4412,5341,7082,9613,5917
 "54013","Calhoun, WV",5,CAINC4,7010,"...","Total employment ","Number of jobs",1701,1705,1618,1659,1861,1832,1968,2026,2095,2481,2477,2438,2400,2462,2535,2582,2527,2391,2726,2734,2767,2726,2617,2551,2690,2689,2565,2465,2530,2537,2595,2590,2487,2397,2478,2571,2474,2468,2608,2714,2733,2873,2752,3105,3293,3041,3145,3211,3218,2546,2398,2404,2515,2605
 "54013","Calhoun, WV",5,CAINC4,7020,"..."," Wage and salary employment ","Number of jobs",1208,1259,1162,1188,1345,1278,1349,1379,1451,1815,1800,1709,1642,1634,1670,1728,1711,1624,1677,1710,1745,1719,1635,1717,1737,1637,1490,1443,1424,1483,1481,1513,1504,1551,1591,1586,1480,1516,1540,1589,1528,1547,1533,1626,1521,1530,1370,1234,1273,1295,1258,1179,1248,1278
 "54013","Calhoun, WV",5,CAINC4,7040,"..."," Proprietors employment ","Number of jobs",493,446,456,471,516,554,619,647,644,666,677,729,758,828,865,854,816,767,1049,1024,1022,1007,982,834,953,1052,1075,1022,1106,1054,1114,1077,983,846,887,985,994,952,1068,1125,1205,1326,1219,1479,1772,1511,1775,1977,1945,1251,1140,1225,1267,1327
 "54015","Clay, WV",5,CAINC4,10,"...","Personal income (thousands of dollars) ","Thousands of dollars",15449,17887,20491,23885,26336,28963,33504,38111,40962,45662,53832,59478,65714,72208,70104,73749,75663,77205,78796,80671,85921,91988,94435,102872,108794,117415,122408,127717,133517,135211,138682,143515,165659,173850,173224,179751,183247,201588,212242,232053,240488,241665,262041,262425,253515,258678,259906,252808,257367,271669,278954,288929,306479,300452
 "54015","Clay, WV",5,CAINC4,11,"..."," Nonfarm personal income 1/","Thousands of dollars",15275,17765,20416,23819,26294,28985,33510,38134,40958,45673,53898,59617,65933,72491,70316,73939,75900,77419,78962,80832,86031,92126,94701,103083,108919,117332,122361,127674,133542,135313,138904,143520,165774,174236,173431,179832,183474,201991,212842,232425,240789,241868,262081,262180,253403,258670,259905,252886,257441,271753,278871,288959,306660,300520
 "54015","Clay, WV",5,CAINC4,12,"..."," Farm income 2/","Thousands of dollars",174,122,75,66,42,-22,-6,-23,4,-11,-66,-139,-219,-283,-212,-190,-237,-214,-166,-161,-110,-138,-266,-211,-125,83,47,43,-25,-102,-222,-5,-115,-386,-207,-81,-227,-403,-600,-372,-301,-203,-40,245,112,8,1,-78,-74,-84,83,-30,-181,-68
 "54015","Clay, WV",5,CAINC4,20,"...","Population (persons) 3/","Number of persons",8953,9412,9797,10027,9764,9607,9775,10345,10588,10775,10758,11276,11308,11267,11144,11201,10957,10881,10627,10470,10214,9947,9920,9957,10086,10075,10192,10224,10350,10327,10363,10302,10153,10166,10061,10055,9852,9695,9696,9603,9505,9373,9297,9135,9033,8743,8702,8626,8457,8328,8200,8007,7895,7814
 "54015","Clay, WV",5,CAINC4,30,"...","Per capita personal income (dollars) 4/","Dollars",1726,1900,2092,2382,2697,3015,3428,3684,3869,4238,5004,5275,5811,6409,6291,6584,6905,7095,7415,7705,8412,9248,9520,10332,10787,11654,12010,12492,12900,13093,13382,13931,16316,17101,17217,17877,18600,20793,21890,24165,25301,25783,28186,28727,28065,29587,29867,29308,30432,32621,34019,36085,38819,38450
 "54015","Clay, WV",5,CAINC4,35,"...","Earnings by place of work ","Thousands of dollars",6233,6446,7724,9691,9818,10221,11495,13581,14336,16606,20983,22588,25004,29466,24146,24401,25493,25687,24781,25209,29774,33740,32569,37798,42442,49874,58167,66293,74053,74654,82617,84129,91377,98199,93066,97584,95734,105295,120243,111297,113593,106443,118320,106920,84333,79188,81030,74992,72694,64859,72624,69830,73491,76077
 "54015","Clay, WV",5,CAINC4,36,"...","Less: Contributions for government social insurance 5/","Thousands of dollars",439,450,577,774,879,947,1074,1270,1329,1581,2138,2318,2789,3504,2849,2960,3156,3337,3316,3684,4421,4992,5133,5808,6768,7956,9619,10985,12104,12684,14203,14814,13144,12812,13016,13415,13955,14537,15522,14780,15051,14223,14185,12899,11740,11601,11732,11826,11616,10961,11549,12375,12847,13673
 "54015","Clay, WV",5,CAINC4,37,"..."," Employee and self-employed contributions for government social insurance ","Thousands of dollars",248,257,312,398,450,496,555,644,667,774,1014,1118,1325,1618,1356,1407,1540,1635,1706,1840,2270,2416,2438,2745,3065,3572,4158,4515,4898,4875,5296,5289,6048,6353,6351,6718,6879,7621,8965,8587,8792,8481,7723,7161,7495,7468,7604,7590,7703,7563,7932,8519,8855,9718
 "54015","Clay, WV",5,CAINC4,38,"..."," Employer contributions for government social insurance ","Thousands of dollars",191,193,265,376,429,451,519,626,662,807,1124,1200,1464,1886,1493,1553,1616,1702,1610,1844,2151,2576,2695,3063,3703,4384,5461,6470,7206,7809,8907,9525,7096,6459,6665,6697,7076,6916,6557,6193,6259,5742,6462,5738,4245,4133,4128,4236,3913,3398,3617,3856,3992,3955
 "54015","Clay, WV",5,CAINC4,42,"...","Plus: Adjustment for residence 6/","Thousands of dollars",4379,5235,5502,6095,6865,7947,9671,10919,11989,13228,14860,15023,15842,15022,13618,15888,16143,16399,18199,19356,18263,19118,20126,20334,20036,19944,15554,11376,7760,9277,6031,7550,13568,13014,16439,18430,21992,25868,16419,32936,30764,36344,37750,49403,62250,68951,65389,62008,69848,88699,82968,72368,74712,80100
 "54015","Clay, WV",5,CAINC4,45,"...","Equals: Net earnings by place of residence ","Thousands of dollars",10173,11231,12649,15012,15804,17221,20092,23230,24996,28253,33705,35293,38057,40984,34915,37329,38480,38749,39664,40881,43616,47866,47562,52324,55710,61862,64102,66684,69709,71247,74445,76865,91801,98401,96489,102599,103771,116626,121140,129453,129306,128564,141885,143424,134843,136538,134687,125174,130926,142597,144043,129823,135356,142504
 "54015","Clay, WV",5,CAINC4,46,"...","Plus: Dividends, interest, and rent 7/","Thousands of dollars",1281,1549,1715,1945,2267,2705,3127,3480,4008,4547,5139,6450,7975,9467,10212,11507,12000,12253,12833,13045,14034,14561,14924,14954,15655,15922,17217,17803,19924,20179,19616,20395,22690,21234,21408,21264,20341,19709,23049,28990,29569,29945,35647,32620,29509,29651,29717,29992,29059,30274,31830,32214,30744,31838
 "54015","Clay, WV",5,CAINC4,47,"...","Plus: Personal current transfer receipts ","Thousands of dollars",3995,5107,6127,6928,8265,9037,10285,11401,11958,12862,14988,17735,19682,21757,24977,24913,25183,26203,26299,26745,28271,29561,31949,35594,37429,39631,41089,43230,43884,43785,44621,46255,51168,54215,55327,55888,59135,65253,68053,73610,81613,83156,84509,86381,89163,92489,95502,97642,97382,98798,103081,126892,140379,126110
 "54015","Clay, WV",5,CAINC4,50,"...","Wages and salaries ","Thousands of dollars",4078,4096,5028,6656,6515,6611,7638,9304,9887,11592,15144,16306,18225,22100,17236,17194,18111,18213,16882,17574,20409,23980,24272,26451,28419,33255,39440,44638,49033,50174,55480,55780,54670,59711,58998,62577,65373,70811,88438,81493,83805,75140,83507,71687,52253,49315,48624,48657,47299,42370,45209,44872,48220,50868
 "54015","Clay, WV",5,CAINC4,60,"...","Supplements to wages and salaries ","Thousands of dollars",518,557,709,997,1012,1087,1233,1523,1658,2018,2613,3087,3637,4482,3888,3823,4088,4309,3907,4260,5232,6192,6450,7392,8688,10265,12001,14358,16643,17185,19809,20531,15393,15429,16928,17773,18552,20806,21563,21512,21019,19190,20525,19775,15463,13928,14536,13919,14259,13053,14341,14919,15707,15659
 "54015","Clay, WV",5,CAINC4,61,"..."," Employer contributions for employee pension and insurance funds 8/","Thousands of dollars",327,364,444,621,583,636,714,897,996,1211,1489,1887,2173,2596,2395,2270,2472,2607,2297,2416,3081,3616,3755,4329,4985,5881,6540,7888,9437,9376,10902,11006,8297,8970,10263,11076,11476,13890,15006,15319,14760,13448,14063,14037,11218,9795,10408,9683,10346,9655,10724,11063,11715,11704
 "54015","Clay, WV",5,CAINC4,62,"..."," Employer contributions for government social insurance ","Thousands of dollars",191,193,265,376,429,451,519,626,662,807,1124,1200,1464,1886,1493,1553,1616,1702,1610,1844,2151,2576,2695,3063,3703,4384,5461,6470,7206,7809,8907,9525,7096,6459,6665,6697,7076,6916,6557,6193,6259,5742,6462,5738,4245,4133,4128,4236,3913,3398,3617,3856,3992,3955
 "54015","Clay, WV",5,CAINC4,70,"...","Proprietors' income 9/","Thousands of dollars",1637,1793,1987,2038,2291,2523,2624,2754,2791,2996,3226,3195,3142,2884,3022,3384,3294,3165,3992,3375,4133,3568,1847,3955,5335,6354,6726,7297,8377,7295,7328,7818,21314,23059,17140,17234,11809,13678,10242,8292,8769,12113,14288,15458,16617,15945,17870,12416,11136,9436,13074,10039,9564,9550
 "54015","Clay, WV",5,CAINC4,71,"..."," Farm proprietors' income ","Thousands of dollars",153,102,60,55,32,-29,-14,-41,-15,-47,-104,-176,-251,-321,-243,-216,-258,-230,-176,-173,-126,-154,-284,-227,-146,60,21,12,-58,-132,-247,-26,-132,-400,-222,-97,-240,-417,-616,-384,-310,-210,-45,238,102,0,-5,-85,-80,-90,78,-35,-186,-75
 "54015","Clay, WV",5,CAINC4,72,"..."," Nonfarm proprietors' income ","Thousands of dollars",1484,1691,1927,1983,2259,2552,2638,2795,2806,3043,3330,3371,3393,3205,3265,3600,3552,3395,4168,3548,4259,3722,2131,4182,5481,6294,6705,7285,8435,7427,7575,7844,21446,23459,17362,17331,12049,14095,10858,8676,9079,12323,14333,15220,16515,15945,17875,12501,11216,9526,12996,10074,9750,9625
 "54015","Clay, WV",5,CAINC4,7010,"...","Total employment ","Number of jobs",1455,1335,1391,1531,1488,1409,1455,1546,1516,1576,1708,1759,1781,1829,1678,1699,1680,1674,1635,1708,1764,1917,1892,1983,2052,2229,2311,2414,2638,2650,2815,2757,2738,2809,2761,2751,2870,2960,3032,2998,2927,2758,2759,2622,2407,2230,2174,2148,2124,2023,1958,1955,2037,2097
 "54015","Clay, WV",5,CAINC4,7020,"..."," Wage and salary employment ","Number of jobs",1064,933,1020,1135,1088,1012,1035,1127,1071,1100,1231,1268,1251,1327,1175,1193,1171,1160,1104,1165,1232,1329,1309,1370,1432,1565,1654,1748,1934,2002,2110,2053,2014,2115,2102,2098,2148,2238,2275,2282,2189,2022,2032,1933,1678,1571,1537,1530,1502,1393,1382,1397,1464,1496
 "54015","Clay, WV",5,CAINC4,7040,"..."," Proprietors employment ","Number of jobs",391,402,371,396,400,397,420,419,445,476,477,491,530,502,503,506,509,514,531,543,532,588,583,613,620,664,657,666,704,648,705,704,724,694,659,653,722,722,757,716,738,736,727,689,729,659,637,618,622,630,576,558,573,601
 "54017","Doddridge, WV",5,CAINC4,10,"...","Personal income (thousands of dollars) ","Thousands of dollars",12164,13630,14569,15294,17381,19636,22364,24798,28536,32957,37561,43597,47166,50267,52763,57745,60722,61247,63156,65783,69203,76812,80009,85819,89949,93061,95751,102108,108741,114715,118004,127665,134379,130803,120117,122859,119797,123097,120268,129043,133376,142804,161232,169625,180000,220633,218810,215780,230708,251445,262153,268551,288701,300895
 "54017","Doddridge, WV",5,CAINC4,11,"..."," Nonfarm personal income 1/","Thousands of dollars",11994,13542,14397,15109,17148,19552,22373,24805,28549,32914,37301,43253,47211,50398,52783,57789,61024,61643,63737,66447,69465,77051,80275,85545,89530,92724,96212,103140,109659,115459,118798,127921,134244,130629,121012,123497,120867,124460,122267,130573,134940,144394,162292,170850,181173,222106,220595,217922,233086,253967,264328,270921,291072,304369
 "54017","Doddridge, WV",5,CAINC4,12,"..."," Farm income 2/","Thousands of dollars",170,88,172,185,233,84,-9,-7,-13,43,260,344,-45,-131,-20,-44,-302,-396,-581,-664,-262,-239,-266,274,419,337,-461,-1032,-918,-744,-794,-256,135,174,-895,-638,-1070,-1363,-1999,-1530,-1564,-1590,-1060,-1225,-1173,-1473,-1785,-2142,-2378,-2522,-2175,-2370,-2371,-3474
 "54017","Doddridge, WV",5,CAINC4,20,"...","Population (persons) 3/","Number of persons",6534,6383,6416,6651,6789,6718,6944,6968,7244,7415,7425,7464,7585,7566,7550,7508,7499,7403,7312,7230,6978,7000,7072,7078,7162,7144,7235,7136,7294,7368,7334,7396,7588,7627,7741,7669,7808,7848,7970,8034,8124,8184,8181,8170,8359,8223,8392,8210,8108,8087,7922,7787,7739,7698
 "54017","Doddridge, WV",5,CAINC4,30,"...","Per capita personal income (dollars) 4/","Dollars",1862,2135,2271,2300,2560,2923,3221,3559,3939,4445,5059,5841,6218,6644,6988,7691,8097,8273,8637,9099,9917,10973,11313,12125,12559,13026,13234,14309,14908,15569,16090,17261,17709,17150,15517,16020,15343,15685,15090,16062,16418,17449,19708,20762,21534,26831,26074,26283,28454,31092,33092,34487,37305,39087
 "54017","Doddridge, WV",5,CAINC4,35,"...","Earnings by place of work ","Thousands of dollars",6713,7944,7173,6261,7580,8319,9460,10037,11198,12916,14637,17412,16846,16638,16727,17881,18913,17251,18336,19931,19635,24070,22396,25285,27571,27990,27583,28344,28934,30512,34273,38000,39359,43423,42892,44385,46170,50701,50485,51078,48670,50674,55413,73907,82786,96805,95455,97515,126939,139339,133237,128891,120374,118333
 "54017","Doddridge, WV",5,CAINC4,36,"...","Less: Contributions for government social insurance 5/","Thousands of dollars",527,645,567,498,683,820,939,977,1062,1255,1480,1861,1902,1956,1974,2157,2355,2294,2467,2655,2721,3341,3170,3460,3845,3946,4178,4284,4417,4585,5066,5553,5724,5791,6236,6373,6565,7092,7044,6828,6759,6868,6522,8793,10642,12423,12217,13072,17216,18321,17208,16412,15840,15829
 "54017","Doddridge, WV",5,CAINC4,37,"..."," Employee and self-employed contributions for government social insurance ","Thousands of dollars",255,301,281,264,342,400,452,475,506,583,684,837,889,928,916,991,1108,1090,1233,1374,1466,1647,1629,1769,1937,1993,2113,2173,2185,2222,2426,2537,2630,2737,2955,3085,3264,3706,4000,3996,4078,4136,3745,4558,6366,7373,7251,7575,9478,10277,9891,9258,8838,9070
 "54017","Doddridge, WV",5,CAINC4,38,"..."," Employer contributions for government social insurance ","Thousands of dollars",272,344,286,234,341,420,487,502,556,672,796,1024,1013,1028,1058,1166,1247,1204,1234,1281,1255,1694,1541,1691,1908,1953,2065,2111,2232,2363,2640,3016,3094,3054,3281,3288,3301,3386,3044,2832,2681,2732,2777,4235,4276,5050,4966,5497,7738,8044,7317,7154,7002,6759
 "54017","Doddridge, WV",5,CAINC4,42,"...","Plus: Adjustment for residence 6/","Thousands of dollars",2735,2538,3592,4661,5119,5880,6184,7249,8811,10541,12268,13339,14694,15300,16126,18126,19421,20721,22296,22869,24583,26026,29239,28946,29914,32242,31111,33640,36818,39014,40046,42322,43297,34637,31124,33822,31244,27868,23593,23236,26312,29598,38714,26242,22219,45871,39505,33481,16130,16912,22040,18610,30761,39391
 "54017","Doddridge, WV",5,CAINC4,45,"...","Equals: Net earnings by place of residence ","Thousands of dollars",8921,9837,10198,10424,12016,13379,14705,16309,18947,22202,25425,28890,29638,29982,30879,33850,35979,35678,38165,40145,41497,46755,48465,50771,53640,56286,54516,57700,61335,64941,69253,74769,76932,72269,67780,71834,70849,71477,67034,67486,68223,73404,87605,91356,94363,130253,122743,117924,125853,137930,138069,131089,135295,141895
 "54017","Doddridge, WV",5,CAINC4,46,"...","Plus: Dividends, interest, and rent 7/","Thousands of dollars",1146,1353,1541,1775,2031,2331,2911,3291,3903,4595,5120,6287,7726,9247,9942,11614,12167,12892,12348,12879,13602,14577,14898,15679,15505,16110,19190,20778,23087,24459,23239,25082,26962,25926,24474,23233,20744,22109,22885,25277,24473,26807,30805,33381,35724,40350,42085,41847,49059,56088,64377,62043,70484,89455
 "54017","Doddridge, WV",5,CAINC4,47,"...","Plus: Personal current transfer receipts ","Thousands of dollars",2097,2440,2830,3095,3334,3926,4748,5198,5686,6160,7016,8420,9802,11038,11942,12281,12576,12677,12643,12759,14104,15480,16646,19369,20804,20665,22045,23630,24319,25315,25512,27814,30485,32608,27863,27792,28204,29511,30349,36280,40680,42593,42822,44888,49913,50030,53982,56009,55796,57427,59707,75419,82922,69545
 "54017","Doddridge, WV",5,CAINC4,50,"...","Wages and salaries ","Thousands of dollars",5022,6120,5235,4313,5246,5893,6847,7199,8137,9274,10362,12608,12353,12355,12049,12622,13509,12950,12997,12565,12349,15468,14172,15257,16310,16919,17525,17771,18615,19113,20510,21558,24104,26789,27880,29500,29699,32199,33888,35702,33220,33826,34749,49133,56033,68390,66543,71427,96254,106691,100017,97118,92400,93198
 "54017","Doddridge, WV",5,CAINC4,60,"...","Supplements to wages and salaries ","Thousands of dollars",582,724,664,607,764,889,1030,1098,1307,1529,1713,2095,2169,2254,2453,2722,3099,3041,3085,3086,3161,4027,3846,4383,4803,5047,4999,5049,5172,5319,6018,6738,7577,8276,8935,9494,9911,10728,10624,10702,10188,10265,10518,14189,15023,16761,19168,19480,25930,29233,28979,26003,24948,23419
 "54017","Doddridge, WV",5,CAINC4,61,"..."," Employer contributions for employee pension and insurance funds 8/","Thousands of dollars",310,380,378,373,423,469,543,596,751,857,917,1071,1156,1226,1395,1556,1852,1837,1851,1805,1906,2333,2305,2692,2895,3094,2934,2938,2940,2956,3378,3722,4483,5222,5654,6206,6610,7342,7580,7870,7507,7533,7741,9954,10747,11711,14202,13983,18192,21189,21662,18849,17946,16660
 "54017","Doddridge, WV",5,CAINC4,62,"..."," Employer contributions for government social insurance ","Thousands of dollars",272,344,286,234,341,420,487,502,556,672,796,1024,1013,1028,1058,1166,1247,1204,1234,1281,1255,1694,1541,1691,1908,1953,2065,2111,2232,2363,2640,3016,3094,3054,3281,3288,3301,3386,3044,2832,2681,2732,2777,4235,4276,5050,4966,5497,7738,8044,7317,7154,7002,6759
 "54017","Doddridge, WV",5,CAINC4,70,"...","Proprietors' income 9/","Thousands of dollars",1109,1100,1274,1341,1570,1537,1583,1740,1754,2113,2562,2709,2324,2029,2225,2537,2305,1260,2254,4280,4125,4575,4378,5645,6458,6024,5059,5524,5147,6080,7745,9704,7678,8358,6077,5391,6560,7774,5973,4674,5262,6583,10146,10585,11730,11654,9744,6608,4755,3415,4241,5770,3026,1716
 "54017","Doddridge, WV",5,CAINC4,71,"..."," Farm proprietors' income ","Thousands of dollars",120,43,134,158,204,64,-22,-28,-32,12,210,278,-121,-232,-109,-126,-379,-460,-637,-729,-334,-322,-346,200,347,271,-526,-1089,-974,-820,-886,-350,14,12,-1052,-774,-1161,-1451,-2088,-1624,-1665,-1688,-1155,-1384,-1338,-1646,-1924,-2298,-2521,-2656,-2292,-2493,-2486,-3641
 "54017","Doddridge, WV",5,CAINC4,72,"..."," Nonfarm proprietors' income ","Thousands of dollars",989,1057,1140,1183,1366,1473,1605,1768,1786,2101,2352,2431,2445,2261,2334,2663,2684,1720,2891,5009,4459,4897,4724,5445,6111,5753,5585,6613,6121,6900,8631,10054,7664,8346,7129,6165,7721,9225,8061,6298,6927,8271,11301,11969,13068,13300,11668,8906,7276,6071,6533,8263,5512,5357
 "54017","Doddridge, WV",5,CAINC4,7010,"...","Total employment ","Number of jobs",1606,1668,1498,1293,1398,1434,1502,1540,1627,1704,1758,1817,1769,1718,1721,1767,1832,1817,1954,1900,1846,1930,1813,1808,1897,2017,1964,1952,2089,2267,2315,2340,2080,2107,2085,2098,2091,2170,2247,2179,2108,2053,2037,2232,2328,2499,2482,2620,2691,2767,2606,2686,2636,2523
 "54017","Doddridge, WV",5,CAINC4,7020,"..."," Wage and salary employment ","Number of jobs",1093,1162,1019,858,953,989,997,1020,1074,1129,1177,1211,1155,1073,1041,1034,1051,983,940,928,895,961,918,972,993,1056,1059,1080,1137,1118,1083,1091,1179,1250,1218,1245,1232,1299,1306,1305,1259,1242,1230,1386,1426,1590,1576,1607,1787,1878,1764,1821,1727,1579
 "54017","Doddridge, WV",5,CAINC4,7040,"..."," Proprietors employment ","Number of jobs",513,506,479,435,445,445,505,520,553,575,581,606,614,645,680,733,781,834,1014,972,951,969,895,836,904,961,905,872,952,1149,1232,1249,901,857,867,853,859,871,941,874,849,811,807,846,902,909,906,1013,904,889,842,865,909,944
 "54019","Fayette, WV",5,CAINC4,10,"...","Personal income (thousands of dollars) ","Thousands of dollars",117406,134523,147337,164596,183599,202130,230768,263284,282730,314925,355498,388934,424513,452930,448545,477248,486859,492467,488895,516212,542537,569797,604143,649826,686233,723430,754052,788681,816190,847910,852928,879972,932383,966683,972842,1003082,1026422,1097546,1151280,1243081,1251416,1276701,1368718,1425396,1390439,1413853,1434146,1402074,1442820,1489020,1565573,1631866,1776768,1769577
 "54019","Fayette, WV",5,CAINC4,11,"..."," Nonfarm personal income 1/","Thousands of dollars",117279,134417,147157,164390,183313,201845,230584,263141,282589,314684,355130,388585,424692,452655,448516,476962,486940,492836,489276,516664,542485,569998,604371,649750,686228,723489,754197,789001,816413,848260,853657,880545,933258,968208,974066,1003966,1027415,1098332,1152288,1243752,1252109,1277290,1369225,1425891,1390833,1414068,1434172,1402062,1442604,1488893,1565091,1631517,1776748,1769206
 "54019","Fayette, WV",5,CAINC4,12,"..."," Farm income 2/","Thousands of dollars",127,106,180,206,286,285,184,143,141,241,368,349,-179,275,29,286,-81,-369,-381,-452,52,-201,-228,76,5,-59,-145,-320,-223,-350,-729,-573,-875,-1525,-1224,-884,-993,-786,-1008,-671,-693,-589,-507,-495,-394,-215,-26,12,216,127,482,349,20,371
 "54019","Fayette, WV",5,CAINC4,20,"...","Population (persons) 3/","Number of persons",49239,49341,49841,52044,52401,52656,53808,55679,57021,57827,58255,57790,57443,57186,57119,56148,54812,53382,51692,50023,48571,47867,47850,47921,48306,48259,48772,48991,48548,47960,47817,47507,47067,46935,47054,46717,46229,46200,46243,46171,46034,45984,45695,45461,44980,44413,43796,43092,42374,41670,40957,40425,40083,39487
 "54019","Fayette, WV",5,CAINC4,30,"...","Per capita personal income (dollars) 4/","Dollars",2384,2726,2956,3163,3504,3839,4289,4729,4958,5446,6102,6730,7390,7920,7853,8500,8882,9225,9458,10319,11170,11904,12626,13560,14206,14991,15461,16098,16812,17680,17837,18523,19810,20596,20675,21471,22203,23756,24896,26923,27185,27764,29953,31354,30912,31834,32746,32537,34050,35734,38225,40368,44327,44814
 "54019","Fayette, WV",5,CAINC4,35,"...","Earnings by place of work ","Thousands of dollars",85959,97210,101359,111174,116697,130182,143980,167878,180392,195314,209653,215458,236424,243115,217079,239471,248735,253441,248912,275391,278639,300392,314353,333291,365297,386537,393517,409314,425360,428923,424653,437525,454843,483436,480402,501878,513247,557643,583940,610940,599309,622911,661595,657975,626733,603567,599834,562083,584164,609305,635284,609449,648231,703067
 "54019","Fayette, WV",5,CAINC4,36,"...","Less: Contributions for government social insurance 5/","Thousands of dollars",6493,7339,8029,9155,11093,13036,14217,16876,17895,19914,22378,23573,27842,29630,26733,30176,31753,33507,33618,38465,39590,42501,46145,49087,56521,59755,62546,64919,66574,67665,65793,69207,68475,68973,70778,72857,75596,78668,78648,78712,78614,80370,76537,75700,81581,80249,80051,78694,82055,85510,86594,86641,90117,98350
 "54019","Fayette, WV",5,CAINC4,37,"..."," Employee and self-employed contributions for government social insurance ","Thousands of dollars",3029,3406,3686,4220,5034,5847,6440,7543,7925,8667,9812,10291,12201,12980,11721,12917,13952,14792,14861,17321,18578,19636,20998,21933,24114,26019,27224,27882,28675,28512,28548,28862,30560,31610,32634,34459,36031,39477,42904,44824,44434,45654,39589,39520,47316,46709,46551,45735,48324,51100,52195,52457,55225,61633
 "54019","Fayette, WV",5,CAINC4,38,"..."," Employer contributions for government social insurance ","Thousands of dollars",3464,3933,4343,4935,6059,7189,7777,9333,9970,11247,12566,13282,15641,16650,15012,17259,17801,18715,18757,21144,21012,22865,25147,27154,32407,33736,35322,37037,37899,39153,37245,40345,37915,37363,38144,38398,39565,39191,35744,33888,34180,34716,36948,36180,34265,33540,33500,32959,33731,34410,34399,34184,34892,36717
 "54019","Fayette, WV",5,CAINC4,42,"...","Plus: Adjustment for residence 6/","Thousands of dollars",3909,3571,4157,5061,6643,6092,12345,15512,17142,22898,27562,32152,31068,33766,33818,34984,34316,34024,38470,34265,38008,41420,43690,46668,42039,46707,55354,60685,64800,72772,83746,90372,100334,98507,103009,103717,116503,123609,114542,121307,121053,118202,152753,184843,187890,200255,194346,181701,189580,210992,239509,219025,235943,236951
 "54019","Fayette, WV",5,CAINC4,45,"...","Equals: Net earnings by place of residence ","Thousands of dollars",83375,93442,97487,107080,112247,123238,142108,166514,179639,198298,214837,224037,239650,247251,224164,244279,251298,253958,253764,271191,277057,299311,311898,330872,350815,373489,386325,405080,423586,434030,442606,458690,486702,512970,512633,532738,554154,602584,619834,653535,641748,660743,737811,767118,733042,723573,714129,665090,691689,734787,788199,741833,794057,841668
 "54019","Fayette, WV",5,CAINC4,46,"...","Plus: Dividends, interest, and rent 7/","Thousands of dollars",11478,12970,14033,15160,17484,20820,23926,26348,29804,32757,37770,46681,57419,68811,73283,82588,86003,84068,80781,84879,96752,93346,94082,93443,94562,97282,109621,115503,119217,129146,124498,128082,129910,117599,112638,117568,110210,111571,128578,156951,154987,149638,161745,175145,168608,179224,181403,187525,181456,175773,186205,188745,202225,217755
 "54019","Fayette, WV",5,CAINC4,47,"...","Plus: Personal current transfer receipts ","Thousands of dollars",22553,28111,35817,42356,53868,58072,64734,70422,73287,83870,102891,118216,127444,136868,151098,150381,149558,154441,154350,160142,168728,177140,198163,225511,240856,252659,258106,268098,273387,284734,285824,293200,315771,336114,347571,352776,362058,383391,402868,432595,454681,466320,469162,483133,488789,511056,538614,549459,569675,578460,591169,701288,780486,710154
 "54019","Fayette, WV",5,CAINC4,50,"...","Wages and salaries ","Thousands of dollars",65348,74496,77590,85383,88884,99393,110580,129882,139007,149132,161219,165447,182800,187361,163113,178797,185905,190491,188727,203123,201596,215547,226431,234967,254058,271982,281907,291430,300121,301026,294690,299922,311609,329209,325744,343301,350617,379985,411322,440907,428540,436443,465019,459842,439321,424087,420584,400402,419968,436738,442248,421968,442412,486160
 "54019","Fayette, WV",5,CAINC4,60,"...","Supplements to wages and salaries ","Thousands of dollars",10288,11736,12191,13616,14560,16466,17849,20927,23079,25799,27945,29689,34126,36161,33703,38166,41130,44656,46264,47526,49183,53457,58470,65899,75116,78366,78516,82019,85284,86338,84428,87568,86515,91770,95564,100653,104422,114230,114813,117761,113674,115028,122370,127056,123520,113152,116614,108401,116229,120055,123859,120781,121298,121712
 "54019","Fayette, WV",5,CAINC4,61,"..."," Employer contributions for employee pension and insurance funds 8/","Thousands of dollars",6824,7803,7848,8681,8501,9277,10072,11594,13109,14552,15379,16407,18485,19511,18691,20907,23329,25941,27507,26382,28171,30592,33323,38745,42709,44630,43194,44982,47385,47185,47183,47223,48600,54407,57420,62255,64857,75039,79069,83873,79494,80312,85422,90876,89255,79612,83114,75442,82498,85645,89460,86597,86406,84995
 "54019","Fayette, WV",5,CAINC4,62,"..."," Employer contributions for government social insurance ","Thousands of dollars",3464,3933,4343,4935,6059,7189,7777,9333,9970,11247,12566,13282,15641,16650,15012,17259,17801,18715,18757,21144,21012,22865,25147,27154,32407,33736,35322,37037,37899,39153,37245,40345,37915,37363,38144,38398,39565,39191,35744,33888,34180,34716,36948,36180,34265,33540,33500,32959,33731,34410,34399,34184,34892,36717
 "54019","Fayette, WV",5,CAINC4,70,"...","Proprietors' income 9/","Thousands of dollars",10323,10978,11578,12175,13253,14323,15551,17069,18306,20383,20489,20322,19498,19593,20263,22508,21700,18294,13921,24742,27860,31388,29452,32425,36123,36189,33094,35865,39955,41559,45535,50035,56719,62457,59094,57924,58208,63428,57805,52272,57095,71440,74206,71077,63892,66328,62636,53280,47967,52512,69177,66700,84521,95195
 "54019","Fayette, WV",5,CAINC4,71,"..."," Farm proprietors' income ","Thousands of dollars",0,-18,61,108,155,168,97,31,42,98,219,200,-320,124,-108,163,-189,-464,-467,-534,-26,-278,-287,32,-60,-137,-246,-436,-358,-600,-1083,-973,-1448,-2315,-1930,-1421,-1307,-1014,-1138,-806,-832,-724,-630,-696,-603,-433,-204,-189,30,-49,337,193,-128,161
 "54019","Fayette, WV",5,CAINC4,72,"..."," Nonfarm proprietors' income ","Thousands of dollars",10323,10996,11517,12067,13098,14155,15454,17038,18264,20285,20270,20122,19818,19469,20371,22345,21889,18758,14388,25276,27886,31666,29739,32393,36183,36326,33340,36301,40313,42159,46618,51008,58167,64772,61024,59345,59515,64442,58943,53078,57927,72164,74836,71773,64495,66761,62840,53469,47937,52561,68840,66507,84649,95034
 "54019","Fayette, WV",5,CAINC4,7010,"...","Total employment ","Number of jobs",12893,13476,13657,14292,14302,14677,15007,15384,15240,15556,15441,15348,15417,15047,13973,14157,14225,14167,13840,14189,14124,14593,14451,14732,15209,15704,16068,16398,16570,17108,16482,16334,15901,16192,16067,16123,16198,16219,16560,16457,15861,15979,16144,15867,15301,14740,14558,14238,14283,14017,13743,13205,13670,14020
 "54019","Fayette, WV",5,CAINC4,7020,"..."," Wage and salary employment ","Number of jobs",11342,11897,12075,12602,12558,12820,13021,13523,13316,13577,13330,13057,13072,12754,11598,11831,11928,11914,11621,12044,11903,12155,12049,12265,12934,13379,13588,13794,13915,14007,13445,13232,13008,13339,13116,13341,13239,13595,13804,13724,13147,13280,13389,13226,12540,12007,11808,11549,11480,11236,11123,10522,10727,10903
 "54019","Fayette, WV",5,CAINC4,7040,"..."," Proprietors employment ","Number of jobs",1551,1579,1582,1690,1744,1857,1986,1861,1924,1979,2111,2291,2345,2293,2375,2326,2297,2253,2219,2145,2221,2438,2402,2467,2275,2325,2480,2604,2655,3101,3037,3102,2893,2853,2951,2782,2959,2624,2756,2733,2714,2699,2755,2641,2761,2733,2750,2689,2803,2781,2620,2683,2943,3117
 "54021","Gilmer, WV",5,CAINC4,10,"...","Personal income (thousands of dollars) ","Thousands of dollars",15268,16935,18528,20177,21267,22974,25709,29706,33984,39534,44122,49124,55677,60551,64824,70485,74628,72711,74428,75276,84356,90643,91229,100477,105314,106812,107695,111729,118883,119697,118467,127294,136918,134821,141468,135841,144188,151413,154533,168817,168684,179104,196703,210604,213818,225697,229316,211596,221487,225278,236662,246670,259760,259386
 "54021","Gilmer, WV",5,CAINC4,11,"..."," Nonfarm personal income 1/","Thousands of dollars",15087,16762,18335,19937,20944,22847,25714,29748,34046,39457,43915,48899,56043,61007,65098,70600,74795,72783,74994,75625,84485,90924,91612,100629,105741,107276,108774,112925,119756,120773,119757,128147,137921,136146,142574,136767,145583,153070,156917,170641,170036,179824,195957,208371,210997,223335,228184,211994,222694,226981,238153,248148,261449,261417
 "54021","Gilmer, WV",5,CAINC4,12,"..."," Farm income 2/","Thousands of dollars",181,173,193,240,323,127,-5,-42,-62,77,207,225,-366,-456,-274,-115,-167,-72,-566,-349,-129,-281,-383,-152,-427,-464,-1079,-1196,-873,-1076,-1290,-853,-1003,-1325,-1106,-926,-1395,-1657,-2384,-1824,-1352,-720,746,2233,2821,2362,1132,-398,-1207,-1703,-1491,-1478,-1689,-2031
 "54021","Gilmer, WV",5,CAINC4,20,"...","Population (persons) 3/","Number of persons",7273,7755,7720,7974,7932,8003,7958,8012,8066,8110,8157,8390,8608,8770,8755,8607,8441,8368,8259,8244,7827,7622,7607,7455,7451,7427,7287,7194,7146,7287,7152,7208,7309,7409,7615,7764,7905,8083,8248,8408,8529,8719,8693,8652,8481,8313,8077,7876,7743,7583,7495,7397,7389,7325
 "54021","Gilmer, WV",5,CAINC4,30,"...","Per capita personal income (dollars) 4/","Dollars",2099,2184,2400,2530,2681,2871,3231,3708,4213,4875,5409,5855,6468,6904,7404,8189,8841,8689,9012,9131,10778,11892,11993,13478,14134,14382,14779,15531,16636,16426,16564,17660,18733,18197,18578,17496,18240,18732,18736,20078,19778,20542,22628,24342,25211,27150,28391,26866,28605,29708,31576,33347,35155,35411
 "54021","Gilmer, WV",5,CAINC4,35,"...","Earnings by place of work ","Thousands of dollars",8576,9328,10104,11354,12294,13180,14624,17844,21242,24473,29824,30756,35914,38501,38950,40932,43665,41922,41622,39570,46168,52243,49107,53676,56066,55898,52730,54159,57948,56276,54964,61762,71143,67728,78823,81415,90933,96616,96168,104921,105164,110832,118906,127141,129548,138016,134670,113605,111362,113962,118430,116843,123487,125336
 "54021","Gilmer, WV",5,CAINC4,36,"...","Less: Contributions for government social insurance 5/","Thousands of dollars",530,593,692,802,1006,1178,1372,1744,2080,2442,3208,3362,4329,4828,4886,5263,5556,5693,5708,5554,6123,6839,6954,7154,7736,7778,7632,7934,8368,8616,8306,9259,11190,9397,10493,10854,11907,12305,12331,13151,13032,13617,13082,13449,15240,16594,16505,14809,14604,15091,15172,15324,15860,16298
 "54021","Gilmer, WV",5,CAINC4,37,"..."," Employee and self-employed contributions for government social insurance ","Thousands of dollars",303,331,370,430,519,603,675,812,929,1075,1365,1432,1830,2031,2027,2110,2333,2369,2478,2467,2970,3239,3177,3440,3628,3676,3683,3739,3918,3767,3685,4003,4660,4325,4965,5121,5751,6238,6671,7383,6990,7303,6221,6431,8096,8775,8713,7938,7969,8311,8409,8550,8977,9470
 "54021","Gilmer, WV",5,CAINC4,38,"..."," Employer contributions for government social insurance ","Thousands of dollars",227,262,322,372,487,575,697,932,1151,1367,1843,1930,2499,2797,2859,3153,3223,3324,3230,3087,3153,3600,3777,3714,4108,4102,3949,4195,4450,4849,4621,5256,6530,5072,5528,5733,6156,6067,5660,5768,6042,6314,6861,7018,7144,7819,7792,6871,6635,6780,6763,6774,6883,6828
 "54021","Gilmer, WV",5,CAINC4,42,"...","Plus: Adjustment for residence 6/","Thousands of dollars",3181,3352,3714,3481,2842,2664,2628,2626,2684,4089,2337,3045,1904,1761,2538,3813,3762,3581,4448,5616,6049,5628,5051,5989,6029,5786,6171,5975,5697,5828,6646,6494,4390,4095,-608,-4192,-7529,-9447,-12601,-16117,-14700,-11881,-9919,-7653,-6606,-10217,-13069,-8296,-4096,-2907,-3125,-8381,-11199,-11552
 "54021","Gilmer, WV",5,CAINC4,45,"...","Equals: Net earnings by place of residence ","Thousands of dollars",11227,12087,13126,14033,14130,14666,15880,18726,21846,26120,28953,30439,33489,35434,36602,39482,41871,39810,40362,39632,46094,51032,47204,52511,54359,53906,51269,52200,55277,53488,53304,58997,64343,62426,67722,66369,71497,74864,71236,75653,77432,85334,95905,106039,107702,111205,105096,90500,92662,95964,100133,93138,96428,97486
 "54021","Gilmer, WV",5,CAINC4,46,"...","Plus: Dividends, interest, and rent 7/","Thousands of dollars",1532,1815,2031,2345,2698,3096,3704,4118,4737,5371,6136,7742,9752,11489,12712,14820,15801,15280,15041,15307,16717,17322,18476,18902,20022,21590,23967,25915,28999,30180,28653,29669,29975,27519,27496,25454,27280,27907,31059,38689,32469,31436,36351,39026,41031,44741,51887,46858,52388,51797,55237,57514,55224,65677
 "54021","Gilmer, WV",5,CAINC4,47,"...","Plus: Personal current transfer receipts ","Thousands of dollars",2509,3033,3371,3799,4439,5212,6125,6862,7401,8043,9033,10943,12436,13628,15510,16183,16956,17621,19025,20337,21545,22289,25549,29064,30933,31316,32459,33614,34607,36029,36510,38628,42600,44876,46250,44018,45411,48642,52238,54475,58783,62334,64447,65539,65085,69751,72333,74238,76437,77517,81292,96018,108108,96223
 "54021","Gilmer, WV",5,CAINC4,50,"...","Wages and salaries ","Thousands of dollars",5723,6339,6988,7635,8257,8865,10410,13154,15953,18278,22590,23204,27943,30137,29513,29743,31119,31108,30109,27699,28484,31640,32758,32407,33911,34871,33189,35176,37654,38945,36942,39340,47603,44419,52253,56157,60237,62620,66880,73110,74991,78752,84374,87918,88982,97602,95354,82672,79943,81976,83282,80955,84431,86456
 "54021","Gilmer, WV",5,CAINC4,60,"...","Supplements to wages and salaries ","Thousands of dollars",693,782,914,1048,1174,1302,1570,1973,2456,2890,3607,3942,4901,5503,6134,6705,7373,7596,7533,7069,7540,8774,9410,9893,10826,10965,10088,10420,10780,11272,11468,12232,14943,13594,17464,19371,20760,22889,22658,24125,24935,25624,27625,30201,30990,31969,32547,27936,28307,29437,30729,30428,31745,31849
 "54021","Gilmer, WV",5,CAINC4,61,"..."," Employer contributions for employee pension and insurance funds 8/","Thousands of dollars",466,520,592,676,687,727,873,1041,1305,1523,1764,2012,2402,2706,3275,3552,4150,4272,4303,3982,4387,5174,5633,6179,6718,6863,6139,6225,6330,6423,6847,6976,8413,8522,11936,13638,14604,16822,16998,18357,18893,19310,20764,23183,23846,24150,24755,21065,21672,22657,23966,23654,24862,25021
 "54021","Gilmer, WV",5,CAINC4,62,"..."," Employer contributions for government social insurance ","Thousands of dollars",227,262,322,372,487,575,697,932,1151,1367,1843,1930,2499,2797,2859,3153,3223,3324,3230,3087,3153,3600,3777,3714,4108,4102,3949,4195,4450,4849,4621,5256,6530,5072,5528,5733,6156,6067,5660,5768,6042,6314,6861,7018,7144,7819,7792,6871,6635,6780,6763,6774,6883,6828
 "54021","Gilmer, WV",5,CAINC4,70,"...","Proprietors' income 9/","Thousands of dollars",2160,2207,2202,2671,2863,3013,2644,2717,2833,3305,3627,3610,3070,2861,3303,4484,5173,3218,3980,4802,10144,11829,6939,11376,11329,10062,9453,8563,9514,6059,6554,10190,8597,9715,9106,5887,9936,11107,6630,7686,5238,6456,6907,9022,9576,8445,6769,2997,3112,2549,4419,5460,7311,7031
 "54021","Gilmer, WV",5,CAINC4,71,"..."," Farm proprietors' income ","Thousands of dollars",128,120,143,199,271,81,-40,-96,-111,-6,129,156,-421,-506,-319,-158,-210,-111,-602,-394,-184,-348,-451,-223,-494,-528,-1144,-1258,-934,-1148,-1368,-934,-1108,-1448,-1238,-1045,-1489,-1754,-2486,-1934,-1469,-836,637,2052,2637,2168,973,-578,-1373,-1861,-1621,-1618,-1820,-2219
 "54021","Gilmer, WV",5,CAINC4,72,"..."," Nonfarm proprietors' income ","Thousands of dollars",2032,2087,2059,2472,2592,2932,2684,2813,2944,3311,3498,3454,3491,3367,3622,4642,5383,3329,4582,5196,10328,12177,7390,11599,11823,10590,10597,9821,10448,7207,7922,11124,9705,11163,10344,6932,11425,12861,9116,9620,6707,7292,6270,6970,6939,6277,5796,3575,4485,4410,6040,7078,9131,9250
 "54021","Gilmer, WV",5,CAINC4,7010,"...","Total employment ","Number of jobs",1873,1865,1959,2003,2009,2070,2215,2401,2542,2615,2714,2810,2966,3078,3078,3025,3036,2964,3004,2841,2752,2833,2770,2804,2905,2937,2809,2806,2876,2869,2800,2753,2837,2871,3012,2996,3033,3119,3209,3359,3339,3409,3506,3600,3596,3665,3567,3315,3127,3133,2996,2787,2889,2956
 "54021","Gilmer, WV",5,CAINC4,7020,"..."," Wage and salary employment ","Number of jobs",1357,1361,1464,1488,1497,1545,1629,1801,1922,1974,2055,2113,2231,2295,2286,2222,2225,2145,2058,1907,1852,1993,1954,1956,2033,2058,1936,1993,2025,2088,1988,1955,1972,1973,2070,2129,2197,2224,2266,2341,2352,2401,2477,2459,2460,2537,2457,2227,2100,2121,2090,1925,1981,2003
 "54021","Gilmer, WV",5,CAINC4,7040,"..."," Proprietors employment ","Number of jobs",516,504,495,515,512,525,586,600,620,641,659,697,735,783,792,803,811,819,946,934,900,840,816,848,872,879,873,813,851,781,812,798,865,898,942,867,836,895,943,1018,987,1008,1029,1141,1136,1128,1110,1088,1027,1012,906,862,908,953
 "54023","Grant, WV",5,CAINC4,10,"...","Personal income (thousands of dollars) ","Thousands of dollars",19446,21837,25800,30126,33397,32950,37503,40821,46939,51242,61770,69696,74620,83289,91969,102150,106538,109138,111557,120942,132073,153727,165377,173780,184721,190162,197012,206688,214702,222501,227173,242198,288236,278146,281146,280504,287491,293153,313598,331986,340152,344958,363512,363950,373734,396049,394050,410665,423946,411256,428514,463356,504151,508181
 "54023","Grant, WV",5,CAINC4,11,"..."," Nonfarm personal income 1/","Thousands of dollars",18360,20804,24878,29045,31678,31879,36407,40318,46291,50850,61192,69502,75716,84756,93372,101609,106354,107826,112611,121248,131819,152730,163297,172081,180964,186071,194835,202823,211750,218095,229504,241861,281635,275798,275642,271250,280287,292310,313971,331929,340002,343924,363056,366622,374805,397848,395326,412956,423690,416010,433562,472077,507920,502887
 "54023","Grant, WV",5,CAINC4,12,"..."," Farm income 2/","Thousands of dollars",1086,1033,922,1081,1719,1071,1096,503,648,392,578,194,-1096,-1467,-1403,541,184,1312,-1054,-306,254,997,2080,1699,3757,4091,2177,3865,2952,4406,-2331,337,6601,2348,5504,9254,7204,843,-373,57,150,1034,456,-2672,-1071,-1799,-1276,-2291,256,-4754,-5048,-8721,-3769,5294
 "54023","Grant, WV",5,CAINC4,20,"...","Population (persons) 3/","Number of persons",8861,8595,8715,9092,9180,9223,9351,9466,9707,9814,10026,10229,10299,10380,10335,10427,10335,10348,10350,10339,10393,10450,10564,10695,10855,10983,11151,11190,11216,11246,11314,11280,11325,11310,11406,11558,11648,11834,11969,12022,11963,11878,11810,11674,11555,11379,11358,11251,11228,11159,10988,10988,11009,10968
 "54023","Grant, WV",5,CAINC4,30,"...","Per capita personal income (dollars) 4/","Dollars",2195,2541,2960,3313,3638,3573,4011,4312,4836,5221,6161,6814,7245,8024,8899,9797,10308,10547,10778,11698,12708,14711,15655,16249,17017,17314,17668,18471,19142,19785,20079,21471,25451,24593,24649,24269,24682,24772,26201,27615,28434,29042,30780,31176,32344,34805,34694,36500,37758,36854,38998,42169,45794,46333
 "54023","Grant, WV",5,CAINC4,35,"...","Earnings by place of work ","Thousands of dollars",22038,26775,37759,46828,47459,34449,40852,44615,50544,55356,73123,85546,88189,102655,115398,127097,129953,127017,124501,129787,139161,191180,190698,188413,173556,165513,166162,169983,165960,162032,161896,172421,235155,192497,196658,178262,190496,184106,211377,230616,221700,196504,219239,218473,222057,236194,216589,230806,224328,210310,218524,221788,239953,253743
 "54023","Grant, WV",5,CAINC4,36,"...","Less: Contributions for government social insurance 5/","Thousands of dollars",1527,1937,3065,4161,4741,3161,3660,4107,4579,5301,7173,8713,10058,12178,13938,15339,16060,16009,15996,17170,18374,26612,27167,26983,25329,23667,24640,25282,24160,23250,23668,25902,35584,25775,27415,23058,26121,24015,26948,28059,28005,23961,24090,23981,27350,30025,27307,30635,29332,28241,28832,31203,32788,34025
 "54023","Grant, WV",5,CAINC4,37,"..."," Employee and self-employed contributions for government social insurance ","Thousands of dollars",678,837,1250,1631,1876,1398,1654,1829,2002,2231,3097,3733,4243,5100,5679,6149,6591,6625,6725,7202,7929,10862,11069,10831,9948,9729,10080,10152,9919,9565,9935,10190,13424,11107,11685,10552,11658,11558,13713,15032,14729,13259,11887,12114,15061,16493,15552,16977,16965,16771,16949,18408,19430,20700
 "54023","Grant, WV",5,CAINC4,38,"..."," Employer contributions for government social insurance ","Thousands of dollars",849,1100,1815,2530,2865,1763,2006,2278,2577,3070,4076,4980,5815,7078,8259,9190,9469,9384,9271,9968,10445,15750,16098,16152,15381,13938,14560,15130,14241,13685,13733,15712,22160,14668,15730,12506,14463,12457,13235,13027,13276,10702,12203,11867,12289,13532,11755,13658,12367,11470,11883,12795,13358,13325
 "54023","Grant, WV",5,CAINC4,42,"...","Plus: Adjustment for residence 6/","Thousands of dollars",-5544,-8327,-15007,-19662,-17894,-8493,-11168,-12662,-13674,-14998,-22752,-29673,-29445,-36397,-42285,-45554,-45790,-42898,-38874,-36354,-37469,-63416,-56516,-50415,-31581,-22807,-20324,-17991,-11316,-4606,-685,1667,-15070,905,17,10921,6535,10782,-5312,-23755,-16688,5625,-5488,322,6641,6036,13289,11774,17035,20384,19297,17578,19161,24444
 "54023","Grant, WV",5,CAINC4,45,"...","Equals: Net earnings by place of residence ","Thousands of dollars",14967,16511,19687,23005,24824,22795,26024,27846,32291,35057,43198,47160,48686,54080,59175,66204,68103,68110,69631,76263,83318,101152,107015,111015,116646,119039,121198,126710,130484,134176,137543,148186,184501,167627,169260,166125,170910,170873,179117,178802,177007,178168,189661,194814,201348,212205,202571,211945,212031,202453,208989,208163,226326,244162
 "54023","Grant, WV",5,CAINC4,46,"...","Plus: Dividends, interest, and rent 7/","Thousands of dollars",1935,2283,2684,3171,3927,4572,4726,5409,6457,6879,7689,9834,12085,13686,15836,17758,18922,20243,20960,22279,24778,26460,27434,27944,30065,31608,34128,36028,38812,40509,39941,42534,45264,45985,44558,46023,45411,45577,53422,61354,61779,59198,63780,59919,57114,61790,62166,61997,70550,63951,68726,63964,66133,71239
 "54023","Grant, WV",5,CAINC4,47,"...","Plus: Personal current transfer receipts ","Thousands of dollars",2544,3043,3429,3950,4646,5583,6753,7566,8191,9306,10883,12702,13849,15523,16958,18188,19513,20785,20966,22400,23977,26115,30928,34821,38010,39515,41686,43950,45406,47816,49689,51478,58471,64534,67328,68356,71170,76703,81059,91830,101366,107592,110071,109217,115272,122054,129313,136723,141365,144852,150799,191229,211692,192780
 "54023","Grant, WV",5,CAINC4,50,"...","Wages and salaries ","Thousands of dollars",15361,19729,29495,36942,36522,24607,29607,32888,36613,40338,53295,64382,67618,79353,88361,95187,97087,93725,91054,95551,100805,140547,139189,134724,117345,110776,112171,114460,109114,104138,105915,109775,154433,123189,128386,110746,122834,119037,144879,162448,153919,129472,146626,147887,148429,162571,144012,158939,151651,145011,150565,159199,169323,177101
 "54023","Grant, WV",5,CAINC4,60,"...","Supplements to wages and salaries ","Thousands of dollars",2402,2939,4018,4938,5253,4249,5040,5769,6609,7699,10381,13111,13948,16722,20090,21574,22519,24147,24552,22647,24421,34437,35170,36817,34811,32252,32467,33118,32108,30307,31527,33257,45588,36546,38276,34925,38495,40437,43568,46177,43748,39059,43906,43894,45384,45780,44048,45975,44795,44296,47846,49479,50209,48480
 "54023","Grant, WV",5,CAINC4,61,"..."," Employer contributions for employee pension and insurance funds 8/","Thousands of dollars",1553,1839,2203,2408,2388,2486,3034,3491,4032,4629,6305,8131,8133,9644,11831,12384,13050,14763,15281,12679,13976,18687,19072,20665,19430,18314,17907,17988,17867,16622,17794,17545,23428,21878,22546,22419,24032,27980,30333,33150,30472,28357,31703,32027,33095,32248,32293,32317,32428,32826,35963,36684,36851,35155
 "54023","Grant, WV",5,CAINC4,62,"..."," Employer contributions for government social insurance ","Thousands of dollars",849,1100,1815,2530,2865,1763,2006,2278,2577,3070,4076,4980,5815,7078,8259,9190,9469,9384,9271,9968,10445,15750,16098,16152,15381,13938,14560,15130,14241,13685,13733,15712,22160,14668,15730,12506,14463,12457,13235,13027,13276,10702,12203,11867,12289,13532,11755,13658,12367,11470,11883,12795,13358,13325
 "54023","Grant, WV",5,CAINC4,70,"...","Proprietors' income 9/","Thousands of dollars",4275,4107,4246,4948,5684,5593,6205,5958,7322,7319,9447,8053,6623,6580,6947,10336,10347,9145,8895,11589,13935,16196,16339,16872,21400,22485,21524,22405,24738,27587,24454,29389,35134,32762,29996,32591,29167,24632,22930,21991,24033,27973,28707,26692,28244,27843,28529,25892,27882,21003,20113,13110,20421,28162
 "54023","Grant, WV",5,CAINC4,71,"..."," Farm proprietors' income ","Thousands of dollars",851,771,642,822,1349,710,845,159,344,-42,122,-261,-1522,-1919,-1822,141,-199,967,-1380,-693,-197,451,1542,1169,3181,3520,1544,3228,2269,3650,-3109,-373,5757,1326,4482,8344,6546,183,-1056,-579,-452,483,-19,-3413,-1829,-2599,-1931,-3018,-410,-5377,-5563,-9270,-4289,4549
 "54023","Grant, WV",5,CAINC4,72,"..."," Nonfarm proprietors' income ","Thousands of dollars",3424,3336,3604,4126,4335,4883,5360,5799,6978,7361,9325,8314,8145,8499,8769,10195,10546,8178,10275,12282,14132,15745,14797,15703,18219,18965,19980,19177,22469,23937,27563,29762,29377,31436,25514,24247,22621,24449,23986,22570,24485,27490,28726,30105,30073,30442,30460,28910,28292,26380,25676,22380,24710,23613
 "54023","Grant, WV",5,CAINC4,7010,"...","Total employment ","Number of jobs",4118,4289,4975,5347,5163,4524,4551,4680,4549,4619,5158,5648,5451,5686,5998,5942,5859,5692,5532,5641,5803,6855,6757,6644,6322,6194,6279,6231,6282,6188,6221,6001,6422,5799,5520,5330,5475,5458,5774,5831,5509,5251,5454,5492,5389,5529,5341,5453,5200,5152,5139,5088,5163,5190
 "54023","Grant, WV",5,CAINC4,7020,"..."," Wage and salary employment ","Number of jobs",2716,2964,3678,4025,3851,3184,3268,3448,3354,3439,3938,4369,4199,4431,4633,4607,4563,4418,4292,4431,4591,5580,5504,5386,5038,4879,4910,4856,4883,4688,4729,4508,5003,4383,4159,3902,3981,3925,4222,4315,3971,3810,3963,3988,3905,3968,3795,3865,3667,3644,3692,3617,3721,3691
 "54023","Grant, WV",5,CAINC4,7040,"..."," Proprietors employment ","Number of jobs",1402,1325,1297,1322,1312,1340,1283,1232,1195,1180,1220,1279,1252,1255,1365,1335,1296,1274,1240,1210,1212,1275,1253,1258,1284,1315,1369,1375,1399,1500,1492,1493,1419,1416,1361,1428,1494,1533,1552,1516,1538,1441,1491,1504,1484,1561,1546,1588,1533,1508,1447,1471,1442,1499
 "54025","Greenbrier, WV",5,CAINC4,10,"...","Personal income (thousands of dollars) ","Thousands of dollars",81417,88064,95803,105176,118450,131512,153475,167406,195261,220750,248904,265898,285822,311664,323737,347687,361314,371829,386754,423067,459915,491939,513513,560615,588727,587736,611350,633136,670383,694764,705223,743793,777581,792271,815619,870543,901682,963351,971792,1039295,1031410,1081382,1180679,1142710,1170880,1213295,1269556,1230291,1277211,1302387,1380624,1444726,1543562,1534304
 "54025","Greenbrier, WV",5,CAINC4,11,"..."," Nonfarm personal income 1/","Thousands of dollars",79976,86478,94281,103117,115758,130618,153630,167897,196102,221472,247880,265464,287149,314035,325353,348818,363263,371186,387328,422922,458012,486043,507295,553093,580408,580590,607933,630751,666342,692074,703629,740454,774809,790695,813775,864523,898031,959720,969941,1037225,1029348,1079381,1174827,1139306,1163018,1202117,1266224,1227565,1274654,1303126,1380753,1446091,1543706,1530694
 "54025","Greenbrier, WV",5,CAINC4,12,"..."," Farm income 2/","Thousands of dollars",1441,1586,1522,2059,2692,894,-155,-491,-841,-722,1024,434,-1327,-2371,-1616,-1131,-1949,643,-574,145,1903,5896,6218,7522,8319,7146,3417,2385,4041,2690,1594,3339,2772,1576,1844,6020,3651,3631,1851,2070,2062,2001,5852,3404,7862,11178,3332,2726,2557,-739,-129,-1365,-144,3610
 "54025","Greenbrier, WV",5,CAINC4,20,"...","Population (persons) 3/","Number of persons",31958,32130,32550,32600,32651,33168,33726,34972,35792,36127,37023,37666,37636,37197,37508,37141,36760,36202,35600,35255,34778,34683,34901,35099,35203,35136,35190,35081,34841,34617,34588,34437,34452,34621,34831,34938,35020,35196,35354,35457,35351,35517,35556,35555,35338,34973,34828,34620,34154,33587,33320,32895,32698,32435
 "54025","Greenbrier, WV",5,CAINC4,30,"...","Per capita personal income (dollars) 4/","Dollars",2548,2741,2943,3226,3628,3965,4551,4787,5455,6110,6723,7059,7594,8379,8631,9361,9829,10271,10864,12000,13224,14184,14713,15972,16724,16727,17373,18048,19241,20070,20389,21599,22570,22884,23416,24917,25748,27371,27487,29311,29176,30447,33206,32139,33134,34692,36452,35537,37396,38777,41435,43919,47207,47304
 "54025","Greenbrier, WV",5,CAINC4,35,"...","Earnings by place of work ","Thousands of dollars",59582,61919,65371,70018,80250,88825,104065,114326,137796,157660,173035,178864,184597,197923,199581,216557,223081,229388,245664,268663,284791,303945,314748,338536,365126,357148,365233,374118,406868,427984,433192,459340,475732,495112,522235,559511,585475,623387,589910,597283,545511,611630,687703,660165,685960,719713,741308,702831,719006,743909,754883,718198,766510,785571
 "54025","Greenbrier, WV",5,CAINC4,36,"...","Less: Contributions for government social insurance 5/","Thousands of dollars",4714,4813,5207,5783,7547,8797,10379,11759,13688,16122,18484,19933,22293,24641,25050,27388,28766,31115,33640,36722,39550,42250,45809,49692,54700,53190,55424,57273,61113,64715,64735,72225,72875,74297,80266,82081,86703,86871,82956,79124,78946,83421,79071,79285,88387,93474,96953,95983,97497,100645,101005,102387,107281,111175
 "54025","Greenbrier, WV",5,CAINC4,37,"..."," Employee and self-employed contributions for government social insurance ","Thousands of dollars",2099,2176,2361,2627,3340,3892,4578,5048,5814,6713,7747,8320,9403,10525,10538,11367,12352,13202,14575,16160,17792,18693,19904,21107,22863,23235,24546,24996,26759,27661,28081,28885,30274,31058,33387,35700,37642,40307,41859,42615,43125,44492,38813,38740,47484,50804,53316,51964,54136,56432,56593,57800,61158,64959
 "54025","Greenbrier, WV",5,CAINC4,38,"..."," Employer contributions for government social insurance ","Thousands of dollars",2615,2637,2846,3156,4207,4905,5801,6711,7874,9409,10737,11613,12890,14116,14512,16021,16414,17913,19065,20562,21758,23557,25905,28585,31837,29955,30878,32277,34354,37054,36654,43340,42601,43239,46879,46381,49061,46564,41097,36509,35821,38929,40258,40545,40903,42670,43637,44019,43361,44213,44412,44587,46123,46216
 "54025","Greenbrier, WV",5,CAINC4,42,"...","Plus: Adjustment for residence 6/","Thousands of dollars",5576,6230,5969,6812,6496,6595,6373,5866,6127,6840,9657,6591,6576,7287,7131,9272,9283,6349,7536,9971,9483,11154,9971,7706,6183,8096,10711,9874,8917,6943,8262,8061,6320,5779,6890,8295,9076,5432,2941,618,16141,6016,490,-4576,-8281,-16314,-17651,-12132,-11560,-14215,-12820,-11026,-16661,-11569
 "54025","Greenbrier, WV",5,CAINC4,45,"...","Equals: Net earnings by place of residence ","Thousands of dollars",60444,63336,66133,71047,79199,86623,100059,108433,130235,148378,164208,165522,168880,180569,181662,198441,203598,204622,219560,241912,254724,272849,278910,296550,316609,312054,320520,326719,354672,370212,376719,395176,409177,426594,448859,485725,507848,541948,509895,518777,482706,534225,609122,576304,589292,609925,626704,594716,609949,629049,641058,604785,642568,662827
 "54025","Greenbrier, WV",5,CAINC4,46,"...","Plus: Dividends, interest, and rent 7/","Thousands of dollars",9288,10851,12296,14079,16228,18721,22281,24497,27821,31830,36811,43864,52496,60769,63184,68854,74249,78904,78141,86566,103806,110313,110004,118530,114745,120309,130454,138174,143139,148365,148162,156945,158210,140349,132825,151223,151583,163678,181928,204331,196855,180305,200910,194412,194774,203248,210131,196762,214745,209261,260738,268387,264695,286592
 "54025","Greenbrier, WV",5,CAINC4,47,"...","Plus: Personal current transfer receipts ","Thousands of dollars",11685,13877,17374,20050,23023,26168,31135,34476,37205,40542,47885,56512,64446,70326,78891,80392,83467,88303,89053,94589,101385,108777,124599,145535,157373,155373,160376,168243,172572,176187,180342,191672,210194,225328,233935,233595,242251,257725,279969,316187,351849,366852,370647,371994,386814,400122,432721,438813,452517,464077,478828,571554,636299,584885
 "54025","Greenbrier, WV",5,CAINC4,50,"...","Wages and salaries ","Thousands of dollars",44206,45416,47895,50160,57260,63667,75886,84648,98273,112705,125087,133468,140364,151799,149074,157314,163132,171993,182860,190924,200867,212723,226018,240532,255418,250378,255521,265411,283564,295306,298361,313518,328861,342273,353390,373823,391248,414586,430397,439277,415747,444888,466760,478189,484209,502020,512090,501900,512104,532049,545669,528358,564700,587431
 "54025","Greenbrier, WV",5,CAINC4,60,"...","Supplements to wages and salaries ","Thousands of dollars",5049,5370,6063,6598,7851,9046,10720,12272,14587,17391,19764,21526,23546,26058,27393,30481,32987,37003,39564,40114,43665,47417,51748,58666,65283,61806,62450,64421,67833,72849,74742,82950,88377,92445,100896,105388,111260,120352,116595,115481,110064,114498,121302,127792,130422,126506,133506,124853,131726,137576,144191,139953,144153,140327
 "54025","Greenbrier, WV",5,CAINC4,61,"..."," Employer contributions for employee pension and insurance funds 8/","Thousands of dollars",2434,2733,3217,3442,3644,4141,4919,5561,6713,7982,9027,9913,10656,11942,12881,14460,16573,19090,20499,19552,21907,23860,25843,30081,33446,31851,31572,32144,33479,35795,38088,39610,45776,49206,54017,59007,62199,73788,75498,78972,74243,75569,81044,87247,89519,83836,89869,80834,88365,93363,99779,95366,98030,94111
 "54025","Greenbrier, WV",5,CAINC4,62,"..."," Employer contributions for government social insurance ","Thousands of dollars",2615,2637,2846,3156,4207,4905,5801,6711,7874,9409,10737,11613,12890,14116,14512,16021,16414,17913,19065,20562,21758,23557,25905,28585,31837,29955,30878,32277,34354,37054,36654,43340,42601,43239,46879,46381,49061,46564,41097,36509,35821,38929,40258,40545,40903,42670,43637,44019,43361,44213,44412,44587,46123,46216
 "54025","Greenbrier, WV",5,CAINC4,70,"...","Proprietors' income 9/","Thousands of dollars",10327,11133,11413,13260,15139,16112,17459,17406,24936,27564,28184,23870,20687,20066,23114,28762,26962,20392,23240,37625,40259,43805,36982,39338,44425,44964,47262,44286,55471,59829,60089,62872,58494,60394,67949,80300,82967,88449,42918,42525,19700,52244,99641,54184,71329,91187,95712,76078,75176,74284,65023,49887,57657,57813
 "54025","Greenbrier, WV",5,CAINC4,71,"..."," Farm proprietors' income ","Thousands of dollars",705,835,777,1417,1831,108,-676,-1193,-1428,-1579,108,-502,-2221,-3341,-2529,-2033,-2823,-169,-1352,-1100,180,3523,3637,4741,5740,5040,1519,875,2804,1272,72,1884,969,-638,-530,3751,1882,1715,-323,-41,-39,-32,4021,438,4832,7983,701,-188,-78,-3219,-2188,-3553,-2230,632
 "54025","Greenbrier, WV",5,CAINC4,72,"..."," Nonfarm proprietors' income ","Thousands of dollars",9622,10298,10636,11843,13308,16004,18135,18599,26364,29143,28076,24372,22908,23407,25643,30795,29785,20561,24592,38725,40079,40282,33345,34597,38685,39924,45743,43411,52667,58557,60017,60988,57525,61032,68479,76549,81085,86734,43241,42566,19739,52276,95620,53746,66497,83204,95011,76266,75254,77503,67211,53440,59887,57181
 "54025","Greenbrier, WV",5,CAINC4,7010,"...","Total employment ","Number of jobs",11880,11673,11598,11734,12316,12765,13240,13575,13715,14313,14717,14813,14225,14170,14148,14083,13944,14295,14738,15096,15661,16079,16329,16657,16938,16403,16942,17147,17450,17585,17324,17398,17578,17471,17620,18079,18362,19049,19168,18885,18111,18783,19125,18983,19129,18992,18847,18575,18510,18536,18436,17196,17968,18207
 "54025","Greenbrier, WV",5,CAINC4,7020,"..."," Wage and salary employment ","Number of jobs",8918,8685,8748,8812,9343,9722,10321,10809,10983,11556,11942,11917,11316,11375,11175,11042,10799,11039,11362,11693,12183,12535,12755,13127,13548,12992,13146,13333,13516,13577,13424,13428,13673,13570,13751,14141,14332,14782,14627,14403,13712,14316,14657,14742,14740,14577,14440,14261,14227,14312,14384,13207,13716,13734
 "54025","Greenbrier, WV",5,CAINC4,7040,"..."," Proprietors employment ","Number of jobs",2962,2988,2850,2922,2973,3043,2919,2766,2732,2757,2775,2896,2909,2795,2973,3041,3145,3256,3376,3403,3478,3544,3574,3530,3390,3411,3796,3814,3934,4008,3900,3970,3905,3901,3869,3938,4030,4267,4541,4482,4399,4467,4468,4241,4389,4415,4407,4314,4283,4224,4052,3989,4252,4473
 "54027","Hampshire, WV",5,CAINC4,10,"...","Personal income (thousands of dollars) ","Thousands of dollars",25464,27878,31823,35628,41553,48110,51835,57557,65671,76259,87058,96860,109070,113412,119597,132045,145143,155564,162821,173668,186972,202115,207125,228308,242430,258313,274504,293178,312568,330305,356082,394008,421313,433357,445977,484548,542649,576868,596142,631732,634311,668476,693563,702003,710619,720604,757992,811678,819349,838619,882995,962827,1062348,1086630
 "54027","Hampshire, WV",5,CAINC4,11,"..."," Nonfarm personal income 1/","Thousands of dollars",24123,26879,30863,34164,38744,44630,50463,57241,65100,73988,84531,95926,109269,113308,119826,131163,143261,150912,160295,171191,185175,200314,205717,225613,239468,254922,271921,291378,312725,330665,357710,395029,418686,436162,447403,482021,539588,576961,598155,633156,635778,669715,693857,703002,709969,720330,759172,813463,817300,841477,885048,966663,1064137,1078231
 "54027","Hampshire, WV",5,CAINC4,12,"..."," Farm income 2/","Thousands of dollars",1341,999,960,1464,2809,3480,1372,316,571,2271,2527,934,-199,104,-229,882,1882,4652,2526,2477,1797,1801,1408,2695,2962,3391,2583,1800,-157,-360,-1628,-1021,2627,-2805,-1426,2527,3061,-93,-2013,-1424,-1467,-1239,-294,-999,650,274,-1180,-1785,2049,-2858,-2053,-3836,-1789,8399
 "54027","Hampshire, WV",5,CAINC4,20,"...","Population (persons) 3/","Number of persons",12138,11712,11825,12620,12764,12934,13308,13533,14012,14444,14702,14905,15049,15220,15345,15318,15344,15263,15525,15843,16184,16606,17154,17537,17995,18307,18608,18981,19310,19589,19896,20288,20668,21030,21436,21766,22361,23016,23492,23664,23820,23942,23761,23641,23441,23380,23254,23267,23316,23287,23110,23097,23374,23468
 "54027","Hampshire, WV",5,CAINC4,30,"...","Per capita personal income (dollars) 4/","Dollars",2098,2380,2691,2823,3255,3720,3895,4253,4687,5280,5922,6498,7248,7452,7794,8620,9459,10192,10488,10962,11553,12171,12074,13019,13472,14110,14752,15446,16187,16862,17897,19421,20385,20607,20805,22262,24268,25064,25376,26696,26629,27921,29189,29694,30315,30821,32596,34885,35141,36012,38208,41686,45450,46303
 "54027","Hampshire, WV",5,CAINC4,35,"...","Earnings by place of work ","Thousands of dollars",15095,16465,18949,20290,23996,26843,26974,28299,31665,36832,40894,43141,48303,47365,48383,53973,61502,67141,68740,73012,77582,82725,85708,93037,99913,105692,109647,112982,116454,123594,126850,147379,146674,152933,163660,176334,186380,193502,187662,185558,185014,192931,200692,213078,213058,213061,218688,214026,213508,211466,224550,228428,247056,270606
 "54027","Hampshire, WV",5,CAINC4,36,"...","Less: Contributions for government social insurance 5/","Thousands of dollars",1048,1194,1462,1607,2057,2392,2552,2854,3213,3704,4192,4749,5789,5696,6000,6564,7421,8104,8963,9753,10544,11114,12169,13418,14714,15330,16299,16818,17276,18422,18943,21628,21228,21703,23655,23944,25348,26253,25248,24568,25291,25946,24074,25010,27844,28810,29900,30663,30512,31492,32126,35257,36966,40345
 "54027","Hampshire, WV",5,CAINC4,37,"..."," Employee and self-employed contributions for government social insurance ","Thousands of dollars",493,546,646,713,894,1024,1113,1211,1311,1486,1744,1968,2417,2475,2530,2776,3272,3665,4059,4395,5014,5265,5641,6043,6572,7158,7680,7889,8185,8486,8751,9702,9712,10081,11081,11697,12488,13725,14383,14722,15079,15626,13786,14310,17269,18032,18630,19281,19775,20862,21281,23401,24843,27546
 "54027","Hampshire, WV",5,CAINC4,38,"..."," Employer contributions for government social insurance ","Thousands of dollars",555,648,816,894,1163,1368,1439,1643,1902,2218,2448,2781,3372,3221,3470,3788,4149,4439,4904,5358,5530,5849,6528,7375,8142,8172,8619,8929,9091,9936,10192,11926,11516,11622,12574,12247,12860,12528,10865,9846,10212,10320,10288,10700,10575,10778,11270,11382,10737,10630,10845,11856,12123,12799
 "54027","Hampshire, WV",5,CAINC4,42,"...","Plus: Adjustment for residence 6/","Thousands of dollars",4672,4801,5282,6627,7579,9540,10679,13262,16054,18980,22131,24743,27077,27431,28781,31019,32761,35631,39860,43262,46327,49550,45856,52567,57259,64215,68969,75872,83908,91689,111166,122154,135631,130923,134101,156499,199642,217763,223732,223291,214459,222937,229799,217219,219370,226112,235836,268330,279285,288501,302496,314082,338707,365049
 "54027","Hampshire, WV",5,CAINC4,45,"...","Equals: Net earnings by place of residence ","Thousands of dollars",18719,20072,22769,25310,29518,33991,35101,38707,44506,52108,58833,63135,69591,69100,71164,78428,86842,94668,99637,106521,113365,121161,119395,132186,142458,154577,162317,172036,183086,196861,219073,247905,261077,262153,274106,308889,360674,385012,386146,384281,374182,389922,406417,405287,404584,410363,424624,451693,462281,468475,494920,507253,548797,595310
 "54027","Hampshire, WV",5,CAINC4,46,"...","Plus: Dividends, interest, and rent 7/","Thousands of dollars",3236,3790,4335,5015,6045,6968,7969,8962,10452,12280,14734,17733,21277,23677,25788,29289,30867,32584,33422,34759,38638,41685,42306,43154,43405,46359,51391,54737,60520,62992,63217,67051,72248,72468,70070,74646,73734,71814,83654,97625,101108,101774,108993,113829,116529,117226,126773,147071,135879,138644,149243,157867,171894,184052
 "54027","Hampshire, WV",5,CAINC4,47,"...","Plus: Personal current transfer receipts ","Thousands of dollars",3509,4016,4719,5303,5990,7151,8765,9888,10713,11871,13491,15992,18202,20635,22645,24328,27434,28312,29762,32388,34969,39269,45424,52968,56567,57377,60796,66405,68962,70452,73792,79052,87988,98736,101801,101013,108241,120042,126342,149826,159021,176780,178153,182887,189506,193015,206595,212914,221189,231500,238832,297707,341657,307268
 "54027","Hampshire, WV",5,CAINC4,50,"...","Wages and salaries ","Thousands of dollars",10144,11582,13598,13887,15956,17347,18180,20400,22918,26356,29485,32446,36591,35680,35477,37390,41634,43047,45875,47647,49973,51912,56093,60651,64678,67646,70666,73412,74633,78785,80189,86245,89176,96776,101044,104765,109531,116065,119069,122726,122965,124769,125382,130374,130619,132730,136608,135411,132122,134968,140289,146234,153674,167161
 "54027","Hampshire, WV",5,CAINC4,60,"...","Supplements to wages and salaries ","Thousands of dollars",1198,1425,1801,1934,2321,2630,2766,3108,3632,4220,4672,5358,6434,6602,7430,8199,9474,10121,10903,11729,12554,13582,15203,16789,18110,18533,18995,19500,19933,21304,22330,25327,26705,28953,31695,33037,35160,36927,36021,36077,36152,36248,36782,39723,39931,38746,41413,38970,39620,40629,44292,46319,45652,47080
 "54027","Hampshire, WV",5,CAINC4,61,"..."," Employer contributions for employee pension and insurance funds 8/","Thousands of dollars",643,777,985,1040,1158,1262,1327,1465,1730,2002,2224,2577,3062,3381,3960,4411,5325,5682,5999,6371,7024,7733,8675,9414,9968,10361,10376,10571,10842,11368,12138,13401,15189,17331,19121,20790,22300,24399,25156,26231,25940,25928,26494,29023,29356,27968,30143,27588,28883,29999,33447,34463,33529,34281
 "54027","Hampshire, WV",5,CAINC4,62,"..."," Employer contributions for government social insurance ","Thousands of dollars",555,648,816,894,1163,1368,1439,1643,1902,2218,2448,2781,3372,3221,3470,3788,4149,4439,4904,5358,5530,5849,6528,7375,8142,8172,8619,8929,9091,9936,10192,11926,11516,11622,12574,12247,12860,12528,10865,9846,10212,10320,10288,10700,10575,10778,11270,11382,10737,10630,10845,11856,12123,12799
 "54027","Hampshire, WV",5,CAINC4,70,"...","Proprietors' income 9/","Thousands of dollars",3753,3458,3550,4469,5719,6866,6028,4791,5115,6256,6737,5337,5278,5083,5476,8384,10394,13973,11962,13636,15055,17231,14412,15597,17125,19513,19986,20070,21888,23505,24331,35807,30793,27204,30921,38532,41689,40510,32572,26755,25897,31914,38528,42981,42508,41585,40667,39645,41766,35869,39969,35875,47730,56365
 "54027","Hampshire, WV",5,CAINC4,71,"..."," Farm proprietors' income ","Thousands of dollars",578,132,21,593,1541,2237,481,-983,-580,416,521,-1130,-2177,-2101,-2202,-936,192,3190,1198,1105,415,308,89,1512,1857,2474,1740,1110,-745,-1078,-2431,-1820,1604,-4090,-2731,1364,2213,-952,-2908,-2260,-2268,-1986,-950,-2027,-399,-835,-2095,-2805,1127,-3730,-2771,-4603,-2517,7359
 "54027","Hampshire, WV",5,CAINC4,72,"..."," Nonfarm proprietors' income ","Thousands of dollars",3175,3326,3529,3876,4178,4629,5547,5774,5695,5840,6216,6467,7455,7184,7678,9320,10202,10783,10764,12531,14640,16923,14323,14085,15268,17039,18246,18960,22633,24583,26762,37627,29189,31294,33652,37168,39476,41462,35480,29015,28165,33900,39478,45008,42907,42420,42762,42450,40639,39599,42740,40478,50247,49006
 "54027","Hampshire, WV",5,CAINC4,7010,"...","Total employment ","Number of jobs",4117,4249,4408,4415,4582,4637,4330,4444,4437,4587,4714,4989,5191,4904,5020,4951,5010,5054,5223,5407,5412,5727,5819,5952,6118,6148,6231,6249,6340,6670,6466,6689,6460,6646,6742,6877,7017,7181,7317,7262,7159,7061,7284,7437,7334,7335,7430,7366,7234,7066,7008,7077,7281,7576
 "54027","Hampshire, WV",5,CAINC4,7020,"..."," Wage and salary employment ","Number of jobs",2633,2716,2850,2808,2974,3030,2887,3085,3115,3271,3341,3519,3669,3383,3445,3348,3381,3368,3477,3686,3642,3756,3815,3923,4025,4051,4087,4125,4077,4197,4000,4181,4188,4383,4456,4492,4499,4545,4575,4533,4409,4363,4352,4540,4436,4365,4446,4378,4245,4161,4169,4116,4237,4395
 "54027","Hampshire, WV",5,CAINC4,7040,"..."," Proprietors employment ","Number of jobs",1484,1533,1558,1607,1608,1607,1443,1359,1322,1316,1373,1470,1522,1521,1575,1603,1629,1686,1746,1721,1770,1971,2004,2029,2093,2097,2144,2124,2263,2473,2466,2508,2272,2263,2286,2385,2518,2636,2742,2729,2750,2698,2932,2897,2898,2970,2984,2988,2989,2905,2839,2961,3044,3181
 "54029","Hancock, WV",5,CAINC4,10,"...","Personal income (thousands of dollars) ","Thousands of dollars",148511,158435,175997,194979,207284,243633,263825,294510,327461,358095,403289,425152,466253,449656,433492,446588,462385,488075,504740,551082,589663,601230,584639,617452,633097,648684,653611,678806,690803,694284,694642,737856,785780,816145,810888,812996,828750,885995,930131,988578,968622,1008963,1057573,1086975,1093450,1114260,1146252,1146382,1172938,1225574,1259692,1332873,1432638,1431815
 "54029","Hancock, WV",5,CAINC4,11,"..."," Nonfarm personal income 1/","Thousands of dollars",148418,158352,175918,194903,207121,243486,263765,294497,327457,358082,403291,425205,466313,449705,433541,446590,462372,487942,504806,551200,589331,600820,584732,617309,633024,648690,653687,679240,691025,694518,694911,738009,785832,816247,810963,813036,828938,886335,930689,988910,968830,1009141,1057495,1086609,1093289,1114468,1146579,1146831,1173477,1226128,1260015,1333335,1433259,1432421
 "54029","Hancock, WV",5,CAINC4,12,"..."," Farm income 2/","Thousands of dollars",93,83,79,76,163,147,60,13,4,13,-2,-53,-60,-49,-49,-2,13,133,-66,-118,332,410,-93,143,73,-6,-76,-434,-222,-234,-269,-153,-52,-102,-75,-40,-188,-340,-558,-332,-208,-178,78,366,161,-208,-327,-449,-539,-554,-323,-462,-621,-606
 "54029","Hancock, WV",5,CAINC4,20,"...","Population (persons) 3/","Number of persons",39815,39747,39906,39780,39898,39855,40152,40118,39879,39196,40043,40961,40560,40455,39891,39383,38268,37435,36975,36269,35590,35180,35101,34841,34636,34437,34272,34227,33823,33413,32954,32652,32421,32178,31925,31600,31510,31266,30887,30802,30748,30698,30703,30586,30560,30492,30259,29968,29744,29472,29252,29037,28591,28172
 "54029","Hancock, WV",5,CAINC4,30,"...","Per capita personal income (dollars) 4/","Dollars",3730,3986,4410,4901,5195,6113,6571,7341,8211,9136,10071,10379,11495,11115,10867,11340,12083,13038,13651,15194,16568,17090,16656,17722,18279,18837,19071,19832,20424,20779,21079,22598,24237,25363,25400,25728,26301,28337,30114,32095,31502,32867,34445,35538,35780,36543,37881,38254,39434,41584,43063,45903,50108,50824
 "54029","Hancock, WV",5,CAINC4,35,"...","Earnings by place of work ","Thousands of dollars",209920,217349,241738,268796,282609,343038,351422,393096,444535,482605,546329,546683,594581,506762,473494,480277,509940,551708,575867,647927,673088,648474,603391,636147,626103,642494,647767,662445,636079,613149,583894,647131,600895,632212,623434,580235,539283,525854,516469,554285,526574,524305,535016,574027,561183,553189,547012,539774,561777,598783,595909,563657,603230,691624
 "54029","Hancock, WV",5,CAINC4,36,"...","Less: Contributions for government social insurance 5/","Thousands of dollars",16428,16868,19700,22818,28269,35588,37342,41386,46556,52421,60859,60824,70876,62393,59337,62108,66212,74055,75940,87394,91089,90371,85517,86675,92138,92537,95559,98079,92268,92041,86682,100188,90605,91862,93681,86805,80351,72788,67512,69249,67765,68118,61897,65040,71006,71271,71167,72131,74521,77951,77743,78787,83223,94915
 "54029","Hancock, WV",5,CAINC4,37,"..."," Employee and self-employed contributions for government social insurance ","Thousands of dollars",6989,7177,8301,9572,11675,14584,14830,16662,18621,20691,24603,24946,29447,25534,23686,24020,26376,29456,30038,34537,36823,36857,35203,35571,35887,37489,39671,40759,38878,37545,36155,39063,37020,38597,38765,36900,35012,34260,35187,37651,36523,36445,29987,31416,38396,39113,38914,39791,42138,44811,44352,46204,49108,56788
 "54029","Hancock, WV",5,CAINC4,38,"..."," Employer contributions for government social insurance ","Thousands of dollars",9439,9691,11399,13246,16594,21004,22512,24724,27935,31730,36256,35878,41429,36859,35651,38088,39836,44599,45902,52857,54266,53514,50314,51104,56251,55048,55888,57320,53390,54496,50527,61125,53585,53265,54916,49905,45339,38528,32325,31598,31242,31673,31910,33624,32610,32158,32253,32340,32383,33140,33391,32583,34115,38127
 "54029","Hancock, WV",5,CAINC4,42,"...","Plus: Adjustment for residence 6/","Thousands of dollars",-72925,-73137,-80665,-88880,-89712,-113345,-110271,-122337,-142601,-153040,-174919,-171762,-186437,-146240,-136155,-138254,-155067,-169941,-177110,-202571,-197183,-178018,-157600,-165644,-143830,-151649,-149261,-149777,-133100,-108301,-82709,-107330,-40283,-41219,-28203,7300,44884,86667,113174,107495,103395,124614,150042,130547,155767,166390,178753,178039,179806,173513,194149,204790,225650,168313
 "54029","Hancock, WV",5,CAINC4,45,"...","Equals: Net earnings by place of residence ","Thousands of dollars",120567,127344,141373,157098,164628,194105,203809,229373,255378,277144,310551,314097,337268,298129,278002,279915,288661,307712,322817,357962,384816,380085,360274,383828,390135,398308,402947,414589,410711,412807,414503,439613,470007,499131,501550,500730,503816,539733,562131,592531,562204,580801,623161,639534,645944,648308,654598,645682,667062,694345,712315,689660,745657,765022
 "54029","Hancock, WV",5,CAINC4,46,"...","Plus: Dividends, interest, and rent 7/","Thousands of dollars",16636,18050,19171,20171,22077,25716,29629,31912,35449,39544,44844,53709,64422,71780,75883,84101,87533,90246,88043,94280,102996,111882,105239,101492,99005,100982,96211,98820,110329,112010,106062,113585,113346,101555,90468,100775,108166,116387,130941,134246,125157,127402,140036,145237,137899,145320,149605,145709,144803,160619,169576,174851,186699,214376
 "54029","Hancock, WV",5,CAINC4,47,"...","Plus: Personal current transfer receipts ","Thousands of dollars",11308,13041,15453,17710,20579,23812,30387,33225,36634,41407,47894,57346,64563,79747,79607,82572,86191,90117,93880,98840,101851,109263,119126,132132,143957,149394,154453,165397,169763,169467,174077,184658,202427,215459,218870,211491,216768,229875,237059,261801,281261,300760,294376,302204,309607,320632,342049,354991,361073,370610,377801,468362,500282,452417
 "54029","Hancock, WV",5,CAINC4,50,"...","Wages and salaries ","Thousands of dollars",177298,183055,203472,224958,235022,285553,290674,326860,367688,400703,452364,450821,488143,411311,377410,380611,402296,432730,441722,492026,508151,492341,450033,454884,448312,460653,481072,495740,468316,457702,438248,482892,420601,441435,438365,413966,383648,371065,368279,398603,373094,368467,374154,401495,394200,396207,390042,385951,399289,428584,423142,402694,430323,511785
 "54029","Hancock, WV",5,CAINC4,60,"...","Supplements to wages and salaries ","Thousands of dollars",25893,27226,30876,35998,39052,48532,50788,55056,64027,67760,78721,80991,90639,81654,81504,82859,90514,102340,119614,134012,138480,130607,126329,154043,148695,154164,134628,132094,130769,124234,118278,134972,117434,123932,126048,118655,114904,115260,108102,111183,104830,102716,105811,115647,114900,109420,113904,107002,113884,120062,123456,114110,116002,124698
 "54029","Hancock, WV",5,CAINC4,61,"..."," Employer contributions for employee pension and insurance funds 8/","Thousands of dollars",16454,17535,19477,22752,22458,27528,28276,30332,36092,36030,42465,45113,49210,44795,45853,44771,50678,57741,73712,81155,84214,77093,76015,102939,92444,99116,78740,74774,77379,69738,67751,73847,63849,70667,71132,68750,69565,76732,75777,79585,73588,71043,73901,82023,82290,77262,81651,74662,81501,86922,90065,81527,81887,86571
 "54029","Hancock, WV",5,CAINC4,62,"..."," Employer contributions for government social insurance ","Thousands of dollars",9439,9691,11399,13246,16594,21004,22512,24724,27935,31730,36256,35878,41429,36859,35651,38088,39836,44599,45902,52857,54266,53514,50314,51104,56251,55048,55888,57320,53390,54496,50527,61125,53585,53265,54916,49905,45339,38528,32325,31598,31242,31673,31910,33624,32610,32158,32253,32340,32383,33140,33391,32583,34115,38127
 "54029","Hancock, WV",5,CAINC4,70,"...","Proprietors' income 9/","Thousands of dollars",6729,7068,7390,7840,8535,8953,9960,11180,12820,14142,15244,14871,15799,13797,14580,16807,17130,16638,14531,21889,26457,25526,27029,27220,29096,27677,32067,34611,36994,31213,27368,29267,62860,66845,59021,47614,40731,39529,40088,44499,48650,53122,55051,56885,52083,47562,43066,46821,48604,50137,49311,46853,56905,55141
 "54029","Hancock, WV",5,CAINC4,71,"..."," Farm proprietors' income ","Thousands of dollars",10,-11,-22,-21,16,-4,-40,-102,-88,-105,-137,-201,-209,-226,-212,-156,-135,2,-188,-250,194,254,-235,13,-43,-102,-160,-499,-275,-283,-314,-188,-87,-139,-107,-63,-201,-350,-562,-369,-269,-255,-9,200,-5,-386,-474,-614,-695,-694,-441,-589,-740,-775
 "54029","Hancock, WV",5,CAINC4,72,"..."," Nonfarm proprietors' income ","Thousands of dollars",6719,7079,7412,7861,8519,8957,10000,11282,12908,14247,15381,15072,16008,14023,14792,16963,17265,16636,14719,22139,26263,25272,27264,27207,29139,27779,32227,35110,37269,31496,27682,29455,62947,66984,59128,47677,40932,39879,40650,44868,48919,53377,55060,56685,52088,47948,43540,47435,49299,50831,49752,47442,57645,55916
 "54029","Hancock, WV",5,CAINC4,7010,"...","Total employment ","Number of jobs",24141,23547,24704,24703,25191,25631,24385,24778,25004,25295,25662,23752,23444,19745,18403,19078,19294,19681,20404,20394,20012,19981,19489,18941,18447,18308,18714,18842,18890,18697,17803,17971,16662,16882,16549,15997,15701,14975,14812,14921,14335,14240,13775,13933,13566,13282,12940,12564,12265,12300,12285,11309,11452,12247
 "54029","Hancock, WV",5,CAINC4,7020,"..."," Wage and salary employment ","Number of jobs",22685,22022,23174,23195,23631,24056,22797,23209,23378,23619,23992,22009,21740,18126,16729,17345,17456,17755,18377,18272,17946,17946,17346,16840,16458,16361,16543,16652,16704,16448,15750,15858,14363,14615,14273,13662,13362,12605,12288,12416,11823,11754,11334,11616,11183,10881,10652,10346,10080,10089,10171,9161,9254,9913
 "54029","Hancock, WV",5,CAINC4,7040,"..."," Proprietors employment ","Number of jobs",1456,1525,1530,1508,1560,1575,1588,1569,1626,1676,1670,1743,1704,1619,1674,1733,1838,1926,2027,2122,2066,2035,2143,2101,1989,1947,2171,2190,2186,2249,2053,2113,2299,2267,2276,2335,2339,2370,2524,2505,2512,2486,2441,2317,2383,2401,2288,2218,2185,2211,2114,2148,2198,2334
 "54031","Hardy, WV",5,CAINC4,10,"...","Personal income (thousands of dollars) ","Thousands of dollars",19105,21254,22955,26483,32260,32637,36659,39639,45175,52520,58968,65021,68902,71130,77359,92467,101537,113705,114330,123586,136539,146195,153296,166675,189420,198443,200200,204162,215803,226755,245019,260727,272596,270207,284361,300766,310227,306789,314564,330632,343166,367783,390434,389010,405498,414487,431431,438215,471922,467977,488811,509518,577329,621543
 "54031","Hardy, WV",5,CAINC4,11,"..."," Nonfarm personal income 1/","Thousands of dollars",16587,18689,20725,23772,27685,29115,32610,38230,44659,51741,58546,66307,70830,73848,80411,88910,97865,108077,113971,122118,129764,141840,145859,160279,179461,186796,191460,198310,208073,217433,232211,248261,259340,271146,278342,289803,299015,305614,317096,334294,346490,364226,388938,399852,402672,417205,433227,444527,467743,481241,505905,539271,588218,585038
 "54031","Hardy, WV",5,CAINC4,12,"..."," Farm income 2/","Thousands of dollars",2518,2565,2230,2711,4575,3522,4049,1409,516,779,422,-1286,-1928,-2718,-3052,3557,3672,5628,359,1468,6775,4355,7437,6396,9959,11647,8740,5852,7730,9322,12808,12466,13256,-939,6019,10963,11212,1175,-2532,-3662,-3324,3557,1496,-10842,2826,-2718,-1796,-6312,4179,-13264,-17094,-29753,-10889,36505
 "54031","Hardy, WV",5,CAINC4,20,"...","Population (persons) 3/","Number of persons",9028,8873,8998,8839,9067,9357,9650,9718,9807,9954,9886,10024,9995,10171,10344,10410,10385,10418,10579,10667,10781,11029,11197,11313,11539,11666,11872,12071,12112,12314,12541,12677,12805,12877,13140,13325,13529,13611,13807,13793,13885,14059,14042,13991,14172,14219,14147,14212,14297,14285,14384,14241,14155,14192
 "54031","Hardy, WV",5,CAINC4,30,"...","Per capita personal income (dollars) 4/","Dollars",2116,2395,2551,2996,3558,3488,3799,4079,4606,5276,5965,6487,6894,6993,7479,8883,9777,10914,10807,11586,12665,13256,13691,14733,16416,17010,16863,16913,17817,18414,19537,20567,21288,20984,21641,22572,22931,22540,22783,23971,24715,26160,27805,27804,28613,29150,30496,30834,33008,32760,33983,35778,40786,43795
 "54031","Hardy, WV",5,CAINC4,35,"...","Earnings by place of work ","Thousands of dollars",13691,14614,14774,16852,21476,20743,22782,24660,28762,34330,37663,38503,38002,36250,39847,52057,58246,68988,67650,76116,85752,90982,94926,106143,135431,145484,145849,145167,154442,166084,186490,198975,204008,208831,226247,246774,251622,249069,244730,231767,227202,242634,246114,239409,251852,250686,265297,269550,294743,282615,288731,273263,304274,372160
 "54031","Hardy, WV",5,CAINC4,36,"...","Less: Contributions for government social insurance 5/","Thousands of dollars",806,846,931,1107,1511,1621,1802,2310,2806,3368,3936,4332,4600,4637,5287,6184,7139,8675,9402,10796,11544,12863,13440,15310,19753,20718,21816,22242,23385,25019,27164,30231,31665,33357,35391,37024,37097,36059,33058,30144,30379,31216,29096,29407,32457,34215,36231,38208,39191,39731,40764,42013,43319,46617
 "54031","Hardy, WV",5,CAINC4,37,"..."," Employee and self-employed contributions for government social insurance ","Thousands of dollars",391,417,450,530,704,761,834,1014,1184,1409,1655,1828,1975,2035,2217,2499,2943,3568,3928,4361,4815,5190,5421,6110,7568,8228,8641,8726,9136,9554,10590,11110,11483,12444,13157,14124,14564,15220,15653,15286,15186,15785,13101,13308,16559,17323,18221,19348,20758,21319,21918,22672,23684,25723
 "54031","Hardy, WV",5,CAINC4,38,"..."," Employer contributions for government social insurance ","Thousands of dollars",415,429,481,577,807,860,968,1296,1622,1959,2281,2504,2625,2602,3070,3685,4196,5107,5474,6435,6729,7673,8019,9200,12185,12490,13175,13516,14249,15465,16574,19121,20182,20913,22234,22900,22533,20839,17405,14858,15193,15431,15995,16099,15898,16892,18010,18860,18433,18412,18846,19341,19635,20894
 "54031","Hardy, WV",5,CAINC4,42,"...","Plus: Adjustment for residence 6/","Thousands of dollars",1744,2189,3105,3864,4039,3666,3904,4349,4930,5662,6677,8163,8831,9610,10404,10860,10980,11774,13195,13109,13537,15453,15314,14782,10445,9061,8196,8764,7862,7402,5208,5931,5497,-3368,-7406,-10998,-11150,-15478,-16869,-10381,-5478,-5046,4933,10409,16099,16422,15466,14432,14527,18388,24108,27826,31000,30205
 "54031","Hardy, WV",5,CAINC4,45,"...","Equals: Net earnings by place of residence ","Thousands of dollars",14629,15957,16948,19609,24004,22788,24884,26699,30886,36624,40404,42334,42233,41223,44964,56733,62087,72087,71443,78429,87745,93572,96800,105615,126123,133827,132229,131689,138919,148467,164534,174675,177840,172106,183450,198752,203375,197532,194803,191242,191345,206372,221951,220411,235494,232893,244532,245774,270079,261272,272075,259076,291955,355748
 "54031","Hardy, WV",5,CAINC4,46,"...","Plus: Dividends, interest, and rent 7/","Thousands of dollars",2086,2413,2756,3289,4018,4577,5196,5697,6544,7550,8848,11113,13599,15088,16559,19019,21168,22614,22772,23935,26116,28169,29058,30111,31041,32298,33831,35478,38470,38108,37860,40934,43196,41536,42659,44727,45540,43110,50067,57870,59311,61986,66865,64286,63606,68410,70325,72315,78232,78642,84052,81523,92199,98814
 "54031","Hardy, WV",5,CAINC4,47,"...","Plus: Personal current transfer receipts ","Thousands of dollars",2390,2884,3251,3585,4238,5272,6579,7243,7745,8346,9716,11574,13070,14819,15836,16715,18282,19004,20115,21222,22678,24454,27438,30949,32256,32318,34140,36995,38414,40180,42625,45118,51560,56565,58252,57287,61312,66147,69694,81520,92510,99425,101618,104313,106398,113184,116574,120126,123611,128063,132684,168919,193175,166981
 "54031","Hardy, WV",5,CAINC4,50,"...","Wages and salaries ","Thousands of dollars",7703,8223,8795,9604,11614,11933,13264,16854,20547,23935,26969,28874,28750,28788,31330,35313,40133,46797,49013,54596,55832,61032,61890,70422,87353,94077,98019,99324,105368,110833,123744,129786,139277,152685,157904,168994,171980,176026,179303,173458,169696,174469,175859,178889,178442,184585,192798,204397,212293,216113,221391,225180,235072,255896
 "54031","Hardy, WV",5,CAINC4,60,"...","Supplements to wages and salaries ","Thousands of dollars",906,1001,1140,1340,1656,1772,1957,2513,3203,3787,4479,4958,5275,5393,6436,7630,9010,10934,11515,12977,14095,16511,17289,20104,26329,27570,27495,27919,28881,31558,34362,37167,40329,44891,49525,51921,52874,56786,54949,50715,49087,49450,50555,53764,55140,55070,57881,56345,59962,60462,61684,59619,60312,63076
 "54031","Hardy, WV",5,CAINC4,61,"..."," Employer contributions for employee pension and insurance funds 8/","Thousands of dollars",491,572,659,763,849,912,989,1217,1581,1828,2198,2454,2650,2791,3366,3945,4814,5827,6041,6542,7366,8838,9270,10904,14144,15080,14320,14403,14632,16093,17788,18046,20147,23978,27291,29021,30341,35947,37544,35857,33894,34019,34560,37665,39242,38178,39871,37485,41529,42050,42838,40278,40677,42182
 "54031","Hardy, WV",5,CAINC4,62,"..."," Employer contributions for government social insurance ","Thousands of dollars",415,429,481,577,807,860,968,1296,1622,1959,2281,2504,2625,2602,3070,3685,4196,5107,5474,6435,6729,7673,8019,9200,12185,12490,13175,13516,14249,15465,16574,19121,20182,20913,22234,22900,22533,20839,17405,14858,15193,15431,15995,16099,15898,16892,18010,18860,18433,18412,18846,19341,19635,20894
 "54031","Hardy, WV",5,CAINC4,70,"...","Proprietors' income 9/","Thousands of dollars",5082,5390,4839,5908,8206,7038,7561,5293,5012,6608,6215,4671,3977,2069,2081,9114,9103,11257,7122,8543,15825,13439,15747,15617,21749,23837,20335,17924,20193,23693,28384,32022,24402,11255,18818,25859,26768,16257,10478,7594,8419,18715,19700,6756,18270,11031,14618,8808,22488,6040,5656,-11536,8890,53188
 "54031","Hardy, WV",5,CAINC4,71,"..."," Farm proprietors' income ","Thousands of dollars",2142,2156,1804,2327,4039,3011,3683,861,33,-1,-454,-2218,-2842,-3766,-4222,2213,2139,4008,-1438,-462,4781,2116,5377,4466,7768,9423,6222,3306,4890,6559,10328,10513,11252,-2930,3777,8734,9399,-871,-4929,-6033,-5701,1223,-624,-14308,-694,-6455,-4867,-9751,1070,-16194,-19472,-32297,-13313,33060
 "54031","Hardy, WV",5,CAINC4,72,"..."," Nonfarm proprietors' income ","Thousands of dollars",2940,3234,3035,3581,4167,4027,3878,4432,4979,6609,6669,6889,6819,5835,6303,6901,6964,7249,8560,9005,11044,11323,10370,11151,13981,14414,14113,14618,15303,17134,18056,21509,13150,14185,15041,17125,17369,17128,15407,13627,14120,17492,20324,21064,18964,17486,19485,18559,21418,22234,25128,20761,22203,20128
 "54031","Hardy, WV",5,CAINC4,7010,"...","Total employment ","Number of jobs",3723,3634,3747,3780,3944,3829,3700,3955,4050,4345,4641,4534,4308,4113,4251,4365,4524,4931,4983,5178,5112,5525,5446,5845,6764,7007,7144,7121,7327,7135,7481,7601,7928,8196,8197,8270,8526,8623,8603,8163,7850,7794,8014,7924,7829,7889,7958,8133,8306,8107,7889,7650,7536,7710
 "54031","Hardy, WV",5,CAINC4,7020,"..."," Wage and salary employment ","Number of jobs",2036,2027,2135,2227,2384,2292,2404,2805,2972,3292,3565,3402,3209,3001,3075,3169,3306,3668,3688,3848,3774,4159,4060,4420,5370,5556,5692,5614,5768,5801,6152,6272,6483,6804,6843,6867,7039,7125,7018,6625,6297,6220,6322,6226,6138,6171,6236,6401,6544,6347,6235,5954,5849,5948
 "54031","Hardy, WV",5,CAINC4,7040,"..."," Proprietors employment ","Number of jobs",1687,1607,1612,1553,1560,1537,1296,1150,1078,1053,1076,1132,1099,1112,1176,1196,1218,1263,1295,1330,1338,1366,1386,1425,1394,1451,1452,1507,1559,1334,1329,1329,1445,1392,1354,1403,1487,1498,1585,1538,1553,1574,1692,1698,1691,1718,1722,1732,1762,1760,1654,1696,1687,1762
 "54033","Harrison, WV",5,CAINC4,10,"...","Personal income (thousands of dollars) ","Thousands of dollars",224266,246826,283783,316414,332110,368313,406843,436879,493355,542616,610193,663994,724097,767250,791033,847860,881103,860593,893652,961434,996825,1056811,1127448,1201426,1232878,1288792,1320628,1400620,1497586,1557326,1601647,1665953,1740304,1834591,1876880,1941364,2124138,2316640,2293600,2490181,2460127,2599882,2813801,2831686,2852853,2998440,2976602,2904731,3068106,3275435,3391241,3474781,3770214,3833753
 "54033","Harrison, WV",5,CAINC4,11,"..."," Nonfarm personal income 1/","Thousands of dollars",223682,246327,283220,315774,331340,368047,406926,436997,493523,542717,610703,664651,725001,768648,791913,848720,882402,861847,894342,961784,996965,1057668,1129113,1202486,1233660,1289639,1322917,1403495,1499970,1559209,1603380,1666393,1740840,1835756,1879203,1943301,2126923,2320798,2299146,2494301,2464624,2604882,2817950,2836914,2855999,3001032,2979026,2907533,3070291,3278130,3392879,3477036,3772990,3837555
 "54033","Harrison, WV",5,CAINC4,12,"..."," Farm income 2/","Thousands of dollars",584,499,563,640,770,266,-83,-118,-168,-101,-510,-657,-904,-1398,-880,-860,-1299,-1254,-690,-350,-140,-857,-1665,-1060,-782,-847,-2289,-2875,-2384,-1883,-1733,-440,-536,-1165,-2323,-1937,-2785,-4158,-5546,-4120,-4497,-5000,-4149,-5228,-3146,-2592,-2424,-2802,-2185,-2695,-1638,-2255,-2776,-3802
 "54033","Harrison, WV",5,CAINC4,20,"...","Population (persons) 3/","Number of persons",72686,73227,74509,76019,76079,75694,76090,77300,77734,77497,77464,77724,77709,77432,77136,76094,75224,73777,73427,71692,70419,69216,69345,69740,69948,69961,69902,69922,70174,69647,69056,68520,67817,67778,67707,67900,67989,68141,67940,68441,68696,69217,69171,68866,68579,68239,68004,67717,67176,66672,66363,65839,65436,64915
 "54033","Harrison, WV",5,CAINC4,30,"...","Per capita personal income (dollars) 4/","Dollars",3085,3371,3809,4162,4365,4866,5347,5652,6347,7002,7877,8543,9318,9909,10255,11142,11713,11665,12171,13411,14156,15268,16259,17227,17626,18422,18893,20031,21341,22360,23193,24313,25662,27068,27721,28592,31242,33998,33759,36384,35812,37561,40679,41119,41600,43940,43771,42895,45673,49128,51101,52777,57617,59058
 "54033","Harrison, WV",5,CAINC4,35,"...","Earnings by place of work ","Thousands of dollars",194868,211031,248025,285151,289231,315849,328310,348671,395812,433492,490816,508772,537863,548661,551033,603633,626969,593646,628550,679293,690519,734936,798210,843373,891492,959831,964751,1045242,1149449,1190215,1273416,1313302,1376441,1454124,1530744,1645025,1811924,1980681,1900188,2051511,2003498,2116958,2292237,2296462,2413500,2564363,2514111,2458566,2609454,2906606,2966654,2853231,3045117,3227336
 "54033","Harrison, WV",5,CAINC4,36,"...","Less: Contributions for government social insurance 5/","Thousands of dollars",15288,16316,20490,25248,29056,32073,32072,34934,38605,43347,51465,54150,61167,63904,64568,72632,76358,77091,81351,87092,90944,97178,107585,114692,125515,136964,138732,148923,159785,165167,175295,184071,183592,188344,202107,212104,221301,231141,226774,245421,236268,245907,229457,233358,277380,300154,297121,298712,318265,349923,352160,349164,367451,390919
 "54033","Harrison, WV",5,CAINC4,37,"..."," Employee and self-employed contributions for government social insurance ","Thousands of dollars",6674,7170,8672,10338,11987,13534,13970,14782,16174,17900,21441,22796,26090,27535,27568,30130,32860,32536,35020,38910,41290,43982,49005,51034,54387,59225,61002,64164,68893,70298,74918,75553,80162,83383,89595,96745,105576,117168,122633,141723,127610,134582,112232,111519,148278,159988,157287,155639,166648,183124,185438,187002,197761,212905
 "54033","Harrison, WV",5,CAINC4,38,"..."," Employer contributions for government social insurance ","Thousands of dollars",8614,9146,11818,14910,17069,18539,18102,20152,22431,25447,30024,31354,35077,36369,37000,42502,43498,44555,46331,48182,49654,53196,58580,63658,71128,77739,77730,84759,90892,94869,100377,108518,103430,104961,112512,115359,115725,113973,104141,103698,108658,111325,117225,121839,129102,140166,139834,143073,151617,166799,166722,162162,169690,178014
 "54033","Harrison, WV",5,CAINC4,42,"...","Plus: Adjustment for residence 6/","Thousands of dollars",-8716,-9577,-15027,-22761,-20363,-22447,-17823,-15760,-16247,-14613,-23624,-23198,-22743,-21487,-22351,-27493,-31049,-34064,-37621,-35405,-34150,-32582,-43063,-52834,-68594,-84274,-79319,-104651,-131477,-138773,-158326,-162886,-169829,-178192,-188828,-227776,-220852,-251243,-249215,-267556,-282431,-279033,-314127,-308011,-367360,-437406,-433575,-453631,-491698,-589973,-591099,-562555,-627094,-681357
 "54033","Harrison, WV",5,CAINC4,45,"...","Equals: Net earnings by place of residence ","Thousands of dollars",170864,185138,212508,237142,239812,261329,278415,297977,340960,375532,415727,431424,453953,463270,464114,503508,519562,482491,509578,556796,565425,605176,647562,675847,697383,738593,746700,791668,858187,886275,939795,966345,1023020,1087588,1139809,1205145,1369771,1498297,1424199,1538534,1484799,1592018,1748653,1755093,1768760,1826803,1783415,1706223,1799491,1966710,2023395,1941512,2050572,2155060
 "54033","Harrison, WV",5,CAINC4,46,"...","Plus: Dividends, interest, and rent 7/","Thousands of dollars",28088,31472,34375,37503,41997,48895,58521,63156,70501,78700,89656,112004,137979,155223,164011,179192,187447,191926,190458,199473,216591,225003,226624,238237,232291,245263,261980,279897,305444,322622,309722,337951,318854,316280,300942,302855,307994,342117,366254,398368,384624,386410,439479,446052,451186,490683,491264,472140,518933,540993,583575,563750,648777,724780
 "54033","Harrison, WV",5,CAINC4,47,"...","Plus: Personal current transfer receipts ","Thousands of dollars",25314,30216,36900,41769,50301,58089,69907,75746,81894,88384,104810,120566,132165,148757,162908,165160,174094,186176,193616,205165,214809,226632,253262,287342,303204,304936,311948,329055,333955,348429,352130,361657,398430,430723,436129,433364,446373,476226,503147,553279,590704,621454,625669,630541,632907,680954,701923,726368,749682,767732,784271,969519,1070865,953913
 "54033","Harrison, WV",5,CAINC4,50,"...","Wages and salaries ","Thousands of dollars",154249,166909,198281,227962,228896,247438,253928,269395,295979,321891,372069,391020,414917,425220,418207,451990,468679,470006,486161,487246,501344,527894,559643,590496,623153,682064,681994,748834,823413,835448,892974,906141,938921,987242,1033964,1103146,1109156,1186665,1237905,1344613,1372956,1411004,1486081,1544579,1638518,1772961,1761959,1761236,1878458,2107751,2119377,2024452,2171791,2330842
 "54033","Harrison, WV",5,CAINC4,60,"...","Supplements to wages and salaries ","Thousands of dollars",20023,21998,26628,31761,33509,37221,38059,41669,47766,52520,63069,67412,73871,77293,82597,91687,98493,103949,108328,106280,113540,123501,136338,153370,167029,180728,178468,197715,218264,226025,244047,256570,267155,282160,304290,323478,330440,363944,356846,372575,383633,387151,413665,437124,461866,464499,480679,474518,519895,569573,584998,555515,584231,604012
 "54033","Harrison, WV",5,CAINC4,61,"..."," Employer contributions for employee pension and insurance funds 8/","Thousands of dollars",11409,12852,14810,16851,16440,18682,19957,21517,25335,27073,33045,36058,38794,40924,45597,49185,54995,59394,61997,58098,63886,70305,77758,89712,95901,102989,100738,112956,127372,131156,143670,148052,163725,177199,191778,208119,214715,249971,252705,268877,274975,275826,296440,315285,332764,324333,340845,331445,368278,402774,418276,393353,414541,425998
 "54033","Harrison, WV",5,CAINC4,62,"..."," Employer contributions for government social insurance ","Thousands of dollars",8614,9146,11818,14910,17069,18539,18102,20152,22431,25447,30024,31354,35077,36369,37000,42502,43498,44555,46331,48182,49654,53196,58580,63658,71128,77739,77730,84759,90892,94869,100377,108518,103430,104961,112512,115359,115725,113973,104141,103698,108658,111325,117225,121839,129102,140166,139834,143073,151617,166799,166722,162162,169690,178014
 "54033","Harrison, WV",5,CAINC4,70,"...","Proprietors' income 9/","Thousands of dollars",20596,22124,23116,25428,26826,31190,36323,37607,52067,59081,55678,50340,49075,46148,50229,59956,59797,19691,34061,85767,75635,83541,102229,99507,101310,97039,104289,98693,107772,128742,136395,150591,170365,184722,192490,218401,372328,430072,305437,334323,246909,318803,392491,314759,313116,326903,271473,222812,211101,229282,262279,273264,289095,292482
 "54033","Harrison, WV",5,CAINC4,71,"..."," Farm proprietors' income ","Thousands of dollars",296,209,283,403,454,-22,-309,-425,-453,-516,-948,-1096,-1320,-1837,-1263,-1186,-1583,-1480,-876,-559,-371,-1126,-1922,-1311,-1043,-1094,-2553,-3139,-2650,-2173,-2031,-720,-872,-1559,-2789,-2421,-3195,-4639,-6127,-4641,-4976,-5434,-4514,-5791,-3714,-3196,-2921,-3355,-2692,-3173,-2027,-2672,-3174,-4367
 "54033","Harrison, WV",5,CAINC4,72,"..."," Nonfarm proprietors' income ","Thousands of dollars",20300,21915,22833,25025,26372,31212,36632,38032,52520,59597,56626,51436,50395,47985,51492,61142,61380,21171,34937,86326,76006,84667,104151,100818,102353,98133,106842,101832,110422,130915,138426,151311,171237,186281,195279,220822,375523,434711,311564,338964,251885,324237,397005,320550,316830,330099,274394,226167,213793,232455,264306,275936,292269,296849
 "54033","Harrison, WV",5,CAINC4,7010,"...","Total employment ","Number of jobs",30860,30718,32562,33310,33225,33093,32139,32179,32445,33151,34508,33892,33305,32149,31630,32368,32164,31772,32034,31939,32181,32763,33271,33876,34737,36637,36742,38034,40505,41170,40657,40882,40834,41574,42116,42204,42500,42802,43106,43973,43854,44011,44686,45600,46100,46726,46425,46109,47025,48311,47326,44486,45648,47318
 "54033","Harrison, WV",5,CAINC4,7020,"..."," Wage and salary employment ","Number of jobs",26587,26492,28232,29099,28826,28651,27683,27806,27930,28502,29888,29082,28388,27137,26266,27094,26951,26685,26657,26542,26745,27137,27563,28345,29121,30632,30381,31750,33802,34132,33943,34068,33929,34742,35199,35389,35413,35588,35490,36016,35941,35959,36705,37152,37719,38512,38173,38107,39134,40666,40347,37217,38186,39379
 "54033","Harrison, WV",5,CAINC4,7040,"..."," Proprietors employment ","Number of jobs",4273,4226,4330,4211,4399,4442,4456,4373,4515,4649,4620,4810,4917,5012,5364,5274,5213,5087,5377,5397,5436,5626,5708,5531,5616,6005,6361,6284,6703,7038,6714,6814,6905,6832,6917,6815,7087,7214,7616,7957,7913,8052,7981,8448,8381,8214,8252,8002,7891,7645,6979,7269,7462,7939
 "54035","Jackson, WV",5,CAINC4,10,"...","Personal income (thousands of dollars) ","Thousands of dollars",57983,61744,68664,74120,84905,97688,107513,125082,145132,167341,191321,216039,236895,224512,229090,247470,253910,262536,276149,298827,314324,331596,341961,387413,402459,436733,453244,470259,499194,531836,535811,563242,586785,602033,610952,636910,668697,732905,784957,850260,847676,797004,897687,940164,948845,982244,1010164,993759,1023800,1097887,1114223,1172633,1250340,1260160
 "54035","Jackson, WV",5,CAINC4,11,"..."," Nonfarm personal income 1/","Thousands of dollars",57501,61323,68193,73491,84133,97355,107449,125165,145151,167133,190589,216098,237660,225748,229589,247249,254074,262368,277198,299947,314951,332290,343323,387746,403164,437459,455396,473217,502251,534849,539116,564344,587270,603955,614476,638763,671214,737744,791015,854886,851742,800675,899241,940142,949628,984238,1013082,998207,1028739,1103448,1118387,1177258,1255593,1267052
 "54035","Jackson, WV",5,CAINC4,12,"..."," Farm income 2/","Thousands of dollars",482,421,471,629,772,333,64,-83,-19,208,732,-59,-765,-1236,-499,221,-164,168,-1049,-1120,-627,-694,-1362,-333,-705,-726,-2152,-2958,-3057,-3013,-3305,-1102,-485,-1922,-3524,-1853,-2517,-4839,-6058,-4626,-4066,-3671,-1554,22,-783,-1994,-2918,-4448,-4939,-5561,-4164,-4625,-5253,-6892
 "54035","Jackson, WV",5,CAINC4,20,"...","Population (persons) 3/","Number of persons",21624,20855,20802,21335,21466,21643,22285,22801,23581,24041,24986,25912,26363,26287,26196,26229,26486,26024,25923,26029,25944,25946,25933,25982,26314,26487,26892,27112,27373,27663,27912,28061,28098,28270,28362,28676,28622,28877,29089,29101,29155,29215,29230,29123,28966,28835,28804,28747,28408,28165,28018,27720,27761,27716
 "54035","Jackson, WV",5,CAINC4,30,"...","Per capita personal income (dollars) 4/","Dollars",2681,2961,3301,3474,3955,4514,4824,5486,6155,6961,7657,8337,8986,8541,8745,9435,9587,10088,10653,11481,12115,12780,13186,14911,15294,16489,16854,17345,18237,19226,19196,20072,20884,21296,21541,22211,23363,25380,26985,29218,29075,27281,30711,32283,32757,34064,35070,34569,36039,38981,39768,42303,45039,45467
 "54035","Jackson, WV",5,CAINC4,35,"...","Earnings by place of work ","Thousands of dollars",58245,62185,67306,67416,80120,93101,96523,116190,137633,160880,184273,205860,223492,171647,173816,193266,186749,186187,198779,222129,230469,227979,218663,263341,270664,308293,308621,312737,330627,354420,351588,368690,364745,366794,364662,381251,395911,423789,436659,450443,396359,389102,393888,430921,444822,450179,462858,457880,474926,1169699,671090,572615,547996,554074
 "54035","Jackson, WV",5,CAINC4,36,"...","Less: Contributions for government social insurance 5/","Thousands of dollars",4300,4637,5173,5299,7539,9191,9707,11683,13857,16970,19818,22335,26283,20991,21497,24606,23922,24662,26294,30248,31716,32016,31969,37509,40238,45157,46066,46955,48516,52862,52095,57088,55978,53059,55357,56540,58182,58203,56350,55402,51163,50283,45884,48622,56357,58214,60425,61860,63741,145087,86440,78940,75756,77246
 "54035","Jackson, WV",5,CAINC4,37,"..."," Employee and self-employed contributions for government social insurance ","Thousands of dollars",1922,2043,2288,2380,3266,3961,4090,4942,5766,6867,8244,9372,11085,8801,8786,9720,9827,10273,11099,12424,13369,13600,13558,15579,16341,18862,19698,20104,21057,22336,22287,22728,22981,22948,23666,24904,26221,28339,30289,31545,29265,29021,24138,25498,32179,33590,34537,35455,37314,78158,49201,45977,44846,47360
 "54035","Jackson, WV",5,CAINC4,38,"..."," Employer contributions for government social insurance ","Thousands of dollars",2378,2594,2885,2919,4273,5230,5617,6741,8091,10103,11574,12963,15198,12190,12711,14886,14095,14389,15195,17824,18347,18416,18411,21930,23897,26295,26368,26851,27459,30526,29808,34360,32997,30111,31691,31636,31961,29864,26061,23857,21898,21262,21746,23124,24178,24624,25888,26405,26427,66929,37239,32963,30910,29886
 "54035","Jackson, WV",5,CAINC4,42,"...","Plus: Adjustment for residence 6/","Thousands of dollars",-6943,-8459,-7963,-4396,-6209,-8152,-6887,-9448,-11461,-13402,-15730,-21181,-24283,-5968,-5958,-8229,-1486,2657,1993,-1765,254,12594,21707,13431,18854,13734,19340,22426,24681,26459,32406,34818,44418,51310,61298,67844,76834,92823,102686,115168,138799,97445,175727,176890,175798,191802,182867,181325,181182,-381634,63539,129924,183143,225718
 "54035","Jackson, WV",5,CAINC4,45,"...","Equals: Net earnings by place of residence ","Thousands of dollars",47002,49089,54170,57721,66372,75758,79929,95059,112315,130508,148725,162344,172926,144688,146361,160431,161341,164182,174478,190116,199007,208557,208401,239263,249280,276870,281895,288208,306792,328017,331899,346420,353185,365045,370603,392555,414563,458409,482995,510209,483995,436264,523731,559189,564263,583767,585300,577345,592367,642978,648189,623599,655383,702546
 "54035","Jackson, WV",5,CAINC4,46,"...","Plus: Dividends, interest, and rent 7/","Thousands of dollars",5324,6129,6915,7735,8871,10366,12030,13378,15310,17469,19998,24994,30360,34864,38605,43703,46999,48203,47238,50572,54865,57451,57656,57935,59725,62586,69738,73209,79199,83763,81106,87100,90008,79989,75981,78554,80368,87412,102319,116502,111240,103776,115567,118803,119470,117421,134433,119221,124723,136054,138625,145208,143315,155151
 "54035","Jackson, WV",5,CAINC4,47,"...","Plus: Personal current transfer receipts ","Thousands of dollars",5657,6526,7579,8664,9662,11564,15554,16645,17507,19364,22598,28701,33609,44960,44124,43336,45570,50151,54433,58139,60452,65588,75904,90215,93454,97277,101611,108842,113203,120056,122806,129722,143592,156999,164368,165801,173766,187084,199643,223549,252441,256964,258389,262172,265112,281056,290431,297193,306710,318855,327409,403826,451642,402463
 "54035","Jackson, WV",5,CAINC4,50,"...","Wages and salaries ","Thousands of dollars",46243,49660,53494,52375,62696,73359,75377,92014,109537,128733,147127,164700,179560,135694,133969,147558,140608,137800,143553,161580,165729,164017,158794,185086,188429,215648,221140,226267,234066,248864,247099,258463,258258,256675,257608,268982,279945,298004,312311,324223,278344,267138,267418,292486,304673,312618,320190,323681,335959,930799,497954,419090,394816,406833
 "54035","Jackson, WV",5,CAINC4,60,"...","Supplements to wages and salaries ","Thousands of dollars",6788,7298,8113,8584,10344,12517,13157,15326,18678,21530,25207,29476,32974,25908,28218,31246,31209,32471,37668,43083,45091,43546,42963,58579,60093,68349,62278,60879,64235,66636,66289,72099,69168,70738,72437,75562,79308,86171,86138,86970,74664,69766,71552,78761,82147,78907,85083,81264,87866,186383,118042,100794,95566,93350
 "54035","Jackson, WV",5,CAINC4,61,"..."," Employer contributions for employee pension and insurance funds 8/","Thousands of dollars",4410,4704,5228,5665,6071,7287,7540,8585,10587,11427,13633,16513,17776,13718,15507,16360,17114,18082,22473,25259,26744,25130,24552,36649,36196,42054,35910,34028,36776,36110,36481,37739,36171,40627,40746,43926,47347,56307,60077,63113,52766,48504,49806,55637,57969,54283,59195,54859,61439,119454,80803,67831,64656,63464
 "54035","Jackson, WV",5,CAINC4,62,"..."," Employer contributions for government social insurance ","Thousands of dollars",2378,2594,2885,2919,4273,5230,5617,6741,8091,10103,11574,12963,15198,12190,12711,14886,14095,14389,15195,17824,18347,18416,18411,21930,23897,26295,26368,26851,27459,30526,29808,34360,32997,30111,31691,31636,31961,29864,26061,23857,21898,21262,21746,23124,24178,24624,25888,26405,26427,66929,37239,32963,30910,29886
 "54035","Jackson, WV",5,CAINC4,70,"...","Proprietors' income 9/","Thousands of dollars",5214,5227,5699,6457,7080,7225,7989,8850,9418,10617,11939,11684,10958,10045,11629,14462,14932,15916,17558,17466,19649,20416,16906,19676,22142,24296,25203,25591,32326,38920,38200,38128,37319,39381,34617,36707,36658,39614,38210,39250,43351,52198,54918,59674,58002,58654,57585,52935,51101,52517,55094,52731,57614,53891
 "54035","Jackson, WV",5,CAINC4,71,"..."," Farm proprietors' income ","Thousands of dollars",306,250,314,507,625,214,-6,-175,-91,106,591,-235,-963,-1472,-721,7,-382,-29,-1239,-1328,-851,-951,-1604,-562,-915,-901,-2310,-3088,-3163,-3146,-3456,-1254,-684,-2173,-3820,-2157,-2773,-5139,-6412,-4996,-4447,-4044,-1900,-546,-1356,-2603,-3420,-5007,-5450,-6043,-4556,-5045,-5654,-7461
 "54035","Jackson, WV",5,CAINC4,72,"..."," Nonfarm proprietors' income ","Thousands of dollars",4908,4977,5385,5950,6455,7011,7995,9025,9509,10511,11348,11919,11921,11517,12350,14455,15314,15945,18797,18794,20500,21367,18510,20238,23057,25197,27513,28679,35489,42066,41656,39382,38003,41554,38437,38864,39431,44753,44622,44246,47798,56242,56818,60220,59358,61257,61005,57942,56551,58560,59650,57776,63268,61352
 "54035","Jackson, WV",5,CAINC4,7010,"...","Total employment ","Number of jobs",7819,7838,7805,7609,8415,8552,8545,9120,9806,10117,10416,10811,10797,8962,8829,9371,9376,9564,9983,10243,10471,10271,10122,10845,11135,11858,12259,12179,12525,12964,12551,12545,12395,12180,11673,11824,12023,12392,12802,12664,11573,11253,11190,11392,11629,11553,11639,11459,11470,16523,12620,11321,11200,11504
 "54035","Jackson, WV",5,CAINC4,7020,"..."," Wage and salary employment ","Number of jobs",6409,6493,6420,6247,6899,7025,6934,7489,8150,8439,8663,8910,8889,7095,6836,7311,7236,7309,7580,7850,7995,7699,7584,8235,8523,9160,9496,9361,9575,9805,9560,9518,9502,9355,8866,8972,9029,9245,9445,9336,8344,8099,8029,8215,8368,8336,8470,8392,8421,13449,9767,8500,8113,8260
 "54035","Jackson, WV",5,CAINC4,7040,"..."," Proprietors employment ","Number of jobs",1410,1345,1385,1362,1516,1527,1611,1631,1656,1678,1753,1901,1908,1867,1993,2060,2140,2255,2403,2393,2476,2572,2538,2610,2612,2698,2763,2818,2950,3159,2991,3027,2893,2825,2807,2852,2994,3147,3357,3328,3229,3154,3161,3177,3261,3217,3169,3067,3049,3074,2853,2821,3087,3244
 "54037","Jefferson, WV",5,CAINC4,10,"...","Personal income (thousands of dollars) ","Thousands of dollars",65644,72069,80756,88892,100510,110569,122744,139529,158401,183090,205745,235887,260631,280049,306811,346325,384064,421373,465456,518717,585757,613111,630078,694436,732720,770426,810785,857094,934431,985415,1041628,1138804,1277240,1314159,1377231,1544493,1682042,1826000,1950844,2036773,2053541,2140685,2316248,2409853,2408685,2471902,2547039,2680687,2740621,2864701,3044138,3283685,3606749,3741292
 "54037","Jefferson, WV",5,CAINC4,11,"..."," Nonfarm personal income 1/","Thousands of dollars",63423,70726,79378,87535,98137,109022,122121,138973,158280,181063,204002,234879,259858,279020,304595,344914,381578,416415,461271,515841,583106,611109,629583,690393,730217,768421,808662,854606,932717,983958,1040981,1137805,1275947,1315960,1378276,1542896,1681629,1824186,1948985,2031538,2049846,2137247,2305049,2390886,2394216,2463721,2543244,2676862,2737201,2863516,3039561,3280584,3603274,3738054
 "54037","Jefferson, WV",5,CAINC4,12,"..."," Farm income 2/","Thousands of dollars",2221,1343,1378,1357,2373,1547,623,556,121,2027,1743,1008,773,1029,2216,1411,2486,4958,4185,2876,2651,2002,495,4043,2503,2005,2123,2488,1714,1457,647,999,1293,-1801,-1045,1597,413,1814,1859,5235,3695,3438,11199,18967,14469,8181,3795,3825,3420,1185,4577,3101,3475,3238
 "54037","Jefferson, WV",5,CAINC4,20,"...","Population (persons) 3/","Number of persons",21676,21256,21493,23010,24036,24748,25157,25856,27061,27610,28999,30434,30937,31147,31338,31821,32352,33249,33894,34704,35250,36145,36657,37366,38116,38776,39241,39687,40182,40769,41553,42485,43348,44767,46075,47163,48662,50003,51264,52184,53054,53619,54513,54790,55133,55807,56295,56269,56771,57291,57588,57783,58520,58979
 "54037","Jefferson, WV",5,CAINC4,30,"...","Per capita personal income (dollars) 4/","Dollars",3028,3391,3757,3863,4182,4468,4879,5396,5853,6631,7095,7751,8425,8991,9790,10884,11871,12673,13733,14947,16617,16963,17188,18585,19223,19869,20662,21596,23255,24171,25067,26805,29465,29356,29891,32748,34566,36518,38055,39031,38707,39924,42490,43983,43689,44294,45244,47641,48275,50003,52861,56828,61633,63434
 "54037","Jefferson, WV",5,CAINC4,35,"...","Earnings by place of work ","Thousands of dollars",39572,41716,45015,47395,52886,56395,57555,66026,77607,90686,99955,113694,118487,122488,135904,156942,176723,195436,216973,235326,267186,272385,253334,261133,279175,292156,310965,328557,356459,404737,426589,440543,498054,548507,572990,627174,666976,716418,713995,695144,695952,719349,804503,888523,883427,893285,986412,1035934,1041071,1111646,1172325,1191581,1316284,1363225
 "54037","Jefferson, WV",5,CAINC4,36,"...","Less: Contributions for government social insurance 5/","Thousands of dollars",2857,3024,3372,3695,4659,5278,5386,6354,7385,8685,10114,11367,12884,13878,15567,18738,21401,24188,27140,30287,34339,35771,34157,35136,38423,40368,43652,46047,50166,57932,60919,64829,67540,73818,79820,84214,88986,91159,88149,83207,85464,89244,87690,95855,107126,111219,123461,131913,133102,140346,145443,152920,165859,173978
 "54037","Jefferson, WV",5,CAINC4,37,"..."," Employee and self-employed contributions for government social insurance ","Thousands of dollars",1253,1324,1472,1611,2013,2295,2372,2708,3062,3572,4214,4801,5470,5992,6474,7574,8950,10338,11868,13001,15199,15770,15274,15505,16799,18036,19626,20505,22052,24557,25903,26138,29443,31891,34371,37333,39767,42849,44751,44603,45432,46878,41211,44567,56380,58959,64868,69222,71427,76518,79401,84737,92608,98721
 "54037","Jefferson, WV",5,CAINC4,38,"..."," Employer contributions for government social insurance ","Thousands of dollars",1604,1700,1900,2084,2646,2983,3014,3646,4323,5113,5900,6566,7414,7886,9093,11164,12451,13850,15272,17286,19140,20001,18883,19631,21624,22332,24026,25542,28114,33375,35016,38691,38097,41927,45449,46881,49219,48310,43398,38604,40032,42366,46479,51288,50746,52260,58593,62691,61675,63828,66042,68183,73251,75257
 "54037","Jefferson, WV",5,CAINC4,42,"...","Plus: Adjustment for residence 6/","Thousands of dollars",14832,16556,19750,23222,26664,29538,34515,39277,42479,48380,54746,59661,67027,73540,78173,88606,97936,112283,126491,147860,169111,183607,204506,242125,251178,266699,282671,292147,323164,313215,333397,400687,455522,440931,483252,576828,652074,702663,786810,831027,827541,845471,844223,823858,819068,843102,806920,858928,897743,910208,960864,1033250,1104452,1234319
 "54037","Jefferson, WV",5,CAINC4,45,"...","Equals: Net earnings by place of residence ","Thousands of dollars",51547,55248,61393,66922,74891,80655,86684,98949,112701,130381,144587,161988,172630,182150,198510,226810,253258,283531,316324,352899,401958,420221,423683,468122,491930,518487,549984,574657,629457,660020,699067,776401,886036,915620,976422,1119788,1230064,1327922,1412656,1442964,1438029,1475576,1561036,1616526,1595369,1625168,1669871,1762949,1805712,1881508,1987746,2071911,2254877,2423566
 "54037","Jefferson, WV",5,CAINC4,46,"...","Plus: Dividends, interest, and rent 7/","Thousands of dollars",8871,10635,11952,13726,16007,18370,21018,23143,26486,31069,36205,43617,52911,59060,66238,74311,80994,84887,92468,104937,118856,122369,125542,130523,138095,148641,152064,162563,180148,193943,203742,212028,222841,214172,215274,246094,265985,294356,314808,330034,325283,323450,360243,382700,383698,401370,418033,448497,452609,474773,518512,523778,591608,639872
 "54037","Jefferson, WV",5,CAINC4,47,"...","Plus: Personal current transfer receipts ","Thousands of dollars",5226,6186,7411,8244,9612,11544,15042,17437,19214,21640,24953,30282,35090,38839,42063,45204,49812,52955,56664,60881,64943,70521,80853,95791,102695,103298,108737,119874,124826,131452,138819,150375,168363,184367,185535,178611,185993,203722,223380,263775,290229,341659,394969,410627,429618,445364,459135,469241,482300,508420,537880,687996,760264,677854
 "54037","Jefferson, WV",5,CAINC4,50,"...","Wages and salaries ","Thousands of dollars",29687,32379,34435,35433,39197,42408,43102,50233,59685,69202,76465,84916,91221,94763,102754,117149,130183,141470,155134,169038,185689,189742,175831,177107,189004,197713,210232,226043,250316,288232,302174,304430,322420,361155,375934,407517,436373,469227,485325,487976,494562,513810,562691,615192,613116,631284,701545,743191,751076,802087,832043,842776,921239,967784
 "54037","Jefferson, WV",5,CAINC4,60,"...","Supplements to wages and salaries ","Thousands of dollars",3421,3863,4352,4941,5658,6234,6370,7548,9476,11110,12629,14634,16273,17298,20965,24512,28225,31253,35173,38621,44750,46590,45338,47599,52427,54489,56588,59697,64543,74450,79053,84215,89856,99794,107377,114280,122295,133087,130326,127550,130248,132300,143670,161235,162097,160732,187374,191939,197366,209117,228203,228008,244101,247434
 "54037","Jefferson, WV",5,CAINC4,61,"..."," Employer contributions for employee pension and insurance funds 8/","Thousands of dollars",1817,2163,2452,2857,3012,3251,3356,3902,5153,5997,6729,8068,8859,9412,11872,13348,15774,17403,19901,21335,25610,26589,26455,27968,30803,32157,32562,34155,36429,41075,44037,45524,51759,57867,61928,67399,73076,84777,86928,88946,90216,89934,97191,109947,111351,108472,128781,129248,135691,145289,162161,159825,170850,172177
 "54037","Jefferson, WV",5,CAINC4,62,"..."," Employer contributions for government social insurance ","Thousands of dollars",1604,1700,1900,2084,2646,2983,3014,3646,4323,5113,5900,6566,7414,7886,9093,11164,12451,13850,15272,17286,19140,20001,18883,19631,21624,22332,24026,25542,28114,33375,35016,38691,38097,41927,45449,46881,49219,48310,43398,38604,40032,42366,46479,51288,50746,52260,58593,62691,61675,63828,66042,68183,73251,75257
 "54037","Jefferson, WV",5,CAINC4,70,"...","Proprietors' income 9/","Thousands of dollars",6464,5474,6228,7021,8031,7753,8083,8245,8446,10374,10861,14144,10993,10427,12185,15281,18315,22713,26666,27667,36747,36053,32165,36427,37744,39954,44145,42817,41600,42055,45362,51898,85778,87558,89679,105377,108308,114104,98344,79618,71142,73239,98142,112096,108214,101269,97493,100804,92629,100442,112079,120797,150944,148007
 "54037","Jefferson, WV",5,CAINC4,71,"..."," Farm proprietors' income ","Thousands of dollars",854,-102,-93,38,543,-184,-673,-1282,-1532,-532,-1092,-1955,-2101,-2197,-832,-1563,-434,2266,1573,2,-402,-1482,-2766,960,-478,-559,-334,401,-238,-942,-2048,-1644,-2091,-6111,-5749,-2955,-3178,-2117,-2704,1175,-29,-25,8247,14409,9854,3270,-241,-718,-685,-2679,1478,-239,296,-1269
 "54037","Jefferson, WV",5,CAINC4,72,"..."," Nonfarm proprietors' income ","Thousands of dollars",5610,5576,6321,6983,7488,7937,8756,9527,9978,10906,11953,16099,13094,12624,13017,16844,18749,20447,25093,27665,37149,37535,34931,35467,38222,40513,44479,42416,41838,42997,47410,53542,87869,93669,95428,108332,111486,116221,101048,78443,71171,73264,89895,97687,98360,97999,97734,101522,93314,103121,110601,121036,150648,149276
 "54037","Jefferson, WV",5,CAINC4,7010,"...","Total employment ","Number of jobs",8766,8989,9139,8959,9265,9477,8798,9190,9386,10151,10687,10670,10734,10804,11185,11717,11919,12400,12955,14012,14536,14797,14160,13968,14363,14576,15134,15443,16259,17620,17711,17829,18236,19253,19709,20436,21044,21799,22498,22222,21668,21963,22467,23233,23323,23400,24016,24360,24263,24495,24144,23161,24424,25230
 "54037","Jefferson, WV",5,CAINC4,7020,"..."," Wage and salary employment ","Number of jobs",6582,6788,6906,6683,6985,7099,6646,7092,7310,8035,8521,8376,8335,8393,8596,9138,9313,9768,10289,11052,11562,11489,10774,10513,10885,11162,11484,11756,12527,13988,14132,14154,14004,14718,14745,15094,15335,15847,16235,15962,15440,15742,16326,16976,16972,16841,17454,17921,17740,17887,17803,16427,17260,17623
 "54037","Jefferson, WV",5,CAINC4,7040,"..."," Proprietors employment ","Number of jobs",2184,2201,2233,2276,2280,2378,2152,2098,2076,2116,2166,2294,2399,2411,2589,2579,2606,2632,2666,2960,2974,3308,3386,3455,3478,3414,3650,3687,3732,3632,3579,3675,4232,4535,4964,5342,5709,5952,6263,6260,6228,6221,6141,6257,6351,6559,6562,6439,6523,6608,6341,6734,7164,7607
 "54039","Kanawha, WV",5,CAINC4,10,"...","Personal income (thousands of dollars) ","Thousands of dollars",811858,898777,965943,1044749,1136179,1247773,1399814,1555266,1720007,1900852,2118454,2283974,2497171,2653141,2732280,2915522,3059776,3099113,3098015,3389662,3617557,3849397,3990587,4263809,4459185,4643366,4785180,4964705,5118790,5417441,5543441,5865647,6019783,6159955,6201037,6198658,6500781,6842398,7059843,7444894,7478001,7691512,7988090,8131910,8002174,8215703,8274779,8184789,8308397,8645070,8852216,9254695,9958737,10034853
 "54039","Kanawha, WV",5,CAINC4,11,"..."," Nonfarm personal income 1/","Thousands of dollars",811827,898750,965897,1044660,1136046,1247702,1399721,1555112,1719774,1900551,2117957,2283495,2496851,2652552,2731580,2914228,3058720,3097988,3097785,3389331,3617176,3848555,3989699,4262729,4458646,4643138,4785196,4965685,5119894,5418500,5544415,5866423,6020548,6160802,6201396,6198689,6500946,6842771,7060475,7444720,7477840,7691775,7988270,8131876,8002342,8216403,8275628,8185859,8309464,8646261,8853016,9255902,9960200,10036261
 "54039","Kanawha, WV",5,CAINC4,12,"..."," Farm income 2/","Thousands of dollars",31,27,46,89,133,71,93,154,233,301,497,479,320,589,700,1294,1056,1125,230,331,381,842,888,1080,539,228,-16,-980,-1104,-1059,-974,-776,-765,-847,-359,-31,-165,-373,-632,174,161,-263,-180,34,-168,-700,-849,-1070,-1067,-1191,-800,-1207,-1463,-1408
 "54039","Kanawha, WV",5,CAINC4,20,"...","Population (persons) 3/","Number of persons",229266,229390,229843,228821,225824,224305,227122,226910,228493,230655,231031,231470,231327,230130,228229,226057,222610,219190,217806,212896,209731,207396,207247,207824,207867,207041,206702,206003,204733,203260,201309,199743,197898,196422,195960,195364,193878,192954,192354,192414,193150,193026,192722,193220,192939,192167,190493,188874,186358,183674,181918,180217,177993,175515
 "54039","Kanawha, WV",5,CAINC4,30,"...","Per capita personal income (dollars) 4/","Dollars",3541,3918,4203,4566,5031,5563,6163,6854,7528,8241,9170,9867,10795,11529,11972,12897,13745,14139,14224,15922,17249,18561,19255,20516,21452,22427,23150,24100,25002,26653,27537,29366,30419,31361,31644,31729,33530,35461,36702,38692,38716,39847,41449,42086,41475,42753,43439,43335,44583,47067,48660,51353,55950,57174
 "54039","Kanawha, WV",5,CAINC4,35,"...","Earnings by place of work ","Thousands of dollars",746232,809080,862376,940379,1034321,1140779,1280611,1437785,1605184,1804425,2026627,2125248,2229332,2318752,2323378,2458110,2573320,2587938,2579743,2817467,2958217,3168881,3300761,3506558,3713177,3874169,4014099,4174555,4349588,4604615,4844341,5120752,5219367,5276904,5319471,5469360,5790958,6062508,6156202,6395852,6439220,6562328,6774124,6926838,6874238,6982094,7037076,6944011,7037100,7235966,7401531,7312182,7743142,8103193
 "54039","Kanawha, WV",5,CAINC4,36,"...","Less: Contributions for government social insurance 5/","Thousands of dollars",56791,60722,67228,77372,98903,113219,125538,143507,159696,185157,217062,231210,258558,275607,279309,300204,316164,333091,336160,368799,390192,425841,457534,487050,529026,548754,574822,597355,616951,653859,681180,734402,726201,708374,731781,738693,763541,767901,747037,744599,756956,765138,696516,712266,792850,821180,834197,841992,854920,865903,874074,891505,935431,986460
 "54039","Kanawha, WV",5,CAINC4,37,"..."," Employee and self-employed contributions for government social insurance ","Thousands of dollars",25120,27016,29816,33719,42650,48990,54778,61207,67148,76710,90570,96465,109670,117225,117341,123471,134682,141544,142405,160257,173082,187876,199896,210167,223810,237126,249612,257458,267019,278833,292606,302799,311245,308368,318162,327253,345148,363610,380699,397208,402909,408415,328042,335276,421728,438822,444642,448715,460398,469447,477236,492632,518810,554441
 "54039","Kanawha, WV",5,CAINC4,38,"..."," Employer contributions for government social insurance ","Thousands of dollars",31671,33706,37412,43653,56253,64229,70760,82300,92548,108447,126492,134745,148888,158382,161968,176733,181482,191547,193755,208542,217110,237965,257638,276883,305216,311628,325210,339897,349932,375026,388574,431603,414956,400006,413619,411440,418393,404291,366338,347391,354047,356723,368474,376990,371122,382358,389555,393277,394522,396456,396838,398873,416621,432019
 "54039","Kanawha, WV",5,CAINC4,42,"...","Plus: Adjustment for residence 6/","Thousands of dollars",-51366,-48242,-53887,-68608,-85410,-109930,-135607,-157546,-181966,-220095,-264756,-282126,-285365,-295529,-292277,-297720,-306787,-314480,-312063,-316697,-320546,-359145,-383317,-423740,-471838,-494759,-520483,-570243,-618402,-637556,-683807,-732149,-790818,-826187,-848481,-893618,-1001231,-1134888,-1171618,-1233845,-1267350,-1279182,-1341016,-1425268,-1399619,-1444042,-1514982,-1554331,-1645830,-1575522,-1678954,-1626659,-1766113,-1830012
 "54039","Kanawha, WV",5,CAINC4,45,"...","Equals: Net earnings by place of residence ","Thousands of dollars",638075,700116,741261,794399,850008,917630,1019466,1136732,1263522,1399173,1544809,1611912,1685409,1747616,1751792,1860186,1950369,1940367,1931520,2131971,2247479,2383895,2459910,2595768,2712313,2830656,2918794,3006957,3114235,3313200,3479354,3654201,3702348,3742343,3739209,3837049,4026186,4159719,4237547,4417408,4414914,4518008,4736592,4789304,4681769,4716872,4687897,4547688,4536350,4794541,4848503,4794018,5041598,5286721
 "54039","Kanawha, WV",5,CAINC4,46,"...","Plus: Dividends, interest, and rent 7/","Thousands of dollars",102124,114182,124251,135040,152037,177819,199480,218116,243464,267767,300054,357133,436527,493893,524179,574330,605687,620306,610165,665782,748079,798424,772071,793472,809946,867588,902492,948051,974826,1050401,1000084,1088186,1078031,1064737,1086229,1014315,1081386,1211257,1264843,1304983,1212407,1231975,1322219,1364659,1289917,1342174,1353936,1364690,1428281,1465458,1547997,1472705,1626943,1758095
 "54039","Kanawha, WV",5,CAINC4,47,"...","Plus: Personal current transfer receipts ","Thousands of dollars",71659,84479,100431,115310,134134,152324,180868,200418,213021,233912,273591,314929,375235,411632,456309,481006,503720,538440,556330,591909,621999,667078,758606,874569,936926,945122,963894,1009697,1029729,1053840,1064003,1123260,1239404,1352875,1375599,1347294,1393209,1471422,1557453,1722503,1850680,1941529,1929279,1977947,2030488,2156657,2232946,2272411,2343766,2385071,2455716,2987972,3290196,2990037
 "54039","Kanawha, WV",5,CAINC4,50,"...","Wages and salaries ","Thousands of dollars",618367,672280,713134,769737,844895,934153,1051424,1176865,1303058,1459449,1640214,1720047,1796276,1873517,1851367,1927376,2000431,2040285,2061620,2127656,2203079,2356824,2463604,2587116,2729179,2842022,2955825,3089529,3223228,3370236,3504521,3644470,3766946,3777002,3803244,3918953,4068319,4263932,4427950,4605564,4618864,4639451,4790060,4902464,4864130,4982792,5054620,5035314,5107049,5223899,5292796,5208714,5545605,5884352
 "54039","Kanawha, WV",5,CAINC4,60,"...","Supplements to wages and salaries ","Thousands of dollars",74098,80727,88833,102307,115860,130914,148454,167888,193300,220921,258325,277883,300052,319583,339883,365153,392718,419600,423061,439583,474820,517535,563555,621177,674031,693579,707509,739853,761259,800653,842680,911819,950948,967230,1009259,1034004,1077529,1160029,1135003,1139778,1129834,1118840,1169111,1231134,1244024,1205106,1268222,1210485,1278881,1305969,1346941,1303367,1337432,1345341
 "54039","Kanawha, WV",5,CAINC4,61,"..."," Employer contributions for employee pension and insurance funds 8/","Thousands of dollars",42427,47021,51421,58654,59607,66685,77694,85588,100752,112474,131833,143138,151164,161201,177915,188420,211236,228053,229306,231041,257710,279570,305917,344294,368815,381951,382299,399956,411327,425627,454106,480216,535992,567224,595640,622564,659136,755738,768665,792387,775787,762117,800637,854144,872902,822748,878667,817208,884359,909513,950103,904494,920811,913322
 "54039","Kanawha, WV",5,CAINC4,62,"..."," Employer contributions for government social insurance ","Thousands of dollars",31671,33706,37412,43653,56253,64229,70760,82300,92548,108447,126492,134745,148888,158382,161968,176733,181482,191547,193755,208542,217110,237965,257638,276883,305216,311628,325210,339897,349932,375026,388574,431603,414956,400006,413619,411440,418393,404291,366338,347391,354047,356723,368474,376990,371122,382358,389555,393277,394522,396456,396838,398873,416621,432019
 "54039","Kanawha, WV",5,CAINC4,70,"...","Proprietors' income 9/","Thousands of dollars",53767,56073,60409,68335,73566,75712,80733,93032,108826,124055,128088,127318,133004,125652,132128,165581,180171,128053,95062,250228,280318,294522,273602,298265,309967,338568,350765,345173,365101,433726,497140,564463,501473,532672,506968,516403,645110,638547,593249,650510,690522,804037,814953,793240,766084,794196,714234,698212,651170,706098,761794,800101,860105,873500
 "54039","Kanawha, WV",5,CAINC4,71,"..."," Farm proprietors' income ","Thousands of dollars",-51,-46,-14,49,94,47,74,118,198,239,436,422,245,504,600,1168,914,973,63,157,207,650,713,928,370,58,-208,-1173,-1312,-1255,-1140,-898,-876,-945,-472,-149,-267,-494,-777,47,50,-353,-254,-75,-277,-820,-946,-1179,-1168,-1285,-878,-1290,-1541,-1519
 "54039","Kanawha, WV",5,CAINC4,72,"..."," Nonfarm proprietors' income ","Thousands of dollars",53818,56119,60423,68286,73472,75665,80659,92914,108628,123816,127652,126896,132759,125148,131528,164413,179257,127080,94999,250071,280111,293872,272889,297337,309597,338510,350973,346346,366413,434981,498280,565361,502349,533617,507440,516552,645377,639041,594026,650463,690472,804390,815207,793315,766361,795016,715180,699391,652338,707383,762672,801391,861646,875019
 "54039","Kanawha, WV",5,CAINC4,7010,"...","Total employment ","Number of jobs",104256,105173,105374,107045,110138,113020,115666,118461,121883,127649,130582,125588,119670,115952,113282,113735,113834,113544,112854,114655,115310,118420,119212,120637,124037,126867,129180,130584,132427,133610,135642,136954,135557,133816,132520,131812,131561,132495,133635,133475,131625,131127,131333,132193,130924,130598,129156,127389,125154,124188,121338,115021,117946,121252
 "54039","Kanawha, WV",5,CAINC4,7020,"..."," Wage and salary employment ","Number of jobs",94999,96012,95962,97458,100408,102727,105047,107956,111183,116899,119807,114314,108436,104864,101514,101993,101980,101671,100838,101897,102605,104929,105413,107289,110537,112781,114528,115896,117701,118925,120961,121871,120362,118851,117047,116042,115493,116306,116651,116295,114136,113497,113771,114386,112823,112922,111872,110167,108561,107814,106292,99531,101570,103710
 "54039","Kanawha, WV",5,CAINC4,7040,"..."," Proprietors employment ","Number of jobs",9257,9161,9412,9587,9730,10293,10619,10505,10700,10750,10775,11274,11234,11088,11768,11742,11854,11873,12016,12758,12705,13491,13799,13348,13500,14086,14652,14688,14726,14685,14681,15083,15195,14965,15473,15770,16068,16189,16984,17180,17489,17630,17562,17807,18101,17676,17284,17222,16593,16374,15046,15490,16376,17542
 "54041","Lewis, WV",5,CAINC4,10,"...","Personal income (thousands of dollars) ","Thousands of dollars",44222,48018,55639,60073,63095,66564,72467,80336,89458,102818,116223,129193,144124,154094,161103,174016,184250,183078,183736,193405,200831,214536,225827,258689,251134,253212,264554,273738,284047,296223,305476,319652,341464,351747,355627,370859,384118,407509,418674,455344,470575,521863,557478,582940,583171,608669,608598,581028,597658,650699,680803,694402,737742,731581
 "54041","Lewis, WV",5,CAINC4,11,"..."," Nonfarm personal income 1/","Thousands of dollars",43440,47291,54957,59276,62059,66043,72277,80430,89736,102929,116153,129055,145081,155413,161624,174360,184735,183273,183948,194053,200934,214682,226290,258745,250655,252813,264665,274044,284551,297247,306628,319972,341421,351536,356791,371636,385234,409949,422194,458069,473087,524010,558357,583297,582931,607830,608149,581124,597146,650673,680191,693067,737781,731633
 "54041","Lewis, WV",5,CAINC4,12,"..."," Farm income 2/","Thousands of dollars",782,727,682,797,1036,521,190,-94,-278,-111,70,138,-957,-1319,-521,-344,-485,-195,-212,-648,-103,-146,-463,-56,479,399,-111,-306,-504,-1024,-1152,-320,43,211,-1164,-777,-1116,-2440,-3520,-2725,-2512,-2147,-879,-357,240,839,449,-96,512,26,612,1335,-39,-52
 "54041","Lewis, WV",5,CAINC4,20,"...","Population (persons) 3/","Number of persons",18603,17894,18339,18644,18466,18417,18842,19090,19216,19061,19268,18841,18940,18886,18929,19010,18866,18578,18068,17673,17416,17161,17078,17228,17197,17206,17287,17182,17086,17149,16980,16832,16802,16681,16739,16622,16593,16445,16360,16422,16422,16440,16585,16718,16866,16955,17069,17039,17032,16959,16970,17016,16897,16767
 "54041","Lewis, WV",5,CAINC4,30,"...","Per capita personal income (dollars) 4/","Dollars",2377,2683,3034,3222,3417,3614,3846,4208,4655,5394,6032,6857,7610,8159,8511,9154,9766,9855,10169,10944,11531,12501,13223,15016,14603,14716,15304,15932,16625,17273,17990,18991,20323,21087,21245,22311,23149,24780,25591,27728,28655,31743,33613,34869,34577,35899,35655,34100,35090,38369,40118,40809,43661,43632
 "54041","Lewis, WV",5,CAINC4,35,"...","Earnings by place of work ","Thousands of dollars",34040,35963,46802,49688,48288,49021,50595,56519,61630,72452,80691,87606,96807,100704,104876,113745,121212,113361,114809,123722,126028,135663,142549,150410,157186,158610,164563,164844,168620,175815,183480,193962,205103,213638,219430,231045,247017,258379,265047,305080,316050,376967,437486,486085,488099,505106,459590,395243,394050,478376,480165,392200,386880,403874
 "54041","Lewis, WV",5,CAINC4,36,"...","Less: Contributions for government social insurance 5/","Thousands of dollars",2468,2578,3686,4131,4429,4731,4775,5421,5811,7060,8176,9268,11188,12180,12798,14235,15384,14967,15402,17008,17639,18874,20405,21502,23127,23336,24853,24864,25071,26780,27701,30029,30503,30211,31681,32960,35452,35138,34426,37896,39289,45950,47071,51092,57973,60515,56197,50250,50894,60614,59692,50906,51501,54253
 "54041","Lewis, WV",5,CAINC4,37,"..."," Employee and self-employed contributions for government social insurance ","Thousands of dollars",1213,1275,1691,1863,2047,2211,2286,2535,2680,3172,3682,4084,4912,5324,5459,5920,6573,6463,6710,7552,8092,8539,9167,9540,10011,10377,11085,11004,11256,11540,11975,12309,13136,13394,14389,15132,16366,17359,18679,21429,21911,25577,22950,24763,31428,33381,30678,27695,28062,33186,33087,29591,29507,31850
 "54041","Lewis, WV",5,CAINC4,38,"..."," Employer contributions for government social insurance ","Thousands of dollars",1255,1303,1995,2268,2382,2520,2489,2886,3131,3888,4494,5184,6276,6856,7339,8315,8811,8504,8692,9456,9547,10335,11238,11962,13116,12959,13768,13860,13815,15240,15726,17720,17367,16817,17292,17828,19086,17779,15747,16467,17378,20373,24121,26329,26545,27134,25519,22555,22832,27428,26605,21315,21994,22403
 "54041","Lewis, WV",5,CAINC4,42,"...","Plus: Adjustment for residence 6/","Thousands of dollars",-555,-265,-3698,-3198,-582,117,269,-317,880,961,2278,1234,28,-995,-2402,-2803,-3803,-2665,-2398,-3326,-2281,-1597,-2319,-3091,-2378,493,-290,2616,6419,6728,8144,9445,7939,5364,4771,2446,-1897,-4379,-10843,-29580,-32858,-48165,-72594,-96452,-93429,-95596,-64870,-36320,-34694,-59444,-53282,-5134,6250,4639
 "54041","Lewis, WV",5,CAINC4,45,"...","Equals: Net earnings by place of residence ","Thousands of dollars",31017,33120,39418,42359,43277,44407,46089,50781,56699,66353,74793,79572,85647,87529,89676,96707,102025,95729,97009,103388,106108,115192,119825,125817,131681,135767,139420,142596,149968,155763,163923,173378,182539,188791,192520,200531,209668,218862,219778,237604,243903,282852,317821,338541,336697,348995,338523,308673,308462,358318,367191,336160,341629,354260
 "54041","Lewis, WV",5,CAINC4,46,"...","Plus: Dividends, interest, and rent 7/","Thousands of dollars",5789,6354,6890,7538,8455,9582,10681,11912,13596,16101,18790,23040,28488,33484,34855,39517,42212,43267,42230,44452,46550,48039,49168,67627,50731,50811,54317,56253,58499,61029,59643,62596,66685,64275,61321,69393,68260,74325,78462,84989,81985,85537,88253,92109,89039,96067,99713,98632,108053,107550,115724,112204,125794,138875
 "54041","Lewis, WV",5,CAINC4,47,"...","Plus: Personal current transfer receipts ","Thousands of dollars",7416,8544,9331,10176,11363,12575,15697,17643,19163,20364,22640,26581,29989,33081,36572,37792,40013,44082,44497,45565,48173,51305,56834,65245,68722,66634,70817,74889,75580,79431,81910,83678,92240,98681,101786,100935,106190,114322,120434,132751,144687,153474,151404,152290,157435,163607,170362,173723,181143,184831,197888,246038,270319,238446
 "54041","Lewis, WV",5,CAINC4,50,"...","Wages and salaries ","Thousands of dollars",26039,27642,36654,38491,36558,37024,38036,42817,46341,54845,60967,66427,74416,78496,79650,85156,91039,86005,86845,89252,88937,94978,100194,104640,107533,109533,114424,114826,115327,123149,128695,135133,140138,146164,149243,157156,167414,172857,183615,216927,226568,273339,319058,351492,354906,371401,334631,287128,285086,356218,350540,274002,275303,294505
 "54041","Lewis, WV",5,CAINC4,60,"...","Supplements to wages and salaries ","Thousands of dollars",3191,3514,4863,5218,5222,5558,5671,6427,7303,8729,10017,11297,13259,14367,16156,18007,20167,19824,20456,21391,22314,24645,27076,29877,31955,31637,31755,32005,31605,33446,36008,39134,41397,41898,44470,47574,50611,54670,52675,58140,60266,65549,74078,86079,87883,83295,82931,70708,75211,86711,88309,71745,70706,71778
 "54041","Lewis, WV",5,CAINC4,61,"..."," Employer contributions for employee pension and insurance funds 8/","Thousands of dollars",1936,2211,2868,2950,2840,3038,3182,3541,4172,4841,5523,6113,6983,7511,8817,9692,11356,11320,11764,11935,12767,14310,15838,17915,18839,18678,17987,18145,17790,18206,20282,21414,24030,25081,27178,29746,31525,36891,36928,41673,42888,45176,49957,59750,61338,56161,57412,48153,52379,59283,61704,50430,48712,49375
 "54041","Lewis, WV",5,CAINC4,62,"..."," Employer contributions for government social insurance ","Thousands of dollars",1255,1303,1995,2268,2382,2520,2489,2886,3131,3888,4494,5184,6276,6856,7339,8315,8811,8504,8692,9456,9547,10335,11238,11962,13116,12959,13768,13860,13815,15240,15726,17720,17367,16817,17292,17828,19086,17779,15747,16467,17378,20373,24121,26329,26545,27134,25519,22555,22832,27428,26605,21315,21994,22403
 "54041","Lewis, WV",5,CAINC4,70,"...","Proprietors' income 9/","Thousands of dollars",4810,4807,5285,5979,6508,6439,6888,7275,7986,8878,9707,9882,9132,7841,9070,10582,10006,7532,7508,13079,14777,16040,15279,15893,17698,17440,18384,18013,21688,19220,18777,19695,23568,25576,25717,26315,28992,30852,28757,30013,29216,38079,44350,48514,45310,50410,42028,37407,33753,35447,41316,46453,40871,37591
 "54041","Lewis, WV",5,CAINC4,71,"..."," Farm proprietors' income ","Thousands of dollars",533,480,442,595,769,290,35,-329,-490,-453,-270,-181,-1256,-1616,-785,-582,-684,-369,-365,-819,-297,-371,-676,-260,283,227,-281,-461,-654,-1222,-1389,-572,-301,-221,-1600,-1157,-1389,-2712,-3798,-3003,-2792,-2421,-1128,-770,-183,396,84,-507,137,-327,321,1023,-339,-479
 "54041","Lewis, WV",5,CAINC4,72,"..."," Nonfarm proprietors' income ","Thousands of dollars",4277,4327,4843,5384,5739,6149,6853,7604,8476,9331,9977,10063,10388,9457,9855,11164,10690,7901,7873,13898,15074,16411,15955,16153,17415,17213,18665,18474,22342,20442,20166,20267,23869,25797,27317,27472,30381,33564,32555,33016,32008,40500,45478,49284,45493,50014,41944,37914,33616,35774,40995,45430,41210,38070
 "54041","Lewis, WV",5,CAINC4,7010,"...","Total employment ","Number of jobs",7261,7210,7713,7762,7450,7339,7141,7102,7096,7393,7515,7366,7509,7275,7463,7547,7522,7044,7036,7245,7118,7367,7474,7510,7571,7591,7688,7716,7814,7679,7761,7794,7918,7936,7869,8010,8181,8260,8361,8782,8796,9226,9696,10178,10105,9889,9622,8999,8676,8883,8673,7455,7680,8083
 "54041","Lewis, WV",5,CAINC4,7020,"..."," Wage and salary employment ","Number of jobs",5671,5575,6213,6231,5980,5826,5587,5620,5648,5967,6102,5917,6024,5814,5844,5982,6010,5586,5598,5724,5601,5766,5862,5913,5915,5913,5933,5953,6000,6012,6151,6186,6122,6153,6059,6204,6317,6366,6334,6720,6758,7140,7610,7982,7834,7681,7391,6824,6536,6911,6886,5619,5714,6021
 "54041","Lewis, WV",5,CAINC4,7040,"..."," Proprietors employment ","Number of jobs",1590,1635,1500,1531,1470,1513,1554,1482,1448,1426,1413,1449,1485,1461,1619,1565,1512,1458,1438,1521,1517,1601,1612,1597,1656,1678,1755,1763,1814,1667,1610,1608,1796,1783,1810,1806,1864,1894,2027,2062,2038,2086,2086,2196,2271,2208,2231,2175,2140,1972,1787,1836,1966,2062
 "54043","Lincoln, WV",5,CAINC4,10,"...","Personal income (thousands of dollars) ","Thousands of dollars",35245,40344,45786,51279,57036,64483,74199,83932,91870,104875,120241,136092,143305,153082,157430,166767,174341,177222,184287,194064,197956,211625,222434,240527,246081,266180,274026,286746,303144,307466,314658,338318,363130,381726,391893,404481,436402,466357,487076,546726,534634,561191,601782,613692,596033,603757,603222,607832,619767,648069,659651,689978,741683,731622
 "54043","Lincoln, WV",5,CAINC4,11,"..."," Nonfarm personal income 1/","Thousands of dollars",34718,39856,45405,50596,56431,63808,73556,83112,91226,104547,119976,135951,143164,153408,157715,166281,174038,176929,184334,194107,198279,211577,222348,240257,245836,265673,273771,286411,303027,307282,314783,338030,362872,382086,392385,403954,436014,467240,488203,547277,534860,561403,601622,613011,596021,604236,604028,608970,621226,649594,660960,691431,743200,733589
 "54043","Lincoln, WV",5,CAINC4,12,"..."," Farm income 2/","Thousands of dollars",527,488,381,683,605,675,643,820,644,328,265,141,141,-326,-285,486,303,293,-47,-43,-323,48,86,270,245,507,255,335,117,184,-125,288,258,-360,-492,527,388,-883,-1127,-551,-226,-212,160,681,12,-479,-806,-1138,-1459,-1525,-1309,-1453,-1517,-1967
 "54043","Lincoln, WV",5,CAINC4,20,"...","Population (persons) 3/","Number of persons",19237,18985,19477,19856,20027,20408,21185,22256,22763,23031,23325,23705,23804,23780,23858,23306,22798,22881,22337,21879,21596,21365,21377,21516,21833,21672,21847,21803,21834,21801,22002,22115,22067,22113,22218,22168,22160,22064,21953,21881,21794,21682,21608,21676,21555,21655,21446,21299,21116,20835,20730,20363,20191,19901
 "54043","Lincoln, WV",5,CAINC4,30,"...","Per capita personal income (dollars) 4/","Dollars",1832,2125,2351,2583,2848,3160,3502,3771,4036,4554,5155,5741,6020,6437,6599,7156,7647,7745,8250,8870,9166,9905,10405,11179,11271,12282,12543,13152,13884,14103,14301,15298,16456,17263,17639,18246,19693,21137,22187,24986,24531,25883,27850,28312,27652,27881,28127,28538,29351,31105,31821,33884,36733,36763
 "54043","Lincoln, WV",5,CAINC4,35,"...","Earnings by place of work ","Thousands of dollars",11727,12144,13726,15203,17080,19393,21933,25157,26645,30512,35444,36886,38178,37220,38570,44208,48930,48291,54641,62990,62588,68041,69960,80820,86960,89769,84581,85658,91872,87937,92952,97478,99466,107843,107673,113699,144838,155595,147500,156585,168947,177267,202523,208883,210543,180420,157505,150240,151600,129031,130842,129160,141197,143437
 "54043","Lincoln, WV",5,CAINC4,36,"...","Less: Contributions for government social insurance 5/","Thousands of dollars",834,860,1035,1182,1513,1809,2052,2396,2513,3028,3743,4082,4480,4481,4692,5322,6018,6357,7224,8344,9088,9608,9877,11567,13090,13557,13016,13065,13983,13960,14913,15492,15133,15457,16339,17273,21407,23072,21999,22783,24397,24876,25216,25657,29068,26298,24074,24493,25206,23049,22969,23581,24758,26276
 "54043","Lincoln, WV",5,CAINC4,37,"..."," Employee and self-employed contributions for government social insurance ","Thousands of dollars",445,469,548,621,770,919,1033,1191,1225,1434,1735,1876,2097,2170,2240,2527,2907,3054,3639,4249,4659,4774,5117,5758,6265,6683,6706,6713,7106,6753,7129,7253,7604,8062,8573,9173,11374,12830,13180,14116,14887,15488,14464,14528,17776,16654,15531,15799,16566,16076,15929,16351,17254,18721
 "54043","Lincoln, WV",5,CAINC4,38,"..."," Employer contributions for government social insurance ","Thousands of dollars",389,391,487,561,743,890,1019,1205,1288,1594,2008,2206,2383,2311,2452,2795,3111,3303,3585,4095,4429,4834,4760,5809,6825,6874,6310,6352,6877,7207,7784,8239,7529,7395,7766,8100,10033,10242,8819,8667,9510,9388,10752,11129,11292,9644,8543,8694,8640,6973,7040,7230,7504,7555
 "54043","Lincoln, WV",5,CAINC4,42,"...","Plus: Adjustment for residence 6/","Thousands of dollars",14414,16611,18582,21139,22761,25325,29256,33823,38447,44485,50064,56985,55234,59213,54450,55992,56482,57962,59033,59325,60792,65190,68107,69043,64834,78578,85263,89777,96087,100389,101321,114472,122780,127915,136228,142755,144852,152658,168160,185956,147391,159773,166813,164701,147401,166371,181147,179482,189018,235969,233654,217809,228852,248446
 "54043","Lincoln, WV",5,CAINC4,45,"...","Equals: Net earnings by place of residence ","Thousands of dollars",25307,27895,31273,35160,38328,42909,49137,56584,62579,71969,81765,89789,88932,91952,88328,94878,99394,99896,106450,113971,114292,123623,128190,138296,138704,154790,156828,162370,173976,174366,179360,196458,207113,220301,227562,239181,268283,285181,293661,319758,291941,312164,344120,347927,328876,320493,314578,305229,315412,341951,341527,323388,345291,365607
 "54043","Lincoln, WV",5,CAINC4,46,"...","Plus: Dividends, interest, and rent 7/","Thousands of dollars",2689,3148,3488,3897,4573,5388,6168,6919,8009,9123,10444,13030,16301,19827,21368,24223,26465,26945,26344,26586,28186,29452,29985,30452,30529,31366,34244,35482,37755,40600,38977,41860,45928,43631,41699,42032,40357,40097,44404,61553,61052,60663,71210,78619,76698,74993,78593,88160,85774,83575,83654,80935,83316,86347
 "54043","Lincoln, WV",5,CAINC4,47,"...","Plus: Personal current transfer receipts ","Thousands of dollars",7249,9301,11025,12222,14135,16186,18894,20429,21282,23783,28032,33273,38072,41303,47734,47666,48482,50381,51493,53507,55478,58550,64259,71779,76848,80024,82954,88894,91413,92500,96321,100000,110089,117794,122632,123268,127762,141079,149011,165415,181641,188364,186452,187146,190459,208271,210051,214443,218581,222543,234470,285655,313076,279668
 "54043","Lincoln, WV",5,CAINC4,50,"...","Wages and salaries ","Thousands of dollars",8016,8225,9433,10214,11514,13119,14817,17065,18409,21567,25510,26936,27894,27284,27663,30119,33284,34602,36818,38076,39919,42844,42143,49726,54081,56255,52607,53357,57554,57893,60850,60727,60551,67454,69172,73595,91261,102370,102378,112047,119185,122874,140172,145270,150615,128752,109145,106040,106759,88785,90372,87989,95873,97668
 "54043","Lincoln, WV",5,CAINC4,60,"...","Supplements to wages and salaries ","Thousands of dollars",952,1028,1220,1389,1632,1936,2252,2561,2859,3405,4076,4407,4826,4952,5631,6586,7582,8188,8900,9504,10522,11592,11642,14389,16280,16588,14900,15023,15669,16076,17320,17922,18107,19193,21138,22766,26806,30486,28296,28834,30689,30126,33171,36432,37390,31228,29807,27932,29361,26220,27888,27644,28360,27960
 "54043","Lincoln, WV",5,CAINC4,61,"..."," Employer contributions for employee pension and insurance funds 8/","Thousands of dollars",563,637,733,828,889,1046,1233,1356,1571,1811,2068,2201,2443,2641,3179,3791,4471,4885,5315,5409,6093,6758,6882,8580,9455,9714,8590,8671,8792,8869,9536,9683,10578,11798,13372,14666,16773,20244,19477,20167,21179,20738,22419,25303,26098,21584,21264,19238,20721,19247,20848,20414,20856,20405
 "54043","Lincoln, WV",5,CAINC4,62,"..."," Employer contributions for government social insurance ","Thousands of dollars",389,391,487,561,743,890,1019,1205,1288,1594,2008,2206,2383,2311,2452,2795,3111,3303,3585,4095,4429,4834,4760,5809,6825,6874,6310,6352,6877,7207,7784,8239,7529,7395,7766,8100,10033,10242,8819,8667,9510,9388,10752,11129,11292,9644,8543,8694,8640,6973,7040,7230,7504,7555
 "54043","Lincoln, WV",5,CAINC4,70,"...","Proprietors' income 9/","Thousands of dollars",2759,2891,3073,3600,3934,4338,4864,5531,5377,5540,5858,5543,5458,4984,5276,7503,8064,5501,8923,15410,12147,13605,16175,16705,16599,16926,17074,17278,18649,13968,14782,18829,20808,21196,17363,17338,26771,22739,16826,15704,19073,24267,29180,27181,22538,20440,18553,16268,15480,14026,12582,13527,16964,17809
 "54043","Lincoln, WV",5,CAINC4,71,"..."," Farm proprietors' income ","Thousands of dollars",462,425,322,635,546,628,614,778,609,274,194,56,39,-457,-400,383,210,217,-110,-123,-421,-74,-40,144,136,423,183,286,83,135,-189,218,159,-494,-618,422,316,-947,-1181,-604,-272,-254,123,625,-40,-537,-857,-1194,-1513,-1575,-1351,-1499,-1560,-2027
 "54043","Lincoln, WV",5,CAINC4,72,"..."," Nonfarm proprietors' income ","Thousands of dollars",2297,2466,2751,2965,3388,3710,4250,4753,4768,5266,5664,5487,5419,5441,5676,7120,7854,5284,9033,15533,12568,13679,16215,16561,16463,16503,16891,16992,18566,13833,14971,18611,20649,21690,17981,16916,26455,23686,18007,16308,19345,24521,29057,26556,22578,20977,19410,17462,16993,15601,13933,15026,18524,19836
 "54043","Lincoln, WV",5,CAINC4,7010,"...","Total employment ","Number of jobs",2787,2663,2817,2888,2950,3015,3131,3324,3317,3420,3518,3473,3356,3274,3296,3420,3479,3507,3623,3841,3948,4173,4127,4254,4252,4355,4348,4385,4345,4121,4104,4074,4149,4349,4347,4372,4657,4766,4699,4683,4658,4560,4823,4831,4810,4358,3996,3934,3856,3609,3509,3447,3462,3601
 "54043","Lincoln, WV",5,CAINC4,7020,"..."," Wage and salary employment ","Number of jobs",2034,1877,2017,2026,2083,2116,2193,2283,2283,2393,2476,2393,2303,2186,2179,2318,2398,2444,2500,2573,2635,2735,2725,2922,2949,3050,2943,2989,2981,3002,2983,2959,2882,3050,3102,3146,3466,3617,3527,3515,3505,3464,3725,3729,3711,3248,2958,2908,2772,2581,2565,2558,2505,2602
 "54043","Lincoln, WV",5,CAINC4,7040,"..."," Proprietors employment ","Number of jobs",753,786,800,862,867,899,938,1041,1034,1027,1042,1080,1053,1088,1117,1102,1081,1063,1123,1268,1313,1438,1402,1332,1303,1305,1405,1396,1364,1119,1121,1115,1267,1299,1245,1226,1191,1149,1172,1168,1153,1096,1098,1102,1099,1110,1038,1026,1084,1028,944,889,957,999
 "54045","Logan, WV",5,CAINC4,10,"...","Personal income (thousands of dollars) ","Thousands of dollars",110982,128439,143891,164598,173177,193119,230444,256155,270779,304235,339212,391454,411883,447322,431357,454553,458096,464812,469787,487040,502163,545067,576405,628914,641974,676755,691583,700993,733873,748810,720794,725116,780689,820094,829791,871193,912980,975990,1008214,1131864,1139896,1174749,1254324,1228256,1185962,1165583,1147402,1102543,1158275,1203380,1218993,1266844,1348528,1324929
 "54045","Logan, WV",5,CAINC4,11,"..."," Nonfarm personal income 1/","Thousands of dollars",110936,128396,143851,164552,173112,193044,230379,256100,270746,304170,339196,391445,411911,447436,431409,454565,458069,464722,469718,487029,502185,545103,576453,628920,641977,676756,691575,700949,733870,748789,720826,725270,780983,820605,830387,871905,913813,976659,1008773,1131942,1140022,1174909,1254443,1228250,1185943,1165564,1147362,1102480,1158221,1203320,1218915,1266738,1348428,1324828
 "54045","Logan, WV",5,CAINC4,12,"..."," Farm income 2/","Thousands of dollars",46,43,40,46,65,75,65,55,33,65,16,9,-28,-114,-52,-12,27,90,69,11,-22,-36,-48,-6,-3,-1,8,44,3,21,-32,-154,-294,-511,-596,-712,-833,-669,-559,-78,-126,-160,-119,6,19,19,40,63,54,60,78,106,100,101
 "54045","Logan, WV",5,CAINC4,20,"...","Population (persons) 3/","Number of persons",46177,46415,47434,48087,48124,47100,48093,49795,50846,51376,51339,50650,50490,50555,50423,49477,48777,47892,46765,45080,43813,42806,42717,42304,42349,41903,41243,40570,39889,39421,38306,37577,37013,37093,36947,36582,36476,36440,36443,36548,36645,36741,36572,36520,36220,35617,34883,34175,33616,33255,32714,32510,31917,31316
 "54045","Logan, WV",5,CAINC4,30,"...","Per capita personal income (dollars) 4/","Dollars",2403,2767,3033,3423,3599,4100,4792,5144,5325,5922,6607,7729,8158,8848,8555,9187,9392,9705,10046,10804,11462,12733,13494,14867,15159,16151,16768,17279,18398,18995,18817,19297,21092,22109,22459,23815,25030,26783,27666,30969,31106,31974,34297,33632,32743,32725,32893,32262,34456,36186,37262,38968,42251,42308
 "54045","Logan, WV",5,CAINC4,35,"...","Earnings by place of work ","Thousands of dollars",97898,109582,120241,135973,133250,151622,187448,210172,221235,250410,269685,316724,318498,342696,302913,325784,328940,329598,341895,360286,364411,405438,419339,441583,429365,469243,481048,466215,493586,484670,445246,422711,440920,457596,460842,492809,505348,547116,539174,600838,614549,617626,709830,721111,672100,625566,588420,528931,565833,601028,644618,575622,659650,669225
 "54045","Logan, WV",5,CAINC4,36,"...","Less: Contributions for government social insurance 5/","Thousands of dollars",7556,8415,9742,11176,12777,15186,18441,21207,22146,25943,28893,34499,37227,41858,36954,41188,42409,43388,44895,50161,51401,57614,61877,66652,69367,75701,79417,76751,80771,81528,73488,71191,69819,68914,70816,74567,76669,78158,73391,78030,80438,80607,81737,82096,86320,83418,79666,75239,80456,84029,87712,83001,93720,95967
 "54045","Logan, WV",5,CAINC4,37,"..."," Employee and self-employed contributions for government social insurance ","Thousands of dollars",3302,3681,4193,4922,5536,6487,8017,9091,9389,10703,12147,14459,15730,17416,15393,16680,17619,18275,18921,21178,22336,24984,26371,27422,26909,29820,30996,29909,31220,30512,28755,27275,29460,30353,31121,33516,34990,37646,38459,42630,43894,44341,39976,40000,47513,45939,43856,41894,45092,47832,50266,47947,53460,55985
 "54045","Logan, WV",5,CAINC4,38,"..."," Employer contributions for government social insurance ","Thousands of dollars",4254,4734,5549,6254,7241,8699,10424,12116,12757,15240,16746,20040,21497,24442,21561,24508,24790,25113,25974,28983,29065,32630,35506,39230,42458,45881,48421,46842,49551,51016,44733,43916,40359,38561,39695,41051,41679,40512,34932,35400,36544,36266,41761,42096,38807,37479,35810,33345,35364,36197,37446,35054,40260,39982
 "54045","Logan, WV",5,CAINC4,42,"...","Plus: Adjustment for residence 6/","Thousands of dollars",-5663,-5722,-6551,-7332,-5301,-6829,-10146,-11580,-11735,-14437,-14032,-19474,-16775,-17689,-16070,-19888,-21313,-22075,-26905,-33931,-34946,-41795,-38479,-33389,-21431,-23440,-19705,-8635,-9412,-3106,8365,20767,23005,21373,23173,30258,52395,55668,69310,72815,59051,75180,40308,12472,18106,16952,12828,20791,20736,37306,2247,22738,-23685,-9764
 "54045","Logan, WV",5,CAINC4,45,"...","Equals: Net earnings by place of residence ","Thousands of dollars",84679,95445,103948,117465,115172,129607,158861,177385,187354,210030,226760,262751,264496,283149,249889,264708,265218,264135,270095,276194,278064,306029,318983,341542,338567,370102,381926,380829,403403,400036,380123,372287,394106,410055,413199,448500,481074,524626,535093,595623,593162,612199,668401,651487,603886,559100,521582,474483,506113,554305,559153,515359,542245,563494
 "54045","Logan, WV",5,CAINC4,46,"...","Plus: Dividends, interest, and rent 7/","Thousands of dollars",7653,9379,10667,12114,13508,15828,18008,20022,22802,25175,28258,36058,44585,52886,53382,62394,64975,64262,62480,67218,73740,77825,75535,77548,78587,82403,82877,85161,90981,95273,87209,92722,96693,98074,95640,94994,92750,95132,103728,131135,121685,119164,142053,142195,140019,149775,136597,124602,131285,121947,126574,129219,117792,125062
 "54045","Logan, WV",5,CAINC4,47,"...","Plus: Personal current transfer receipts ","Thousands of dollars",18650,23615,29276,35019,44497,47684,53575,58748,60623,69030,84194,92645,102802,111287,128086,127451,127903,136415,137212,143628,150359,161213,181887,209824,224820,224250,226780,235003,239489,253501,253462,260107,289890,311965,320952,327699,339156,356232,369393,405106,425049,443386,443870,434574,442057,456708,489223,503458,520877,527128,533266,622266,688491,636373
 "54045","Logan, WV",5,CAINC4,50,"...","Wages and salaries ","Thousands of dollars",76399,86021,95052,107510,104297,118414,149309,167698,174410,195648,211639,250057,249350,268826,231974,249817,252072,250658,258013,275513,277698,310282,319995,333980,317063,348473,356717,343808,360327,359709,329377,311585,328333,340273,339391,363752,371552,399183,402594,459273,469918,468969,545937,549680,509219,481004,448791,406473,431000,453810,489614,433002,506081,519025
 "54045","Logan, WV",5,CAINC4,60,"...","Supplements to wages and salaries ","Thousands of dollars",13947,15069,16392,18688,18360,21342,25089,28067,30640,36122,39648,48286,50809,56071,52268,55138,55836,60908,67860,62286,64420,71384,76606,84947,88551,95730,98337,96695,105457,103975,92757,89636,84904,86584,92874,97878,100817,112770,106854,115860,115090,112878,126843,134983,127930,115336,115407,101812,113371,120034,126866,114114,127522,125178
 "54045","Logan, WV",5,CAINC4,61,"..."," Employer contributions for employee pension and insurance funds 8/","Thousands of dollars",9693,10335,10843,12434,11119,12643,14665,15951,17883,20882,22902,28246,29312,31629,30707,30630,31046,35795,41886,33303,35355,38754,41100,45717,46093,49849,49916,49853,55906,52959,48024,45720,44545,48023,53179,56827,59138,72258,71922,80460,78546,76612,85082,92887,89123,77857,79597,68467,78007,83837,89420,79060,87262,85196
 "54045","Logan, WV",5,CAINC4,62,"..."," Employer contributions for government social insurance ","Thousands of dollars",4254,4734,5549,6254,7241,8699,10424,12116,12757,15240,16746,20040,21497,24442,21561,24508,24790,25113,25974,28983,29065,32630,35506,39230,42458,45881,48421,46842,49551,51016,44733,43916,40359,38561,39695,41051,41679,40512,34932,35400,36544,36266,41761,42096,38807,37479,35810,33345,35364,36197,37446,35054,40260,39982
 "54045","Logan, WV",5,CAINC4,70,"...","Proprietors' income 9/","Thousands of dollars",7552,8492,8797,9775,10593,11866,13050,14407,16185,18640,18398,18381,18339,17799,18671,20829,21032,18032,16022,22487,22293,23772,22738,22656,23751,25040,25994,25712,27802,20986,23112,21490,27683,30739,28577,31179,32979,35163,29726,25705,29541,35779,37050,36448,34951,29226,24222,20646,21462,27184,28138,28506,26047,25022
 "54045","Logan, WV",5,CAINC4,71,"..."," Farm proprietors' income ","Thousands of dollars",41,30,15,17,6,8,28,10,-7,15,-41,-51,-80,-169,-102,-57,-28,45,34,-22,-54,-65,-73,-20,-19,-17,-11,23,-15,-15,-84,-214,-383,-631,-766,-912,-1021,-900,-864,-287,-267,-249,-159,-4,9,9,31,53,45,51,71,98,93,91
 "54045","Logan, WV",5,CAINC4,72,"..."," Nonfarm proprietors' income ","Thousands of dollars",7511,8462,8782,9758,10587,11858,13022,14397,16192,18625,18439,18432,18419,17968,18773,20886,21060,17987,15988,22509,22347,23837,22811,22676,23770,25057,26005,25689,27817,21001,23196,21704,28066,31370,29343,32091,34000,36063,30590,25992,29808,36028,37209,36452,34942,29217,24191,20593,21417,27133,28067,28408,25954,24931
 "54045","Logan, WV",5,CAINC4,7010,"...","Total employment ","Number of jobs",13283,13770,14115,14785,14240,14891,15877,16366,16058,15815,16310,17186,16362,16499,14934,14942,14659,14074,13994,14421,14393,15045,15089,15370,14912,15338,15451,15221,15414,15074,13844,13684,13999,13989,13809,13959,14017,14165,13958,14395,14259,14082,14501,14365,13538,13038,12557,11872,12021,12006,12231,11386,12061,12260
 "54045","Logan, WV",5,CAINC4,7020,"..."," Wage and salary employment ","Number of jobs",12005,12572,12898,13502,12889,13493,14448,14973,14637,14368,14814,15609,14678,14898,13216,13245,12965,12406,12337,12630,12608,13192,13240,13494,13136,13592,13651,13348,13571,13499,12519,12329,12397,12352,12077,12334,12314,12461,12258,12725,12634,12346,12855,12743,12023,11565,10979,10299,10380,10477,10874,9881,10530,10639
 "54045","Logan, WV",5,CAINC4,7040,"..."," Proprietors employment ","Number of jobs",1278,1198,1217,1283,1351,1398,1429,1393,1421,1447,1496,1577,1684,1601,1718,1697,1694,1668,1657,1791,1785,1853,1849,1876,1776,1746,1800,1873,1843,1575,1325,1355,1602,1637,1732,1625,1703,1704,1700,1670,1625,1736,1646,1622,1515,1473,1578,1573,1641,1529,1357,1505,1531,1621
 "54047","McDowell, WV",5,CAINC4,10,"...","Personal income (thousands of dollars) ","Thousands of dollars",111527,134201,144184,167739,182231,197675,241086,264239,289744,293830,328115,348153,365587,382388,371674,389440,390734,383651,335034,333247,341275,365654,370087,394429,395050,391851,393247,403291,404478,405818,402820,407432,438463,439923,434277,426727,431715,452235,465637,509829,527494,554517,604518,616449,598103,573318,555149,530698,547789,551852,567629,586026,625655,611945
 "54047","McDowell, WV",5,CAINC4,11,"..."," Nonfarm personal income 1/","Thousands of dollars",111527,134201,144184,167739,182231,197675,241086,264239,289744,293830,328115,348153,365587,382388,371674,389440,390734,383651,335034,333247,341275,365654,370087,394429,395050,391851,393247,403291,404478,405818,402820,407432,438463,439923,434277,426727,431715,452235,465637,509829,527494,554517,604518,616449,598103,573318,555149,530698,547789,551852,567629,586026,625655,611945
 "54047","McDowell, WV",5,CAINC4,12,"..."," Farm income 2/","Thousands of dollars",0,0,0,0,0,0,0,0,0,0,0,0,0,0,0,0,0,0,0,0,0,0,0,0,0,0,0,0,0,0,0,0,0,0,0,0,0,0,0,0,0,0,0,0,0,0,0,0,0,0,0,0,0,0
 "54047","McDowell, WV",5,CAINC4,20,"...","Population (persons) 3/","Number of persons",49998,50686,50784,50838,50256,50510,51175,51968,52157,51846,51150,49724,48980,48280,47684,46083,44755,43393,41177,38653,36364,34929,34159,33555,32887,32111,31338,30227,29270,28560,27848,27099,26301,25730,24989,24264,23711,23199,22746,22494,22276,22154,22029,21848,21721,21359,20935,20543,20045,19916,19474,18921,18413,17850
 "54047","McDowell, WV",5,CAINC4,30,"...","Per capita personal income (dollars) 4/","Dollars",2231,2648,2839,3299,3626,3914,4711,5085,5555,5667,6415,7002,7464,7920,7795,8451,8731,8841,8136,8622,9385,10468,10834,11755,12012,12203,12549,13342,13819,14209,14465,15035,16671,17098,17379,17587,18207,19494,20471,22665,23680,25030,27442,28215,27536,26842,26518,25834,27328,27709,29148,30972,33979,34283
 "54047","McDowell, WV",5,CAINC4,35,"...","Earnings by place of work ","Thousands of dollars",106280,126433,128460,152958,158753,173774,224380,252537,276170,267029,296788,308809,304019,296244,262546,284940,290366,265275,174511,175706,178596,191653,183408,190643,192162,188416,189735,191761,196057,190122,186667,185227,206796,204930,202241,204060,219222,244270,252031,296135,309861,341262,407102,411258,368287,322570,279600,247816,277980,287189,295814,274239,278388,287308
 "54047","McDowell, WV",5,CAINC4,36,"...","Less: Contributions for government social insurance 5/","Thousands of dollars",8112,9457,10144,12164,14796,16731,21077,24318,25698,25899,29932,32186,34434,35227,30889,35055,36930,34534,23304,25518,26597,28241,28251,29961,32579,31996,33351,33392,33951,33699,32911,33755,34146,30632,31451,31886,34537,36525,36352,40893,43224,46159,48106,47285,48204,44012,39201,36980,41056,42125,42499,41181,42090,44242
 "54047","McDowell, WV",5,CAINC4,37,"..."," Employee and self-employed contributions for government social insurance ","Thousands of dollars",3544,4156,4410,5462,6501,7311,9458,10777,11387,11066,13075,13884,14817,14886,13153,14503,15521,14647,10452,11549,12555,13027,12923,13297,13519,13802,14383,14168,14391,13846,13808,13456,15389,15101,15567,16171,17693,19283,20582,23417,24294,26023,24053,23845,27244,25228,22794,21696,24209,25393,25642,25260,25685,27511
 "54047","McDowell, WV",5,CAINC4,38,"..."," Employer contributions for government social insurance ","Thousands of dollars",4568,5301,5734,6702,8295,9420,11619,13541,14311,14833,16857,18302,19617,20341,17736,20552,21409,19887,12852,13969,14042,15214,15328,16664,19060,18194,18968,19224,19560,19853,19103,20299,18757,15531,15884,15715,16844,17242,15770,17476,18930,20136,24053,23440,20960,18784,16407,15284,16847,16732,16857,15921,16405,16731
 "54047","McDowell, WV",5,CAINC4,42,"...","Plus: Adjustment for residence 6/","Thousands of dollars",-15206,-18273,-18804,-24695,-25845,-28315,-39895,-47768,-51140,-50572,-58568,-63344,-54829,-48826,-43524,-46357,-49943,-42492,-7392,-6568,-6684,-5949,-4072,-4824,-6685,-4955,-7535,-7846,-8245,-8098,-8532,-8451,-12433,-12295,-12359,-15613,-18593,-27489,-31610,-52528,-54389,-59374,-78856,-71327,-52169,-41009,-29585,-25487,-33680,-34539,-39929,-35623,-35573,-31684
 "54047","McDowell, WV",5,CAINC4,45,"...","Equals: Net earnings by place of residence ","Thousands of dollars",82962,98703,99512,116099,118112,128728,163408,180451,199332,190558,208288,213279,214756,212191,188133,203528,203493,188249,143815,143620,145315,157463,151085,155858,152898,151465,148849,150523,153861,148325,145224,143021,160217,162003,158431,156561,166092,180256,184069,202714,212248,235729,280140,292646,267914,237549,210814,185349,203244,210525,213386,197435,200725,211382
 "54047","McDowell, WV",5,CAINC4,46,"...","Plus: Dividends, interest, and rent 7/","Thousands of dollars",7797,9302,10217,11411,12511,14386,17293,19031,21541,23680,26272,32292,38522,46255,46443,52542,55812,57283,53203,56462,58566,62657,63627,65443,63495,62290,63899,66119,65044,65670,62528,63010,65344,63567,61067,53960,50072,46465,54965,65581,65966,64265,70756,67340,71254,78617,69834,66065,65759,61398,61706,61646,59020,61017
 "54047","McDowell, WV",5,CAINC4,47,"...","Plus: Personal current transfer receipts ","Thousands of dollars",20768,26196,34455,40229,51608,54561,60385,64757,68871,79592,93555,102582,112309,123942,137098,133370,131429,138119,138016,133165,137394,145534,155375,173128,178657,178096,180499,186649,185573,191823,195068,201401,212902,214353,214779,216206,215551,225514,226603,241534,249280,254523,253622,256463,258935,257152,274501,279284,278786,279929,292537,326945,365910,339546
 "54047","McDowell, WV",5,CAINC4,50,"...","Wages and salaries ","Thousands of dollars",82751,97833,100078,120739,124478,133418,176098,201780,209516,197922,226437,240038,233691,225227,193208,211264,218510,199725,128713,130926,132569,141973,134838,139257,137207,135445,137340,137199,138488,133954,128833,127546,142381,141532,138313,144775,155162,173088,182544,224219,235715,259422,312803,312219,279169,245220,207747,182353,204180,210849,217860,201409,203711,213354
 "54047","McDowell, WV",5,CAINC4,60,"...","Supplements to wages and salaries ","Thousands of dollars",16328,19005,19325,22701,24136,26371,31645,36483,40189,41273,47024,51801,52376,51717,49057,50769,52518,54719,35727,31678,33307,35831,35701,39528,43435,41720,42459,43703,45003,44385,43621,45313,42161,39751,41832,43580,45890,52570,50759,57888,59761,64877,76815,81266,75056,65262,60945,53708,61353,63323,64716,60962,62492,62085
 "54047","McDowell, WV",5,CAINC4,61,"..."," Employer contributions for employee pension and insurance funds 8/","Thousands of dollars",11760,13704,13591,15999,15841,16951,20026,22942,25878,26440,30167,33499,32759,31376,31321,30217,31109,34832,22875,17709,19265,20617,20373,22864,24375,23526,23491,24479,25443,24532,24518,25014,23404,24220,25948,27865,29046,35328,34989,40412,40831,44741,52762,57826,54096,46478,44538,38424,44506,46591,47859,45041,46087,45354
 "54047","McDowell, WV",5,CAINC4,62,"..."," Employer contributions for government social insurance ","Thousands of dollars",4568,5301,5734,6702,8295,9420,11619,13541,14311,14833,16857,18302,19617,20341,17736,20552,21409,19887,12852,13969,14042,15214,15328,16664,19060,18194,18968,19224,19560,19853,19103,20299,18757,15531,15884,15715,16844,17242,15770,17476,18930,20136,24053,23440,20960,18784,16407,15284,16847,16732,16857,15921,16405,16731
 "54047","McDowell, WV",5,CAINC4,70,"...","Proprietors' income 9/","Thousands of dollars",7201,9595,9057,9518,10139,13985,16637,14274,26465,27834,23327,16970,17952,19300,20281,22907,19338,10831,10071,13102,12720,13849,12869,11858,11520,11251,9936,10859,12566,11783,14213,12368,22254,23647,22096,15705,18170,18612,18728,14028,14385,16963,17484,17773,14062,12088,10908,11755,12447,13017,13238,11868,12185,11869
 "54047","McDowell, WV",5,CAINC4,71,"..."," Farm proprietors' income ","Thousands of dollars",0,0,0,0,0,0,0,0,0,0,0,0,0,0,0,0,0,0,0,0,0,0,0,0,0,0,0,0,0,0,0,0,0,0,0,0,0,0,0,0,0,0,0,0,0,0,0,0,0,0,0,0,0,0
 "54047","McDowell, WV",5,CAINC4,72,"..."," Nonfarm proprietors' income ","Thousands of dollars",7201,9595,9057,9518,10139,13985,16637,14274,26465,27834,23327,16970,17952,19300,20281,22907,19338,10831,10071,13102,12720,13849,12869,11858,11520,11251,9936,10859,12566,11783,14213,12368,22254,23647,22096,15705,18170,18612,18728,14028,14385,16963,17484,17773,14062,12088,10908,11755,12447,13017,13238,11868,12185,11869
 "54047","McDowell, WV",5,CAINC4,7010,"...","Total employment ","Number of jobs",14006,14996,14402,15048,14854,14830,16124,17125,16956,15665,15837,15804,14047,13169,11580,11398,11183,10486,8009,7848,7806,7972,7690,7804,7530,7359,7483,7293,7105,6824,6402,6271,6346,6281,6070,5944,5878,6189,6208,6602,6652,6856,7369,7322,6687,6370,5792,5304,5360,5320,5206,4876,4906,4894
 "54047","McDowell, WV",5,CAINC4,7020,"..."," Wage and salary employment ","Number of jobs",12685,13676,13110,13875,13714,13647,14922,15883,15693,14400,14582,14533,12714,11887,10255,10175,10057,9473,7051,6846,6771,6855,6538,6711,6512,6347,6446,6294,6079,5959,5621,5476,5583,5571,5401,5223,5223,5560,5564,5959,6002,6219,6744,6708,6058,5662,5178,4687,4740,4651,4642,4308,4289,4246
 "54047","McDowell, WV",5,CAINC4,7040,"..."," Proprietors employment ","Number of jobs",1321,1320,1292,1173,1140,1183,1202,1242,1263,1265,1255,1271,1333,1282,1325,1223,1126,1013,958,1002,1035,1117,1152,1093,1018,1012,1037,999,1026,865,781,795,763,710,669,721,655,629,644,643,650,637,625,614,629,708,614,617,620,669,564,568,617,648
 "54049","Marion, WV",5,CAINC4,10,"...","Personal income (thousands of dollars) ","Thousands of dollars",186140,207254,224158,244585,264877,289121,338105,367599,406329,436754,488723,546500,591790,652509,674311,712757,713561,720206,736773,763460,802834,870691,895761,942218,935836,1001247,1063269,1072773,1120291,1150102,1194756,1301761,1419550,1477254,1465236,1444859,1516649,1646273,1706914,1816140,1879841,1983869,2072650,2144848,2143891,2181680,2203091,2165991,2290091,2364203,2421786,2559802,2748802,2741509
 "54049","Marion, WV",5,CAINC4,11,"..."," Nonfarm personal income 1/","Thousands of dollars",186038,207192,224054,244464,264720,289175,338218,367729,406440,436700,488607,546404,592557,653533,674996,713054,714063,720517,737814,764389,802994,870396,895977,942481,936079,1001589,1064096,1074112,1121454,1150986,1195599,1302301,1419998,1477577,1465597,1444949,1517135,1646987,1708202,1817020,1881068,1985582,2074352,2147239,2146190,2184237,2205580,2168795,2293110,2367438,2424533,2562874,2751954,2745831
 "54049","Marion, WV",5,CAINC4,12,"..."," Farm income 2/","Thousands of dollars",102,62,104,121,157,-54,-113,-130,-111,54,116,96,-767,-1024,-685,-297,-502,-311,-1041,-929,-160,295,-216,-263,-243,-342,-827,-1339,-1163,-884,-843,-540,-448,-323,-361,-90,-486,-714,-1288,-880,-1227,-1713,-1702,-2391,-2299,-2557,-2489,-2804,-3019,-3235,-2747,-3072,-3152,-4322
 "54049","Marion, WV",5,CAINC4,20,"...","Population (persons) 3/","Number of persons",61238,61465,62286,63864,63882,63962,63568,64793,65804,65870,65964,65693,65247,64960,65076,63845,62776,61852,60641,58975,57917,57204,57476,57824,58374,58290,58221,57910,57582,57221,56820,56474,56060,55997,56081,55957,56068,56284,56445,56141,56426,56572,56741,56838,56830,56929,56925,56688,56583,56306,56273,56230,56117,55952
 "54049","Marion, WV",5,CAINC4,30,"...","Per capita personal income (dollars) 4/","Dollars",3040,3372,3599,3830,4146,4520,5319,5673,6175,6631,7409,8319,9070,10045,10362,11164,11367,11644,12150,12945,13862,15221,15585,16295,16032,17177,18263,18525,19456,20099,21027,23051,25322,26381,26127,25821,27050,29249,30240,32350,33315,35068,36528,37736,37725,38323,38702,38209,40473,41988,43036,45524,48983,48998
 "54049","Marion, WV",5,CAINC4,35,"...","Earnings by place of work ","Thousands of dollars",162407,177572,185666,197364,211001,226346,267419,290889,325526,343781,375183,404695,422221,458590,460439,476817,464610,450328,464348,484231,517670,566308,585318,590857,566514,647518,711455,681189,705448,719757,754865,833637,905182,924085,908777,903196,1002294,1072840,1079368,1112940,1128389,1189351,1269202,1308453,1293436,1272746,1221139,1119074,1176062,1200746,1240046,1182283,1255494,1308401
 "54049","Marion, WV",5,CAINC4,36,"...","Less: Contributions for government social insurance 5/","Thousands of dollars",12921,13952,15214,16827,21011,23442,27091,30128,33613,36712,41320,45173,50422,56640,56701,60398,59674,59417,61406,66687,71746,78401,83887,85689,85160,96804,108803,105241,108653,111342,115539,126813,127104,121321,124893,125574,137516,139437,135344,135406,138903,144497,135510,138623,154281,157022,151643,144689,152880,154383,156396,157343,164743,174650
 "54049","Marion, WV",5,CAINC4,37,"..."," Employee and self-employed contributions for government social insurance ","Thousands of dollars",5625,6123,6654,7348,9008,10039,11752,12745,13952,14943,17134,18836,21272,23798,23706,24687,25236,25564,26776,29135,32306,35035,37138,37227,36327,41270,45731,44158,45454,45677,47747,51142,55986,55975,57215,57666,63740,68254,71140,73923,75620,79370,66974,68611,85231,86465,83766,79785,84950,86782,88550,90165,95128,102818
 "54049","Marion, WV",5,CAINC4,38,"..."," Employer contributions for government social insurance ","Thousands of dollars",7296,7829,8560,9479,12003,13403,15339,17383,19661,21769,24186,26337,29150,32842,32995,35711,34438,33853,34630,37552,39440,43366,46749,48462,48833,55534,63072,61083,63199,65665,67792,75671,71118,65346,67678,67908,73776,71183,64204,61483,63283,65127,68536,70012,69050,70557,67877,64904,67930,67601,67846,67178,69615,71832
 "54049","Marion, WV",5,CAINC4,42,"...","Plus: Adjustment for residence 6/","Thousands of dollars",-4391,-4839,-3249,-893,-2588,-2991,-5124,-6519,-9599,-9558,-8066,-8064,-8546,-3320,-3055,3149,6135,12556,15836,10957,5038,4202,5370,12678,21786,23776,13280,30281,38018,50923,64219,74330,82289,95054,108941,106573,82939,90595,97360,113600,137544,138982,112184,133858,170377,188477,228071,259460,289563,321766,316762,343907,364945,377367
 "54049","Marion, WV",5,CAINC4,45,"...","Equals: Net earnings by place of residence ","Thousands of dollars",145095,158781,167203,179644,187402,199913,235204,254242,282314,297511,325797,351458,363253,398630,400683,419568,411071,403467,418778,428501,450962,492109,506801,517846,503140,574490,615932,606229,634813,659338,703545,781154,860367,897818,892825,884195,947717,1023998,1041384,1091134,1127030,1183836,1245876,1303688,1309532,1304201,1297567,1233845,1312745,1368129,1400412,1368847,1455696,1511118
 "54049","Marion, WV",5,CAINC4,46,"...","Plus: Dividends, interest, and rent 7/","Thousands of dollars",19555,22454,24773,27216,30804,36177,41916,46681,53675,59899,68099,86094,106439,125618,129273,145319,146708,152236,148115,156785,164875,178756,170930,173758,174517,177293,190058,196446,210501,215289,205319,219634,228607,224765,217571,205255,202293,226339,247360,265132,259834,276719,304527,317258,304127,323084,318841,322603,349383,353050,363117,375314,383219,415699
 "54049","Marion, WV",5,CAINC4,47,"...","Plus: Personal current transfer receipts ","Thousands of dollars",21490,26019,32182,37725,46671,53031,60985,66676,70340,79344,94827,108948,122098,128261,144355,147870,155782,164503,169880,178174,186997,199826,218030,250614,258179,249464,257279,270098,274977,275475,285892,300973,330576,354671,354840,355409,366639,395936,418170,459874,492977,523314,522247,523902,530232,554395,586683,609543,627963,643024,658257,815641,909887,814692
 "54049","Marion, WV",5,CAINC4,50,"...","Wages and salaries ","Thousands of dollars",131000,143826,149597,157425,168270,179730,213354,231828,258048,270643,295403,320365,333103,362974,356292,366136,355316,343804,349968,363591,383014,415580,430466,428698,401638,457126,510142,487484,500847,503566,521469,546690,581379,590928,600696,632263,697394,740052,763704,804233,816477,854362,902396,913507,907609,908837,876785,805475,842628,852664,873493,829903,881047,942534
 "54049","Marion, WV",5,CAINC4,60,"...","Supplements to wages and salaries ","Thousands of dollars",18569,20265,21270,23486,25796,28470,33293,36435,42335,45339,50589,56177,61157,68183,73890,76195,75412,77502,83126,82051,89819,98485,105871,112565,111740,128077,139637,132181,136678,139081,145029,158101,158523,158430,166070,171755,189197,207849,201977,206768,205970,204395,217871,229373,229725,218129,221076,202579,219261,224160,232709,218487,222645,222310
 "54049","Marion, WV",5,CAINC4,61,"..."," Employer contributions for employee pension and insurance funds 8/","Thousands of dollars",11273,12436,12710,14007,13793,15067,17954,19052,22674,23570,26403,29840,32007,35341,40895,40484,40974,43649,48496,44499,50379,55119,59122,64103,62907,72543,76565,71098,73479,73416,77237,82430,87405,93084,98392,103847,115421,136666,137773,145285,142687,139268,149335,159361,160675,147572,153199,137675,151331,156559,164863,151309,153030,150478
 "54049","Marion, WV",5,CAINC4,62,"..."," Employer contributions for government social insurance ","Thousands of dollars",7296,7829,8560,9479,12003,13403,15339,17383,19661,21769,24186,26337,29150,32842,32995,35711,34438,33853,34630,37552,39440,43366,46749,48462,48833,55534,63072,61083,63199,65665,67792,75671,71118,65346,67678,67908,73776,71183,64204,61483,63283,65127,68536,70012,69050,70557,67877,64904,67930,67601,67846,67178,69615,71832
 "54049","Marion, WV",5,CAINC4,70,"...","Proprietors' income 9/","Thousands of dollars",12838,13481,14799,16453,16935,18146,20772,22626,25143,27799,29191,28153,27961,27433,30257,34486,33882,29022,31254,38589,44837,52243,48981,49594,53136,62315,61676,61524,67923,77110,88367,128846,165280,174727,142011,99178,115703,124939,113687,101939,105942,130594,148935,165573,156102,145780,123278,111020,114173,123922,133844,133893,151802,143557
 "54049","Marion, WV",5,CAINC4,71,"..."," Farm proprietors' income ","Thousands of dollars",43,-4,36,61,74,-133,-169,-210,-186,-57,3,-12,-865,-1127,-791,-417,-628,-435,-1165,-1057,-289,154,-344,-387,-378,-475,-977,-1490,-1330,-1046,-986,-652,-560,-434,-522,-279,-667,-942,-1571,-1108,-1414,-1847,-1798,-2508,-2415,-2681,-2592,-2919,-3129,-3332,-2832,-3161,-3235,-4442
 "54049","Marion, WV",5,CAINC4,72,"..."," Nonfarm proprietors' income ","Thousands of dollars",12795,13485,14763,16392,16861,18279,20941,22836,25329,27856,29188,28165,28826,28560,31048,34903,34510,29457,32419,39646,45126,52089,49325,49981,53514,62790,62653,63014,69253,78156,89353,129498,165840,175161,142533,99457,116370,125881,115258,103047,107356,132441,150733,168081,158517,148461,125870,113939,117302,127254,136676,137054,155037,147999
 "54049","Marion, WV",5,CAINC4,7010,"...","Total employment ","Number of jobs",25036,25028,25189,25331,25708,25643,26646,26711,27398,27277,27152,26653,25403,25224,24710,24434,23602,23185,23222,23452,23704,24438,24283,24252,23560,24977,26196,25465,25443,25692,25862,26519,26565,26089,26202,26345,27502,27738,28014,27890,27409,27434,28017,28112,27675,27595,26662,25431,25109,24741,24580,23106,23965,24702
 "54049","Marion, WV",5,CAINC4,7020,"..."," Wage and salary employment ","Number of jobs",22385,22357,22476,22537,22788,22594,23434,23368,24007,23845,23687,23028,21800,21709,21018,20736,19839,19400,19351,19491,19773,20252,20147,20113,19372,20522,21599,20851,20727,20867,21143,21688,21678,21321,21280,21395,22376,22611,22698,22654,22098,22172,22617,22573,22087,22004,21142,20215,19961,19713,19831,18117,18693,19093
 "54049","Marion, WV",5,CAINC4,7040,"..."," Proprietors employment ","Number of jobs",2651,2671,2713,2794,2920,3049,3212,3343,3391,3432,3465,3625,3603,3515,3692,3698,3763,3785,3871,3961,3931,4186,4136,4139,4188,4455,4597,4614,4716,4825,4719,4831,4887,4768,4922,4950,5126,5127,5316,5236,5311,5262,5400,5539,5588,5591,5520,5216,5148,5028,4749,4989,5272,5609
 "54051","Marshall, WV",5,CAINC4,10,"...","Personal income (thousands of dollars) ","Thousands of dollars",113407,124392,131243,142078,154830,172102,192894,223724,257088,288006,320596,334792,370413,389454,398836,417935,425714,431520,447126,470516,500987,522637,535825,570558,581935,609751,616262,637761,659614,692837,713921,751396,784403,784642,794560,814059,822341,853355,875874,944432,938510,935424,977213,1006919,1078103,1151966,1162103,1114867,1185918,1295284,1294759,1300559,1422632,1450882
 "54051","Marshall, WV",5,CAINC4,11,"..."," Nonfarm personal income 1/","Thousands of dollars",113164,124224,130969,141770,154485,171986,192928,223776,257282,288051,320580,334664,370941,390450,399269,417502,425259,430839,446803,470686,500555,522015,535930,570294,581782,609570,616988,638727,660517,693587,714947,752012,784842,785460,796667,815786,824706,856849,880533,948742,943082,940145,981320,1011860,1083020,1157869,1168178,1121408,1192918,1302799,1301675,1308101,1429932,1461131
 "54051","Marshall, WV",5,CAINC4,12,"..."," Farm income 2/","Thousands of dollars",243,168,274,308,345,116,-34,-52,-194,-45,16,128,-528,-996,-433,433,455,681,323,-170,432,622,-105,264,153,181,-726,-966,-903,-750,-1026,-616,-439,-818,-2107,-1727,-2365,-3494,-4659,-4310,-4572,-4721,-4107,-4941,-4917,-5903,-6075,-6541,-7000,-7515,-6916,-7542,-7300,-10249
 "54051","Marshall, WV",5,CAINC4,20,"...","Population (persons) 3/","Number of persons",38169,37729,38497,38537,38779,39063,39838,40278,40682,40688,41179,41532,41188,40834,40558,40062,39638,38698,38329,37950,37692,37337,37241,37426,37611,37672,36852,36502,36266,36066,35900,35399,35191,34890,34736,34521,34122,33814,33583,33248,33116,33100,32981,32910,32767,32517,32409,31961,31518,31135,30881,30497,30208,29752
 "54051","Marshall, WV",5,CAINC4,30,"...","Per capita personal income (dollars) 4/","Dollars",2971,3297,3409,3687,3993,4406,4842,5554,6319,7078,7785,8061,8993,9537,9834,10432,10740,11151,11665,12398,13292,13998,14388,15245,15472,16186,16723,17472,18188,19210,19886,21226,22290,22489,22874,23582,24100,25237,26081,28406,28340,28261,29630,30596,32902,35427,35857,34882,37627,41602,41927,42645,47095,48766
 "54051","Marshall, WV",5,CAINC4,35,"...","Earnings by place of work ","Thousands of dollars",128854,143258,145318,149150,158446,172542,187178,224609,260198,288897,291742,278201,303992,308864,311236,331922,328973,328053,353552,370154,401857,419851,424398,433546,433745,468414,457908,463498,462015,475926,497538,526842,543656,529087,556272,571601,576973,600476,601886,628524,631535,664629,693812,734223,825564,858642,796376,743732,966898,1347635,1138650,890364,854359,880818
 "54051","Marshall, WV",5,CAINC4,36,"...","Less: Contributions for government social insurance 5/","Thousands of dollars",10564,11568,12036,12565,15529,17731,18844,23377,26981,30915,31450,30175,35334,36971,37506,40613,40195,41350,44763,48948,53387,56271,58669,60488,62953,68134,67624,68663,67722,70532,73522,78593,75149,69293,75438,77024,77725,78344,74930,74901,76834,80218,73315,77359,98457,103919,94991,93008,120778,163898,137764,113999,109521,114662
 "54051","Marshall, WV",5,CAINC4,37,"..."," Employee and self-employed contributions for government social insurance ","Thousands of dollars",4416,4870,5135,5465,6671,7510,8118,9712,11042,12459,13209,12845,15251,15892,15922,16957,17459,18068,19575,21205,23505,24984,25785,26132,26365,28824,28869,28833,28748,29424,30588,31678,33015,31985,34368,35388,36114,38194,39463,41142,41805,43677,36074,37680,52841,56420,52811,51048,65121,86845,75178,62891,61118,64602
 "54051","Marshall, WV",5,CAINC4,38,"..."," Employer contributions for government social insurance ","Thousands of dollars",6148,6698,6901,7100,8858,10221,10726,13665,15939,18456,18241,17330,20083,21079,21584,23656,22736,23282,25188,27743,29882,31287,32884,34356,36588,39310,38755,39830,38974,41108,42934,46915,42134,37308,41070,41636,41611,40150,35467,33759,35029,36541,37241,39679,45616,47499,42180,41960,55657,77053,62586,51108,48403,50060
 "54051","Marshall, WV",5,CAINC4,42,"...","Plus: Adjustment for residence 6/","Thousands of dollars",-27192,-32929,-31104,-27000,-24962,-25757,-25853,-34088,-39479,-40677,-25080,-13114,-14723,-15925,-20559,-25079,-21672,-19450,-23040,-23260,-31490,-32323,-32088,-18569,-14548,-21562,-7403,-2301,10330,21635,23276,24395,15319,24331,11413,11054,18866,12951,6965,7748,-8435,-51019,-56793,-78927,-96472,-100114,-57740,-39759,-176352,-435538,-273515,-129703,-68370,-66140
 "54051","Marshall, WV",5,CAINC4,45,"...","Equals: Net earnings by place of residence ","Thousands of dollars",91098,98761,102178,109585,117955,129054,142481,167144,193738,217305,235212,234912,253935,255968,253171,266230,267106,267253,285749,297946,316980,331257,333641,354489,356244,378718,382881,392534,404623,427029,447292,472644,483826,484125,492247,505631,518114,535083,533921,561371,546266,533392,563704,577937,630635,654609,643645,610965,669768,748199,727371,646662,676468,700016
 "54051","Marshall, WV",5,CAINC4,46,"...","Plus: Dividends, interest, and rent 7/","Thousands of dollars",10478,12046,13330,14603,16594,19466,21584,24051,27298,30494,36121,46459,56934,66365,70789,76093,79702,83289,79716,86003,92897,96524,97195,94605,97010,98178,97871,102353,109538,113311,109137,116430,118493,104947,103740,110987,102188,101072,116252,134174,127077,127823,143232,148617,161639,184938,204281,172324,188667,214073,225164,221840,261438,326175
 "54051","Marshall, WV",5,CAINC4,47,"...","Plus: Personal current transfer receipts ","Thousands of dollars",11831,13585,15735,17890,20281,23582,28829,32529,36052,40207,49263,53421,59544,67121,74876,75612,78906,80978,81661,86567,91110,94856,104989,121464,128681,132855,135510,142874,145453,152497,157492,162322,182084,195570,198573,197441,202039,217200,225701,248887,265167,274209,270277,280365,285829,312419,314177,331578,327483,333012,342224,432057,484726,424691
 "54051","Marshall, WV",5,CAINC4,50,"...","Wages and salaries ","Thousands of dollars",107793,120428,121076,122657,129575,141305,153193,184940,213489,236735,237303,225982,247413,251098,249305,263486,258515,254423,270930,285792,305932,319704,321752,326590,323146,350844,345229,349184,344476,354052,369743,381382,392965,380490,404951,419429,425061,437292,446110,469963,474411,496439,516260,544098,622404,657542,597584,562717,745983,1072034,887601,683792,652061,683582
 "54051","Marshall, WV",5,CAINC4,60,"...","Supplements to wages and salaries ","Thousands of dollars",14628,16292,16833,18451,20313,22764,24628,28977,35179,39610,41228,39441,44174,46646,49807,53004,53862,56480,62750,63259,70695,73896,78974,83686,87229,93546,89540,93251,92479,92407,99295,106474,109829,105314,113922,118422,118463,130152,125562,129642,126157,128654,132757,143497,159446,155119,153503,142062,182821,238135,207430,172948,165197,164720
 "54051","Marshall, WV",5,CAINC4,61,"..."," Employer contributions for employee pension and insurance funds 8/","Thousands of dollars",8480,9594,9932,11351,11455,12543,13902,15312,19240,21154,22987,22111,24091,25567,28223,29348,31126,33198,37562,35516,40813,42609,46090,49330,50641,54236,50785,53421,53505,51299,56361,59559,67695,68006,72852,76786,76852,90002,90095,95883,91128,92113,95516,103818,113830,107620,111323,100102,127164,161082,144844,121840,116794,114660
 "54051","Marshall, WV",5,CAINC4,62,"..."," Employer contributions for government social insurance ","Thousands of dollars",6148,6698,6901,7100,8858,10221,10726,13665,15939,18456,18241,17330,20083,21079,21584,23656,22736,23282,25188,27743,29882,31287,32884,34356,36588,39310,38755,39830,38974,41108,42934,46915,42134,37308,41070,41636,41611,40150,35467,33759,35029,36541,37241,39679,45616,47499,42180,41960,55657,77053,62586,51108,48403,50060
 "54051","Marshall, WV",5,CAINC4,70,"...","Proprietors' income 9/","Thousands of dollars",6433,6538,7409,8042,8558,8473,9357,10692,11530,12552,13211,12778,12405,11120,12124,15432,16596,17150,19872,21103,25230,26251,23672,23270,23370,24024,23139,21063,25060,29467,28500,38986,40862,43283,37399,33750,33449,33032,30214,28919,30967,39536,44795,46628,43714,45981,45289,38953,38094,37466,43619,33624,37101,32516
 "54051","Marshall, WV",5,CAINC4,71,"..."," Farm proprietors' income ","Thousands of dollars",148,76,190,244,263,47,-111,-189,-339,-296,-251,-143,-784,-1270,-673,217,269,527,191,-304,296,480,-228,153,36,67,-851,-1096,-1035,-893,-1176,-759,-616,-1025,-2311,-1907,-2494,-3621,-4788,-4483,-4788,-4955,-4344,-5353,-5342,-6352,-6445,-6949,-7376,-7864,-7206,-7849,-7594,-10669
 "54051","Marshall, WV",5,CAINC4,72,"..."," Nonfarm proprietors' income ","Thousands of dollars",6285,6462,7219,7798,8295,8426,9468,10881,11869,12848,13462,12921,13189,12390,12797,15215,16327,16623,19681,21407,24934,25771,23900,23117,23334,23957,23990,22159,26095,30360,29676,39745,41478,44308,39710,35657,35943,36653,35002,33402,35755,44491,49139,51981,49056,52333,51734,45902,45470,45330,50825,41473,44695,43185
 "54051","Marshall, WV",5,CAINC4,7010,"...","Total employment ","Number of jobs",16768,17138,16864,16624,16823,17110,16902,17521,18060,18184,17392,15731,15446,15131,14521,14323,13952,13563,13922,14177,14436,14456,14562,14415,13730,14257,14072,14086,14140,14573,15046,15327,14219,13677,13753,13904,14181,14333,14140,14051,13696,14018,14172,14323,14677,14633,13838,13454,14863,16936,15579,13869,13500,13948
 "54051","Marshall, WV",5,CAINC4,7020,"..."," Wage and salary employment ","Number of jobs",14831,15315,15057,14833,14987,15252,15039,15746,16283,16390,15534,13752,13465,13080,12414,12135,11642,11130,11357,11705,12013,11958,12120,11767,11582,12105,11907,11820,11544,11792,11807,12015,11688,11242,11398,11514,11744,11896,11595,11582,11304,11589,11705,11952,12333,12316,11628,11146,12554,14437,13130,11345,10920,11235
 "54051","Marshall, WV",5,CAINC4,7040,"..."," Proprietors employment ","Number of jobs",1937,1823,1807,1791,1836,1858,1863,1775,1777,1794,1858,1979,1981,2051,2107,2188,2310,2433,2565,2472,2423,2498,2442,2648,2148,2152,2165,2266,2596,2781,3239,3312,2531,2435,2355,2390,2437,2437,2545,2469,2392,2429,2467,2371,2344,2317,2210,2308,2309,2499,2449,2524,2580,2713
 "54053","Mason, WV",5,CAINC4,10,"...","Personal income (thousands of dollars) ","Thousands of dollars",61953,67687,73505,76987,85549,94625,104118,119376,137108,158623,182068,194363,200645,202890,210169,232441,242042,249478,258646,274503,293592,324331,334845,366404,377341,396038,408868,419093,432455,453137,467653,487321,529698,536324,550461,569445,588688,649909,667366,724912,745020,748140,772372,797036,778461,787020,820847,823612,858956,896842,926868,986650,1063697,1052874
 "54053","Mason, WV",5,CAINC4,11,"..."," Nonfarm personal income 1/","Thousands of dollars",60017,66046,72128,75363,83674,93587,103458,119149,137473,158565,182123,194595,201861,205329,211915,230513,239595,246193,256662,273365,290397,319391,331072,360678,373192,392255,407450,419259,432810,454159,469892,489219,531478,540365,549541,566503,587307,646622,663652,720988,740914,743961,766070,790480,771804,779969,814750,817038,850522,887257,912340,971062,1046699,1040553
 "54053","Mason, WV",5,CAINC4,12,"..."," Farm income 2/","Thousands of dollars",1936,1641,1377,1624,1875,1038,660,227,-365,58,-55,-232,-1216,-2439,-1746,1928,2447,3285,1984,1138,3195,4940,3773,5726,4149,3783,1418,-166,-355,-1022,-2239,-1898,-1780,-4041,920,2942,1381,3287,3714,3924,4106,4179,6302,6556,6657,7051,6097,6574,8434,9585,14528,15588,16998,12321
 "54053","Mason, WV",5,CAINC4,20,"...","Population (persons) 3/","Number of persons",24428,24333,24555,24828,24794,25118,25522,25827,25940,25859,26419,27082,27203,27026,26709,26551,26361,26134,25989,25647,25401,25144,25119,24880,25241,25315,25642,25788,25937,25908,25923,25973,26258,26343,26511,26521,26363,26648,26738,27097,27309,27352,27203,27009,26842,26757,26600,26345,26138,25998,25688,25398,25290,25000
 "54053","Mason, WV",5,CAINC4,30,"...","Per capita personal income (dollars) 4/","Dollars",2536,2782,2993,3101,3450,3767,4080,4622,5286,6134,6892,7177,7376,7507,7869,8755,9182,9546,9952,10703,11558,12899,13330,14727,14950,15644,15945,16251,16673,17490,18040,18763,20173,20359,20763,21471,22330,24389,24959,26752,27281,27352,28393,29510,29002,29414,30859,31263,32862,34497,36082,38848,42060,42115
 "54053","Mason, WV",5,CAINC4,35,"...","Earnings by place of work ","Thousands of dollars",45611,47538,50227,53013,57613,62967,67049,81616,105637,137315,161137,144417,125932,119247,118175,133159,145678,149300,155066,170885,191355,239526,232917,245485,242260,257584,261423,251390,248248,259117,264337,268114,303455,299174,289608,300690,311798,379061,365541,375582,386216,380524,380405,382958,368940,353553,357354,353612,360114,370304,390749,396042,409287,406177
 "54053","Mason, WV",5,CAINC4,36,"...","Less: Contributions for government social insurance 5/","Thousands of dollars",3367,3432,3763,4150,5233,6124,6531,8472,11365,15621,19179,16517,14651,14261,14129,15856,17579,18634,19725,22903,25969,33298,33103,33897,34203,36550,37861,36607,36018,38098,39026,40795,45766,43145,40890,41632,43832,51760,47113,46333,48248,47393,42141,42348,46824,46084,46467,47723,48845,50457,51434,53108,55299,57456
 "54053","Mason, WV",5,CAINC4,37,"..."," Employee and self-employed contributions for government social insurance ","Thousands of dollars",1499,1568,1731,1896,2355,2719,2911,3563,4536,5985,7383,6731,6415,6310,6204,6813,7698,8151,8660,9929,11356,13986,14052,14508,14673,16041,16804,16213,16155,16758,17094,17113,18963,18760,18496,19349,20517,24745,24884,25839,26844,26743,22030,22150,26544,26589,27027,27652,28893,30477,31040,32350,33483,35406
 "54053","Mason, WV",5,CAINC4,38,"..."," Employer contributions for government social insurance ","Thousands of dollars",1868,1864,2032,2254,2878,3405,3620,4909,6829,9636,11796,9786,8236,7951,7925,9043,9881,10483,11065,12974,14613,19312,19051,19389,19530,20509,21057,20394,19863,21340,21932,23682,26803,24385,22394,22283,23315,27015,22229,20494,21404,20650,20111,20198,20280,19495,19440,20071,19952,19980,20394,20758,21816,22050
 "54053","Mason, WV",5,CAINC4,42,"...","Plus: Adjustment for residence 6/","Thousands of dollars",6282,7850,9163,8291,10832,11694,11521,11244,5507,-4361,-7583,6071,19748,17945,20317,25416,20197,19968,21096,18898,14555,-3462,2807,9809,18148,19825,23025,31370,38998,43079,48609,56355,51776,55440,65561,72955,76222,62404,74033,84009,70197,72201,79818,92862,93589,104226,112960,116726,126638,138353,131948,120126,128853,148308
 "54053","Mason, WV",5,CAINC4,45,"...","Equals: Net earnings by place of residence ","Thousands of dollars",48526,51956,55627,57154,63212,68537,72039,84388,99779,117333,134375,133971,131029,122931,124363,142719,148296,150634,156437,166880,179941,202766,202621,221397,226205,240859,246587,246153,251228,264098,273920,283674,309465,311469,314279,332013,344188,389705,392461,413258,408165,405332,418082,433472,415705,411695,423847,422615,437907,458200,471263,463060,482841,497029
 "54053","Mason, WV",5,CAINC4,46,"...","Plus: Dividends, interest, and rent 7/","Thousands of dollars",6531,7368,8018,8835,9907,11230,13156,14076,15782,18078,21165,25676,30368,35746,38190,42873,44300,45142,46482,48649,52240,54469,54583,54126,54362,55105,57687,62048,66776,70274,68891,72119,75403,68938,65958,69041,67250,71971,77972,92030,93647,88046,97713,103381,99838,100479,104315,105165,111463,117613,124387,127189,133332,149917
 "54053","Mason, WV",5,CAINC4,47,"...","Plus: Personal current transfer receipts ","Thousands of dollars",6896,8363,9860,10998,12430,14858,18923,20912,21547,23212,26528,34716,39248,44213,47616,46849,49446,53702,55727,58974,61411,67096,77641,90881,96774,100074,104594,110892,114451,118765,124842,131528,144830,155917,170224,168391,177250,188233,196933,219624,243208,254762,256577,260183,262918,274846,292685,295832,309586,321029,331218,396401,447524,405928
 "54053","Mason, WV",5,CAINC4,50,"...","Wages and salaries ","Thousands of dollars",36000,37702,39745,41107,44741,49673,52914,65793,86545,113518,133607,118476,102430,97226,93773,102335,111515,112971,117316,129175,142148,178186,173528,178659,175535,189369,195423,190288,187971,197305,199178,200529,220474,218140,203824,208115,217149,266993,263186,272113,278457,268365,265628,269538,258926,252432,253089,250165,252054,257877,267882,273249,283122,291751
 "54053","Mason, WV",5,CAINC4,60,"...","Supplements to wages and salaries ","Thousands of dollars",4689,5156,5669,6065,6799,7873,8276,9986,13548,17547,21005,19208,17515,17524,18480,20929,24158,25987,27810,29986,34616,44318,44556,49199,49555,51853,50778,49435,47185,48365,51984,53392,66915,66285,64822,66689,69968,85825,80300,80803,81670,79369,80282,81236,80394,72927,75523,73119,74952,76690,82293,83160,83276,80746
 "54053","Mason, WV",5,CAINC4,61,"..."," Employer contributions for employee pension and insurance funds 8/","Thousands of dollars",2821,3292,3637,3811,3921,4468,4656,5077,6719,7911,9209,9422,9279,9573,10555,11886,14277,15504,16745,17012,20003,25006,25505,29810,30025,31344,29721,29041,27322,27025,30052,29710,40112,41900,42428,44406,46653,58810,58071,60309,60266,58719,60171,61038,60114,53432,56083,53048,55000,56710,61899,62402,61460,58696
 "54053","Mason, WV",5,CAINC4,62,"..."," Employer contributions for government social insurance ","Thousands of dollars",1868,1864,2032,2254,2878,3405,3620,4909,6829,9636,11796,9786,8236,7951,7925,9043,9881,10483,11065,12974,14613,19312,19051,19389,19530,20509,21057,20394,19863,21340,21932,23682,26803,24385,22394,22283,23315,27015,22229,20494,21404,20650,20111,20198,20280,19495,19440,20071,19952,19980,20394,20758,21816,22050
 "54053","Mason, WV",5,CAINC4,70,"...","Proprietors' income 9/","Thousands of dollars",4922,4680,4813,5841,6073,5421,5859,5837,5544,6250,6525,6733,5987,4497,5922,9895,10005,10342,9940,11724,14591,17022,14833,17627,17170,16362,15222,11667,13092,13447,13175,14193,16066,14749,20962,25886,24681,26243,22055,22666,26089,32790,34495,32184,29620,28194,28742,30328,33108,35737,40574,39633,42889,33680
 "54053","Mason, WV",5,CAINC4,71,"..."," Farm proprietors' income ","Thousands of dollars",1310,979,704,1031,1061,285,181,-401,-866,-670,-847,-1050,-2000,-3313,-2642,975,1424,2259,893,-17,2015,3636,2593,4640,2893,2483,-74,-1693,-2079,-3140,-4610,-4215,-4716,-7814,-3146,-954,-1669,-34,-95,-33,-23,-41,2362,-14,-11,-37,264,43,2535,4029,10032,10759,12405,5791
 "54053","Mason, WV",5,CAINC4,72,"..."," Nonfarm proprietors' income ","Thousands of dollars",3612,3701,4109,4810,5012,5136,5678,6238,6410,6920,7372,7783,7987,7810,8564,8920,8581,8083,9047,11741,12576,13386,12240,12987,14277,13879,15296,13360,15171,16587,17785,18408,20782,22563,24108,26840,26350,26277,22150,22699,26112,32831,32133,32198,29631,28231,28478,30285,30573,31708,30542,28874,30484,27889
 "54053","Mason, WV",5,CAINC4,7010,"...","Total employment ","Number of jobs",7859,8050,8080,8061,8115,8387,8143,8687,9369,10864,11291,10123,9005,8474,8245,8300,8407,8494,8462,8831,9137,9996,9580,9499,9385,9609,9791,9485,9233,9270,9208,9277,9125,9198,8895,9056,9004,9710,9644,9623,9470,9312,9300,9313,9140,8742,8588,8393,8297,8209,8194,8094,8415,8434
 "54053","Mason, WV",5,CAINC4,7020,"..."," Wage and salary employment ","Number of jobs",6007,6210,6306,6221,6280,6479,6260,6819,7554,9068,9399,8067,6966,6328,5973,6056,6177,6252,6199,6565,6900,7877,7474,7421,7256,7486,7550,7259,6969,6972,6893,6923,6939,6903,6665,6746,6784,7489,7272,7302,7159,7010,6967,7031,6814,6377,6246,6068,6000,5920,5930,5882,6095,6024
 "54053","Mason, WV",5,CAINC4,7040,"..."," Proprietors employment ","Number of jobs",1852,1840,1774,1840,1835,1908,1883,1868,1815,1796,1892,2056,2039,2146,2272,2244,2230,2242,2263,2266,2237,2119,2106,2078,2129,2123,2241,2226,2264,2298,2315,2354,2186,2295,2230,2310,2220,2221,2372,2321,2311,2302,2333,2282,2326,2365,2342,2325,2297,2289,2264,2212,2320,2410
 "54055","Mercer, WV",5,CAINC4,10,"...","Personal income (thousands of dollars) ","Thousands of dollars",172960,197001,222762,249878,275071,304492,353225,399985,448797,490184,543236,621571,680753,730521,738058,775834,796546,816099,821250,868496,912398,976416,1018372,1077137,1113679,1152954,1180893,1225953,1260579,1316594,1324625,1389460,1441395,1495037,1510118,1556275,1601464,1700951,1776839,1881721,1957182,1997992,2054546,2114148,2063158,2096289,2117542,2100461,2159862,2225515,2287718,2460552,2641268,2627566
 "54055","Mercer, WV",5,CAINC4,11,"..."," Nonfarm personal income 1/","Thousands of dollars",172695,196766,222467,249529,274576,304200,353171,400114,449013,490402,543139,621450,681439,731453,738462,776233,796723,816282,821777,869113,912791,976619,1018825,1077321,1113843,1153106,1181660,1226849,1261468,1317373,1325825,1389787,1441624,1495083,1510244,1556149,1601819,1702015,1778870,1882023,1957194,1997790,2053288,2110831,2059203,2092510,2113339,2096342,2153204,2219304,2278448,2453528,2636955,2620071
 "54055","Mercer, WV",5,CAINC4,12,"..."," Farm income 2/","Thousands of dollars",265,235,295,349,495,292,54,-129,-216,-218,97,121,-686,-932,-404,-399,-177,-183,-527,-617,-393,-203,-453,-184,-164,-152,-767,-896,-889,-779,-1200,-327,-229,-46,-126,126,-355,-1064,-2031,-302,-12,202,1258,3317,3955,3779,4203,4119,6658,6211,9270,7024,4313,7495
 "54055","Mercer, WV",5,CAINC4,20,"...","Population (persons) 3/","Number of persons",63283,63182,64005,66271,66760,68342,69309,71285,72879,73646,74641,73920,74044,74380,73843,72364,71121,70548,68912,67143,65936,64850,64687,64823,64934,64637,64379,64170,63833,63426,63181,62911,61858,62016,61910,61694,61303,61297,61615,61848,62177,62367,62726,62726,62355,62339,61840,61411,60791,60229,59940,59517,59215,58700
 "54055","Mercer, WV",5,CAINC4,30,"...","Per capita personal income (dollars) 4/","Dollars",2733,3118,3480,3771,4120,4455,5096,5611,6158,6656,7278,8409,9194,9821,9995,10721,11200,11568,11917,12935,13838,15057,15743,16617,17151,17837,18343,19105,19748,20758,20966,22086,23302,24107,24392,25226,26124,27749,28838,30425,31478,32036,32754,33704,33087,33627,34242,34203,35529,36951,38167,41342,44605,44763
 "54055","Mercer, WV",5,CAINC4,35,"...","Earnings by place of work ","Thousands of dollars",126471,140841,158598,173338,187890,202057,228953,264696,306196,335459,359677,405637,430238,450958,441270,472572,479261,491576,513752,542570,551965,591743,620190,634311,659443,694139,702833,727326,759546,793970,824877,864704,876050,911379,926022,938306,950985,1004155,1011844,1040932,1067996,1101985,1138821,1162557,1137663,1109940,1114479,1076807,1106333,1132942,1164125,1160298,1229103,1287558
 "54055","Mercer, WV",5,CAINC4,36,"...","Less: Contributions for government social insurance 5/","Thousands of dollars",10511,11546,13441,15241,18840,20874,23306,27859,32065,35812,40132,46190,52256,56731,56179,61678,63565,68371,71826,78730,81159,87840,95109,97205,102008,106485,110439,114245,117724,124501,128154,135670,132196,132887,138947,137752,139702,141458,137053,135385,141405,144350,133726,135137,147906,148017,148769,148549,152647,156436,157313,162181,167838,178315
 "54055","Mercer, WV",5,CAINC4,37,"..."," Employee and self-employed contributions for government social insurance ","Thousands of dollars",4718,5176,5955,6721,8124,8819,9976,11518,12982,14356,16255,18733,21492,23579,23140,24897,26554,28566,30242,33407,35495,37925,40337,41032,42995,46198,47928,49151,51023,52310,54218,55573,56953,57807,60535,62174,63847,68444,71744,74684,77298,79060,66289,66541,81093,81696,82642,83015,86532,89754,90484,93613,98243,106118
 "54055","Mercer, WV",5,CAINC4,38,"..."," Employer contributions for government social insurance ","Thousands of dollars",5793,6370,7486,8520,10716,12055,13330,16341,19083,21456,23877,27457,30764,33152,33039,36781,37011,39805,41584,45323,45664,49915,54772,56173,59013,60287,62511,65094,66701,72191,73936,80097,75243,75080,78412,75578,75855,73014,65309,60701,64107,65290,67437,68596,66813,66321,66127,65534,66115,66682,66829,68568,69595,72197
 "54055","Mercer, WV",5,CAINC4,42,"...","Plus: Adjustment for residence 6/","Thousands of dollars",11272,13961,14490,19704,20074,24906,33355,36277,36029,32823,43041,43661,43312,43376,32397,34398,35148,31512,18002,16304,21768,23325,17257,22583,20118,16023,12485,9188,9438,2202,-3684,-5470,-380,-1723,-458,11447,26304,30864,34263,45763,40518,41923,49447,46338,40536,47567,44802,43367,47531,63050,53317,46119,57573,65741
 "54055","Mercer, WV",5,CAINC4,45,"...","Equals: Net earnings by place of residence ","Thousands of dollars",127232,143256,159647,177801,189124,206089,239002,273114,310160,332470,362586,403108,421294,437603,417488,445292,450844,454717,459928,480144,492574,527228,542338,559689,577553,603677,604879,622269,651260,671671,693039,723564,743474,776769,786617,812001,837587,893561,909054,951310,967109,999558,1054542,1073758,1030293,1009490,1010512,971625,1001217,1039556,1060129,1044236,1118838,1174984
 "54055","Mercer, WV",5,CAINC4,46,"...","Plus: Dividends, interest, and rent 7/","Thousands of dollars",21360,24321,26886,29850,34049,39893,45515,50340,56631,62680,69880,88506,113204,134762,141259,151070,160356,163383,158672,174785,192820,204688,199974,201627,200188,206792,225659,239744,239037,257697,242137,254453,250503,236374,222317,238456,238621,247417,285051,298797,311366,287370,286185,302316,284228,296505,289230,289700,294453,304049,318556,350403,328388,353825
 "54055","Mercer, WV",5,CAINC4,47,"...","Plus: Personal current transfer receipts ","Thousands of dollars",24368,29424,36229,42227,51898,58510,68708,76531,82006,95034,110770,129957,146255,158156,179311,179472,185346,197999,202650,213567,227004,244500,276060,315821,335938,342485,350355,363940,370282,387226,389449,411443,447418,481894,501184,505818,525256,559973,582734,631614,678707,711064,713819,738074,748637,790294,817800,839136,864192,881910,909033,1065913,1194042,1098757
 "54055","Mercer, WV",5,CAINC4,50,"...","Wages and salaries ","Thousands of dollars",99608,111040,125460,135581,146609,156649,178197,206796,236597,257504,277218,317512,335478,352976,339014,358866,362731,378566,397618,411850,412686,437748,460058,462646,473702,498061,512631,533182,550880,577256,596833,606679,615767,634417,641953,644608,650340,683284,705330,734225,754927,768033,789417,804428,792348,781003,777172,759586,779428,799335,819840,812761,859392,916207
 "54055","Mercer, WV",5,CAINC4,60,"...","Supplements to wages and salaries ","Thousands of dollars",11859,13317,15782,18300,20742,22918,25158,30093,35819,40257,44215,51195,56948,62189,64707,72333,76771,82731,88139,90809,93868,102114,111646,117915,125111,129335,129675,134146,135926,144984,152567,160289,163462,171975,181517,181594,186676,200455,195956,196631,200432,200820,209447,219671,218999,205180,212059,198199,210782,216497,227342,225754,229323,230515
 "54055","Mercer, WV",5,CAINC4,61,"..."," Employer contributions for employee pension and insurance funds 8/","Thousands of dollars",6066,6947,8296,9780,10026,10863,11828,13752,16736,18801,20338,23738,26184,29037,31668,35552,39760,42926,46555,45486,48204,52199,56874,61742,66098,69048,67164,69052,69225,72793,78631,80192,88219,96895,103105,106016,110821,127441,130647,135930,136325,135530,142010,151075,152186,138859,145932,132665,144667,149815,160513,157186,159728,158318
 "54055","Mercer, WV",5,CAINC4,62,"..."," Employer contributions for government social insurance ","Thousands of dollars",5793,6370,7486,8520,10716,12055,13330,16341,19083,21456,23877,27457,30764,33152,33039,36781,37011,39805,41584,45323,45664,49915,54772,56173,59013,60287,62511,65094,66701,72191,73936,80097,75243,75080,78412,75578,75855,73014,65309,60701,64107,65290,67437,68596,66813,66321,66127,65534,66115,66682,66829,68568,69595,72197
 "54055","Mercer, WV",5,CAINC4,70,"...","Proprietors' income 9/","Thousands of dollars",15004,16484,17356,19457,20539,22490,25598,27807,33780,37698,38244,36930,37812,35793,37549,41373,39759,30279,27995,39911,45411,51881,48486,53750,60630,66743,60527,59998,72740,71730,75477,97736,96821,104987,102552,112104,113969,120416,110558,110076,112637,133132,139957,138458,126316,123757,125248,119022,116123,117110,116943,121783,140388,140836
 "54055","Mercer, WV",5,CAINC4,71,"..."," Farm proprietors' income ","Thousands of dollars",146,111,168,234,336,136,-63,-282,-356,-416,-101,-69,-858,-1106,-564,-546,-311,-303,-639,-740,-528,-359,-603,-334,-301,-269,-875,-986,-969,-918,-1394,-547,-543,-474,-614,-360,-752,-1512,-2566,-777,-450,-192,923,2803,3428,3224,3749,3615,6196,5781,8918,6648,3954,6985
 "54055","Mercer, WV",5,CAINC4,72,"..."," Nonfarm proprietors' income ","Thousands of dollars",14858,16373,17188,19223,20203,22354,25661,28089,34136,38114,38345,36999,38670,36899,38113,41919,40070,30582,28634,40651,45939,52240,49089,54084,60931,67012,61402,60984,73709,72648,76871,98283,97364,105461,103166,112464,114721,121928,113124,110853,113087,133324,139034,135655,122888,120533,121499,115407,109927,111329,108025,115135,136434,133851
 "54055","Mercer, WV",5,CAINC4,7010,"...","Total employment ","Number of jobs",21771,22317,23444,23864,24061,24358,24553,25397,26649,27385,27226,27761,27399,27334,26410,26634,26295,26357,26395,26854,26797,27194,27527,27223,27480,27979,28388,28838,28867,29543,29622,29338,28624,28852,28554,28116,28192,28527,29171,28926,28538,28394,28348,27982,27628,27116,26909,26518,26224,26001,25290,24408,25058,25685
 "54055","Mercer, WV",5,CAINC4,7020,"..."," Wage and salary employment ","Number of jobs",18950,19488,20488,20792,20946,21074,21136,22105,23280,23961,23791,24207,23787,23686,22594,22876,22558,22662,22756,23033,22883,23080,23362,23000,23322,23870,24016,24461,24485,24870,24985,24611,24131,24358,24085,23582,23442,23701,23808,23685,23393,23416,23378,23122,22673,22165,21948,21578,21242,20976,20590,19524,19834,20158
 "54055","Mercer, WV",5,CAINC4,7040,"..."," Proprietors employment ","Number of jobs",2821,2829,2956,3072,3115,3284,3417,3292,3369,3424,3435,3554,3612,3648,3816,3758,3737,3695,3639,3821,3914,4114,4165,4223,4158,4109,4372,4377,4382,4673,4637,4727,4493,4494,4469,4534,4750,4826,5363,5241,5145,4978,4970,4860,4955,4951,4961,4940,4982,5025,4700,4884,5224,5527
 "54057","Mineral, WV",5,CAINC4,10,"...","Personal income (thousands of dollars) ","Thousands of dollars",62247,66579,73891,82315,90328,96859,104583,117141,135563,155286,176536,203781,226173,237668,253442,270733,289106,300054,305183,323902,340205,355216,371199,390866,410661,432191,445397,468044,499555,513275,534699,562569,614258,641018,644724,668743,696282,732672,770795,814906,854791,895002,928707,935197,946640,959916,998950,1029178,1062049,1103110,1156853,1252515,1328800,1310995
 "54057","Mineral, WV",5,CAINC4,11,"..."," Nonfarm personal income 1/","Thousands of dollars",61984,66397,73722,82143,89931,96721,104585,117259,135778,155415,176948,204116,227197,238299,253030,269613,288172,298354,305271,324237,339877,354851,371035,390043,409184,430388,444091,466761,499217,513071,534155,561773,613575,640182,643182,665600,693962,732935,771655,815432,855112,895332,929469,937180,947639,961567,1000488,1031086,1063042,1105547,1158427,1255647,1330908,1309876
 "54057","Mineral, WV",5,CAINC4,12,"..."," Farm income 2/","Thousands of dollars",263,182,169,172,397,138,-2,-118,-215,-129,-412,-335,-1024,-631,412,1120,934,1700,-88,-335,328,365,164,823,1477,1803,1306,1283,338,204,544,796,683,836,1542,3143,2320,-263,-860,-526,-321,-330,-762,-1983,-999,-1651,-1538,-1908,-993,-2437,-1574,-3132,-2108,1119
 "54057","Mineral, WV",5,CAINC4,20,"...","Population (persons) 3/","Number of persons",23643,23157,23581,24654,24464,24982,25543,26210,26430,26369,26856,27284,27460,27647,27383,27023,27085,26746,26804,26759,26893,26680,26796,26901,27063,27305,27277,27292,27147,27171,27170,27054,27071,27258,27381,27250,27193,27324,27532,27824,28080,28212,28087,27932,27753,27649,27516,27506,27346,27113,27054,26890,26866,26855
 "54057","Mineral, WV",5,CAINC4,30,"...","Per capita personal income (dollars) 4/","Dollars",2633,2875,3133,3339,3692,3877,4094,4469,5129,5889,6573,7469,8236,8597,9255,10019,10674,11219,11386,12104,12650,13314,13853,14530,15174,15828,16329,17149,18402,18891,19680,20794,22691,23517,23546,24541,25605,26814,27996,29288,30441,31724,33065,33481,34109,34718,36304,37416,38837,40686,42761,46579,49460,48818
 "54057","Mineral, WV",5,CAINC4,35,"...","Earnings by place of work ","Thousands of dollars",35205,36203,38334,43198,47343,52518,54478,60451,72467,86850,94486,108906,116961,122962,131229,144170,156649,166117,168222,182111,182135,184044,187810,186912,191389,192742,192547,200854,202158,201060,220521,243774,277899,297498,297657,309307,318050,341607,356620,373616,403869,410184,424741,433747,440791,437721,453798,442892,460257,484340,511454,531487,582059,623519
 "54057","Mineral, WV",5,CAINC4,36,"...","Less: Contributions for government social insurance 5/","Thousands of dollars",2816,2880,3140,3726,4547,5357,5554,6265,7723,9576,10781,12404,14463,15687,16757,18954,20882,22702,23326,26016,25784,26112,27393,27394,28632,29084,29832,31137,31646,31921,34884,39180,39662,40974,43006,43853,45458,46887,46472,46931,50969,51660,47323,48406,55115,57342,59449,60817,63049,66116,68670,74267,78893,85655
 "54057","Mineral, WV",5,CAINC4,37,"..."," Employee and self-employed contributions for government social insurance ","Thousands of dollars",1299,1346,1469,1717,2077,2363,2473,2729,3157,3802,4371,5150,5983,6574,6919,7643,8719,9613,10033,11180,11589,11639,12104,12066,12449,12877,13269,13664,13679,13462,14579,15574,17775,18471,19046,19757,20643,22929,24617,25986,27901,28382,23985,24438,30702,31517,32516,32973,34761,36735,38080,41177,44329,48289
 "54057","Mineral, WV",5,CAINC4,38,"..."," Employer contributions for government social insurance ","Thousands of dollars",1517,1534,1671,2009,2470,2994,3081,3536,4566,5774,6410,7254,8480,9113,9838,11311,12163,13089,13293,14836,14195,14473,15289,15328,16183,16207,16563,17473,17967,18459,20305,23606,21887,22503,23960,24096,24815,23958,21855,20945,23068,23278,23338,23968,24413,25825,26933,27844,28288,29381,30590,33090,34564,37366
 "54057","Mineral, WV",5,CAINC4,42,"...","Plus: Adjustment for residence 6/","Thousands of dollars",15976,17066,20153,21670,23032,21019,21362,24648,27981,31489,40224,43832,48629,46586,48110,46836,46308,44681,47389,48234,55526,60944,61708,71892,82597,93967,103613,109241,128541,136484,137660,133213,138801,136948,141029,146645,156251,156337,154142,149472,142678,157157,162265,150945,151258,156131,164104,192029,199952,206700,213367,202754,184779,167534
 "54057","Mineral, WV",5,CAINC4,45,"...","Equals: Net earnings by place of residence ","Thousands of dollars",48365,50389,55347,61142,65828,68180,70286,78834,92725,108763,123929,140334,151127,153861,162582,172052,182075,188096,192285,204329,211877,218876,222125,231410,245354,257625,266328,278958,299053,305623,323297,337807,377038,393472,395680,412099,428843,451057,464290,476157,495578,515681,539683,536286,536934,536510,558453,574104,597160,624924,656151,659974,687945,705398
 "54057","Mineral, WV",5,CAINC4,46,"...","Plus: Dividends, interest, and rent 7/","Thousands of dollars",5842,6735,7541,8391,9679,11313,12939,14514,16831,18535,20502,26075,32344,37310,40534,45182,48096,51089,50119,52887,58132,60967,63959,61918,63688,67974,68589,71904,81006,84445,82874,88609,89514,87248,84289,91615,93802,94100,106925,116295,120061,119967,128348,133223,135469,133308,145597,155789,152872,157282,165140,183882,180412,193541
 "54057","Mineral, WV",5,CAINC4,47,"...","Plus: Personal current transfer receipts ","Thousands of dollars",8040,9455,11003,12782,14821,17366,21358,23793,26007,27988,32105,37372,42702,46497,50326,53499,58935,60869,62779,66686,70196,75373,85115,97538,101619,106592,110480,117182,119496,123207,128528,136153,147706,160298,164755,165029,173637,187515,199580,222454,239152,259354,260676,265688,274237,290098,294900,299285,312017,320904,335562,408659,460443,412056
 "54057","Mineral, WV",5,CAINC4,50,"...","Wages and salaries ","Thousands of dollars",27247,28133,29457,32971,35729,39922,41468,45856,55294,66691,72628,85083,91280,95479,97448,105641,114933,120561,122896,132552,128774,131018,133919,131433,131266,131795,131013,133692,136415,137363,150922,165504,178389,190694,195338,206266,214803,228883,245176,262836,281172,283020,293136,302341,310201,313327,323350,319966,332155,353258,369389,389084,419936,454613
 "54057","Mineral, WV",5,CAINC4,60,"...","Supplements to wages and salaries ","Thousands of dollars",3460,3611,3923,4653,5305,6236,6236,6950,9140,11131,12091,13897,16119,17966,20414,23104,26204,28792,29964,31025,31752,32907,35248,35983,38029,36855,36889,37795,38202,38909,43339,49859,50916,55039,60141,65291,66537,73165,76427,79036,85735,84830,85672,89975,91703,89183,95865,91211,97399,102520,108761,109078,117902,121961
 "54057","Mineral, WV",5,CAINC4,61,"..."," Employer contributions for employee pension and insurance funds 8/","Thousands of dollars",1943,2077,2252,2644,2835,3242,3155,3414,4574,5357,5681,6643,7639,8853,10576,11793,14041,15703,16671,16189,17557,18434,19959,20655,21846,20648,20326,20322,20235,20450,23034,26253,29029,32536,36181,41195,41722,49207,54572,58091,62667,61552,62334,66007,67290,63358,68932,63367,69111,73139,78171,75988,83338,84595
 "54057","Mineral, WV",5,CAINC4,62,"..."," Employer contributions for government social insurance ","Thousands of dollars",1517,1534,1671,2009,2470,2994,3081,3536,4566,5774,6410,7254,8480,9113,9838,11311,12163,13089,13293,14836,14195,14473,15289,15328,16183,16207,16563,17473,17967,18459,20305,23606,21887,22503,23960,24096,24815,23958,21855,20945,23068,23278,23338,23968,24413,25825,26933,27844,28288,29381,30590,33090,34564,37366
 "54057","Mineral, WV",5,CAINC4,70,"...","Proprietors' income 9/","Thousands of dollars",4498,4459,4954,5574,6309,6360,6774,7645,8033,9028,9767,9926,9562,9517,13367,15425,15512,16764,15362,18534,21609,20119,18643,19496,22094,24092,24645,29367,27541,24788,26260,28411,48594,51765,42178,37750,36710,39559,35017,31744,36962,42334,45933,41431,38887,35211,34583,31715,30703,28562,33304,33325,44221,46945
 "54057","Mineral, WV",5,CAINC4,71,"..."," Farm proprietors' income ","Thousands of dollars",-25,-98,-89,-30,154,-61,-123,-285,-347,-329,-622,-546,-1249,-879,164,877,686,1473,-309,-567,87,101,-75,606,1238,1564,1038,1013,41,-99,252,548,405,528,1179,2764,2001,-633,-1311,-947,-724,-704,-1087,-2503,-1531,-2214,-2002,-2425,-1466,-2877,-1934,-3515,-2475,598
 "54057","Mineral, WV",5,CAINC4,72,"..."," Nonfarm proprietors' income ","Thousands of dollars",4523,4557,5043,5604,6155,6421,6897,7930,8380,9357,10389,10472,10811,10396,13203,14548,14826,15291,15671,19101,21522,20018,18718,18890,20856,22528,23607,28354,27500,24887,26008,27863,48189,51237,40999,34986,34709,40192,36328,32691,37686,43038,47020,43934,40418,37425,36585,34140,32169,31439,35238,36840,46696,46347
 "54057","Mineral, WV",5,CAINC4,7010,"...","Total employment ","Number of jobs",6180,6147,6185,6464,6571,6727,6582,6749,6897,7405,7461,7795,7877,7829,7979,8176,8432,8503,8549,8859,8904,8899,8823,8693,8513,8386,8263,8621,8596,8613,8723,9238,9688,9791,9755,10017,10174,10358,10545,10701,10782,10722,11166,11139,11100,11108,11104,10890,10883,11077,10913,10915,11251,11824
 "54057","Mineral, WV",5,CAINC4,7020,"..."," Wage and salary employment ","Number of jobs",4889,4843,4804,5076,5182,5288,5143,5285,5458,5930,5980,6246,6290,6205,6250,6430,6663,6700,6723,6975,6971,6894,6769,6647,6538,6404,6221,6470,6372,6505,6762,7226,7278,7403,7307,7543,7662,7844,7941,8181,8356,8339,8394,8461,8334,8301,8342,8309,8334,8437,8439,8342,8654,9103
 "54057","Mineral, WV",5,CAINC4,7040,"..."," Proprietors employment ","Number of jobs",1291,1304,1381,1388,1389,1439,1439,1464,1439,1475,1481,1549,1587,1624,1729,1746,1769,1803,1826,1884,1933,2005,2054,2046,1975,1982,2042,2151,2224,2108,1961,2012,2410,2388,2448,2474,2512,2514,2604,2520,2426,2383,2772,2678,2766,2807,2762,2581,2549,2640,2474,2573,2597,2721
 "54059","Mingo, WV",5,CAINC4,10,"...","Personal income (thousands of dollars) ","Thousands of dollars",69111,83345,91797,104504,113167,129053,156781,171734,197899,220543,246874,281381,305277,326312,321714,343617,349480,355673,365361,380648,398291,426989,464441,507673,534035,541630,530827,529967,540908,555337,535189,553670,566927,576036,577829,593155,636025,699149,747374,856806,822646,828769,903133,894965,827432,788771,761394,711341,746401,770783,787474,796360,843873,827211
 "54059","Mingo, WV",5,CAINC4,11,"..."," Nonfarm personal income 1/","Thousands of dollars",69111,83345,91797,104504,113167,129053,156781,171734,197899,220543,246874,281381,305277,326312,321714,343617,349480,355673,365361,380648,398291,426989,464441,507673,534035,541630,530827,529967,540908,555337,535189,553670,566927,576036,577829,593155,636025,699149,747374,856806,822646,828769,903133,894965,827432,788771,761394,711341,746401,770783,787474,796360,843873,827211
 "54059","Mingo, WV",5,CAINC4,12,"..."," Farm income 2/","Thousands of dollars",0,0,0,0,0,0,0,0,0,0,0,0,0,0,0,0,0,0,0,0,0,0,0,0,0,0,0,0,0,0,0,0,0,0,0,0,0,0,0,0,0,0,0,0,0,0,0,0,0,0,0,0,0,0
 "54059","Mingo, WV",5,CAINC4,20,"...","Population (persons) 3/","Number of persons",33275,32961,33818,34166,33839,33578,34705,36307,36976,37196,37027,37385,37547,37950,38429,37926,37388,36817,35834,35074,34190,33567,33406,32756,32897,32545,31891,31102,30516,29688,29098,28007,27489,27583,27486,27214,27096,27054,27145,26850,26943,26783,26676,26320,26197,25978,25608,25034,24531,24275,23861,23487,23094,22573
 "54059","Mingo, WV",5,CAINC4,30,"...","Per capita personal income (dollars) 4/","Dollars",2077,2529,2714,3059,3344,3843,4518,4730,5352,5929,6667,7527,8131,8598,8372,9060,9347,9661,10196,10853,11649,12720,13903,15499,16234,16642,16645,17040,17725,18706,18393,19769,20624,20884,21023,21796,23473,25843,27533,31911,30533,30944,33856,34003,31585,30363,29733,28415,30427,31752,33003,33906,36541,36646
 "54059","Mingo, WV",5,CAINC4,35,"...","Earnings by place of work ","Thousands of dollars",53729,62910,65879,74501,76544,85046,107364,118618,145377,166136,179571,206990,221819,233558,226278,254220,260674,274561,294285,310646,332005,379240,407672,461282,483641,487982,457826,443454,438152,436892,403720,417767,396078,372239,355696,368398,417887,473833,502774,573814,541027,559829,616551,591985,516313,437910,379835,313717,355440,385840,361414,303623,275100,298642
 "54059","Mingo, WV",5,CAINC4,36,"...","Less: Contributions for government social insurance 5/","Thousands of dollars",4769,5590,5963,6830,7873,9006,10848,12470,14862,17571,19910,23252,26956,30020,29103,33819,35657,38535,40773,45646,48348,55557,61641,69015,78360,78351,77304,76409,74686,76042,69754,75107,66357,57140,55914,57116,64400,68783,69446,75312,72728,75538,74408,70155,69486,61880,55928,48969,54133,58115,54550,48908,45864,50071
 "54059","Mingo, WV",5,CAINC4,37,"..."," Employee and self-employed contributions for government social insurance ","Thousands of dollars",2158,2451,2629,3049,3418,3665,4569,5108,5974,6878,7927,9328,10843,12019,11583,13118,14181,15341,16269,18379,20139,23063,25155,28049,29004,30025,28712,27668,27026,26820,25115,25320,25899,24893,24435,25657,29179,32849,35594,40116,38483,39761,34522,33047,37269,33741,30653,27670,30761,33259,31714,28830,27304,30300
 "54059","Mingo, WV",5,CAINC4,38,"..."," Employer contributions for government social insurance ","Thousands of dollars",2611,3139,3334,3781,4455,5341,6279,7362,8888,10693,11983,13924,16113,18001,17520,20701,21476,23194,24504,27267,28209,32494,36486,40966,49356,48326,48592,48741,47660,49222,44639,49787,40458,32247,31479,31459,35221,35934,33852,35196,34245,35777,39886,37108,32217,28139,25275,21299,23372,24856,22836,20078,18560,19771
 "54059","Mingo, WV",5,CAINC4,42,"...","Plus: Adjustment for residence 6/","Thousands of dollars",239,800,915,780,873,4667,6381,6247,2558,971,4454,2934,1294,2683,-8355,-13442,-17466,-28703,-38063,-42693,-49718,-69348,-75094,-86358,-93937,-87984,-79453,-77798,-70568,-66405,-56531,-61844,-54796,-41873,-30865,-25813,-33221,-42279,-49539,-53311,-42515,-52229,-59426,-56403,-33388,-7840,3318,13874,7827,50,25615,31843,64376,63726
 "54059","Mingo, WV",5,CAINC4,45,"...","Equals: Net earnings by place of residence ","Thousands of dollars",49199,58120,60831,68451,69544,80707,102897,112395,133073,149536,164115,186672,196157,206221,188820,206959,207551,207323,215449,222307,233939,254335,270937,305909,311344,321647,301069,289247,292898,294445,277435,280816,274925,273226,268917,285469,320266,362771,383789,445191,425784,432062,482717,465427,413439,368190,327225,278622,309134,327775,332479,286558,293612,312297
 "54059","Mingo, WV",5,CAINC4,46,"...","Plus: Dividends, interest, and rent 7/","Thousands of dollars",4871,5974,6743,7632,9558,12063,13974,15207,17079,19047,21543,26234,32532,39485,42460,44422,47970,50868,50746,54719,55565,58642,66040,61819,73256,67590,72147,75411,80832,86847,79971,86627,91381,88996,87498,79943,82452,88480,102009,125887,105541,95525,117374,123426,105970,110924,97071,88960,85405,85505,92526,87210,77262,81698
 "54059","Mingo, WV",5,CAINC4,47,"...","Plus: Personal current transfer receipts ","Thousands of dollars",15041,19251,24223,28421,34065,36283,39910,44132,47747,51960,61216,68475,76588,80606,90434,92236,93959,97482,99166,103622,108787,114012,127464,139945,149435,152393,157611,165309,167178,174045,177783,186227,200621,213814,221414,227743,233307,247898,261576,285728,291321,301182,303042,306112,308023,309657,337098,343759,351862,357503,362469,422592,472999,433216
 "54059","Mingo, WV",5,CAINC4,50,"...","Wages and salaries ","Thousands of dollars",41223,48276,50645,57035,57808,62563,79409,89579,106430,121708,134742,159928,170700,179918,169686,189256,194144,204493,214670,228109,238385,270427,286715,312343,316368,319815,310909,304076,295836,292161,268601,277408,289601,273537,257687,267492,307037,350448,383965,443939,420609,434211,479977,457020,394397,332991,285403,234186,263176,285019,265819,222753,200934,225273
 "54059","Mingo, WV",5,CAINC4,60,"...","Supplements to wages and salaries ","Thousands of dollars",5945,6750,7393,8563,9117,10225,12801,14762,18553,21781,24351,30621,34805,37075,39038,43970,46195,55412,64222,55947,59771,67889,75087,85943,99853,97803,96416,98912,101519,99299,93193,102333,81014,70933,71663,73902,80930,96493,96951,107993,99527,101645,110544,111631,100690,82510,77490,63112,72736,79629,73466,61463,57470,58602
 "54059","Mingo, WV",5,CAINC4,61,"..."," Employer contributions for employee pension and insurance funds 8/","Thousands of dollars",3334,3611,4059,4782,4662,4884,6522,7400,9665,11088,12368,16697,18692,19074,21518,23269,24719,32218,39718,28680,31562,35395,38601,44977,50497,49477,47824,50171,53859,50077,48554,52546,40556,38686,40184,42443,45709,60559,63099,72797,65282,65868,70658,74523,68473,54371,52215,41813,49364,54773,50630,41385,38910,38831
 "54059","Mingo, WV",5,CAINC4,62,"..."," Employer contributions for government social insurance ","Thousands of dollars",2611,3139,3334,3781,4455,5341,6279,7362,8888,10693,11983,13924,16113,18001,17520,20701,21476,23194,24504,27267,28209,32494,36486,40966,49356,48326,48592,48741,47660,49222,44639,49787,40458,32247,31479,31459,35221,35934,33852,35196,34245,35777,39886,37108,32217,28139,25275,21299,23372,24856,22836,20078,18560,19771
 "54059","Mingo, WV",5,CAINC4,70,"...","Proprietors' income 9/","Thousands of dollars",6561,7884,7841,8903,9619,12258,15154,14277,20394,22647,20478,16441,16314,16565,17554,20994,20335,14656,15393,26590,33849,40924,45870,62996,67420,70364,50501,40466,40797,45432,41926,38026,25463,27769,26346,27004,29920,26892,21858,21882,20891,23973,26030,23334,21226,22409,16942,16419,19528,21192,22129,19407,16696,14767
 "54059","Mingo, WV",5,CAINC4,71,"..."," Farm proprietors' income ","Thousands of dollars",0,0,0,0,0,0,0,0,0,0,0,0,0,0,0,0,0,0,0,0,0,0,0,0,0,0,0,0,0,0,0,0,0,0,0,0,0,0,0,0,0,0,0,0,0,0,0,0,0,0,0,0,0,0
 "54059","Mingo, WV",5,CAINC4,72,"..."," Nonfarm proprietors' income ","Thousands of dollars",6561,7884,7841,8903,9619,12258,15154,14277,20394,22647,20478,16441,16314,16565,17554,20994,20335,14656,15393,26590,33849,40924,45870,62996,67420,70364,50501,40466,40797,45432,41926,38026,25463,27769,26346,27004,29920,26892,21858,21882,20891,23973,26030,23334,21226,22409,16942,16419,19528,21192,22129,19407,16696,14767
 "54059","Mingo, WV",5,CAINC4,7010,"...","Total employment ","Number of jobs",8420,8537,8615,8831,8614,8631,9462,9636,10345,10742,10787,11089,10779,10469,9826,10338,10284,10355,10494,10962,11036,11754,12058,12548,12668,12344,12066,11658,11162,10328,9802,9881,10243,9844,9423,9412,9588,10268,10566,11064,10318,10407,10681,10342,9492,8393,7628,6875,7186,7334,6982,5959,5828,6060
 "54059","Mingo, WV",5,CAINC4,7020,"..."," Wage and salary employment ","Number of jobs",7449,7479,7537,7781,7526,7467,8247,8410,9090,9460,9474,9722,9410,9094,8371,8897,8851,8968,9037,9419,9568,10391,10670,11164,11320,11087,10735,10319,9819,9399,8904,8974,9056,8682,8171,8186,8452,9053,9395,9865,9139,9249,9529,9085,8276,7121,6277,5564,5839,6064,5794,4911,4641,4807
 "54059","Mingo, WV",5,CAINC4,7040,"..."," Proprietors employment ","Number of jobs",971,1058,1078,1050,1088,1164,1215,1226,1255,1282,1313,1367,1369,1375,1455,1441,1433,1387,1457,1543,1468,1363,1388,1384,1348,1257,1331,1339,1343,929,898,907,1187,1162,1252,1226,1136,1215,1171,1199,1179,1158,1152,1257,1216,1272,1351,1311,1347,1270,1188,1048,1187,1253
 "54061","Monongalia, WV",5,CAINC4,10,"...","Personal income (thousands of dollars) ","Thousands of dollars",177618,200753,223097,257028,275399,301342,342025,389012,432894,484741,522477,594069,665429,724479,776491,823815,869935,904329,939890,1046490,1114063,1205462,1283712,1417673,1454837,1540586,1596250,1657016,1704752,1772478,1843363,1998499,2108408,2215683,2293445,2393691,2558407,2755518,2880172,3124199,3266460,3565968,3771200,3861741,3932502,4159993,4391531,4364864,4590891,4831139,5018227,5286153,5776351,5901127
 "54061","Monongalia, WV",5,CAINC4,11,"..."," Nonfarm personal income 1/","Thousands of dollars",177568,200795,223050,256956,275265,301444,342205,389172,432979,484609,522087,593475,665792,725439,777137,824054,870298,904602,941059,1046928,1114037,1206346,1284787,1418388,1455727,1541433,1597770,1659242,1707083,1774710,1845710,1999970,2109802,2217871,2295879,2395395,2560446,2757817,2882991,3126554,3269095,3568774,3773477,3864486,3934345,4161792,4393239,4366824,4592444,4832924,5018884,5287505,5778126,5903603
 "54061","Monongalia, WV",5,CAINC4,12,"..."," Farm income 2/","Thousands of dollars",50,-42,47,72,134,-102,-180,-160,-85,132,390,594,-363,-960,-646,-239,-363,-273,-1169,-438,26,-884,-1075,-715,-890,-847,-1520,-2226,-2331,-2232,-2347,-1471,-1394,-2188,-2434,-1704,-2039,-2299,-2819,-2355,-2635,-2806,-2277,-2745,-1843,-1799,-1708,-1960,-1553,-1785,-657,-1352,-1775,-2476
 "54061","Monongalia, WV",5,CAINC4,20,"...","Population (persons) 3/","Number of persons",62432,63708,64758,67422,69197,71377,70340,71369,73113,73842,74422,75326,76466,76567,77247,77612,76410,76009,75952,76066,75888,75645,77058,78166,79055,79738,80507,80940,81219,81370,81435,82002,83230,84223,85983,87101,88424,89656,90764,92200,94165,96749,98972,100827,102125,103278,104432,105340,105478,105241,105507,105905,106487,106869
 "54061","Monongalia, WV",5,CAINC4,30,"...","Per capita personal income (dollars) 4/","Dollars",2845,3151,3445,3812,3980,4222,4862,5451,5921,6565,7020,7887,8702,9462,10052,10615,11385,11898,12375,13758,14680,15936,16659,18137,18403,19321,19827,20472,20990,21783,22636,24371,25332,26307,26673,27482,28933,30734,31733,33885,34689,36858,38104,38301,38507,40280,42052,41436,43525,45905,47563,49914,54245,55218
 "54061","Monongalia, WV",5,CAINC4,35,"...","Earnings by place of work ","Thousands of dollars",156252,174243,193351,227959,240550,260898,295611,343249,378369,425453,457232,510880,550066,618663,648857,696746,736869,770705,814819,896120,944149,1036800,1090879,1194367,1220143,1319747,1328730,1350616,1356395,1428618,1526604,1702219,1787096,1874874,1988192,2113355,2247865,2395488,2513278,2723769,2954128,3198283,3266230,3359891,3499883,3668903,3915479,3878718,4143026,4257227,4443628,4516002,4804297,5056249
 "54061","Monongalia, WV",5,CAINC4,36,"...","Less: Contributions for government social insurance 5/","Thousands of dollars",11079,11955,13861,17146,20918,23664,26392,31195,33583,39116,44395,51996,59683,70089,74896,82043,88429,96631,103335,116135,124027,137957,148364,164575,173044,187785,192418,193511,192059,205390,217750,246923,247218,244107,267668,277656,291610,301656,300164,311607,338974,365796,327319,337674,397421,418118,444776,452071,486951,490961,506143,526031,556381,589262
 "54061","Monongalia, WV",5,CAINC4,37,"..."," Employee and self-employed contributions for government social insurance ","Thousands of dollars",5001,5485,6298,7698,9350,10649,12076,13855,14753,16869,19076,21615,25208,29368,30917,33173,36708,39873,42152,49379,53397,59306,63105,68017,69287,75565,77015,78065,79122,81729,87081,95632,101212,101864,112366,119159,126108,136127,146832,159297,172201,184799,145247,149919,202140,214253,228965,229945,247694,251191,261673,274547,292141,312191
 "54061","Monongalia, WV",5,CAINC4,38,"..."," Employer contributions for government social insurance ","Thousands of dollars",6078,6470,7563,9448,11568,13015,14316,17340,18830,22247,25319,30381,34475,40721,43979,48870,51721,56758,61183,66756,70630,78651,85259,96558,103757,112220,115403,115446,112937,123661,130669,151291,146006,142243,155302,158497,165502,165529,153332,152310,166773,180997,182072,187755,195281,203865,215811,222126,239257,239770,244470,251484,264240,277071
 "54061","Monongalia, WV",5,CAINC4,42,"...","Plus: Adjustment for residence 6/","Thousands of dollars",-7824,-8327,-10819,-16336,-17401,-20200,-23871,-31558,-32631,-39690,-46585,-55146,-52385,-71255,-74938,-82641,-88916,-100140,-111898,-108915,-109808,-124308,-126281,-147566,-149250,-168839,-162652,-161184,-147744,-168382,-186677,-218735,-246326,-266971,-292727,-303936,-314191,-338096,-384455,-422103,-492238,-544107,-506556,-536400,-582911,-570784,-656297,-679109,-758494,-744208,-750897,-802918,-848412,-891056
 "54061","Monongalia, WV",5,CAINC4,45,"...","Equals: Net earnings by place of residence ","Thousands of dollars",137349,153961,168671,194477,202231,217034,245348,280496,312155,346647,366252,403738,437998,477319,499023,532062,559524,573934,599586,671070,710314,774535,816234,882226,897849,963123,973660,995921,1016592,1054846,1122177,1236561,1293552,1363796,1427797,1531763,1642064,1755736,1828659,1990059,2122916,2288380,2432355,2485817,2519551,2680001,2814406,2747538,2897581,3022058,3186588,3187053,3399504,3575931
 "54061","Monongalia, WV",5,CAINC4,46,"...","Plus: Dividends, interest, and rent 7/","Thousands of dollars",24700,28223,31492,35474,40118,46746,51886,58781,66956,76840,85079,108043,132509,146707,165788,174803,186601,197203,201062,223354,240060,256304,266098,291973,295562,311647,347758,368324,385144,407801,407322,425731,433406,437394,442818,446251,485725,547096,571104,596442,569051,641258,693788,722111,746501,758607,824593,831456,874628,961375,973275,1000173,1144078,1250226
 "54061","Monongalia, WV",5,CAINC4,47,"...","Plus: Personal current transfer receipts ","Thousands of dollars",15569,18569,22934,27077,33050,37562,44791,49735,53783,61254,71146,82288,94922,100453,111680,116950,123810,133192,139242,152066,163689,174623,201380,243474,261426,265816,274832,292771,303016,309831,313864,336207,381450,414493,422830,415677,430618,452686,480409,537698,574493,636330,645057,653813,666450,721385,752532,785870,818682,847706,858364,1098927,1232769,1074970
 "54061","Monongalia, WV",5,CAINC4,50,"...","Wages and salaries ","Thousands of dollars",125730,140572,155816,183618,192203,206556,234756,274413,295014,329800,356758,403400,432470,488673,502015,532293,561575,601194,643615,669755,702505,769412,802685,877626,887855,962388,974275,982239,973175,1040046,1099185,1201727,1293887,1353490,1425534,1510770,1595750,1711801,1848724,2031081,2193270,2353335,2412416,2494677,2599122,2729980,2893800,2890902,3105283,3197399,3301940,3359102,3578189,3850525
 "54061","Monongalia, WV",5,CAINC4,60,"...","Supplements to wages and salaries ","Thousands of dollars",16915,19407,22537,27655,30101,33256,37027,43312,48157,55323,61990,72918,82338,96658,108562,116661,125671,142556,158068,154819,170226,189814,207034,236737,250364,272131,271991,274020,267915,286535,308805,341964,365535,382312,418709,442333,470334,505678,512035,540416,574480,607309,624981,670707,707528,698441,753787,725785,802254,822169,870765,871557,899415,904626
 "54061","Monongalia, WV",5,CAINC4,61,"..."," Employer contributions for employee pension and insurance funds 8/","Thousands of dollars",10837,12937,14974,18207,18533,20241,22711,25972,29327,33076,36671,42537,47863,55937,64583,67791,73950,85798,96885,88063,99596,111163,121775,140179,146607,159911,156588,158574,154978,162874,178136,190673,219529,240069,263407,283836,304832,340149,358703,388106,407707,426312,442909,482952,512247,494576,537976,503659,562997,582399,626295,620073,635175,627555
 "54061","Monongalia, WV",5,CAINC4,62,"..."," Employer contributions for government social insurance ","Thousands of dollars",6078,6470,7563,9448,11568,13015,14316,17340,18830,22247,25319,30381,34475,40721,43979,48870,51721,56758,61183,66756,70630,78651,85259,96558,103757,112220,115403,115446,112937,123661,130669,151291,146006,142243,155302,158497,165502,165529,153332,152310,166773,180997,182072,187755,195281,203865,215811,222126,239257,239770,244470,251484,264240,277071
 "54061","Monongalia, WV",5,CAINC4,70,"...","Proprietors' income 9/","Thousands of dollars",13607,14264,14998,16686,18246,21086,23828,25524,35198,40330,38484,34562,35258,33332,38280,47792,49623,26955,13136,71546,71418,77574,81160,80004,81924,85228,82464,94357,115305,102037,118614,158528,127674,139072,143949,160252,181781,178009,152519,152272,186378,237639,228833,194507,193233,240482,267892,262031,235489,237659,270923,285343,326693,301098
 "54061","Monongalia, WV",5,CAINC4,71,"..."," Farm proprietors' income ","Thousands of dollars",-114,-201,-99,-42,-5,-216,-253,-268,-175,-15,255,476,-469,-1061,-797,-445,-639,-589,-1545,-842,-391,-1352,-1507,-1118,-1267,-1159,-1808,-2466,-2527,-2449,-2573,-1687,-1655,-2496,-2785,-2053,-2326,-2622,-3208,-2785,-3102,-3298,-2749,-3541,-2651,-2661,-2419,-2756,-2279,-2464,-1203,-1938,-2333,-3268
 "54061","Monongalia, WV",5,CAINC4,72,"..."," Nonfarm proprietors' income ","Thousands of dollars",13721,14465,15097,16728,18251,21302,24081,25792,35373,40345,38229,34086,35727,34393,39077,48237,50262,27544,14681,72388,71809,78926,82667,81122,83191,86387,84272,96823,117832,104486,121187,160215,129329,141568,146734,162305,184107,180631,155727,155057,189480,240937,231582,198048,195884,243143,270311,264787,237768,240123,272126,287281,329026,304366
 "54061","Monongalia, WV",5,CAINC4,7010,"...","Total employment ","Number of jobs",26403,26868,27530,29740,30123,30620,31763,33634,34525,35970,34857,35023,34204,34984,35311,35884,37172,38493,39531,40714,41578,43650,44805,46511,46557,48980,49515,49553,48874,49465,50297,51569,52793,53679,54469,56432,58005,58807,61681,63652,64991,66797,67165,69159,70415,71106,72388,72407,73914,75037,74667,71660,74858,77220
 "54061","Monongalia, WV",5,CAINC4,7020,"..."," Wage and salary employment ","Number of jobs",23637,24134,24771,26956,27250,27573,28503,30305,31154,32566,31472,31525,30688,31409,31762,31994,32858,33740,34266,35080,36009,37871,38933,40574,40736,43129,43255,43286,42445,43088,44082,45203,46030,46897,47398,49059,50274,50812,53098,54992,56086,57550,57752,59486,60504,60897,61954,61760,62830,63579,63696,60215,62921,64421
 "54061","Monongalia, WV",5,CAINC4,7040,"..."," Proprietors employment ","Number of jobs",2766,2734,2759,2784,2873,3047,3260,3329,3371,3404,3385,3498,3516,3575,3549,3890,4314,4753,5265,5634,5569,5779,5872,5937,5821,5851,6260,6267,6429,6377,6215,6366,6763,6782,7071,7373,7731,7995,8583,8660,8905,9247,9413,9673,9911,10209,10434,10647,11084,11458,10971,11445,11937,12799
 "54063","Monroe, WV",5,CAINC4,10,"...","Personal income (thousands of dollars) ","Thousands of dollars",26376,28080,30052,33390,37955,40659,45790,51087,56600,63706,72256,82177,89081,95687,102084,111305,117920,123384,125480,132610,146075,155754,159669,172134,184713,188543,195546,206157,216264,221136,230766,244625,265649,267480,269338,279418,284589,298612,308777,330160,327093,348014,370888,372266,371876,390052,395608,387428,403457,408776,437524,469720,506669,496532
 "54063","Monroe, WV",5,CAINC4,11,"..."," Nonfarm personal income 1/","Thousands of dollars",25292,27022,29000,32130,36345,40240,46076,51268,57404,63919,73172,82592,90059,97036,102598,110686,117206,121378,124891,132126,141947,149659,155035,167834,178458,183855,193588,204816,216314,221799,232588,242939,263583,270070,271613,280141,285737,301860,313974,334620,332719,353785,373600,375674,372253,387616,393876,387066,399447,407048,434802,467384,504849,495021
 "54063","Monroe, WV",5,CAINC4,12,"..."," Farm income 2/","Thousands of dollars",1084,1058,1052,1260,1610,419,-286,-181,-804,-213,-916,-415,-978,-1349,-514,619,714,2006,589,484,4128,6095,4634,4300,6255,4688,1958,1341,-50,-663,-1822,1686,2066,-2590,-2275,-723,-1148,-3248,-5197,-4460,-5626,-5771,-2712,-3408,-377,2436,1732,362,4010,1728,2722,2336,1820,1511
 "54063","Monroe, WV",5,CAINC4,20,"...","Population (persons) 3/","Number of persons",11056,11343,11592,11524,11426,11506,11704,12084,12281,12610,12575,12881,12905,12800,12508,12684,12790,12738,12506,12458,12435,12424,12588,12792,13114,13415,13559,13678,13930,14110,14366,13181,13245,13257,13349,13355,13369,13382,13452,13607,13543,13497,13435,13297,13226,13228,13107,12942,12749,12565,12481,12380,12383,12296
 "54063","Monroe, WV",5,CAINC4,30,"...","Per capita personal income (dollars) 4/","Dollars",2386,2476,2592,2897,3322,3534,3912,4228,4609,5052,5746,6380,6903,7476,8161,8775,9220,9686,10034,10645,11747,12537,12684,13456,14085,14055,14422,15072,15525,15672,16063,18559,20057,20177,20177,20922,21287,22314,22954,24264,24152,25785,27606,27996,28117,29487,30183,29936,31646,32533,35055,37942,40916,40382
 "54063","Monroe, WV",5,CAINC4,35,"...","Earnings by place of work ","Thousands of dollars",11733,12611,13610,15624,17864,18284,19940,22239,23802,26743,29470,31391,31560,31539,33006,38011,41229,42564,43393,47400,54636,61476,59421,61676,68231,69238,72892,72930,76874,78082,80227,90123,100027,98780,100701,111984,112744,116636,114270,113361,117771,123357,128880,127490,126942,130737,132491,131517,137583,134989,143121,142444,151243,155091
 "54063","Monroe, WV",5,CAINC4,36,"...","Less: Contributions for government social insurance 5/","Thousands of dollars",577,612,674,792,1078,1270,1523,1747,1903,2168,2507,2712,2937,3053,3385,3830,4371,4601,5117,5867,6634,7237,7514,7783,8537,8971,10146,10331,10960,11381,11874,12935,12831,12812,13457,14743,15314,15633,15618,15544,16400,16700,15534,15376,16883,17701,18179,19212,19615,19981,20345,21132,21760,23532
 "54063","Monroe, WV",5,CAINC4,37,"..."," Employee and self-employed contributions for government social insurance ","Thousands of dollars",338,361,393,454,569,663,758,839,893,1005,1161,1243,1373,1474,1604,1823,2142,2335,2661,2993,3561,3650,3777,3960,4381,4713,5315,5324,5578,5605,5815,6013,6722,6853,7313,8025,8403,8862,9475,9823,10294,10593,9384,9327,10934,11358,11599,12136,12651,13176,13327,13768,14462,15800
 "54063","Monroe, WV",5,CAINC4,38,"..."," Employer contributions for government social insurance ","Thousands of dollars",239,251,281,338,509,607,765,908,1010,1163,1346,1469,1564,1579,1781,2007,2229,2266,2456,2874,3073,3587,3737,3823,4156,4258,4831,5007,5382,5776,6059,6922,6109,5959,6144,6718,6911,6771,6143,5721,6106,6107,6150,6049,5949,6343,6580,7076,6964,6805,7018,7364,7298,7732
 "54063","Monroe, WV",5,CAINC4,42,"...","Plus: Adjustment for residence 6/","Thousands of dollars",7699,7404,7629,7935,8835,9376,10498,11999,14186,16229,18736,21049,22553,24028,25733,27211,28294,30543,31853,32891,35552,35496,38678,44781,49219,51780,53189,59034,61824,64806,68815,70551,72969,73242,75221,72396,76510,79063,80052,77475,69884,77580,82487,85875,83748,84893,87527,84779,85186,89634,93291,93174,108513,110586
 "54063","Monroe, WV",5,CAINC4,45,"...","Equals: Net earnings by place of residence ","Thousands of dollars",18855,19403,20565,22767,25621,26390,28915,32491,36085,40804,45699,49728,51176,52514,55354,61392,65152,68506,70129,74424,83554,89735,90585,98674,108913,112047,115935,121633,127738,131507,137168,147739,160165,159210,162465,169637,173940,180066,178704,175292,171255,184237,195833,197989,193807,197929,201839,197084,203154,204642,216067,214486,237996,242145
 "54063","Monroe, WV",5,CAINC4,46,"...","Plus: Dividends, interest, and rent 7/","Thousands of dollars",3191,3530,3778,4232,5005,5622,6699,7332,8396,9740,11078,13558,16177,19122,20768,22727,24330,24926,24451,26064,28529,29333,30035,29883,29283,29785,30895,32159,34072,35116,37676,38363,39398,36297,34668,36650,35590,35633,40694,52372,48034,49335,56569,53638,53647,55090,57936,53753,58905,59066,68893,75011,70369,75996
 "54063","Monroe, WV",5,CAINC4,47,"...","Plus: Personal current transfer receipts ","Thousands of dollars",4330,5147,5709,6391,7329,8647,10176,11264,12119,13162,15479,18891,21728,24051,25962,27186,28438,29952,30900,32122,33992,36686,39049,43577,46517,46711,48716,52365,54454,54513,55922,58523,66086,71973,72205,73131,75059,82913,89379,102496,107804,114442,118486,120639,124422,137033,135833,136591,141398,145068,152564,180223,198304,178391
 "54063","Monroe, WV",5,CAINC4,50,"...","Wages and salaries ","Thousands of dollars",7253,7816,8202,9393,10849,11754,13526,15263,16896,18754,21414,22949,23491,23878,23502,25463,27428,27005,28525,31039,31709,35769,35966,36029,38002,39278,42050,42403,44340,46029,47065,51175,53040,54700,55292,63134,62352,65610,67848,69709,72111,72637,74698,74409,73667,76681,78435,81639,83435,83417,86209,86590,89423,95219
 "54063","Monroe, WV",5,CAINC4,60,"...","Supplements to wages and salaries ","Thousands of dollars",1063,1238,1519,1835,2115,2415,2750,3098,3434,3770,4462,4925,5186,5370,5742,6324,7002,6936,7074,8029,8679,9925,10502,11185,11671,11951,13206,13249,13801,14430,15423,17264,17104,17617,18570,21763,21643,22805,23019,23275,24442,23912,24418,25529,25155,25166,26941,26682,28065,28144,29458,29749,30026,30752
 "54063","Monroe, WV",5,CAINC4,61,"..."," Employer contributions for employee pension and insurance funds 8/","Thousands of dollars",824,987,1238,1497,1606,1808,1985,2190,2424,2607,3116,3456,3622,3791,3961,4317,4773,4670,4618,5155,5606,6338,6765,7362,7515,7693,8375,8242,8419,8654,9364,10342,10995,11658,12426,15045,14732,16034,16876,17554,18336,17805,18268,19480,19206,18823,20361,19606,21101,21339,22440,22385,22728,23020
 "54063","Monroe, WV",5,CAINC4,62,"..."," Employer contributions for government social insurance ","Thousands of dollars",239,251,281,338,509,607,765,908,1010,1163,1346,1469,1564,1579,1781,2007,2229,2266,2456,2874,3073,3587,3737,3823,4156,4258,4831,5007,5382,5776,6059,6922,6109,5959,6144,6718,6911,6771,6143,5721,6106,6107,6150,6049,5949,6343,6580,7076,6964,6805,7018,7364,7298,7732
 "54063","Monroe, WV",5,CAINC4,70,"...","Proprietors' income 9/","Thousands of dollars",3417,3557,3889,4396,4900,4115,3664,3878,3472,4219,3594,3517,2883,2291,3762,6224,6799,8623,7794,8332,14248,15782,12953,14462,18558,18009,17636,17278,18733,17623,17739,21684,29883,26463,26839,27087,28749,28221,23403,20377,21218,26808,29764,27552,28120,28890,27115,23196,26083,23428,27454,26105,31794,29120
 "54063","Monroe, WV",5,CAINC4,71,"..."," Farm proprietors' income ","Thousands of dollars",691,661,674,951,1214,95,-539,-590,-1194,-851,-1636,-1187,-1925,-2392,-1464,-265,-91,1293,-77,-271,3290,5110,3686,3377,5327,3841,1091,541,-850,-1500,-2632,982,1267,-3493,-3268,-1694,-1927,-4112,-6193,-5364,-6468,-6535,-3365,-4413,-1399,1352,844,-631,3105,879,2031,1596,1116,508
 "54063","Monroe, WV",5,CAINC4,72,"..."," Nonfarm proprietors' income ","Thousands of dollars",2726,2896,3215,3445,3686,4020,4203,4468,4666,5070,5230,4704,4808,4683,5226,6489,6890,7330,7871,8603,10958,10672,9267,11085,13231,14168,16545,16737,19583,19123,20371,20702,28616,29956,30107,28781,30676,32333,29596,25741,27686,33343,33129,31965,29519,27538,26271,23827,22978,22549,25423,24509,30678,28612
 "54063","Monroe, WV",5,CAINC4,7010,"...","Total employment ","Number of jobs",3609,3458,3432,3488,3575,3723,3596,3611,3621,3722,3797,3764,3612,3599,3664,3596,3553,3544,3513,3548,3654,3780,3792,3822,3826,3858,3909,3966,4053,4175,4088,4228,4049,4033,4026,4162,4153,4115,4274,4265,4243,4161,4130,4077,4067,4055,4060,4106,4153,4038,3948,3917,3905,4091
 "54063","Monroe, WV",5,CAINC4,7020,"..."," Wage and salary employment ","Number of jobs",1660,1630,1632,1685,1819,1960,1931,2025,2039,2108,2177,2082,1950,1861,1839,1824,1840,1858,1879,2018,2040,2112,2141,2191,2149,2120,2145,2164,2185,2219,2180,2311,2265,2290,2269,2392,2333,2330,2364,2367,2354,2271,2255,2235,2175,2128,2159,2174,2162,2104,2146,2093,2092,2210
 "54063","Monroe, WV",5,CAINC4,7040,"..."," Proprietors employment ","Number of jobs",1949,1828,1800,1803,1756,1763,1665,1586,1582,1614,1620,1682,1662,1738,1825,1772,1713,1686,1634,1530,1614,1668,1651,1631,1677,1738,1764,1802,1868,1956,1908,1917,1784,1743,1757,1770,1820,1785,1910,1898,1889,1890,1875,1842,1892,1927,1901,1932,1991,1934,1802,1824,1813,1881
 "54065","Morgan, WV",5,CAINC4,10,"...","Personal income (thousands of dollars) ","Thousands of dollars",21660,23073,25388,28285,32763,37198,41564,47596,55454,65137,73078,80308,88727,92658,100017,111590,120579,128116,135232,145544,154718,161915,177102,192629,205441,221502,240322,255278,284527,302903,322705,358407,378115,394589,405501,425563,446107,463295,482741,499522,498618,505485,526331,541634,536907,548691,571913,593899,610576,629524,662985,710420,788008,786177
 "54065","Morgan, WV",5,CAINC4,11,"..."," Nonfarm personal income 1/","Thousands of dollars",21055,22731,25112,28007,32372,36605,41197,47297,54900,63374,71230,79863,88460,92225,99738,111343,120187,127326,135163,145430,154599,161687,176936,192141,205321,221449,240355,255469,284894,303262,323012,358688,378331,394766,405857,426063,446847,464255,484471,500175,498834,505737,526325,541441,536950,548768,571800,593865,610391,629293,662089,709721,787668,786095
 "54065","Morgan, WV",5,CAINC4,12,"..."," Farm income 2/","Thousands of dollars",605,342,276,278,391,593,367,299,554,1763,1848,445,267,433,279,247,392,790,69,114,119,228,166,488,120,53,-33,-191,-367,-359,-307,-281,-216,-177,-356,-500,-740,-960,-1730,-653,-216,-252,6,193,-43,-77,113,34,185,231,896,699,340,82
 "54065","Morgan, WV",5,CAINC4,20,"...","Population (persons) 3/","Number of persons",8669,8527,8609,8722,8953,9098,9430,9688,10076,10216,10607,10769,10990,10989,11088,11131,11190,11120,11449,11695,11945,12196,12530,12939,13104,13272,13622,13872,14180,14407,14656,15021,15270,15461,15772,16117,16462,17038,17410,17520,17580,17472,17370,17253,17191,17190,17092,17156,17153,17182,17125,17087,17280,17430
 "54065","Morgan, WV",5,CAINC4,30,"...","Per capita personal income (dollars) 4/","Dollars",2499,2706,2949,3243,3659,4089,4408,4913,5504,6376,6890,7457,8073,8432,9020,10025,10776,11521,11812,12445,12953,13276,14134,14887,15678,16689,17642,18402,20065,21025,22019,23860,24762,25522,25710,26405,27099,27192,27728,28512,28363,28931,30301,31394,31232,31919,33461,34618,35596,36639,38714,41577,45602,45105
 "54065","Morgan, WV",5,CAINC4,35,"...","Earnings by place of work ","Thousands of dollars",12477,13026,13635,14811,16818,18844,18478,21287,25816,32063,33863,34695,38700,38351,41594,47012,51554,54437,58775,61314,63152,62345,67059,71489,77024,79671,84708,89764,94884,99803,108065,120288,119089,128854,133982,139745,141556,142553,146025,143958,141097,143375,144729,153813,153344,152482,154351,155984,160726,165570,174220,175695,193775,199614
 "54065","Morgan, WV",5,CAINC4,36,"...","Less: Contributions for government social insurance 5/","Thousands of dollars",964,1019,1099,1253,1609,1876,1809,2156,2614,3243,3559,3881,4697,4646,5164,5840,6440,6950,7640,8039,8593,8986,9863,10433,11496,11932,12758,13650,14067,15129,16060,18524,17274,17839,19101,19442,19334,19179,19553,19013,19245,19407,17906,18577,20711,21310,21971,23110,23750,24912,25318,25729,27321,29493
 "54065","Morgan, WV",5,CAINC4,37,"..."," Employee and self-employed contributions for government social insurance ","Thousands of dollars",434,460,506,572,724,837,832,950,1105,1338,1492,1631,1968,2033,2199,2471,2829,3183,3687,3769,4117,4131,4557,4847,5300,5641,6161,6401,6715,6907,7422,7952,8031,8396,9105,9613,9906,10456,11471,11687,11811,12015,10434,10842,12953,13448,13863,14676,15458,16367,16648,16442,17794,19314
 "54065","Morgan, WV",5,CAINC4,38,"..."," Employer contributions for government social insurance ","Thousands of dollars",530,559,593,681,885,1039,977,1206,1509,1905,2067,2250,2729,2613,2965,3369,3611,3767,3953,4270,4476,4855,5306,5586,6196,6291,6597,7249,7352,8222,8638,10572,9243,9443,9996,9829,9428,8723,8082,7326,7434,7392,7472,7735,7758,7862,8108,8434,8292,8545,8670,9287,9527,10179
 "54065","Morgan, WV",5,CAINC4,42,"...","Plus: Adjustment for residence 6/","Thousands of dollars",4454,4543,5318,6601,7946,9087,10896,12413,14213,16678,20177,21973,22010,22377,23122,26084,27734,29810,32545,35308,38266,42476,46089,49669,53085,62138,70130,74403,91414,99913,110665,126631,134399,132143,135720,142187,150152,155237,154430,154413,145381,140693,146525,148131,141098,144770,151248,157158,165308,172300,179390,180905,195211,209018
 "54065","Morgan, WV",5,CAINC4,45,"...","Equals: Net earnings by place of residence ","Thousands of dollars",15967,16550,17854,20159,23155,26055,27565,31544,37415,45498,50481,52787,56013,56082,59552,67256,72848,77297,83680,88583,92825,95835,103285,110725,118613,129877,142080,150517,172231,184587,202670,228395,236214,243158,250601,262490,272374,278611,280902,279358,267233,264661,273348,283367,273731,275942,283628,290032,302284,312958,328292,330871,361665,379139
 "54065","Morgan, WV",5,CAINC4,46,"...","Plus: Dividends, interest, and rent 7/","Thousands of dollars",2731,3124,3482,3908,4678,5577,6785,7814,8892,9995,11427,14082,17106,19082,21758,24166,25670,27479,27625,30646,33517,35330,37678,37764,39146,41350,44710,47833,53167,55663,55292,61187,62847,63386,63518,69020,74061,77775,86342,89516,90941,88034,96077,98072,98346,98242,101811,112222,110532,113744,122041,128077,140511,150745
 "54065","Morgan, WV",5,CAINC4,47,"...","Plus: Personal current transfer receipts ","Thousands of dollars",2962,3399,4052,4218,4930,5566,7214,8238,9147,9644,11170,13439,15608,17494,18707,20168,22061,23340,23927,26315,28376,30750,36139,44140,47682,50275,53532,56928,59129,62653,64743,68825,79054,88045,91382,94053,99672,106909,115497,130648,140444,152790,156906,160195,164830,174507,186474,191645,197760,202822,212652,251472,285832,256293
 "54065","Morgan, WV",5,CAINC4,50,"...","Wages and salaries ","Thousands of dollars",9280,9996,10497,11152,12542,13832,13361,15644,19111,23250,24555,26174,29485,29148,30850,33174,35061,35724,37452,38321,39663,42386,44495,46456,49725,50877,52268,56116,56793,61708,66373,73054,71918,77916,80621,83560,83372,83877,92172,93867,90653,90676,89240,93559,94066,96466,97798,100201,101670,105877,108143,112339,119457,129033
 "54065","Morgan, WV",5,CAINC4,60,"...","Supplements to wages and salaries ","Thousands of dollars",1060,1170,1259,1411,1691,1954,1828,2186,2822,3572,3828,4166,4986,5010,5878,6678,7493,7983,8413,9028,9823,10601,11384,12393,13595,14171,14535,15983,15745,17139,18348,21073,20204,21923,24063,24899,25061,25641,26061,26169,25580,25105,25322,27247,27580,26442,27945,27052,28660,30411,32144,33021,33356,34348
 "54065","Morgan, WV",5,CAINC4,61,"..."," Employer contributions for employee pension and insurance funds 8/","Thousands of dollars",530,611,666,730,806,915,851,980,1313,1667,1761,1916,2257,2397,2913,3309,3882,4216,4460,4758,5347,5746,6078,6807,7399,7880,7938,8734,8393,8917,9710,10501,10961,12480,14067,15070,15633,16918,17979,18843,18146,17713,17850,19512,19822,18580,19837,18618,20368,21866,23474,23734,23829,24169
 "54065","Morgan, WV",5,CAINC4,62,"..."," Employer contributions for government social insurance ","Thousands of dollars",530,559,593,681,885,1039,977,1206,1509,1905,2067,2250,2729,2613,2965,3369,3611,3767,3953,4270,4476,4855,5306,5586,6196,6291,6597,7249,7352,8222,8638,10572,9243,9443,9996,9829,9428,8723,8082,7326,7434,7392,7472,7735,7758,7862,8108,8434,8292,8545,8670,9287,9527,10179
 "54065","Morgan, WV",5,CAINC4,70,"...","Proprietors' income 9/","Thousands of dollars",2137,1860,1879,2248,2585,3058,3289,3457,3883,5241,5480,4355,4229,4193,4866,7160,9000,10730,12910,13965,13666,9358,11180,12640,13704,14623,17905,17665,22346,20956,23344,26161,26967,29015,29298,31286,33123,33035,27792,23922,24864,27594,30167,33007,31698,29574,28608,28731,30396,29282,33933,30335,40962,36233
 "54065","Morgan, WV",5,CAINC4,71,"..."," Farm proprietors' income ","Thousands of dollars",306,41,-13,38,81,321,128,-113,151,1054,1094,-318,-453,-346,-361,-293,-41,476,-142,-109,-115,-24,-56,289,-80,-129,-218,-361,-534,-543,-497,-455,-421,-426,-628,-762,-948,-1190,-1991,-894,-440,-459,-174,-85,-326,-375,-132,-240,-64,-4,701,492,144,-197
 "54065","Morgan, WV",5,CAINC4,72,"..."," Nonfarm proprietors' income ","Thousands of dollars",1831,1819,1892,2210,2504,2737,3161,3570,3732,4187,4386,4673,4682,4539,5227,7453,9041,10254,13052,14074,13781,9382,11236,12351,13784,14752,18123,18026,22880,21499,23841,26616,27388,29441,29926,32048,34071,34225,29783,24816,25304,28053,30341,33092,32024,29949,28740,28971,30460,29286,33232,29843,40818,36430
 "54065","Morgan, WV",5,CAINC4,7010,"...","Total employment ","Number of jobs",2586,2600,2571,2624,2722,2791,2654,2806,2967,3223,3242,3271,3384,3276,3370,3480,3583,3674,3831,3902,4002,4068,3979,4024,4168,4300,4330,4446,4393,4376,4403,4493,4640,4762,4865,4954,5048,5017,5113,5103,4991,4851,4951,4958,4869,4894,4815,4885,4861,4921,4841,4934,5061,5185
 "54065","Morgan, WV",5,CAINC4,7020,"..."," Wage and salary employment ","Number of jobs",1967,1956,1926,1916,2016,2064,1899,2082,2236,2481,2464,2439,2512,2437,2488,2523,2541,2535,2604,2644,2698,2791,2757,2859,2938,2940,2974,3120,2994,3129,3186,3257,3248,3339,3395,3421,3393,3275,3293,3287,3222,3159,3126,3144,3034,3054,2978,2994,2995,3056,3092,3089,3170,3192
 "54065","Morgan, WV",5,CAINC4,7040,"..."," Proprietors employment ","Number of jobs",619,644,645,708,706,727,755,724,731,742,778,832,872,839,882,957,1042,1139,1227,1258,1304,1277,1222,1165,1230,1360,1356,1326,1399,1247,1217,1236,1392,1423,1470,1533,1655,1742,1820,1816,1769,1692,1825,1814,1835,1840,1837,1891,1866,1865,1749,1845,1891,1993
 "54067","Nicholas, WV",5,CAINC4,10,"...","Personal income (thousands of dollars) ","Thousands of dollars",54960,66870,72414,80611,91664,104994,129978,139864,159394,182377,195226,217143,235602,252363,232089,258731,269995,266874,279418,315983,315032,338338,368052,395051,384767,407760,419905,430516,446728,467124,491186,522214,551228,558063,553426,577424,608855,652821,701232,769934,788050,805220,855646,850190,800369,816038,825365,781203,806383,837243,872781,931697,987646,987975
 "54067","Nicholas, WV",5,CAINC4,11,"..."," Nonfarm personal income 1/","Thousands of dollars",54679,66635,72208,80407,91398,104913,130009,139956,159515,182356,195071,217064,236063,253233,232840,259443,270913,267461,279936,316482,315158,338193,368130,394686,384213,407591,420036,431220,447194,467979,491990,522092,551531,558725,554231,577842,608901,653594,702873,770949,789182,806121,855595,849277,799585,815633,825389,781807,807160,838166,873302,931991,987911,989165
 "54067","Nicholas, WV",5,CAINC4,12,"..."," Farm income 2/","Thousands of dollars",281,235,206,204,266,81,-31,-92,-121,21,155,79,-461,-870,-751,-712,-918,-587,-518,-499,-126,145,-78,365,554,169,-131,-704,-466,-855,-804,122,-303,-662,-805,-418,-46,-773,-1641,-1015,-1132,-901,51,913,784,405,-24,-604,-777,-923,-521,-294,-265,-1190
 "54067","Nicholas, WV",5,CAINC4,20,"...","Population (persons) 3/","Number of persons",22321,22653,23186,23739,23918,24075,25145,26293,27018,27462,28035,28181,28375,28675,28302,28240,28259,28047,27617,27485,26946,26743,26609,26741,26978,26941,27056,26997,26948,26845,26707,26543,26177,26160,26063,26089,26195,26205,26130,26138,26253,26224,26232,26300,26007,25795,25649,25493,25265,25035,24745,24554,24415,24335
 "54067","Nicholas, WV",5,CAINC4,30,"...","Per capita personal income (dollars) 4/","Dollars",2462,2952,3123,3396,3832,4361,5169,5319,5900,6641,6964,7705,8303,8801,8200,9162,9554,9515,10118,11497,11691,12651,13832,14773,14262,15135,15520,15947,16577,17401,18392,19674,21058,21333,21234,22133,23243,24912,26836,29457,30018,30705,32618,32327,30775,31636,32179,30644,31917,33443,35271,37945,40452,40599
 "54067","Nicholas, WV",5,CAINC4,35,"...","Earnings by place of work ","Thousands of dollars",50793,62266,65492,72816,83838,95518,120411,126128,143569,162514,170207,185395,194073,201952,159595,201305,212063,199302,215886,251680,226848,234044,254116,267130,247466,266884,260671,253686,262281,273834,304482,323436,333294,321914,320456,333202,359489,380482,397664,413732,417835,440879,467598,463461,426489,413190,411790,370251,377671,405835,407571,395985,431305,463784
 "54067","Nicholas, WV",5,CAINC4,36,"...","Less: Contributions for government social insurance 5/","Thousands of dollars",3802,4573,5112,5789,7968,9182,11169,12121,13230,15307,16902,19323,22007,23876,18756,24367,26450,25633,27807,32403,30579,31741,34483,36292,37419,40092,40108,39049,40674,42537,47319,52318,49917,44896,46901,49044,52928,53521,53300,52756,54686,56605,53785,53205,55313,55719,56133,53543,54358,58360,57688,58631,62187,66908
 "54067","Nicholas, WV",5,CAINC4,37,"..."," Employee and self-employed contributions for government social insurance ","Thousands of dollars",1660,2018,2206,2563,3391,3975,5021,5311,5817,6550,7334,8264,9399,10088,7968,9996,11066,10841,11791,14209,13596,14176,15873,16621,15509,17058,17184,16757,17109,17549,19255,19876,21136,20176,21004,22270,24244,25949,28235,29561,30609,31740,26974,26741,31016,31191,31498,30577,31595,33980,33812,35040,37583,41397
 "54067","Nicholas, WV",5,CAINC4,38,"..."," Employer contributions for government social insurance ","Thousands of dollars",2142,2555,2906,3226,4577,5207,6148,6810,7413,8757,9568,11059,12608,13788,10788,14371,15384,14792,16016,18194,16983,17565,18610,19671,21910,23034,22924,22292,23565,24988,28064,32442,28781,24720,25897,26774,28684,27572,25065,23195,24077,24865,26811,26464,24297,24528,24635,22966,22763,24380,23876,23591,24604,25511
 "54067","Nicholas, WV",5,CAINC4,42,"...","Plus: Adjustment for residence 6/","Thousands of dollars",-3938,-5215,-5485,-6794,-8374,-9283,-12486,-11948,-13142,-14735,-15322,-18951,-20043,-19070,-12753,-19250,-21574,-18132,-21558,-24113,-16354,-11939,-10806,-5046,1587,1965,9823,17302,20182,23532,23353,25874,26801,35265,36577,40251,41297,48856,51522,58949,54423,46820,54567,45450,39328,41370,41457,29018,30878,31837,32719,31702,34388,35899
 "54067","Nicholas, WV",5,CAINC4,45,"...","Equals: Net earnings by place of residence ","Thousands of dollars",43053,52478,54895,60233,67496,77053,96756,102059,117197,132472,137983,147121,152023,159006,128086,157688,164039,155537,166521,195164,179915,190364,208827,225792,211634,228757,230386,231939,241789,254829,280516,296992,310178,312283,310132,324409,347858,375817,395886,419925,417572,431094,468380,455706,410504,398841,397114,345726,354191,379312,382602,369056,403506,432775
 "54067","Nicholas, WV",5,CAINC4,46,"...","Plus: Dividends, interest, and rent 7/","Thousands of dollars",4058,4899,5623,6403,7565,9040,11248,13254,15972,19128,21323,28736,36622,40751,40948,42801,46582,46503,46532,49863,60133,65871,64693,62553,61788,64078,71061,73627,76912,83368,78823,86192,88265,81379,75197,81658,80104,85739,102808,120906,124128,116794,125067,126747,118304,122715,123353,119199,124886,123053,149917,148322,126162,134910
 "54067","Nicholas, WV",5,CAINC4,47,"...","Plus: Personal current transfer receipts ","Thousands of dollars",7849,9493,11896,13975,16603,18901,21974,24551,26225,30777,35920,41286,46957,52606,63055,58242,59374,64834,66365,70956,74984,82103,94532,106706,111345,114925,118458,124950,128027,128927,131847,139030,152785,164401,168097,171357,180893,191265,202538,229103,246350,257332,262199,267737,271561,294482,304898,316278,327306,334878,340262,414319,457978,420290
 "54067","Nicholas, WV",5,CAINC4,50,"...","Wages and salaries ","Thousands of dollars",37933,46092,49282,55009,64078,70732,90797,96709,103993,113759,122319,139354,147173,151613,115484,145835,153966,147367,156489,169584,159651,162578,164205,164416,161093,173598,169274,167429,177611,180176,199427,212370,220775,208605,210544,226695,245128,258792,280045,298054,302804,314526,335446,334452,305992,300897,295256,270671,271895,295742,295256,288615,307866,334179
 "54067","Nicholas, WV",5,CAINC4,60,"...","Supplements to wages and salaries ","Thousands of dollars",7257,8470,8688,9798,11302,13120,15698,16898,18998,22213,24168,28307,31362,32822,26973,33490,35706,38018,43782,40783,39349,40120,42120,44857,47881,50666,49444,48401,51098,53440,60093,66836,61204,57619,61783,66161,71030,77134,77416,78399,76906,78243,83503,87446,81864,77037,78722,69314,72940,79648,82494,77838,78121,79516
 "54067","Nicholas, WV",5,CAINC4,61,"..."," Employer contributions for employee pension and insurance funds 8/","Thousands of dollars",5115,5915,5782,6572,6725,7913,9550,10088,11585,13456,14600,17248,18754,19034,16185,19119,20322,23226,27766,22589,22366,22555,23510,25186,25971,27632,26520,26109,27533,28452,32029,34394,32423,32899,35886,39387,42346,49562,52351,55204,52829,53378,56692,60982,57567,52509,54087,46348,50177,55268,58618,54247,53517,54005
 "54067","Nicholas, WV",5,CAINC4,62,"..."," Employer contributions for government social insurance ","Thousands of dollars",2142,2555,2906,3226,4577,5207,6148,6810,7413,8757,9568,11059,12608,13788,10788,14371,15384,14792,16016,18194,16983,17565,18610,19671,21910,23034,22924,22292,23565,24988,28064,32442,28781,24720,25897,26774,28684,27572,25065,23195,24077,24865,26811,26464,24297,24528,24635,22966,22763,24380,23876,23591,24604,25511
 "54067","Nicholas, WV",5,CAINC4,70,"...","Proprietors' income 9/","Thousands of dollars",5603,7704,7522,8009,8458,11666,13916,12521,20578,26542,23720,17734,15538,17517,17138,21980,22391,13917,15615,41313,27848,31346,47791,57857,38492,42620,41953,37856,33572,40218,44962,44230,51315,55690,48129,40346,43331,44556,40203,37279,38125,48110,48649,41563,38633,35256,37812,30266,32836,30445,29821,29532,45318,50089
 "54067","Nicholas, WV",5,CAINC4,71,"..."," Farm proprietors' income ","Thousands of dollars",207,158,135,142,183,5,-98,-195,-223,-142,-38,-136,-683,-1126,-977,-912,-1103,-737,-640,-625,-254,7,-201,260,403,-12,-366,-968,-782,-1141,-1032,-35,-430,-743,-910,-538,-152,-905,-1799,-1159,-1262,-1015,-44,775,639,252,-147,-740,-906,-1038,-620,-398,-363,-1330
 "54067","Nicholas, WV",5,CAINC4,72,"..."," Nonfarm proprietors' income ","Thousands of dollars",5396,7546,7387,7867,8275,11661,14014,12716,20801,26684,23758,17870,16221,18643,18115,22892,23494,14654,16255,41938,28102,31339,47992,57597,38089,42632,42319,38824,34354,41359,45994,44265,51745,56433,49039,40884,43483,45461,42002,38438,39387,49125,48693,40788,37994,35004,37959,31006,33742,31483,30441,29930,45681,51419
 "54067","Nicholas, WV",5,CAINC4,7010,"...","Total employment ","Number of jobs",7490,7882,7862,8323,8857,9219,9752,10127,9982,10292,10729,10957,10329,10086,8831,9659,9939,9693,9993,10466,9812,9826,9812,9767,9553,9990,10084,10354,10486,10410,10897,11161,11160,10580,10558,10861,11036,11180,11397,11136,10792,10754,11200,10978,10564,10496,10308,9612,9516,9757,9490,9025,9199,9417
 "54067","Nicholas, WV",5,CAINC4,7020,"..."," Wage and salary employment ","Number of jobs",6276,6720,6644,7124,7647,7950,8335,8710,8552,8855,9252,9400,8768,8513,7170,8022,8317,8089,8403,8854,8269,8237,8251,8174,7990,8304,8308,8486,8582,8649,9105,9349,9188,8749,8712,9058,9182,9335,9494,9378,9079,9111,9304,9144,8610,8573,8448,7823,7636,7931,7800,7248,7339,7462
 "54067","Nicholas, WV",5,CAINC4,7040,"..."," Proprietors employment ","Number of jobs",1214,1162,1218,1199,1210,1269,1417,1417,1430,1437,1477,1557,1561,1573,1661,1637,1622,1604,1590,1612,1543,1589,1561,1593,1563,1686,1776,1868,1904,1761,1792,1812,1972,1831,1846,1803,1854,1845,1903,1758,1713,1643,1896,1834,1954,1923,1860,1789,1880,1826,1690,1777,1860,1955
 "54069","Ohio, WV",5,CAINC4,10,"...","Personal income (thousands of dollars) ","Thousands of dollars",228701,249148,264899,286049,311831,338681,370181,408712,449272,486893,529528,573894,628168,654072,667122,707435,727549,746889,774702,829195,898011,948082,977446,1036800,1066351,1108332,1145107,1186031,1211673,1276251,1280005,1315822,1568678,1619367,1634646,1726508,1780228,1912001,1996201,2065821,1857991,1786856,1849782,1934886,1925621,2017001,2082164,2240212,2526757,2622544,2523110,2404877,2695729,2764561
 "54069","Ohio, WV",5,CAINC4,11,"..."," Nonfarm personal income 1/","Thousands of dollars",228013,248521,264317,285411,311069,338164,369760,408248,448968,486450,529031,573221,627789,654282,667205,707244,727469,746806,774838,829585,897806,947726,977698,1036607,1066230,1107962,1145098,1186102,1211649,1276096,1280077,1315584,1568561,1619602,1635184,1726775,1780724,1912874,1997150,2066521,1859131,1788149,1850574,1935850,1926448,2018191,2083829,2242317,2529123,2625201,2525313,2407422,2698298,2768128
 "54069","Ohio, WV",5,CAINC4,12,"..."," Farm income 2/","Thousands of dollars",688,627,582,638,762,517,421,464,304,443,497,673,379,-210,-83,191,80,83,-136,-390,205,356,-252,193,121,370,9,-71,24,155,-72,238,117,-235,-538,-267,-496,-873,-949,-700,-1140,-1293,-792,-964,-827,-1190,-1665,-2105,-2366,-2657,-2203,-2545,-2569,-3567
 "54069","Ohio, WV",5,CAINC4,20,"...","Population (persons) 3/","Number of persons",62902,63448,64261,64178,63763,62858,62371,62912,62430,62306,61907,61344,61111,60094,58924,57430,55967,54509,53493,52634,51732,50767,50345,50393,50214,49936,49601,49199,48495,48133,47743,47343,46636,46259,45711,45424,45113,44925,44714,44469,44355,44505,44358,44271,44126,43752,43600,43348,42859,42736,42626,42338,41878,41447
 "54069","Ohio, WV",5,CAINC4,30,"...","Per capita personal income (dollars) 4/","Dollars",3636,3927,4122,4457,4890,5388,5935,6497,7196,7815,8554,9355,10279,10884,11322,12318,13000,13702,14482,15754,17359,18675,19415,20574,21236,22195,23086,24107,24986,26515,26810,27793,33637,35007,35760,38009,39462,42560,44644,46455,41889,40150,41701,43705,43639,46101,47756,51680,58955,61366,59192,56802,64371,66701
 "54069","Ohio, WV",5,CAINC4,35,"...","Earnings by place of work ","Thousands of dollars",192652,206761,217425,237517,264620,282395,302400,336309,379042,412738,452396,478270,504600,499986,485461,508899,523128,523446,560232,600846,622537,676420,693333,743580,782266,818508,850122,882317,922323,956220,989149,1023026,1272212,1320194,1346229,1431134,1525566,1608312,1692326,1752860,1575010,1445511,1466444,1568521,1612200,1648620,1702284,1857856,2130805,2196534,2057731,1816842,1966115,1995651
 "54069","Ohio, WV",5,CAINC4,36,"...","Less: Contributions for government social insurance 5/","Thousands of dollars",15210,16120,17650,20262,26206,28899,30441,34504,38935,43541,49485,52812,59322,60139,58991,62524,64942,67420,72850,79984,83658,91556,96608,104457,113140,116647,122857,127885,131139,137389,141071,150215,160232,164445,170578,175969,186137,185506,184715,188277,180739,171996,154923,164017,187993,197063,203987,217968,238751,242556,233259,225780,241402,247178
 "54069","Ohio, WV",5,CAINC4,37,"..."," Employee and self-employed contributions for government social insurance ","Thousands of dollars",6560,6994,7622,8627,11012,12293,13111,14469,16076,17715,20378,21992,25155,25772,25024,25996,27872,29360,32108,34750,37272,40605,42810,45189,47991,51004,54120,55731,57881,58987,60967,61687,75104,75881,79275,83905,88127,92441,102745,108761,99970,90599,72369,76094,98580,103369,106937,118432,136057,138378,130073,122976,132104,137192
 "54069","Ohio, WV",5,CAINC4,38,"..."," Employer contributions for government social insurance ","Thousands of dollars",8650,9126,10028,11635,15194,16606,17330,20035,22859,25826,29107,30820,34167,34367,33967,36528,37070,38060,40742,45234,46386,50951,53798,59268,65149,65643,68737,72154,73258,78402,80104,88528,85128,88564,91303,92064,98010,93065,81970,79516,80769,81397,82554,87923,89413,93694,97050,99536,102694,104178,103186,102804,109298,109986
 "54069","Ohio, WV",5,CAINC4,42,"...","Plus: Adjustment for residence 6/","Thousands of dollars",-16743,-15625,-15849,-19067,-24456,-26227,-27044,-29595,-37821,-42103,-49823,-59754,-66237,-64135,-58634,-56411,-63198,-57966,-61241,-68595,-61408,-71967,-78914,-88489,-106305,-114194,-131852,-141247,-158495,-164170,-175821,-187414,-191218,-197005,-192051,-195223,-222277,-239505,-243106,-272880,-292477,-273179,-288797,-329607,-348123,-333048,-377450,-392642,-373914,-361806,-403393,-428196,-502439,-487257
 "54069","Ohio, WV",5,CAINC4,45,"...","Equals: Net earnings by place of residence ","Thousands of dollars",160699,175016,183926,198188,213958,227269,244915,272210,302286,327094,353088,365704,379041,375712,367836,389964,394988,398060,426141,452267,477471,512897,517811,550634,562821,587667,595413,613185,632689,654661,672257,685397,920762,958744,983600,1059942,1117152,1183301,1264505,1291703,1101794,1000336,1022724,1074897,1076084,1118509,1120847,1247246,1518140,1592172,1421079,1162866,1222274,1261216
 "54069","Ohio, WV",5,CAINC4,46,"...","Plus: Dividends, interest, and rent 7/","Thousands of dollars",45373,48231,50657,53868,59018,66791,70119,75603,82876,90177,97119,115916,145143,162896,173281,188692,197670,206091,203321,222688,258602,265361,272410,273249,276949,286294,310729,324063,324366,348883,336566,353031,341709,336226,320706,335196,329102,370752,360410,373463,322854,327797,375159,392173,382861,412955,450090,469314,464815,473137,528185,545461,716868,823790
 "54069","Ohio, WV",5,CAINC4,47,"...","Plus: Personal current transfer receipts ","Thousands of dollars",22629,25901,30316,33993,38855,44621,55147,60899,64110,69622,79321,92274,103984,115464,126005,128779,134891,142738,145240,154240,161938,169824,187225,212917,226581,234371,238965,248783,254618,272707,271182,277394,306207,324397,330340,331370,333974,357948,371286,400655,433343,458723,451899,467816,466676,485537,511227,523652,543802,557235,573846,696550,756587,679555
 "54069","Ohio, WV",5,CAINC4,50,"...","Wages and salaries ","Thousands of dollars",156587,168435,176116,191054,212814,227236,242551,268978,301579,326443,357510,376949,397259,396098,379565,388594,398079,399786,424657,451925,458990,493332,507436,541300,570954,588593,613442,639745,667141,697092,726840,749335,770351,792333,798481,842218,901541,933359,953390,1027728,1022922,1022636,1041207,1106789,1143314,1192742,1244678,1248415,1315924,1345140,1357855,1330191,1446665,1491422
 "54069","Ohio, WV",5,CAINC4,60,"...","Supplements to wages and salaries ","Thousands of dollars",18700,20568,22307,25871,30130,32617,34260,38574,44750,50091,55758,59368,64673,65984,67449,72965,78193,81020,86810,94090,100049,110228,117292,134622,144860,147306,149542,154373,156163,166865,173647,186762,193857,207527,216486,225593,241635,260949,250995,258710,259180,257655,268615,291257,300681,289527,308564,296599,320083,332835,338021,320266,334758,329546
 "54069","Ohio, WV",5,CAINC4,61,"..."," Employer contributions for employee pension and insurance funds 8/","Thousands of dollars",10050,11442,12279,14236,14936,16011,16930,18539,21891,24265,26651,28548,30506,31617,33482,36437,41123,42960,46068,48856,53663,59277,63494,75354,79711,81663,80805,82219,82905,88463,93543,98234,108729,118963,125183,133529,143625,167884,169025,179194,178411,176258,186061,203334,211268,195833,211514,197063,217389,228657,234835,217462,225460,219560
 "54069","Ohio, WV",5,CAINC4,62,"..."," Employer contributions for government social insurance ","Thousands of dollars",8650,9126,10028,11635,15194,16606,17330,20035,22859,25826,29107,30820,34167,34367,33967,36528,37070,38060,40742,45234,46386,50951,53798,59268,65149,65643,68737,72154,73258,78402,80104,88528,85128,88564,91303,92064,98010,93065,81970,79516,80769,81397,82554,87923,89413,93694,97050,99536,102694,104178,103186,102804,109298,109986
 "54069","Ohio, WV",5,CAINC4,70,"...","Proprietors' income 9/","Thousands of dollars",17365,17758,19002,20592,21676,22542,25589,28757,32713,36204,39128,41953,42668,37904,38447,47340,46856,42640,48765,54831,63498,72860,68605,67658,66452,82609,87138,88199,99019,92263,88662,86929,308004,320334,331262,363323,382390,414004,487941,466422,292908,165220,156622,170475,168205,166351,149042,312842,494798,518559,361855,166385,184692,174683
 "54069","Ohio, WV",5,CAINC4,71,"..."," Farm proprietors' income ","Thousands of dollars",167,82,34,163,122,-70,51,-40,-108,-164,-49,215,34,-500,-329,-17,-95,-47,-228,-493,86,218,-388,62,3,273,-78,-138,-33,68,-188,110,-63,-473,-793,-506,-685,-1076,-1177,-875,-1274,-1386,-849,-1027,-891,-1257,-1721,-2168,-2426,-2713,-2250,-2596,-2617,-3635
 "54069","Ohio, WV",5,CAINC4,72,"..."," Nonfarm proprietors' income ","Thousands of dollars",17198,17676,18968,20429,21554,22612,25538,28797,32821,36368,39177,41738,42634,38404,38776,47357,46951,42687,48993,55324,63412,72642,68993,67596,66449,82336,87216,88337,99052,92195,88850,86819,308067,320807,332055,363829,383075,415080,489118,467297,294182,166606,157471,171502,169096,167608,150763,315010,497224,521272,364105,168981,187309,178318
 "54069","Ohio, WV",5,CAINC4,7010,"...","Total employment ","Number of jobs",31652,32481,32420,32338,33619,33661,33233,33762,35061,35943,34945,34160,33022,31736,30382,30070,29584,29184,29776,30512,30307,30941,30726,30762,31834,32792,33742,34367,34410,35018,33822,33976,34348,34607,33857,34444,35126,35569,35944,36840,36529,36424,36171,36527,36526,36263,36082,35959,35440,35659,35075,32719,33856,34434
 "54069","Ohio, WV",5,CAINC4,7020,"..."," Wage and salary employment ","Number of jobs",28252,29081,29027,29032,30339,30224,29731,30312,31568,32393,31335,30393,29309,28045,26578,26418,26018,25773,26548,27131,27075,27495,27238,27431,28355,29036,29924,30538,30739,31081,30525,30588,30215,30360,29584,30125,30670,30862,31117,32067,31700,31624,31257,31730,31709,31297,31171,31135,30674,31060,30737,28140,29197,29455
 "54069","Ohio, WV",5,CAINC4,7040,"..."," Proprietors employment ","Number of jobs",3400,3400,3393,3306,3280,3437,3502,3450,3493,3550,3610,3767,3713,3691,3804,3652,3566,3411,3228,3381,3232,3446,3488,3331,3479,3756,3818,3829,3671,3937,3297,3388,4133,4247,4273,4319,4456,4707,4827,4773,4829,4800,4914,4797,4817,4966,4911,4824,4766,4599,4338,4579,4659,4979
 "54071","Pendleton, WV",5,CAINC4,10,"...","Personal income (thousands of dollars) ","Thousands of dollars",14524,15743,18503,20574,24602,25405,27863,29487,32716,38238,42481,44601,47420,52497,56247,66223,73525,81702,80890,86528,93407,100664,107714,118065,128199,134062,134486,139927,151408,160468,168129,176699,183962,181730,189299,200043,205934,211086,218284,228191,232942,240036,247936,238084,237721,238154,236346,230600,252964,250629,260435,276219,305216,326787
 "54071","Pendleton, WV",5,CAINC4,11,"..."," Nonfarm personal income 1/","Thousands of dollars",12729,13822,16711,18242,20709,23224,25699,29215,32824,37955,42734,45261,50015,54544,59032,64346,71786,77301,81324,86490,92228,96768,103179,112275,120202,126049,128878,136375,147008,152658,159760,166966,169864,174865,182183,190149,195667,200651,211160,223912,228290,232642,241445,240858,233384,234770,236223,231806,244254,251391,263009,285976,303263,300099
 "54071","Pendleton, WV",5,CAINC4,12,"..."," Farm income 2/","Thousands of dollars",1795,1921,1792,2332,3893,2181,2164,272,-108,283,-253,-660,-2595,-2047,-2785,1877,1739,4401,-434,38,1179,3896,4535,5790,7997,8013,5608,3552,4400,7810,8369,9733,14098,6865,7116,9894,10267,10435,7124,4279,4652,7394,6491,-2774,4337,3384,123,-1206,8710,-762,-2574,-9757,1953,26688
 "54071","Pendleton, WV",5,CAINC4,20,"...","Population (persons) 3/","Number of persons",7017,7036,7153,7248,7324,7490,7577,7581,7605,7713,7705,7941,8059,7959,7949,7910,8132,8076,8048,8148,8206,8031,8047,8062,8045,8138,8242,8187,8205,8278,8242,8166,8112,8030,8073,8036,7941,7922,7792,7761,7701,7653,7428,7276,7101,6876,6676,6492,6402,6324,6235,6132,6078,6011
 "54071","Pendleton, WV",5,CAINC4,30,"...","Per capita personal income (dollars) 4/","Dollars",2070,2237,2587,2839,3359,3392,3677,3890,4302,4958,5513,5617,5884,6596,7076,8372,9041,10117,10051,10620,11383,12534,13386,14645,15935,16474,16317,17091,18453,19385,20399,21638,22678,22631,23448,24893,25933,26646,28014,29402,30248,31365,33379,32722,33477,34636,35402,35521,39513,39631,41770,45045,50217,54365
 "54071","Pendleton, WV",5,CAINC4,35,"...","Earnings by place of work ","Thousands of dollars",10436,10471,12454,13305,16519,16407,17162,17988,19444,22248,22085,22605,24485,25274,26318,33948,39499,44730,41984,44053,47803,50615,53588,58947,66799,70949,68935,71080,77712,84467,89294,90696,86458,82887,87288,95767,98288,101161,97842,98818,96452,101630,102766,94538,96631,88648,80703,73713,84009,76873,78864,72942,91432,119264
 "54071","Pendleton, WV",5,CAINC4,36,"...","Less: Contributions for government social insurance 5/","Thousands of dollars",685,666,894,954,1232,1440,1530,1881,2038,2331,2397,2590,3277,3294,3696,4236,5155,5616,6138,6463,6959,7055,7500,8070,9697,10197,10240,10756,11500,12171,12227,12165,9945,10065,10973,11686,12036,12216,11979,12158,12041,12280,11380,11430,12244,11840,11485,11193,11346,11679,11933,12585,13208,14274
 "54071","Pendleton, WV",5,CAINC4,37,"..."," Employee and self-employed contributions for government social insurance ","Thousands of dollars",304,300,381,409,520,608,643,755,808,916,974,1055,1322,1392,1486,1648,2019,2231,2428,2574,2896,2879,3124,3359,3727,4030,4198,4330,4588,4748,5015,4916,4548,4672,5045,5479,5730,6072,6354,6741,6745,6948,5970,6013,7075,7012,6978,7059,7355,7782,7924,8366,8859,9699
 "54071","Pendleton, WV",5,CAINC4,38,"..."," Employer contributions for government social insurance ","Thousands of dollars",381,366,513,545,712,832,887,1126,1230,1415,1423,1535,1955,1902,2210,2588,3136,3385,3710,3889,4063,4176,4376,4711,5970,6167,6042,6426,6912,7423,7212,7249,5397,5393,5928,6207,6306,6144,5625,5417,5296,5332,5410,5417,5169,4828,4507,4134,3991,3897,4009,4219,4349,4575
 "54071","Pendleton, WV",5,CAINC4,42,"...","Plus: Adjustment for residence 6/","Thousands of dollars",569,896,1359,1748,1767,1458,1850,2095,2877,4275,6797,5868,5063,6836,8073,8030,7511,8321,9449,10764,11989,13691,14360,16129,17481,18347,18818,19100,20366,21658,23842,25869,30736,31394,33118,32575,34069,33933,34728,33053,33139,32805,32563,32009,30792,32396,33731,35775,36318,38009,39785,41904,42678,44328
 "54071","Pendleton, WV",5,CAINC4,45,"...","Equals: Net earnings by place of residence ","Thousands of dollars",10320,10701,12919,14099,17054,16425,17482,18202,20283,24192,26485,25883,26271,28816,30695,37742,41855,47435,45295,48354,52833,57251,60448,67006,74583,79099,77513,79424,86578,93954,100909,104400,107249,104216,109433,116656,120321,122878,120591,119713,117550,122155,123949,115117,115179,109204,102949,98295,108981,103203,106716,102261,120902,149318
 "54071","Pendleton, WV",5,CAINC4,46,"...","Plus: Dividends, interest, and rent 7/","Thousands of dollars",1809,2230,2542,3097,3956,4641,4946,5334,6056,7059,7950,9299,10820,12005,13148,15484,17240,18894,19688,21106,21871,23463,23431,24634,25067,26526,28010,30095,33513,33432,33073,35366,36719,35731,36252,38642,38451,37399,43297,48268,49213,48897,53056,49828,47137,50701,50632,48269,53189,56316,59246,60660,55941,59724
 "54071","Pendleton, WV",5,CAINC4,47,"...","Plus: Personal current transfer receipts ","Thousands of dollars",2395,2812,3042,3378,3592,4339,5435,5951,6377,6987,8046,9419,10329,11676,12404,12997,14430,15373,15907,17068,18703,19950,23835,26425,28549,28437,28963,30408,31317,33082,34147,36933,39994,41783,43614,44745,47162,50809,54396,60210,66179,68984,70931,73139,75405,78249,82765,84036,90794,91110,94473,113298,128373,117745
 "54071","Pendleton, WV",5,CAINC4,50,"...","Wages and salaries ","Thousands of dollars",6297,6106,7766,7720,9033,10144,10676,12908,14311,16241,15986,16838,19755,19609,21003,22952,27247,28860,30371,30802,32309,32812,34455,36591,39449,42039,42521,44997,48390,49737,50186,50051,46937,48893,51940,56086,57662,60224,62223,66123,62744,62670,63333,63784,61846,57800,54568,50127,49882,50568,51330,52524,55031,59306
 "54071","Pendleton, WV",5,CAINC4,60,"...","Supplements to wages and salaries ","Thousands of dollars",872,966,1217,1348,1627,1994,2132,2556,2908,3286,3336,3547,4291,4391,4992,5670,6864,7634,8135,8431,9068,9368,9909,10975,12703,13543,13211,14337,15430,15809,15792,16036,14459,15281,17373,18755,19550,20551,20372,21067,20169,20049,20740,21383,20514,18043,16783,14004,14654,15044,16222,16118,16388,16784
 "54071","Pendleton, WV",5,CAINC4,61,"..."," Employer contributions for employee pension and insurance funds 8/","Thousands of dollars",491,600,704,803,915,1162,1245,1430,1678,1871,1913,2012,2336,2489,2782,3082,3728,4249,4425,4542,5005,5192,5533,6264,6733,7376,7169,7911,8518,8386,8580,8787,9062,9888,11445,12548,13244,14407,14747,15650,14873,14717,15330,15966,15345,13215,12276,9870,10663,11147,12213,11899,12039,12209
 "54071","Pendleton, WV",5,CAINC4,62,"..."," Employer contributions for government social insurance ","Thousands of dollars",381,366,513,545,712,832,887,1126,1230,1415,1423,1535,1955,1902,2210,2588,3136,3385,3710,3889,4063,4176,4376,4711,5970,6167,6042,6426,6912,7423,7212,7249,5397,5393,5928,6207,6306,6144,5625,5417,5296,5332,5410,5417,5169,4828,4507,4134,3991,3897,4009,4219,4349,4575
 "54071","Pendleton, WV",5,CAINC4,70,"...","Proprietors' income 9/","Thousands of dollars",3267,3399,3471,4237,5859,4269,4354,2524,2225,2721,2763,2220,439,1274,323,5326,5388,8236,3478,4820,6426,8435,9224,11381,14647,15367,13203,11746,13892,18921,23316,24609,25062,18713,17975,20926,21076,20386,15247,11628,13539,18911,18693,9371,14271,12805,9352,9582,19473,11261,11312,4300,20013,43174
 "54071","Pendleton, WV",5,CAINC4,71,"..."," Farm proprietors' income ","Thousands of dollars",1554,1669,1538,2115,3601,1909,1936,-96,-472,-300,-870,-1281,-3181,-2680,-3492,1071,814,3426,-1515,-1024,176,2878,3691,5081,7241,7278,4807,2761,3558,6908,7467,8919,13134,5757,5837,8596,9194,9203,5650,3013,3522,6407,5681,-3974,3112,2089,-944,-2389,7633,-1774,-3407,-10648,1104,25474
 "54071","Pendleton, WV",5,CAINC4,72,"..."," Nonfarm proprietors' income ","Thousands of dollars",1713,1730,1933,2122,2258,2360,2418,2620,2697,3021,3633,3501,3620,3954,3815,4255,4574,4810,4993,5844,6250,5557,5533,6300,7406,8089,8396,8985,10334,12013,15849,15690,11928,12956,12138,12330,11882,11183,9597,8615,10017,12504,13012,13345,11159,10716,10296,11971,11840,13035,14719,14948,18909,17700
 "54071","Pendleton, WV",5,CAINC4,7010,"...","Total employment ","Number of jobs",3288,3190,3213,3267,3300,3413,3129,3174,3121,3175,3066,3068,3153,2956,3184,3254,3352,3503,3591,3534,3590,3602,3520,3629,3812,3889,3976,3995,4012,3916,3773,3522,3395,3334,3341,3439,3465,3441,3405,3375,3283,3183,3233,3208,3190,3167,3093,2982,2972,2965,2903,2884,2922,3007
 "54071","Pendleton, WV",5,CAINC4,7020,"..."," Wage and salary employment ","Number of jobs",1475,1427,1530,1605,1712,1801,1734,1951,1958,2030,1930,1898,1985,1828,1974,2054,2156,2287,2366,2345,2393,2372,2328,2429,2553,2630,2597,2549,2559,2545,2413,2182,2108,2112,2154,2214,2160,2142,2077,2070,1981,1928,1955,1966,1923,1835,1761,1664,1643,1645,1665,1615,1662,1702
 "54071","Pendleton, WV",5,CAINC4,7040,"..."," Proprietors employment ","Number of jobs",1813,1763,1683,1662,1588,1612,1395,1223,1163,1145,1136,1170,1168,1128,1210,1200,1196,1216,1225,1189,1197,1230,1192,1200,1259,1259,1379,1446,1453,1371,1360,1340,1287,1222,1187,1225,1305,1299,1328,1305,1302,1255,1278,1242,1267,1332,1332,1318,1329,1320,1238,1269,1260,1305
 "54073","Pleasants, WV",5,CAINC4,10,"...","Personal income (thousands of dollars) ","Thousands of dollars",19982,21672,22209,23709,26278,29907,34360,40545,52449,66405,60407,60001,62715,66194,69871,76849,82362,87584,90813,97002,102268,109912,113067,124126,127181,130189,134340,137463,143454,150579,151924,160506,170204,176237,182951,189363,190606,202007,216220,234751,237649,240186,254583,269613,275163,292846,299512,295520,309627,330969,331319,346589,368464,373295
 "54073","Pleasants, WV",5,CAINC4,11,"..."," Nonfarm personal income 1/","Thousands of dollars",19980,21700,22173,23697,26241,29938,34411,40612,52526,66461,60433,60111,62942,66454,70083,76958,82669,87872,91041,97308,102476,110165,113369,124245,127296,130270,134517,137675,143505,151040,152466,161054,170998,177235,183923,190140,191365,202686,216835,235182,237944,240514,254627,269705,275293,293344,300277,296665,311018,332502,332596,348001,369933,375248
 "54073","Pleasants, WV",5,CAINC4,12,"..."," Farm income 2/","Thousands of dollars",2,-28,36,12,37,-31,-51,-67,-77,-56,-26,-110,-227,-260,-212,-109,-307,-288,-228,-306,-208,-253,-302,-119,-115,-81,-177,-212,-51,-461,-542,-548,-794,-998,-972,-777,-759,-679,-615,-431,-295,-328,-44,-92,-130,-498,-765,-1145,-1391,-1533,-1277,-1412,-1469,-1953
 "54073","Pleasants, WV",5,CAINC4,20,"...","Population (persons) 3/","Number of persons",7422,7309,7451,7481,7424,7486,7752,7773,7871,7848,8176,8218,8139,8088,8048,7950,7743,7703,7697,7633,7585,7555,7566,7555,7515,7508,7532,7522,7565,7584,7578,7501,7634,7631,7548,7731,7680,7670,7698,7702,7672,7574,7598,7577,7585,7679,7608,7623,7611,7651,7609,7652,7612,7586
 "54073","Pleasants, WV",5,CAINC4,30,"...","Per capita personal income (dollars) 4/","Dollars",2692,2965,2981,3169,3540,3995,4432,5216,6664,8461,7388,7301,7705,8184,8682,9667,10637,11370,11798,12708,13483,14548,14944,16430,16924,17340,17836,18275,18963,19855,20048,21398,22296,23095,24238,24494,24818,26337,28088,30479,30976,31712,33507,35583,36277,38136,39368,38767,40682,43258,43543,45294,48406,49208
 "54073","Pleasants, WV",5,CAINC4,35,"...","Earnings by place of work ","Thousands of dollars",19613,22408,22700,24999,28854,34517,42910,56457,80358,120096,95219,86255,79004,76212,73217,79627,87158,93478,90719,90296,90382,97598,94786,106452,108264,111835,106924,113078,124484,127443,117724,126113,131799,135036,146038,171504,168611,172319,183114,179051,160758,160600,169155,174166,182615,209978,207768,198479,198741,206949,227638,176540,182578,212811
 "54073","Pleasants, WV",5,CAINC4,36,"...","Less: Contributions for government social insurance 5/","Thousands of dollars",1434,1626,1656,1952,2677,3440,4364,5982,9089,14779,11213,10034,9332,8988,8568,9364,10403,11650,10978,11648,11757,12775,12805,14368,14838,15425,14914,16005,17756,18269,16147,17456,17634,17411,19760,23723,23556,22582,22386,21008,19184,18884,17475,17721,20991,24496,24239,23689,24573,25165,27209,22322,23260,26807
 "54073","Pleasants, WV",5,CAINC4,37,"..."," Employee and self-employed contributions for government social insurance ","Thousands of dollars",680,770,802,920,1210,1490,1839,2406,3374,5160,4260,3914,3893,3830,3660,3975,4493,4983,4928,5146,5331,5791,5763,6332,6489,6844,6704,7012,7702,7883,7280,7641,7873,7929,8824,10333,10202,10417,11281,11152,10142,10183,8481,8724,11434,13379,13320,13094,13509,13945,14934,12576,13063,15189
 "54073","Pleasants, WV",5,CAINC4,38,"..."," Employer contributions for government social insurance ","Thousands of dollars",754,856,854,1032,1467,1950,2525,3576,5715,9619,6953,6120,5439,5158,4908,5389,5910,6667,6050,6502,6426,6984,7042,8036,8349,8581,8210,8993,10054,10386,8867,9815,9761,9482,10936,13390,13354,12165,11105,9856,9042,8701,8994,8997,9557,11117,10919,10595,11064,11220,12275,9746,10197,11618
 "54073","Pleasants, WV",5,CAINC4,42,"...","Plus: Adjustment for residence 6/","Thousands of dollars",-2343,-4039,-4547,-5716,-7106,-9564,-14129,-20791,-30961,-52469,-39466,-35318,-29591,-26519,-23166,-24111,-26357,-27589,-22845,-19389,-16167,-16419,-13936,-17974,-19470,-20009,-13471,-17382,-23491,-22156,-12974,-14357,-15124,-12341,-16343,-33652,-31154,-26183,-29916,-21370,-11154,-11389,-12911,-9129,-9861,-26172,-23089,-20146,-12271,-2677,-22627,9455,9984,-6907
 "54073","Pleasants, WV",5,CAINC4,45,"...","Equals: Net earnings by place of residence ","Thousands of dollars",15836,16743,16497,17331,19071,21513,24417,29684,40308,52848,44540,40903,40081,40705,41483,46152,50398,54239,56896,59259,62458,68404,68045,74110,73956,76401,78539,79691,83237,87018,88603,94300,99041,105284,109935,114129,113901,123554,130812,136673,130420,130327,138769,147316,151763,159310,160440,154644,161897,179107,177802,163673,169302,179097
 "54073","Pleasants, WV",5,CAINC4,46,"...","Plus: Dividends, interest, and rent 7/","Thousands of dollars",2100,2458,2733,3074,3517,4138,4531,4999,5742,6531,7332,8918,10779,12653,14059,15492,16143,16205,16429,18498,19005,19050,18180,18282,17911,18206,18942,19761,21266,22541,21260,22508,23486,19575,19490,19778,19836,19903,22940,28868,30485,29340,32693,37771,36130,40908,42243,40141,41392,44131,47660,51459,51715,60991
 "54073","Pleasants, WV",5,CAINC4,47,"...","Plus: Personal current transfer receipts ","Thousands of dollars",2046,2471,2979,3304,3690,4256,5412,5862,6399,7026,8535,10180,11855,12836,14329,15205,15821,17140,17488,19245,20805,22458,26842,31734,35314,35582,36859,38011,38951,41020,42061,43698,47677,51378,53526,55456,56869,58550,62468,69210,76744,80519,83121,84526,87270,92628,96829,100735,106338,107731,105857,131457,147447,133207
 "54073","Pleasants, WV",5,CAINC4,50,"...","Wages and salaries ","Thousands of dollars",16032,18379,18198,20049,23423,28217,35213,46906,67233,101587,78880,71325,64807,62010,58121,62694,68337,72728,68990,69792,68229,73089,71355,79260,79813,83754,80930,85955,94881,97012,87591,91378,94731,96606,106423,128277,125359,126372,135283,130346,114598,113502,119152,121126,128785,152504,148113,142480,141603,146779,160053,125725,132295,156642
 "54073","Pleasants, WV",5,CAINC4,60,"...","Supplements to wages and salaries ","Thousands of dollars",2245,2487,2573,2910,3423,4364,5556,7266,10713,15784,13441,12493,11894,12197,12562,13935,15781,17791,16959,16563,16610,18190,18096,21428,22270,22576,21108,22332,23632,23313,22577,24175,28533,29345,31568,36376,36854,40538,40449,38780,34990,34465,36754,37237,39762,42151,42855,41335,42502,43685,48433,37336,37540,43120
 "54073","Pleasants, WV",5,CAINC4,61,"..."," Employer contributions for employee pension and insurance funds 8/","Thousands of dollars",1491,1631,1719,1878,1956,2414,3031,3690,4998,6165,6488,6373,6455,7039,7654,8546,9871,11124,10909,10061,10184,11206,11054,13392,13921,13995,12898,13339,13578,12927,13710,14360,18772,19863,20632,22986,23500,28373,29344,28924,25948,25764,27760,28240,30205,31034,31936,30740,31438,32465,36158,27590,27343,31502
 "54073","Pleasants, WV",5,CAINC4,62,"..."," Employer contributions for government social insurance ","Thousands of dollars",754,856,854,1032,1467,1950,2525,3576,5715,9619,6953,6120,5439,5158,4908,5389,5910,6667,6050,6502,6426,6984,7042,8036,8349,8581,8210,8993,10054,10386,8867,9815,9761,9482,10936,13390,13354,12165,11105,9856,9042,8701,8994,8997,9557,11117,10919,10595,11064,11220,12275,9746,10197,11618
 "54073","Pleasants, WV",5,CAINC4,70,"...","Proprietors' income 9/","Thousands of dollars",1336,1542,1929,2040,2008,1936,2141,2285,2412,2725,2898,2437,2303,2005,2534,2998,3040,2959,4770,3941,5543,6319,5335,5764,6181,5505,4886,4791,5971,7118,7556,10560,8535,9085,8047,6851,6398,5409,7382,9925,11170,12633,13249,15803,14068,15323,16800,14664,14636,16485,19152,13479,12743,13049
 "54073","Pleasants, WV",5,CAINC4,71,"..."," Farm proprietors' income ","Thousands of dollars",-29,-58,11,-8,15,-49,-61,-83,-89,-74,-53,-146,-269,-313,-261,-155,-359,-331,-268,-357,-267,-324,-374,-190,-189,-148,-245,-276,-115,-521,-595,-591,-835,-1037,-1018,-830,-803,-732,-686,-487,-341,-368,-76,-137,-178,-549,-806,-1190,-1436,-1574,-1313,-1451,-1505,-2004
 "54073","Pleasants, WV",5,CAINC4,72,"..."," Nonfarm proprietors' income ","Thousands of dollars",1365,1600,1918,2048,1993,1985,2202,2368,2501,2799,2951,2583,2572,2318,2795,3153,3399,3290,5038,4298,5810,6643,5709,5954,6370,5653,5131,5067,6086,7639,8151,11151,9370,10122,9065,7681,7201,6141,8068,10412,11511,13001,13325,15940,14246,15872,17606,15854,16072,18059,20465,14930,14248,15053
 "54073","Pleasants, WV",5,CAINC4,7010,"...","Total employment ","Number of jobs",2878,2989,2888,2999,3148,3434,3830,4387,5223,6383,5291,4560,4096,3810,3543,3566,3626,3795,3837,3805,3712,3792,3560,3739,3662,3687,3609,3710,3965,4027,3580,3529,3427,3409,3636,3999,4108,4155,4272,3962,3710,3535,3495,3442,3486,3810,3741,3581,3465,3453,3578,3049,3157,3325
 "54073","Pleasants, WV",5,CAINC4,7020,"..."," Wage and salary employment ","Number of jobs",2578,2691,2594,2703,2836,3070,3399,3974,4831,6025,4925,4181,3687,3401,3129,3103,3111,3224,3167,3200,3070,3093,2883,3108,3029,3028,2959,3049,3284,3210,2757,2693,2733,2723,2904,3286,3405,3399,3499,3216,2996,2862,2903,2865,2893,3174,3114,2999,2900,2862,3018,2467,2553,2690
 "54073","Pleasants, WV",5,CAINC4,7040,"..."," Proprietors employment ","Number of jobs",300,298,294,296,312,364,431,413,392,358,366,379,409,409,414,463,515,571,670,605,642,699,677,631,633,659,650,661,681,817,823,836,694,686,732,713,703,756,773,746,714,673,592,577,593,636,627,582,565,591,560,582,604,635
 "54075","Pocahontas, WV",5,CAINC4,10,"...","Personal income (thousands of dollars) ","Thousands of dollars",19216,20583,22391,25923,28745,30091,33688,36977,42993,54378,63913,65670,68565,76835,83473,89560,89248,92556,94270,99526,107294,110992,117155,128435,140884,144923,146329,154130,166981,178720,179998,184992,198297,201498,206233,214469,218591,224389,227169,243680,250033,256207,264356,272854,278157,294001,302115,297469,313480,318630,339774,378240,402686,396820
 "54075","Pocahontas, WV",5,CAINC4,11,"..."," Nonfarm personal income 1/","Thousands of dollars",18579,19902,21744,25074,27563,29894,33707,37204,43257,54282,63695,65911,69996,77356,83216,88567,88711,91277,94985,100430,106505,110345,117287,127741,139892,144394,146972,154740,167320,179130,180822,184590,198690,202686,207524,214754,218771,224948,227865,243349,250346,256794,263447,271997,276374,291698,300189,296806,312142,318170,338271,377175,401592,396121
 "54075","Pocahontas, WV",5,CAINC4,12,"..."," Farm income 2/","Thousands of dollars",637,681,647,849,1182,197,-19,-227,-264,96,218,-241,-1431,-521,257,993,537,1279,-715,-904,789,647,-132,694,992,529,-643,-610,-339,-410,-824,402,-393,-1188,-1291,-285,-180,-559,-696,331,-313,-587,909,857,1783,2303,1926,663,1338,460,1503,1065,1094,699
 "54075","Pocahontas, WV",5,CAINC4,20,"...","Population (persons) 3/","Number of persons",8833,8864,8893,8786,8692,8601,8911,9008,9202,9582,9881,9901,9826,9618,9815,9906,9736,9491,9263,9172,9141,8970,8920,9029,8988,9118,9145,9141,9162,9211,9176,9099,8955,9004,9034,9090,8983,8938,8851,8807,8746,8725,8780,8624,8567,8505,8391,8314,8243,8138,7964,7864,7890,7819
 "54075","Pocahontas, WV",5,CAINC4,30,"...","Per capita personal income (dollars) 4/","Dollars",2175,2322,2518,2950,3307,3499,3780,4105,4672,5675,6468,6633,6978,7989,8505,9041,9167,9752,10177,10851,11738,12374,13134,14225,15675,15894,16001,16861,18225,19403,19616,20331,22144,22379,22829,23594,24334,25105,25666,27669,28588,29365,30109,31639,32468,34568,36005,35779,38030,39153,42664,48098,51038,50751
 "54075","Pocahontas, WV",5,CAINC4,35,"...","Earnings by place of work ","Thousands of dollars",14073,14194,15385,18244,20058,19991,21694,23821,27773,36677,38324,39471,40522,45233,48225,53725,51886,57095,61140,64894,70700,73565,74434,80084,89771,91827,88690,94338,104418,114818,116903,121332,126616,129389,134912,139911,142088,144338,136894,135504,129337,134093,136538,139731,143296,144130,150090,147471,154524,159267,167654,168533,184852,191906
 "54075","Pocahontas, WV",5,CAINC4,36,"...","Less: Contributions for government social insurance 5/","Thousands of dollars",1012,971,1113,1391,1761,1923,2134,2429,2798,3936,4220,4568,5161,5790,6223,7009,6701,7608,8778,9726,10299,10784,11327,12019,14153,14311,13855,14576,15954,17679,18035,19752,18855,18676,20393,20325,20758,20326,18679,17786,17544,18052,16331,16528,18685,19307,20173,20616,21450,22002,22520,23333,25083,26853
 "54075","Pocahontas, WV",5,CAINC4,37,"..."," Employee and self-employed contributions for government social insurance ","Thousands of dollars",469,472,529,649,799,892,977,1068,1193,1570,1725,1844,2096,2387,2504,2753,2811,3197,3647,3964,4414,4516,4756,5017,5601,5873,5983,6252,6793,7306,7470,7474,7872,7916,8484,8814,9004,9447,9513,9491,9277,9597,8020,8108,10075,10429,10864,11155,11808,12393,12696,13333,14464,15675
 "54075","Pocahontas, WV",5,CAINC4,38,"..."," Employer contributions for government social insurance ","Thousands of dollars",543,499,584,742,962,1031,1157,1361,1605,2366,2495,2724,3065,3403,3719,4256,3890,4411,5131,5762,5885,6268,6571,7002,8552,8438,7872,8324,9161,10373,10565,12278,10983,10760,11909,11511,11754,10879,9166,8295,8267,8455,8311,8420,8610,8878,9309,9461,9642,9609,9824,10000,10619,11178
 "54075","Pocahontas, WV",5,CAINC4,42,"...","Plus: Adjustment for residence 6/","Thousands of dollars",582,662,757,778,932,1143,1339,1601,2566,4323,9209,5859,3511,4836,5566,3749,2846,582,-530,-1220,-1997,-2513,-2705,-2621,-3222,-2949,-2258,-2488,-3070,-4277,-3935,-3606,-3850,-4201,-5102,-5627,-5922,-6324,-6387,-6450,-4977,-4487,-3698,-3539,-4030,-4588,-5266,-4284,-4930,-5606,-5841,-4655,-6615,-8184
 "54075","Pocahontas, WV",5,CAINC4,45,"...","Equals: Net earnings by place of residence ","Thousands of dollars",13643,13885,15029,17631,19229,19211,20899,22993,27541,37064,43313,40762,38872,44279,47568,50465,48031,50069,51832,53948,58404,60268,60402,65444,72396,74567,72577,77274,85394,92862,94933,97974,103911,106512,109417,113959,115408,117688,111828,111268,106816,111554,116509,119664,120581,120235,124651,122571,128144,131659,139293,140545,153154,156869
 "54075","Pocahontas, WV",5,CAINC4,46,"...","Plus: Dividends, interest, and rent 7/","Thousands of dollars",2277,2648,2982,3470,4017,4417,5198,5650,6438,7710,9104,11546,14049,15964,16807,18538,19318,19478,19357,20240,21371,21392,21469,22396,24001,24814,26369,28025,31303,33327,32662,33327,35136,31303,29494,32132,29487,29761,35215,45894,47083,45054,47044,50345,50610,54971,54957,49717,54622,54290,64931,72917,64006,67730
 "54075","Pocahontas, WV",5,CAINC4,47,"...","Plus: Personal current transfer receipts ","Thousands of dollars",3296,4050,4380,4822,5499,6463,7591,8334,9014,9604,11496,13362,15644,16592,19098,20557,21899,23009,23081,25338,27519,29332,35284,40595,44487,45542,47383,48831,50284,52531,52403,53691,59250,63683,67322,68378,73696,76940,80126,86518,96134,99599,100803,102845,106966,118795,122507,125181,130714,132681,135550,164778,185526,172221
 "54075","Pocahontas, WV",5,CAINC4,50,"...","Wages and salaries ","Thousands of dollars",10161,10127,11013,12886,14157,14469,16198,18052,21264,28290,28942,30206,32018,35348,36376,39367,37285,40380,45137,48198,49231,51043,52119,54663,60710,62401,61128,64562,70739,78645,80254,82062,81895,83780,88902,92211,92338,92911,93102,94332,89838,91756,90413,91500,94215,97349,101146,101815,105712,110042,113790,113599,124039,133732
 "54075","Pocahontas, WV",5,CAINC4,60,"...","Supplements to wages and salaries ","Thousands of dollars",1191,1222,1438,1729,1982,2088,2334,2670,3280,4415,4697,5065,5658,6346,7174,8298,8420,9460,10456,11603,12291,13047,13614,15093,17483,17791,16531,17557,19048,20991,21615,23626,23796,24309,27139,27722,28247,28409,27189,26697,25593,25643,26129,27658,28207,27599,29666,28244,30338,31396,33932,33773,34806,34759
 "54075","Pocahontas, WV",5,CAINC4,61,"..."," Employer contributions for employee pension and insurance funds 8/","Thousands of dollars",648,723,854,987,1020,1057,1177,1309,1675,2049,2202,2341,2593,2943,3455,4042,4530,5049,5325,5841,6406,6779,7043,8091,8931,9353,8659,9233,9887,10618,11050,11348,12813,13549,15230,16211,16493,17530,18023,18402,17326,17188,17818,19238,19597,18721,20357,18783,20696,21787,24108,23773,24187,23581
 "54075","Pocahontas, WV",5,CAINC4,62,"..."," Employer contributions for government social insurance ","Thousands of dollars",543,499,584,742,962,1031,1157,1361,1605,2366,2495,2724,3065,3403,3719,4256,3890,4411,5131,5762,5885,6268,6571,7002,8552,8438,7872,8324,9161,10373,10565,12278,10983,10760,11909,11511,11754,10879,9166,8295,8267,8455,8311,8420,8610,8878,9309,9461,9642,9609,9824,10000,10619,11178
 "54075","Pocahontas, WV",5,CAINC4,70,"...","Proprietors' income 9/","Thousands of dollars",2721,2845,2934,3629,3919,3434,3162,3099,3229,3972,4685,4200,2846,3539,4675,6060,6181,7255,5547,5093,9178,9475,8701,10328,11578,11635,11031,12219,14631,15182,15034,15644,20925,21300,18871,19978,21503,23018,16603,14475,13906,16694,19996,20573,20874,19182,19278,17412,18474,17829,19932,21161,26007,23415
 "54075","Pocahontas, WV",5,CAINC4,71,"..."," Farm proprietors' income ","Thousands of dollars",507,543,507,726,1014,40,-127,-392,-411,-139,-29,-488,-1664,-774,15,748,294,1046,-948,-1134,566,420,-319,539,831,375,-810,-771,-508,-635,-1095,123,-768,-1677,-1833,-818,-609,-1041,-1256,-139,-718,-921,645,492,1408,1912,1602,299,1007,147,1244,787,828,317
 "54075","Pocahontas, WV",5,CAINC4,72,"..."," Nonfarm proprietors' income ","Thousands of dollars",2214,2302,2427,2903,2905,3394,3289,3491,3640,4111,4714,4688,4510,4313,4660,5312,5887,6209,6495,6227,8612,9055,9020,9789,10747,11260,11841,12990,15139,15817,16129,15521,21693,22977,20704,20796,22112,24059,17859,14614,14624,17615,19351,20081,19466,17270,17676,17113,17467,17682,18688,20374,25179,23098
 "54075","Pocahontas, WV",5,CAINC4,7010,"...","Total employment ","Number of jobs",3531,3394,3396,3526,3627,3575,3533,3513,3582,3988,3988,3898,3878,3968,4157,4200,3968,4115,4362,4551,4622,4655,4459,4640,4757,4883,4734,4916,5133,5292,5188,5196,5178,5103,5164,5148,5097,4992,4949,4872,4765,4739,4651,4626,4631,4603,4566,4594,4655,4733,4714,4482,4691,4838
 "54075","Pocahontas, WV",5,CAINC4,7020,"..."," Wage and salary employment ","Number of jobs",2393,2244,2287,2408,2490,2434,2492,2503,2597,3010,2994,2862,2786,2887,2979,3053,2842,3007,3277,3464,3515,3455,3283,3390,3570,3674,3464,3610,3815,3914,3879,3877,3879,3843,3912,3863,3779,3669,3561,3493,3371,3360,3266,3254,3253,3224,3221,3251,3293,3381,3403,3126,3308,3395
 "54075","Pocahontas, WV",5,CAINC4,7040,"..."," Proprietors employment ","Number of jobs",1138,1150,1109,1118,1137,1141,1041,1010,985,978,994,1036,1092,1081,1178,1147,1126,1108,1085,1087,1107,1200,1176,1250,1187,1209,1270,1306,1318,1378,1309,1319,1299,1260,1252,1285,1318,1323,1388,1379,1394,1379,1385,1372,1378,1379,1345,1343,1362,1352,1311,1356,1383,1443
 "54077","Preston, WV",5,CAINC4,10,"...","Personal income (thousands of dollars) ","Thousands of dollars",57050,65371,73524,83636,88777,102242,116216,122317,141830,160356,173351,181724,206301,228155,242244,272775,284025,289843,306034,343806,346510,367642,386285,406923,424083,435710,439582,451171,461565,485315,504466,543165,606442,656991,640589,762736,845707,831810,872569,886055,895847,997072,1053362,1076846,1090465,1110458,1158603,1147733,1190611,1237303,1267333,1353118,1461238,1449148
 "54077","Preston, WV",5,CAINC4,11,"..."," Nonfarm personal income 1/","Thousands of dollars",55824,64504,72642,82861,87922,102122,116167,122301,141977,159635,173479,182329,208316,229240,242154,270909,281932,287235,305630,343922,345401,366802,386945,405782,422601,434079,439917,449138,461650,485744,505941,542717,606583,659484,645367,765413,848750,835160,876685,888828,899802,1001900,1055779,1079971,1091567,1111637,1159803,1149757,1191883,1239606,1267470,1353778,1462813,1452254
 "54077","Preston, WV",5,CAINC4,12,"..."," Farm income 2/","Thousands of dollars",1226,867,882,775,855,120,49,16,-147,721,-128,-605,-2015,-1085,90,1866,2093,2608,404,-116,1109,840,-660,1141,1482,1631,-335,2033,-85,-429,-1475,448,-141,-2493,-4778,-2677,-3043,-3350,-4116,-2773,-3955,-4828,-2417,-3125,-1102,-1179,-1200,-2024,-1272,-2303,-137,-660,-1575,-3106
 "54077","Preston, WV",5,CAINC4,20,"...","Population (persons) 3/","Number of persons",25081,25511,25926,26645,26872,26919,27468,28204,28440,29289,29916,30503,30649,30781,30687,30621,30375,30143,29864,29375,29105,29051,29171,29302,29527,29756,29740,29613,29562,29548,29453,29336,29534,30120,30483,30961,31513,32238,32743,33067,33333,33565,33758,34083,33949,34264,34271,34298,34424,34195,34210,34187,34270,34172
 "54077","Preston, WV",5,CAINC4,30,"...","Per capita personal income (dollars) 4/","Dollars",2275,2562,2836,3139,3304,3798,4231,4337,4987,5475,5795,5958,6731,7412,7894,8908,9351,9616,10248,11704,11906,12655,13242,13887,14363,14643,14781,15236,15613,16425,17128,18515,20534,21812,21015,24635,26837,25802,26649,26796,26876,29706,31203,31595,32121,32409,33807,33464,34587,36184,37046,39580,42639,42407
 "54077","Preston, WV",5,CAINC4,35,"...","Earnings by place of work ","Thousands of dollars",34555,39699,44062,49901,53568,65263,75172,76500,94076,108438,113343,112513,126790,134068,137249,159462,164733,158979,169862,200679,186802,184612,195128,190559,202106,203693,202400,203287,208087,220893,231691,249923,283269,315431,282499,389763,459132,419939,402736,372032,349179,378752,407938,445814,436065,461571,459439,454272,471078,482490,505512,524012,544486,557399
 "54077","Preston, WV",5,CAINC4,36,"...","Less: Contributions for government social insurance 5/","Thousands of dollars",2591,2909,3454,4150,5043,6254,7163,7455,8644,9852,11078,11761,14125,15461,15699,18383,19417,20444,22120,24580,24795,25004,26696,26801,29911,30033,31155,30983,31511,33578,35247,38788,40769,40757,40364,46537,52391,51099,49736,46940,46518,48364,46554,50089,54926,59427,59656,60962,63303,65009,66639,70778,73479,77172
 "54077","Preston, WV",5,CAINC4,37,"..."," Employee and self-employed contributions for government social insurance ","Thousands of dollars",1219,1392,1595,1886,2263,2823,3249,3330,3862,4384,4943,5168,6267,6884,6921,7944,8724,8918,9870,11743,11647,11553,12711,12292,13097,13573,14025,13847,14199,14767,15472,16025,18646,19652,18883,24915,28625,27842,28925,26823,26807,28008,24409,26095,31409,33626,33867,34690,36644,38348,39256,41915,43536,46824
 "54077","Preston, WV",5,CAINC4,38,"..."," Employer contributions for government social insurance ","Thousands of dollars",1372,1517,1859,2264,2780,3431,3914,4125,4782,5468,6135,6593,7858,8577,8778,10439,10693,11526,12250,12837,13148,13451,13985,14509,16814,16460,17130,17136,17312,18811,19775,22763,22123,21105,21481,21622,23766,23257,20811,20117,19711,20356,22145,23994,23517,25801,25789,26272,26659,26661,27383,28863,29943,30348
 "54077","Preston, WV",5,CAINC4,42,"...","Plus: Adjustment for residence 6/","Thousands of dollars",11948,12839,14125,15978,13969,12994,12682,13368,12704,12195,13680,13727,14322,21908,23363,28065,30140,34124,40513,44856,53203,66205,66523,78000,77314,88576,86425,87657,84242,89721,98097,111833,125477,133472,147030,162048,169279,179439,206909,210940,232902,258615,266181,259049,267798,257413,274670,259181,280596,290623,287359,268047,282241,304313
 "54077","Preston, WV",5,CAINC4,45,"...","Equals: Net earnings by place of residence ","Thousands of dollars",43912,49629,54733,61729,62494,72003,80691,82413,98136,110781,115945,114479,126987,140515,144913,169144,175456,172659,188255,220955,215210,225813,234955,241758,249509,262236,257670,259961,260818,277036,294541,322968,367977,408146,389165,505274,576020,548279,559909,536032,535563,589003,627565,654774,648937,659557,674453,652491,688371,708104,726232,721281,753248,784540
 "54077","Preston, WV",5,CAINC4,46,"...","Plus: Dividends, interest, and rent 7/","Thousands of dollars",5122,5976,6750,7718,9050,10618,12412,14125,16647,19098,21774,26430,32551,38721,42387,47279,49463,53160,52755,54158,57778,61502,61910,62014,66537,66569,71089,72868,79557,83482,80594,87108,93019,87650,86180,91643,94764,92894,107253,125763,118589,146858,160015,155052,163663,158547,176363,176884,174009,190743,188370,189612,214130,228258
 "54077","Preston, WV",5,CAINC4,47,"...","Plus: Personal current transfer receipts ","Thousands of dollars",8016,9766,12041,14189,17233,19621,23113,25779,27047,30477,35632,40815,46763,48919,54944,56352,59106,64024,65024,68693,73522,80327,89420,103151,108037,106905,110823,118342,121190,124797,129331,133089,145446,161195,165244,165819,174923,190637,205407,224260,241695,261211,265782,267020,277865,292354,307787,318358,328231,338456,352731,442225,493860,436350
 "54077","Preston, WV",5,CAINC4,50,"...","Wages and salaries ","Thousands of dollars",25230,27923,32053,36536,38716,45101,53207,55612,64038,70154,76398,80907,90268,94532,92820,104659,107454,112426,120083,119626,121033,121976,121655,122369,130720,131278,134172,133768,135131,142090,148988,159473,170032,179856,177379,187467,211292,229715,238446,256762,240652,248498,266330,291198,286243,309795,308342,307994,319661,327452,339306,345377,364719,383401
 "54077","Preston, WV",5,CAINC4,60,"...","Supplements to wages and salaries ","Thousands of dollars",3642,4053,4729,5525,6026,7438,8573,9103,10942,12472,13869,15343,18236,19891,21483,24061,25051,28072,31325,29183,30753,31670,32730,35535,39425,39241,39204,39313,39904,42114,44647,49757,50589,52607,54729,58090,66601,73773,73732,76616,72307,72980,78249,85761,85975,91223,95390,92946,98173,101265,108277,111000,115206,115286
 "54077","Preston, WV",5,CAINC4,61,"..."," Employer contributions for employee pension and insurance funds 8/","Thousands of dollars",2270,2536,2870,3261,3246,4007,4659,4978,6160,7004,7734,8750,10378,11314,12705,13622,14358,16546,19075,16346,17605,18219,18745,21026,22611,22781,22074,22177,22592,23303,24872,26994,28466,31502,33248,36468,42835,50516,52921,56499,52596,52624,56104,61767,62458,65422,69601,66674,71514,74604,80894,82137,85263,84938
 "54077","Preston, WV",5,CAINC4,62,"..."," Employer contributions for government social insurance ","Thousands of dollars",1372,1517,1859,2264,2780,3431,3914,4125,4782,5468,6135,6593,7858,8577,8778,10439,10693,11526,12250,12837,13148,13451,13985,14509,16814,16460,17130,17136,17312,18811,19775,22763,22123,21105,21481,21622,23766,23257,20811,20117,19711,20356,22145,23994,23517,25801,25789,26272,26659,26661,27383,28863,29943,30348
 "54077","Preston, WV",5,CAINC4,70,"...","Proprietors' income 9/","Thousands of dollars",5683,7723,7280,7840,8826,12724,13392,11785,19096,25812,23076,16263,18286,19645,22946,30742,32228,18481,18454,51870,35016,30966,40743,32655,31961,33174,29024,30206,33052,36689,38056,40693,62648,82968,50391,144206,181239,116451,90558,38654,36220,57274,63359,68855,63847,60553,55707,53332,53244,53773,57929,67635,64561,58712
 "54077","Preston, WV",5,CAINC4,71,"..."," Farm proprietors' income ","Thousands of dollars",679,338,390,381,363,-287,-284,-504,-644,-104,-947,-1376,-2693,-1773,-613,1113,1292,1806,-438,-940,334,56,-1304,609,874,999,-1060,1279,-921,-1306,-2329,-298,-993,-3455,-5838,-3716,-3877,-4271,-5190,-3739,-4855,-5656,-3124,-4223,-2218,-2359,-2172,-3110,-2252,-3226,-893,-1469,-2343,-4198
 "54077","Preston, WV",5,CAINC4,72,"..."," Nonfarm proprietors' income ","Thousands of dollars",5004,7385,6890,7459,8463,13011,13676,12289,19740,25916,24023,17639,20979,21418,23559,29629,30936,16675,18892,52810,34682,30910,42047,32046,31087,32175,30084,28927,33973,37995,40385,40991,63641,86423,56229,147922,185116,120722,95748,42393,41075,62930,66483,73078,66065,62912,57879,56442,55496,56999,58822,69104,66904,62910
 "54077","Preston, WV",5,CAINC4,7010,"...","Total employment ","Number of jobs",7575,7526,7743,8132,7984,8184,8489,8439,8558,8740,8871,8854,8888,8872,8938,9243,9264,9357,9653,9674,9727,9810,9618,9697,9889,9981,10072,10057,10310,10408,10433,10729,10600,10644,10509,10819,11264,11558,11739,11718,11181,11047,11199,11483,11361,11842,11907,11803,11982,11928,11669,11640,11755,11994
 "54077","Preston, WV",5,CAINC4,7020,"..."," Wage and salary employment ","Number of jobs",5418,5396,5661,6016,5897,6103,6442,6364,6498,6683,6810,6715,6733,6625,6532,6803,6771,6790,6969,6945,6951,6969,6754,6803,6940,6973,6928,6852,6887,7009,7072,7336,7328,7458,7246,7470,7723,7908,7955,7982,7466,7409,7524,7809,7665,8025,8104,7984,8079,8009,8026,7782,7901,7968
 "54077","Preston, WV",5,CAINC4,7040,"..."," Proprietors employment ","Number of jobs",2157,2130,2082,2116,2087,2081,2047,2075,2060,2057,2061,2139,2155,2247,2406,2440,2493,2567,2684,2729,2776,2841,2864,2894,2949,3008,3144,3205,3423,3399,3361,3393,3272,3186,3263,3349,3541,3650,3784,3736,3715,3638,3675,3674,3696,3817,3803,3819,3903,3919,3643,3858,3854,4026
 "54079","Putnam, WV",5,CAINC4,10,"...","Personal income (thousands of dollars) ","Thousands of dollars",76068,85459,97500,110607,128283,148661,168979,195139,227670,247085,283993,323828,358880,387209,409631,454130,487842,509029,527497,557550,607352,663369,713362,814615,872521,924853,978692,1054391,1122862,1185250,1230834,1300213,1401531,1455927,1487168,1545726,1619573,1747479,1839915,1986654,2049117,2095360,2253287,2308544,2286713,2348217,2435741,2472248,2524541,2652881,2751844,2870378,3095339,3182983
 "54079","Putnam, WV",5,CAINC4,11,"..."," Nonfarm personal income 1/","Thousands of dollars",75255,84767,96975,109869,127451,148035,168506,194754,227678,247188,283877,323818,359654,388571,410646,453921,488107,509429,528495,558396,608095,663158,713111,813681,871708,923956,978458,1055062,1124051,1187146,1233941,1302887,1404896,1461278,1487911,1545130,1618835,1746280,1838615,1982855,2044803,2091551,2249421,2305442,2283673,2345099,2432617,2469691,2521996,2649948,2747986,2866201,3091670,3178990
 "54079","Putnam, WV",5,CAINC4,12,"..."," Farm income 2/","Thousands of dollars",813,692,525,738,832,626,473,385,-8,-103,116,10,-774,-1362,-1015,209,-265,-400,-998,-846,-743,211,251,934,813,897,234,-671,-1189,-1896,-3107,-2674,-3365,-5351,-743,596,738,1199,1300,3799,4314,3809,3866,3102,3040,3118,3124,2557,2545,2933,3858,4177,3669,3993
 "54079","Putnam, WV",5,CAINC4,20,"...","Population (persons) 3/","Number of persons",28360,27644,28033,29587,30147,30920,31779,33021,34319,35117,36511,38252,38499,38938,39252,40028,40394,40761,41357,41661,42313,43005,44157,45183,46425,47611,48397,49070,49900,50670,51245,51684,51483,51930,52581,53122,53614,54207,54669,55051,55178,55644,56151,56663,56806,57039,57107,57274,57407,57511,57404,57432,57355,57015
 "54079","Putnam, WV",5,CAINC4,30,"...","Per capita personal income (dollars) 4/","Dollars",2682,3091,3478,3738,4255,4808,5317,5910,6634,7036,7778,8466,9322,9944,10436,11345,12077,12488,12755,13383,14354,15425,16155,18029,18794,19425,20222,21487,22502,23392,24019,25157,27223,28036,28283,29098,30208,32237,33656,36088,37136,37657,40129,40742,40255,41169,42652,43165,43976,46128,47938,49979,53968,55827
 "54079","Putnam, WV",5,CAINC4,35,"...","Earnings by place of work ","Thousands of dollars",50815,67545,76557,81384,89246,88811,89908,106081,127795,119172,131357,145122,168391,182370,196432,223155,237148,242489,251326,269902,297090,328329,362990,419362,455719,508372,539696,568910,604399,673217,713159,760744,824089,851466,897178,973426,990509,1091687,1174012,1287226,1226861,1236514,1311145,1360509,1380393,1394614,1455389,1483527,1502736,1687395,1686248,1616171,1682409,1889153
 "54079","Putnam, WV",5,CAINC4,36,"...","Less: Contributions for government social insurance 5/","Thousands of dollars",4020,5559,6608,7345,9175,9046,9005,11005,13296,12695,14387,16047,19920,22275,24376,27942,29735,31441,33110,36854,40690,46254,52047,58939,66745,75035,80545,85203,89824,100805,106542,118833,122467,120312,129136,137745,139576,145950,149928,156600,150281,152693,138785,149081,169170,175601,183629,192266,194519,212830,211451,208025,218693,245163
 "54079","Putnam, WV",5,CAINC4,37,"..."," Employee and self-employed contributions for government social insurance ","Thousands of dollars",1739,2297,2704,2971,3733,3867,3913,4604,5431,5168,5964,6735,8513,9521,10180,11423,12657,13577,14405,15627,17665,19649,22184,25355,27673,31344,33795,35442,37508,41084,43478,45333,49227,50601,54025,58668,59908,66981,73765,80587,78780,79201,66528,68401,87770,91174,95279,99343,102771,113710,113719,113082,117407,133419
 "54079","Putnam, WV",5,CAINC4,38,"..."," Employer contributions for government social insurance ","Thousands of dollars",2281,3262,3904,4374,5442,5179,5092,6401,7865,7527,8423,9312,11407,12754,14196,16519,17078,17864,18705,21227,23025,26605,29863,33584,39072,43691,46750,49761,52316,59721,63064,73500,73240,69711,75111,79077,79668,78969,76163,76013,71501,73492,72257,80680,81400,84427,88350,92923,91748,99120,97732,94943,101286,111744
 "54079","Putnam, WV",5,CAINC4,42,"...","Plus: Adjustment for residence 6/","Thousands of dollars",15121,6799,8380,14883,22233,37659,49030,57718,66185,87600,105196,113032,114703,120638,122007,131084,144919,152814,157419,164300,177185,193494,197296,226020,237346,237409,250303,275726,298491,281939,286359,299535,293936,291283,282349,285315,317861,312370,277877,248648,320555,347130,359115,352376,336449,352471,352630,342781,361221,295948,332888,377316,426094,377789
 "54079","Putnam, WV",5,CAINC4,45,"...","Equals: Net earnings by place of residence ","Thousands of dollars",61916,68785,78329,88922,102304,117424,129933,152794,180684,194077,222166,242107,263174,280733,294063,326297,352332,363862,375635,397348,433585,475569,508239,586443,626320,670746,709454,759433,813066,854351,892976,941446,995558,1022437,1050391,1120996,1168794,1258107,1301961,1379274,1397135,1430951,1531475,1563804,1547672,1571484,1624390,1634042,1669438,1770513,1807685,1785462,1889810,2021779
 "54079","Putnam, WV",5,CAINC4,46,"...","Plus: Dividends, interest, and rent 7/","Thousands of dollars",7471,8650,9731,10823,13054,15750,18734,20968,24065,27434,32026,40033,48996,55542,59735,67694,71492,75496,77414,81174,90125,98140,102488,107607,115262,123996,130175,141725,149700,160070,159185,169178,185910,188568,189370,181738,195609,211495,241244,268743,274715,265384,314727,327598,310816,326771,337720,352163,350372,358854,387806,390998,438105,489633
 "54079","Putnam, WV",5,CAINC4,47,"...","Plus: Personal current transfer receipts ","Thousands of dollars",6681,8024,9440,10862,12925,15487,20312,21377,22921,25574,29801,41688,46710,50934,55833,60139,64018,69671,74448,79028,83642,89660,102635,120565,130939,130111,139063,153233,160096,170829,178673,189589,220063,244922,247407,242992,255170,277877,296710,338637,377267,399025,407085,417142,428225,449962,473631,486043,504731,523514,556353,693918,767424,671571
 "54079","Putnam, WV",5,CAINC4,50,"...","Wages and salaries ","Thousands of dollars",41051,55898,63528,66364,72000,70693,70949,84092,102300,93716,103224,115012,135229,147383,156040,173544,182777,184625,189197,203438,219736,242124,266420,292218,328094,369063,395150,417429,445082,495553,521842,556526,589320,607861,638581,698303,708186,774388,856860,954617,911284,908759,966747,997401,1011383,1033670,1076712,1113502,1114389,1262229,1245007,1187247,1236341,1426242
 "54079","Putnam, WV",5,CAINC4,60,"...","Supplements to wages and salaries ","Thousands of dollars",4898,6487,7520,8518,9872,10138,10062,12048,15531,14238,16343,18399,21948,24775,28636,32958,36259,38546,40054,43498,48856,55719,63154,72830,83513,93107,96404,101851,106534,120376,128468,143901,156439,160095,171406,182269,185665,208069,216865,231230,215712,212826,217772,238811,246547,239430,255435,251757,262183,283404,286891,270062,276814,294772
 "54079","Putnam, WV",5,CAINC4,61,"..."," Employer contributions for employee pension and insurance funds 8/","Thousands of dollars",2617,3225,3616,4144,4430,4959,4970,5647,7666,6711,7920,9087,10541,12021,14440,16439,19181,20682,21349,22271,25831,29114,33291,39246,44441,49416,49654,52090,54218,60655,65404,70401,83199,90384,96295,103192,105997,129100,140702,155217,144211,139334,145515,158131,165147,155003,167085,158834,170435,184284,189159,175119,175528,183028
 "54079","Putnam, WV",5,CAINC4,62,"..."," Employer contributions for government social insurance ","Thousands of dollars",2281,3262,3904,4374,5442,5179,5092,6401,7865,7527,8423,9312,11407,12754,14196,16519,17078,17864,18705,21227,23025,26605,29863,33584,39072,43691,46750,49761,52316,59721,63064,73500,73240,69711,75111,79077,79668,78969,76163,76013,71501,73492,72257,80680,81400,84427,88350,92923,91748,99120,97732,94943,101286,111744
 "54079","Putnam, WV",5,CAINC4,70,"...","Proprietors' income 9/","Thousands of dollars",4866,5160,5509,6502,7374,7980,8897,9941,9964,11218,11790,11711,11214,10212,11756,16653,18112,19318,22075,22966,28498,30486,33416,54314,44112,46202,48142,49630,52783,57288,62849,60317,78330,83510,87191,92854,96658,109230,100287,101379,99865,114929,126626,124297,122463,121514,123242,118268,126164,141762,154350,158862,169254,168139
 "54079","Putnam, WV",5,CAINC4,71,"..."," Farm proprietors' income ","Thousands of dollars",721,605,444,672,754,564,430,324,-62,-182,-12,-164,-980,-1632,-1272,-42,-521,-638,-1228,-1137,-1092,-231,-201,472,327,434,-263,-1151,-1688,-2607,-3989,-3609,-4630,-7031,-2480,-992,-444,-19,-44,2376,2804,2204,2346,535,445,351,846,-7,223,749,2111,2290,1874,1449
 "54079","Putnam, WV",5,CAINC4,72,"..."," Nonfarm proprietors' income ","Thousands of dollars",4145,4555,5065,5830,6620,7416,8467,9617,10026,11400,11802,11875,12194,11844,13028,16695,18633,19956,23303,24103,29590,30717,33617,53842,43785,45768,48405,50781,54471,59895,66838,63926,82960,90541,89671,93846,97102,109249,100331,99003,97061,112725,124280,123762,122018,121163,122396,118275,125941,141013,152239,156572,167380,166690
 "54079","Putnam, WV",5,CAINC4,7010,"...","Total employment ","Number of jobs",7206,8536,8920,8754,9301,9220,8973,9193,10314,9353,9524,10029,10451,11069,11646,12214,12378,12510,12885,13353,13987,15121,15819,16426,17528,18921,19726,20538,21395,22182,22514,22745,23209,23080,23530,24214,24293,25070,26289,27665,25982,25945,25686,26708,27086,27253,27704,28237,27749,28638,27864,26894,27886,29527
 "54079","Putnam, WV",5,CAINC4,7020,"..."," Wage and salary employment ","Number of jobs",6132,7411,7615,7369,7743,7574,7213,7342,8421,7409,7553,7952,8318,8789,9250,9724,9758,9750,9949,10289,10838,11798,12404,12969,14065,15297,15953,16592,17143,18245,18564,18712,18975,18780,19116,19699,19569,20147,21060,22488,20852,20711,20451,21626,21884,21967,22485,22689,22174,22958,22406,21391,21898,23129
 "54079","Putnam, WV",5,CAINC4,7040,"..."," Proprietors employment ","Number of jobs",1074,1125,1305,1385,1558,1646,1760,1851,1893,1944,1971,2077,2133,2280,2396,2490,2620,2760,2936,3064,3149,3323,3415,3457,3463,3624,3773,3946,4252,3937,3950,4033,4234,4300,4414,4515,4724,4923,5229,5177,5130,5234,5235,5082,5202,5286,5219,5548,5575,5680,5458,5503,5988,6398
 "54081","Raleigh, WV",5,CAINC4,10,"...","Personal income (thousands of dollars) ","Thousands of dollars",177090,207887,236228,278418,310559,344593,414591,483287,527673,597290,647266,705323,766770,823212,833250,897268,932234,947508,969106,995707,1035987,1094316,1163310,1230613,1270677,1344001,1426801,1498832,1560593,1650528,1681557,1749892,1880584,1949746,1950038,1996743,2119843,2247505,2196988,2365834,2456119,2590207,2877870,2859502,2779167,2838636,2854174,2736495,2908381,3051745,3167419,3252387,3510392,3519115
 "54081","Raleigh, WV",5,CAINC4,11,"..."," Nonfarm personal income 1/","Thousands of dollars",176979,207862,236140,278253,310207,344368,414302,483173,527546,597180,646818,704901,766952,823763,833653,897500,932492,947593,969124,995858,1035819,1094262,1163547,1230693,1270791,1344314,1427295,1499527,1561069,1651205,1682405,1750559,1881089,1950324,1950995,1997503,2120947,2248910,2198652,2366655,2456849,2590860,2878301,2859615,2779361,2839149,2854658,2737337,2908924,3052659,3168014,3253078,3511211,3520470
 "54081","Raleigh, WV",5,CAINC4,12,"..."," Farm income 2/","Thousands of dollars",111,25,88,165,352,225,289,114,127,110,448,422,-182,-551,-403,-232,-258,-85,-18,-151,168,54,-237,-80,-114,-313,-494,-695,-476,-677,-848,-667,-505,-578,-957,-760,-1104,-1405,-1664,-821,-730,-653,-431,-113,-194,-513,-484,-842,-543,-914,-595,-691,-819,-1355
 "54081","Raleigh, WV",5,CAINC4,20,"...","Population (persons) 3/","Number of persons",70283,70453,72558,74474,76306,76706,78794,82711,85225,86302,86792,86849,86881,87159,86962,86032,85416,84440,82033,79734,77283,76818,77109,77301,78039,78318,78799,79434,79727,79932,79614,79018,78251,78737,78465,78428,78341,78178,78323,78379,78782,78959,79557,79628,79336,78876,78201,77243,76163,75448,74986,74386,73801,72882
 "54081","Raleigh, WV",5,CAINC4,30,"...","Per capita personal income (dollars) 4/","Dollars",2520,2951,3256,3738,4070,4492,5262,5843,6192,6921,7458,8121,8826,9445,9582,10429,10914,11221,11814,12488,13405,14246,15087,15920,16283,17161,18107,18869,19574,20649,21121,22145,24033,24763,24852,25460,27059,28749,28050,30185,31176,32804,36174,35911,35030,35989,36498,35427,38186,40448,42240,43723,47566,48285
 "54081","Raleigh, WV",5,CAINC4,35,"...","Earnings by place of work ","Thousands of dollars",134624,154607,171248,203181,221164,246013,308025,375103,411976,472300,487127,517411,553408,577165,563976,622795,648687,637336,654753,659473,667925,698730,736399,768178,797695,849825,933017,984046,1020904,1085647,1131278,1166861,1279422,1310079,1307328,1380792,1521224,1597530,1465762,1563965,1591982,1725550,1951790,1882379,1887622,1873867,1813227,1700048,1847228,1990829,2109317,1961568,2082384,2169749
 "54081","Raleigh, WV",5,CAINC4,36,"...","Less: Contributions for government social insurance 5/","Thousands of dollars",10085,11323,13148,16249,20418,23311,29178,37158,39875,47038,50617,54824,63178,68091,66462,75499,80265,81101,83823,86164,89515,95655,104645,111312,119994,127686,142741,150622,153921,164380,170978,181088,184705,181437,185654,194259,208845,211224,204411,209014,219256,225359,214988,218658,236264,238337,232724,225634,241815,255351,266901,263156,276891,289553
 "54081","Raleigh, WV",5,CAINC4,37,"..."," Employee and self-employed contributions for government social insurance ","Thousands of dollars",4559,5160,5871,7212,8933,10322,12916,15882,16935,19531,21362,23245,26936,28965,28182,31048,33870,34879,36409,38114,40605,42754,46172,47794,50137,54260,60078,62161,63970,67005,69794,70495,78755,79717,81141,85958,94597,101337,105572,112398,119420,121931,103940,103628,125437,127118,123945,120423,132230,140734,147258,145798,153600,163908
 "54081","Raleigh, WV",5,CAINC4,38,"..."," Employer contributions for government social insurance ","Thousands of dollars",5526,6163,7277,9037,11485,12989,16262,21276,22940,27507,29255,31579,36242,39126,38280,44451,46395,46222,47414,48050,48910,52901,58473,63518,69857,73426,82663,88461,89951,97375,101184,110593,105950,101720,104513,108301,114248,109887,98839,96616,99836,103428,111048,115030,110827,111219,108779,105211,109585,114617,119643,117358,123291,125645
 "54081","Raleigh, WV",5,CAINC4,42,"...","Plus: Adjustment for residence 6/","Thousands of dollars",6508,7270,7408,8069,7121,6932,4070,-719,-1926,-9270,-4158,-5673,-5326,2447,-1161,1137,1681,10843,15808,17984,23434,35962,35479,39913,29644,37022,31387,28491,28624,23412,15416,17221,-4430,-13500,-23956,-35967,-59419,-67577,-73349,-93534,-87304,-74992,-80276,-98055,-100867,-113546,-104729,-113874,-135435,-143307,-188311,-174753,-189852,-186964
 "54081","Raleigh, WV",5,CAINC4,45,"...","Equals: Net earnings by place of residence ","Thousands of dollars",131047,150554,165508,195001,207867,229634,282917,337226,370175,415992,432352,456914,484904,511521,496353,548433,570103,567078,586738,591293,601844,639037,667233,696779,707345,759161,821663,861915,895607,944679,975716,1002994,1090287,1115142,1097718,1150566,1252960,1318729,1188002,1261417,1285422,1425199,1656526,1565666,1550491,1521984,1475774,1360540,1469978,1592171,1654105,1523659,1615641,1693232
 "54081","Raleigh, WV",5,CAINC4,46,"...","Plus: Dividends, interest, and rent 7/","Thousands of dollars",18142,22105,25310,29295,34318,40104,46762,52835,59022,66163,74584,91328,111342,126772,132123,145106,153350,155183,153388,162624,178794,182367,190070,189124,195196,208766,220059,232029,252672,267537,261929,284628,284061,288275,287234,278891,278991,306571,344892,378882,395206,352727,410858,463458,392603,416249,438063,413974,444267,442726,464162,474575,508803,554184
 "54081","Raleigh, WV",5,CAINC4,47,"...","Plus: Personal current transfer receipts ","Thousands of dollars",27901,35228,45410,54122,68374,74855,84912,93226,98476,115135,140330,157081,170524,184919,204774,203729,208781,225247,228980,241790,255349,272912,306007,344710,368136,376074,385079,404888,412314,438312,443912,462270,506236,546329,565086,567286,587892,622205,664094,725535,775491,812281,810486,830378,836073,900403,940337,961981,994136,1016848,1049152,1254153,1385948,1271699
 "54081","Raleigh, WV",5,CAINC4,50,"...","Wages and salaries ","Thousands of dollars",102759,116733,130533,155708,168416,183657,236451,294396,311243,354182,368623,397367,425640,444754,424113,465085,485626,474637,486296,478651,486718,517506,547235,567306,581396,619256,684071,722761,744278,785439,815708,837964,909214,920002,917308,985878,1055613,1113531,1149837,1244501,1256583,1305759,1404513,1446759,1412153,1391903,1356220,1273893,1343507,1427335,1527484,1454385,1550553,1642936
 "54081","Raleigh, WV",5,CAINC4,60,"...","Supplements to wages and salaries ","Thousands of dollars",15387,17763,20172,25165,28039,30436,37382,46301,51446,62184,64726,71550,79315,84592,87698,97202,103814,108682,116246,103879,108730,116548,127461,138717,149428,158667,173573,187298,193820,205499,215590,229261,233311,238586,249470,267012,286739,316483,307273,319254,319806,324924,349443,374586,370107,350479,358470,329584,358615,380633,403766,384920,400557,402255
 "54081","Raleigh, WV",5,CAINC4,61,"..."," Employer contributions for employee pension and insurance funds 8/","Thousands of dollars",9861,11600,12895,16128,16554,17447,21120,25025,28506,34677,35471,39971,43073,45466,49418,52751,57419,62460,68832,55829,59820,63647,68988,75199,79571,85241,90910,98837,103869,108124,114406,118668,127361,136866,144957,158711,172491,206596,208434,222638,219970,221496,238395,259556,259280,239260,249691,224373,249030,266016,284123,267562,277266,276610
 "54081","Raleigh, WV",5,CAINC4,62,"..."," Employer contributions for government social insurance ","Thousands of dollars",5526,6163,7277,9037,11485,12989,16262,21276,22940,27507,29255,31579,36242,39126,38280,44451,46395,46222,47414,48050,48910,52901,58473,63518,69857,73426,82663,88461,89951,97375,101184,110593,105950,101720,104513,108301,114248,109887,98839,96616,99836,103428,111048,115030,110827,111219,108779,105211,109585,114617,119643,117358,123291,125645
 "54081","Raleigh, WV",5,CAINC4,70,"...","Proprietors' income 9/","Thousands of dollars",16478,20111,20543,22308,24709,31920,34192,34406,49287,55934,53778,48494,48453,47819,52165,60508,59247,54017,52211,76943,72477,64676,61703,62155,66871,71902,75373,73987,82806,94709,99980,99636,136897,151491,140550,127902,178872,167516,8652,210,15593,94867,197834,61034,105362,131485,98537,96571,145106,182861,178067,122263,131274,124558
 "54081","Raleigh, WV",5,CAINC4,71,"..."," Farm proprietors' income ","Thousands of dollars",-35,-126,-62,36,184,74,182,-53,-20,-137,203,192,-383,-760,-631,-478,-517,-339,-280,-417,-94,-222,-477,-282,-306,-475,-644,-821,-585,-819,-1017,-845,-739,-880,-1314,-1132,-1415,-1768,-2099,-1183,-1042,-903,-622,-377,-466,-798,-723,-1103,-781,-1138,-785,-892,-1012,-1633
 "54081","Raleigh, WV",5,CAINC4,72,"..."," Nonfarm proprietors' income ","Thousands of dollars",16513,20237,20605,22272,24525,31846,34010,34459,49307,56071,53575,48302,48836,48579,52796,60986,59764,54356,52491,77360,72571,64898,62180,62437,67177,72377,76017,74808,83391,95528,100997,100481,137636,152371,141864,129034,180287,169284,10751,1393,16635,95770,198456,61411,105828,132283,99260,97674,145887,183999,178852,123155,132286,126191
 "54081","Raleigh, WV",5,CAINC4,7010,"...","Total employment ","Number of jobs",20944,21246,22055,23856,24915,25633,28344,30679,31077,32352,31546,31250,30846,30697,29347,30033,29989,28877,28677,28441,28682,29372,30182,30550,31135,32711,34679,35980,36734,37652,37999,37988,38815,38691,37962,39048,39830,40652,40717,41306,40478,40771,41867,42351,41635,41520,40729,39132,39366,39862,40053,38013,38826,39879
 "54081","Raleigh, WV",5,CAINC4,7020,"..."," Wage and salary employment ","Number of jobs",18156,18473,19306,21057,21907,22443,24955,27377,27730,28970,28053,27528,27131,26958,25370,26105,26066,24999,24843,24364,24635,25122,25888,26340,26959,28408,30106,31278,31673,32525,32907,32776,33693,33571,32752,33596,34422,35049,34911,35266,34354,34655,35766,36518,35566,35438,34733,33339,33611,34181,34919,32354,32744,33390
 "54081","Raleigh, WV",5,CAINC4,7040,"..."," Proprietors employment ","Number of jobs",2788,2773,2749,2799,3008,3190,3389,3302,3347,3382,3493,3722,3715,3739,3977,3928,3923,3878,3834,4077,4047,4250,4294,4210,4176,4303,4573,4702,5061,5127,5092,5212,5122,5120,5210,5452,5408,5603,5806,6040,6124,6116,6101,5833,6069,6082,5996,5793,5755,5681,5134,5659,6082,6489
 "54083","Randolph, WV",5,CAINC4,10,"...","Personal income (thousands of dollars) ","Thousands of dollars",58091,66396,75505,85973,97005,104435,120138,130599,147370,164526,186436,213322,232063,247736,258342,280471,286938,291642,293006,309256,330383,357416,385094,417866,442973,457964,474690,493791,515428,531474,558090,594947,629085,646335,655169,680519,709589,766530,788305,828513,847214,866390,895664,933692,936108,963302,992554,990895,1023811,1057857,1103431,1181443,1273515,1259557
 "54083","Randolph, WV",5,CAINC4,11,"..."," Nonfarm personal income 1/","Thousands of dollars",57770,66029,75093,85384,96141,104225,120355,130979,147859,164339,185980,212937,232951,248765,258608,279452,285291,288885,291986,308780,328751,355673,384106,416226,441156,456335,474007,489043,515695,531528,558498,593896,628358,646456,655318,680351,709205,766651,788822,828201,847204,866237,894535,932819,934016,960735,989999,988976,1020681,1055573,1100406,1178837,1270850,1257031
 "54083","Randolph, WV",5,CAINC4,12,"..."," Farm income 2/","Thousands of dollars",321,367,412,589,864,210,-217,-380,-489,187,456,385,-888,-1029,-266,1019,1647,2757,1020,476,1632,1743,988,1640,1817,1629,683,4748,-267,-54,-408,1051,727,-121,-149,168,384,-121,-517,312,10,153,1129,873,2092,2567,2555,1919,3130,2284,3025,2606,2665,2526
 "54083","Randolph, WV",5,CAINC4,20,"...","Population (persons) 3/","Number of persons",24374,24725,25489,26293,26243,26732,26773,27280,27632,27949,28532,28792,28999,29303,29390,29469,29507,28645,28451,27894,27898,27797,28138,28194,28468,28398,28595,28701,28439,28420,28389,28259,28373,28487,28422,28648,28807,29049,29113,29236,29381,29346,29365,29267,29343,29143,28930,28709,28517,28394,28192,27892,27891,27600
 "54083","Randolph, WV",5,CAINC4,30,"...","Per capita personal income (dollars) 4/","Dollars",2383,2685,2962,3270,3696,3907,4487,4787,5333,5887,6534,7409,8002,8454,8790,9517,9724,10181,10299,11087,11843,12858,13686,14821,15560,16127,16600,17205,18124,18701,19659,21053,22172,22689,23051,23755,24633,26387,27077,28339,28835,29523,30501,31903,31902,33054,34309,34515,35902,37256,39140,42358,45660,45636
 "54083","Randolph, WV",5,CAINC4,35,"...","Earnings by place of work ","Thousands of dollars",44245,49165,54102,61154,71059,76446,85268,90501,103382,115733,130196,144330,153635,160510,164612,180740,181512,186461,188597,199188,213468,231315,243839,264253,283632,297409,306951,315139,328460,334023,366512,396944,412448,429268,442963,462484,487031,530859,521825,519883,515659,520768,545383,567180,574053,575885,586938,586052,588106,615730,644348,650533,667580,688963
 "54083","Randolph, WV",5,CAINC4,36,"...","Less: Contributions for government social insurance 5/","Thousands of dollars",3419,3711,4230,4964,6710,7530,8313,8892,10146,11499,13450,15320,17556,19006,19679,21830,22026,23473,24040,26000,28361,30911,33742,36821,40264,42138,44572,45222,47465,48356,52098,57517,58733,60508,64925,67673,70608,72230,67326,64304,64986,65135,60834,62595,70419,72594,74128,76629,76882,79734,81956,85473,86985,90770
 "54083","Randolph, WV",5,CAINC4,37,"..."," Employee and self-employed contributions for government social insurance ","Thousands of dollars",1572,1717,1934,2258,2937,3290,3668,3888,4358,4867,5741,6504,7550,8229,8393,9149,9611,10330,10958,11748,13079,14091,15312,16392,17728,18956,20114,20252,21206,21281,23189,24316,25392,25792,27368,28773,30356,33247,34257,34815,35186,35477,29780,30601,38292,39594,40415,41531,42581,44819,45993,48489,49794,53231
 "54083","Randolph, WV",5,CAINC4,38,"..."," Employer contributions for government social insurance ","Thousands of dollars",1847,1994,2296,2706,3773,4240,4645,5004,5788,6632,7709,8816,10006,10777,11286,12681,12415,13143,13082,14252,15282,16820,18430,20429,22536,23182,24458,24970,26259,27075,28909,33201,33341,34716,37557,38900,40252,38983,33069,29489,29800,29658,31054,31994,32127,33000,33713,35098,34301,34915,35963,36984,37191,37539
 "54083","Randolph, WV",5,CAINC4,42,"...","Plus: Adjustment for residence 6/","Thousands of dollars",177,573,1834,2976,2267,1260,1702,2483,3087,4468,6109,8370,7865,8402,6331,7178,6671,3045,1630,1687,636,227,160,-399,-563,-532,-2411,-1177,-1394,386,-561,-1010,-3228,-5925,-8440,-12018,-14493,-19695,-20059,-18364,-16731,-13498,-15498,-16522,-14056,-9943,-11438,-15218,-10894,-7746,-11747,-14309,-8826,-5162
 "54083","Randolph, WV",5,CAINC4,45,"...","Equals: Net earnings by place of residence ","Thousands of dollars",41003,46027,51706,59166,66616,70176,78657,84092,96323,108702,122855,137380,143944,149906,151264,166088,166157,166033,166187,174875,185743,200631,210257,227033,242805,254739,259968,268740,279601,286053,313853,338417,350487,362835,369598,382793,401930,438934,434440,437215,433942,442135,469051,488063,489578,493348,501372,494205,500330,528250,550645,550751,571769,593031
 "54083","Randolph, WV",5,CAINC4,46,"...","Plus: Dividends, interest, and rent 7/","Thousands of dollars",6754,7991,9115,10369,11732,13366,16269,18303,21009,23028,25225,30948,37655,43290,46905,52533,56262,56497,57054,59394,63945,68673,71588,70980,72768,75866,80518,84881,93169,96030,93690,99398,105171,96806,91690,99778,99383,106615,119204,134529,133696,134417,134785,144229,140338,147897,147993,149384,160835,157910,173022,167111,184872,199427
 "54083","Randolph, WV",5,CAINC4,47,"...","Plus: Personal current transfer receipts ","Thousands of dollars",10334,12378,14684,16438,18657,20893,25212,28204,30038,32796,38356,44994,50464,54540,60173,61850,64519,69112,69765,74987,80695,88112,103249,119853,127400,127359,134204,140170,142658,149391,150547,157132,173427,186694,193881,197948,208276,220981,234661,256769,279576,289838,291828,301400,306192,322057,343189,347306,362646,371697,379764,463581,516874,467099
 "54083","Randolph, WV",5,CAINC4,50,"...","Wages and salaries ","Thousands of dollars",34296,37835,41311,45977,53636,58125,65435,69266,78893,87180,97805,109587,117190,123551,123930,132646,130992,133371,132461,137885,146321,156706,165611,177477,188114,199683,207726,212085,223824,227323,246508,262359,273483,282775,295381,315461,327334,352610,355782,361896,357804,354717,372563,387746,390003,394080,401953,410675,414566,434140,450030,451416,462016,485768
 "54083","Randolph, WV",5,CAINC4,60,"...","Supplements to wages and salaries ","Thousands of dollars",4247,4873,5659,6670,7862,8874,9936,10631,12619,14373,16584,19251,21293,22879,24726,27563,28314,30721,31146,31671,35141,38097,41820,47149,51523,53470,54693,55346,57433,58690,63594,70564,76723,81800,88841,94189,100412,111423,105927,104063,100560,97692,104060,111337,113377,108572,115201,112123,116529,120357,128338,125971,125226,123442
 "54083","Randolph, WV",5,CAINC4,61,"..."," Employer contributions for employee pension and insurance funds 8/","Thousands of dollars",2400,2879,3363,3964,4089,4634,5291,5627,6831,7741,8875,10435,11287,12102,13440,14882,15899,17578,18064,17419,19859,21277,23390,26720,28987,30288,30235,30376,31174,31615,34685,37363,43382,47084,51284,55289,60160,72440,72858,74574,70760,68034,73006,79343,81250,75572,81488,77025,82228,85442,92375,88987,88035,85903
 "54083","Randolph, WV",5,CAINC4,62,"..."," Employer contributions for government social insurance ","Thousands of dollars",1847,1994,2296,2706,3773,4240,4645,5004,5788,6632,7709,8816,10006,10777,11286,12681,12415,13143,13082,14252,15282,16820,18430,20429,22536,23182,24458,24970,26259,27075,28909,33201,33341,34716,37557,38900,40252,38983,33069,29489,29800,29658,31054,31994,32127,33000,33713,35098,34301,34915,35963,36984,37191,37539
 "54083","Randolph, WV",5,CAINC4,70,"...","Proprietors' income 9/","Thousands of dollars",5702,6457,7132,8507,9561,9447,9897,10604,11870,14180,15807,15492,15152,14080,15956,20531,22206,22369,24990,29632,32006,36512,36408,39627,43995,44256,44532,47708,47203,48010,56410,64021,62242,64693,58741,52834,59285,66826,60116,53924,57295,68359,68760,68097,70673,73233,69784,63254,57011,61233,65980,73146,80338,79753
 "54083","Randolph, WV",5,CAINC4,71,"..."," Farm proprietors' income ","Thousands of dollars",136,157,187,380,561,-87,-433,-679,-763,-213,8,-89,-1361,-1551,-734,591,1235,2391,670,91,1223,1273,547,1216,1379,1215,250,4337,-694,-526,-893,611,203,-753,-836,-493,-135,-689,-1167,-259,-501,-298,757,317,1527,1970,2063,1373,2632,1813,2641,2195,2273,1968
 "54083","Randolph, WV",5,CAINC4,72,"..."," Nonfarm proprietors' income ","Thousands of dollars",5566,6300,6945,8127,9000,9534,10330,11283,12633,14393,15799,15581,16513,15631,16690,19940,20971,19978,24320,29541,30783,35239,35861,38411,42616,43041,44282,43371,47897,48536,57303,63410,62039,65446,59577,53327,59420,67515,61283,54183,57796,68657,68003,67780,69146,71263,67721,61881,54379,59420,63339,70951,78065,77785
 "54083","Randolph, WV",5,CAINC4,7010,"...","Total employment ","Number of jobs",9026,9046,9090,9691,10147,10393,10436,10328,10656,10935,11544,11947,11881,11659,11491,11699,11297,11185,11146,11390,11772,12109,12569,12990,13437,13979,14237,14187,14505,14484,15069,15191,15244,15276,15282,15639,16002,16312,16172,16073,15604,15021,15279,15413,15348,15277,15221,15281,14999,14954,14732,14168,14239,14382
 "54083","Randolph, WV",5,CAINC4,7020,"..."," Wage and salary employment ","Number of jobs",7158,7161,7273,7810,8229,8441,8515,8459,8767,9019,9555,9818,9742,9477,9230,9478,9106,9028,9031,9156,9578,9752,10146,10550,10916,11246,11473,11440,11647,11825,12383,12464,12420,12395,12482,12829,13118,13350,13089,12994,12588,12029,12298,12555,12469,12409,12420,12565,12252,12191,12106,11500,11459,11457
 "54083","Randolph, WV",5,CAINC4,7040,"..."," Proprietors employment ","Number of jobs",1868,1885,1817,1881,1918,1952,1921,1869,1889,1916,1989,2129,2139,2182,2261,2221,2191,2157,2115,2234,2194,2357,2423,2440,2521,2733,2764,2747,2858,2659,2686,2727,2824,2881,2800,2810,2884,2962,3083,3079,3016,2992,2981,2858,2879,2868,2801,2716,2747,2763,2626,2668,2780,2925
 "54085","Ritchie, WV",5,CAINC4,10,"...","Personal income (thousands of dollars) ","Thousands of dollars",23693,25924,27669,29480,32731,36610,40910,45387,51230,58453,63602,71192,80634,81469,87504,94788,100087,101243,101927,109587,113237,116033,123746,133974,138998,144996,147614,155084,164582,172241,181386,196555,207369,209285,209972,225261,235251,249069,249619,262839,264094,270354,288388,298626,304878,332574,338741,329500,346631,368119,383019,405588,436349,450168
 "54085","Ritchie, WV",5,CAINC4,11,"..."," Nonfarm personal income 1/","Thousands of dollars",23428,25664,27371,29084,32220,36438,40957,45562,51478,58667,63930,71649,81322,82487,88310,95426,100572,101468,102689,110288,113207,115425,123717,133582,138803,145513,148948,157076,166460,173849,182743,196943,207148,209354,210929,226018,236540,251086,252610,265625,267208,273596,290876,301862,306371,333201,338872,329962,345654,368512,383319,407166,437208,449361
 "54085","Ritchie, WV",5,CAINC4,12,"..."," Farm income 2/","Thousands of dollars",265,260,298,396,511,172,-47,-175,-248,-214,-328,-457,-688,-1018,-806,-638,-485,-225,-762,-701,30,608,29,392,195,-517,-1334,-1992,-1878,-1608,-1357,-388,221,-69,-957,-757,-1289,-2017,-2991,-2786,-3114,-3242,-2488,-3236,-1493,-627,-131,-462,977,-393,-300,-1578,-859,807
 "54085","Ritchie, WV",5,CAINC4,20,"...","Population (persons) 3/","Number of persons",10365,10183,10534,10597,10677,10807,10895,11157,11207,11496,11486,11456,11503,11410,11266,11279,11082,10975,10685,10403,10369,10243,10178,10123,10150,10207,10137,10143,10136,10270,10351,10346,10333,10372,10434,10415,10506,10588,10558,10516,10478,10390,10165,9988,9775,9593,9488,9287,9055,8877,8631,8426,8388,8207
 "54085","Ritchie, WV",5,CAINC4,30,"...","Per capita personal income (dollars) 4/","Dollars",2286,2546,2627,2782,3066,3388,3755,4068,4571,5085,5537,6214,7010,7140,7767,8404,9031,9225,9539,10534,10921,11328,12158,13235,13694,14206,14562,15290,16237,16771,17524,18998,20069,20178,20124,21629,22392,23524,23643,24994,25205,26021,28371,29898,31190,34668,35702,35480,38281,41469,44377,48135,52021,54852
 "54085","Ritchie, WV",5,CAINC4,35,"...","Earnings by place of work ","Thousands of dollars",17449,17921,16752,16049,17890,19192,20748,21793,24577,27939,29664,32799,38340,35674,40470,44386,45577,46525,48532,54156,58207,58037,64077,70509,73718,75090,74146,78502,85442,88646,97923,109285,115138,117422,120241,135028,148339,160107,149079,148225,138184,150986,162875,182014,199552,214223,209053,202996,203268,216728,223238,218118,228685,237473
 "54085","Ritchie, WV",5,CAINC4,36,"...","Less: Contributions for government social insurance 5/","Thousands of dollars",1465,1478,1400,1355,1701,1947,2123,2258,2520,2969,3253,3714,4673,4500,5226,5853,5993,6408,6823,7710,8303,8222,9324,10236,11145,11327,11547,12243,12996,13750,14737,17111,17387,16708,17791,19852,21408,22119,20072,19822,19119,20574,19909,21364,25375,26818,26909,26671,26807,28428,28786,28677,30155,31281
 "54085","Ritchie, WV",5,CAINC4,37,"..."," Employee and self-employed contributions for government social insurance ","Thousands of dollars",635,657,643,645,793,909,989,1036,1121,1290,1441,1632,2040,1998,2228,2434,2595,2761,3022,3392,3796,3695,4216,4546,4807,5025,5232,5455,5823,5951,6474,6885,7229,7311,7802,8713,9589,10751,10846,11281,10489,11316,9864,10473,13904,15161,14755,14882,15053,16031,16320,16863,17580,18818
 "54085","Ritchie, WV",5,CAINC4,38,"..."," Employer contributions for government social insurance ","Thousands of dollars",830,821,757,710,908,1038,1134,1222,1399,1679,1812,2082,2633,2502,2998,3419,3398,3647,3801,4318,4507,4527,5108,5690,6338,6302,6315,6788,7173,7799,8263,10226,10158,9397,9989,11139,11819,11368,9226,8541,8630,9258,10045,10891,11471,11657,12154,11789,11754,12397,12466,11814,12575,12463
 "54085","Ritchie, WV",5,CAINC4,42,"...","Plus: Adjustment for residence 6/","Thousands of dollars",825,1370,2927,4440,5287,6432,6948,9281,11303,14062,15089,15175,14998,15543,14230,15531,16755,16427,16117,16196,15208,15519,14940,16362,16893,18583,19367,20371,21778,22724,21873,22682,21707,20198,19028,17022,11563,7091,7658,4610,5128,299,-1562,-9281,-13054,-11817,-7760,-8174,-4141,-2737,-1971,-2348,-1766,-889
 "54085","Ritchie, WV",5,CAINC4,45,"...","Equals: Net earnings by place of residence ","Thousands of dollars",16809,17813,18279,19134,21476,23677,25573,28816,33360,39032,41500,44260,48665,46717,49474,54064,56339,56544,57826,62642,65112,65334,69693,76635,79466,82346,81966,86630,94224,97620,105059,114856,119458,120912,121478,132198,138494,145079,136665,133013,124193,130711,141404,151369,161123,175588,174384,168151,172320,185563,192481,187093,196764,205303
 "54085","Ritchie, WV",5,CAINC4,46,"...","Plus: Dividends, interest, and rent 7/","Thousands of dollars",2643,3067,3399,3795,4277,4893,5401,5922,6784,7691,8739,11128,13851,15401,17153,18638,20127,20548,19925,21676,21898,22200,22384,22615,22457,22945,24718,25469,27051,28517,29647,32539,34037,30393,27890,30425,28887,31312,35882,42474,42476,40902,47462,48883,45190,53111,57794,51699,61223,67678,74490,75456,84316,106002
 "54085","Ritchie, WV",5,CAINC4,47,"...","Plus: Personal current transfer receipts ","Thousands of dollars",4241,5044,5991,6551,6978,8040,9936,10649,11086,11730,13363,15804,18118,19351,20877,22086,23621,24151,24176,25269,26227,28499,31669,34724,37075,39705,40930,42985,43307,46104,46680,49160,53874,57980,60604,62638,67870,72678,77072,87352,97425,98741,99522,98374,98565,103875,106563,109650,113088,114878,116048,143039,155269,138863
 "54085","Ritchie, WV",5,CAINC4,50,"...","Wages and salaries ","Thousands of dollars",13341,13591,12346,11263,12395,13521,15248,15986,18290,21032,22216,24914,29466,27554,30594,32729,33086,34367,34933,36914,38438,38044,41460,45573,47576,50048,50453,53621,57961,60451,66211,71955,74446,75848,79827,90531,97882,105629,104695,103751,98287,107694,115090,127975,139891,150739,145443,144796,143229,153648,155553,146817,159055,166302
 "54085","Ritchie, WV",5,CAINC4,60,"...","Supplements to wages and salaries ","Thousands of dollars",1543,1638,1604,1576,1836,2031,2237,2380,2868,3345,3713,4351,5423,5329,6243,7227,7793,8371,8727,9633,10490,10798,12093,13741,14983,15354,14758,15692,16166,16408,18146,20716,22788,22837,24735,27239,30347,34506,31708,30369,28124,29377,32256,37251,39054,37873,40175,36919,40187,41330,41971,38741,39950,39987
 "54085","Ritchie, WV",5,CAINC4,61,"..."," Employer contributions for employee pension and insurance funds 8/","Thousands of dollars",713,817,847,866,928,993,1103,1158,1469,1666,1901,2269,2790,2827,3245,3808,4395,4724,4926,5315,5983,6271,6985,8051,8645,9052,8443,8904,8993,8609,9883,10490,12630,13440,14746,16100,18528,23138,22482,21828,19494,20119,22211,26360,27583,26216,28021,25130,28433,28933,29505,26927,27375,27524
 "54085","Ritchie, WV",5,CAINC4,62,"..."," Employer contributions for government social insurance ","Thousands of dollars",830,821,757,710,908,1038,1134,1222,1399,1679,1812,2082,2633,2502,2998,3419,3398,3647,3801,4318,4507,4527,5108,5690,6338,6302,6315,6788,7173,7799,8263,10226,10158,9397,9989,11139,11819,11368,9226,8541,8630,9258,10045,10891,11471,11657,12154,11789,11754,12397,12466,11814,12575,12463
 "54085","Ritchie, WV",5,CAINC4,70,"...","Proprietors' income 9/","Thousands of dollars",2565,2692,2802,3210,3659,3640,3263,3427,3419,3562,3735,3534,3451,2791,3633,4430,4698,3787,4872,7609,9279,9195,10524,11195,11159,9688,8935,9189,11315,11787,13566,16614,17904,18737,15679,17258,20110,19972,12676,14105,11773,13915,15529,16788,20607,25611,23435,21281,19852,21750,25714,32560,29680,31184
 "54085","Ritchie, WV",5,CAINC4,71,"..."," Farm proprietors' income ","Thousands of dollars",192,190,237,349,458,130,-83,-237,-310,-315,-438,-574,-800,-1146,-922,-745,-586,-311,-842,-792,-73,481,-94,264,74,-618,-1429,-2076,-1948,-1677,-1421,-445,161,-134,-1039,-842,-1361,-2102,-3093,-2900,-3241,-3369,-2606,-3441,-1703,-847,-312,-666,787,-566,-442,-1731,-1003,601
 "54085","Ritchie, WV",5,CAINC4,72,"..."," Nonfarm proprietors' income ","Thousands of dollars",2373,2502,2565,2861,3201,3510,3346,3664,3729,3877,4173,4108,4251,3937,4555,5175,5284,4098,5714,8401,9352,8714,10618,10931,11085,10306,10364,11265,13263,13464,14987,17059,17743,18871,16718,18100,21471,22074,15769,17005,15014,17284,18135,20229,22310,26458,23747,21947,19065,22316,26156,34291,30683,30583
 "54085","Ritchie, WV",5,CAINC4,7010,"...","Total employment ","Number of jobs",3646,3773,3574,3296,3436,3384,3518,3502,3711,3786,3802,3894,4082,3888,4076,4142,4116,4039,4185,4385,4379,4361,4391,4255,4401,4414,4364,4389,4598,4498,4679,4732,4601,4581,4594,4777,5081,5241,5139,5011,4769,4935,4961,5283,5457,5512,5670,5532,5369,5031,4835,4737,4849,4930
 "54085","Ritchie, WV",5,CAINC4,7020,"..."," Wage and salary employment ","Number of jobs",2681,2803,2594,2391,2509,2470,2571,2507,2668,2755,2749,2749,2881,2670,2807,2921,2959,2950,2906,2959,2997,2928,3016,3065,3017,3086,2980,3035,3061,3001,3156,3243,3207,3209,3190,3350,3572,3693,3558,3367,3145,3231,3363,3502,3641,3742,3736,3723,3642,3532,3509,3352,3406,3427
 "54085","Ritchie, WV",5,CAINC4,7040,"..."," Proprietors employment ","Number of jobs",965,970,980,905,927,914,947,995,1043,1031,1053,1145,1201,1218,1269,1221,1157,1089,1279,1426,1382,1433,1375,1190,1384,1328,1384,1354,1537,1497,1523,1489,1394,1372,1404,1427,1509,1548,1581,1644,1624,1704,1598,1781,1816,1770,1934,1809,1727,1499,1326,1385,1443,1503
 "54087","Roane, WV",5,CAINC4,10,"...","Personal income (thousands of dollars) ","Thousands of dollars",28664,32592,37291,40503,43245,47292,54004,61893,70065,81264,92489,102246,115325,116260,120354,129586,134626,137872,140226,156111,155738,159360,172988,190124,194934,203244,210178,222382,231375,237399,242715,258350,260943,262230,274196,295030,319275,351155,365089,401184,399419,411525,429250,443917,435628,444306,447150,437078,464344,493902,485486,515430,545739,540302
 "54087","Roane, WV",5,CAINC4,11,"..."," Nonfarm personal income 1/","Thousands of dollars",28075,32050,36739,39781,42340,46819,53820,61829,69956,81091,91731,100936,115751,117146,121261,130410,135918,139101,141011,157143,155885,159885,174355,191072,195890,204085,211830,224266,232949,239625,245675,260911,264369,266851,278906,298509,323233,355942,370073,405164,403224,415365,431630,446519,437465,446115,448759,439093,465935,496026,486731,517114,547918,543070
 "54087","Roane, WV",5,CAINC4,12,"..."," Farm income 2/","Thousands of dollars",589,542,552,722,905,473,184,64,109,173,758,1310,-426,-886,-907,-824,-1292,-1229,-785,-1032,-147,-525,-1367,-948,-956,-841,-1652,-1884,-1574,-2226,-2960,-2561,-3426,-4621,-4710,-3479,-3958,-4787,-4984,-3980,-3805,-3840,-2380,-2602,-1837,-1809,-1609,-2015,-1591,-2124,-1245,-1684,-2179,-2768
 "54087","Roane, WV",5,CAINC4,20,"...","Population (persons) 3/","Number of persons",14360,14150,14411,14612,14669,14689,15041,15353,15525,15743,15947,15940,15879,16308,16185,16072,16063,15828,15802,15766,15492,15014,15073,15079,15040,15125,15239,15264,15237,15241,15336,15461,15428,15313,15401,15337,15405,15442,15215,15048,14966,14910,14869,14797,14778,14818,14649,14439,14386,14293,14107,13986,13912,13834
 "54087","Roane, WV",5,CAINC4,30,"...","Per capita personal income (dollars) 4/","Dollars",1996,2303,2588,2772,2948,3220,3590,4031,4513,5162,5800,6414,7263,7129,7436,8063,8381,8711,8874,9902,10053,10614,11477,12609,12961,13438,13792,14569,15185,15576,15826,16710,16914,17125,17804,19236,20725,22740,23995,26660,26688,27601,28869,30000,29478,29984,30524,30271,32277,34556,34415,36853,39228,39056
 "54087","Roane, WV",5,CAINC4,35,"...","Earnings by place of work ","Thousands of dollars",20074,23281,29393,30968,30845,31048,32826,37897,42668,48446,52927,59785,67958,60615,62303,68024,71130,72397,73513,88130,83023,79457,88557,96448,99266,101116,104181,112064,117189,120117,122390,130466,117149,111930,114578,124337,139330,152283,141967,154643,142368,146490,156548,163102,170804,172037,162811,158712,168721,175638,183278,182675,187114,197934
 "54087","Roane, WV",5,CAINC4,36,"...","Less: Contributions for government social insurance 5/","Thousands of dollars",1534,1797,2423,2629,2909,3080,3194,3775,4168,4853,5341,6402,8132,7384,7701,8725,9217,9821,9885,11632,11673,11229,12564,13740,14612,14983,15841,17062,17609,18777,19110,20461,17861,16371,17337,18287,19879,21173,20531,21770,20121,20535,19551,20244,23595,24000,23260,23844,25052,25971,26473,27147,27681,29928
 "54087","Roane, WV",5,CAINC4,37,"..."," Employee and self-employed contributions for government social insurance ","Thousands of dollars",716,828,1073,1167,1312,1417,1503,1723,1858,2124,2401,2774,3488,3287,3350,3655,4013,4310,4554,5392,5427,5183,5983,6424,6700,6934,7420,7842,8023,8122,8318,8616,8135,7843,8344,8964,10085,11602,12088,13522,12132,12497,11145,11387,14265,14650,14149,14464,15528,16465,16739,16951,17428,18993
 "54087","Roane, WV",5,CAINC4,38,"..."," Employer contributions for government social insurance ","Thousands of dollars",818,969,1350,1462,1597,1663,1691,2052,2310,2729,2940,3628,4644,4097,4351,5070,5204,5511,5331,6240,6246,6046,6581,7316,7912,8049,8421,9220,9586,10655,10792,11845,9726,8528,8993,9323,9794,9571,8443,8248,7989,8038,8406,8857,9330,9350,9111,9380,9524,9506,9734,10196,10253,10935
 "54087","Roane, WV",5,CAINC4,42,"...","Plus: Adjustment for residence 6/","Thousands of dollars",1272,724,-1203,-723,1036,2629,3757,5108,7298,10650,13626,11783,11760,13779,13067,13704,13793,13744,14879,15699,17809,21232,21617,24325,24937,26649,27094,27808,28826,29804,31361,33422,38276,43163,47671,55943,63841,74218,84563,92124,84721,91126,94553,95607,86541,85835,83716,79844,89488,109195,91190,73691,83526,88874
 "54087","Roane, WV",5,CAINC4,45,"...","Equals: Net earnings by place of residence ","Thousands of dollars",19812,22208,25767,27616,28972,30597,33389,39230,45798,54243,61212,65166,71586,67010,67669,73003,75706,76320,78507,92197,89159,89460,97610,107033,109591,112782,115434,122810,128406,131144,134641,143427,137564,138722,144912,161993,183292,205328,205999,224997,206968,217081,231550,238465,233750,233872,223267,214712,233157,258862,247995,229219,242959,256880
 "54087","Roane, WV",5,CAINC4,46,"...","Plus: Dividends, interest, and rent 7/","Thousands of dollars",3279,3771,4218,4755,5448,6331,7470,8385,9687,11030,12910,16050,20003,21610,22514,25516,26837,27995,27446,28196,29591,30372,30448,30432,30548,31443,33441,35254,36864,39764,39848,43031,43324,38675,38917,39571,36076,36870,42645,48746,51736,50537,53422,55456,53668,53701,59986,54742,58704,59670,60144,65744,62403,66886
 "54087","Roane, WV",5,CAINC4,47,"...","Plus: Personal current transfer receipts ","Thousands of dollars",5573,6613,7306,8132,8825,10364,13145,14278,14580,15991,18367,21030,23736,27640,30171,31067,32083,33557,34273,35718,36988,39528,44930,52659,54795,59019,61303,64318,66105,66491,68226,71892,80055,84833,90367,93466,99907,108957,116445,127441,140715,143907,144278,149996,148210,156733,163897,167624,172483,175370,177347,220467,240377,216536
 "54087","Roane, WV",5,CAINC4,50,"...","Wages and salaries ","Thousands of dollars",15059,17618,22727,23337,22480,22801,23775,27634,30887,34847,37592,43081,51253,45580,45911,49707,52072,53551,51541,55444,54926,52277,55049,59745,62596,66160,67258,71787,75844,80860,81294,83590,78816,74895,76698,81719,85872,91159,95082,105562,98753,99213,102589,109743,115847,118285,113097,112019,116223,122868,127027,130970,135060,146897
 "54087","Roane, WV",5,CAINC4,60,"...","Supplements to wages and salaries ","Thousands of dollars",1757,2017,2688,2934,3048,3235,3356,3901,4611,5345,6116,7055,8824,8053,9036,10347,11408,12095,12086,13607,13865,13293,14514,16591,17834,18383,18688,19797,20528,21904,22601,23755,23426,21964,23327,25241,26855,29705,28435,29178,28130,27966,28481,31481,32871,31232,31810,30004,32432,33331,34998,34733,34802,36383
 "54087","Roane, WV",5,CAINC4,61,"..."," Employer contributions for employee pension and insurance funds 8/","Thousands of dollars",939,1048,1338,1472,1451,1572,1665,1849,2301,2616,3176,3427,4180,3956,4685,5277,6204,6584,6755,7367,7619,7247,7933,9275,9922,10334,10267,10577,10942,11249,11809,11910,13700,13436,14334,15918,17061,20134,19992,20930,20141,19928,20075,22624,23541,21882,22699,20624,22908,23825,25264,24537,24549,25448
 "54087","Roane, WV",5,CAINC4,62,"..."," Employer contributions for government social insurance ","Thousands of dollars",818,969,1350,1462,1597,1663,1691,2052,2310,2729,2940,3628,4644,4097,4351,5070,5204,5511,5331,6240,6246,6046,6581,7316,7912,8049,8421,9220,9586,10655,10792,11845,9726,8528,8993,9323,9794,9571,8443,8248,7989,8038,8406,8857,9330,9350,9111,9380,9524,9506,9734,10196,10253,10935
 "54087","Roane, WV",5,CAINC4,70,"...","Proprietors' income 9/","Thousands of dollars",3258,3646,3978,4697,5317,5012,5695,6362,7170,8254,9219,9649,7881,6982,7356,7970,7650,6751,9886,19079,14232,13887,18994,20112,18836,16573,18235,20480,20817,17353,18495,23121,14907,15071,14553,17377,26603,31419,18450,19903,15485,19311,25478,21878,22086,22520,17904,16689,20066,19439,21253,16972,17252,14654
 "54087","Roane, WV",5,CAINC4,71,"..."," Farm proprietors' income ","Thousands of dollars",450,409,431,627,783,367,107,-29,33,64,636,1181,-554,-1030,-1028,-941,-1403,-1335,-890,-1145,-263,-650,-1482,-1058,-1071,-950,-1765,-1997,-1687,-2353,-3094,-2689,-3577,-4808,-4898,-3651,-4081,-4912,-5122,-4102,-3916,-3947,-2474,-2748,-1984,-1970,-1739,-2163,-1726,-2250,-1347,-1793,-2283,-2915
 "54087","Roane, WV",5,CAINC4,72,"..."," Nonfarm proprietors' income ","Thousands of dollars",2808,3237,3547,4070,4534,4645,5588,6391,7137,8190,8583,8468,8435,8012,8384,8911,9053,8086,10776,20224,14495,14537,20476,21170,19907,17523,20000,22477,22504,19706,21589,25810,18484,19879,19451,21028,30684,36331,23572,24005,19401,23258,27952,24626,24070,24490,19643,18852,21792,21689,22600,18765,19535,17569
 "54087","Roane, WV",5,CAINC4,7010,"...","Total employment ","Number of jobs",4893,4992,5363,5314,5314,5140,5132,5436,5591,5881,5559,5659,6065,5295,5327,5518,5595,5567,6076,6201,5959,5667,5612,5561,5947,6055,6297,6209,6425,6328,6094,6107,5498,5270,5294,5304,5444,5617,5844,5993,5524,5779,5475,5775,5924,5849,5955,5925,5609,5289,4821,5153,4877,5187
 "54087","Roane, WV",5,CAINC4,7020,"..."," Wage and salary employment ","Number of jobs",3639,3728,4123,4099,4059,3945,3906,4101,4191,4424,4128,4193,4564,3830,3781,3889,3924,3875,3731,3908,3720,3443,3442,3569,3618,3748,3755,3880,3952,3956,3859,3931,3626,3459,3356,3426,3451,3556,3584,3552,3352,3318,3323,3378,3411,3390,3280,3178,3185,3194,3197,3096,3109,3341
 "54087","Roane, WV",5,CAINC4,7040,"..."," Proprietors employment ","Number of jobs",1254,1264,1240,1215,1255,1195,1226,1335,1400,1457,1431,1466,1501,1465,1546,1629,1671,1692,2345,2293,2239,2224,2170,1992,2329,2307,2542,2329,2473,2372,2235,2176,1872,1811,1938,1878,1993,2061,2260,2441,2172,2461,2152,2397,2513,2459,2675,2747,2424,2095,1624,2057,1768,1846
 "54089","Summers, WV",5,CAINC4,10,"...","Personal income (thousands of dollars) ","Thousands of dollars",26708,29084,32921,36559,39789,43164,48941,55167,60861,68407,77594,85727,93191,98198,101961,114836,122849,122610,125619,128724,135293,143271,152292,163603,172030,176083,180341,186882,196055,204460,207554,217316,241357,252508,257801,270638,279575,290579,303692,330458,336064,349401,373036,383718,382385,390913,402671,389992,414511,421960,443174,471434,508865,506072
 "54089","Summers, WV",5,CAINC4,11,"..."," Nonfarm personal income 1/","Thousands of dollars",26637,28998,32770,36345,39454,42978,48773,54974,60564,67866,76714,84997,93306,98212,101920,114272,122520,122214,125656,128837,134849,142646,152001,162900,171646,176044,181274,188912,198612,206960,210299,219087,243500,255248,258063,270618,279532,290287,303514,329961,336061,350022,374009,385544,383603,391968,403259,390851,415270,423201,444060,472276,509755,507853
 "54089","Summers, WV",5,CAINC4,12,"..."," Farm income 2/","Thousands of dollars",71,86,151,214,335,186,168,193,297,541,880,730,-115,-14,41,564,329,396,-37,-113,444,625,291,703,384,39,-933,-2030,-2557,-2500,-2745,-1771,-2143,-2740,-262,20,43,292,178,497,3,-621,-973,-1826,-1218,-1055,-588,-859,-759,-1241,-886,-842,-890,-1781
 "54089","Summers, WV",5,CAINC4,20,"...","Population (persons) 3/","Number of persons",13311,13354,14021,14035,13940,13860,14184,14747,15410,15731,15573,15887,15918,15810,15713,15658,15445,15327,15064,14909,14664,14092,13881,14010,13875,13688,13668,13425,13299,13351,13198,14356,14301,14123,14106,13997,13950,13879,13842,13712,13882,13924,13784,13708,13412,13107,12863,12665,12510,12237,12058,11939,11892,11762
 "54089","Summers, WV",5,CAINC4,30,"...","Per capita personal income (dollars) 4/","Dollars",2006,2178,2348,2605,2854,3114,3450,3741,3949,4349,4983,5396,5854,6211,6489,7334,7954,8000,8339,8634,9226,10167,10971,11678,12399,12864,13194,13920,14742,15314,15726,15138,16877,17879,18276,19335,20041,20937,21940,24100,24209,25093,27063,27992,28511,29825,31305,30793,33134,34482,36754,39487,42791,43026
 "54089","Summers, WV",5,CAINC4,35,"...","Earnings by place of work ","Thousands of dollars",19231,18782,20427,22439,24150,25169,27244,28849,32037,36316,42578,40569,41640,41949,44730,56086,61739,52679,56476,53154,53764,56148,58883,62268,65532,65831,66558,68279,71919,75047,76799,78810,93530,100869,103746,102439,105223,106118,108393,113479,114434,119315,121902,123944,123503,124827,135708,124737,126389,126568,133147,131297,148833,157860
 "54089","Summers, WV",5,CAINC4,36,"...","Less: Contributions for government social insurance 5/","Thousands of dollars",2004,1898,2021,2198,2566,2809,2972,3099,3409,3862,4700,4566,5203,5471,5993,7805,8891,7797,8551,8545,8845,9339,10292,10669,11416,11238,11787,12328,12977,13529,13571,14153,15017,15676,16307,16334,16786,16934,17084,17469,17905,18584,17630,17651,19388,20031,21568,20712,21291,21740,21765,21695,23803,26010
 "54089","Summers, WV",5,CAINC4,37,"..."," Employee and self-employed contributions for government social insurance ","Thousands of dollars",891,866,933,1032,1143,1118,1218,1284,1386,1585,1943,1921,2187,2344,2519,3144,3628,3339,3678,3833,4149,4185,4420,4627,4936,5137,5457,5634,5905,5988,6100,6084,7013,7293,7640,7824,8182,8861,9489,10059,10348,10779,9453,9389,11238,11669,12296,12115,12637,13245,13270,13237,14402,15890
 "54089","Summers, WV",5,CAINC4,38,"..."," Employer contributions for government social insurance ","Thousands of dollars",1113,1032,1088,1166,1423,1691,1754,1815,2023,2277,2757,2645,3016,3127,3474,4661,5263,4458,4873,4712,4696,5154,5872,6042,6480,6101,6330,6694,7072,7541,7471,8069,8004,8383,8667,8510,8604,8073,7595,7410,7557,7805,8177,8262,8150,8362,9272,8597,8654,8495,8495,8458,9401,10120
 "54089","Summers, WV",5,CAINC4,42,"...","Plus: Adjustment for residence 6/","Thousands of dollars",285,1140,1715,2158,2297,2837,3859,6054,7013,7820,7545,10455,11380,12583,11267,9996,9978,14929,15043,16786,17833,19902,20158,21434,22620,23311,24046,25351,26726,28285,29432,31201,32201,30907,30514,39929,43682,48540,47690,50740,51531,55347,64867,71030,71284,70390,66105,65393,71945,77177,79165,73560,72899,76029
 "54089","Summers, WV",5,CAINC4,45,"...","Equals: Net earnings by place of residence ","Thousands of dollars",17512,18024,20121,22399,23881,25197,28131,31804,35641,40274,45423,46458,47817,49061,50004,58277,62826,59811,62968,61395,62752,66711,68749,73033,76736,77904,78817,81302,85668,89803,92660,95858,110714,116100,117953,126034,132119,137724,138999,146750,148060,156078,169139,177323,175399,175186,180245,169418,177043,182005,190547,183162,197929,207879
 "54089","Summers, WV",5,CAINC4,46,"...","Plus: Dividends, interest, and rent 7/","Thousands of dollars",2869,3350,3748,4221,4713,5348,6172,6963,8075,9165,10794,13469,16358,18750,19294,21766,23716,24676,24253,26309,28690,29249,29155,27968,28215,29112,29723,31768,35284,37037,34555,37155,38805,38324,37486,36610,36499,36823,41570,47723,46322,46549,54381,54252,52704,53982,55041,52000,55923,55652,63981,70403,65028,69324
 "54089","Summers, WV",5,CAINC4,47,"...","Plus: Personal current transfer receipts ","Thousands of dollars",6327,7710,9052,9939,11195,12619,14638,16400,17145,18968,21377,25800,29016,30387,32663,34793,36307,38123,38398,41020,43851,47311,54388,62602,67079,69067,71801,73812,75103,77620,80339,84303,91838,98084,102362,107994,110957,116032,123123,135985,141682,146774,149516,152143,154282,161745,167385,168574,181545,184303,188646,217869,245908,228869
 "54089","Summers, WV",5,CAINC4,50,"...","Wages and salaries ","Thousands of dollars",15521,14622,15645,17024,18378,19047,20674,21698,24106,27330,32239,30816,32281,32367,33677,41806,45842,37839,41049,37275,36801,38181,41481,43175,45064,45512,46874,48942,51310,53229,53282,54364,57313,62118,63092,64522,66812,68277,72883,78596,78895,80753,82531,83620,84005,86468,94043,86900,87832,87000,90330,89726,104532,114099
 "54089","Summers, WV",5,CAINC4,60,"...","Supplements to wages and salaries ","Thousands of dollars",1902,1897,2135,2394,2721,3054,3223,3452,3951,4512,5305,5158,5687,6081,7048,9140,10702,9628,10725,9641,9797,10621,11936,12807,13733,13288,13453,13857,14324,15169,15814,16454,17227,19278,20481,20958,21979,22474,22450,23141,23312,23534,24465,25583,25716,24626,27772,24805,25895,26236,28909,28997,31162,32345
 "54089","Summers, WV",5,CAINC4,61,"..."," Employer contributions for employee pension and insurance funds 8/","Thousands of dollars",789,865,1047,1228,1298,1363,1469,1637,1928,2235,2548,2513,2671,2954,3574,4479,5439,5170,5852,4929,5101,5467,6064,6765,7253,7187,7123,7163,7252,7628,8343,8385,9223,10895,11814,12448,13375,14401,14855,15731,15755,15729,16288,17321,17566,16264,18500,16208,17241,17741,20414,20539,21761,22225
 "54089","Summers, WV",5,CAINC4,62,"..."," Employer contributions for government social insurance ","Thousands of dollars",1113,1032,1088,1166,1423,1691,1754,1815,2023,2277,2757,2645,3016,3127,3474,4661,5263,4458,4873,4712,4696,5154,5872,6042,6480,6101,6330,6694,7072,7541,7471,8069,8004,8383,8667,8510,8604,8073,7595,7410,7557,7805,8177,8262,8150,8362,9272,8597,8654,8495,8495,8458,9401,10120
 "54089","Summers, WV",5,CAINC4,70,"...","Proprietors' income 9/","Thousands of dollars",1808,2263,2647,3021,3051,3068,3347,3699,3980,4474,5034,4595,3672,3501,4005,5140,5195,5212,4702,6238,7166,7346,5466,6286,6735,7031,6231,5480,6285,6649,7703,7992,18990,19473,20173,16959,16432,15367,13060,11742,12227,15028,14906,14741,13782,13733,13893,13032,12662,13332,13908,12574,13139,11416
 "54089","Summers, WV",5,CAINC4,71,"..."," Farm proprietors' income ","Thousands of dollars",-76,-70,-8,76,146,11,53,35,165,344,667,513,-324,-249,-177,355,117,204,-218,-321,216,357,32,457,134,-187,-1166,-2241,-2773,-2837,-3183,-2249,-2801,-3636,-1204,-859,-630,-422,-609,-175,-584,-1124,-1373,-2407,-1810,-1684,-1107,-1437,-1289,-1733,-1287,-1271,-1299,-2363
 "54089","Summers, WV",5,CAINC4,72,"..."," Nonfarm proprietors' income ","Thousands of dollars",1884,2333,2655,2945,2905,3057,3294,3664,3815,4130,4367,4082,3996,3750,4182,4785,5078,5008,4920,6559,6950,6989,5434,5829,6601,7218,7397,7721,9058,9486,10886,10241,21791,23109,21377,17818,17062,15789,13669,11917,12811,16152,16279,17148,15592,15417,15000,14469,13951,15065,15195,13845,14438,13779
 "54089","Summers, WV",5,CAINC4,7010,"...","Total employment ","Number of jobs",3599,3428,3544,3694,3862,3795,3967,3908,4081,4161,4299,4137,3968,3779,3837,4093,4085,3753,3809,3577,3526,3583,3602,3593,3759,3759,3815,3807,3810,3807,3781,3762,3775,3915,3940,3881,3939,3895,3912,3907,3823,3791,3783,3660,3636,3691,3791,3660,3587,3550,3579,3495,3657,3853
 "54089","Summers, WV",5,CAINC4,7020,"..."," Wage and salary employment ","Number of jobs",2879,2664,2779,2919,3067,2974,3045,3040,3192,3247,3333,3098,2934,2725,2726,3002,3008,2677,2734,2604,2512,2503,2566,2561,2677,2654,2706,2653,2686,2746,2740,2726,2701,2862,2869,2868,2856,2794,2804,2799,2740,2768,2714,2686,2621,2618,2735,2576,2517,2446,2498,2399,2544,2693
 "54089","Summers, WV",5,CAINC4,7040,"..."," Proprietors employment ","Number of jobs",720,764,765,775,795,821,922,868,889,914,966,1039,1034,1054,1111,1091,1077,1076,1075,973,1014,1080,1036,1032,1082,1105,1109,1154,1124,1061,1041,1036,1074,1053,1071,1013,1083,1101,1108,1108,1083,1023,1069,974,1015,1073,1056,1084,1070,1104,1081,1096,1113,1160
 "54091","Taylor, WV",5,CAINC4,10,"...","Personal income (thousands of dollars) ","Thousands of dollars",32463,36382,40654,46219,51058,56108,62907,69049,77789,86822,99161,109862,118262,127347,131259,138598,141637,143559,146631,149582,156144,162656,174128,187778,196770,208026,215156,225145,240813,250529,260358,277116,295710,300202,311935,343546,366617,399467,414997,451757,472331,492057,528898,546013,577428,587552,601769,606400,651282,687492,710451,742984,805206,803387
 "54091","Taylor, WV",5,CAINC4,11,"..."," Nonfarm personal income 1/","Thousands of dollars",32404,36293,40480,45953,50687,55913,62772,68843,77607,86431,98059,108623,117343,127609,131270,137935,140926,142986,146043,148983,154927,161495,173100,186507,195865,207144,214444,225737,241370,250866,260958,277579,296432,301339,311979,343379,366709,399424,415145,451629,472707,493010,529952,548098,578959,588724,602678,607515,652245,688782,711136,743953,806491,805016
 "54091","Taylor, WV",5,CAINC4,12,"..."," Farm income 2/","Thousands of dollars",59,89,174,266,371,195,135,206,182,391,1102,1239,919,-262,-11,663,711,573,588,599,1217,1161,1028,1271,905,882,712,-592,-557,-337,-600,-463,-722,-1137,-44,167,-92,43,-148,128,-376,-953,-1054,-2085,-1531,-1172,-909,-1115,-963,-1290,-685,-969,-1285,-1629
 "54091","Taylor, WV",5,CAINC4,20,"...","Population (persons) 3/","Number of persons",14512,13944,14417,14701,15005,15344,15894,16175,16406,16194,16205,16580,16549,16685,16584,16512,16155,15912,15634,15516,15293,15131,15260,15356,15455,15555,15714,15761,15798,15895,15996,16050,16079,16089,16160,16247,16318,16498,16640,16792,16838,16876,16920,16961,16980,17094,16924,16956,16912,16827,16715,16684,16483,16342
 "54091","Taylor, WV",5,CAINC4,30,"...","Per capita personal income (dollars) 4/","Dollars",2237,2609,2820,3144,3403,3657,3958,4269,4741,5361,6119,6626,7146,7632,7915,8394,8767,9022,9379,9641,10210,10750,11411,12228,12732,13374,13692,14285,15243,15761,16276,17266,18391,18659,19303,21145,22467,24213,24940,26903,28051,29157,31259,32192,34006,34372,35557,35763,38510,40856,42504,44533,48851,49161
 "54091","Taylor, WV",5,CAINC4,35,"...","Earnings by place of work ","Thousands of dollars",20868,22923,24207,26934,28994,30264,31876,34905,39484,46024,50477,52083,56820,63898,65139,69437,69842,70515,73727,72497,75376,76387,79230,82031,86653,91775,94640,94573,100665,103934,105069,113470,119550,114901,120572,125192,127379,129243,129070,130327,132782,141005,142946,158268,182017,193864,201018,198517,208393,215226,227293,225386,238422,248961
 "54091","Taylor, WV",5,CAINC4,36,"...","Less: Contributions for government social insurance 5/","Thousands of dollars",2059,2247,2398,2737,3236,3566,3675,4014,4475,5253,5885,6191,7306,8781,8998,9826,10003,10545,10995,11294,11697,11852,12625,13037,14279,14811,15559,15850,16664,17353,17239,19196,19647,17793,19045,19465,19827,20023,19238,18730,19431,20109,18465,19841,24723,26407,27152,27974,29081,30186,31077,31494,33093,35081
 "54091","Taylor, WV",5,CAINC4,37,"..."," Employee and self-employed contributions for government social insurance ","Thousands of dollars",934,1006,1076,1226,1385,1366,1443,1544,1676,1956,2231,2356,2818,3459,3509,3784,4027,4277,4538,4746,5131,5088,5368,5530,5910,6348,6695,6787,7162,7220,7333,7679,8235,7793,8412,8850,9170,9925,10451,10808,11213,11733,10100,10705,14259,15280,15784,16255,17228,18064,18674,18529,19395,20987
 "54091","Taylor, WV",5,CAINC4,38,"..."," Employer contributions for government social insurance ","Thousands of dollars",1125,1241,1322,1511,1851,2200,2232,2470,2799,3297,3654,3835,4488,5322,5489,6042,5976,6268,6457,6548,6566,6764,7257,7507,8369,8463,8864,9063,9502,10133,9906,11517,11412,10000,10633,10615,10657,10098,8787,7922,8218,8376,8365,9136,10464,11127,11368,11719,11853,12122,12403,12965,13698,14094
 "54091","Taylor, WV",5,CAINC4,42,"...","Plus: Adjustment for residence 6/","Thousands of dollars",5361,5850,7391,8939,9697,11378,13261,14915,17243,18167,22336,24872,24024,22852,21455,22417,22112,21189,21251,22506,23113,25698,28708,32501,35047,41112,43010,47489,52847,56409,64523,69013,70867,77099,80031,103040,114651,134500,138804,155887,164080,168772,189444,191045,193908,186981,186075,185843,205525,230731,236558,226001,246086,257475
 "54091","Taylor, WV",5,CAINC4,45,"...","Equals: Net earnings by place of residence ","Thousands of dollars",24170,26526,29200,33136,35455,38076,41462,45806,52252,58938,66928,70764,73538,77969,77596,82028,81951,81159,83983,83709,86792,90233,95313,101495,107421,118076,122091,126212,136848,142990,152353,163287,170770,174207,181558,208767,222203,243720,248636,267484,277431,289668,313925,329472,351202,354438,359941,356386,384837,415771,432774,419893,451415,471355
 "54091","Taylor, WV",5,CAINC4,46,"...","Plus: Dividends, interest, and rent 7/","Thousands of dollars",2821,3287,3656,4074,4725,5524,6528,7284,8402,10006,11697,14534,17701,20660,21921,24279,25442,25926,25341,25690,27434,28740,29659,30025,30583,31225,31283,32758,37115,37509,37477,39869,42384,39155,39223,42852,46732,51773,55770,61589,62394,65941,77504,74795,80364,84165,81055,81819,92859,94193,93625,99648,104144,114028
 "54091","Taylor, WV",5,CAINC4,47,"...","Plus: Personal current transfer receipts ","Thousands of dollars",5472,6569,7798,9009,10878,12508,14917,15959,17135,17878,20536,24564,27023,28718,31742,32291,34244,36474,37307,40183,41918,43683,49156,56258,58766,58725,61782,66175,66850,70030,70528,73960,82556,86840,91154,91927,97682,103974,110591,122684,132506,136448,137469,141746,145862,148949,160773,168195,173586,177528,184052,223443,249647,218004
 "54091","Taylor, WV",5,CAINC4,50,"...","Wages and salaries ","Thousands of dollars",16190,17750,18574,20757,22214,23143,24208,26189,29358,34303,37149,38601,42465,49355,48627,50708,50460,51463,53510,52115,53166,53587,55350,57170,60331,64460,67192,68472,72062,74446,72974,78590,80166,75948,79027,81837,83672,85014,87520,89838,90663,94217,94384,106774,127116,138445,143123,143470,148032,153369,160994,161836,168125,179258
 "54091","Taylor, WV",5,CAINC4,60,"...","Supplements to wages and salaries ","Thousands of dollars",2066,2305,2525,2939,3287,3741,3834,4267,5012,5843,6508,6901,7956,9625,10570,11524,12217,13028,13879,13035,13830,14366,15555,16680,18288,19125,19362,19308,19906,20759,21101,23275,24611,23379,25469,26304,27394,27568,26536,26198,26415,26731,27264,30931,35451,35715,38078,36481,39589,41480,43388,43178,45189,46318
 "54091","Taylor, WV",5,CAINC4,61,"..."," Employer contributions for employee pension and insurance funds 8/","Thousands of dollars",941,1064,1203,1428,1436,1541,1602,1797,2213,2546,2854,3066,3468,4303,5081,5482,6241,6760,7422,6487,7264,7602,8298,9173,9919,10662,10498,10245,10404,10626,11195,11758,13199,13379,14836,15689,16737,17470,17749,18276,18197,18355,18899,21795,24987,24588,26710,24762,27736,29358,30985,30213,31491,32224
 "54091","Taylor, WV",5,CAINC4,62,"..."," Employer contributions for government social insurance ","Thousands of dollars",1125,1241,1322,1511,1851,2200,2232,2470,2799,3297,3654,3835,4488,5322,5489,6042,5976,6268,6457,6548,6566,6764,7257,7507,8369,8463,8864,9063,9502,10133,9906,11517,11412,10000,10633,10615,10657,10098,8787,7922,8218,8376,8365,9136,10464,11127,11368,11719,11853,12122,12403,12965,13698,14094
 "54091","Taylor, WV",5,CAINC4,70,"...","Proprietors' income 9/","Thousands of dollars",2612,2868,3108,3238,3493,3380,3834,4449,5114,5878,6820,6581,6399,4918,5942,7205,7165,6024,6338,7347,8380,8434,8325,8181,8034,8190,8086,6793,8697,8729,10994,11605,14773,15574,16076,17051,16313,16661,15014,14291,15704,20057,21298,20563,19450,19704,19817,18566,20772,20377,22911,20372,25108,23385
 "54091","Taylor, WV",5,CAINC4,71,"..."," Farm proprietors' income ","Thousands of dollars",-39,-59,-19,60,43,-150,-110,-164,-145,-141,509,614,306,-961,-665,30,89,4,38,-5,576,428,342,627,269,321,157,-1090,-1027,-802,-1023,-813,-1093,-1516,-491,-295,-481,-409,-692,-316,-746,-1260,-1289,-2407,-1857,-1518,-1194,-1438,-1260,-1565,-907,-1207,-1511,-1951
 "54091","Taylor, WV",5,CAINC4,72,"..."," Nonfarm proprietors' income ","Thousands of dollars",2651,2927,3127,3178,3450,3530,3944,4613,5259,6019,6311,5967,6093,5879,6607,7175,7076,6020,6300,7352,7804,8006,7983,7554,7765,7869,7929,7883,9724,9531,12017,12418,15866,17090,16567,17346,16794,17070,15706,14607,16450,21317,22587,22970,21307,21222,21011,20004,22032,21942,23818,21579,26619,25336
 "54091","Taylor, WV",5,CAINC4,7010,"...","Total employment ","Number of jobs",4035,4057,4035,4120,4178,4301,4142,4192,4267,4457,4512,4355,4414,4494,4392,4305,4173,4232,4317,4239,4327,4314,4308,4331,4372,4551,4689,4713,4789,4634,4499,4703,4826,4628,4655,4705,4734,4704,4758,4663,4585,4604,4562,4798,5122,5228,5122,5163,5166,5049,5038,4960,5034,5236
 "54091","Taylor, WV",5,CAINC4,7020,"..."," Wage and salary employment ","Number of jobs",3284,3297,3271,3348,3394,3465,3265,3350,3417,3595,3637,3439,3465,3576,3444,3343,3197,3228,3268,3179,3257,3211,3160,3176,3218,3389,3406,3407,3515,3490,3381,3582,3500,3339,3360,3437,3428,3390,3309,3228,3166,3175,3166,3356,3569,3649,3627,3624,3540,3491,3513,3354,3442,3568
 "54091","Taylor, WV",5,CAINC4,7040,"..."," Proprietors employment ","Number of jobs",751,760,764,772,784,836,877,842,850,862,875,916,949,918,948,962,976,1004,1049,1060,1070,1103,1148,1155,1154,1162,1283,1306,1274,1144,1118,1121,1326,1289,1295,1268,1306,1314,1449,1435,1419,1429,1396,1442,1553,1579,1495,1539,1626,1558,1525,1606,1592,1668
 "54093","Tucker, WV",5,CAINC4,10,"...","Personal income (thousands of dollars) ","Thousands of dollars",16493,18699,21356,22875,24703,26222,29169,32360,36471,41641,48580,56157,59564,64895,68802,75559,78685,83968,85866,87238,89799,93666,100773,108047,111641,114991,120033,126280,128368,127627,131499,138844,148744,152005,153554,157058,163343,172311,178150,190709,201981,209901,227291,239965,247953,260826,267608,273265,287398,291453,300916,323083,355209,362273
 "54093","Tucker, WV",5,CAINC4,11,"..."," Nonfarm personal income 1/","Thousands of dollars",16283,18540,21201,22724,24489,26196,29280,32509,36624,41683,48495,55901,59871,65254,68915,75547,78954,84032,86024,87335,89625,93340,100702,107793,111302,114605,120095,126333,128572,128186,132428,139724,150064,153731,155079,158064,164007,172673,178670,190230,201430,209591,226500,238555,246109,259245,266024,271689,285639,289730,298330,320980,354050,359497
 "54093","Tucker, WV",5,CAINC4,12,"..."," Farm income 2/","Thousands of dollars",210,159,155,151,214,26,-111,-149,-153,-42,85,256,-307,-359,-113,12,-269,-64,-158,-97,174,326,71,254,339,386,-62,-53,-204,-559,-929,-880,-1320,-1726,-1525,-1006,-664,-362,-520,479,551,310,791,1410,1844,1581,1584,1576,1759,1723,2586,2103,1159,2776
 "54093","Tucker, WV",5,CAINC4,20,"...","Population (persons) 3/","Number of persons",7575,7488,7758,7695,7727,7692,8026,8192,8425,8627,8655,8669,8640,8504,8434,8370,8379,8032,7908,7887,7805,7710,7735,7735,7714,7771,7672,7624,7581,7450,7365,7288,7248,7332,7294,7223,7178,7111,7117,7160,7172,7127,7122,7064,7059,7023,7055,7017,6949,6906,6835,6753,6675,6568
 "54093","Tucker, WV",5,CAINC4,30,"...","Per capita personal income (dollars) 4/","Dollars",2177,2497,2753,2973,3197,3409,3634,3950,4329,4827,5613,6478,6894,7631,8158,9027,9391,10454,10858,11061,11505,12149,13028,13969,14473,14797,15646,16563,16933,17131,17855,19051,20522,20732,21052,21744,22756,24232,25032,26635,28162,29452,31914,33970,35126,37139,37932,38943,41358,42203,44026,47843,53215,55157
 "54093","Tucker, WV",5,CAINC4,35,"...","Earnings by place of work ","Thousands of dollars",12300,13483,14111,13844,14884,17164,17574,19478,22735,26881,29910,32703,34179,35591,37141,42083,43494,48718,53185,55419,55876,55215,60704,64725,67927,72248,72605,77875,77599,76283,80172,84710,86782,88159,88101,92247,97096,105706,110208,109919,107338,111877,119718,128911,133187,136739,143129,143641,145397,147313,143885,145097,156369,176952
 "54093","Tucker, WV",5,CAINC4,36,"...","Less: Contributions for government social insurance 5/","Thousands of dollars",998,1096,1166,1149,1405,1697,1681,1888,2181,2645,2983,3418,3941,4151,4439,5193,5440,6319,7090,7645,7943,8154,9143,9611,10275,10777,11070,11848,11574,11582,11973,13319,13107,12933,13357,13569,14558,14988,14789,14074,13980,14329,13434,14181,16359,17356,18131,18860,19127,19130,18296,19455,20663,23393
 "54093","Tucker, WV",5,CAINC4,37,"..."," Employee and self-employed contributions for government social insurance ","Thousands of dollars",431,470,509,521,622,745,768,851,954,1131,1306,1465,1698,1826,1892,2148,2340,2747,3129,3263,3431,3388,3790,3982,4227,4585,4752,5059,5044,4935,5174,5321,5571,5587,5736,6010,6414,7165,7733,7783,7727,7956,6845,7083,9032,9557,9943,10350,10710,11050,10755,11351,12120,13747
 "54093","Tucker, WV",5,CAINC4,38,"..."," Employer contributions for government social insurance ","Thousands of dollars",567,626,657,628,783,952,913,1037,1227,1514,1677,1953,2243,2325,2547,3045,3100,3572,3961,4382,4512,4766,5353,5629,6048,6192,6318,6789,6530,6647,6799,7998,7536,7346,7621,7559,8144,7823,7056,6291,6253,6373,6589,7098,7327,7799,8188,8510,8417,8080,7541,8104,8543,9646
 "54093","Tucker, WV",5,CAINC4,42,"...","Plus: Adjustment for residence 6/","Thousands of dollars",790,1142,2137,2945,2953,1624,2443,2591,2562,2818,4956,6962,6274,7925,8292,9179,8811,7087,5577,4369,4245,6482,5533,5723,4111,2717,3174,2786,3209,3127,3663,4209,5424,4703,5870,5546,5481,2390,-2492,-943,4942,6915,12336,14382,19313,18282,17518,17175,19209,20219,26084,29463,33327,29622
 "54093","Tucker, WV",5,CAINC4,45,"...","Equals: Net earnings by place of residence ","Thousands of dollars",12092,13529,15082,15640,16432,17091,18336,20181,23116,27054,31883,36247,36512,39365,40994,46069,46865,49486,51672,52143,52178,53543,57094,60837,61763,64188,64709,68813,69234,67828,71862,75600,79099,79929,80614,84224,88019,93108,92927,94902,98300,104463,118620,129112,136141,137665,142516,141956,145479,148402,151673,155105,169033,183181
 "54093","Tucker, WV",5,CAINC4,46,"...","Plus: Dividends, interest, and rent 7/","Thousands of dollars",1580,1861,2128,2426,2767,3172,3514,3852,4432,5148,5875,7271,8853,10277,11261,12791,14138,15513,15017,15214,16846,17863,17712,17636,17815,18836,21962,22322,23208,22783,22430,24389,26109,24979,25609,24154,22514,23665,26870,31353,32479,33985,37512,39310,39655,43151,43963,43455,50193,48575,52192,51291,57119,61881
 "54093","Tucker, WV",5,CAINC4,47,"...","Plus: Personal current transfer receipts ","Thousands of dollars",2821,3309,4146,4809,5504,5959,7319,8327,8923,9439,10822,12639,14199,15253,16547,16699,17682,18969,19177,19881,20775,22260,25967,29574,32063,31967,33362,35145,35926,37016,37207,38855,43536,47097,47331,48680,52810,55538,58353,64454,71202,71453,71159,71543,72157,80010,81129,87854,91726,94476,97051,116687,129057,117211
 "54093","Tucker, WV",5,CAINC4,50,"...","Wages and salaries ","Thousands of dollars",9484,10525,10838,10231,10917,12652,13058,14524,16961,19904,21702,23930,25298,26113,26876,29983,30734,33912,36821,38861,40087,41354,44296,45798,47179,50021,50452,53421,52028,51888,54762,58684,59911,60629,60554,63478,66838,72255,78488,78669,75719,78177,82399,88986,92894,98436,101503,102083,101959,102957,98203,100812,106537,123950
 "54093","Tucker, WV",5,CAINC4,60,"...","Supplements to wages and salaries ","Thousands of dollars",1357,1508,1649,1699,1919,2420,2427,2615,3180,3745,4306,4673,4758,5035,5683,6553,7095,8172,8816,9438,10193,10725,12038,13020,13735,14558,14232,14910,14600,14643,15770,17471,17931,18464,19399,20272,21417,22897,22623,22011,21352,21490,22414,25020,25740,25182,28293,27272,28597,28962,28801,29667,30359,33126
 "54093","Tucker, WV",5,CAINC4,61,"..."," Employer contributions for employee pension and insurance funds 8/","Thousands of dollars",790,882,992,1071,1136,1468,1514,1578,1953,2231,2629,2720,2515,2710,3136,3508,3995,4600,4855,5056,5681,5959,6685,7391,7687,8366,7914,8121,8070,7996,8971,9473,10395,11118,11778,12713,13273,15074,15567,15720,15099,15117,15825,17922,18413,17383,20105,18762,20180,20882,21260,21563,21816,23480
 "54093","Tucker, WV",5,CAINC4,62,"..."," Employer contributions for government social insurance ","Thousands of dollars",567,626,657,628,783,952,913,1037,1227,1514,1677,1953,2243,2325,2547,3045,3100,3572,3961,4382,4512,4766,5353,5629,6048,6192,6318,6789,6530,6647,6799,7998,7536,7346,7621,7559,8144,7823,7056,6291,6253,6373,6589,7098,7327,7799,8188,8510,8417,8080,7541,8104,8543,9646
 "54093","Tucker, WV",5,CAINC4,70,"...","Proprietors' income 9/","Thousands of dollars",1459,1450,1624,1914,2048,2092,2089,2339,2594,3232,3902,4100,4123,4443,4582,5547,5665,6634,7548,7120,5596,3136,4370,5907,7013,7669,7921,9544,10971,9752,9640,8555,8940,9066,8148,8497,8841,10554,9097,9239,10267,12210,14905,14905,14553,13121,13333,14286,14841,15394,16881,14618,19473,19876
 "54093","Tucker, WV",5,CAINC4,71,"..."," Farm proprietors' income ","Thousands of dollars",165,105,96,97,138,-48,-161,-218,-213,-132,-4,172,-383,-438,-183,-50,-319,-108,-198,-145,119,256,2,190,276,332,-116,-101,-248,-604,-970,-916,-1359,-1768,-1596,-1099,-756,-480,-681,340,429,206,706,1287,1713,1445,1474,1453,1646,1616,2498,2009,1070,2651
 "54093","Tucker, WV",5,CAINC4,72,"..."," Nonfarm proprietors' income ","Thousands of dollars",1294,1345,1528,1817,1910,2140,2250,2557,2807,3364,3906,3928,4506,4881,4765,5597,5984,6742,7746,7265,5477,2880,4368,5717,6737,7337,8037,9645,11219,10356,10610,9471,10299,10834,9744,9596,9597,11034,9778,8899,9838,12004,14199,13618,12840,11676,11859,12833,13195,13778,14383,12609,18403,17225
 "54093","Tucker, WV",5,CAINC4,7010,"...","Total employment ","Number of jobs",2595,2620,2484,2398,2485,2630,2504,2533,2682,2856,2959,3006,2974,2859,2914,3060,3059,3248,3425,3407,3462,3495,3560,3613,3605,3860,3898,3907,3896,3750,3670,3842,3892,3796,3683,3738,3709,3769,3865,3782,3574,3524,3537,3610,3705,3723,3748,3809,3692,3632,3555,3509,3681,4025
 "54093","Tucker, WV",5,CAINC4,7020,"..."," Wage and salary employment ","Number of jobs",2034,2073,1977,1866,1948,2093,1984,2050,2208,2381,2469,2491,2419,2316,2332,2448,2418,2566,2695,2745,2792,2830,2866,2909,2910,3172,3203,3179,3122,3007,2963,3137,3102,3088,2959,3019,2983,3031,3030,2957,2784,2726,2748,2823,2896,2915,2924,2935,2817,2752,2696,2562,2717,3009
 "54093","Tucker, WV",5,CAINC4,7040,"..."," Proprietors employment ","Number of jobs",561,547,507,532,537,537,520,483,474,475,490,515,555,543,582,612,641,682,730,662,670,665,694,704,695,688,695,728,774,743,707,705,790,708,724,719,726,738,835,825,790,798,789,787,809,808,824,874,875,880,859,947,964,1016
 "54095","Tyler, WV",5,CAINC4,10,"...","Personal income (thousands of dollars) ","Thousands of dollars",27653,28571,29995,32864,36641,41982,44479,51641,62986,69705,76360,84142,90740,90765,93682,101533,105154,103077,103802,107076,112178,118374,121941,131182,133298,136979,142014,145277,151266,157009,158931,165103,175868,185313,186833,192115,194315,205723,218689,240161,240574,246447,266427,281329,281079,289384,296758,290983,312011,331426,351087,368475,415397,461888
 "54095","Tyler, WV",5,CAINC4,11,"..."," Nonfarm personal income 1/","Thousands of dollars",27464,28417,29759,32640,36303,41771,44497,51778,63173,69792,76462,84055,91291,91605,94445,101787,105485,103323,104026,107482,112069,118163,121951,130711,132661,136232,141402,145052,150892,156669,158872,164956,175918,185365,187433,192510,194951,206443,219601,240616,241185,247171,266982,281739,281621,289923,297155,291574,312585,332155,351588,369074,415993,462906
 "54095","Tyler, WV",5,CAINC4,12,"..."," Farm income 2/","Thousands of dollars",189,154,236,224,338,211,-18,-137,-187,-87,-102,87,-551,-840,-763,-254,-331,-246,-224,-406,109,211,-10,471,637,747,612,225,374,340,59,147,-50,-52,-600,-395,-636,-720,-912,-455,-611,-724,-555,-410,-542,-539,-397,-591,-574,-729,-501,-599,-596,-1018
 "54095","Tyler, WV",5,CAINC4,20,"...","Population (persons) 3/","Number of persons",10253,9930,10058,9881,10151,10193,10530,10574,10887,11117,11268,11323,11325,11368,11133,10924,10801,10580,10444,10162,9888,9795,9787,9807,9888,9921,9971,9970,9897,9694,9621,9569,9533,9467,9475,9517,9531,9484,9423,9363,9249,9208,9084,8993,8920,8972,8822,8810,8619,8542,8393,8296,8243,8183
 "54095","Tyler, WV",5,CAINC4,30,"...","Per capita personal income (dollars) 4/","Dollars",2697,2877,2982,3326,3610,4119,4224,4884,5785,6270,6777,7431,8012,7984,8415,9294,9736,9743,9939,10537,11345,12085,12459,13376,13481,13807,14243,14571,15284,16197,16519,17254,18448,19575,19719,20187,20388,21692,23208,25650,26011,26764,29329,31283,31511,32254,33638,33029,36200,38800,41831,44416,50394,56445
 "54095","Tyler, WV",5,CAINC4,35,"...","Earnings by place of work ","Thousands of dollars",15554,15913,17405,19015,20940,23881,24506,29857,39050,37815,43244,45920,49206,49300,51068,58733,62052,64386,64008,70187,75190,76346,75672,82588,86504,90892,97946,93778,95777,100623,102301,102810,106617,112052,109292,112957,116751,118517,121260,121007,116715,124388,133753,148134,148803,154979,153824,142664,146644,145617,149376,132922,134028,164421
 "54095","Tyler, WV",5,CAINC4,36,"...","Less: Contributions for government social insurance 5/","Thousands of dollars",1167,1182,1340,1547,2002,2422,2449,3042,4114,3959,4671,4920,5737,5926,6174,7128,7585,8206,8159,9345,10005,10220,10197,10942,11821,12423,13483,12876,13007,13707,13865,14285,14447,14536,14586,14957,15396,15824,15721,15282,15031,15832,15154,16145,18132,19222,19406,18892,19799,19765,20003,18467,18645,22738
 "54095","Tyler, WV",5,CAINC4,37,"..."," Employee and self-employed contributions for government social insurance ","Thousands of dollars",553,571,643,732,912,1092,1125,1356,1725,1699,2026,2173,2549,2652,2710,3066,3350,3615,3694,4114,4508,4611,4705,5050,5350,5719,6313,6050,6193,6445,6566,6475,6679,6889,6958,7276,7615,8276,8696,8807,8630,9089,7951,8548,10502,11233,11161,10977,11573,11750,11814,11022,11258,13598
 "54095","Tyler, WV",5,CAINC4,38,"..."," Employer contributions for government social insurance ","Thousands of dollars",614,611,697,815,1090,1330,1324,1686,2389,2260,2645,2747,3188,3274,3464,4062,4235,4591,4465,5231,5497,5609,5492,5892,6471,6704,7170,6826,6814,7262,7299,7810,7768,7647,7628,7681,7781,7548,7025,6475,6401,6743,7203,7597,7630,7989,8245,7915,8226,8015,8189,7445,7387,9140
 "54095","Tyler, WV",5,CAINC4,42,"...","Plus: Adjustment for residence 6/","Thousands of dollars",5498,5444,4820,5526,6254,6812,7129,8092,9700,15778,15035,16327,15165,12202,11281,10349,8626,5145,7000,3415,1468,3570,5099,3446,1494,344,-3474,-61,617,-631,86,1175,2633,4154,9183,11632,11339,15855,18693,22794,19646,17887,18309,19420,19016,16502,12141,18428,22627,30540,30381,32439,35329,26474
 "54095","Tyler, WV",5,CAINC4,45,"...","Equals: Net earnings by place of residence ","Thousands of dollars",19885,20175,20885,22994,25192,28271,29186,34907,44636,49634,53608,57327,58634,55576,56175,61954,63093,61325,62849,64257,66653,69696,70574,75092,76177,78813,80989,80841,83387,86285,88522,89700,94803,101670,103889,109632,112694,118548,124232,128519,121330,126443,136908,151409,149687,152259,146559,142200,149472,156392,159754,146894,150712,168157
 "54095","Tyler, WV",5,CAINC4,46,"...","Plus: Dividends, interest, and rent 7/","Thousands of dollars",4709,4876,5035,5326,6481,7840,8129,8987,10106,11098,12450,14971,18570,20737,21468,22741,24079,22788,21627,22869,24607,25654,26221,26423,26487,26309,27564,28636,31033,32383,31739,34226,34777,34473,32105,29743,26836,26885,30740,38217,39384,37781,43449,44492,45584,50718,58805,53361,65653,76911,93051,100455,125096,170788
 "54095","Tyler, WV",5,CAINC4,47,"...","Plus: Personal current transfer receipts ","Thousands of dollars",3059,3520,4075,4544,4968,5871,7164,7747,8244,8973,10302,11844,13536,14452,16039,16838,17982,18964,19326,19950,20918,23024,25146,29667,30634,31857,33461,35800,36846,38341,38670,41177,46288,49170,50839,52740,54785,60290,63717,73425,79860,82223,86070,85428,85808,86407,91394,95422,96886,98123,98282,121126,139589,122943
 "54095","Tyler, WV",5,CAINC4,50,"...","Wages and salaries ","Thousands of dollars",11865,12316,13404,14525,16023,18674,19132,23744,31495,30135,34466,36376,39487,39892,40648,45414,47719,49386,48178,52755,55698,56136,54866,59068,60902,65654,73081,69029,70651,74499,75630,75766,76604,79747,77178,79871,81919,83153,86809,87909,84196,88209,94889,99615,101203,109101,112181,105288,106625,105427,107184,96733,99270,125914
 "54095","Tyler, WV",5,CAINC4,60,"...","Supplements to wages and salaries ","Thousands of dollars",1460,1540,1722,1969,2288,2703,2792,3412,4716,4523,5434,5890,6649,6896,7738,9012,9994,11021,10811,12150,13535,13967,14412,16263,17379,18311,18343,17979,17551,17800,18481,19317,22319,23694,23745,24282,25118,26450,26742,26384,25424,26952,28917,30609,31167,30516,33173,29669,31106,31212,32758,29129,27998,31888
 "54095","Tyler, WV",5,CAINC4,61,"..."," Employer contributions for employee pension and insurance funds 8/","Thousands of dollars",846,929,1025,1154,1198,1373,1468,1726,2327,2263,2789,3143,3461,3622,4274,4950,5759,6430,6346,6919,8038,8358,8920,10371,10908,11607,11173,11153,10737,10538,11182,11507,14551,16047,16117,16601,17337,18902,19717,19909,19023,20209,21714,23012,23537,22527,24928,21754,22880,23197,24569,21684,20611,22748
 "54095","Tyler, WV",5,CAINC4,62,"..."," Employer contributions for government social insurance ","Thousands of dollars",614,611,697,815,1090,1330,1324,1686,2389,2260,2645,2747,3188,3274,3464,4062,4235,4591,4465,5231,5497,5609,5492,5892,6471,6704,7170,6826,6814,7262,7299,7810,7768,7647,7628,7681,7781,7548,7025,6475,6401,6743,7203,7597,7630,7989,8245,7915,8226,8015,8189,7445,7387,9140
 "54095","Tyler, WV",5,CAINC4,70,"...","Proprietors' income 9/","Thousands of dollars",2229,2057,2279,2521,2629,2504,2582,2701,2839,3157,3344,3654,3070,2512,2682,4307,4339,3979,5019,5282,5957,6243,6394,7257,8223,6927,6522,6770,7575,8324,8190,7727,7694,8611,8369,8804,9714,8914,7709,6714,7095,9227,9947,17910,16433,15362,8470,7707,8913,8978,9434,7060,6760,6619
 "54095","Tyler, WV",5,CAINC4,71,"..."," Farm proprietors' income ","Thousands of dollars",150,108,184,173,252,119,-87,-219,-257,-186,-200,-7,-636,-928,-843,-334,-401,-304,-269,-457,53,146,-73,407,573,687,550,164,313,272,-11,77,-136,-157,-717,-506,-728,-821,-1028,-573,-728,-838,-655,-576,-716,-721,-544,-757,-726,-873,-616,-725,-714,-1185
 "54095","Tyler, WV",5,CAINC4,72,"..."," Nonfarm proprietors' income ","Thousands of dollars",2079,1949,2095,2348,2377,2385,2669,2920,3096,3343,3544,3661,3706,3440,3525,4641,4740,4283,5288,5739,5904,6097,6467,6850,7650,6240,5972,6606,7262,8052,8201,7650,7830,8768,9086,9310,10442,9735,8737,7287,7823,10065,10602,18486,17149,16083,9014,8464,9639,9851,10050,7785,7474,7804
 "54095","Tyler, WV",5,CAINC4,7010,"...","Total employment ","Number of jobs",2849,2854,2779,2751,2882,2938,2865,3047,3357,3149,3270,3332,3277,3113,3073,3225,3203,3227,3300,3312,3298,3216,3141,3161,3273,3323,3396,3449,3461,3466,3436,3464,3404,3400,3289,3197,3214,3178,3337,3176,3097,3171,3287,3369,3363,3378,3380,3288,3211,3260,3102,2838,2773,3010
 "54095","Tyler, WV",5,CAINC4,7020,"..."," Wage and salary employment ","Number of jobs",2197,2211,2167,2135,2254,2283,2181,2360,2686,2484,2574,2581,2509,2295,2226,2355,2300,2292,2268,2370,2382,2353,2274,2288,2373,2435,2471,2514,2500,2487,2474,2495,2552,2580,2485,2426,2414,2395,2480,2331,2231,2296,2454,2529,2497,2502,2548,2339,2284,2302,2258,1993,1912,2114
 "54095","Tyler, WV",5,CAINC4,7040,"..."," Proprietors employment ","Number of jobs",652,643,612,616,628,655,684,687,671,665,696,751,768,818,847,870,903,935,1032,942,916,863,867,873,900,888,925,935,961,979,962,969,852,820,804,771,800,783,857,845,866,875,833,840,866,876,832,949,927,958,844,845,861,896
 "54097","Upshur, WV",5,CAINC4,10,"...","Personal income (thousands of dollars) ","Thousands of dollars",40716,47276,52781,57626,63640,69998,79733,87065,104063,119305,136073,153159,171190,187133,195824,214775,229069,227925,227165,246762,263332,281919,288493,297965,307236,315601,321799,334601,358029,377688,391936,423357,453567,468029,473369,503102,532959,578187,604992,651152,661708,704122,744542,764797,753217,775779,775355,745176,774290,810958,863621,912139,975655,977636
 "54097","Upshur, WV",5,CAINC4,11,"..."," Nonfarm personal income 1/","Thousands of dollars",40353,47004,52476,57273,63209,69972,79866,87243,104254,119336,135770,152755,171576,187516,195772,214023,228456,227058,227844,247605,263776,282063,288583,297720,307001,315460,323047,335885,359800,379365,393632,423895,454103,468368,473920,503174,533404,578724,606452,652126,663172,705710,745382,765686,753585,776382,776568,747214,776693,813509,865590,914089,977530,981405
 "54097","Upshur, WV",5,CAINC4,12,"..."," Farm income 2/","Thousands of dollars",363,272,305,353,431,26,-133,-178,-191,-31,303,404,-386,-383,52,752,613,867,-679,-843,-444,-144,-90,245,235,141,-1248,-1284,-1771,-1677,-1696,-538,-536,-339,-551,-72,-445,-537,-1460,-974,-1464,-1588,-840,-889,-368,-603,-1213,-2038,-2403,-2551,-1969,-1950,-1875,-3769
 "54097","Upshur, WV",5,CAINC4,20,"...","Population (persons) 3/","Number of persons",19016,19229,19829,20539,20457,20831,21201,21777,22300,22687,23059,23525,23896,24284,24590,24489,24472,24105,23571,23202,22930,22886,23020,23034,23484,23490,23549,23482,23580,23380,23387,23406,23366,23420,23766,23820,23654,23754,23851,23929,24124,24231,24225,24357,24476,24499,24525,24425,24273,24068,23918,23813,23820,23712
 "54097","Upshur, WV",5,CAINC4,30,"...","Per capita personal income (dollars) 4/","Dollars",2141,2459,2662,2806,3111,3360,3761,3998,4667,5259,5901,6510,7164,7706,7964,8770,9360,9456,9637,10635,11484,12318,12532,12936,13083,13436,13665,14249,15184,16154,16759,18088,19411,19984,19918,21121,22531,24341,25365,27212,27429,29059,30734,31399,30774,31666,31615,30509,31899,33694,36108,38304,40959,41230
 "54097","Upshur, WV",5,CAINC4,35,"...","Earnings by place of work ","Thousands of dollars",29498,34411,37735,40716,46588,51560,58459,64453,81972,100046,114718,128244,138696,144410,143574,162934,173115,160142,158916,169665,177915,191978,188505,185272,192141,199108,199138,209629,227474,246683,256267,285333,307438,314934,318698,339366,364557,385527,387242,395504,386019,425250,458111,476300,454422,448931,451765,414218,421911,445472,471279,450446,468300,500810
 "54097","Upshur, WV",5,CAINC4,36,"...","Less: Contributions for government social insurance 5/","Thousands of dollars",2211,2596,2942,3289,4388,5123,5729,6481,8136,10290,12119,13994,16225,17384,17330,20402,21926,20949,21076,22826,24131,26471,26932,26465,28486,29301,30358,32073,34117,37673,38454,44492,45268,44367,46058,48403,51738,52013,50591,49822,49733,53808,51208,52118,56086,56875,57947,55629,57129,59831,61365,62271,64082,69737
 "54097","Upshur, WV",5,CAINC4,37,"..."," Employee and self-employed contributions for government social insurance ","Thousands of dollars",1052,1225,1376,1540,1994,2313,2606,2866,3489,4267,5115,5902,6925,7440,7309,8231,9149,8936,9264,9969,10876,11768,11980,11760,12288,12977,13402,13901,14937,15792,16436,17606,19052,19310,20032,21302,22955,24548,25868,26975,26733,28980,24787,25571,30722,31314,31729,30583,31959,33802,35078,35591,36965,40819
 "54097","Upshur, WV",5,CAINC4,38,"..."," Employer contributions for government social insurance ","Thousands of dollars",1159,1371,1566,1749,2394,2810,3123,3615,4647,6023,7004,8092,9300,9944,10021,12171,12777,12013,11812,12857,13255,14703,14952,14705,16198,16324,16956,18172,19180,21881,22018,26886,26216,25057,26026,27101,28783,27465,24723,22847,23000,24828,26421,26547,25364,25561,26218,25046,25170,26029,26287,26680,27117,28918
 "54097","Upshur, WV",5,CAINC4,42,"...","Plus: Adjustment for residence 6/","Thousands of dollars",2635,2635,3142,3493,1743,773,173,-1130,-3928,-8983,-11622,-15828,-16724,-13994,-12602,-12799,-12836,-8009,-5506,-529,2411,2476,3742,6829,7035,8248,8191,7267,6375,3444,5235,2256,2978,5891,10685,12902,14048,15679,18471,28456,34282,29010,31613,38313,44659,52776,43182,42430,46437,54988,60818,50679,56934,59280
 "54097","Upshur, WV",5,CAINC4,45,"...","Equals: Net earnings by place of residence ","Thousands of dollars",29922,34450,37935,40920,43943,47210,52903,56842,69908,80773,90977,98422,105747,113032,113642,129733,138353,131184,132334,146310,156195,167983,165315,165636,170690,178055,176971,184823,199732,212454,223048,243097,265148,276458,283325,303865,326867,349193,355122,374138,370568,400452,438516,462495,442995,444832,437000,401019,411219,440629,470732,438854,461152,490353
 "54097","Upshur, WV",5,CAINC4,46,"...","Plus: Dividends, interest, and rent 7/","Thousands of dollars",4783,5532,6227,6965,8104,9570,10930,12533,14869,17489,20319,25854,32457,37881,40655,43166,46761,47199,44203,47887,52077,53430,53995,55564,56354,57590,61141,61951,68052,72387,72956,79007,77212,70183,65995,74331,74473,87559,99529,110098,105084,109833,111845,103522,108193,119692,115689,113355,123884,124570,130737,136579,147923,160652
 "54097","Upshur, WV",5,CAINC4,47,"...","Plus: Personal current transfer receipts ","Thousands of dollars",6011,7294,8619,9741,11593,13218,15900,17690,19286,21043,24777,28883,32986,36220,41527,41876,43955,49542,50628,52565,55060,60506,69183,76765,80192,79956,83687,87827,90245,92847,95932,101253,111207,121388,124049,124906,131619,141435,150341,166916,186056,193837,194181,198780,202029,211255,222666,230802,239187,245759,262152,336706,366580,326631
 "54097","Upshur, WV",5,CAINC4,50,"...","Wages and salaries ","Thousands of dollars",22200,26550,28806,30414,35054,39129,44511,49275,61631,74364,84533,98422,106824,111870,108312,121388,128209,117830,113775,116366,121053,132360,130199,127495,132878,137842,142134,150436,159619,175029,180771,198689,209599,214514,215198,230962,244325,259326,273548,285611,274962,298297,321596,324532,308749,307908,311267,290897,296960,319369,332677,318058,333955,366607
 "54097","Upshur, WV",5,CAINC4,60,"...","Supplements to wages and salaries ","Thousands of dollars",2455,3010,3580,4038,4865,5617,6366,7036,9349,11776,13815,16751,19139,20853,22032,25397,27535,26568,26497,25879,27991,30997,31736,32710,35967,36685,36308,38436,40348,45422,46439,54490,57191,57397,61550,66356,70351,77482,74601,74728,72501,75524,80648,85687,83682,79341,84212,76090,79452,83607,88708,86015,87410,89035
 "54097","Upshur, WV",5,CAINC4,61,"..."," Employer contributions for employee pension and insurance funds 8/","Thousands of dollars",1296,1639,2014,2289,2471,2807,3243,3421,4702,5753,6811,8659,9839,10909,12011,13226,14758,14555,14685,13022,14736,16294,16784,18005,19769,20361,19352,20264,21168,23541,24421,27604,30975,32340,35524,39255,41568,50017,49878,51881,49501,50696,54227,59140,58318,53780,57994,51044,54282,57578,62421,59335,60293,60117
 "54097","Upshur, WV",5,CAINC4,62,"..."," Employer contributions for government social insurance ","Thousands of dollars",1159,1371,1566,1749,2394,2810,3123,3615,4647,6023,7004,8092,9300,9944,10021,12171,12777,12013,11812,12857,13255,14703,14952,14705,16198,16324,16956,18172,19180,21881,22018,26886,26216,25057,26026,27101,28783,27465,24723,22847,23000,24828,26421,26547,25364,25561,26218,25046,25170,26029,26287,26680,27117,28918
 "54097","Upshur, WV",5,CAINC4,70,"...","Proprietors' income 9/","Thousands of dollars",4843,4851,5349,6264,6669,6814,7582,8142,10992,13906,16370,13071,12733,11687,13230,16149,17371,15744,18644,27420,28871,28621,26570,25067,23296,24581,20696,20757,27507,26232,29057,32154,40648,43023,41950,42048,49881,48719,39093,35165,38556,51429,55867,66081,61991,61682,56286,47231,45499,42496,49894,46373,46935,45168
 "54097","Upshur, WV",5,CAINC4,71,"..."," Farm proprietors' income ","Thousands of dollars",235,148,188,259,318,-69,-204,-285,-291,-183,138,233,-552,-565,-130,564,419,672,-886,-1045,-637,-339,-252,105,47,-79,-1531,-1607,-2146,-2052,-2046,-833,-850,-678,-876,-345,-631,-712,-1621,-1135,-1625,-1746,-983,-1124,-609,-855,-1419,-2272,-2619,-2756,-2138,-2130,-2044,-4009
 "54097","Upshur, WV",5,CAINC4,72,"..."," Nonfarm proprietors' income ","Thousands of dollars",4608,4703,5161,6005,6351,6883,7786,8427,11283,14089,16232,12838,13285,12252,13360,15585,16952,15072,19530,28465,29508,28960,26822,24962,23249,24660,22227,22364,29653,28284,31103,32987,41498,43701,42826,42393,50512,49431,40714,36300,40181,53175,56850,67205,62600,62537,57705,49503,48118,45252,52032,48503,48979,49177
 "54097","Upshur, WV",5,CAINC4,7010,"...","Total employment ","Number of jobs",5955,6448,6478,6380,6660,6786,7039,7236,7953,8595,8912,9260,9135,9072,8893,9137,9301,8832,8941,9201,9320,9542,9367,9286,9646,9940,10064,10221,10458,10784,10512,10911,10830,10789,10675,10927,11188,11214,11464,11631,11217,11578,11605,11581,11331,11279,11185,10797,10650,10621,10348,10016,10401,10610
 "54097","Upshur, WV",5,CAINC4,7020,"..."," Wage and salary employment ","Number of jobs",4642,5131,5214,5127,5364,5451,5610,5856,6518,7109,7428,7727,7585,7550,7260,7411,7476,6900,6799,6992,7143,7384,7268,7196,7481,7751,7773,7924,8068,8523,8193,8574,8637,8676,8544,8781,8995,9010,9098,9135,8748,8983,9005,8994,8692,8630,8597,8280,8137,8264,8137,7780,8041,8131
 "54097","Upshur, WV",5,CAINC4,7040,"..."," Proprietors employment ","Number of jobs",1313,1317,1264,1253,1296,1335,1429,1380,1435,1486,1484,1533,1550,1522,1633,1726,1825,1932,2142,2209,2177,2158,2099,2090,2165,2189,2291,2297,2390,2261,2319,2337,2193,2113,2131,2146,2193,2204,2366,2496,2469,2595,2600,2587,2639,2649,2588,2517,2513,2357,2211,2236,2360,2479
 "54099","Wayne, WV",5,CAINC4,10,"...","Personal income (thousands of dollars) ","Thousands of dollars",93577,99504,109187,116461,128592,146460,165472,189090,215999,248463,281797,321395,346270,354494,367901,392617,407010,415873,422694,441912,471524,507822,524813,567465,588775,613763,627699,648762,680401,691634,712321,747498,790856,822514,831732,870983,909039,965965,1010887,1062925,1110074,1129240,1166468,1180370,1171835,1210405,1237983,1228198,1278004,1351464,1405632,1478646,1576652,1592964
 "54099","Wayne, WV",5,CAINC4,11,"..."," Nonfarm personal income 1/","Thousands of dollars",93432,99438,109062,116267,128349,146400,165459,189095,216114,248486,281895,321704,346642,355108,368487,393333,407851,416831,423546,442734,471322,508146,525179,567432,588627,613491,627976,649462,681087,692185,713158,748038,791626,823463,832078,871219,909280,966131,1011106,1062947,1110186,1129463,1166649,1180493,1171916,1210644,1238075,1228327,1278072,1351498,1405316,1478394,1576721,1592703
 "54099","Wayne, WV",5,CAINC4,12,"..."," Farm income 2/","Thousands of dollars",145,66,125,194,243,60,13,-5,-115,-23,-98,-309,-372,-614,-586,-716,-841,-958,-852,-822,202,-324,-366,33,148,272,-277,-700,-686,-551,-837,-540,-770,-949,-346,-236,-241,-166,-219,-22,-112,-223,-181,-123,-81,-239,-92,-129,-68,-34,316,252,-69,261
 "54099","Wayne, WV",5,CAINC4,20,"...","Population (persons) 3/","Number of persons",39426,37676,38626,38784,39445,40307,41123,42225,43246,44222,45281,46047,46110,46008,45972,45104,44090,43613,42810,42366,41889,41667,42007,42191,42795,42692,42945,42935,42848,42833,42812,42949,42919,42800,42937,42955,42860,42717,42727,42767,42637,42495,42206,41883,41817,41479,41157,40672,40147,39873,39361,38864,38533,37998
 "54099","Wayne, WV",5,CAINC4,30,"...","Per capita personal income (dollars) 4/","Dollars",2373,2641,2827,3003,3260,3634,4024,4478,4995,5619,6223,6980,7510,7705,8003,8705,9231,9536,9874,10431,11257,12188,12493,13450,13758,14377,14616,15110,15879,16147,16638,17404,18427,19218,19371,20277,21209,22613,23659,24854,26035,26573,27637,28183,28023,29181,30080,30198,31833,33894,35711,38047,40917,41922
 "54099","Wayne, WV",5,CAINC4,35,"...","Earnings by place of work ","Thousands of dollars",49419,54376,59975,63615,70995,75938,82583,95464,111621,127627,133255,142385,155467,158405,166318,175796,177209,174066,175369,186672,198818,226915,252908,276274,297111,306276,312369,326608,340083,344205,362752,380362,405062,404524,424853,448709,484194,506758,523689,552678,573351,559575,589586,578170,593402,598503,608186,560344,582479,602987,644940,633858,675658,715185
 "54099","Wayne, WV",5,CAINC4,36,"...","Less: Contributions for government social insurance 5/","Thousands of dollars",3896,4185,4633,5120,6295,7128,7702,9325,10984,13028,13951,14988,17609,18547,20163,21979,22636,22665,22989,25247,26720,31131,35538,38548,42725,43464,45412,48099,50175,52087,54949,58835,59398,55582,59248,61941,65937,69055,68975,71551,75060,73555,69390,69460,78449,79514,80296,76680,79669,82514,85279,90319,94551,100938
 "54099","Wayne, WV",5,CAINC4,37,"..."," Employee and self-employed contributions for government social insurance ","Thousands of dollars",1731,1846,2038,2271,2713,2941,3213,3773,4320,5012,5491,5937,7064,7590,8146,8750,9388,9653,9917,10974,12180,13682,15347,16453,17844,18852,19729,20363,21270,21185,22314,22972,25020,24788,26530,28344,30728,34685,36868,39625,41489,41258,35109,35127,43797,44783,45775,44282,46807,49161,50662,54362,57019,62226
 "54099","Wayne, WV",5,CAINC4,38,"..."," Employer contributions for government social insurance ","Thousands of dollars",2165,2339,2595,2849,3582,4187,4489,5552,6664,8016,8460,9051,10545,10957,12017,13229,13248,13012,13072,14273,14540,17449,20191,22095,24881,24612,25683,27736,28905,30902,32635,35863,34378,30794,32718,33597,35209,34370,32107,31926,33571,32297,34281,34333,34652,34731,34521,32398,32862,33353,34617,35957,37532,38712
 "54099","Wayne, WV",5,CAINC4,42,"...","Plus: Adjustment for residence 6/","Thousands of dollars",27118,23798,23806,25136,25728,32404,37798,45480,52865,65024,84044,98161,95362,91377,86470,95798,103278,110177,115351,118541,124821,128788,115577,123543,123164,130332,132053,129365,144481,142425,143693,153613,144794,156309,150308,157853,158973,172033,169054,160789,145718,167684,165751,173572,161610,169003,186279,221446,232757,264502,249253,232435,240052,258652
 "54099","Wayne, WV",5,CAINC4,45,"...","Equals: Net earnings by place of residence ","Thousands of dollars",72641,73989,79148,83631,90428,101214,112679,131619,153502,179623,203348,225558,233220,231235,232625,249615,257851,261578,267731,279966,296919,324572,332947,361269,377550,393144,399010,407874,434389,434543,451496,475140,490458,505251,515913,544621,577230,609736,623768,641916,644009,653704,685947,682282,676563,687992,714169,705110,735567,784975,808914,775974,821159,872899
 "54099","Wayne, WV",5,CAINC4,46,"...","Plus: Dividends, interest, and rent 7/","Thousands of dollars",8407,10168,11964,13373,16371,20031,22478,24437,27478,30422,34808,43158,52359,57120,62939,68950,71504,73774,71686,76251,84689,86402,87076,88054,87068,89985,89976,93180,95208,101086,98491,101420,107910,106170,102505,108379,103049,108422,121280,144810,142943,141133,151694,159692,148728,154148,159252,152045,159212,171077,179430,186945,186904,209804
 "54099","Wayne, WV",5,CAINC4,47,"...","Plus: Personal current transfer receipts ","Thousands of dollars",12529,15347,18075,19457,21793,25215,30315,33034,35019,38418,43641,52679,60691,66139,72337,74052,77655,80521,83277,85695,89916,96848,104790,118142,124157,130634,138713,147708,150804,156005,162334,170938,192488,211093,213314,217983,228760,247807,265839,276199,323122,334403,328827,338396,346544,368265,364562,371043,383225,395412,417288,515727,568589,510261
 "54099","Wayne, WV",5,CAINC4,50,"...","Wages and salaries ","Thousands of dollars",37528,41760,45516,47767,53003,56349,61511,71460,84302,97295,101064,108791,118798,120907,125193,130976,131111,127764,130361,136445,140357,161594,182339,199079,211810,216874,222182,235047,242809,250354,261509,269701,285201,283877,297539,317712,340135,354384,375445,403387,413795,397217,417764,415346,421177,419570,415908,375924,384901,396699,413311,418860,445488,471769
 "54099","Wayne, WV",5,CAINC4,60,"...","Supplements to wages and salaries ","Thousands of dollars",5019,5869,7126,7642,8963,9893,10591,12308,14919,17220,18426,20429,23283,24592,27342,29651,31174,31582,32335,33497,35629,42173,49162,55670,60983,62239,62724,66992,69199,72439,78060,82395,83846,82411,89591,94116,100878,107898,108712,114696,117798,112947,119409,124393,129694,124732,127717,118420,124362,129059,138537,139408,146039,151132
 "54099","Wayne, WV",5,CAINC4,61,"..."," Employer contributions for employee pension and insurance funds 8/","Thousands of dollars",2854,3530,4531,4793,5381,5706,6102,6756,8255,9204,9966,11378,12738,13635,15325,16422,17926,18570,19263,19224,21089,24724,28971,33575,36102,37627,37041,39256,40294,41537,45425,46532,49468,51617,56873,60519,65669,73528,76605,82770,84227,80650,85128,90060,95042,90001,93196,86022,91500,95706,103920,103451,108507,112420
 "54099","Wayne, WV",5,CAINC4,62,"..."," Employer contributions for government social insurance ","Thousands of dollars",2165,2339,2595,2849,3582,4187,4489,5552,6664,8016,8460,9051,10545,10957,12017,13229,13248,13012,13072,14273,14540,17449,20191,22095,24881,24612,25683,27736,28905,30902,32635,35863,34378,30794,32718,33597,35209,34370,32107,31926,33571,32297,34281,34333,34652,34731,34521,32398,32862,33353,34617,35957,37532,38712
 "54099","Wayne, WV",5,CAINC4,70,"...","Proprietors' income 9/","Thousands of dollars",6872,6747,7333,8206,9029,9696,10481,11696,12400,13112,13765,13165,13386,12906,13783,15169,14924,14720,12673,16730,22832,23148,21407,21525,24318,27163,27463,24569,28075,21412,23183,28266,36015,38236,37723,36881,43181,44476,39532,34595,41758,49411,52413,38431,42531,54201,64561,66000,73216,77229,93092,75590,84131,92284
 "54099","Wayne, WV",5,CAINC4,71,"..."," Farm proprietors' income ","Thousands of dollars",45,-39,20,99,113,-64,-69,-114,-204,-147,-230,-443,-498,-747,-703,-819,-932,-1030,-911,-884,133,-400,-436,-34,78,202,-355,-782,-766,-638,-932,-631,-885,-1082,-471,-340,-307,-223,-263,-77,-177,-289,-247,-233,-197,-357,-189,-238,-170,-131,231,163,-152,141
 "54099","Wayne, WV",5,CAINC4,72,"..."," Nonfarm proprietors' income ","Thousands of dollars",6827,6786,7313,8107,8916,9760,10550,11810,12604,13259,13995,13608,13884,13653,14486,15988,15856,15750,13584,17614,22699,23548,21843,21559,24240,26961,27818,25351,28841,22050,24115,28897,36900,39318,38194,37221,43488,44699,39795,34672,41935,49700,52660,38664,42728,54558,64750,66238,73386,77360,92861,75427,84283,92143
 "54099","Wayne, WV",5,CAINC4,7010,"...","Total employment ","Number of jobs",7419,7603,7745,7726,8045,8260,8260,8702,9371,9850,9729,9686,9672,9351,9389,9637,9665,9728,10106,10041,10238,10965,11497,11724,11924,12019,12115,12201,12365,12059,12178,12243,12899,12556,12581,12507,12774,12802,12832,12703,12551,12345,12451,12374,12484,12232,12068,11265,11478,11390,11392,10938,11180,11538
 "54099","Wayne, WV",5,CAINC4,7020,"..."," Wage and salary employment ","Number of jobs",6417,6652,6708,6668,6866,6999,6944,7363,7996,8435,8291,8168,8129,7814,7767,7821,7622,7458,7563,7739,7872,8424,9070,9426,9644,9663,9700,9849,9998,10142,10320,10347,10244,9886,9922,9893,10026,10070,10033,10025,9943,9881,9906,9902,9992,9722,9551,8977,9010,8947,9008,8601,8721,8935
 "54099","Wayne, WV",5,CAINC4,7040,"..."," Proprietors employment ","Number of jobs",1002,951,1037,1058,1179,1261,1316,1339,1375,1415,1438,1518,1543,1537,1622,1816,2043,2270,2543,2302,2366,2541,2427,2298,2280,2356,2415,2352,2367,1917,1858,1896,2655,2670,2659,2614,2748,2732,2799,2678,2608,2464,2545,2472,2492,2510,2517,2288,2468,2443,2384,2337,2459,2603
 "54101","Webster, WV",5,CAINC4,10,"...","Personal income (thousands of dollars) ","Thousands of dollars",17967,21332,23163,25258,28115,31476,37457,43269,47185,51673,58817,67414,69639,73299,71433,79576,84135,84763,89366,89322,95774,98252,98217,109769,115224,119605,124374,126971,132752,132591,133563,140113,150152,160560,164353,173493,179571,194011,204022,225638,228396,226616,234352,232712,226794,233201,237545,226125,229508,233044,246782,276450,277941,266216
 "54101","Webster, WV",5,CAINC4,11,"..."," Nonfarm personal income 1/","Thousands of dollars",17895,21272,23102,25185,28032,31415,37408,43205,47108,51580,58709,67301,69546,73466,71525,79701,84354,85020,89530,89512,95911,98420,98438,109962,115365,119693,124419,127019,132778,132627,133650,140122,150149,160675,164501,173548,179693,194128,204265,225671,228448,226682,234332,232818,226755,233176,237477,226060,229322,232915,246450,276287,277251,265958
 "54101","Webster, WV",5,CAINC4,12,"..."," Farm income 2/","Thousands of dollars",72,60,61,73,83,61,49,64,77,93,108,113,93,-167,-92,-125,-219,-257,-164,-190,-137,-168,-221,-193,-141,-88,-45,-48,-26,-36,-87,-9,3,-115,-148,-55,-122,-117,-243,-33,-52,-66,20,-106,39,25,68,65,186,129,332,163,690,258
 "54101","Webster, WV",5,CAINC4,20,"...","Population (persons) 3/","Number of persons",9918,9754,9673,10430,10273,10436,10850,11505,11765,12067,12183,12233,12174,11932,11974,11821,11801,11480,11190,11063,10852,10686,10511,10415,10475,10304,10267,10218,10109,10016,9782,9675,9614,9600,9593,9612,9463,9391,9260,9260,9167,9158,9160,9047,8926,8872,8783,8730,8549,8531,8430,8356,8286,8167
 "54101","Webster, WV",5,CAINC4,30,"...","Per capita personal income (dollars) 4/","Dollars",1812,2187,2395,2422,2737,3016,3452,3761,4011,4282,4828,5511,5720,6143,5966,6732,7129,7384,7986,8074,8825,9194,9344,10540,11000,11608,12114,12426,13132,13238,13654,14482,15618,16725,17133,18050,18976,20659,22033,24367,24915,24745,25584,25723,25408,26285,27046,25902,26846,27317,29274,33084,33543,32597
 "54101","Webster, WV",5,CAINC4,35,"...","Earnings by place of work ","Thousands of dollars",10754,12221,12621,13125,14134,15673,18529,23246,24668,25862,29802,33709,31385,31622,27961,36173,41905,42340,48297,43970,52414,53761,53409,65357,73662,76428,80923,81300,85737,83138,80005,82273,81502,91811,94148,100984,104126,113559,111202,113417,114345,114053,117254,108551,111431,112596,109031,94446,90591,87843,90885,92304,92155,91911
 "54101","Webster, WV",5,CAINC4,36,"...","Less: Contributions for government social insurance 5/","Thousands of dollars",923,1000,1082,1161,1381,1607,1827,2357,2402,2562,3142,3748,3711,3901,3451,4502,5369,5799,6413,6313,7612,7725,8044,10032,12298,12660,13807,14046,14629,14420,13745,14348,12936,13237,14124,14681,15523,16123,15192,14936,15436,15464,14528,13364,15195,15782,15386,14403,14207,14060,14041,14873,14808,15553
 "54101","Webster, WV",5,CAINC4,37,"..."," Employee and self-employed contributions for government social insurance ","Thousands of dollars",448,494,528,574,662,726,845,1057,1073,1136,1383,1616,1644,1773,1595,2031,2444,2558,2982,2957,3607,3615,3706,4368,4845,5141,5525,5426,5628,5468,5357,5409,5646,6214,6547,7007,7414,8221,8426,8694,8905,8999,7759,7283,9041,9391,9238,8719,8773,9020,9026,9460,9612,10338
 "54101","Webster, WV",5,CAINC4,38,"..."," Employer contributions for government social insurance ","Thousands of dollars",475,506,554,587,719,881,982,1300,1329,1426,1759,2132,2067,2128,1856,2471,2925,3241,3431,3356,4005,4110,4338,5664,7453,7519,8282,8620,9001,8952,8388,8939,7290,7023,7577,7674,8109,7902,6766,6242,6531,6465,6769,6081,6154,6391,6148,5684,5434,5040,5015,5413,5196,5215
 "54101","Webster, WV",5,CAINC4,42,"...","Plus: Adjustment for residence 6/","Thousands of dollars",2056,2532,2615,3101,3529,4069,5638,5579,6670,7706,7739,8990,10363,11204,8267,9542,8341,6906,6526,8844,5908,4471,2713,-1664,-4071,-4279,-5345,-5595,-6060,-4345,-1898,-1048,1124,-1245,-755,317,2480,3524,6502,10142,6278,4964,4022,6832,-228,2796,6428,6140,8383,12008,11442,10158,11075,12297
 "54101","Webster, WV",5,CAINC4,45,"...","Equals: Net earnings by place of residence ","Thousands of dollars",11887,13753,14154,15065,16282,18135,22340,26468,28936,31006,34399,38951,38037,38925,32777,41213,44877,43447,48410,46501,50710,50507,48078,53661,57293,59489,61771,61659,65048,64373,64362,66877,69690,77329,79269,86620,91083,100960,102512,108623,105187,103553,106748,102019,96008,99610,100073,86183,84767,85791,88286,87589,88422,88655
 "54101","Webster, WV",5,CAINC4,46,"...","Plus: Dividends, interest, and rent 7/","Thousands of dollars",1327,1590,1787,2012,2306,2704,3034,3382,3866,4571,5405,6712,8025,9654,9955,11436,11944,12752,12186,12544,13900,14164,13761,14349,13970,14460,15562,16006,18236,18733,19042,20070,21626,20579,20464,22019,22826,21838,26831,32894,33401,29575,33387,35396,35167,33833,32098,30223,34137,35277,42992,49648,38295,39272
 "54101","Webster, WV",5,CAINC4,47,"...","Plus: Personal current transfer receipts ","Thousands of dollars",4753,5989,7222,8181,9527,10637,12083,13419,14383,16096,19013,21751,23577,24720,28701,26927,27314,28564,28770,30277,31164,33581,36378,41759,43961,45656,47041,49306,49468,49485,50159,53166,58836,62652,64620,64854,65662,71213,74679,84121,89808,93488,94217,95297,95619,99758,105374,109719,110604,111976,115504,139213,151224,138289
 "54101","Webster, WV",5,CAINC4,50,"...","Wages and salaries ","Thousands of dollars",7757,8374,8957,9238,9841,10578,12693,16813,16688,17262,20648,24464,22450,22707,19070,24661,29335,31803,33487,30909,36601,37793,37749,46286,51131,53308,56490,57594,60165,58480,55371,55699,56151,64911,65640,70002,72611,78922,79372,83120,84777,84053,86601,77936,80728,81578,77408,67742,65626,63049,63415,64038,64087,67124
 "54101","Webster, WV",5,CAINC4,60,"...","Supplements to wages and salaries ","Thousands of dollars",1004,1174,1321,1398,1521,1728,2069,2836,2889,3027,3684,4448,4326,4579,4181,5722,6994,8306,9229,7598,9392,9726,10210,13285,16299,16553,17726,18708,20203,19005,18319,19014,16507,17785,19834,21519,21849,24393,23212,23366,22725,22070,22680,22429,22709,22229,22456,19109,19122,18622,19998,20463,19914,18725
 "54101","Webster, WV",5,CAINC4,61,"..."," Employer contributions for employee pension and insurance funds 8/","Thousands of dollars",529,668,767,811,802,847,1087,1536,1560,1601,1925,2316,2259,2451,2325,3251,4069,5065,5798,4242,5387,5616,5872,7621,8846,9034,9444,10088,11202,10053,9931,10075,9217,10762,12257,13845,13740,16491,16446,17124,16194,15605,15911,16348,16555,15838,16308,13425,13688,13582,14983,15050,14718,13510
 "54101","Webster, WV",5,CAINC4,62,"..."," Employer contributions for government social insurance ","Thousands of dollars",475,506,554,587,719,881,982,1300,1329,1426,1759,2132,2067,2128,1856,2471,2925,3241,3431,3356,4005,4110,4338,5664,7453,7519,8282,8620,9001,8952,8388,8939,7290,7023,7577,7674,8109,7902,6766,6242,6531,6465,6769,6081,6154,6391,6148,5684,5434,5040,5015,5413,5196,5215
 "54101","Webster, WV",5,CAINC4,70,"...","Proprietors' income 9/","Thousands of dollars",1993,2673,2343,2489,2772,3367,3767,3597,5091,5573,5470,4797,4609,4336,4710,5790,5576,2231,5581,5463,6421,6242,5450,5786,6232,6567,6707,4998,5369,5653,6315,7560,8844,9115,8674,9463,9666,10244,8618,6931,6843,7930,7973,8186,7994,8789,9167,7595,5843,6172,7472,7803,8154,6062
 "54101","Webster, WV",5,CAINC4,71,"..."," Farm proprietors' income ","Thousands of dollars",47,39,42,57,68,52,39,47,58,64,84,94,78,-178,-103,-136,-230,-269,-175,-200,-149,-179,-232,-200,-149,-94,-53,-56,-36,-43,-94,-16,-3,-119,-154,-63,-130,-128,-257,-44,-63,-73,16,-111,31,19,63,60,182,125,329,160,687,254
 "54101","Webster, WV",5,CAINC4,72,"..."," Nonfarm proprietors' income ","Thousands of dollars",1946,2634,2301,2432,2704,3315,3728,3550,5033,5509,5386,4703,4531,4514,4813,5926,5806,2500,5756,5663,6570,6421,5682,5986,6381,6661,6760,5054,5405,5696,6409,7576,8847,9234,8828,9526,9796,10372,8875,6975,6906,8003,7957,8297,7963,8770,9104,7535,5661,6047,7143,7643,7467,5808
 "54101","Webster, WV",5,CAINC4,7010,"...","Total employment ","Number of jobs",2209,2176,2166,2203,2223,2221,2286,2472,2423,2342,2511,2635,2408,2223,2141,2309,2392,2516,2628,2620,2725,2699,2638,2883,2927,2982,3041,3056,3172,3075,2988,2970,2950,3174,3205,3236,3155,3237,3164,3093,2981,2883,2805,2694,2659,2712,2621,2460,2354,2216,2196,2137,2106,2154
 "54101","Webster, WV",5,CAINC4,7020,"..."," Wage and salary employment ","Number of jobs",1859,1821,1824,1867,1852,1814,1814,2022,1942,1836,1995,2102,1889,1724,1608,1771,1841,1946,2049,2009,2072,2018,1983,2237,2351,2402,2462,2432,2515,2465,2399,2370,2354,2588,2623,2672,2609,2641,2549,2528,2416,2332,2236,2168,2141,2190,2130,1951,1880,1762,1791,1697,1678,1703
 "54101","Webster, WV",5,CAINC4,7040,"..."," Proprietors employment ","Number of jobs",350,355,342,336,371,407,472,450,481,506,516,533,519,499,533,538,551,570,579,611,653,681,655,646,576,580,579,624,657,610,589,600,596,586,582,564,546,596,615,565,565,551,569,526,518,522,491,509,474,454,405,440,428,451
 "54103","Wetzel, WV",5,CAINC4,10,"...","Personal income (thousands of dollars) ","Thousands of dollars",60568,65195,67749,73099,80123,89544,94253,108493,128208,144510,159333,172633,185488,190955,204392,219232,224450,226924,237575,245430,252836,277829,284680,306688,314769,322908,323636,335783,346014,354377,358907,366089,373947,382556,379648,388124,383179,392827,409357,433001,430920,440008,460594,480508,474825,492913,498236,472959,513046,563869,555680,575195,623407,635057
 "54103","Wetzel, WV",5,CAINC4,11,"..."," Nonfarm personal income 1/","Thousands of dollars",60577,65198,67726,73016,79990,89474,94216,108444,128153,144426,159095,172279,185590,190545,204028,218981,224508,227171,238001,245880,253031,277981,284867,306617,314841,323086,323969,336000,346379,354759,359350,366437,374420,383057,380084,388471,383634,393211,409898,433177,431148,440298,460917,480919,475165,493457,498634,473556,513744,564749,556194,575965,624362,636218
 "54103","Wetzel, WV",5,CAINC4,12,"..."," Farm income 2/","Thousands of dollars",-9,-3,23,83,133,70,37,49,55,84,238,354,-102,410,364,251,-58,-247,-426,-450,-195,-152,-187,71,-72,-178,-333,-217,-365,-382,-443,-348,-473,-501,-436,-347,-455,-384,-541,-176,-228,-290,-323,-411,-340,-544,-398,-597,-698,-880,-514,-770,-955,-1161
 "54103","Wetzel, WV",5,CAINC4,20,"...","Population (persons) 3/","Number of persons",19716,20204,20012,20751,20705,21116,21320,21524,21529,21791,21998,21866,21816,21569,21496,21246,20812,20505,20128,19965,19581,19185,19120,19014,18907,18634,18511,18301,18099,17909,17776,17675,17342,17266,17186,17183,17101,16917,16764,16645,16588,16523,16300,16219,15934,15730,15500,15339,15063,14874,14656,14392,14195,14025
 "54103","Wetzel, WV",5,CAINC4,30,"...","Per capita personal income (dollars) 4/","Dollars",3072,3227,3385,3523,3870,4241,4421,5041,5955,6632,7243,7895,8502,8853,9508,10319,10785,11067,11803,12293,12912,14482,14889,16130,16648,17329,17483,18348,19118,19788,20191,20712,21563,22157,22091,22588,22407,23221,24419,26014,25978,26630,28257,29626,29799,31336,32144,30834,34060,37910,37915,39966,43917,45280
 "54103","Wetzel, WV",5,CAINC4,35,"...","Earnings by place of work ","Thousands of dollars",31784,31565,32876,34754,38914,41855,44102,44940,53126,60446,69743,72114,67683,72454,74943,80768,82047,89753,94737,97744,93416,109618,121415,122370,124259,122374,125667,131722,140978,140648,153076,161116,156622,167373,165510,167362,176970,175605,178970,177088,171593,177339,193691,224064,221978,221018,225006,216896,224903,238171,253507,242400,267817,276592
 "54103","Wetzel, WV",5,CAINC4,36,"...","Less: Contributions for government social insurance 5/","Thousands of dollars",2699,2612,2763,3006,3850,4363,4544,4617,5569,6490,7868,8244,8075,8809,9245,10328,10647,12355,13244,14403,13850,16194,18865,18723,19393,19043,20048,21065,22568,22872,25009,27465,24863,25196,25501,25351,27214,26181,26071,24843,24282,24847,24225,27228,29970,30501,31253,31254,32148,33871,34813,35869,38898,40602
 "54103","Wetzel, WV",5,CAINC4,37,"..."," Employee and self-employed contributions for government social insurance ","Thousands of dollars",1192,1187,1270,1391,1730,1922,2017,2045,2347,2690,3246,3438,3515,3906,4030,4374,4687,5383,5886,6249,6444,7221,8077,8177,8473,8597,9076,9325,9880,9734,10470,10729,10765,11192,11563,11984,12871,13127,14041,13925,13843,14247,12714,13856,16897,17298,17537,17704,18555,19625,20252,21061,22680,24244
 "54103","Wetzel, WV",5,CAINC4,38,"..."," Employer contributions for government social insurance ","Thousands of dollars",1507,1425,1493,1615,2120,2441,2527,2572,3222,3800,4622,4806,4560,4903,5215,5954,5960,6972,7358,8154,7406,8973,10788,10546,10920,10446,10972,11740,12688,13138,14539,16736,14098,14004,13938,13367,14343,13054,12030,10918,10439,10600,11511,13372,13073,13203,13716,13550,13593,14246,14561,14808,16218,16358
 "54103","Wetzel, WV",5,CAINC4,42,"...","Plus: Adjustment for residence 6/","Thousands of dollars",18470,21150,20900,23074,24643,28181,26717,37305,46341,52454,53395,56643,64759,59789,61346,66164,65838,58482,65862,67241,74326,79159,69507,81039,79635,93637,87353,88536,85048,86250,82023,76556,79127,72412,73655,72435,58833,60197,57626,57173,50176,45113,40220,26462,23108,21160,13120,9632,27534,58405,28515,12536,1214,11287
 "54103","Wetzel, WV",5,CAINC4,45,"...","Equals: Net earnings by place of residence ","Thousands of dollars",47555,50103,51013,54822,59707,65673,66275,77628,93898,106410,115270,120513,124367,123434,127044,136604,137238,135880,147355,150582,153892,172583,172057,184686,184501,196968,192972,199193,203458,204026,210090,210207,210886,214589,213664,214446,208589,209621,210525,209418,197487,197605,209686,223298,215116,211677,206873,195274,220289,262705,247209,219067,230133,247277
 "54103","Wetzel, WV",5,CAINC4,46,"...","Plus: Dividends, interest, and rent 7/","Thousands of dollars",6208,6853,7325,7865,8724,10083,11399,12651,14498,16428,18750,23110,28227,31779,35795,38653,41372,42495,40718,42917,44978,47377,47453,46741,47701,47747,49566,51272,55725,58735,55966,60152,59659,56341,51878,57861,54883,56035,63107,73861,69187,72390,79822,82965,83386,96137,100470,80227,91722,99238,104889,101867,109387,130683
 "54103","Wetzel, WV",5,CAINC4,47,"...","Plus: Personal current transfer receipts ","Thousands of dollars",6805,8239,9411,10412,11692,13788,16579,18214,19812,21672,25313,29010,32894,35742,41553,43975,45840,48549,49502,51931,53966,57869,65170,75261,82567,78193,81098,85318,86831,91616,92851,95730,103402,111626,114106,115817,119707,127171,135725,149722,164246,170013,171086,174245,176323,185099,190893,197458,201035,201926,203582,254261,283887,257097
 "54103","Wetzel, WV",5,CAINC4,50,"...","Wages and salaries ","Thousands of dollars",24268,23790,24563,25543,28727,30917,32504,32737,39676,45012,52289,54161,50353,52971,53926,57601,58374,64781,67608,70986,65771,76938,87400,86422,85831,84764,87046,91211,97799,97797,105184,110533,104760,111945,109703,110699,117032,117423,125823,125756,121832,124659,135366,156200,156048,158979,162888,157688,161237,170710,180387,176151,196191,204928
 "54103","Wetzel, WV",5,CAINC4,60,"...","Supplements to wages and salaries ","Thousands of dollars",2772,2824,3067,3425,3976,4501,4713,4863,6021,7023,8345,8850,8687,9374,10541,11948,12880,14851,15807,16986,16379,19600,23016,23743,24687,24160,24325,25679,26903,27410,30112,33335,30073,31997,33150,33721,36358,36685,36378,36565,35201,35223,38117,44566,44802,43093,46030,42307,45877,48468,52370,48702,52850,53060
 "54103","Wetzel, WV",5,CAINC4,61,"..."," Employer contributions for employee pension and insurance funds 8/","Thousands of dollars",1265,1399,1574,1810,1856,2060,2186,2291,2799,3223,3723,4044,4127,4471,5326,5994,6920,7879,8449,8832,8973,10627,12228,13197,13767,13714,13353,13939,14215,14272,15573,16599,15975,17993,19212,20354,22015,23631,24348,25647,24762,24623,26606,31194,31729,29890,32314,28757,32284,34222,37809,33894,36632,36702
 "54103","Wetzel, WV",5,CAINC4,62,"..."," Employer contributions for government social insurance ","Thousands of dollars",1507,1425,1493,1615,2120,2441,2527,2572,3222,3800,4622,4806,4560,4903,5215,5954,5960,6972,7358,8154,7406,8973,10788,10546,10920,10446,10972,11740,12688,13138,14539,16736,14098,14004,13938,13367,14343,13054,12030,10918,10439,10600,11511,13372,13073,13203,13716,13550,13593,14246,14561,14808,16218,16358
 "54103","Wetzel, WV",5,CAINC4,70,"...","Proprietors' income 9/","Thousands of dollars",4744,4951,5246,5786,6211,6437,6885,7340,7429,8411,9109,9103,8643,10109,10476,11219,10793,10121,11322,9772,11266,13080,10999,12205,13741,13450,14296,14832,16276,15441,17780,17248,21789,23431,22657,22942,23580,21497,16769,14767,14560,17457,20208,23298,21128,18946,16088,16901,17789,18993,20750,17547,18776,18604
 "54103","Wetzel, WV",5,CAINC4,71,"..."," Farm proprietors' income ","Thousands of dollars",-40,-32,-2,65,113,54,27,34,43,67,219,333,-120,387,344,234,-77,-261,-434,-468,-225,-193,-237,11,-127,-225,-375,-253,-395,-422,-490,-400,-540,-590,-538,-447,-536,-475,-653,-281,-326,-381,-402,-533,-469,-679,-507,-719,-810,-986,-601,-863,-1043,-1285
 "54103","Wetzel, WV",5,CAINC4,72,"..."," Nonfarm proprietors' income ","Thousands of dollars",4784,4983,5248,5721,6098,6383,6858,7306,7386,8344,8890,8770,8763,9722,10132,10985,10870,10382,11756,10240,11491,13273,11236,12194,13868,13675,14671,15085,16671,15863,18270,17648,22329,24021,23195,23389,24116,21972,17422,15048,14886,17838,20610,23831,21597,19625,16595,17620,18599,19979,21351,18410,19819,19889
 "54103","Wetzel, WV",5,CAINC4,7010,"...","Total employment ","Number of jobs",5287,5027,5169,5163,5405,5535,5511,5423,5653,5952,6278,6211,5718,5620,5714,5753,5760,5916,6070,6095,6010,6479,6566,6526,6574,6479,6486,6608,6536,6148,6376,6484,6293,6492,6361,6389,6458,6321,6335,6276,5930,5899,6025,6372,6321,6160,6084,5896,5871,5812,5699,5405,5631,5732
 "54103","Wetzel, WV",5,CAINC4,7020,"..."," Wage and salary employment ","Number of jobs",4344,4144,4219,4188,4381,4476,4344,4247,4451,4737,5047,4923,4451,4388,4430,4461,4435,4570,4675,4771,4715,5187,5239,5183,5230,5124,5105,5179,5066,4914,5165,5259,4914,5072,4922,4961,5038,4893,4858,4862,4614,4625,4785,5121,5042,4973,4948,4891,4837,4797,4756,4437,4624,4679
 "54103","Wetzel, WV",5,CAINC4,7040,"..."," Proprietors employment ","Number of jobs",943,883,950,975,1024,1059,1167,1176,1202,1215,1231,1288,1267,1232,1284,1292,1325,1346,1395,1324,1295,1292,1327,1343,1344,1355,1381,1429,1470,1234,1211,1225,1379,1420,1439,1428,1420,1428,1477,1414,1316,1274,1240,1251,1279,1187,1136,1005,1034,1015,943,968,1007,1053
 "54105","Wirt, WV",5,CAINC4,10,"...","Personal income (thousands of dollars) ","Thousands of dollars",9362,9719,10516,11683,13046,14730,15593,17411,20437,23962,27075,29727,31808,33645,36879,43816,46242,45967,46098,50214,50989,54017,56311,62522,67140,70382,73282,78058,82970,83770,89215,94565,105813,109316,111147,110456,111313,117727,123741,135003,137579,142215,156676,155406,164092,170133,173063,171943,175127,188638,186581,194762,207303,201926
 "54105","Wirt, WV",5,CAINC4,11,"..."," Nonfarm personal income 1/","Thousands of dollars",9177,9490,10195,11245,12443,14291,15481,17435,20475,23950,27008,29392,31798,33861,36956,43226,45701,45571,46055,49872,50918,53387,55881,61942,66764,70085,73068,78197,83141,84378,90054,95457,106983,110922,111146,110261,111365,118135,124355,135160,138002,142517,156987,155635,164487,170882,173915,173214,176560,190392,187951,196284,209206,204553
 "54105","Wirt, WV",5,CAINC4,12,"..."," Farm income 2/","Thousands of dollars",185,229,321,438,603,439,112,-24,-38,12,67,335,10,-216,-77,590,541,396,43,342,71,630,430,580,376,297,214,-139,-171,-608,-839,-892,-1170,-1606,1,195,-52,-408,-614,-157,-423,-302,-311,-229,-395,-749,-852,-1271,-1433,-1754,-1370,-1522,-1903,-2627
 "54105","Wirt, WV",5,CAINC4,20,"...","Population (persons) 3/","Number of persons",4322,4158,4171,4203,4313,4404,4583,4840,4693,4800,4876,4941,5018,5071,5265,5278,5320,5386,5375,5284,5268,5171,5238,5306,5358,5475,5555,5637,5689,5767,5849,5874,5858,5816,5774,5813,5836,5791,5806,5745,5703,5708,5684,5650,5659,5561,5521,5433,5403,5365,5305,5186,5059,5091
 "54105","Wirt, WV",5,CAINC4,30,"...","Per capita personal income (dollars) 4/","Dollars",2166,2337,2521,2780,3025,3345,3402,3597,4355,4992,5553,6016,6339,6635,7005,8302,8692,8535,8576,9503,9679,10446,10750,11783,12531,12855,13192,13847,14584,14526,15253,16099,18063,18796,19250,19002,19074,20329,21313,23499,24124,24915,27564,27505,28997,30594,31346,31648,32413,35161,35171,37555,40977,39663
 "54105","Wirt, WV",5,CAINC4,35,"...","Earnings by place of work ","Thousands of dollars",3223,3385,3787,4755,5212,5750,5642,6296,7624,9449,10404,10565,11300,11538,12567,19870,20940,18493,17460,20345,18969,16640,16145,19639,20337,21600,22407,20924,21045,20474,21446,22100,29469,30305,31421,31354,31643,32403,33359,33904,35006,38229,38313,36058,34489,32596,33433,31439,29988,31936,33552,32120,57839,44001
 "54105","Wirt, WV",5,CAINC4,36,"...","Less: Contributions for government social insurance 5/","Thousands of dollars",228,238,271,355,440,514,543,628,746,958,1069,1096,1297,1446,1585,2461,2586,2320,2375,2764,2765,2328,2334,2819,2936,3098,3294,3164,3138,3256,3443,3694,4161,4033,4255,4274,4424,4593,4791,4747,5005,5159,4957,4742,5150,5137,5323,5411,5441,5993,6033,6061,9508,7942
 "54105","Wirt, WV",5,CAINC4,37,"..."," Employee and self-employed contributions for government social insurance ","Thousands of dollars",125,131,148,184,222,260,272,308,354,436,497,505,602,662,704,1033,1120,1073,1095,1262,1323,1145,1178,1376,1456,1578,1711,1662,1655,1625,1700,1721,2164,2208,2349,2442,2619,2787,3080,3177,3358,3545,3282,3180,3632,3708,3781,3868,3974,4365,4373,4319,6032,5627
 "54105","Wirt, WV",5,CAINC4,38,"..."," Employer contributions for government social insurance ","Thousands of dollars",103,107,123,171,218,254,271,320,392,522,572,591,695,784,881,1428,1466,1247,1280,1502,1442,1183,1156,1443,1480,1520,1583,1502,1483,1631,1743,1973,1997,1825,1906,1832,1805,1806,1711,1570,1647,1614,1675,1562,1518,1429,1542,1543,1467,1628,1660,1742,3476,2315
 "54105","Wirt, WV",5,CAINC4,42,"...","Plus: Adjustment for residence 6/","Thousands of dollars",3942,3732,3704,3768,4123,4650,4497,5320,6245,7657,8695,9537,9586,9404,10070,9610,9901,11521,12803,13957,14818,17632,19188,20908,23201,24799,25649,28968,32078,33774,36408,38740,40431,41821,42617,43119,42834,47179,47670,48958,44656,44630,53268,50741,60211,65817,65648,65367,70372,80793,73607,67525,48210,64689
 "54105","Wirt, WV",5,CAINC4,45,"...","Equals: Net earnings by place of residence ","Thousands of dollars",6937,6879,7220,8168,8895,9886,9596,10988,13123,16148,18030,19006,19589,19496,21052,27019,28255,27694,27888,31538,31022,31944,32999,37728,40602,43301,44762,46728,49985,50992,54411,57146,65739,68093,69783,70199,70053,74989,76238,78115,74657,77700,86624,82057,89550,93276,93758,91395,94919,106736,101126,93584,96541,100748
 "54105","Wirt, WV",5,CAINC4,46,"...","Plus: Dividends, interest, and rent 7/","Thousands of dollars",943,1088,1230,1419,1669,1919,2186,2369,2725,3060,3458,3951,4658,5331,6071,6873,7432,7557,7273,7396,8002,8781,8691,8987,9107,9173,10537,11115,12343,12313,12738,14161,14903,14016,13202,12901,11600,11302,12969,17470,18985,19185,21892,21814,23895,27490,26616,24896,24946,24631,24366,25427,24976,25784
 "54105","Wirt, WV",5,CAINC4,47,"...","Plus: Personal current transfer receipts ","Thousands of dollars",1482,1752,2066,2096,2482,2925,3811,4054,4589,4754,5587,6770,7561,8818,9756,9924,10555,10716,10937,11280,11965,13292,14621,15807,17431,17908,17983,20215,20642,20465,22066,23258,25171,27207,28162,27356,29660,31436,34534,39418,43937,45330,48160,51535,50647,49367,52689,55652,55262,57271,61089,75751,85786,75394
 "54105","Wirt, WV",5,CAINC4,50,"...","Wages and salaries ","Thousands of dollars",2199,2295,2526,3179,3430,3871,4013,4699,5763,7202,7848,7628,8441,9121,9516,14014,14414,12207,12383,13620,12829,10357,9958,11807,11910,12593,13008,12251,12010,12550,13035,13601,14753,15796,16290,16419,16281,17164,18570,19094,19146,20214,20166,19142,18643,18100,19295,18803,18304,20029,20938,20698,43298,31169
 "54105","Wirt, WV",5,CAINC4,60,"...","Supplements to wages and salaries ","Thousands of dollars",261,284,337,446,489,636,685,757,1010,1294,1439,1513,1723,1879,2226,3339,3748,3301,3238,4062,3712,2932,2896,3738,4001,4293,4121,3626,3535,3744,4081,4436,5055,5066,5506,5571,5710,6134,6275,6300,6316,6513,6633,6611,6418,5727,6159,5825,5950,6413,7089,7233,10402,9087
 "54105","Wirt, WV",5,CAINC4,61,"..."," Employer contributions for employee pension and insurance funds 8/","Thousands of dollars",158,177,214,275,271,382,414,437,618,772,867,922,1028,1095,1345,1911,2282,2054,1958,2560,2270,1749,1740,2295,2521,2773,2538,2124,2052,2113,2338,2463,3058,3241,3600,3739,3905,4328,4564,4730,4669,4899,4958,5049,4900,4298,4617,4282,4483,4785,5429,5491,6926,6772
 "54105","Wirt, WV",5,CAINC4,62,"..."," Employer contributions for government social insurance ","Thousands of dollars",103,107,123,171,218,254,271,320,392,522,572,591,695,784,881,1428,1466,1247,1280,1502,1442,1183,1156,1443,1480,1520,1583,1502,1483,1631,1743,1973,1997,1825,1906,1832,1805,1806,1711,1570,1647,1614,1675,1562,1518,1429,1542,1543,1467,1628,1660,1742,3476,2315
 "54105","Wirt, WV",5,CAINC4,70,"...","Proprietors' income 9/","Thousands of dollars",763,806,924,1130,1293,1243,944,840,851,953,1117,1424,1136,538,825,2517,2778,2985,1839,2663,2428,3351,3291,4094,4426,4714,5278,5047,5500,4180,4330,4063,9661,9443,9625,9364,9652,9105,8514,8510,9544,11502,11514,10305,9428,8769,7979,6811,5734,5494,5525,4189,4139,3745
 "54105","Wirt, WV",5,CAINC4,71,"..."," Farm proprietors' income ","Thousands of dollars",102,130,213,334,445,277,-6,-180,-174,-192,-147,122,-191,-425,-328,277,159,-33,-466,-201,-477,19,-126,64,-112,-112,-160,-443,-435,-952,-1238,-1296,-1693,-2293,-591,-234,-278,-538,-637,-181,-449,-332,-340,-275,-438,-797,-894,-1318,-1479,-1796,-1406,-1561,-1939,-2678
 "54105","Wirt, WV",5,CAINC4,72,"..."," Nonfarm proprietors' income ","Thousands of dollars",661,676,711,796,848,966,950,1020,1025,1145,1264,1302,1327,963,1153,2240,2619,3018,2305,2864,2905,3332,3417,4030,4538,4826,5438,5490,5935,5132,5568,5359,11354,11736,10216,9598,9930,9643,9151,8691,9993,11834,11854,10580,9866,9566,8873,8129,7213,7290,6931,5750,6078,6423
 "54105","Wirt, WV",5,CAINC4,7010,"...","Total employment ","Number of jobs",989,945,922,978,962,1024,1060,1091,1125,1250,1226,1188,1230,1172,1219,1399,1386,1332,1420,1433,1414,1388,1323,1414,1432,1444,1507,1417,1430,1374,1367,1380,1445,1401,1431,1424,1411,1429,1499,1491,1480,1495,1471,1413,1406,1325,1316,1321,1334,1284,1269,1255,1603,1439
 "54105","Wirt, WV",5,CAINC4,7020,"..."," Wage and salary employment ","Number of jobs",555,513,526,585,591,630,627,662,685,793,786,748,757,734,755,919,885,805,844,855,828,749,709,782,801,797,820,780,770,760,764,776,829,813,830,796,763,785,824,818,804,823,822,758,730,647,650,653,623,637,643,628,979,790
 "54105","Wirt, WV",5,CAINC4,7040,"..."," Proprietors employment ","Number of jobs",434,432,396,393,371,394,433,429,440,457,440,440,473,438,464,480,501,527,576,578,586,639,614,632,631,647,687,637,660,614,603,604,616,588,601,628,648,644,675,673,676,672,649,655,676,678,666,668,711,647,626,627,624,649
 "54107","Wood, WV",5,CAINC4,10,"...","Personal income (thousands of dollars) ","Thousands of dollars",285660,308497,326675,357968,393855,448363,480198,530354,601647,677709,745297,820056,899705,932533,986749,1061191,1124739,1154344,1188713,1291583,1357661,1441078,1483974,1583479,1653654,1709045,1772490,1841504,1904044,1958884,2033880,2117590,2185558,2281225,2306049,2373685,2388855,2561508,2674741,2809340,2816815,2878102,3025386,3136041,3119577,3328732,3348366,3292035,3390705,3771718,3944516,4064051,4653523,4860841
 "54107","Wood, WV",5,CAINC4,11,"..."," Nonfarm personal income 1/","Thousands of dollars",285095,308023,326181,357387,393027,448013,480058,530506,601884,677601,745176,820076,900565,933979,988089,1062058,1125262,1155218,1189714,1292726,1358329,1441748,1485188,1584337,1654275,1709439,1773191,1841631,1904553,1960134,2035363,2118824,2187111,2283451,2308807,2376123,2391849,2565316,2679352,2812991,2820586,2882030,3028166,3139413,3122269,3332129,3352202,3296690,3395463,3776996,3948885,4068950,4658558,4867671
 "54107","Wood, WV",5,CAINC4,12,"..."," Farm income 2/","Thousands of dollars",565,474,494,581,828,350,140,-152,-237,108,121,-20,-860,-1446,-1340,-867,-523,-874,-1001,-1143,-668,-670,-1214,-858,-621,-394,-701,-127,-509,-1250,-1483,-1234,-1553,-2226,-2758,-2438,-2994,-3808,-4611,-3651,-3771,-3928,-2780,-3372,-2692,-3397,-3836,-4655,-4758,-5278,-4369,-4899,-5035,-6830
 "54107","Wood, WV",5,CAINC4,20,"...","Population (persons) 3/","Number of persons",85533,86540,85940,86800,87553,87778,88577,89281,90271,91919,92546,93610,93468,92429,92103,91681,91107,90563,89105,88608,87386,86985,87309,87842,88408,88715,88873,88671,88540,88268,88109,87837,87678,87608,87200,86892,86819,86552,86489,86783,86841,87004,87050,86901,86933,86998,86986,86507,85952,85234,84659,84142,83791,83340
 "54107","Wood, WV",5,CAINC4,30,"...","Per capita personal income (dollars) 4/","Dollars",3340,3565,3801,4124,4498,5108,5421,5940,6665,7373,8053,8760,9626,10089,10714,11575,12345,12746,13341,14576,15536,16567,16997,18026,18705,19264,19944,20768,21505,22192,23084,24108,24927,26039,26446,27318,27515,29595,30926,32372,32436,33080,34755,36088,35885,38262,38493,38055,39449,44251,46593,48300,55537,58325
 "54107","Wood, WV",5,CAINC4,35,"...","Earnings by place of work ","Thousands of dollars",250679,263084,278159,310829,345845,392368,396128,443007,506900,576515,638491,686103,745401,763562,800711,860248,909424,934504,979729,1080041,1103937,1166498,1191438,1279705,1339089,1391421,1435108,1504705,1561692,1579444,1641544,1737456,1742684,1764521,1780301,1867314,1869263,1979478,1970516,1985725,1953950,1994618,2080217,2158825,2165005,2253784,2235656,2130592,2224472,2436276,2647626,2531292,2944709,3264167
 "54107","Wood, WV",5,CAINC4,36,"...","Less: Contributions for government social insurance 5/","Thousands of dollars",19358,19924,21810,25914,33336,39718,38911,44325,50573,59493,68232,74075,85925,90497,96240,105634,112795,120363,128342,144396,149353,159759,167811,180380,192280,198076,205089,215136,221445,225407,231785,251793,245123,243840,250668,259346,257174,260892,248543,242390,242191,244951,226782,234058,262731,275786,277518,272892,284012,296766,309706,312633,340932,375487
 "54107","Wood, WV",5,CAINC4,37,"..."," Employee and self-employed contributions for government social insurance ","Thousands of dollars",8407,8773,9595,11103,14123,16550,16489,18433,20615,23842,27741,30448,35976,38123,40013,42866,47242,50759,53717,60570,63678,68326,71158,75675,79717,84266,88596,92249,95810,96073,99961,103424,103989,104247,106802,112471,113326,121125,124621,127387,127016,129865,107688,111371,141104,150965,150367,147358,156908,168280,177856,179512,201565,229835
 "54107","Wood, WV",5,CAINC4,38,"..."," Employer contributions for government social insurance ","Thousands of dollars",10951,11151,12215,14811,19213,23168,22422,25892,29958,35651,40491,43627,49949,52374,56227,62768,65553,69604,74625,83826,85675,91433,96653,104705,112563,113810,116493,122887,125635,129334,131824,148369,141134,139593,143866,146875,143848,139767,123922,115003,115175,115086,119094,122687,121627,124821,127151,125534,127104,128486,131850,133121,139367,145652
 "54107","Wood, WV",5,CAINC4,42,"...","Plus: Adjustment for residence 6/","Thousands of dollars",-3738,-1775,-4639,-9574,-12003,-14997,-12438,-13390,-14485,-13344,-22815,-32507,-41288,-50795,-57237,-58420,-63160,-66555,-78842,-90308,-85675,-95159,-100951,-107286,-112846,-116416,-121262,-145649,-150816,-138770,-149315,-172505,-149338,-120839,-119028,-142414,-133855,-144757,-113335,-99595,-117131,-131197,-143602,-142679,-112812,-68627,-73144,-45597,-61411,34027,-30697,-62869,-84447,-86855
 "54107","Wood, WV",5,CAINC4,45,"...","Equals: Net earnings by place of residence ","Thousands of dollars",227583,241385,251710,275341,300506,337653,344779,385292,441842,503678,547444,579521,618188,622270,647234,696194,733469,747586,772545,845337,868909,911580,922676,992039,1033963,1076929,1108757,1143920,1189431,1215267,1260444,1313158,1348223,1399842,1410605,1465554,1478234,1573829,1608638,1643740,1594628,1618470,1709833,1782088,1789462,1909371,1884994,1812103,1879049,2173537,2307223,2155790,2519330,2801825
 "54107","Wood, WV",5,CAINC4,46,"...","Plus: Dividends, interest, and rent 7/","Thousands of dollars",34114,38693,41645,45485,50647,58968,65991,71614,79955,88708,100519,122182,148898,164253,180831,199297,212494,216186,217180,232808,261604,283340,284508,271376,277215,289169,309923,321843,327221,342244,364351,373020,358941,357705,361155,373919,349562,382353,422336,452163,434085,426505,469719,503992,464502,503662,506903,509326,518092,581762,584379,619045,704229,774039
 "54107","Wood, WV",5,CAINC4,47,"...","Plus: Personal current transfer receipts ","Thousands of dollars",23963,28419,33320,37142,42702,51742,69428,73448,79850,85323,97334,118353,132619,146010,158684,165700,178776,190572,198988,213438,227148,246158,276790,320064,342476,342947,353810,375741,387392,401373,409085,431412,478394,523678,534289,534212,561059,605326,643767,713437,788102,833127,845834,849961,865613,915699,956469,970606,993564,1016419,1052914,1289216,1429964,1284977
 "54107","Wood, WV",5,CAINC4,50,"...","Wages and salaries ","Thousands of dollars",204350,214146,225120,249892,277106,315109,314699,352174,400916,455959,506720,548214,595396,613285,635447,674912,709789,727178,771675,834718,836387,875102,894985,952368,985955,1029732,1056834,1114209,1163973,1180164,1214124,1269615,1264619,1265705,1273603,1342265,1334367,1404168,1423319,1442381,1401407,1419481,1465065,1524089,1512227,1555530,1575590,1534240,1567048,1611382,1661499,1651265,1766193,1889411
 "54107","Wood, WV",5,CAINC4,60,"...","Supplements to wages and salaries ","Thousands of dollars",24597,25979,28478,33845,39585,46548,46556,52385,62497,71235,82290,90044,100556,105529,118218,131267,144209,154386,163308,179300,190260,203161,217319,240380,256373,262802,261478,275033,276948,280165,289911,317901,335306,344647,359428,375191,377770,409107,397585,396318,388511,384583,404129,425129,428407,415537,434183,411685,431078,444776,468081,455059,470762,480903
 "54107","Wood, WV",5,CAINC4,61,"..."," Employer contributions for employee pension and insurance funds 8/","Thousands of dollars",13646,14828,16263,19034,20372,23380,24134,26493,32539,35584,41799,46417,50607,53155,61991,68499,78656,84782,88683,95474,104585,111728,120666,135675,143810,148992,144985,152146,151313,150831,158087,169532,194172,205054,215562,228316,233922,269340,273663,281315,273336,269497,285035,302442,306780,290716,307032,286151,303974,316290,336231,321938,331395,335251
 "54107","Wood, WV",5,CAINC4,62,"..."," Employer contributions for government social insurance ","Thousands of dollars",10951,11151,12215,14811,19213,23168,22422,25892,29958,35651,40491,43627,49949,52374,56227,62768,65553,69604,74625,83826,85675,91433,96653,104705,112563,113810,116493,122887,125635,129334,131824,148369,141134,139593,143866,146875,143848,139767,123922,115003,115175,115086,119094,122687,121627,124821,127151,125534,127104,128486,131850,133121,139367,145652
 "54107","Wood, WV",5,CAINC4,70,"...","Proprietors' income 9/","Thousands of dollars",21732,22959,24561,27092,29154,30711,34873,38448,43487,49321,49481,47845,49449,44748,47046,54069,55426,52940,44746,66023,77290,88235,79134,86957,96761,98887,116796,115463,120771,119115,137509,149940,142759,154169,147270,149858,157126,166203,149612,147026,164032,190554,211023,209607,224371,282717,225883,184667,226346,380118,518046,424968,707754,893853
 "54107","Wood, WV",5,CAINC4,71,"..."," Farm proprietors' income ","Thousands of dollars",267,154,162,286,416,-44,-109,-476,-498,-261,-270,-415,-1235,-1847,-1694,-1197,-815,-1120,-1205,-1345,-865,-867,-1376,-999,-786,-568,-906,-348,-761,-1490,-1694,-1405,-1725,-2389,-2946,-2632,-3155,-3995,-4835,-3874,-4000,-4160,-2995,-3725,-3049,-3774,-4143,-5001,-5076,-5571,-4606,-5154,-5276,-7173
 "54107","Wood, WV",5,CAINC4,72,"..."," Nonfarm proprietors' income ","Thousands of dollars",21465,22805,24399,26806,28738,30755,34982,38924,43985,49582,49751,48260,50684,46595,48740,55266,56241,54060,45951,67368,78155,89102,80510,87956,97547,99455,117702,115811,121532,120605,139203,151345,144484,156558,150216,152490,160281,170198,154447,150900,168032,194714,214018,213332,227420,286491,230026,189668,231422,385689,522652,430122,713030,901026
 "54107","Wood, WV",5,CAINC4,7010,"...","Total employment ","Number of jobs",37497,36814,37430,38768,41075,42624,40074,41036,42977,44778,45669,44871,43990,42860,43001,43791,44159,44129,45738,46417,46994,47549,46967,47911,48847,49735,50389,51549,52381,51949,52003,52825,52269,51236,50739,51099,50840,51410,51204,50372,48909,48595,49242,49615,49163,49126,48490,47265,46129,45553,45296,42850,44242,45668
 "54107","Wood, WV",5,CAINC4,7020,"..."," Wage and salary employment ","Number of jobs",33172,32569,33055,34270,36312,37601,34854,35828,37688,39418,40405,39358,38483,37182,37104,37898,38240,38179,39479,40044,40655,41016,40475,41458,42579,43367,43599,44754,45399,45244,45500,46142,45286,44290,43682,44120,43427,43873,43363,42492,40962,40680,41144,41361,40925,40878,40507,39526,38581,38242,38485,35712,36671,37612
 "54107","Wood, WV",5,CAINC4,7040,"..."," Proprietors employment ","Number of jobs",4325,4245,4375,4498,4763,5023,5220,5208,5289,5360,5264,5513,5507,5678,5897,5893,5919,5950,6259,6373,6339,6533,6492,6453,6268,6368,6790,6795,6982,6705,6503,6683,6983,6946,7057,6979,7413,7537,7841,7880,7947,7915,8098,8254,8238,8248,7983,7739,7548,7311,6811,7138,7571,8056
 "54109","Wyoming, WV",5,CAINC4,10,"...","Personal income (thousands of dollars) ","Thousands of dollars",71921,82417,92879,108503,118380,128477,154204,175631,187793,192844,226824,247714,266678,287866,280639,298125,297970,299163,302266,289271,299935,320733,332476,355140,358351,377050,382678,404351,415715,426502,417965,429977,458022,471753,465961,481284,512550,547074,570135,632002,622197,636764,669318,670227,646817,656948,644047,600327,622932,640580,636706,678865,725713,722167
 "54109","Wyoming, WV",5,CAINC4,11,"..."," Nonfarm personal income 1/","Thousands of dollars",71880,82391,92852,108456,118308,128401,154132,175546,187696,192720,226674,247584,266661,287694,280469,298017,297979,299215,302338,289343,299985,320734,332491,355149,358359,376914,382706,404314,415783,426610,418125,430113,458185,471934,466107,481412,512666,547190,570257,632122,622352,636919,669481,670319,647026,657142,644218,600482,623091,640738,636827,679013,725722,722402
 "54109","Wyoming, WV",5,CAINC4,12,"..."," Farm income 2/","Thousands of dollars",41,26,27,47,72,76,72,85,97,124,150,130,17,172,170,108,-9,-52,-72,-72,-50,-1,-15,-9,-8,136,-28,37,-68,-108,-160,-136,-163,-181,-146,-128,-116,-116,-122,-120,-155,-155,-163,-92,-209,-194,-171,-155,-159,-158,-121,-148,-9,-235
 "54109","Wyoming, WV",5,CAINC4,20,"...","Population (persons) 3/","Number of persons",30411,30157,30799,31319,32655,33010,34135,35311,36240,36397,36654,35902,35506,35136,34897,34164,33481,32559,31542,30245,29356,28927,28716,28733,28224,27917,27527,27203,26869,26458,26042,25585,25133,24859,24777,24482,24471,24288,24078,23957,23899,23762,23630,23512,23371,23134,22851,22566,22173,21831,21556,21317,20991,20527
 "54109","Wyoming, WV",5,CAINC4,30,"...","Per capita personal income (dollars) 4/","Dollars",2365,2733,3016,3464,3625,3892,4517,4974,5182,5298,6188,6900,7511,8193,8042,8726,8900,9188,9583,9564,10217,11088,11578,12360,12697,13506,13902,14864,15472,16120,16050,16806,18224,18977,18806,19659,20945,22524,23679,26381,26034,26798,28325,28506,27676,28398,28185,26603,28094,29343,29537,31846,34573,35181
 "54109","Wyoming, WV",5,CAINC4,35,"...","Earnings by place of work ","Thousands of dollars",75205,83982,93832,108916,114854,122167,148596,170173,177878,164869,204118,216657,224503,242022,208477,217233,204008,195667,206427,185789,183848,196727,192864,207190,212845,218770,208240,221989,228971,230413,211878,217402,221186,228607,217498,225124,259086,274968,268904,292541,267630,289971,304824,317011,323400,310539,309003,258030,263238,279306,250552,256042,292290,325020
 "54109","Wyoming, WV",5,CAINC4,36,"...","Less: Contributions for government social insurance 5/","Thousands of dollars",5980,6578,7698,8900,11101,12237,14463,16761,17392,16851,21530,23338,26215,29952,25693,28081,27040,26323,27331,26904,26923,29038,29628,32358,36513,37453,36613,38787,39816,41292,37688,40116,37355,35191,34198,34910,40183,40381,38255,39995,37653,40223,38281,38660,43730,43167,43145,38766,39958,42515,38537,40711,45099,49382
 "54109","Wyoming, WV",5,CAINC4,37,"..."," Employee and self-employed contributions for government social insurance ","Thousands of dollars",2519,2781,3218,3881,4680,5038,6177,7111,7310,6826,8942,9655,10842,12076,10382,10985,10883,10740,11127,11187,11617,12507,12529,13262,13586,14429,14206,14773,15060,15083,14230,14314,15399,15956,15713,16545,19166,20632,21132,22911,21755,23126,20041,20252,25139,25063,25116,22984,23837,25400,23695,24890,27273,30522
 "54109","Wyoming, WV",5,CAINC4,38,"..."," Employer contributions for government social insurance ","Thousands of dollars",3461,3797,4480,5019,6421,7199,8286,9650,10082,10025,12588,13683,15373,17876,15311,17096,16157,15583,16204,15717,15306,16531,17099,19096,22927,23024,22407,24014,24756,26209,23458,25802,21956,19235,18485,18365,21017,19749,17123,17084,15898,17097,18240,18408,18591,18104,18029,15782,16121,17115,14842,15821,17826,18860
 "54109","Wyoming, WV",5,CAINC4,42,"...","Plus: Adjustment for residence 6/","Thousands of dollars",-10939,-11982,-13858,-16310,-16571,-16478,-20336,-22788,-21907,-12910,-21822,-20704,-19326,-18255,-10078,-6257,3975,8969,2597,7966,13661,18010,24370,23728,17541,26378,37657,38769,40267,43006,47865,51249,54152,52517,55106,61646,60935,69545,75115,86085,89015,83598,96732,84452,61454,52709,42037,43879,53353,54744,74385,56910,51585,48959
 "54109","Wyoming, WV",5,CAINC4,45,"...","Equals: Net earnings by place of residence ","Thousands of dollars",58286,65422,72276,83706,87182,93452,113797,130624,138579,135108,160766,172615,178962,193815,172706,182895,180943,178313,181693,166851,170586,185699,187606,198560,193873,207695,209284,221971,229422,232127,222055,228535,237983,245933,238406,251860,279838,304132,305764,338631,318992,333346,363275,362803,341124,320081,307895,263143,276633,291535,286400,272241,298776,324597
 "54109","Wyoming, WV",5,CAINC4,46,"...","Plus: Dividends, interest, and rent 7/","Thousands of dollars",4032,4849,5402,6068,7022,8410,10579,12117,13997,15186,17337,20859,26129,30567,33049,39232,41874,42008,40106,41048,43586,44993,46183,44895,44186,45888,46359,48916,50793,53806,51100,51719,55885,54334,50816,50863,47884,45629,54873,69929,67845,64589,70405,69070,69014,80081,71116,68026,67709,65504,68478,69892,64402,66825
 "54109","Wyoming, WV",5,CAINC4,47,"...","Plus: Personal current transfer receipts ","Thousands of dollars",9603,12146,15201,18729,24176,26615,29828,32890,35217,42550,48721,54240,61587,63484,74884,75998,75153,78842,80467,81372,85763,90041,98687,111685,120292,123467,127035,133464,135500,140569,144810,149723,164154,171486,176739,178561,184828,197313,209498,223442,235360,238829,235638,238354,236679,256786,265036,269158,278590,283541,281828,336732,362535,330745
 "54109","Wyoming, WV",5,CAINC4,50,"...","Wages and salaries ","Thousands of dollars",59606,67024,75106,87354,91598,96344,119617,136928,140761,127492,160461,171193,175924,189581,159030,166803,156421,148454,153793,142306,139683,149618,144810,154755,154324,159942,151443,158829,162416,165456,150733,153583,162181,170307,159072,164453,191455,201613,202030,223569,201172,218363,230568,237101,243133,236605,234667,194730,196468,208156,184384,190147,219059,248233
 "54109","Wyoming, WV",5,CAINC4,60,"...","Supplements to wages and salaries ","Thousands of dollars",11271,12555,14108,16398,17489,19209,21840,25598,27787,26996,33240,36387,39238,42935,39883,40278,37716,40356,46949,34731,34672,37033,37669,42518,48237,48431,46022,50172,54137,54373,50226,53719,45704,44179,45050,46541,52020,57197,52986,55949,51835,54419,56573,62084,63524,58115,60151,50519,54714,58841,53132,54514,60586,63866
 "54109","Wyoming, WV",5,CAINC4,61,"..."," Employer contributions for employee pension and insurance funds 8/","Thousands of dollars",7810,8758,9628,11379,11068,12010,13554,15948,17705,16971,20652,22704,23865,25059,24572,23182,21559,24773,30745,19014,19366,20502,20570,23422,25310,25407,23615,26158,29381,28164,26768,27917,23748,24944,26565,28176,31003,37448,35863,38865,35937,37322,38333,43676,44933,40011,42122,34737,38593,41726,38290,38693,42760,45006
 "54109","Wyoming, WV",5,CAINC4,62,"..."," Employer contributions for government social insurance ","Thousands of dollars",3461,3797,4480,5019,6421,7199,8286,9650,10082,10025,12588,13683,15373,17876,15311,17096,16157,15583,16204,15717,15306,16531,17099,19096,22927,23024,22407,24014,24756,26209,23458,25802,21956,19235,18485,18365,21017,19749,17123,17084,15898,17097,18240,18408,18591,18104,18029,15782,16121,17115,14842,15821,17826,18860
 "54109","Wyoming, WV",5,CAINC4,70,"...","Proprietors' income 9/","Thousands of dollars",4328,4403,4618,5164,5767,6614,7139,7647,9330,10381,10417,9077,9341,9506,9564,10152,9871,6857,5685,8752,9493,10076,10385,9917,10284,10397,10775,12988,12418,10584,10919,10100,13301,14121,13376,14130,15611,16158,13888,13023,14623,17189,17683,17826,16743,15819,14185,12781,12056,12309,13036,11381,12645,12921
 "54109","Wyoming, WV",5,CAINC4,71,"..."," Farm proprietors' income ","Thousands of dollars",29,16,19,42,67,73,70,83,95,122,146,124,10,164,163,102,-14,-56,-77,-84,-70,-32,-51,-47,-39,114,-44,27,-72,-119,-179,-159,-195,-225,-185,-157,-133,-127,-128,-127,-162,-163,-171,-104,-221,-206,-181,-166,-168,-167,-128,-156,-16,-245
 "54109","Wyoming, WV",5,CAINC4,72,"..."," Nonfarm proprietors' income ","Thousands of dollars",4299,4387,4599,5122,5700,6541,7069,7564,9235,10259,10271,8953,9331,9342,9401,10050,9885,6913,5762,8836,9563,10108,10436,9964,10323,10283,10819,12961,12490,10703,11098,10259,13496,14346,13561,14287,15744,16285,14016,13150,14785,17352,17854,17930,16964,16025,14366,12947,12224,12476,13164,11537,12661,13166
 "54109","Wyoming, WV",5,CAINC4,7010,"...","Total employment ","Number of jobs",9264,9593,9917,10418,10448,10763,11305,12267,11885,10572,11068,10761,9995,10218,8735,8734,8264,7787,7903,7140,6904,7113,6895,7015,6870,6897,6842,7016,7167,7216,6974,6895,6965,7256,6647,6612,6936,6896,6759,6662,6602,6639,6627,6580,6500,6508,6225,5712,5648,5712,5471,5402,5684,5973
 "54109","Wyoming, WV",5,CAINC4,7020,"..."," Wage and salary employment ","Number of jobs",8610,8922,9238,9667,9672,9932,10401,11385,10989,9664,10133,9778,8998,9212,7678,7666,7168,6682,6738,6134,5898,6049,5833,5966,5870,5941,5839,6033,6171,6319,6027,5929,6016,6298,5722,5687,5949,5986,5759,5652,5543,5588,5618,5577,5496,5371,5162,4685,4622,4677,4461,4382,4681,4917
 "54109","Wyoming, WV",5,CAINC4,7040,"..."," Proprietors employment ","Number of jobs",654,671,679,751,776,831,904,882,896,908,935,983,997,1006,1057,1068,1096,1105,1165,1006,1006,1064,1062,1049,1000,956,1003,983,996,897,947,966,949,958,925,925,987,910,1000,1010,1059,1051,1009,1003,1004,1137,1063,1027,1026,1035,1010,1020,1003,1056
"Note: See the included footnote file."
"CAINC4: Personal income and employment by major component "
"Last updated: November 16, 2023-- new statistics for 2022; revised statistics for 1979-2021."
"U.S. Bureau of Economic Analysis"
