GeoFIPS,GeoName,Region,TableName,LineCode,IndustryClassification,Description,Unit,1969,1970,1971,1972,1973,1974,1975,1976,1977,1978,1979,1980,1981,1982,1983,1984,1985,1986,1987,1988,1989,1990,1991,1992,1993,1994,1995,1996,1997,1998,1999,2000,2001,2002,2003,2004,2005,2006,2007,2008,2009,2010,2011,2012,2013,2014,2015,2016,2017,2018,2019,2020,2021,2022
 "08000","Colorado",7,CAINC4,10,"...","Personal income (thousands of dollars) ","Thousands of dollars",8438834,9540190,10759666,12176083,13923113,15609172,17249727,18981259,21174240,24413528,27973924,32052580,36842992,40468901,43691655,47578744,50442397,52397050,54179277,57482944,61922088,65631642,69632902,75511809,81698776,87838892,95469000,102974939,110721540,122577930,131712758,146560771,154066732,154492308,157405310,163568499,174247768,188197016,200611172,210065766,200170034,206053394,223873871,236032969,247816736,268453081,279696008,283678694,303366730,328112736,351373238,375157839,417967655,442213009
 "08000","Colorado",7,CAINC4,11,"..."," Nonfarm personal income 1/","Thousands of dollars",8190406,9254085,10461361,11846363,13487115,15078542,16790740,18651200,20914961,24211475,27763389,31769323,36544041,40291355,43338769,47161559,50055815,52007577,53711760,56915771,61313539,64933301,69008082,74848402,80900814,87278336,94948861,102325710,110070111,121791818,130805045,145806173,153018692,153803233,156683866,162646794,173164811,187418785,199550325,209212514,199450145,205080318,222586942,234825771,246495383,267063351,278101440,282397781,302417065,327221073,350297919,374318550,416624872,441679723
 "08000","Colorado",7,CAINC4,12,"..."," Farm income 2/","Thousands of dollars",248428,286105,298305,329720,435998,530630,458987,330059,259279,202053,210535,283257,298951,177546,352886,417185,386582,389473,467517,567173,608549,698341,624820,663407,797962,560556,520139,649229,651429,786112,907713,754598,1048040,689075,721444,921705,1082957,778231,1060847,853252,719889,973076,1286929,1207198,1321353,1389730,1594568,1280913,949665,891663,1075319,839289,1342783,533286
 "08000","Colorado",7,CAINC4,20,"...","Population (persons) 3/","Number of persons",2166000,2223979,2303502,2404576,2495803,2541318,2586144,2632244,2696007,2766725,2849181,2908803,2977899,3061562,3133634,3169995,3208726,3237448,3260477,3262280,3275815,3307618,3387119,3495939,3613734,3724168,3826653,3919972,4018293,4116639,4226018,4326921,4425687,4490406,4528732,4575013,4631888,4720423,4803868,4889730,4972195,5047005,5119188,5188703,5263512,5342996,5442196,5529161,5600169,5677250,5735934,5784865,5811297,5839926
 "08000","Colorado",7,CAINC4,30,"...","Per capita personal income (dollars) 4/","Dollars",3896,4290,4671,5064,5579,6142,6670,7211,7854,8824,9818,11019,12372,13218,13943,15009,15720,16185,16617,17620,18903,19843,20558,21600,22608,23586,24948,26269,27554,29776,31167,33872,34812,34405,34757,35753,37619,39869,41760,42961,40258,40827,43732,45490,47082,50244,51394,51306,54171,57794,61258,64852,71923,75722
 "08000","Colorado",7,CAINC4,35,"...","Earnings by place of work ","Thousands of dollars",6705596,7472827,8448663,9673208,11120171,12350026,13367670,14819523,16644705,19339189,22343445,25235193,28734774,31244001,33340966,36496094,38559207,39981243,41412760,44020376,46582306,49719221,53107379,58235125,63306635,67714433,72615581,78531479,85205563,95221761,104750108,117250346,122914630,123170081,124753808,129772400,137463612,146424160,153495186,156950658,148344662,152004886,160960050,169705657,183164874,197626780,202604679,204024316,219576568,237094549,252862733,259750429,287172345,314516590
 "08000","Colorado",7,CAINC4,36,"...","Less: Contributions for government social insurance 5/","Thousands of dollars",387394,427041,498874,606017,797652,905460,967164,1104660,1260596,1506688,1838849,2106381,2598275,2908114,3129876,3538765,3834565,4020794,4121254,4530295,4887616,5333818,5856413,6358540,6986715,7557400,8074506,8625617,9300157,9709966,10549121,11703526,12313813,12751739,12981943,13869965,14724035,15588510,16427521,17110598,16484335,16664254,15793410,16569795,19241517,20675684,21822137,22564085,23931787,25514129,26928527,27612277,29839784,33660003
 "08000","Colorado",7,CAINC4,37,"..."," Employee and self-employed contributions for government social insurance ","Thousands of dollars",195227,213470,246644,294096,388514,443429,471553,521613,595302,705238,870349,1008675,1256414,1410146,1494050,1659891,1854568,1955555,2012234,2221551,2421020,2630014,2895071,3132118,3422470,3723448,4019368,4309512,4656255,5089199,5541259,6136889,6454529,6455364,6543243,6891160,7299510,7834041,8368608,8747327,8525469,8592307,7081535,7424153,9943712,10644138,11240802,11672544,12491911,13556180,14317007,14762946,15983230,18158144
 "08000","Colorado",7,CAINC4,38,"..."," Employer contributions for government social insurance ","Thousands of dollars",192167,213571,252230,311921,409138,462031,495611,583047,665294,801450,968500,1097706,1341861,1497968,1635826,1878874,1979997,2065239,2109020,2308744,2466596,2703804,2961342,3226422,3564245,3833952,4055138,4316105,4643902,4620767,5007862,5566637,5859284,6296375,6438700,6978805,7424525,7754469,8058913,8363271,7958866,8071947,8711875,9145642,9297805,10031546,10581335,10891541,11439876,11957949,12611520,12849331,13856554,15501859
 "08000","Colorado",7,CAINC4,42,"...","Plus: Adjustment for residence 6/","Thousands of dollars",1145,3213,3895,4523,3144,4225,8503,8518,11088,19277,13126,19901,3118,331,-2012,6910,15879,20607,31723,46251,62756,85636,96804,112039,124042,141938,163082,181705,205144,231023,260685,288140,308776,339390,363585,398419,429429,476006,505221,522946,563230,663121,826975,1027112,1183110,1231956,1231849,1203773,1319329,1345575,1386494,1378709,1552940,1626364
 "08000","Colorado",7,CAINC4,45,"...","Equals: Net earnings by place of residence ","Thousands of dollars",6319347,7048999,7953684,9071714,10325663,11448791,12409009,13723381,15395197,17851778,20517722,23148713,26139617,28336218,30209078,32964239,34740521,35981056,37323229,39536332,41757446,44471039,47347770,51988624,56443962,60298971,64704157,70087567,76110550,85742818,94461672,105834960,110909593,110757732,112135450,116300854,123169006,131311656,137572886,140363006,132423557,136003753,145993615,154162974,165106467,178183052,182014391,182664004,196964110,212925995,227320700,233516861,258885501,282482951
 "08000","Colorado",7,CAINC4,46,"...","Plus: Dividends, interest, and rent 7/","Thousands of dollars",1514200,1760919,1956245,2161687,2489739,2877023,3230365,3496077,3910507,4528754,5172117,6251268,7589407,8604218,9579487,10501169,11396567,11795118,11875069,12697599,14315078,14891973,15321899,15703981,16872727,18647397,20789981,22552845,24110331,26116499,25847593,28677073,29802408,28893212,29686593,31026577,33530211,38032405,42845774,46179005,41616333,40456902,47329627,51169171,50846023,55932733,60292298,62079665,66362952,71709210,78323761,80042011,90178268,98386370
 "08000","Colorado",7,CAINC4,47,"...","Plus: Personal current transfer receipts ","Thousands of dollars",605287,730272,849737,942682,1107711,1283358,1610353,1761801,1868536,2032996,2284085,2652599,3113968,3528465,3903090,4113336,4305309,4620876,4980979,5249013,5849564,6268630,6963233,7819204,8382087,8892524,9974862,10334527,10500659,10718613,11403493,12048738,13354731,14841364,15583267,16241068,17548551,18852955,20192512,23523755,26130144,29592739,30550629,30700824,31864246,34337296,37389319,38935025,40039668,43477531,45728777,61598967,68903886,61343688
 "08000","Colorado",7,CAINC4,50,"...","Wages and salaries ","Thousands of dollars",5140971,5730841,6444366,7340808,8429982,9276232,10050053,11219253,12575772,14636512,17002454,19406993,22305631,24423662,25552000,27848600,29406259,30316014,31234885,32821289,34644459,37121757,39638625,42725158,45976104,49345518,53161778,57442452,62753633,69857397,76636393,86411500,89129887,88062045,89251590,93549587,98773562,105648320,112524873,116709488,112227235,113670326,118414655,124946815,129521070,138626292,146578312,151168319,160939716,170789926,182961684,187833874,205570425,224332224
 "08000","Colorado",7,CAINC4,60,"...","Supplements to wages and salaries ","Thousands of dollars",634347,727047,864598,1037645,1193280,1338705,1539710,1728913,1999585,2322771,2729564,3131951,3695421,4170942,4579873,5052854,5483328,5813581,5989970,6449059,7113661,7778488,8569453,9808369,10658818,11264708,11600350,12178139,13065528,13878321,15078911,16956791,18188861,18561799,19469465,20435847,21828163,22228499,22924600,23716061,24393799,24614591,24599165,25824092,27373320,29270739,29954529,30826240,32278499,34755014,36333965,36641437,39167074,41256048
 "08000","Colorado",7,CAINC4,61,"..."," Employer contributions for employee pension and insurance funds 8/","Thousands of dollars",442180,513476,612368,725724,784142,876674,1044099,1145866,1334291,1521321,1761064,2034245,2353560,2672974,2944047,3173980,3503331,3748342,3880950,4140315,4647065,5074684,5608111,6581947,7094573,7430756,7545212,7862034,8421626,9257554,10071049,11390154,12329577,12265424,13030765,13457042,14403638,14474030,14865687,15352790,16434933,16542644,15887290,16678450,18075515,19239193,19373194,19934699,20838623,22797065,23722445,23792106,25310520,25754189
 "08000","Colorado",7,CAINC4,62,"..."," Employer contributions for government social insurance ","Thousands of dollars",192167,213571,252230,311921,409138,462031,495611,583047,665294,801450,968500,1097706,1341861,1497968,1635826,1878874,1979997,2065239,2109020,2308744,2466596,2703804,2961342,3226422,3564245,3833952,4055138,4316105,4643902,4620767,5007862,5566637,5859284,6296375,6438700,6978805,7424525,7754469,8058913,8363271,7958866,8071947,8711875,9145642,9297805,10031546,10581335,10891541,11439876,11957949,12611520,12849331,13856554,15501859
 "08000","Colorado",7,CAINC4,70,"...","Proprietors' income 9/","Thousands of dollars",930278,1014939,1139699,1294755,1496909,1735089,1777907,1871357,2069348,2379906,2611427,2696249,2733722,2649397,3209093,3594640,3669620,3851648,4187905,4750028,4824186,4818976,4899301,5701598,6671713,7104207,7853453,8910888,9386402,11486043,13034804,13882055,15595882,16546237,16032753,15786966,16861887,18547341,18045713,16525109,11723628,13719969,17946230,18934750,26270484,29729749,26071838,22029757,26358353,31549609,33567084,35275118,42434846,48928318
 "08000","Colorado",7,CAINC4,71,"..."," Farm proprietors' income ","Thousands of dollars",178291,213953,232214,259614,346095,436282,365447,233873,151348,61821,59523,127592,148981,21617,203785,271397,239259,251909,330233,414207,446498,511863,447346,488653,594008,299856,241978,378439,327282,464886,584021,384629,666812,261705,352189,535078,652837,372471,600605,424063,239796,552917,869268,721332,778649,865938,1151203,771119,404397,353530,680461,263629,715674,8478
 "08000","Colorado",7,CAINC4,72,"..."," Nonfarm proprietors' income ","Thousands of dollars",751987,800986,907485,1035141,1150814,1298807,1412460,1637484,1918000,2318085,2551904,2568657,2584741,2627780,3005308,3323243,3430361,3599739,3857672,4335821,4377688,4307113,4451955,5212945,6077705,6804351,7611475,8532449,9059120,11021157,12450783,13497426,14929070,16284532,15680564,15251888,16209050,18174870,17445108,16101046,11483832,13167052,17076962,18213418,25491835,28863811,24920635,21258638,25953956,31196079,32886623,35011489,41719172,48919840
 "08000","Colorado",7,CAINC4,7010,"...","Total employment ","Number of jobs",1001380,1031727,1071644,1149119,1243393,1275871,1285326,1339513,1410620,1506123,1592700,1650988,1716627,1759629,1788112,1883141,1915363,1913687,1902784,1968280,2002612,2039626,2086939,2134517,2233513,2345496,2424617,2519426,2629239,2732491,2808435,2918002,2941583,2916933,2908611,2958370,3036659,3109365,3217965,3251120,3164474,3143662,3204104,3262912,3357156,3467715,3574253,3666709,3760708,3857981,3894748,3821481,3988907,4187944
 "08000","Colorado",7,CAINC4,7020,"..."," Wage and salary employment ","Number of jobs",835412,860244,893078,957397,1037817,1063172,1066726,1108788,1164343,1250204,1325688,1363980,1414479,1437282,1445608,1517285,1537544,1529930,1529785,1555782,1600792,1640204,1662469,1718743,1794543,1874954,1944157,2010606,2092468,2172785,2247839,2331747,2347048,2304850,2275376,2298515,2347475,2400407,2448701,2474409,2367382,2346653,2383768,2436992,2507497,2593516,2669926,2724947,2788000,2854689,2922011,2786992,2884189,3003053
 "08000","Colorado",7,CAINC4,7040,"..."," Proprietors employment ","Number of jobs",165968,171483,178566,191722,205576,212699,218600,230725,246277,255919,267012,287008,302148,322347,342504,365856,377819,383757,372999,412498,401820,399422,424470,415774,438970,470542,480460,508820,536771,559706,560596,586255,594535,612083,633235,659855,689184,708958,769264,776711,797092,797009,820336,825920,849659,874199,904327,941762,972708,1003292,972737,1034489,1104718,1184891
 "08001","Adams, CO*",7,CAINC4,10,"...","Personal income (thousands of dollars) ","Thousands of dollars",648153,709437,803531,908854,1023302,1125453,1236329,1359933,1532395,1807996,2074997,2388250,2686425,2941037,3161470,3426871,3616361,3729485,3791361,3926130,4130735,4352829,4608242,5023045,5441718,5851175,6311026,6749903,7415818,8161185,8915843,9916347,10460701,10352687,10669396,11006019,11445944,12112121,12871219,13596469,13507262,13713370,14716886,15606300,16301769,17635048,18717194,19734395,20611747,22068627,23249870,25292075,27847450,28848586
 "08001","Adams, CO*",7,CAINC4,11,"..."," Nonfarm personal income 1/","Thousands of dollars",635749,700550,795940,900614,1016207,1113492,1219781,1354139,1527194,1799706,2071085,2375524,2680245,2940558,3153048,3417743,3598889,3708225,3775111,3907651,4113060,4340606,4597291,5002613,5410780,5837797,6290328,6734194,7394267,8143634,8900515,9903994,10442207,10339788,10659553,10978852,11415559,12084107,12834669,13557154,13469491,13674224,14662222,15555677,16260649,17594786,18673189,19701073,20585603,22040534,23211267,25266809,27796779,28822811
 "08001","Adams, CO*",7,CAINC4,12,"..."," Farm income 2/","Thousands of dollars",12404,8887,7591,8240,7095,11961,16548,5794,5201,8290,3912,12726,6180,479,8422,9128,17472,21260,16250,18479,17675,12223,10951,20432,30938,13378,20698,15709,21551,17551,15328,12353,18494,12899,9843,27167,30385,28014,36550,39315,37771,39146,54664,50623,41120,40262,44005,33322,26144,28093,38603,25266,50671,25775
 "08001","Adams, CO*",7,CAINC4,20,"...","Population (persons) 3/","Number of persons",182656,187062,193787,203924,211825,214692,218820,224439,227864,239598,245966,247145,251341,258855,262155,264814,266973,267687,268485,266684,263401,266629,274311,284362,293995,302197,313439,323218,332462,343094,354146,366958,376443,370753,377464,384809,395146,406575,415746,424913,435700,443693,452215,460579,470014,479983,490486,497785,503782,511566,516674,520479,523592,527575
 "08001","Adams, CO*",7,CAINC4,30,"...","Per capita personal income (dollars) 4/","Dollars",3548,3793,4146,4457,4831,5242,5650,6059,6725,7546,8436,9663,10688,11362,12060,12941,13546,13932,14121,14722,15682,16325,16799,17664,18510,19362,20135,20883,22306,23787,25176,27023,27788,27923,28266,28601,28966,29791,30959,31998,31001,30907,32544,33884,34684,36741,38161,39644,40914,43139,44999,48594,53185,54681
 "08001","Adams, CO*",7,CAINC4,35,"...","Earnings by place of work ","Thousands of dollars",317444,358650,425321,527320,611914,666446,767635,836804,962040,1150547,1296617,1483731,1643596,1791437,1917835,2097098,2269510,2326862,2390122,2524901,2765750,2974710,3207013,3622652,4002435,4296257,4469808,4672331,5048594,5578079,6211334,6837307,7260443,7402260,7505162,7951873,8178493,8642951,8949478,10119865,9989838,10105670,10591469,11181188,12044095,13149045,14208185,15242583,16106179,17358746,18460805,19252534,21061719,23009936
 "08001","Adams, CO*",7,CAINC4,36,"...","Less: Contributions for government social insurance 5/","Thousands of dollars",17278,19932,24598,33064,44474,48756,55456,63235,75184,93249,111529,127761,153245,172125,186683,209177,230105,237334,241860,264855,295781,326183,362909,407578,458220,494552,513439,531656,564736,581387,645281,701967,763822,812419,819158,884653,927919,979968,1014193,1102135,1066024,1072936,1023869,1074995,1261775,1384269,1492864,1588510,1678156,1801314,1925260,2002953,2159404,2439007
 "08001","Adams, CO*",7,CAINC4,37,"..."," Employee and self-employed contributions for government social insurance ","Thousands of dollars",8687,9863,11921,15755,21352,23662,26684,29384,34750,42594,51534,60041,73086,82745,88430,97690,110977,115503,118097,129743,145983,160194,177446,196673,218479,240235,250523,260163,280075,304366,337648,365540,392934,399344,403016,431327,444844,473215,498205,538844,529198,531456,439428,463148,628358,681171,743279,807048,848001,930263,981618,1019172,1094775,1246343
 "08001","Adams, CO*",7,CAINC4,38,"..."," Employer contributions for government social insurance ","Thousands of dollars",8591,10069,12677,17309,23122,25094,28772,33851,40434,50655,59995,67720,80159,89380,98253,111487,119128,121831,123763,135112,149798,165989,185463,210905,239741,254317,262916,271493,284661,277021,307633,336427,370888,413075,416142,453326,483075,506753,515988,563291,536826,541480,584441,611847,633417,703098,749585,781462,830155,871051,943642,983781,1064629,1192664
 "08001","Adams, CO*",7,CAINC4,42,"...","Plus: Adjustment for residence 6/","Thousands of dollars",227367,228448,242316,239057,258865,279475,249400,282264,311106,364969,453018,511693,576136,612085,627427,673511,658777,669404,649770,623533,546538,550260,539592,503916,491024,534029,649634,803551,1049547,1188780,1327404,1619339,1636112,1345978,1439299,1433605,1622103,1717616,1847287,973690,778704,554550,634555,765729,834587,747828,576355,421722,316028,277692,70437,-187029,-264258,-335952
 "08001","Adams, CO*",7,CAINC4,45,"...","Equals: Net earnings by place of residence ","Thousands of dollars",527533,567166,643039,733313,826305,897165,961579,1055833,1197962,1422267,1638106,1867663,2066487,2231397,2358579,2561432,2698182,2758932,2798032,2883579,3016507,3198787,3383696,3718990,4035239,4335734,4606003,4944226,5533405,6185472,6893457,7754679,8132733,7935819,8125303,8500825,8872677,9380599,9782572,9991420,9702518,9587284,10202155,10871922,11616907,12512604,13291676,14075795,14744051,15835124,16605982,17062552,18638057,20234977
 "08001","Adams, CO*",7,CAINC4,46,"...","Plus: Dividends, interest, and rent 7/","Thousands of dollars",83403,95811,105651,113820,125125,139613,156929,172827,194299,229365,257564,310784,368133,416885,475247,518806,552639,572954,559587,577234,613624,624292,648659,663323,721189,792655,879294,945878,1005275,1081767,1072917,1161794,1236573,1242367,1294882,1208977,1192838,1255698,1500039,1708522,1679983,1687514,1978630,2202409,2064612,2279512,2372467,2512552,2696415,2801671,3099670,3302573,3558698,3800320
 "08001","Adams, CO*",7,CAINC4,47,"...","Plus: Personal current transfer receipts ","Thousands of dollars",37217,46460,54841,61721,71872,88675,117821,131273,140134,156364,179327,209803,251805,292755,327644,346633,365540,397599,433742,465317,500604,529750,575887,640732,685290,722786,825729,859799,877138,893946,949469,999874,1091395,1174501,1249211,1296217,1380429,1475824,1588608,1896527,2124761,2438572,2536101,2531969,2620250,2842932,3053051,3146048,3171281,3431832,3544218,4926950,5650695,4813289
 "08001","Adams, CO*",7,CAINC4,50,"...","Wages and salaries ","Thousands of dollars",243837,280077,330536,410587,480330,516608,592801,650673,752475,897845,1024214,1170918,1307256,1433375,1506578,1630078,1746869,1763240,1797964,1880302,2053267,2209428,2393934,2674932,2939087,3160259,3354778,3531473,3790455,4184231,4697244,5142630,5398908,5445531,5446612,5752596,6036471,6468854,6802250,7805198,7699870,7721391,8000440,8352752,8914774,9706931,10469284,11024071,11823080,12673268,13841131,14400881,15785541,17460372
 "08001","Adams, CO*",7,CAINC4,60,"...","Supplements to wages and salaries ","Thousands of dollars",33228,39117,49808,61979,71391,80590,96431,106129,124517,148756,170097,195047,223196,249967,275120,301269,330527,346011,357003,386311,448544,492191,550198,656505,722054,758675,768440,797516,842023,882054,961145,1065296,1129557,1170115,1209611,1263311,1341302,1366089,1406692,1641876,1745142,1746321,1718575,1793360,1942449,2135840,2228857,2337475,2453884,2675954,2876118,2936678,3149557,3307062
 "08001","Adams, CO*",7,CAINC4,61,"..."," Employer contributions for employee pension and insurance funds 8/","Thousands of dollars",24637,29048,37131,44670,48269,55496,67659,72278,84083,98101,110102,127327,143037,160587,176867,189782,211399,224180,233240,251199,298746,326202,364735,445600,482313,504358,505524,526023,557362,605033,653512,728869,758669,757040,793469,809985,858227,859336,890704,1078585,1208316,1204841,1134134,1181513,1309032,1432742,1479272,1556013,1623729,1804903,1932476,1952897,2084928,2114398
 "08001","Adams, CO*",7,CAINC4,62,"..."," Employer contributions for government social insurance ","Thousands of dollars",8591,10069,12677,17309,23122,25094,28772,33851,40434,50655,59995,67720,80159,89380,98253,111487,119128,121831,123763,135112,149798,165989,185463,210905,239741,254317,262916,271493,284661,277021,307633,336427,370888,413075,416142,453326,483075,506753,515988,563291,536826,541480,584441,611847,633417,703098,749585,781462,830155,871051,943642,983781,1064629,1192664
 "08001","Adams, CO*",7,CAINC4,70,"...","Proprietors' income 9/","Thousands of dollars",40379,39456,44977,54754,60193,69248,78403,80002,85048,103946,102306,117766,113144,108095,136137,165751,192114,217611,235155,258288,263939,273091,262881,291215,341294,377323,346590,343342,416116,511794,552945,629381,731978,786614,848939,935966,800720,808008,740536,672791,544826,637958,872454,1035076,1186872,1306274,1510044,1881037,1829215,2009524,1743556,1914975,2126621,2242502
 "08001","Adams, CO*",7,CAINC4,71,"..."," Farm proprietors' income ","Thousands of dollars",8716,5139,4214,4705,2686,7401,11866,824,-535,685,-4225,4389,-1734,-7750,688,1683,10044,14412,9496,10399,8583,1223,13,9239,18447,-1890,5005,1026,4615,-608,-4111,-11020,-6629,-16413,-16662,-1695,-3199,-4836,-2076,7191,5626,14093,32675,28171,16015,16136,23531,9772,951,3136,20319,-1459,21504,1472
 "08001","Adams, CO*",7,CAINC4,72,"..."," Nonfarm proprietors' income ","Thousands of dollars",31663,34317,40763,50049,57507,61847,66537,79178,85583,103261,106531,113377,114878,115845,135449,164068,182070,203199,225659,247889,255356,271868,262868,281976,322847,379213,341585,342316,411501,512402,557056,640401,738607,803027,865601,937661,803919,812844,742612,665600,539200,623865,839779,1006905,1170857,1290138,1486513,1871265,1828264,2006388,1723237,1916434,2105117,2241030
 "08001","Adams, CO*",7,CAINC4,7010,"...","Total employment ","Number of jobs",46251,49231,53778,62500,69354,71122,75080,78404,84061,90621,94421,99737,101302,103731,105959,109915,112383,110740,110650,112898,118475,121587,124803,131949,137975,146312,150405,154164,159517,168513,180918,188215,182690,182333,180262,183237,190375,197470,203451,215178,212989,210808,215630,220399,229725,242252,253116,265210,275832,286942,300241,300303,313645,329269
 "08001","Adams, CO*",7,CAINC4,7020,"..."," Wage and salary employment ","Number of jobs",38460,40726,44687,52029,57517,58314,61684,63915,68975,75403,77974,81511,82710,84434,85344,87983,89997,88242,89352,91172,97122,100400,102631,110259,115478,121746,126809,129151,132307,138187,146673,152653,154111,152849,149179,150198,155268,161638,164269,176535,172762,170686,173495,178014,185816,196325,205607,212083,219193,227656,240900,236023,243702,254576
 "08001","Adams, CO*",7,CAINC4,7040,"..."," Proprietors employment ","Number of jobs",7791,8505,9091,10471,11837,12808,13396,14489,15086,15218,16447,18226,18592,19297,20615,21932,22386,22498,21298,21726,21353,21187,22172,21690,22497,24566,23596,25013,27210,30326,34245,35562,28579,29484,31083,33039,35107,35832,39182,38643,40227,40122,42135,42385,43909,45927,47509,53127,56639,59286,59341,64280,69943,74693
 "08003","Alamosa, CO",7,CAINC4,10,"...","Personal income (thousands of dollars) ","Thousands of dollars",29164,31926,35343,38097,42034,49379,58120,64623,68397,77398,83639,100434,107997,111469,127419,131073,138688,155995,154001,162171,181820,197611,194419,202756,230163,242480,257362,279955,282935,312719,316900,334102,340432,368268,350859,370313,387139,394729,418370,444627,443928,448363,477003,478003,492142,515327,546967,546412,558210,593717,619624,665499,728631,714630
 "08003","Alamosa, CO",7,CAINC4,11,"..."," Nonfarm personal income 1/","Thousands of dollars",27798,30632,33825,36558,40672,46300,54477,60457,65931,73793,81075,88743,100125,108489,119771,122071,130216,138083,143499,149373,157326,166331,177232,188683,206445,219739,239725,254553,268678,287796,292317,302768,315303,325950,339628,349130,357035,369048,388637,416372,419017,432074,449679,459300,466635,490960,512590,524506,542257,572536,590898,644933,702186,710574
 "08003","Alamosa, CO",7,CAINC4,12,"..."," Farm income 2/","Thousands of dollars",1366,1294,1518,1539,1362,3079,3643,4166,2466,3605,2564,11691,7872,2980,7648,9002,8472,17912,10502,12798,24494,31280,17187,14073,23718,22741,17637,25402,14257,24923,24583,31334,25129,42318,11231,21183,30104,25681,29733,28255,24911,16289,27324,18703,25507,24367,34377,21906,15953,21181,28726,20566,26445,4056
 "08003","Alamosa, CO",7,CAINC4,20,"...","Population (persons) 3/","Number of persons",10701,11502,11832,12239,11580,11515,12252,12073,11598,11557,11618,11870,12131,12344,12469,12846,12834,13146,13332,13712,13752,13602,13926,13790,13816,14071,14372,14367,14634,14730,14881,14954,14956,15114,15067,15217,15236,15196,15180,15300,15289,15519,15735,15723,15848,15877,15982,16153,16226,16378,16359,16377,16563,16592
 "08003","Alamosa, CO",7,CAINC4,30,"...","Per capita personal income (dollars) 4/","Dollars",2725,2776,2987,3113,3630,4288,4744,5353,5897,6697,7199,8461,8903,9030,10219,10203,10806,11866,11551,11827,13221,14528,13961,14703,16659,17233,17907,19486,19334,21230,21296,22342,22762,24366,23287,24335,25409,25976,27561,29061,29036,28891,30315,30402,31054,32457,34224,33827,34402,36251,37877,40636,43991,43071
 "08003","Alamosa, CO",7,CAINC4,35,"...","Earnings by place of work ","Thousands of dollars",21483,23217,26046,28303,30914,37087,43524,48927,51441,59668,63855,77212,80357,79653,91082,91301,96776,110807,106764,115400,132666,147253,141477,148730,174204,185279,192607,216785,221558,249668,257056,272184,280716,313187,293139,312521,327343,334201,351558,365913,366687,369298,382137,384932,397175,409008,443839,446535,454313,479674,498816,504705,543422,565299
 "08003","Alamosa, CO",7,CAINC4,36,"...","Less: Contributions for government social insurance 5/","Thousands of dollars",1188,1268,1425,1662,2087,2519,2863,3189,3497,4029,4661,5161,6200,6752,7522,7486,8291,8842,8980,9947,10958,11992,13268,14246,16117,17857,19166,20392,21782,21278,22163,22580,24814,27755,29053,30551,31788,33258,35644,37824,37989,38640,35386,36309,39845,41796,45056,47001,48677,51014,52787,55206,58184,65081
 "08003","Alamosa, CO",7,CAINC4,37,"..."," Employee and self-employed contributions for government social insurance ","Thousands of dollars",658,697,771,882,1081,1259,1434,1552,1699,1936,2258,2497,3011,3311,3623,3589,4115,4425,4566,5136,5629,6042,6713,7103,7941,8633,9358,9977,10700,11322,11572,11774,12500,13333,13805,14470,14836,15691,16762,17769,18414,18825,15125,15636,19776,20358,22008,23227,24095,26003,27034,28045,29773,33634
 "08003","Alamosa, CO",7,CAINC4,38,"..."," Employer contributions for government social insurance ","Thousands of dollars",530,571,654,780,1006,1260,1429,1637,1798,2093,2403,2664,3189,3441,3899,3897,4176,4417,4414,4811,5329,5950,6555,7143,8176,9224,9808,10415,11082,9956,10591,10806,12314,14422,15248,16081,16952,17567,18882,20055,19575,19815,20261,20673,20069,21438,23048,23774,24582,25011,25753,27161,28411,31447
 "08003","Alamosa, CO",7,CAINC4,42,"...","Plus: Adjustment for residence 6/","Thousands of dollars",1214,1319,1235,1082,857,245,245,-290,-935,-1749,-1727,-3082,-2523,-2676,-2752,-2019,-1905,-716,-816,-1464,-2798,-4016,-4930,-6508,-8239,-10482,-12750,-17203,-20246,-22564,-24979,-27804,-32980,-36434,-39051,-42993,-47255,-51948,-56633,-64855,-67578,-70590,-71245,-73262,-73687,-74131,-80417,-85480,-83502,-85497,-87770,-90889,-96782,-109035
 "08003","Alamosa, CO",7,CAINC4,45,"...","Equals: Net earnings by place of residence ","Thousands of dollars",21509,23268,25856,27723,29684,34813,40906,45448,47009,53890,57467,68969,71634,70225,80808,81796,86580,101249,96968,103989,118910,131245,123279,127976,149848,156940,160691,179190,179530,205826,209914,221800,222922,248998,225035,238977,248300,248995,259281,263234,261120,260068,275506,275361,283643,293081,318366,314054,322134,343163,358259,358610,388456,391183
 "08003","Alamosa, CO",7,CAINC4,46,"...","Plus: Dividends, interest, and rent 7/","Thousands of dollars",4652,5073,5527,5975,7083,8212,9434,10411,11893,13200,14551,17218,20325,23455,27062,28165,29539,30716,31039,30751,33199,35277,37208,36357,40067,43261,47914,51442,52674,55163,52181,54770,53873,50763,53308,55651,57135,58485,68432,84437,77134,71764,80583,81011,82777,86852,86806,88318,87720,89613,95958,94443,98318,103511
 "08003","Alamosa, CO",7,CAINC4,47,"...","Plus: Personal current transfer receipts ","Thousands of dollars",3003,3585,3960,4399,5267,6354,7780,8764,9495,10308,11621,14247,16038,17789,19549,21112,22569,24030,25994,27431,29711,31089,33932,38423,40248,42279,48757,49323,50731,51730,54805,57532,63637,68507,72516,75685,81704,87249,90657,96956,105674,116531,120914,121631,125722,135394,141795,144040,148356,160941,165407,212446,241857,219936
 "08003","Alamosa, CO",7,CAINC4,50,"...","Wages and salaries ","Thousands of dollars",14176,15458,17188,18966,21740,25376,29781,33000,36009,41284,45636,50392,56603,60513,64980,62677,66878,69324,70404,74210,80124,87134,93050,99146,110811,123240,133131,144504,154525,161594,168833,178800,193928,206169,212286,218016,227092,237612,254641,267671,269289,272847,273617,280602,283249,293154,312603,322838,333691,348188,358073,373528,401785,437791
 "08003","Alamosa, CO",7,CAINC4,60,"...","Supplements to wages and salaries ","Thousands of dollars",1533,1767,2077,2466,2838,3428,4197,4710,5355,6190,6992,7713,9025,9963,11280,11503,12861,13789,14033,15039,17277,19484,21362,25043,28402,30912,32477,35456,37960,38118,40833,43048,49206,52011,55728,58084,61007,61698,63512,66312,69775,71497,68936,69892,72352,76061,78674,82283,83307,87666,87837,91304,95119,99796
 "08003","Alamosa, CO",7,CAINC4,61,"..."," Employer contributions for employee pension and insurance funds 8/","Thousands of dollars",1003,1196,1423,1686,1832,2168,2768,3073,3557,4097,4589,5049,5836,6522,7381,7606,8685,9372,9619,10228,11948,13534,14807,17900,20226,21688,22669,25041,26878,28162,30242,32242,36892,37589,40480,42003,44055,44131,44630,46257,50200,51682,48675,49219,52283,54623,55626,58509,58725,62655,62084,64143,66708,68349
 "08003","Alamosa, CO",7,CAINC4,62,"..."," Employer contributions for government social insurance ","Thousands of dollars",530,571,654,780,1006,1260,1429,1637,1798,2093,2403,2664,3189,3441,3899,3897,4176,4417,4414,4811,5329,5950,6555,7143,8176,9224,9808,10415,11082,9956,10591,10806,12314,14422,15248,16081,16952,17567,18882,20055,19575,19815,20261,20673,20069,21438,23048,23774,24582,25011,25753,27161,28411,31447
 "08003","Alamosa, CO",7,CAINC4,70,"...","Proprietors' income 9/","Thousands of dollars",5774,5992,6781,6871,6336,8283,9546,11217,10077,12194,11227,19107,14729,9177,14822,17121,17037,27694,22327,26151,35265,40635,27065,24541,34991,31127,26999,36825,29073,49956,47390,50336,37582,55007,25125,36421,39244,34891,33405,31930,27623,24954,39584,34438,41574,39793,52562,41414,37315,43820,52906,39873,46518,27712
 "08003","Alamosa, CO",7,CAINC4,71,"..."," Farm proprietors' income ","Thousands of dollars",588,386,609,506,-21,1571,2353,3003,1305,2243,591,9190,5088,-420,4655,6342,6047,15932,8820,10370,21421,27225,12889,9382,17892,14867,8914,16577,3338,14146,13742,19027,12456,28077,-1413,7629,14602,10718,12363,13668,10230,4779,17126,8194,13777,13020,24785,10878,4158,9566,20198,8151,12938,-7268
 "08003","Alamosa, CO",7,CAINC4,72,"..."," Nonfarm proprietors' income ","Thousands of dollars",5186,5606,6172,6365,6357,6712,7193,8214,8772,9951,10636,9917,9641,9597,10167,10779,10990,11762,13507,15781,13844,13410,14176,15159,17099,16260,18085,20248,25735,35810,33648,31309,25126,26930,26538,28792,24642,24173,21042,18262,17393,20175,22458,26244,27797,26773,27777,30536,33157,34254,32708,31722,33580,34980
 "08003","Alamosa, CO",7,CAINC4,7010,"...","Total employment ","Number of jobs",4257,4351,4435,4653,4923,5291,5555,5726,5881,5957,6102,6145,6281,6306,6482,6371,6445,6465,6271,6692,6848,7129,7119,7235,7693,8126,8550,9110,9442,9464,9539,9718,10057,10135,10378,10281,10367,10420,10526,10634,10487,10623,10469,10320,10460,10522,10767,10960,11202,11218,11267,11069,11371,11859
 "08003","Alamosa, CO",7,CAINC4,7020,"..."," Wage and salary employment ","Number of jobs",3214,3293,3346,3517,3796,4106,4338,4453,4602,4702,4806,4776,4866,4850,4934,4835,4984,5102,5062,5200,5372,5610,5577,5724,6157,6479,6776,7269,7608,7630,7692,7810,8094,8135,8399,8285,8287,8360,8323,8453,8353,8433,8306,8258,8301,8340,8546,8771,8982,8962,9039,8738,8968,9327
 "08003","Alamosa, CO",7,CAINC4,7040,"..."," Proprietors employment ","Number of jobs",1043,1058,1089,1136,1127,1185,1217,1273,1279,1255,1296,1369,1415,1456,1548,1536,1461,1363,1209,1492,1476,1519,1542,1511,1536,1647,1774,1841,1834,1834,1847,1908,1963,2000,1979,1996,2080,2060,2203,2181,2134,2190,2163,2062,2159,2182,2221,2189,2220,2256,2228,2331,2403,2532
 "08005","Arapahoe, CO",7,CAINC4,10,"...","Personal income (thousands of dollars) ","Thousands of dollars",759223,848588,994133,1163657,1374384,1573300,1803835,2052499,2352715,2807993,3329269,3959971,4655633,5244842,5738822,6361697,6919402,7260457,7603033,8109169,8899768,9598113,10110857,10842449,11639963,12605997,13472080,14639203,15409246,17107562,18539739,20899149,20820010,20808476,21175396,21029979,21703416,23647404,24891494,25161092,23780506,24797601,28160778,29423613,29971181,32493649,34057679,35335152,36021953,39833663,42156960,45295999,47612390,50041017
 "08005","Arapahoe, CO",7,CAINC4,11,"..."," Nonfarm personal income 1/","Thousands of dollars",755903,841959,987885,1157770,1367283,1564560,1795985,2047830,2348453,2802698,3324608,3953705,4653155,5242670,5728520,6360621,6918247,7260922,7600351,8108058,8900959,9599466,10114542,10841797,11636631,12605871,13466884,14635290,15404870,17104843,18536763,20897664,20817019,20806718,21174402,21026570,21699224,23643287,24882291,25155609,23772461,24790630,28149675,29415163,29964998,32487893,34052279,35329090,36015687,39829537,42153210,45291427,47606403,50038462
 "08005","Arapahoe, CO",7,CAINC4,12,"..."," Farm income 2/","Thousands of dollars",3320,6629,6248,5887,7101,8740,7850,4669,4262,5295,4661,6266,2478,2172,10302,1076,1155,-465,2682,1111,-1191,-1353,-3685,652,3332,126,5196,3913,4376,2719,2976,1485,2991,1758,994,3409,4192,4117,9203,5483,8045,6971,11103,8450,6183,5756,5400,6062,6266,4126,3750,4572,5987,2555
 "08005","Arapahoe, CO",7,CAINC4,20,"...","Population (persons) 3/","Number of persons",157055,163696,171308,184665,199083,208362,219967,230470,242501,261177,278330,297301,312603,330653,344923,357164,369021,377636,382074,382304,384980,393895,406279,420063,431731,440965,446821,454208,462681,472544,482262,491482,502393,508936,513690,518971,524466,531619,542039,552461,563161,575067,586147,596529,608322,618665,630411,638071,643293,650347,653751,655207,656557,655808
 "08005","Arapahoe, CO",7,CAINC4,30,"...","Per capita personal income (dollars) 4/","Dollars",4834,5184,5803,6301,6904,7551,8200,8906,9702,10751,11962,13320,14893,15862,16638,17812,18751,19226,19899,21211,23117,24367,24886,25811,26961,28587,30151,32230,33304,36203,38443,42523,41442,40886,41222,40522,41382,44482,45922,45544,42227,43121,48044,49325,49269,52522,54025,55378,55996,61250,64485,69132,72518,76304
 "08005","Arapahoe, CO",7,CAINC4,35,"...","Earnings by place of work ","Thousands of dollars",323303,362019,434987,548184,663581,757035,945420,1080712,1233208,1497814,1816298,2167684,2584330,2943269,3273175,3768103,4162731,4435158,4782399,5151424,5637252,6178274,6879488,7557775,8403043,9407288,10284340,11494161,12362537,14246471,16631613,18600785,17619934,17654375,17679583,17665421,18360436,20130088,20648999,20299887,19049373,19985736,21708873,22684623,24838761,26860626,27710961,28914413,29194628,32353722,33323634,34193254,36271792,38887169
 "08005","Arapahoe, CO",7,CAINC4,36,"...","Less: Contributions for government social insurance 5/","Thousands of dollars",19335,21292,26951,36919,51664,59031,73984,85988,98419,122458,157220,189478,245326,287921,319872,381917,431160,463078,493357,548165,608745,683647,776555,842979,939982,1055916,1149918,1277178,1380845,1483684,1696200,1890433,1859188,1902366,1906518,1964632,2054624,2205302,2274972,2359849,2301030,2336257,2229879,2328897,2729718,2918117,3062265,3204121,3326807,3529700,3638943,3723062,3919478,4330434
 "08005","Arapahoe, CO",7,CAINC4,37,"..."," Employee and self-employed contributions for government social insurance ","Thousands of dollars",10170,11180,13860,18288,25507,30105,37255,41855,47867,58694,75958,92821,121132,141536,154939,180982,211378,229348,245999,272366,305837,344290,396867,429048,476019,538457,586872,650006,693567,781836,904587,998571,959661,961119,961709,968555,1005250,1104147,1145303,1210588,1190581,1205943,1001555,1036845,1409106,1507382,1566621,1656780,1713918,1860884,1904242,1963213,2052161,2281406
 "08005","Arapahoe, CO",7,CAINC4,38,"..."," Employer contributions for government social insurance ","Thousands of dollars",9165,10112,13091,18631,26157,28926,36729,44133,50552,63764,81262,96657,124194,146385,164933,200935,219782,233730,247358,275799,302908,339357,379688,413931,463963,517459,563046,627172,687278,701848,791613,891862,899527,941247,944809,996077,1049374,1101155,1129669,1149261,1110449,1130314,1228324,1292052,1320612,1410735,1495644,1547341,1612889,1668816,1734701,1759849,1867317,2049028
 "08005","Arapahoe, CO",7,CAINC4,42,"...","Plus: Adjustment for residence 6/","Thousands of dollars",271162,305979,367838,417757,485515,547931,546164,626990,737622,863047,986477,1139819,1265929,1381055,1411078,1444506,1495220,1498403,1436455,1456958,1486953,1518070,1348215,1336785,1175678,871940,582746,348961,105592,-261653,-1036650,-1037211,-403647,-481030,-210385,-309456,-669504,-1124780,-995856,-1039558,-1000828,-1158898,-1361220,-1536558,-1818045,-2042424,-1971869,-2272394,-2441320,-2545294,-2694398,-3181916,-2865868,-2700635
 "08005","Arapahoe, CO",7,CAINC4,45,"...","Equals: Net earnings by place of residence ","Thousands of dollars",575130,646706,775874,929022,1097432,1245935,1417600,1621714,1872411,2238403,2645555,3118025,3604933,4036403,4364381,4830692,5226791,5470483,5725497,6060217,6515460,7012697,7451148,8051581,8638739,9223312,9717168,10565944,11087284,12501134,13898763,15673141,15357099,15270979,15562680,15391333,15636308,16800006,17378171,16900480,15747515,16490581,18117774,18819168,20290998,21900085,22676827,23437898,23426501,26278728,26990293,27288276,29486446,31856100
 "08005","Arapahoe, CO",7,CAINC4,46,"...","Plus: Dividends, interest, and rent 7/","Thousands of dollars",155950,167843,178578,189348,222784,262643,301523,335335,378430,455487,552588,686238,856233,977210,1115902,1246307,1385929,1450079,1497939,1633486,1909330,2056827,2069580,2117887,2269746,2596830,2887392,3146764,3397416,3672245,3655679,4164599,4260905,4181398,4179714,4148377,4448047,5083122,5613079,5769818,5254480,5109251,6719666,7266565,6204554,6866095,7299710,7659115,8241414,8835553,10219269,11214703,10581546,11583662
 "08005","Arapahoe, CO",7,CAINC4,47,"...","Plus: Personal current transfer receipts ","Thousands of dollars",28143,34039,39681,45287,54168,64722,84712,95450,101874,114103,131126,155708,194467,231229,258539,284698,306682,339895,379597,415466,474978,528589,590129,672981,731478,785855,867520,926495,924546,934183,985297,1061409,1202006,1356099,1433002,1490269,1619061,1764276,1900244,2490794,2778511,3197769,3323338,3337880,3475629,3727469,4081142,4238139,4354038,4719382,4947398,6793020,7544398,6601255
 "08005","Arapahoe, CO",7,CAINC4,50,"...","Wages and salaries ","Thousands of dollars",243230,273406,331277,422089,513835,586612,741497,840390,950407,1149064,1403454,1686217,2034729,2333699,2534599,2917128,3200930,3362071,3587469,3868195,4216814,4666642,5124213,5535857,6088966,6710868,7424109,8399506,9360511,10689631,12401845,13864225,13607631,13386322,13405560,13441074,14084782,15352724,15971066,16227548,15887379,16081709,16916569,17870833,18642697,19962660,20926560,21653465,22851367,23907880,25200132,26082410,27766515,29766768
 "08005","Arapahoe, CO",7,CAINC4,60,"...","Supplements to wages and salaries ","Thousands of dollars",24172,27391,34372,48291,60048,68903,90558,105184,124626,153566,192039,234442,290748,346364,402264,466692,527176,570455,606881,680382,769929,862111,974479,1116734,1248983,1364335,1446984,1578621,1736657,1899050,2149737,2415268,2475387,2511695,2590410,2631760,2809766,2869833,2940143,2996852,3123979,3139045,3165046,3347073,3578839,3814850,3879367,3972961,4169240,4463006,4586525,4598204,4868648,5067609
 "08005","Arapahoe, CO",7,CAINC4,61,"..."," Employer contributions for employee pension and insurance funds 8/","Thousands of dollars",15007,17279,21281,29660,33891,39977,53829,61051,74074,89802,110777,137785,166554,199979,237331,265757,307394,336725,359523,404583,467021,522754,594791,702803,785020,846876,883938,951449,1049379,1197202,1358124,1523406,1575860,1570448,1645601,1635683,1760392,1768678,1810474,1847591,2013530,2008731,1936722,2055021,2258227,2404115,2383723,2425620,2556351,2794190,2851824,2838355,3001331,3018581
 "08005","Arapahoe, CO",7,CAINC4,62,"..."," Employer contributions for government social insurance ","Thousands of dollars",9165,10112,13091,18631,26157,28926,36729,44133,50552,63764,81262,96657,124194,146385,164933,200935,219782,233730,247358,275799,302908,339357,379688,413931,463963,517459,563046,627172,687278,701848,791613,891862,899527,941247,944809,996077,1049374,1101155,1129669,1149261,1110449,1130314,1228324,1292052,1320612,1410735,1495644,1547341,1612889,1668816,1734701,1759849,1867317,2049028
 "08005","Arapahoe, CO",7,CAINC4,70,"...","Proprietors' income 9/","Thousands of dollars",55901,61222,69338,77804,89698,101520,113365,135138,158175,195184,220805,247025,258853,263206,336312,384283,434625,502632,588049,602847,650509,649521,780796,905184,1065094,1332085,1413247,1516034,1265369,1657790,2080031,2321292,1536916,1756358,1683613,1592587,1465888,1907531,1737790,1075487,38015,764982,1627258,1466717,2617225,3083116,2905034,3287987,2174021,3982836,3536977,3512640,3636629,4052792
 "08005","Arapahoe, CO",7,CAINC4,71,"..."," Farm proprietors' income ","Thousands of dollars",1422,4664,4437,3950,4655,6120,5250,2006,1307,1445,973,2911,-321,-395,8042,-924,-657,-1943,1433,-246,-2601,-2933,-5156,-754,1630,-2114,2728,1443,1350,-208,92,-1824,-355,-1830,-2529,-732,-867,-1077,2829,-218,1795,1603,5883,2497,-471,-647,-30,-183,-413,-2479,-1091,-2500,-1725,-3884
 "08005","Arapahoe, CO",7,CAINC4,72,"..."," Nonfarm proprietors' income ","Thousands of dollars",54479,56558,64901,73854,85043,95400,108115,133132,156868,193739,219832,244114,259174,263601,328270,385207,435282,504575,586616,603093,653110,652454,785952,905938,1063464,1334199,1410519,1514591,1264019,1657998,2079939,2323116,1537271,1758188,1686142,1593319,1466755,1908608,1734961,1075705,36220,763379,1621375,1464220,2617696,3083763,2905064,3288170,2174434,3985315,3538068,3515140,3638354,4056676
 "08005","Arapahoe, CO",7,CAINC4,7010,"...","Total employment ","Number of jobs",48729,50861,55630,65532,74833,79340,89882,96357,103725,115373,125981,136207,148856,159819,168462,186374,199693,205598,211934,219623,229741,238899,250593,255234,270020,287476,299635,317381,338568,356111,373590,388642,365293,356307,350429,352090,359426,366979,380018,382536,375320,374383,384966,394599,409469,422842,438255,450160,460303,468248,468841,460533,478140,496247
 "08005","Arapahoe, CO",7,CAINC4,7020,"..."," Wage and salary employment ","Number of jobs",40437,42082,45984,54901,62846,66937,76972,82285,88176,98672,108448,116405,125324,132740,139137,151785,160269,162005,165249,169658,179939,187352,194046,199726,211433,224217,236428,250791,264591,276556,289160,299585,301235,291162,283084,282003,286442,292157,298669,300112,289409,287996,295118,303454,314674,325065,336447,341567,348681,353170,357435,341776,350261,358707
 "08005","Arapahoe, CO",7,CAINC4,7040,"..."," Proprietors employment ","Number of jobs",8292,8779,9646,10631,11987,12403,12910,14072,15549,16701,17533,19802,23532,27079,29325,34589,39424,43593,46685,49965,49802,51547,56547,55508,58587,63259,63207,66590,73977,79555,84430,89057,64058,65145,67345,70087,72984,74822,81349,82424,85911,86387,89848,91145,94795,97777,101808,108593,111622,115078,111406,118757,127879,137540
 "08007","Archuleta, CO",7,CAINC4,10,"...","Personal income (thousands of dollars) ","Thousands of dollars",10118,9035,9825,10287,11460,13735,15616,20177,21975,23471,31739,33536,36181,37216,44846,49416,53999,57299,57462,60285,67278,71063,77251,87857,93188,104794,115209,130239,142457,163231,180837,196931,256874,274215,276926,276748,305202,346481,374512,392179,371179,367401,395297,402997,416411,456516,485262,508679,534405,575691,610625,680737,746141,771848
 "08007","Archuleta, CO",7,CAINC4,11,"..."," Nonfarm personal income 1/","Thousands of dollars",9448,8695,9260,9611,11070,12885,14598,18689,20292,22020,27386,30481,34196,36184,41774,47563,52570,55886,56087,59025,66462,70447,76789,87389,93112,105582,116443,131731,144148,164382,181177,196488,256587,273408,277247,276853,305771,349968,376537,394536,372744,368661,394294,398883,412834,454185,482878,508602,535608,576421,612177,681829,747673,775145
 "08007","Archuleta, CO",7,CAINC4,12,"..."," Farm income 2/","Thousands of dollars",670,340,565,676,390,850,1018,1488,1683,1451,4353,3055,1985,1032,3072,1853,1429,1413,1375,1260,816,616,462,468,76,-788,-1234,-1492,-1691,-1151,-340,443,287,807,-321,-105,-569,-3487,-2025,-2357,-1565,-1260,1003,4114,3577,2331,2384,77,-1203,-730,-1552,-1092,-1532,-3297
 "08007","Archuleta, CO",7,CAINC4,20,"...","Population (persons) 3/","Number of persons",2615,2687,2490,2417,2706,2805,2966,3247,3318,3256,3509,3740,4039,4296,4538,4639,4847,4891,5005,5119,5166,5382,5557,5725,6119,6511,7098,7896,8498,9109,9510,10020,10454,10885,11089,11266,11496,11937,12262,12250,12169,12032,11944,11992,12008,11958,12047,12401,12793,13065,13239,13425,13798,14003
 "08007","Archuleta, CO",7,CAINC4,30,"...","Per capita personal income (dollars) 4/","Dollars",3869,3362,3946,4256,4235,4897,5265,6214,6623,7209,9045,8967,8958,8663,9882,10652,11141,11715,11481,11777,13023,13204,13902,15346,15229,16095,16231,16494,16764,17920,19015,19654,24572,25192,24973,24565,26549,29026,30542,32015,30502,30535,33096,33605,34678,38177,40281,41019,41773,44064,46123,50707,54076,55120
 "08007","Archuleta, CO",7,CAINC4,35,"...","Earnings by place of work ","Thousands of dollars",8972,7311,7426,7395,8273,10255,10718,14165,14885,15150,20819,20572,21644,21770,26845,30920,33220,33373,33869,34857,37216,38966,42521,48494,49612,56572,63723,72133,80304,90314,104385,114556,168734,178755,171297,161151,177683,201010,209134,203085,186298,189239,197241,209288,209715,224568,243672,256460,267859,280981,293373,307816,331324,356779
 "08007","Archuleta, CO",7,CAINC4,36,"...","Less: Contributions for government social insurance 5/","Thousands of dollars",520,410,374,356,482,629,622,835,886,900,1186,1287,1608,1748,2016,2609,2976,2981,2967,3227,3584,3873,4329,4869,5172,6059,6837,7566,8503,8795,9845,10693,14098,15179,15250,15847,18093,20305,21720,21372,20538,20332,19096,19925,21483,23119,25609,27580,28847,30788,32478,34943,37072,41592
 "08007","Archuleta, CO",7,CAINC4,37,"..."," Employee and self-employed contributions for government social insurance ","Thousands of dollars",255,207,197,200,269,342,340,436,463,480,630,695,853,942,1073,1365,1615,1663,1676,1814,2100,2246,2584,2926,3031,3578,4009,4423,4885,5204,5830,6248,8949,9238,9079,9062,10306,11838,12908,12679,12663,12612,10651,11128,12822,13618,15073,16557,17394,19003,20222,21641,22939,26089
 "08007","Archuleta, CO",7,CAINC4,38,"..."," Employer contributions for government social insurance ","Thousands of dollars",265,203,177,156,213,287,282,399,423,420,556,592,755,806,943,1244,1361,1318,1291,1413,1484,1627,1745,1943,2141,2481,2828,3143,3618,3591,4015,4445,5149,5941,6171,6785,7787,8467,8812,8693,7875,7720,8445,8797,8661,9501,10536,11023,11453,11785,12256,13302,14133,15503
 "08007","Archuleta, CO",7,CAINC4,42,"...","Plus: Adjustment for residence 6/","Thousands of dollars",-380,-258,-195,-134,-150,-224,-190,-250,-198,-162,-338,-376,-526,-463,-125,-569,-283,307,537,931,1269,1905,1986,2451,2877,3398,3835,4259,4548,4843,5120,5614,5801,6424,7461,8376,8882,9490,11046,12815,13047,12515,10032,8432,6169,5816,4858,4413,3559,3617,2414,1285,525,1670
 "08007","Archuleta, CO",7,CAINC4,45,"...","Equals: Net earnings by place of residence ","Thousands of dollars",8072,6643,6857,6905,7641,9402,9906,13080,13801,14088,19295,18909,19510,19559,24704,27742,29961,30699,31439,32561,34901,36998,40178,46076,47317,53911,60721,68826,76349,86362,99660,109477,160437,170000,163508,153680,168472,190195,198460,194528,178807,181422,188177,197795,194401,207265,222921,233293,242571,253810,263309,274158,294777,316857
 "08007","Archuleta, CO",7,CAINC4,46,"...","Plus: Dividends, interest, and rent 7/","Thousands of dollars",1065,1335,1639,1938,2272,2575,2938,3452,4220,5654,7328,8892,10552,11766,13980,14932,16577,18570,17614,18928,21868,22676,23960,27406,30573,35280,36422,41228,44704,52679,54671,59115,64939,68366,73878,81532,90126,104506,118830,132034,118596,102046,117525,116607,126619,143282,144248,149489,160074,175535,193259,205183,229137,246969
 "08007","Archuleta, CO",7,CAINC4,47,"...","Plus: Personal current transfer receipts ","Thousands of dollars",981,1057,1329,1444,1547,1758,2772,3645,3954,3729,5116,5735,6119,5891,6162,6742,7461,8030,8409,8796,10509,11389,13113,14375,15298,15603,18066,20185,21404,24190,26506,28339,31498,35849,39540,41536,46604,51780,57222,65617,73776,83933,89595,88595,95391,105969,118093,125897,131760,146346,154057,201396,222227,208022
 "08007","Archuleta, CO",7,CAINC4,50,"...","Wages and salaries ","Thousands of dollars",6078,4843,4342,4009,4752,5975,6229,8079,8400,8695,10866,11589,13379,14266,15898,19489,21209,20549,20881,21990,23259,24746,26788,28763,29479,33648,38572,43262,50440,57081,63800,70838,78509,81552,84405,89545,98342,110302,117805,118073,110718,108810,112118,117216,119430,127615,141117,150182,156998,166242,174822,186411,199532,215069
 "08007","Archuleta, CO",7,CAINC4,60,"...","Supplements to wages and salaries ","Thousands of dollars",632,552,621,592,688,864,936,1233,1389,1361,1676,1761,2273,2594,2936,3494,3879,3876,3876,4154,4603,5231,5828,7028,7422,8333,9116,10026,11192,12206,14026,15771,17889,19149,20457,21775,24298,25282,26316,26557,26438,25827,25553,26529,28006,30829,32966,35126,35647,38372,39426,41702,43398,44347
 "08007","Archuleta, CO",7,CAINC4,61,"..."," Employer contributions for employee pension and insurance funds 8/","Thousands of dollars",367,349,444,436,475,577,654,834,966,941,1120,1169,1518,1788,1993,2250,2518,2558,2585,2741,3119,3604,4083,5085,5281,5852,6288,6883,7574,8615,10011,11326,12740,13208,14286,14990,16511,16815,17504,17864,18563,18107,17108,17732,19345,21328,22430,24103,24194,26587,27170,28400,29265,28844
 "08007","Archuleta, CO",7,CAINC4,62,"..."," Employer contributions for government social insurance ","Thousands of dollars",265,203,177,156,213,287,282,399,423,420,556,592,755,806,943,1244,1361,1318,1291,1413,1484,1627,1745,1943,2141,2481,2828,3143,3618,3591,4015,4445,5149,5941,6171,6785,7787,8467,8812,8693,7875,7720,8445,8797,8661,9501,10536,11023,11453,11785,12256,13302,14133,15503
 "08007","Archuleta, CO",7,CAINC4,70,"...","Proprietors' income 9/","Thousands of dollars",2262,1916,2463,2794,2833,3416,3553,4853,5096,5094,8277,7222,5992,4910,8011,7937,8132,8948,9112,8713,9354,8989,9905,12703,12711,14591,16035,18845,18672,21027,26559,27947,72336,78054,66435,49831,55043,65426,65013,58455,49142,54602,59570,65543,62279,66124,69589,71152,75214,76367,79125,79703,88394,97363
 "08007","Archuleta, CO",7,CAINC4,71,"..."," Farm proprietors' income ","Thousands of dollars",502,181,426,529,191,637,780,1223,1371,1063,3901,2551,1450,458,2512,1291,846,859,810,722,330,144,89,179,-253,-1199,-1668,-1911,-2176,-1666,-882,-236,-433,17,-992,-811,-1313,-4182,-2794,-3217,-2664,-2336,-173,2629,1916,732,1030,-1483,-2872,-2378,-2758,-2853,-3452,-4899
 "08007","Archuleta, CO",7,CAINC4,72,"..."," Nonfarm proprietors' income ","Thousands of dollars",1760,1735,2037,2265,2642,2779,2773,3630,3725,4031,4376,4671,4542,4452,5499,6646,7286,8089,8302,7991,9024,8845,9816,12524,12964,15790,17703,20756,20848,22693,27441,28183,72769,78037,67427,50642,56356,69608,67807,61672,51806,56938,59743,62914,60363,65392,68559,72635,78086,78745,81883,82556,91846,102262
 "08007","Archuleta, CO",7,CAINC4,7010,"...","Total employment ","Number of jobs",1338,1091,1242,1018,1097,1262,1327,1515,1585,1578,1719,1805,2058,2154,2340,2562,2782,2784,2695,2753,2840,2758,2974,3080,3302,3759,4150,4621,5126,5369,5698,5959,6434,6685,6787,7234,7765,8102,8173,8061,7461,7261,7242,7390,7426,7666,8058,8374,8449,8638,8556,8877,9175,9523
 "08007","Archuleta, CO",7,CAINC4,7020,"..."," Wage and salary employment ","Number of jobs",1049,819,923,707,782,892,909,1063,1084,1047,1129,1141,1300,1331,1420,1544,1709,1658,1590,1589,1681,1748,1714,1762,1842,2022,2246,2451,2635,2887,3176,3333,3485,3551,3519,3574,3773,4005,4097,4003,3619,3521,3559,3557,3704,3827,4162,4369,4438,4555,4581,4538,4713,4808
 "08007","Archuleta, CO",7,CAINC4,7040,"..."," Proprietors employment ","Number of jobs",289,272,319,311,315,370,418,452,501,531,590,664,758,823,920,1018,1073,1126,1105,1164,1159,1010,1260,1318,1460,1737,1904,2170,2491,2482,2522,2626,2949,3134,3268,3660,3992,4097,4076,4058,3842,3740,3683,3833,3722,3839,3896,4005,4011,4083,3975,4339,4462,4715
 "08009","Baca, CO",7,CAINC4,10,"...","Personal income (thousands of dollars) ","Thousands of dollars",18401,23136,22311,24875,41543,29654,24914,30453,34868,28190,31032,38796,45698,50152,64612,69392,65901,68619,74696,78863,71156,84827,76706,78044,89781,79874,87191,93277,98566,111593,117028,109738,115724,92606,109848,107530,114724,96450,118503,125691,139981,146103,161050,132441,156335,133874,132967,129725,151247,147684,143028,156544,174455,156700
 "08009","Baca, CO",7,CAINC4,11,"..."," Nonfarm personal income 1/","Thousands of dollars",11592,12639,13726,15242,17639,19098,21230,22579,24477,26997,30957,35571,39279,41330,43987,47338,47498,47398,49160,50875,52381,52806,54013,56990,58912,61563,67975,72305,77274,79383,79468,81075,84403,83417,85881,82424,84254,85124,90305,102925,109491,113054,118396,117396,115165,118907,119747,120681,122713,130693,134356,144353,150999,149642
 "08009","Baca, CO",7,CAINC4,12,"..."," Farm income 2/","Thousands of dollars",6809,10497,8585,9633,23904,10556,3684,7874,10391,1193,75,3225,6419,8822,20625,22054,18403,21221,25536,27988,18775,32021,22693,21054,30869,18311,19216,20972,21292,32210,37560,28663,31321,9189,23967,25106,30470,11326,28198,22766,30490,33049,42654,15045,41170,14967,13220,9044,28534,16991,8672,12191,23456,7058
 "08009","Baca, CO",7,CAINC4,20,"...","Population (persons) 3/","Number of persons",5800,5661,5616,5739,5650,5522,5675,5726,5562,5506,5462,5397,5300,5241,5186,5112,4992,4873,4873,4828,4743,4525,4527,4489,4421,4428,4506,4616,4563,4548,4562,4501,4471,4336,4117,4064,3997,3933,3866,3806,3767,3805,3770,3706,3633,3556,3518,3491,3504,3530,3556,3482,3487,3432
 "08009","Baca, CO",7,CAINC4,30,"...","Per capita personal income (dollars) 4/","Dollars",3173,4087,3973,4334,7353,5370,4390,5318,6269,5120,5681,7188,8622,9569,12459,13574,13201,14081,15329,16335,15002,18746,16944,17386,20308,18038,19350,20207,21601,24537,25653,24381,25883,21357,26682,26459,28703,24523,30653,33024,37160,38398,42719,35737,43032,37647,37796,37160,43164,41837,40222,44958,50030,45659
 "08009","Baca, CO",7,CAINC4,35,"...","Earnings by place of work ","Thousands of dollars",13686,17654,16518,18507,33590,20964,15136,20396,23521,15332,16343,20799,24853,26848,39169,41766,38031,40657,46835,51570,41674,55216,46869,47525,59252,48806,51907,55827,59886,73097,80302,71068,73167,52503,67788,69127,75483,56077,73312,70937,83877,91366,99697,73123,97956,70807,68323,66563,89512,81581,71006,77091,91043,75990
 "08009","Baca, CO",7,CAINC4,36,"...","Less: Contributions for government social insurance 5/","Thousands of dollars",380,388,439,511,639,724,790,893,959,1023,1217,1351,1525,1487,1524,1654,1716,1718,1881,2198,2333,2402,2603,2785,3058,3316,3549,3624,3829,3678,3903,3736,3873,4078,4220,4410,4565,4692,5031,5380,5656,5981,5527,5669,6056,6007,5904,6320,6684,6934,6927,7408,7603,8385
 "08009","Baca, CO",7,CAINC4,37,"..."," Employee and self-employed contributions for government social insurance ","Thousands of dollars",220,225,249,291,357,400,431,449,477,502,611,689,787,803,805,898,974,992,1092,1322,1410,1388,1529,1624,1788,1925,2093,2133,2307,2289,2344,2293,2284,2342,2375,2512,2672,2703,2857,3039,3331,3643,3085,3120,3391,3306,3320,3514,3705,4017,4035,4221,4361,4732
 "08009","Baca, CO",7,CAINC4,38,"..."," Employer contributions for government social insurance ","Thousands of dollars",160,163,190,220,282,324,359,444,482,521,606,662,738,684,719,756,742,726,789,876,923,1014,1074,1161,1270,1391,1456,1491,1522,1389,1559,1443,1589,1736,1845,1898,1893,1989,2174,2341,2325,2338,2442,2549,2665,2701,2584,2806,2979,2917,2892,3187,3242,3653
 "08009","Baca, CO",7,CAINC4,42,"...","Plus: Adjustment for residence 6/","Thousands of dollars",137,157,129,115,129,118,69,86,77,44,3,-22,70,100,125,125,152,153,108,102,77,46,0,-90,-33,-36,-63,-56,-12,1,48,124,354,631,981,1407,1707,2167,2776,3303,2939,2695,2749,2431,2953,2802,3133,2248,2271,2223,2346,2450,2628,2583
 "08009","Baca, CO",7,CAINC4,45,"...","Equals: Net earnings by place of residence ","Thousands of dollars",13443,17423,16208,18111,33080,20358,14415,19589,22639,14353,15129,19426,23398,25461,37770,40237,36467,39092,45062,49474,39418,52860,44266,44650,56161,45454,48295,52147,56045,69420,76447,67456,69648,49056,64549,66124,72625,53552,71057,68860,81160,88080,96919,69885,94853,67602,65552,62491,85099,76870,66425,72133,86068,70188
 "08009","Baca, CO",7,CAINC4,46,"...","Plus: Dividends, interest, and rent 7/","Thousands of dollars",3243,3589,3794,4322,5632,6200,7016,7107,8061,9307,10856,13450,15616,17396,19038,20910,20646,20270,20087,19999,20830,20672,20434,19969,19328,19532,22296,23770,24997,23874,22210,22869,24542,20391,22486,18023,17750,16437,20435,25254,25205,22895,25795,25630,24374,25807,24726,25048,23601,25340,28363,28774,26868,27390
 "08009","Baca, CO",7,CAINC4,47,"...","Plus: Personal current transfer receipts ","Thousands of dollars",1715,2124,2309,2442,2831,3096,3483,3757,4168,4530,5047,5920,6684,7295,7804,8245,8788,9257,9547,9390,10908,11295,12006,13425,14292,14888,16600,17360,17524,18299,18371,19413,21534,23159,22813,23383,24349,26461,27011,31577,33616,35128,38336,36926,37108,40465,42689,42186,42547,45474,48240,55637,61519,59122
 "08009","Baca, CO",7,CAINC4,50,"...","Wages and salaries ","Thousands of dollars",5267,5432,5683,6163,6897,7403,8318,9053,9667,10676,12145,13243,13849,13148,13288,13398,13346,13195,14344,15060,15361,16143,16430,17429,18313,19640,21112,22175,23146,25418,26681,27034,27714,28905,29186,29455,30501,31393,33336,34587,36915,37114,38119,39098,40047,40757,40410,42153,43427,45013,44728,49746,51633,50594
 "08009","Baca, CO",7,CAINC4,60,"...","Supplements to wages and salaries ","Thousands of dollars",499,540,640,795,875,989,1154,1287,1460,1615,1847,2077,2254,2268,2446,2520,2633,2661,2964,3219,3531,3955,4278,5101,5501,5889,6161,6500,6843,7130,7761,7681,8442,8459,8976,9174,9297,9729,10041,10427,11109,11279,11090,11100,11386,12012,11940,12853,12920,13460,12983,13965,14236,14104
 "08009","Baca, CO",7,CAINC4,61,"..."," Employer contributions for employee pension and insurance funds 8/","Thousands of dollars",339,377,450,575,593,665,795,843,978,1094,1241,1415,1516,1584,1727,1764,1891,1935,2175,2343,2608,2941,3204,3940,4231,4498,4705,5009,5321,5741,6202,6238,6853,6723,7131,7276,7404,7740,7867,8086,8784,8941,8648,8551,8721,9311,9356,10047,9941,10543,10091,10778,10994,10451
 "08009","Baca, CO",7,CAINC4,62,"..."," Employer contributions for government social insurance ","Thousands of dollars",160,163,190,220,282,324,359,444,482,521,606,662,738,684,719,756,742,726,789,876,923,1014,1074,1161,1270,1391,1456,1491,1522,1389,1559,1443,1589,1736,1845,1898,1893,1989,2174,2341,2325,2338,2442,2549,2665,2701,2584,2806,2979,2917,2892,3187,3242,3653
 "08009","Baca, CO",7,CAINC4,70,"...","Proprietors' income 9/","Thousands of dollars",7920,11682,10195,11549,25818,12572,5664,10056,12394,3041,2351,5479,8750,11432,23435,25848,22052,24801,29527,33291,22782,35118,26161,24995,35438,23277,24634,27152,29897,40549,45860,36353,37011,15139,29626,30498,35685,14955,29935,25923,35853,42973,50488,22925,46523,18038,15973,11557,33165,23108,13295,13380,25174,11292
 "08009","Baca, CO",7,CAINC4,71,"..."," Farm proprietors' income ","Thousands of dollars",5480,9195,7447,8476,22512,9152,2179,6230,8450,-1439,-2455,904,4444,7047,18879,20309,16638,19572,23908,26243,16979,30020,20841,19301,28832,15740,16454,18296,18098,28815,33961,24333,26703,3855,19450,20469,25410,6648,22995,17724,24642,27758,37241,8576,33945,7996,7318,2257,21274,9824,3414,4525,15103,69
 "08009","Baca, CO",7,CAINC4,72,"..."," Nonfarm proprietors' income ","Thousands of dollars",2440,2487,2748,3073,3306,3420,3485,3826,3944,4480,4806,4575,4306,4385,4556,5539,5414,5229,5619,7048,5803,5098,5320,5694,6606,7537,8180,8856,11799,11734,11899,12020,10308,11284,10176,10029,10275,8307,6940,8199,11211,15215,13247,14349,12578,10042,8655,9300,11891,13284,9881,8855,10071,11223
 "08009","Baca, CO",7,CAINC4,7010,"...","Total employment ","Number of jobs",2857,2794,2789,2737,2799,2853,2818,2743,2711,2623,2574,2690,2645,2496,2506,2457,2337,2259,2272,2440,2419,2411,2404,2427,2570,2666,2661,2723,2839,2820,2809,2806,2819,2739,2678,2593,2552,2520,2603,2676,2623,2645,2675,2602,2617,2600,2600,2596,2586,2567,2553,2594,2618,2684
 "08009","Baca, CO",7,CAINC4,7020,"..."," Wage and salary employment ","Number of jobs",1408,1364,1326,1298,1333,1360,1408,1396,1418,1393,1390,1522,1458,1345,1352,1316,1237,1211,1292,1318,1290,1332,1293,1336,1380,1380,1398,1470,1563,1588,1581,1556,1533,1470,1493,1416,1381,1395,1344,1372,1382,1402,1406,1396,1379,1371,1353,1359,1349,1349,1345,1341,1326,1358
 "08009","Baca, CO",7,CAINC4,7040,"..."," Proprietors employment ","Number of jobs",1449,1430,1463,1439,1466,1493,1410,1347,1293,1230,1184,1168,1187,1151,1154,1141,1100,1048,980,1122,1129,1079,1111,1091,1190,1286,1263,1253,1276,1232,1228,1250,1286,1269,1185,1177,1171,1125,1259,1304,1241,1243,1269,1206,1238,1229,1247,1237,1237,1218,1208,1253,1292,1326
 "08011","Bent, CO",7,CAINC4,10,"...","Personal income (thousands of dollars) ","Thousands of dollars",16947,19345,21912,23711,27616,28490,33701,34156,33263,37789,44079,42787,47291,49213,54262,59119,60867,63352,63633,66049,68289,71866,75552,79056,84882,86182,89747,94553,97430,105602,111536,116269,122300,114688,125627,128487,132060,125536,135785,141449,142709,141371,144925,136988,136344,143013,148660,144746,140995,156471,157321,166536,187311,178050
 "08011","Bent, CO",7,CAINC4,11,"..."," Nonfarm personal income 1/","Thousands of dollars",14495,15971,18379,19656,21976,24225,27195,28719,31680,34784,38710,41716,46398,50303,54615,58942,59668,61255,60637,61284,62552,63843,66380,69419,75176,80164,87398,90901,94192,99698,101799,106031,108247,103224,111586,113298,115502,112077,119145,126802,129124,127466,125900,118350,114349,119692,130250,132104,130967,143278,145472,154623,169952,172052
 "08011","Bent, CO",7,CAINC4,12,"..."," Farm income 2/","Thousands of dollars",2452,3374,3533,4055,5640,4265,6506,5437,1583,3005,5369,1071,893,-1090,-353,177,1199,2097,2996,4765,5737,8023,9172,9637,9706,6018,2349,3652,3238,5904,9737,10238,14053,11464,14041,15189,16558,13459,16640,14647,13585,13905,19025,18638,21995,23321,18410,12642,10028,13193,11849,11913,17359,5998
 "08011","Bent, CO",7,CAINC4,20,"...","Population (persons) 3/","Number of persons",6638,6497,6525,6430,6041,6143,6393,6279,6166,5880,6005,5940,5909,5839,5998,5937,5868,5739,5588,5377,5162,5028,4928,4988,5415,5488,5579,5610,5539,5960,6049,5954,5841,5973,6166,6180,6118,6012,5715,5962,6425,6508,6464,5915,5851,5944,6045,6014,6039,6033,5838,5478,5337,5399
 "08011","Bent, CO",7,CAINC4,30,"...","Per capita personal income (dollars) 4/","Dollars",2553,2978,3358,3688,4571,4638,5272,5440,5395,6427,7340,7203,8003,8428,9047,9958,10373,11039,11387,12284,13229,14293,15331,15849,15675,15704,16087,16854,17590,17718,18439,19528,20938,19201,20374,20791,21585,20881,23759,23725,22212,21723,22420,23159,23303,24060,24592,24068,23347,25936,26948,30401,35097,32978
 "08011","Bent, CO",7,CAINC4,35,"...","Earnings by place of work ","Thousands of dollars",12722,14480,16687,18103,20683,20441,25117,25653,24833,28226,31775,28992,30655,30198,33333,36828,37241,37828,39821,43089,43779,47119,49393,52219,56672,56875,54890,57448,60560,66347,69960,74302,73610,60597,66148,66569,67878,65071,69920,72986,74597,76019,78788,67939,72785,74234,72814,68674,67272,74683,72618,75749,83086,78253
 "08011","Bent, CO",7,CAINC4,36,"...","Less: Contributions for government social insurance 5/","Thousands of dollars",420,438,486,555,631,702,769,872,1045,1050,1114,1201,1372,1432,1905,2183,2375,2464,2663,3005,3248,3431,3697,3971,4484,4967,5197,5321,5911,6071,6164,6465,6006,4927,5279,5456,5299,5453,5831,6384,6541,6632,6011,5527,6151,6187,6433,6798,7135,7600,7730,8185,8318,9609
 "08011","Bent, CO",7,CAINC4,37,"..."," Employee and self-employed contributions for government social insurance ","Thousands of dollars",221,225,243,276,306,328,337,363,432,444,476,515,600,643,874,1007,1137,1191,1279,1506,1634,1690,1776,1891,2147,2380,2531,2601,2870,2996,2972,3121,2972,2455,2601,2607,2633,2738,2907,3145,3412,3490,2932,2716,3245,3262,3505,3706,3831,4254,4359,4615,4697,5318
 "08011","Bent, CO",7,CAINC4,38,"..."," Employer contributions for government social insurance ","Thousands of dollars",199,213,243,279,325,374,432,509,613,606,638,686,772,789,1031,1176,1238,1273,1384,1499,1614,1741,1921,2080,2337,2587,2666,2720,3041,3075,3192,3344,3034,2472,2678,2849,2666,2715,2924,3239,3129,3142,3079,2811,2906,2925,2928,3092,3304,3346,3371,3570,3621,4291
 "08011","Bent, CO",7,CAINC4,42,"...","Plus: Adjustment for residence 6/","Thousands of dollars",-733,-782,-1162,-1385,-1500,-1601,-2234,-2488,-3350,-3772,-3992,-4378,-3867,-3901,-3868,-4353,-3909,-3696,-3929,-4008,-4130,-4172,-4201,-3977,-3997,-3966,-3551,-2636,-1912,-1419,-677,-1037,1377,6444,8718,10974,11131,9176,10362,11822,6376,2358,1175,2108,-1943,-589,-563,-1810,129,313,2228,496,-376,-556
 "08011","Bent, CO",7,CAINC4,45,"...","Equals: Net earnings by place of residence ","Thousands of dollars",11569,13260,15039,16163,18552,18138,22114,22293,20438,23404,26669,23413,25416,24865,27560,30292,30957,31668,33229,36076,36401,39516,41495,44271,48191,47942,46142,49491,52737,58857,63119,66800,68981,62114,69587,72087,73710,68794,74451,78424,74432,71745,73952,64520,64691,67458,65818,60066,60266,67396,67116,68060,74392,68088
 "08011","Bent, CO",7,CAINC4,46,"...","Plus: Dividends, interest, and rent 7/","Thousands of dollars",2955,3325,3891,4320,5218,5816,6547,6802,7685,8842,10069,11680,13248,15194,16875,18422,19357,20834,19252,18645,19418,19103,18812,18242,18688,19271,21912,23038,22309,23534,23762,24943,26093,23583,27207,25930,25281,22211,26048,27274,29510,28364,28923,30219,28654,30987,33655,32659,30994,35485,34126,33117,34597,35983
 "08011","Bent, CO",7,CAINC4,47,"...","Plus: Personal current transfer receipts ","Thousands of dollars",2423,2760,2982,3228,3846,4536,5040,5061,5140,5543,7341,7694,8627,9154,9827,10405,10553,10850,11152,11328,12470,13247,15245,16543,18003,18969,21693,22024,22384,23211,24655,24526,27226,28991,28833,30470,33069,34531,35286,35751,38767,41262,42050,42249,42999,44568,49187,52021,49735,53590,56079,65359,78322,73979
 "08011","Bent, CO",7,CAINC4,50,"...","Wages and salaries ","Thousands of dollars",8688,9274,10458,11149,12062,12880,14561,15681,18238,19722,20639,21915,23252,24213,25471,27577,27017,26869,28435,28804,28865,29156,30410,31563,34765,37732,39249,39980,42532,45499,45323,49682,46262,39714,40904,41992,42383,42220,44391,47804,49395,48954,46037,39163,39966,40235,41101,42432,44321,47147,46793,51524,53708,57689
 "08011","Bent, CO",7,CAINC4,60,"...","Supplements to wages and salaries ","Thousands of dollars",1324,1557,2192,2393,2629,2932,3567,3918,4587,5016,5291,5627,6060,6461,6969,7666,7800,7545,7453,7756,8358,8867,9547,10459,11380,12221,12404,12273,12796,13170,13719,14423,13479,10126,10960,11356,11751,11811,12087,13242,13534,13344,12091,9997,10224,10758,10708,11494,11776,12423,12155,13176,13382,14000
 "08011","Bent, CO",7,CAINC4,61,"..."," Employer contributions for employee pension and insurance funds 8/","Thousands of dollars",1125,1344,1949,2114,2304,2558,3135,3409,3974,4410,4653,4941,5288,5672,5938,6490,6562,6272,6069,6257,6744,7126,7626,8379,9043,9634,9738,9553,9755,10095,10527,11079,10445,7654,8282,8507,9085,9096,9163,10003,10405,10202,9012,7186,7318,7833,7780,8402,8472,9077,8784,9606,9761,9709
 "08011","Bent, CO",7,CAINC4,62,"..."," Employer contributions for government social insurance ","Thousands of dollars",199,213,243,279,325,374,432,509,613,606,638,686,772,789,1031,1176,1238,1273,1384,1499,1614,1741,1921,2080,2337,2587,2666,2720,3041,3075,3192,3344,3034,2472,2678,2849,2666,2715,2924,3239,3129,3142,3079,2811,2906,2925,2928,3092,3304,3346,3371,3570,3621,4291
 "08011","Bent, CO",7,CAINC4,70,"...","Proprietors' income 9/","Thousands of dollars",2710,3649,4037,4561,5992,4629,6989,6054,2008,3488,5845,1450,1343,-476,893,1585,2424,3414,3933,6529,6556,9096,9436,10197,10527,6922,3237,5195,5232,7678,10918,10197,13869,10757,14284,13221,13744,11040,13442,11940,11668,13721,20660,18779,22595,23241,21005,14748,11175,15113,13670,11049,15996,6564
 "08011","Bent, CO",7,CAINC4,71,"..."," Farm proprietors' income ","Thousands of dollars",1565,2449,2675,3137,4452,3009,5299,4224,250,1346,3638,-668,-772,-2745,-1921,-1364,-348,641,1531,3167,4086,6161,7438,7943,7729,3491,-331,1044,131,2079,5233,4429,7466,3488,7510,8713,9773,7424,10216,8715,7051,8268,13492,12278,14891,16455,12604,5967,2890,6157,6684,4385,9160,-873
 "08011","Bent, CO",7,CAINC4,72,"..."," Nonfarm proprietors' income ","Thousands of dollars",1145,1200,1362,1424,1540,1620,1690,1830,1758,2142,2207,2118,2115,2269,2814,2949,2772,2773,2402,3362,2470,2935,1998,2254,2798,3431,3568,4151,5101,5599,5685,5768,6403,7269,6774,4508,3971,3616,3226,3225,4617,5453,7168,6501,7704,6786,8401,8781,8285,8956,6986,6664,6836,7437
 "08011","Bent, CO",7,CAINC4,7010,"...","Total employment ","Number of jobs",2391,2359,2357,2319,2372,2404,2414,2383,2496,2559,2537,2571,2535,2511,2484,2512,2410,2310,2267,2283,2189,2174,2091,2086,2237,2420,2399,2396,2486,2600,2546,2551,2384,2134,2197,2088,2111,2057,2099,2150,2147,2136,2051,1843,1850,1841,1846,1888,1915,1900,1880,1893,1899,1977
 "08011","Bent, CO",7,CAINC4,7020,"..."," Wage and salary employment ","Number of jobs",1648,1639,1659,1637,1682,1725,1747,1754,1846,1891,1878,1904,1850,1813,1808,1836,1753,1683,1685,1649,1570,1571,1500,1511,1634,1730,1727,1724,1799,1878,1857,1847,1762,1531,1624,1556,1544,1509,1487,1549,1551,1543,1449,1236,1238,1233,1241,1267,1296,1262,1262,1268,1245,1301
 "08011","Bent, CO",7,CAINC4,7040,"..."," Proprietors employment ","Number of jobs",743,720,698,682,690,679,667,629,650,668,659,667,685,698,676,676,657,627,582,634,619,603,591,575,603,690,672,672,687,722,689,704,622,603,573,532,567,548,612,601,596,593,602,607,612,608,605,621,619,638,618,625,654,676
 "08013","Boulder, CO*",7,CAINC4,10,"...","Personal income (thousands of dollars) ","Thousands of dollars",538596,600343,680907,768819,864808,979831,1109846,1245164,1434420,1683852,1958786,2217986,2552506,2818906,3094908,3446563,3617751,3789442,4003997,4333526,4733834,5071772,5392946,5952683,6419291,6954563,7529966,8135336,8807740,9696056,10545077,12100049,12647917,11542437,11756992,12074002,12859256,13804847,14494686,15214729,13808407,14861552,15739217,16629822,17381687,18682169,20257478,20790581,22267272,23504502,25878040,27027395,30572385,32273001
 "08013","Boulder, CO*",7,CAINC4,11,"..."," Nonfarm personal income 1/","Thousands of dollars",536712,595340,680488,764837,861971,977226,1103436,1237381,1427286,1677226,1953833,2208962,2539777,2810472,3085808,3436640,3612936,3784813,3998653,4325369,4723959,5060904,5380783,5945900,6410635,6946068,7521355,8124675,8797179,9686280,10536664,12092367,12638368,11533462,11751622,12064335,12851310,13798540,14488595,15208951,13798937,14853308,15723279,16620666,17371813,18672550,20245037,20781308,22257470,23493751,25868318,27016829,30562974,32265337
 "08013","Boulder, CO*",7,CAINC4,12,"..."," Farm income 2/","Thousands of dollars",1884,5003,419,3982,2837,2605,6410,7783,7134,6626,4953,9024,12729,8434,9100,9923,4815,4629,5344,8157,9875,10868,12163,6783,8656,8495,8611,10661,10561,9776,8413,7682,9549,8975,5370,9667,7946,6307,6091,5778,9470,8244,15938,9156,9874,9619,12441,9273,9802,10751,9722,10566,9411,7664
 "08013","Boulder, CO*",7,CAINC4,20,"...","Population (persons) 3/","Number of persons",129577,133342,140808,151309,159509,166449,166670,169117,178121,183432,187125,190935,195705,200827,206440,211206,213942,215971,218024,219915,223507,226374,232846,240430,247405,254324,259520,264630,270744,277562,285901,293358,300137,279468,278768,279728,280241,284243,287428,290859,293190,295131,300434,305430,310586,313911,320154,323865,325475,328259,329194,330922,327075,327468
 "08013","Boulder, CO*",7,CAINC4,30,"...","Per capita personal income (dollars) 4/","Dollars",4157,4502,4836,5081,5422,5887,6659,7363,8053,9180,10468,11616,13043,14036,14992,16318,16910,17546,18365,19705,21180,22404,23161,24758,25946,27345,29015,30742,32532,34933,36884,41247,42140,41301,42175,43163,45886,48567,50429,52310,47097,50356,52388,54447,55964,59514,63274,64195,68415,71604,78610,81673,93472,98553
 "08013","Boulder, CO*",7,CAINC4,35,"...","Earnings by place of work ","Thousands of dollars",356089,399207,452564,516325,576968,663609,756008,867667,1028033,1230007,1434764,1566487,1787374,1996975,2232557,2540403,2602403,2730765,2962923,3225512,3433933,3736199,4087047,4594666,5025363,5455639,5877905,6363444,7010089,8186729,8993127,11076760,11328158,9862007,9896464,10288973,10662079,11192053,11733282,11958771,11358711,11705320,12227025,12913794,13570231,14426019,15204756,15623378,16527374,17510104,19409172,19752393,21775763,23289514
 "08013","Boulder, CO*",7,CAINC4,36,"...","Less: Contributions for government social insurance 5/","Thousands of dollars",19387,21172,24881,30157,39837,46970,52425,61907,74657,92236,114316,127270,156444,181654,208132,247455,258111,273381,294035,332840,361914,403647,452876,503546,555170,609705,658239,707621,779674,867531,944613,1144858,1165776,1022732,1030000,1099663,1137802,1186954,1251973,1286184,1219184,1242127,1176512,1233176,1439267,1529802,1621129,1675860,1764210,1878673,2045384,2080112,2266440,2524059
 "08013","Boulder, CO*",7,CAINC4,37,"..."," Employee and self-employed contributions for government social insurance ","Thousands of dollars",10114,10994,12812,15201,20017,23837,26447,29943,36213,44028,55243,61933,77087,89263,100126,116166,125009,133410,143914,162892,177678,198130,222580,247633,272156,298320,323254,348625,383203,442134,482137,587381,601664,519320,520763,548431,569299,597050,638973,650058,627497,639558,517654,543457,733631,775279,826800,862336,907505,986149,1090364,1109714,1209181,1343210
 "08013","Boulder, CO*",7,CAINC4,38,"..."," Employer contributions for government social insurance ","Thousands of dollars",9273,10178,12069,14956,19820,23133,25978,31964,38444,48208,59073,65337,79357,92391,108006,131289,133102,139971,150121,169948,184236,205517,230296,255913,283014,311385,334985,358996,396471,425397,462476,557477,564112,503412,509237,551232,568503,589904,613000,636126,591687,602569,658858,689719,705636,754523,794329,813524,856705,892524,955020,970398,1057259,1180849
 "08013","Boulder, CO*",7,CAINC4,42,"...","Plus: Adjustment for residence 6/","Thousands of dollars",78872,78885,88777,100009,115077,115564,114065,116065,119529,130401,162073,209267,227322,226234,212014,202813,241883,244942,210790,224968,224851,217693,166419,142533,93209,-20036,-72238,-78666,-133779,-516243,-451240,-1144908,-992797,-556099,-475253,-692175,-755798,-756432,-930159,-907331,-1324986,-786540,-939919,-985371,-951299,-1002387,-824421,-939917,-837485,-1190197,-1476299,-1520613,-1837179,-1972004
 "08013","Boulder, CO*",7,CAINC4,45,"...","Equals: Net earnings by place of residence ","Thousands of dollars",415574,456920,516460,586177,652208,732203,817648,921825,1072905,1268172,1482521,1648484,1858252,2041555,2236439,2495761,2586175,2702326,2879678,3117640,3296870,3550245,3800590,4233653,4563402,4825898,5147428,5577157,6096636,6802955,7597274,8786994,9169585,8283176,8391211,8497135,8768479,9248667,9551150,9765256,8814541,9676653,10110594,10695247,11179665,11893830,12759206,13007601,13925679,14441234,15887489,16151668,17672144,18793451
 "08013","Boulder, CO*",7,CAINC4,46,"...","Plus: Dividends, interest, and rent 7/","Thousands of dollars",96049,110838,125725,138854,157983,184486,211485,234964,265788,310863,357269,432465,534150,600047,664746,749588,817258,854337,872493,949622,1129872,1197306,1240233,1328866,1438741,1687315,1898955,2049971,2200857,2384867,2410353,2736746,2823637,2582748,2633741,2829208,3247313,3711940,4015288,4289322,3742010,3754263,4164198,4467938,4660588,5132243,5698444,5903834,6396718,6939531,7726951,7785881,9479357,10417356
 "08013","Boulder, CO*",7,CAINC4,47,"...","Plus: Personal current transfer receipts ","Thousands of dollars",26973,32585,38722,43788,54617,63142,80713,88375,95727,104817,118996,137037,160104,177304,193723,201214,214318,232779,251826,266264,307092,324221,352123,390164,417148,441350,483583,508208,510247,508234,537450,576309,654695,676513,732040,747659,843464,844240,928248,1160151,1251856,1430636,1464425,1466637,1541434,1656096,1799828,1879146,1944875,2123737,2263600,3089846,3420884,3062194
 "08013","Boulder, CO*",7,CAINC4,50,"...","Wages and salaries ","Thousands of dollars",279469,312617,352402,397158,446793,509906,580332,665091,773597,922501,1082017,1205080,1379294,1559246,1726103,1980753,2023356,2111190,2281535,2465165,2636187,2871632,3137880,3457050,3720700,4020933,4402725,4793369,5354491,6331575,7016734,8624192,8638795,7283022,7319246,7683118,8031128,8473470,8923190,9174328,8613654,8879466,9326979,9834465,10259678,10855673,11447491,11734774,12492194,13313659,14887690,14988717,16749633,18043668
 "08013","Boulder, CO*",7,CAINC4,60,"...","Supplements to wages and salaries ","Thousands of dollars",31722,36536,44883,53253,59162,69670,84199,97484,115201,139313,166298,187521,223523,261824,305557,351287,367473,390596,427481,464942,518402,574287,649915,764787,842759,906824,927307,972378,1056306,1168715,1279370,1548748,1647559,1464534,1519086,1588129,1664766,1679592,1713574,1768693,1802437,1804709,1819369,1905984,2030222,2159755,2204649,2249925,2368413,2538048,2686765,2682152,2918713,3040810
 "08013","Boulder, CO*",7,CAINC4,61,"..."," Employer contributions for employee pension and insurance funds 8/","Thousands of dollars",22449,26358,32814,38297,39342,46537,58221,65520,76757,91105,107225,122184,144166,169433,197551,219998,234371,250625,277360,294994,334166,368770,419619,508874,559745,595439,592322,613382,659835,743318,816894,991271,1083447,961122,1009849,1036897,1096263,1089688,1100574,1132567,1210750,1202140,1160511,1216265,1324586,1405232,1410320,1436401,1511708,1645524,1731745,1711754,1861454,1859961
 "08013","Boulder, CO*",7,CAINC4,62,"..."," Employer contributions for government social insurance ","Thousands of dollars",9273,10178,12069,14956,19820,23133,25978,31964,38444,48208,59073,65337,79357,92391,108006,131289,133102,139971,150121,169948,184236,205517,230296,255913,283014,311385,334985,358996,396471,425397,462476,557477,564112,503412,509237,551232,568503,589904,613000,636126,591687,602569,658858,689719,705636,754523,794329,813524,856705,892524,955020,970398,1057259,1180849
 "08013","Boulder, CO*",7,CAINC4,70,"...","Proprietors' income 9/","Thousands of dollars",44898,50054,55279,65914,71013,84033,91477,105092,139235,168193,186449,173886,184557,175905,200897,208363,211574,228979,253907,295405,279344,290280,299252,372829,461904,527882,547873,597697,599292,686439,697023,903820,1041804,1114451,1058132,1017726,966185,1038991,1096518,1015750,942620,1021145,1080677,1173345,1280331,1410591,1552616,1638679,1666767,1658397,1834717,2081524,2107417,2205036
 "08013","Boulder, CO*",7,CAINC4,71,"..."," Farm proprietors' income ","Thousands of dollars",507,3612,-839,2668,1160,869,4489,5649,4587,3129,785,4335,7903,3156,4271,5420,536,912,1943,3982,5081,5029,6339,797,1767,-212,-544,1843,117,464,-78,-1163,1256,580,-2057,1677,-1095,-2412,-3998,-3338,-413,-137,7839,14,-311,-302,4084,-327,-467,693,2316,-168,-2233,-2160
 "08013","Boulder, CO*",7,CAINC4,72,"..."," Nonfarm proprietors' income ","Thousands of dollars",44391,46442,56118,63246,69853,83164,86988,99443,134648,165064,185664,169551,176654,172749,196626,202943,211038,228067,251964,291423,274263,285251,292913,372032,460137,528094,548417,595854,599175,685975,697101,904983,1040548,1113871,1060189,1016049,967280,1041403,1100516,1019088,943033,1021282,1072838,1173331,1280642,1410893,1548532,1639006,1667234,1657704,1832401,2081692,2109650,2207196
 "08013","Boulder, CO*",7,CAINC4,7010,"...","Total employment ","Number of jobs",52605,55395,59121,64116,69942,75635,78961,85236,92627,102720,110002,112861,117528,121300,128223,141199,140650,141908,143586,152086,155495,160076,164862,169291,178775,186270,192888,198754,207295,213453,221120,237310,243644,215528,210508,214504,218031,221740,228949,235185,228868,227792,234428,239470,245023,252707,258599,263942,269048,274068,275774,269099,280028,294092
 "08013","Boulder, CO*",7,CAINC4,7020,"..."," Wage and salary employment ","Number of jobs",44004,46594,49458,53401,58060,62175,64312,69091,74988,84197,90706,92167,96128,98526,103144,113672,111487,111439,113287,118427,123003,127560,130041,135735,142554,148535,152901,156564,164244,170758,178727,192838,197472,168408,163064,164633,166564,168998,171990,174628,166591,165331,169849,174352,178310,183363,186990,191049,194378,198373,203970,194227,201480,209766
 "08013","Boulder, CO*",7,CAINC4,7040,"..."," Proprietors employment ","Number of jobs",8601,8801,9663,10715,11882,13460,14649,16145,17639,18523,19296,20694,21400,22774,25079,27527,29163,30469,30299,33659,32492,32516,34821,33556,36221,37735,39987,42190,43051,42695,42393,44472,46172,47120,47444,49871,51467,52742,56959,60557,62277,62461,64579,65118,66713,69344,71609,72893,74670,75695,71804,74872,78548,84326
 "08014","Broomfield, CO*",7,CAINC4,10,"...","Personal income (thousands of dollars) ","Thousands of dollars",(NA),(NA),(NA),(NA),(NA),(NA),(NA),(NA),(NA),(NA),(NA),(NA),(NA),(NA),(NA),(NA),(NA),(NA),(NA),(NA),(NA),(NA),(NA),(NA),(NA),(NA),(NA),(NA),(NA),(NA),(NA),(NA),(NA),1724656,1811028,1959666,2192416,2596762,2977578,3346840,3135203,3033158,3234213,3452536,3322689,3564996,3831771,4051635,4355912,4744227,5265707,5477555,6118620,6617214
 "08014","Broomfield, CO*",7,CAINC4,11,"..."," Nonfarm personal income 1/","Thousands of dollars",(NA),(NA),(NA),(NA),(NA),(NA),(NA),(NA),(NA),(NA),(NA),(NA),(NA),(NA),(NA),(NA),(NA),(NA),(NA),(NA),(NA),(NA),(NA),(NA),(NA),(NA),(NA),(NA),(NA),(NA),(NA),(NA),(NA),1724614,1811140,1959541,2192228,2596541,2977219,3346444,3134812,3033068,3233815,3452374,3322725,3565007,3831811,4051772,4356110,4744397,5265874,5477856,6118775,6617674
 "08014","Broomfield, CO*",7,CAINC4,12,"..."," Farm income 2/","Thousands of dollars",(NA),(NA),(NA),(NA),(NA),(NA),(NA),(NA),(NA),(NA),(NA),(NA),(NA),(NA),(NA),(NA),(NA),(NA),(NA),(NA),(NA),(NA),(NA),(NA),(NA),(NA),(NA),(NA),(NA),(NA),(NA),(NA),(NA),42,-112,125,188,221,359,396,391,90,398,162,-36,-11,-40,-137,-198,-170,-167,-301,-155,-460
 "08014","Broomfield, CO*",7,CAINC4,20,"...","Population (persons) 3/","Number of persons",(NA),(NA),(NA),(NA),(NA),(NA),(NA),(NA),(NA),(NA),(NA),(NA),(NA),(NA),(NA),(NA),(NA),(NA),(NA),(NA),(NA),(NA),(NA),(NA),(NA),(NA),(NA),(NA),(NA),(NA),(NA),(NA),(NA),41800,43805,44867,46313,48729,51526,53181,54789,56253,57700,59368,60745,62581,65941,67853,69839,71167,72601,74484,75375,76121
 "08014","Broomfield, CO*",7,CAINC4,30,"...","Per capita personal income (dollars) 4/","Dollars",(NA),(NA),(NA),(NA),(NA),(NA),(NA),(NA),(NA),(NA),(NA),(NA),(NA),(NA),(NA),(NA),(NA),(NA),(NA),(NA),(NA),(NA),(NA),(NA),(NA),(NA),(NA),(NA),(NA),(NA),(NA),(NA),(NA),41260,41343,43677,47339,53290,57788,62933,57223,53920,56052,58155,54699,56966,58109,59712,62371,66663,72529,73540,81176,86930
 "08014","Broomfield, CO*",7,CAINC4,35,"...","Earnings by place of work ","Thousands of dollars",(NA),(NA),(NA),(NA),(NA),(NA),(NA),(NA),(NA),(NA),(NA),(NA),(NA),(NA),(NA),(NA),(NA),(NA),(NA),(NA),(NA),(NA),(NA),(NA),(NA),(NA),(NA),(NA),(NA),(NA),(NA),(NA),(NA),1611422,1702471,1922733,2091985,2355388,2644905,2596583,2575023,2600114,2761875,3042718,3308087,3401025,3789980,3975297,4726241,4460687,4880631,5006554,5621191,6114504
 "08014","Broomfield, CO*",7,CAINC4,36,"...","Less: Contributions for government social insurance 5/","Thousands of dollars",(NA),(NA),(NA),(NA),(NA),(NA),(NA),(NA),(NA),(NA),(NA),(NA),(NA),(NA),(NA),(NA),(NA),(NA),(NA),(NA),(NA),(NA),(NA),(NA),(NA),(NA),(NA),(NA),(NA),(NA),(NA),(NA),(NA),181222,189918,216805,234726,256061,284213,294268,293160,292899,273148,294890,360556,375119,417557,439653,491917,491983,532354,547219,587496,664680
 "08014","Broomfield, CO*",7,CAINC4,37,"..."," Employee and self-employed contributions for government social insurance ","Thousands of dollars",(NA),(NA),(NA),(NA),(NA),(NA),(NA),(NA),(NA),(NA),(NA),(NA),(NA),(NA),(NA),(NA),(NA),(NA),(NA),(NA),(NA),(NA),(NA),(NA),(NA),(NA),(NA),(NA),(NA),(NA),(NA),(NA),(NA),91413,96021,108506,117077,131346,147705,149067,151706,151427,123123,134415,190611,196888,222608,237001,280275,266996,294141,305663,330829,370261
 "08014","Broomfield, CO*",7,CAINC4,38,"..."," Employer contributions for government social insurance ","Thousands of dollars",(NA),(NA),(NA),(NA),(NA),(NA),(NA),(NA),(NA),(NA),(NA),(NA),(NA),(NA),(NA),(NA),(NA),(NA),(NA),(NA),(NA),(NA),(NA),(NA),(NA),(NA),(NA),(NA),(NA),(NA),(NA),(NA),(NA),89809,93897,108299,117649,124715,136508,145201,141454,141472,150025,160475,169945,178231,194949,202652,211642,224987,238213,241556,256667,294419
 "08014","Broomfield, CO*",7,CAINC4,42,"...","Plus: Adjustment for residence 6/","Thousands of dollars",(NA),(NA),(NA),(NA),(NA),(NA),(NA),(NA),(NA),(NA),(NA),(NA),(NA),(NA),(NA),(NA),(NA),(NA),(NA),(NA),(NA),(NA),(NA),(NA),(NA),(NA),(NA),(NA),(NA),(NA),(NA),(NA),(NA),-46404,-47351,-90633,-31602,72289,99765,362991,109019,-35176,-88056,-227521,-492481,-409605,-602839,-583738,-1045781,-536003,-602518,-729375,-853365,-813922
 "08014","Broomfield, CO*",7,CAINC4,45,"...","Equals: Net earnings by place of residence ","Thousands of dollars",(NA),(NA),(NA),(NA),(NA),(NA),(NA),(NA),(NA),(NA),(NA),(NA),(NA),(NA),(NA),(NA),(NA),(NA),(NA),(NA),(NA),(NA),(NA),(NA),(NA),(NA),(NA),(NA),(NA),(NA),(NA),(NA),(NA),1383796,1465202,1615295,1825657,2171616,2460457,2665306,2390882,2272039,2400671,2520307,2455050,2616301,2769584,2951906,3188543,3432701,3745759,3729960,4180330,4635902
 "08014","Broomfield, CO*",7,CAINC4,46,"...","Plus: Dividends, interest, and rent 7/","Thousands of dollars",(NA),(NA),(NA),(NA),(NA),(NA),(NA),(NA),(NA),(NA),(NA),(NA),(NA),(NA),(NA),(NA),(NA),(NA),(NA),(NA),(NA),(NA),(NA),(NA),(NA),(NA),(NA),(NA),(NA),(NA),(NA),(NA),(NA),236608,234257,227679,237447,280743,357726,483870,518212,506177,562006,656130,577088,635087,712065,730734,781730,887256,1064647,1100824,1216152,1339260
 "08014","Broomfield, CO*",7,CAINC4,47,"...","Plus: Personal current transfer receipts ","Thousands of dollars",(NA),(NA),(NA),(NA),(NA),(NA),(NA),(NA),(NA),(NA),(NA),(NA),(NA),(NA),(NA),(NA),(NA),(NA),(NA),(NA),(NA),(NA),(NA),(NA),(NA),(NA),(NA),(NA),(NA),(NA),(NA),(NA),(NA),104252,111569,116692,129312,144403,159395,197664,226109,254942,271536,276099,290551,313608,350122,368995,385639,424270,455301,646771,722138,642052
 "08014","Broomfield, CO*",7,CAINC4,50,"...","Wages and salaries ","Thousands of dollars",(NA),(NA),(NA),(NA),(NA),(NA),(NA),(NA),(NA),(NA),(NA),(NA),(NA),(NA),(NA),(NA),(NA),(NA),(NA),(NA),(NA),(NA),(NA),(NA),(NA),(NA),(NA),(NA),(NA),(NA),(NA),(NA),(NA),1318383,1368483,1524322,1642830,1829956,2101796,2084387,2035695,2029284,2145251,2371592,2570305,2707443,3068571,3193277,3814906,3535946,3916818,4074648,4487322,4842770
 "08014","Broomfield, CO*",7,CAINC4,60,"...","Supplements to wages and salaries ","Thousands of dollars",(NA),(NA),(NA),(NA),(NA),(NA),(NA),(NA),(NA),(NA),(NA),(NA),(NA),(NA),(NA),(NA),(NA),(NA),(NA),(NA),(NA),(NA),(NA),(NA),(NA),(NA),(NA),(NA),(NA),(NA),(NA),(NA),(NA),236724,261045,288255,316153,328621,359654,363223,382860,374937,375119,412565,456304,473675,501997,504962,543035,579498,615762,610954,668079,717159
 "08014","Broomfield, CO*",7,CAINC4,61,"..."," Employer contributions for employee pension and insurance funds 8/","Thousands of dollars",(NA),(NA),(NA),(NA),(NA),(NA),(NA),(NA),(NA),(NA),(NA),(NA),(NA),(NA),(NA),(NA),(NA),(NA),(NA),(NA),(NA),(NA),(NA),(NA),(NA),(NA),(NA),(NA),(NA),(NA),(NA),(NA),(NA),146915,167148,179956,198504,203906,223146,218022,241406,233465,225094,252090,286359,295444,307048,302310,331393,354511,377549,369398,411412,422740
 "08014","Broomfield, CO*",7,CAINC4,62,"..."," Employer contributions for government social insurance ","Thousands of dollars",(NA),(NA),(NA),(NA),(NA),(NA),(NA),(NA),(NA),(NA),(NA),(NA),(NA),(NA),(NA),(NA),(NA),(NA),(NA),(NA),(NA),(NA),(NA),(NA),(NA),(NA),(NA),(NA),(NA),(NA),(NA),(NA),(NA),89809,93897,108299,117649,124715,136508,145201,141454,141472,150025,160475,169945,178231,194949,202652,211642,224987,238213,241556,256667,294419
 "08014","Broomfield, CO*",7,CAINC4,70,"...","Proprietors' income 9/","Thousands of dollars",(NA),(NA),(NA),(NA),(NA),(NA),(NA),(NA),(NA),(NA),(NA),(NA),(NA),(NA),(NA),(NA),(NA),(NA),(NA),(NA),(NA),(NA),(NA),(NA),(NA),(NA),(NA),(NA),(NA),(NA),(NA),(NA),(NA),56315,72943,110156,133002,196811,183455,148973,156468,195893,241505,258561,281478,219907,219412,277058,368300,345243,348051,320952,465790,554575
 "08014","Broomfield, CO*",7,CAINC4,71,"..."," Farm proprietors' income ","Thousands of dollars",(NA),(NA),(NA),(NA),(NA),(NA),(NA),(NA),(NA),(NA),(NA),(NA),(NA),(NA),(NA),(NA),(NA),(NA),(NA),(NA),(NA),(NA),(NA),(NA),(NA),(NA),(NA),(NA),(NA),(NA),(NA),(NA),(NA),30,-144,67,146,181,346,374,353,51,349,97,-111,-85,-102,-207,-272,-242,-220,-379,-238,-534
 "08014","Broomfield, CO*",7,CAINC4,72,"..."," Nonfarm proprietors' income ","Thousands of dollars",(NA),(NA),(NA),(NA),(NA),(NA),(NA),(NA),(NA),(NA),(NA),(NA),(NA),(NA),(NA),(NA),(NA),(NA),(NA),(NA),(NA),(NA),(NA),(NA),(NA),(NA),(NA),(NA),(NA),(NA),(NA),(NA),(NA),56285,73087,110089,132856,196630,183109,148599,156115,195842,241156,258464,281589,219992,219514,277265,368572,345485,348271,321331,466028,555109
 "08014","Broomfield, CO*",7,CAINC4,7010,"...","Total employment ","Number of jobs",(NA),(NA),(NA),(NA),(NA),(NA),(NA),(NA),(NA),(NA),(NA),(NA),(NA),(NA),(NA),(NA),(NA),(NA),(NA),(NA),(NA),(NA),(NA),(NA),(NA),(NA),(NA),(NA),(NA),(NA),(NA),(NA),(NA),32328,33202,35548,37649,39100,40941,41245,40496,40458,41130,42693,45106,46582,48579,49157,50678,53033,53887,52743,54797,58497
 "08014","Broomfield, CO*",7,CAINC4,7020,"..."," Wage and salary employment ","Number of jobs",(NA),(NA),(NA),(NA),(NA),(NA),(NA),(NA),(NA),(NA),(NA),(NA),(NA),(NA),(NA),(NA),(NA),(NA),(NA),(NA),(NA),(NA),(NA),(NA),(NA),(NA),(NA),(NA),(NA),(NA),(NA),(NA),(NA),26483,26941,28877,30370,31399,32839,32796,31582,31478,31816,33383,35465,36002,37573,38599,39558,41317,42304,40553,41415,44075
 "08014","Broomfield, CO*",7,CAINC4,7040,"..."," Proprietors employment ","Number of jobs",(NA),(NA),(NA),(NA),(NA),(NA),(NA),(NA),(NA),(NA),(NA),(NA),(NA),(NA),(NA),(NA),(NA),(NA),(NA),(NA),(NA),(NA),(NA),(NA),(NA),(NA),(NA),(NA),(NA),(NA),(NA),(NA),(NA),5845,6261,6671,7279,7701,8102,8449,8914,8980,9314,9310,9641,10580,11006,10558,11120,11716,11583,12190,13382,14422
 "08015","Chaffee, CO",7,CAINC4,10,"...","Personal income (thousands of dollars) ","Thousands of dollars",29707,35861,39929,43676,50453,58027,66925,75296,84180,95438,110695,125600,137635,134509,130670,144196,149119,153489,154471,157600,166493,174175,187158,197202,210799,228310,255477,273109,288779,316371,341368,364057,386460,391327,402636,422175,446271,478850,518374,539322,548452,552891,595003,611922,641086,703711,749602,800787,850418,927978,1008334,1094482,1235869,1305609
 "08015","Chaffee, CO",7,CAINC4,11,"..."," Nonfarm personal income 1/","Thousands of dollars",30142,35392,39677,43460,49933,57311,65790,74320,83628,94792,109681,124433,137145,134071,130201,143914,148772,153468,153801,157190,166586,174698,187786,197504,211027,229022,256057,273766,289151,316490,340859,363268,385099,389687,401732,419867,444414,478033,517534,538778,547045,551778,592908,610569,638263,700644,744758,796466,845396,923604,1004992,1089465,1232088,1301108
 "08015","Chaffee, CO",7,CAINC4,12,"..."," Farm income 2/","Thousands of dollars",-435,469,252,216,520,716,1135,976,552,646,1014,1167,490,438,469,282,347,21,670,410,-93,-523,-628,-302,-228,-712,-580,-657,-372,-119,509,789,1361,1640,904,2308,1857,817,840,544,1407,1113,2095,1353,2823,3067,4844,4321,5022,4374,3342,5017,3781,4501
 "08015","Chaffee, CO",7,CAINC4,20,"...","Population (persons) 3/","Number of persons",10103,10273,10810,11340,11595,11747,12131,12109,12563,12567,13013,13270,13410,13337,13026,12699,12819,12671,12682,12637,12741,12696,12788,13036,13550,13930,14398,14892,15195,15431,16026,16337,16488,16844,16921,17047,17105,17087,17377,17573,17852,17785,17915,17947,18060,18058,18121,18514,18954,19205,19343,19477,19711,20223
 "08015","Chaffee, CO",7,CAINC4,30,"...","Per capita personal income (dollars) 4/","Dollars",2940,3491,3694,3851,4351,4940,5517,6218,6701,7594,8506,9465,10264,10085,10031,11355,11633,12113,12180,12471,13067,13719,14635,15127,15557,16390,17744,18339,19005,20502,21301,22284,23439,23232,23795,24765,26090,28024,29831,30690,30722,31087,33213,34096,35498,38969,41366,43253,44867,48320,52129,56194,62699,64561
 "08015","Chaffee, CO",7,CAINC4,35,"...","Earnings by place of work ","Thousands of dollars",15291,18686,21387,24533,28435,31660,34487,39904,42904,48874,55614,61652,64711,65283,67417,74877,75910,82089,86050,85911,89949,94295,104999,111800,119200,131393,142649,150505,163170,180832,197328,210599,230843,241813,244824,252458,265190,278833,287464,300580,302442,301666,307391,322103,345857,375100,400547,435306,463552,511454,539836,565404,621605,679632
 "08015","Chaffee, CO",7,CAINC4,36,"...","Less: Contributions for government social insurance 5/","Thousands of dollars",857,954,1116,1363,1791,2083,2158,2526,2782,3218,3897,4554,5230,5319,5579,6512,6765,7580,7641,7915,8748,9444,10968,11586,12786,14326,15668,16376,17266,17383,18911,19853,21931,24053,24835,26271,28454,30218,31507,33002,33061,32854,31427,33159,37554,40505,42976,46798,49685,54732,57684,60352,66538,75092
 "08015","Chaffee, CO",7,CAINC4,37,"..."," Employee and self-employed contributions for government social insurance ","Thousands of dollars",497,552,639,762,981,1114,1151,1301,1430,1619,1968,2287,2635,2758,2850,3291,3568,3973,4042,4346,4857,5112,5913,6234,6832,7727,8480,8771,9282,9939,10664,11124,12248,12804,13193,13974,15020,16241,17299,18212,18958,18827,15947,16657,21068,22399,23950,26528,28263,31938,33894,35567,38638,43737
 "08015","Chaffee, CO",7,CAINC4,38,"..."," Employer contributions for government social insurance ","Thousands of dollars",360,402,477,601,810,969,1007,1225,1352,1599,1929,2267,2595,2561,2729,3221,3197,3607,3599,3569,3891,4332,5055,5352,5954,6599,7188,7605,7984,7444,8247,8729,9683,11249,11642,12297,13434,13977,14208,14790,14103,14027,15480,16502,16486,18106,19026,20270,21422,22794,23790,24785,27900,31355
 "08015","Chaffee, CO",7,CAINC4,42,"...","Plus: Adjustment for residence 6/","Thousands of dollars",6662,7888,7941,7299,8572,10564,13371,14675,17927,20043,24752,27813,29733,19116,7517,9056,8719,5430,3208,1512,2511,3200,3156,1993,1130,380,428,-17,-447,-651,-1605,-1676,-3330,-4974,-6097,-6977,-8678,-10367,-12076,-13673,-10406,-7031,-4758,-1365,1682,1698,1609,803,707,679,1075,1684,535,1351
 "08015","Chaffee, CO",7,CAINC4,45,"...","Equals: Net earnings by place of residence ","Thousands of dollars",21096,25620,28212,30469,35216,40141,45700,52053,58049,65699,76469,84911,89214,79080,69355,77421,77864,79939,81617,79508,83712,88051,97187,102207,107544,117447,127409,134112,145457,162798,176812,189070,205582,212786,213892,219210,228058,238248,243881,253905,258975,261781,271206,287579,309985,336293,359180,389311,414574,457401,483227,506736,555602,605891
 "08015","Chaffee, CO",7,CAINC4,46,"...","Plus: Dividends, interest, and rent 7/","Thousands of dollars",5280,6307,7171,8005,9136,10627,12435,13748,15776,18632,21772,26342,31026,35076,38499,43648,47507,48750,47075,51898,52930,53901,54321,55565,61460,65508,77674,86792,89865,97218,104194,109465,111185,101922,109152,116953,125539,140576,168881,175518,168453,157898,184850,183117,185880,210686,223539,242131,255391,276039,321604,331989,396340,438460
 "08015","Chaffee, CO",7,CAINC4,47,"...","Plus: Personal current transfer receipts ","Thousands of dollars",3331,3934,4546,5202,6101,7259,8790,9495,10355,11107,12454,14347,17395,20353,22816,23127,23748,24800,25779,26194,29851,32223,35650,39430,41795,45355,50394,52205,53457,56355,60362,65522,69693,76619,79592,86012,92674,100026,105612,109899,121024,133212,138947,141226,145221,156732,166883,169345,180453,194538,203503,255757,283927,261258
 "08015","Chaffee, CO",7,CAINC4,50,"...","Wages and salaries ","Thousands of dollars",10625,12130,14094,16353,19036,21353,22881,26509,28616,32257,37028,42308,45914,46236,46797,51979,52784,58011,60550,59018,62800,67642,75049,77247,81460,89291,98045,105345,112864,123107,136670,146893,156754,162816,166652,169952,180685,191796,199183,210652,207250,206418,214672,227887,239767,256922,270679,289180,308650,336614,356625,373756,420192,460549
 "08015","Chaffee, CO",7,CAINC4,60,"...","Supplements to wages and salaries ","Thousands of dollars",1253,1539,1903,2321,2620,3038,3457,3962,4497,5130,5902,6717,7451,7738,8410,9443,10124,11373,11900,12054,13795,15531,18021,20754,22269,24082,25148,26465,28466,29504,32824,35538,39153,40906,42577,44033,47003,47011,47965,49956,51966,51686,51193,53654,57185,62194,64023,68377,70709,77084,78779,82381,89870,93344
 "08015","Chaffee, CO",7,CAINC4,61,"..."," Employer contributions for employee pension and insurance funds 8/","Thousands of dollars",893,1137,1426,1720,1810,2069,2450,2737,3145,3531,3973,4450,4856,5177,5681,6222,6927,7766,8301,8485,9904,11199,12966,15402,16315,17483,17960,18860,20482,22060,24577,26809,29470,29657,30935,31736,33569,33034,33757,35166,37863,37659,35713,37152,40699,44088,44997,48107,49287,54290,54989,57596,61970,61989
 "08015","Chaffee, CO",7,CAINC4,62,"..."," Employer contributions for government social insurance ","Thousands of dollars",360,402,477,601,810,969,1007,1225,1352,1599,1929,2267,2595,2561,2729,3221,3197,3607,3599,3569,3891,4332,5055,5352,5954,6599,7188,7605,7984,7444,8247,8729,9683,11249,11642,12297,13434,13977,14208,14790,14103,14027,15480,16502,16486,18106,19026,20270,21422,22794,23790,24785,27900,31355
 "08015","Chaffee, CO",7,CAINC4,70,"...","Proprietors' income 9/","Thousands of dollars",3413,5017,5390,5859,6779,7269,8149,9433,9791,11487,12684,12627,11346,11309,12210,13455,13002,12705,13600,14839,13354,11122,11929,13799,15471,18020,19456,18695,21840,28221,27834,28168,34936,38091,35595,38473,37502,40026,40316,39972,43226,43562,41526,40562,48905,55984,65845,77749,84193,97756,104432,109267,111543,125739
 "08015","Chaffee, CO",7,CAINC4,71,"..."," Farm proprietors' income ","Thousands of dollars",-691,228,48,18,280,475,878,696,218,214,534,655,-26,-100,-84,-277,-229,-518,136,-140,-635,-1107,-1147,-784,-781,-1397,-1314,-1359,-1204,-1149,-698,-795,-416,-484,-735,776,397,-368,-270,-848,-493,-831,-106,-1496,-364,-2,2245,1333,1827,1219,1028,1643,102,1426
 "08015","Chaffee, CO",7,CAINC4,72,"..."," Nonfarm proprietors' income ","Thousands of dollars",4104,4789,5342,5841,6499,6794,7271,8737,9573,11273,12150,11972,11372,11409,12294,13732,13231,13223,13464,14979,13989,12229,13076,14583,16252,19417,20770,20054,23044,29370,28532,28963,35352,38575,36330,37697,37105,40394,40586,40820,43719,44393,41632,42058,49269,55986,63600,76416,82366,96537,103404,107624,111441,124313
 "08015","Chaffee, CO",7,CAINC4,7010,"...","Total employment ","Number of jobs",3046,3182,3457,3729,3984,4152,4338,4564,4781,4814,5058,5240,5271,5290,5388,5593,5683,5811,5733,5985,6093,6030,6341,6534,6738,7248,7654,8141,8579,8871,9139,9478,9740,9715,9834,9984,10309,10449,10724,10952,10708,10484,10664,10908,11130,11484,11971,12454,12918,13332,13441,13314,14235,14779
 "08015","Chaffee, CO",7,CAINC4,7020,"..."," Wage and salary employment ","Number of jobs",2257,2344,2520,2746,2956,3038,3145,3310,3451,3446,3642,3745,3765,3649,3598,3743,3846,4023,4088,4079,4326,4384,4610,4660,4808,5124,5424,5709,6000,6131,6395,6630,6683,6641,6635,6722,6816,6930,6977,7108,6906,6784,6895,7038,7205,7413,7664,7933,8256,8493,8669,8254,8840,9059
 "08015","Chaffee, CO",7,CAINC4,7040,"..."," Proprietors employment ","Number of jobs",789,838,937,983,1028,1114,1193,1254,1330,1368,1416,1495,1506,1641,1790,1850,1837,1788,1645,1906,1767,1646,1731,1874,1930,2124,2230,2432,2579,2740,2744,2848,3057,3074,3199,3262,3493,3519,3747,3844,3802,3700,3769,3870,3925,4071,4307,4521,4662,4839,4772,5060,5395,5720
 "08017","Cheyenne, CO",7,CAINC4,10,"...","Personal income (thousands of dollars) ","Thousands of dollars",8929,9915,11578,9113,15601,17846,16349,14543,15929,15663,14819,20732,25063,34685,48279,39808,45219,46089,37215,42430,39521,45551,42358,46259,53333,47725,61462,46800,54464,65712,76956,62748,70536,53523,69897,66007,68280,60744,87952,77741,88912,99780,108150,94308,108365,94957,79662,71467,72388,73745,95843,78993,117909,91153
 "08017","Cheyenne, CO",7,CAINC4,11,"..."," Nonfarm personal income 1/","Thousands of dollars",5318,6049,6521,7285,8488,8986,10870,10930,11877,12779,14263,16052,18435,20707,23019,24954,27360,27573,27575,31330,31634,33561,33416,34059,35950,35980,41993,40365,44143,46239,46010,46739,48043,49102,49853,48601,53402,58726,66000,71777,69073,65447,70420,72064,71737,72237,71040,69797,77537,79812,81973,86386,92113,94458
 "08017","Cheyenne, CO",7,CAINC4,12,"..."," Farm income 2/","Thousands of dollars",3611,3866,5057,1828,7113,8860,5479,3613,4052,2884,556,4680,6628,13978,25260,14854,17859,18516,9640,11100,7887,11990,8942,12200,17383,11745,19469,6435,10321,19473,30946,16009,22493,4421,20044,17406,14878,2018,21952,5964,19839,34333,37730,22244,36628,22720,8622,1670,-5149,-6067,13870,-7393,25796,-3305
 "08017","Cheyenne, CO",7,CAINC4,20,"...","Population (persons) 3/","Number of persons",2433,2398,2418,2276,2301,2305,2244,2230,2064,2122,2174,2167,2220,2279,2302,2387,2379,2377,2288,2340,2402,2395,2377,2450,2348,2316,2304,2313,2261,2334,2255,2209,2179,2119,2021,1981,1939,1912,1863,1881,1843,1832,1855,1857,1858,1820,1795,1811,1806,1815,1769,1744,1716,1732
 "08017","Cheyenne, CO",7,CAINC4,30,"...","Per capita personal income (dollars) 4/","Dollars",3670,4135,4788,4004,6780,7742,7286,6522,7718,7381,6816,9567,11290,15219,20973,16677,19008,19390,16265,18132,16453,19019,17820,18881,22714,20607,26676,20233,24088,28154,34127,28406,32371,25259,34585,33320,35214,31770,47210,41330,48243,54465,58302,50785,58323,52174,44380,39463,40082,40631,54179,45294,68712,52629
 "08017","Cheyenne, CO",7,CAINC4,35,"...","Earnings by place of work ","Thousands of dollars",6669,7365,8871,6136,11926,13958,12005,10036,10895,10533,8823,13217,16020,25223,37843,27641,31118,31837,22519,27136,24988,31775,29698,32789,38493,33061,44812,29626,38388,51723,62703,48747,56317,38540,55278,52966,55677,49153,72825,58731,69446,81878,86742,71389,87141,73187,58347,48071,47381,46086,66033,45984,80972,55777
 "08017","Cheyenne, CO",7,CAINC4,36,"...","Less: Contributions for government social insurance 5/","Thousands of dollars",164,185,211,251,323,367,468,469,507,555,633,695,836,1013,1123,1201,1273,1274,1223,1494,1676,2042,2245,2138,2212,2238,2661,2353,2763,2757,2717,2808,3152,3226,3385,3503,3891,4041,4518,4821,4680,4567,4308,4327,4837,4798,4752,4761,5142,5106,5331,5619,5772,6462
 "08017","Cheyenne, CO",7,CAINC4,37,"..."," Employee and self-employed contributions for government social insurance ","Thousands of dollars",94,105,115,137,172,187,236,222,237,259,302,335,404,503,558,596,658,679,655,841,958,1084,1171,1126,1180,1192,1391,1300,1562,1712,1662,1695,1728,1730,1782,1844,2108,2390,2769,2810,2784,2605,2173,2168,2579,2558,2567,2492,2744,2861,2972,3082,3124,3450
 "08017","Cheyenne, CO",7,CAINC4,38,"..."," Employer contributions for government social insurance ","Thousands of dollars",70,80,96,114,151,180,232,247,270,296,331,360,432,510,565,605,615,595,568,653,718,958,1074,1012,1032,1046,1270,1053,1201,1045,1055,1113,1424,1496,1603,1659,1783,1651,1749,2011,1896,1962,2135,2159,2258,2240,2185,2269,2398,2245,2359,2537,2648,3012
 "08017","Cheyenne, CO",7,CAINC4,42,"...","Plus: Adjustment for residence 6/","Thousands of dollars",-78,-88,-99,-131,-161,-193,-363,-414,-683,-985,-1013,-1001,-560,-731,-853,-914,-1041,-1058,-966,-1124,-1485,-2387,-2696,-2513,-2419,-2462,-3123,-2866,-3627,-3985,-3745,-4276,-4643,-4354,-4402,-4105,-4158,-4027,-4181,-4598,-4404,-4053,-4025,-3805,-4336,-4241,-3405,-2996,-3287,-3280,-4137,-4008,-4344,-5281
 "08017","Cheyenne, CO",7,CAINC4,45,"...","Equals: Net earnings by place of residence ","Thousands of dollars",6427,7092,8561,5754,11442,13398,11174,9153,9705,8993,7177,11521,14624,23479,35867,25526,28804,29505,20330,24518,21827,27346,24757,28138,33862,28361,39028,24407,31998,44981,56241,41663,48522,30960,47491,45358,47628,41085,64126,49312,60362,73258,78409,63257,77968,64148,50190,40314,38952,37700,56565,36357,70856,44034
 "08017","Cheyenne, CO",7,CAINC4,46,"...","Plus: Dividends, interest, and rent 7/","Thousands of dollars",1804,1997,2127,2414,2982,3139,3726,3796,4348,4777,5435,6552,7431,7781,8929,10558,12479,12426,12690,13570,12963,13248,12370,11842,12890,12396,14626,14318,14279,13486,12643,13221,13809,12817,13081,11168,10412,9144,12170,16104,16271,13291,17203,18772,17977,17948,15700,16026,18051,19261,20466,19579,21251,22680
 "08017","Cheyenne, CO",7,CAINC4,47,"...","Plus: Personal current transfer receipts ","Thousands of dollars",698,826,890,945,1177,1309,1449,1594,1876,1893,2207,2659,3008,3425,3483,3724,3936,4158,4195,4342,4731,4957,5231,6279,6581,6968,7808,8075,8187,7245,8072,7864,8205,9746,9325,9481,10240,10515,11656,12325,12279,13231,12538,12279,12420,12861,13772,15127,15385,16784,18812,23057,25802,24439
 "08017","Cheyenne, CO",7,CAINC4,50,"...","Wages and salaries ","Thousands of dollars",2348,2620,2754,3083,3618,3967,5062,5047,5531,6295,6803,7193,7934,9025,9480,9507,9640,9268,8837,10147,10967,13698,14821,14184,14041,14552,17964,16194,19513,21075,20151,21885,23722,23685,24402,24671,26465,24728,26463,29975,29313,29809,31433,32163,33347,33556,32808,33090,34320,33826,35532,38396,40256,42015
 "08017","Cheyenne, CO",7,CAINC4,60,"...","Supplements to wages and salaries ","Thousands of dollars",253,291,339,413,476,540,764,800,984,1143,1161,1181,1302,1535,1766,1798,1947,1940,1913,2231,2587,3221,3652,3922,3998,4093,4915,4169,4645,4776,4747,4977,6187,5977,6424,6593,7034,6738,6718,7366,7679,7765,7743,7804,8192,8268,8318,8660,9036,9073,8966,9514,9841,10405
 "08017","Cheyenne, CO",7,CAINC4,61,"..."," Employer contributions for employee pension and insurance funds 8/","Thousands of dollars",183,211,243,299,325,360,532,553,714,847,830,821,870,1025,1201,1193,1332,1345,1345,1578,1869,2263,2578,2910,2966,3047,3645,3116,3444,3731,3692,3864,4763,4481,4821,4934,5251,5087,4969,5355,5783,5803,5608,5645,5934,6028,6133,6391,6638,6828,6607,6977,7193,7393
 "08017","Cheyenne, CO",7,CAINC4,62,"..."," Employer contributions for government social insurance ","Thousands of dollars",70,80,96,114,151,180,232,247,270,296,331,360,432,510,565,605,615,595,568,653,718,958,1074,1012,1032,1046,1270,1053,1201,1045,1055,1113,1424,1496,1603,1659,1783,1651,1749,2011,1896,1962,2135,2159,2258,2240,2185,2269,2398,2245,2359,2537,2648,3012
 "08017","Cheyenne, CO",7,CAINC4,70,"...","Proprietors' income 9/","Thousands of dollars",4068,4454,5778,2640,7832,9451,6179,4189,4380,3095,859,4843,6784,14663,26597,16336,19531,20629,11769,14758,11434,14856,11225,14683,20454,14416,21933,9263,14230,25872,37805,21885,26408,8878,24452,21702,22178,17687,39644,21390,32454,44304,47566,31422,45602,31363,17221,6321,4025,3187,21535,-1926,30875,3357
 "08017","Cheyenne, CO",7,CAINC4,71,"..."," Farm proprietors' income ","Thousands of dollars",3111,3335,4548,1270,6327,8000,4539,2582,2838,1298,-1073,3070,5110,12461,23924,13685,16837,17717,9010,10394,7132,11126,8123,11389,16419,10495,18105,5092,8685,17835,29293,14103,20534,2219,18122,15385,12603,-138,19485,3437,16749,31417,34638,18434,32370,18614,5145,-2328,-9426,-10288,10772,-11914,20872,-7427
 "08017","Cheyenne, CO",7,CAINC4,72,"..."," Nonfarm proprietors' income ","Thousands of dollars",957,1119,1230,1370,1505,1451,1640,1607,1542,1797,1932,1773,1674,2202,2673,2651,2694,2912,2759,4364,4302,3730,3102,3294,4035,3921,3828,4171,5545,8037,8512,7782,5874,6659,6330,6317,9575,17825,20159,17953,15705,12887,12928,12988,13232,12749,12076,8649,13451,13475,10763,9988,10003,10784
 "08017","Cheyenne, CO",7,CAINC4,7010,"...","Total employment ","Number of jobs",1161,1226,1209,1256,1404,1378,1353,1302,1297,1263,1218,1291,1288,1286,1342,1309,1296,1283,1247,1373,1380,1405,1413,1415,1428,1444,1492,1501,1599,1598,1529,1529,1547,1481,1488,1422,1440,1395,1445,1514,1530,1579,1577,1572,1636,1627,1632,1597,1616,1582,1569,1604,1628,1669
 "08017","Cheyenne, CO",7,CAINC4,7020,"..."," Wage and salary employment ","Number of jobs",555,575,571,600,642,657,745,733,752,742,708,776,769,780,819,769,742,723,680,738,762,817,830,831,791,807,849,855,937,970,891,893,894,859,876,818,844,782,775,841,843,867,872,868,864,854,838,830,857,834,842,834,830,845
 "08017","Cheyenne, CO",7,CAINC4,7040,"..."," Proprietors employment ","Number of jobs",606,651,638,656,762,721,608,569,545,521,510,515,519,506,523,540,554,560,567,635,618,588,583,584,637,637,643,646,662,628,638,636,653,622,612,604,596,613,670,673,687,712,705,704,772,773,794,767,759,748,727,770,798,824
 "08019","Clear Creek, CO",7,CAINC4,10,"...","Personal income (thousands of dollars) ","Thousands of dollars",20205,22628,28449,33310,26951,31018,35718,45900,56392,70482,79272,92316,101127,103081,97824,110375,116733,120888,126445,127014,134848,144001,152985,173473,184203,193838,210415,229779,253843,280542,300529,328210,337526,366150,397219,400061,413268,423382,412644,429345,407734,408371,426427,439665,460164,475125,510020,530106,554982,556287,617975,645814,690334,724589
 "08019","Clear Creek, CO",7,CAINC4,11,"..."," Nonfarm personal income 1/","Thousands of dollars",20205,22628,28449,33310,26951,31018,35718,45900,56392,70482,79272,92316,101127,103081,97824,110375,116733,120888,126445,127014,134848,144001,152985,173473,184203,193838,210415,229779,253843,280542,300529,328210,337526,366150,397219,400061,413268,423382,412644,429345,407734,408371,426427,439665,460164,475125,510020,530106,554982,556287,617975,645814,690334,724589
 "08019","Clear Creek, CO",7,CAINC4,12,"..."," Farm income 2/","Thousands of dollars",0,0,0,0,0,0,0,0,0,0,0,0,0,0,0,0,0,0,0,0,0,0,0,0,0,0,0,0,0,0,0,0,0,0,0,0,0,0,0,0,0,0,0,0,0,0,0,0,0,0,0,0,0,0
 "08019","Clear Creek, CO",7,CAINC4,20,"...","Population (persons) 3/","Number of persons",4681,4977,5739,5911,5747,5754,6058,6195,6202,6595,6986,7350,7504,7655,7913,7800,7793,7762,7741,7666,7567,7632,7852,8038,8292,8571,8808,8800,8981,9122,9293,9255,9383,9514,9402,9148,9150,9042,9152,9138,8994,9080,8990,8978,8969,9051,9154,9244,9442,9403,9430,9393,9445,9355
 "08019","Clear Creek, CO",7,CAINC4,30,"...","Per capita personal income (dollars) 4/","Dollars",4316,4547,4957,5635,4690,5391,5896,7409,9093,10687,11347,12560,13476,13466,12362,14151,14979,15574,16334,16568,17821,18868,19484,21582,22215,22616,23889,26111,28264,30754,32339,35463,35972,38485,42248,43732,45166,46824,45088,46985,45334,44975,47433,48971,51306,52494,55716,57346,58778,59161,65533,68755,73090,77455
 "08019","Clear Creek, CO",7,CAINC4,35,"...","Earnings by place of work ","Thousands of dollars",16682,19850,26748,32471,21277,24325,27909,40623,53036,69750,75837,86472,85417,69862,44942,61220,65594,66793,69301,64539,69051,73266,75998,80425,84710,91868,100774,98601,114434,132689,142553,145066,137058,147954,152607,161580,167474,182976,196634,215847,190903,200180,218541,214685,228614,231026,248246,222801,216125,229816,240709,227259,244238,274568
 "08019","Clear Creek, CO",7,CAINC4,36,"...","Less: Contributions for government social insurance 5/","Thousands of dollars",1062,1272,1819,2337,1510,1819,2053,3105,4153,5516,6067,6936,7741,6410,3965,5952,6666,6831,6592,6351,7053,7459,8045,8451,9157,10128,11199,10764,12531,13583,14489,14314,12892,14322,14885,16335,17439,19057,20485,22687,20070,21124,21200,20689,24190,24572,25854,23197,23209,25547,27082,24490,26301,30781
 "08019","Clear Creek, CO",7,CAINC4,37,"..."," Employee and self-employed contributions for government social insurance ","Thousands of dollars",548,646,896,1135,821,969,1075,1595,2096,2782,3174,3658,3898,3227,2014,2841,3260,3379,3313,3184,3523,3802,4097,4281,4514,4962,5440,5254,5961,6468,6710,6709,6907,7454,7674,8317,8720,9786,10757,11980,11021,11370,9864,9655,12887,12992,14062,13101,12914,14341,15184,13297,14119,16617
 "08019","Clear Creek, CO",7,CAINC4,38,"..."," Employer contributions for government social insurance ","Thousands of dollars",514,626,923,1202,689,850,978,1510,2057,2734,2893,3278,3843,3183,1951,3111,3406,3452,3279,3167,3530,3657,3948,4170,4643,5166,5759,5510,6570,7115,7779,7605,5985,6868,7211,8018,8719,9271,9728,10707,9049,9754,11336,11034,11303,11580,11792,10096,10295,11206,11898,11193,12182,14164
 "08019","Clear Creek, CO",7,CAINC4,42,"...","Plus: Adjustment for residence 6/","Thousands of dollars",1005,-120,-1283,-2051,1265,1433,1667,-58,-1576,-4069,-2664,-1504,6315,18371,33387,30768,32373,34023,35613,40100,42055,47208,51610,64479,67654,67439,70118,87747,95738,101100,109427,128836,135977,146755,158749,155929,153993,142188,112425,93617,103136,87549,79294,91609,91438,98759,105286,133377,147542,141009,165653,177071,177511,177042
 "08019","Clear Creek, CO",7,CAINC4,45,"...","Equals: Net earnings by place of residence ","Thousands of dollars",16625,18458,23646,28083,21032,23939,27523,37460,47307,60165,67106,78032,83991,81823,74364,86036,91301,93985,98322,98288,104053,113015,119563,136453,143207,149179,159693,175584,197641,220206,237491,259588,260143,280387,296471,301174,304028,306107,288574,286777,273969,266605,276635,285605,295862,305213,327678,332981,340458,345278,379280,379840,395448,420829
 "08019","Clear Creek, CO",7,CAINC4,46,"...","Plus: Dividends, interest, and rent 7/","Thousands of dollars",2462,2812,3274,3592,4155,5016,5809,5917,6173,7095,8549,10020,11932,14352,15579,17508,18637,19884,20783,21053,21958,21313,22556,24119,26973,29682,34308,37065,39042,43392,45185,49174,55905,61695,76304,73030,81257,87372,92366,104957,91230,93053,99705,105363,113674,115020,121687,132225,146027,138457,166178,165248,190635,214591
 "08019","Clear Creek, CO",7,CAINC4,47,"...","Plus: Personal current transfer receipts ","Thousands of dollars",1118,1358,1529,1635,1764,2063,2386,2523,2912,3222,3617,4264,5204,6906,7881,6831,6795,7019,7340,7673,8837,9673,10866,12901,14023,14977,16414,17130,17160,16944,17853,19448,21478,24068,24444,25857,27983,29903,31704,37611,42535,48713,50087,48697,50628,54892,60655,64900,68497,72552,72517,100726,104251,89169
 "08019","Clear Creek, CO",7,CAINC4,50,"...","Wages and salaries ","Thousands of dollars",12151,14856,20543,24862,14277,16411,18978,30370,40497,53652,58182,66474,65447,52455,31991,45042,49315,50080,50056,46735,49558,51582,53996,55473,57446,62323,69651,68193,77316,82923,88132,90253,88712,96318,100436,109185,114938,126255,138035,155902,130069,139731,158666,153516,163113,162278,166718,143529,144415,158729,171088,160756,175167,202682
 "08019","Clear Creek, CO",7,CAINC4,60,"...","Supplements to wages and salaries ","Thousands of dollars",1237,1509,2134,2664,1819,2325,3038,4569,6911,9862,11436,13751,14296,11455,5998,8883,9087,9266,10136,9503,11063,12581,13218,14644,15601,16663,18016,17615,21191,26590,31146,32281,20017,21344,23315,25035,25887,27383,28603,31821,28851,30325,30803,31500,33624,33977,34473,30026,30256,33622,34057,33125,35445,38486
 "08019","Clear Creek, CO",7,CAINC4,61,"..."," Employer contributions for employee pension and insurance funds 8/","Thousands of dollars",723,883,1211,1462,1130,1475,2060,3059,4854,7128,8543,10473,10453,8272,4047,5772,5681,5814,6857,6336,7533,8924,9270,10474,10958,11497,12257,12105,14621,19475,23367,24676,14032,14476,16104,17017,17168,18112,18875,21114,19802,20571,19467,20466,22321,22397,22681,19930,19961,22416,22159,21932,23263,24322
 "08019","Clear Creek, CO",7,CAINC4,62,"..."," Employer contributions for government social insurance ","Thousands of dollars",514,626,923,1202,689,850,978,1510,2057,2734,2893,3278,3843,3183,1951,3111,3406,3452,3279,3167,3530,3657,3948,4170,4643,5166,5759,5510,6570,7115,7779,7605,5985,6868,7211,8018,8719,9271,9728,10707,9049,9754,11336,11034,11303,11580,11792,10096,10295,11206,11898,11193,12182,14164
 "08019","Clear Creek, CO",7,CAINC4,70,"...","Proprietors' income 9/","Thousands of dollars",3294,3485,4071,4945,5181,5589,5893,5684,5628,6236,6219,6247,5674,5952,6953,7295,7192,7447,9109,8301,8430,9103,8784,10308,11663,12882,13107,12793,15927,23176,23275,22532,28329,30292,28856,27360,26649,29338,29996,28124,31983,30124,29072,29669,31877,34771,47055,49246,41454,37465,35564,33378,33626,33400
 "08019","Clear Creek, CO",7,CAINC4,71,"..."," Farm proprietors' income ","Thousands of dollars",0,0,0,0,0,0,0,0,0,0,0,0,0,0,0,0,0,0,0,0,0,0,0,0,0,0,0,0,0,0,0,0,0,0,0,0,0,0,0,0,0,0,0,0,0,0,0,0,0,0,0,0,0,0
 "08019","Clear Creek, CO",7,CAINC4,72,"..."," Nonfarm proprietors' income ","Thousands of dollars",3294,3485,4071,4945,5181,5589,5893,5684,5628,6236,6219,6247,5674,5952,6953,7295,7192,7447,9109,8301,8430,9103,8784,10308,11663,12882,13107,12793,15927,23176,23275,22532,28329,30292,28856,27360,26649,29338,29996,28124,31983,30124,29072,29669,31877,34771,47055,49246,41454,37465,35564,33378,33626,33400
 "08019","Clear Creek, CO",7,CAINC4,7010,"...","Total employment ","Number of jobs",2121,2320,2742,3025,2308,2419,2558,3264,3733,4313,4350,4451,3986,3674,2744,3511,3772,3920,3932,3163,3409,3428,3540,3790,3937,4099,4004,4019,4251,5193,5802,5811,3973,4067,4130,4166,4183,4251,4396,4533,4317,4288,4322,4275,4273,4284,4244,4840,4936,5075,5129,4826,5136,5537
 "08019","Clear Creek, CO",7,CAINC4,7020,"..."," Wage and salary employment ","Number of jobs",1847,2023,2430,2694,1924,1999,2107,2808,3257,3826,3811,3859,3400,2960,1967,2508,2567,2501,2365,2217,2444,2538,2551,2628,2704,2703,2917,2928,2995,3174,3163,3080,3009,3155,3241,3233,3254,3365,3471,3571,3323,3318,3317,3251,3268,3261,3159,3002,3128,3237,3364,2952,3145,3418
 "08019","Clear Creek, CO",7,CAINC4,7040,"..."," Proprietors employment ","Number of jobs",274,297,312,331,384,420,451,456,476,487,539,592,586,714,777,1003,1205,1419,1567,946,965,890,989,1162,1233,1396,1087,1091,1256,2019,2639,2731,964,912,889,933,929,886,925,962,994,970,1005,1024,1005,1023,1085,1838,1808,1838,1765,1874,1991,2119
 "08021","Conejos, CO",7,CAINC4,10,"...","Personal income (thousands of dollars) ","Thousands of dollars",13312,16095,17326,20355,19313,23329,26445,27588,28334,30813,35078,39625,42149,43564,49080,51959,56609,54897,59733,63445,68008,75220,78900,86756,93655,97186,107064,111431,119071,123875,130191,136083,146582,146769,159996,167453,170897,174107,182443,193300,199743,202676,217649,219450,223428,236707,258203,258436,266112,284173,288876,307011,345123,328167
 "08021","Conejos, CO",7,CAINC4,11,"..."," Nonfarm personal income 1/","Thousands of dollars",11205,12485,13891,15294,17732,19949,23244,24896,26062,29234,33870,38042,41322,44280,46684,50068,52505,55222,57884,60637,62979,67687,72593,78263,85316,91357,102006,105958,113306,119078,127243,134189,141450,145864,156014,162355,166634,172790,177855,184660,187249,198216,201100,210040,212495,217106,231719,241555,244868,261800,263251,285441,313214,318336
 "08021","Conejos, CO",7,CAINC4,12,"..."," Farm income 2/","Thousands of dollars",2107,3610,3435,5061,1581,3380,3201,2692,2272,1579,1208,1583,827,-716,2396,1891,4104,-325,1849,2808,5029,7533,6307,8493,8339,5829,5058,5473,5765,4797,2948,1894,5132,905,3982,5098,4263,1317,4588,8640,12494,4460,16549,9410,10933,19601,26484,16881,21244,22373,25625,21570,31909,9831
 "08021","Conejos, CO",7,CAINC4,20,"...","Population (persons) 3/","Number of persons",7797,7839,7829,7867,7928,8032,8106,7920,7962,7847,7787,7764,7629,7671,7789,7743,7592,7614,7607,7567,7494,7479,7545,7506,7617,7789,7888,7995,8056,8205,8336,8401,8350,8358,8310,8353,8337,8256,8217,8200,8140,8294,8204,8091,7975,7937,7710,7626,7653,7600,7550,7458,7578,7579
 "08021","Conejos, CO",7,CAINC4,30,"...","Per capita personal income (dollars) 4/","Dollars",1707,2053,2213,2587,2436,2905,3262,3483,3559,3927,4505,5104,5525,5679,6301,6710,7456,7210,7852,8384,9075,10057,10457,11558,12296,12477,13573,13938,14780,15098,15618,16198,17555,17560,19253,20047,20499,21089,22203,23573,24538,24436,26530,27123,28016,29823,33489,33889,34772,37391,38262,41165,45543,43300
 "08021","Conejos, CO",7,CAINC4,35,"...","Earnings by place of work ","Thousands of dollars",8232,10229,11088,13554,11592,13968,15369,15842,15556,16323,17828,19044,19649,18761,22287,23793,27331,24041,28226,31667,33393,38326,38794,42610,46313,45551,48613,50589,55234,55304,57344,59456,61369,59255,66573,69675,69838,66083,68771,70758,74874,71008,86873,88296,92395,99410,108129,109022,113467,121782,118998,122815,138487,125986
 "08021","Conejos, CO",7,CAINC4,36,"...","Less: Contributions for government social insurance 5/","Thousands of dollars",364,389,455,527,728,808,917,981,1000,1101,1299,1395,1620,1691,1745,1975,2125,2218,2393,2771,2941,3200,3528,3674,4114,4457,4898,4964,5306,4957,5286,5594,5568,5919,6211,6529,6884,7024,7414,7386,7502,7917,7635,8281,9032,9185,9396,10351,10673,11458,11580,12844,13305,15034
 "08021","Conejos, CO",7,CAINC4,37,"..."," Employee and self-employed contributions for government social insurance ","Thousands of dollars",201,216,249,284,376,414,468,484,496,550,646,701,811,876,884,1026,1159,1246,1343,1601,1734,1823,2032,2109,2377,2523,2817,2838,3072,3004,3187,3313,3313,3432,3647,3955,4175,4291,4497,4462,4648,4952,4524,4894,5540,5515,5815,6567,6681,7455,7473,8185,8460,9587
 "08021","Conejos, CO",7,CAINC4,38,"..."," Employer contributions for government social insurance ","Thousands of dollars",163,173,206,243,352,394,449,497,504,551,653,694,809,815,861,949,966,972,1050,1170,1207,1377,1496,1565,1737,1934,2081,2126,2234,1953,2099,2281,2255,2487,2564,2574,2709,2733,2917,2924,2854,2965,3111,3387,3492,3670,3581,3784,3992,4003,4107,4659,4845,5447
 "08021","Conejos, CO",7,CAINC4,42,"...","Plus: Adjustment for residence 6/","Thousands of dollars",690,746,896,1030,1184,1580,2144,2572,3043,3796,4698,5324,5523,5399,5301,5045,5394,5572,5331,5665,6419,6946,7943,9126,10740,12679,14041,15556,17211,18785,20401,22184,25489,27753,29670,33162,35336,38697,40760,45167,45708,45013,42896,42054,41580,40401,45361,46574,46734,50184,51003,51226,54671,59235
 "08021","Conejos, CO",7,CAINC4,45,"...","Equals: Net earnings by place of residence ","Thousands of dollars",8558,10586,11529,14057,12048,14740,16596,17433,17599,19018,21227,22973,23552,22469,25843,26863,30600,27395,31164,34561,36871,42072,43209,48062,52939,53773,57756,61181,67139,69132,72459,76046,81290,81089,90032,96308,98290,97756,102117,108539,113080,108104,122134,122069,124943,130626,144094,145245,149528,160508,158421,161197,179853,170187
 "08021","Conejos, CO",7,CAINC4,46,"...","Plus: Dividends, interest, and rent 7/","Thousands of dollars",1530,1724,1847,2118,2640,2865,3261,3310,3609,4209,5125,6063,6748,8095,9203,10273,10819,11284,11707,11652,12216,12642,12988,12978,13469,14772,16398,17109,17474,18045,17664,18399,19950,18723,19801,19123,18417,18182,20981,28586,28077,29446,29472,28939,28685,29442,31681,30683,32305,33460,38212,37114,38281,39993
 "08021","Conejos, CO",7,CAINC4,47,"...","Plus: Personal current transfer receipts ","Thousands of dollars",3224,3785,3950,4180,4625,5724,6588,6845,7126,7586,8726,10589,11849,13000,14034,14823,15190,16218,16862,17232,18921,20506,22703,25716,27247,28641,32910,33141,34458,36698,40068,41638,45342,46957,50163,52022,54190,58169,59345,56175,58586,65126,66043,68442,69800,76639,82428,82508,84279,90205,92243,108700,126989,117987
 "08021","Conejos, CO",7,CAINC4,50,"...","Wages and salaries ","Thousands of dollars",5259,5598,6168,6721,8177,8641,9889,10586,10867,12337,13944,14756,15784,16134,16164,16896,17246,17069,18556,19532,19572,21308,22432,22724,24609,26672,29040,30050,31526,32232,34172,38099,36281,37073,38088,37628,38743,39084,40960,40521,40558,41822,42624,46142,48018,48939,47468,50032,51490,54025,55658,61537,66379,70558
 "08021","Conejos, CO",7,CAINC4,60,"...","Supplements to wages and salaries ","Thousands of dollars",554,618,746,920,1127,1229,1401,1514,1605,1792,2122,2249,2548,2682,2863,3035,3249,3382,3774,4117,4508,5229,5674,6406,7079,7494,7921,8095,8348,8172,9035,9806,9982,10080,10882,11009,11259,11285,11642,11575,11780,12002,11586,12324,12999,13549,13385,14232,14594,15290,15108,16436,16736,17703
 "08021","Conejos, CO",7,CAINC4,61,"..."," Employer contributions for employee pension and insurance funds 8/","Thousands of dollars",391,445,540,677,775,835,952,1017,1101,1241,1469,1555,1739,1867,2002,2086,2283,2410,2724,2947,3301,3852,4178,4841,5342,5560,5840,5969,6114,6219,6936,7525,7727,7593,8318,8435,8550,8552,8725,8651,8926,9037,8475,8937,9507,9879,9804,10448,10602,11287,11001,11777,11891,12256
 "08021","Conejos, CO",7,CAINC4,62,"..."," Employer contributions for government social insurance ","Thousands of dollars",163,173,206,243,352,394,449,497,504,551,653,694,809,815,861,949,966,972,1050,1170,1207,1377,1496,1565,1737,1934,2081,2126,2234,1953,2099,2281,2255,2487,2564,2574,2709,2733,2917,2924,2854,2965,3111,3387,3492,3670,3581,3784,3992,4003,4107,4659,4845,5447
 "08021","Conejos, CO",7,CAINC4,70,"...","Proprietors' income 9/","Thousands of dollars",2419,4013,4174,5913,2288,4098,4079,3742,3084,2194,1762,2039,1317,-55,3260,3862,6836,3590,5896,8018,9313,11789,10688,13480,14625,11385,11652,12444,15360,14900,14137,11551,15106,12102,17603,21038,19836,15714,16169,18662,22536,17184,32663,29830,31378,36922,47276,44758,47383,52467,48232,44842,55372,37725
 "08021","Conejos, CO",7,CAINC4,71,"..."," Farm proprietors' income ","Thousands of dollars",1056,2519,2435,3996,231,1955,1765,1188,559,-675,-1224,-924,-1578,-3211,189,-85,2297,-1835,523,1332,3457,5734,4607,6845,6489,3569,2707,3266,3203,2456,788,-438,2925,-1354,1907,2784,1584,-1346,1430,5538,8906,1226,13236,5455,6519,15324,22873,12729,16803,18007,22414,16903,26834,5564
 "08021","Conejos, CO",7,CAINC4,72,"..."," Nonfarm proprietors' income ","Thousands of dollars",1363,1494,1739,1917,2057,2143,2314,2554,2525,2869,2986,2963,2895,3156,3071,3947,4539,5425,5373,6686,5856,6055,6081,6635,8136,7816,8945,9178,12157,12444,13349,11989,12181,13456,15696,18254,18252,17060,14739,13124,13630,15958,19427,24375,24859,21598,24403,32029,30580,34460,25818,27939,28538,32161
 "08021","Conejos, CO",7,CAINC4,7010,"...","Total employment ","Number of jobs",2217,2186,2165,2227,2451,2437,2538,2534,2493,2498,2470,2496,2495,2388,2408,2405,2368,2381,2444,2559,2566,2672,2668,2637,2692,2770,2833,2921,2983,2949,3008,3067,3159,3059,3108,3008,3026,2959,3093,3025,3006,3065,3043,3156,3207,3173,3240,3282,3322,3358,3285,3442,3523,3648
 "08021","Conejos, CO",7,CAINC4,7020,"..."," Wage and salary employment ","Number of jobs",1419,1439,1434,1502,1694,1642,1699,1663,1644,1690,1665,1673,1666,1565,1564,1539,1493,1506,1577,1585,1569,1664,1645,1604,1635,1675,1719,1762,1797,1777,1807,1836,1699,1641,1681,1601,1568,1553,1568,1515,1461,1497,1479,1559,1583,1575,1617,1632,1690,1683,1687,1701,1729,1792
 "08021","Conejos, CO",7,CAINC4,7040,"..."," Proprietors employment ","Number of jobs",798,747,731,725,757,795,839,871,849,808,805,823,829,823,844,866,875,875,867,974,997,1008,1023,1033,1057,1095,1114,1159,1186,1172,1201,1231,1460,1418,1427,1407,1458,1406,1525,1510,1545,1568,1564,1597,1624,1598,1623,1650,1632,1675,1598,1741,1794,1856
 "08023","Costilla, CO",7,CAINC4,10,"...","Personal income (thousands of dollars) ","Thousands of dollars",5142,5706,6064,7279,7951,8788,10071,11236,11830,14223,16077,19627,22030,22124,29296,32716,33344,30135,29311,31736,33020,38837,41557,45230,48940,50778,55270,59081,58941,62783,67596,70361,74247,78035,74305,73560,76648,79633,83306,84153,88239,87384,98016,94659,97452,100121,109657,113787,117277,123567,129222,138338,147919,142574
 "08023","Costilla, CO",7,CAINC4,11,"..."," Nonfarm personal income 1/","Thousands of dollars",4076,4624,5195,6361,7017,7679,8296,9265,9896,11030,11981,14100,16665,18764,21257,24667,26172,27322,27168,28720,30338,34971,38443,42581,44727,47087,51363,53405,54182,55244,59464,62083,64903,65625,68874,67141,69127,73572,76017,76711,81704,84480,87997,89383,90084,93076,102456,110302,114704,119767,124941,135175,142854,146094
 "08023","Costilla, CO",7,CAINC4,12,"..."," Farm income 2/","Thousands of dollars",1066,1082,869,918,934,1109,1775,1971,1934,3193,4096,5527,5365,3360,8039,8049,7172,2813,2143,3016,2682,3866,3114,2649,4213,3691,3907,5676,4759,7539,8132,8278,9344,12410,5431,6419,7521,6061,7289,7442,6535,2904,10019,5276,7368,7045,7201,3485,2573,3800,4281,3163,5065,-3520
 "08023","Costilla, CO",7,CAINC4,20,"...","Population (persons) 3/","Number of persons",3081,3074,3064,3238,3208,3113,3142,3120,3173,3238,3151,3067,3045,3131,3217,3360,3320,3228,3217,3217,3215,3183,3262,3202,3225,3286,3399,3576,3605,3644,3601,3675,3619,3639,3645,3656,3562,3571,3567,3532,3481,3519,3591,3514,3417,3398,3376,3448,3471,3475,3499,3501,3595,3603
 "08023","Costilla, CO",7,CAINC4,30,"...","Per capita personal income (dollars) 4/","Dollars",1669,1856,1979,2248,2478,2823,3205,3601,3728,4393,5102,6399,7235,7066,9107,9737,10043,9336,9111,9865,10271,12201,12740,14126,15175,15453,16261,16522,16350,17229,18771,19146,20516,21444,20385,20120,21518,22300,23355,23826,25349,24832,27295,26938,28520,29465,32481,33001,33788,35559,36931,39514,41146,39571
 "08023","Costilla, CO",7,CAINC4,35,"...","Earnings by place of work ","Thousands of dollars",3309,3386,3423,4424,4454,4503,5288,6210,6398,8150,9174,11506,11242,9883,15268,16418,16045,11405,10974,14740,13617,18064,19288,21535,24155,24508,25500,27131,24059,26565,28378,29265,30652,35263,29434,30302,31274,30360,32801,32308,34895,32447,41099,36180,41656,42287,47414,46601,48550,52204,53522,50801,55378,49969
 "08023","Costilla, CO",7,CAINC4,36,"...","Less: Contributions for government social insurance 5/","Thousands of dollars",146,151,169,242,269,261,259,323,346,386,390,468,497,553,635,750,817,775,810,1204,1223,1552,1821,2140,2327,2564,2675,2595,2256,1994,2137,2190,2373,2653,2811,2916,2992,3132,3426,3452,3748,3903,3733,3849,4357,4469,4774,5348,5882,6307,6553,6641,7088,7939
 "08023","Costilla, CO",7,CAINC4,37,"..."," Employee and self-employed contributions for government social insurance ","Thousands of dollars",77,80,90,125,139,135,134,158,167,185,191,230,246,281,321,379,428,426,444,646,691,808,942,1081,1175,1265,1370,1317,1218,1170,1231,1276,1352,1465,1531,1593,1694,1843,2014,2041,2304,2425,2222,2228,2649,2706,3026,3343,3597,3999,4149,4163,4407,4970
 "08023","Costilla, CO",7,CAINC4,38,"..."," Employer contributions for government social insurance ","Thousands of dollars",69,71,79,117,130,126,125,165,179,201,199,238,251,272,314,371,389,349,366,558,532,744,879,1059,1152,1299,1305,1278,1038,824,906,914,1021,1188,1280,1323,1298,1289,1412,1411,1444,1478,1511,1621,1708,1763,1748,2005,2285,2308,2404,2478,2681,2969
 "08023","Costilla, CO",7,CAINC4,42,"...","Plus: Adjustment for residence 6/","Thousands of dollars",97,188,331,376,582,862,966,1138,1286,1367,1591,1706,3009,3551,3860,4133,4576,4585,4490,4502,5203,5830,5976,6002,6323,6576,6882,7565,8710,9640,10305,11337,11361,10690,10419,9571,9805,10515,11050,11543,11032,10740,9868,9556,7403,6827,6879,9359,7145,5869,7534,9226,7896,11309
 "08023","Costilla, CO",7,CAINC4,45,"...","Equals: Net earnings by place of residence ","Thousands of dollars",3260,3423,3585,4558,4767,5104,5995,7025,7338,9131,10375,12744,13754,12881,18493,19801,19804,15215,14654,18038,17597,22342,23443,25397,28151,28520,29707,32101,30513,34211,36546,38412,39640,43300,37042,36957,38087,37743,40425,40399,42179,39284,47234,41887,44702,44645,49519,50612,49813,51766,54503,53386,56186,53339
 "08023","Costilla, CO",7,CAINC4,46,"...","Plus: Dividends, interest, and rent 7/","Thousands of dollars",574,671,715,849,1105,1198,1163,1245,1440,1686,1944,2449,2957,3187,4174,5972,6498,7256,6762,5512,6383,6956,7441,7450,7550,8006,9211,9948,10609,10433,11563,11559,12202,10804,11866,11386,11269,11872,12589,14678,13382,13987,15550,15862,15840,16231,16465,17004,20177,20853,22510,21738,18236,18548
 "08023","Costilla, CO",7,CAINC4,47,"...","Plus: Personal current transfer receipts ","Thousands of dollars",1308,1612,1764,1872,2079,2486,2913,2966,3052,3406,3758,4434,5319,6056,6629,6943,7042,7664,7895,8186,9040,9539,10673,12383,13239,14252,16352,17032,17819,18139,19487,20390,22405,23931,25397,25217,27292,30018,30292,29076,32678,34113,35232,36910,36910,39245,43673,46171,47287,50948,52209,63214,73497,70687
 "08023","Costilla, CO",7,CAINC4,50,"...","Wages and salaries ","Thousands of dollars",2574,2568,2548,3280,3330,3132,3172,3683,3915,4476,4803,5766,5768,6325,6680,7425,7668,7049,7299,9588,8667,11320,12821,14655,15166,16377,16916,16903,14895,14431,14856,16638,17174,18630,18892,19363,19404,19291,20439,19338,20889,21209,21689,23174,24491,25046,25109,27278,30250,32246,33491,34970,37645,38638
 "08023","Costilla, CO",7,CAINC4,60,"...","Supplements to wages and salaries ","Thousands of dollars",221,231,273,400,418,418,450,528,596,687,706,870,927,996,1126,1249,1392,1358,1488,2125,2149,2943,3593,4374,4685,4954,4838,4921,4082,3909,4194,4410,4737,4908,5225,5579,5519,5460,5538,5524,5909,6034,5848,6198,6661,7117,7116,7950,8521,8958,8942,9240,9703,9835
 "08023","Costilla, CO",7,CAINC4,61,"..."," Employer contributions for employee pension and insurance funds 8/","Thousands of dollars",152,160,194,283,288,292,325,363,417,486,507,632,676,724,812,878,1003,1009,1122,1567,1617,2199,2714,3315,3533,3655,3533,3643,3044,3085,3288,3496,3716,3720,3945,4256,4221,4171,4126,4113,4465,4556,4337,4577,4953,5354,5368,5945,6236,6650,6538,6762,7022,6866
 "08023","Costilla, CO",7,CAINC4,62,"..."," Employer contributions for government social insurance ","Thousands of dollars",69,71,79,117,130,126,125,165,179,201,199,238,251,272,314,371,389,349,366,558,532,744,879,1059,1152,1299,1305,1278,1038,824,906,914,1021,1188,1280,1323,1298,1289,1412,1411,1444,1478,1511,1621,1708,1763,1748,2005,2285,2308,2404,2478,2681,2969
 "08023","Costilla, CO",7,CAINC4,70,"...","Proprietors' income 9/","Thousands of dollars",514,587,602,744,706,953,1666,1999,1887,2987,3665,4870,4547,2562,7462,7744,6985,2998,2187,3027,2801,3801,2874,2506,4304,3177,3746,5307,5082,8225,9328,8217,8741,11725,5317,5360,6351,5609,6824,7446,8097,5204,13562,6808,10504,10124,15189,11373,9779,11000,11089,6591,8030,1496
 "08023","Costilla, CO",7,CAINC4,71,"..."," Farm proprietors' income ","Thousands of dollars",68,159,114,201,118,345,1077,1299,1215,2249,2848,4024,3744,1484,6363,6526,5753,1612,1066,1776,1328,2275,1576,1125,2417,1362,1410,3224,1798,4576,5095,4814,5717,8268,1964,2921,3726,2604,3497,3905,2568,-580,6547,1225,2846,2682,3506,-763,-1969,-688,989,-1637,-168,-7895
 "08023","Costilla, CO",7,CAINC4,72,"..."," Nonfarm proprietors' income ","Thousands of dollars",446,428,488,543,588,608,589,700,672,738,817,846,803,1078,1099,1218,1232,1386,1121,1251,1473,1526,1298,1381,1887,1815,2336,2083,3284,3649,4233,3403,3024,3457,3353,2439,2625,3005,3327,3541,5529,5784,7015,5583,7658,7442,11683,12136,11748,11688,10100,8228,8198,9391
 "08023","Costilla, CO",7,CAINC4,7010,"...","Total employment ","Number of jobs",1003,923,867,886,816,773,851,942,976,1002,940,1057,1038,1027,1083,1109,1059,1025,1045,1244,1228,1276,1298,1337,1381,1355,1305,1332,1255,1308,1303,1374,1379,1365,1390,1378,1367,1363,1392,1343,1317,1394,1407,1456,1489,1533,1580,1627,1677,1680,1695,1732,1780,1828
 "08023","Costilla, CO",7,CAINC4,7020,"..."," Wage and salary employment ","Number of jobs",801,722,668,686,619,532,547,595,616,630,581,704,690,688,737,760,719,690,728,886,824,904,949,986,1003,931,881,890,768,799,788,845,836,816,863,840,794,771,742,746,742,768,773,810,852,860,877,928,995,986,1010,968,984,1000
 "08023","Costilla, CO",7,CAINC4,7040,"..."," Proprietors employment ","Number of jobs",202,201,199,200,197,241,304,347,360,372,359,353,348,339,346,349,340,335,317,358,404,372,349,351,378,424,424,442,487,509,515,529,543,549,527,538,573,592,650,597,575,626,634,646,637,673,703,699,682,694,685,764,796,828
 "08025","Crowley, CO",7,CAINC4,10,"...","Personal income (thousands of dollars) ","Thousands of dollars",8285,9975,11237,13949,20642,17188,22852,23552,21475,19893,20731,28976,34302,25333,22311,28422,29436,32127,34334,38868,42996,47126,45093,50138,51542,52117,57493,61509,74181,73791,80857,88083,98012,83375,84285,86319,96050,95102,99264,103835,96387,95358,95656,95969,98229,102869,119948,113617,108527,118781,120216,128764,143559,124853
 "08025","Crowley, CO",7,CAINC4,11,"..."," Nonfarm personal income 1/","Thousands of dollars",6507,7236,7986,8777,9997,10906,11440,12230,13006,13690,14371,17045,19771,21680,23530,24724,25580,25859,28179,31529,32889,32849,34115,36869,38710,41517,47402,49847,53757,56229,62496,64794,72147,75912,77913,77441,79746,83738,90830,97842,93989,91450,93105,86470,84170,88361,91894,91119,93620,100512,105677,114400,122697,120886
 "08025","Crowley, CO",7,CAINC4,12,"..."," Farm income 2/","Thousands of dollars",1778,2739,3251,5172,10645,6282,11412,11322,8469,6203,6360,11931,14531,3653,-1219,3698,3856,6268,6155,7339,10107,14277,10978,13269,12832,10600,10091,11662,20424,17562,18361,23289,25865,7463,6372,8878,16304,11364,8434,5993,2398,3908,2551,9499,14059,14508,28054,22498,14907,18269,14539,14364,20862,3967
 "08025","Crowley, CO",7,CAINC4,20,"...","Population (persons) 3/","Number of persons",3164,3090,3108,3232,3266,3336,3336,3201,3157,2928,2817,2990,2992,3006,3102,3068,3056,3056,3014,3999,4054,3946,4072,4153,4327,4508,4642,4936,4997,5128,5336,5509,5614,5666,5464,5720,5677,5886,6015,5947,5797,5864,5908,5508,5409,5689,5731,5386,5960,6047,6174,5694,5731,5614
 "08025","Crowley, CO",7,CAINC4,30,"...","Per capita personal income (dollars) 4/","Dollars",2619,3228,3616,4316,6320,5152,6850,7358,6802,6794,7359,9691,11465,8427,7192,9264,9632,10513,11392,9719,10606,11943,11074,12073,11912,11561,12385,12461,14845,14390,15153,15989,17458,14715,15426,15091,16919,16157,16503,17460,16627,16262,16191,17424,18160,18082,20930,21095,18209,19643,19471,22614,25050,22240
 "08025","Crowley, CO",7,CAINC4,35,"...","Earnings by place of work ","Thousands of dollars",3895,5127,5959,8264,14191,10104,15130,15356,12472,10292,10627,16784,19877,9533,4987,10316,10903,13361,17700,24912,29571,35267,32041,36050,36284,35527,35644,38417,49901,49164,59077,65830,71737,56378,53892,54923,63913,62964,60244,61846,56828,59197,59181,65364,69668,72200,87662,82827,75091,80607,79445,81769,92595,75222
 "08025","Crowley, CO",7,CAINC4,36,"...","Less: Contributions for government social insurance 5/","Thousands of dollars",136,158,177,220,283,329,315,344,352,357,394,457,534,609,640,715,772,745,994,1438,1696,1860,1968,2127,2314,2500,2624,2669,2856,2797,3794,3863,3879,4379,4355,4465,4679,5286,5440,5867,5582,5750,5504,5475,5736,5937,6169,6411,6578,6939,7389,7788,8047,8684
 "08025","Crowley, CO",7,CAINC4,37,"..."," Employee and self-employed contributions for government social insurance ","Thousands of dollars",84,93,106,126,156,176,167,172,174,178,195,229,265,310,327,367,413,421,539,780,941,985,1032,1113,1206,1263,1369,1383,1477,1537,1958,1982,2171,2313,2279,2274,2390,2709,2845,3011,2979,3061,2660,2626,3052,3111,3276,3401,3484,3798,4060,4257,4429,4755
 "08025","Crowley, CO",7,CAINC4,38,"..."," Employer contributions for government social insurance ","Thousands of dollars",52,65,71,94,127,153,148,172,178,179,199,228,269,299,313,348,359,324,455,658,755,875,936,1014,1108,1237,1255,1286,1379,1260,1836,1881,1708,2066,2076,2191,2289,2577,2595,2856,2603,2689,2844,2849,2684,2826,2893,3010,3094,3141,3329,3531,3618,3929
 "08025","Crowley, CO",7,CAINC4,42,"...","Plus: Adjustment for residence 6/","Thousands of dollars",1748,1793,1916,2011,2072,2163,2156,2247,2254,2035,1561,2398,3385,3131,2895,2701,2793,2505,223,-2933,-4593,-5926,-5386,-5341,-4765,-4673,-3836,-3433,-3605,-3459,-6079,-5986,-4899,-4087,-2322,-750,308,1293,3555,4183,258,-4073,-8295,-12850,-16662,-16936,-18061,-17879,-15803,-16307,-17349,-18807,-21028,-16549
 "08025","Crowley, CO",7,CAINC4,45,"...","Equals: Net earnings by place of residence ","Thousands of dollars",5507,6762,7698,10055,15980,11938,16971,17259,14374,11970,11794,18725,22728,12055,7242,12302,12924,15121,16929,20541,23282,27481,24687,28582,29205,28354,29184,32315,43440,42908,49204,55981,62959,47912,47215,49708,59542,58971,58359,60162,51504,49374,45382,47039,47270,49327,63432,58537,52710,57361,54707,55174,63520,49989
 "08025","Crowley, CO",7,CAINC4,46,"...","Plus: Dividends, interest, and rent 7/","Thousands of dollars",1428,1620,1781,2005,2498,2803,3048,3324,3906,4414,5064,5642,6186,7263,8485,9383,9620,9720,9801,10253,10937,10272,9810,9179,9242,10236,12358,13026,13970,13474,12676,13174,14671,13659,15117,13772,12522,11153,13663,16989,16133,14621,16464,16626,17412,18130,18534,17841,17816,19374,21770,21274,18403,18597
 "08025","Crowley, CO",7,CAINC4,47,"...","Plus: Personal current transfer receipts ","Thousands of dollars",1350,1593,1758,1889,2164,2447,2833,2969,3195,3509,3873,4609,5388,6015,6584,6737,6892,7286,7604,8074,8777,9373,10596,12377,13095,13527,15951,16168,16771,17409,18977,18928,20382,21804,21953,22839,23986,24978,27242,26684,28750,31363,33810,32304,33547,35412,37982,37239,38001,42046,43739,52316,61636,56267
 "08025","Crowley, CO",7,CAINC4,50,"...","Wages and salaries ","Thousands of dollars",1801,2050,2153,2551,3062,3414,3311,3527,3660,3956,4368,5014,5413,5984,5963,6019,6171,5658,9264,14036,15249,16557,16691,17186,17661,18869,19368,20263,22093,23837,29946,31650,32154,33997,33873,34346,36110,39344,40251,43860,42629,43441,44181,44196,43005,44487,45672,47203,48003,50111,51674,55091,59190,59049
 "08025","Crowley, CO",7,CAINC4,60,"...","Supplements to wages and salaries ","Thousands of dollars",188,229,263,340,398,459,472,524,566,575,658,788,866,970,1020,1084,1182,1161,1839,2853,3392,3922,4133,5052,5326,5723,5675,5894,6364,6715,8650,9079,8815,9061,9040,9235,9554,9949,9813,10668,10839,10716,10454,10324,10337,11143,11179,11859,11949,12486,12404,13047,13373,12530
 "08025","Crowley, CO",7,CAINC4,61,"..."," Employer contributions for employee pension and insurance funds 8/","Thousands of dollars",136,164,192,246,271,306,324,352,388,396,459,560,597,671,707,736,823,837,1384,2195,2637,3047,3197,4038,4218,4486,4420,4608,4985,5455,6814,7198,7107,6995,6964,7044,7265,7372,7218,7812,8236,8027,7610,7475,7653,8317,8286,8849,8855,9345,9075,9516,9755,8601
 "08025","Crowley, CO",7,CAINC4,62,"..."," Employer contributions for government social insurance ","Thousands of dollars",52,65,71,94,127,153,148,172,178,179,199,228,269,299,313,348,359,324,455,658,755,875,936,1014,1108,1237,1255,1286,1379,1260,1836,1881,1708,2066,2076,2191,2289,2577,2595,2856,2603,2689,2844,2849,2684,2826,2893,3010,3094,3141,3329,3531,3618,3929
 "08025","Crowley, CO",7,CAINC4,70,"...","Proprietors' income 9/","Thousands of dollars",1906,2848,3543,5373,10731,6231,11347,11305,8246,5761,5601,10982,13598,2579,-1996,3213,3550,6542,6597,8023,10930,14788,11217,13812,13297,10935,10601,12260,21444,18612,20481,25101,30768,13320,10979,11342,18249,13671,10180,7318,3360,5040,4546,10844,16326,16570,30811,23765,15139,18010,15367,13631,20032,3643
 "08025","Crowley, CO",7,CAINC4,71,"..."," Farm proprietors' income ","Thousands of dollars",1350,2251,2770,4633,9917,5488,10563,10400,7389,4736,4594,9941,12494,1370,-3205,1962,2303,5022,5117,6209,8935,12970,9775,12124,11468,8833,8169,9768,18125,15618,16699,21669,24473,6188,5209,7585,14815,9890,6694,4072,-50,1523,-50,6231,10411,10984,25070,19067,11237,14647,11880,10487,16641,431
 "08025","Crowley, CO",7,CAINC4,72,"..."," Nonfarm proprietors' income ","Thousands of dollars",556,597,773,740,814,743,784,905,857,1025,1007,1041,1104,1209,1209,1251,1247,1520,1480,1814,1995,1818,1442,1688,1829,2102,2432,2492,3319,2994,3782,3432,6295,7132,5770,3757,3434,3781,3486,3246,3410,3517,4596,4613,5915,5586,5741,4698,3902,3363,3487,3144,3391,3212
 "08025","Crowley, CO",7,CAINC4,7010,"...","Total employment ","Number of jobs",1027,1036,1005,1073,1106,1114,1041,1046,1040,979,928,1026,1034,1057,1059,1025,982,970,1082,1335,1318,1353,1267,1281,1341,1403,1394,1426,1461,1496,1743,1780,1805,1762,1713,1672,1707,1746,1819,1842,1791,1771,1747,1718,1683,1709,1711,1716,1746,1724,1715,1702,1696,1658
 "08025","Crowley, CO",7,CAINC4,7020,"..."," Wage and salary employment ","Number of jobs",499,520,528,585,636,674,630,630,638,599,559,661,678,701,703,662,619,602,713,911,924,945,880,899,912,942,924,949,963,1010,1232,1261,1229,1212,1154,1151,1167,1211,1222,1253,1229,1220,1235,1200,1151,1168,1160,1195,1203,1175,1174,1174,1153,1097
 "08025","Crowley, CO",7,CAINC4,7040,"..."," Proprietors employment ","Number of jobs",528,516,477,488,470,440,411,416,402,380,369,365,356,356,356,363,363,368,369,424,394,408,387,382,429,461,470,477,498,486,511,519,576,550,559,521,540,535,597,589,562,551,512,518,532,541,551,521,543,549,541,528,543,561
 "08027","Custer, CO",7,CAINC4,10,"...","Personal income (thousands of dollars) ","Thousands of dollars",3799,4110,4739,5715,7279,7064,8524,8368,8928,10105,13152,15667,17113,17534,18636,20197,21313,21964,24660,26842,28908,29893,32107,34832,40622,44700,50311,55362,63610,69803,72820,78582,94638,99376,104181,110981,109640,116312,126785,135235,138745,133005,148247,142716,155774,170471,182821,188545,189323,199478,214882,225385,258290,270913
 "08027","Custer, CO",7,CAINC4,11,"..."," Nonfarm personal income 1/","Thousands of dollars",3272,3785,4418,5239,5725,6177,6727,7773,8718,10478,12114,14397,16453,17331,18963,20780,21552,22197,23580,25895,28390,29567,31730,35126,41004,45797,51614,56743,64282,70723,73422,78366,93402,99578,102720,108322,108863,115679,125977,136620,139645,134520,147872,143106,155384,168995,180708,187857,187981,197557,213195,223413,256009,270954
 "08027","Custer, CO",7,CAINC4,12,"..."," Farm income 2/","Thousands of dollars",527,325,321,476,1554,887,1797,595,210,-373,1038,1270,660,203,-327,-583,-239,-233,1080,947,518,326,377,-294,-382,-1097,-1303,-1381,-672,-920,-602,216,1236,-202,1461,2659,777,633,808,-1385,-900,-1515,375,-390,390,1476,2113,688,1342,1921,1687,1972,2281,-41
 "08027","Custer, CO",7,CAINC4,20,"...","Population (persons) 3/","Number of persons",1102,1136,1194,1256,1132,1129,1141,1181,1240,1428,1550,1534,1558,1629,1789,1868,1850,1856,1803,1833,1848,1942,2004,2098,2207,2454,2702,2960,3195,3306,3455,3523,3664,3714,3865,3911,3989,3994,4112,4107,4190,4268,4175,4130,4132,4170,4222,4321,4543,4595,4696,4719,5064,5335
 "08027","Custer, CO",7,CAINC4,30,"...","Per capita personal income (dollars) 4/","Dollars",3447,3618,3969,4550,6430,6257,7471,7086,7200,7076,8485,10213,10984,10764,10417,10812,11521,11834,13677,14644,15643,15393,16021,16602,18406,18215,18620,18703,19909,21114,21077,22305,25829,26757,26955,28377,27486,29122,30833,32928,33113,31163,35508,34556,37699,40880,43302,43635,41674,43412,45759,47761,51005,50780
 "08027","Custer, CO",7,CAINC4,35,"...","Earnings by place of work ","Thousands of dollars",1969,1943,2252,2900,3963,3347,4303,3725,3672,3604,5323,6541,6245,5946,6337,6706,6837,7217,9681,10992,10298,9697,11713,12383,14123,14848,18212,20819,25777,28256,29009,32142,43993,47122,47759,49985,43041,45163,49079,47336,49793,49492,52671,52769,61689,71031,76921,70581,62227,67913,70821,72330,82703,90543
 "08027","Custer, CO",7,CAINC4,36,"...","Less: Contributions for government social insurance 5/","Thousands of dollars",60,65,75,104,113,119,119,135,162,190,228,313,379,419,501,553,576,608,691,853,885,888,1136,1271,1490,1695,2066,2288,2642,2681,2729,2989,3670,4252,4264,4656,4409,4660,5198,5384,5736,5772,5532,5559,6181,6730,7390,7710,7226,7974,8390,8963,10090,11823
 "08027","Custer, CO",7,CAINC4,37,"..."," Employee and self-employed contributions for government social insurance ","Thousands of dollars",47,50,57,77,84,90,89,99,115,128,151,206,237,262,299,342,366,395,460,571,614,610,781,848,961,1061,1266,1387,1616,1671,1689,1809,2391,2599,2631,2826,2664,2906,3307,3395,3762,3778,3345,3445,4151,4568,5094,5236,4973,5709,6216,6551,7220,8461
 "08027","Custer, CO",7,CAINC4,38,"..."," Employer contributions for government social insurance ","Thousands of dollars",13,15,18,27,29,29,30,36,47,62,77,107,142,157,202,211,210,213,231,282,271,278,355,423,529,634,800,901,1026,1010,1040,1180,1279,1653,1633,1830,1745,1754,1891,1989,1974,1994,2187,2114,2030,2162,2296,2474,2253,2265,2174,2412,2870,3362
 "08027","Custer, CO",7,CAINC4,42,"...","Plus: Adjustment for residence 6/","Thousands of dollars",642,657,701,757,956,1170,1337,1648,1942,2440,3092,3289,3972,3925,3782,4120,4418,4696,4852,5211,5654,6406,6707,7409,8705,10113,10926,11217,11855,12524,13022,13690,15047,15315,16046,16969,18221,19315,20275,21584,19151,16777,14308,12108,9623,10203,11013,11796,15048,17000,17972,19083,20108,20679
 "08027","Custer, CO",7,CAINC4,45,"...","Equals: Net earnings by place of residence ","Thousands of dollars",2551,2535,2878,3553,4806,4398,5521,5238,5452,5854,8187,9517,9838,9452,9618,10273,10679,11305,13842,15350,15067,15215,17284,18521,21338,23266,27072,29748,34990,38099,39302,42843,55370,58185,59541,62298,56853,59818,64156,63536,63208,60497,61447,59318,65131,74504,80544,74667,70049,76939,80403,82450,92721,99399
 "08027","Custer, CO",7,CAINC4,46,"...","Plus: Dividends, interest, and rent 7/","Thousands of dollars",818,1099,1289,1540,1765,1865,2050,2113,2413,2967,3530,4404,5190,5619,6185,6951,7521,7395,7485,8027,9729,10109,9639,10401,12643,14314,15115,16700,18958,21657,22583,24406,26240,26089,28875,31340,34157,35976,40107,44727,45001,40186,52697,46573,53306,54368,54205,62741,66505,63557,69556,67255,76976,85850
 "08027","Custer, CO",7,CAINC4,47,"...","Plus: Personal current transfer receipts ","Thousands of dollars",430,476,572,622,708,801,953,1017,1063,1284,1435,1746,2085,2463,2833,2973,3113,3264,3333,3465,4112,4569,5184,5910,6641,7120,8124,8914,9662,10047,10935,11333,13028,15102,15765,17343,18630,20518,22522,26972,30536,32322,34103,36825,37337,41599,48072,51137,52769,58982,64923,75680,88593,85664
 "08027","Custer, CO",7,CAINC4,50,"...","Wages and salaries ","Thousands of dollars",553,619,672,863,904,907,941,997,1210,1474,1752,2354,2802,3085,3733,3775,3819,3888,4227,4642,4414,4452,5459,6189,7263,8432,10585,12274,14293,15669,16288,18977,20278,22866,23582,25410,22938,23667,26208,27537,27530,27443,28554,27880,27636,28649,30661,32704,30511,31449,31247,34264,40702,46004
 "08027","Custer, CO",7,CAINC4,60,"...","Supplements to wages and salaries ","Thousands of dollars",62,70,89,122,124,131,140,154,193,249,307,416,506,546,687,705,759,808,866,992,1049,1139,1395,1760,2065,2384,2768,3093,3526,3750,3946,4586,5007,5675,5899,6384,6201,6035,6438,6738,7208,7226,7052,6917,6975,7553,7771,8218,7563,7958,7771,8454,9500,10198
 "08027","Custer, CO",7,CAINC4,61,"..."," Employer contributions for employee pension and insurance funds 8/","Thousands of dollars",49,55,71,95,95,102,110,118,146,187,230,309,364,389,485,494,549,595,635,710,778,861,1040,1337,1536,1750,1968,2192,2500,2740,2906,3406,3728,4022,4266,4554,4456,4281,4547,4749,5234,5232,4865,4803,4945,5391,5475,5744,5310,5693,5597,6042,6630,6836
 "08027","Custer, CO",7,CAINC4,62,"..."," Employer contributions for government social insurance ","Thousands of dollars",13,15,18,27,29,29,30,36,47,62,77,107,142,157,202,211,210,213,231,282,271,278,355,423,529,634,800,901,1026,1010,1040,1180,1279,1653,1633,1830,1745,1754,1891,1989,1974,1994,2187,2114,2030,2162,2296,2474,2253,2265,2174,2412,2870,3362
 "08027","Custer, CO",7,CAINC4,70,"...","Proprietors' income 9/","Thousands of dollars",1354,1254,1491,1915,2935,2309,3222,2574,2269,1881,3264,3771,2937,2315,1917,2226,2259,2521,4588,5358,4835,4106,4859,4434,4795,4032,4859,5452,7958,8837,8775,8579,18708,18581,18278,18191,13902,15461,16433,13061,15055,14823,17065,17972,27078,34829,38489,29659,24153,28506,31803,29612,32501,34341
 "08027","Custer, CO",7,CAINC4,71,"..."," Farm proprietors' income ","Thousands of dollars",398,199,213,365,1424,759,1672,469,70,-549,819,1015,392,-88,-605,-849,-497,-451,891,730,277,42,99,-565,-686,-1468,-1691,-1751,-1106,-1294,-930,-113,940,-482,1177,2315,355,189,256,-1950,-1575,-2140,-279,-1185,-499,613,1383,-149,445,1039,1038,1030,1257,-904
 "08027","Custer, CO",7,CAINC4,72,"..."," Nonfarm proprietors' income ","Thousands of dollars",956,1055,1278,1550,1511,1550,1550,2105,2199,2430,2445,2756,2545,2403,2522,3075,2756,2972,3697,4628,4558,4064,4760,4999,5481,5500,6550,7203,9064,10131,9705,8692,17768,19063,17101,15876,13547,15272,16177,15011,16630,16963,17344,19157,27577,34216,37106,29808,23708,27467,30765,28582,31244,35245
 "08027","Custer, CO",7,CAINC4,7010,"...","Total employment ","Number of jobs",391,364,385,412,428,439,459,480,514,530,536,616,669,697,768,796,792,788,777,827,781,814,900,932,1078,1215,1318,1467,1597,1677,1751,1869,1939,2073,2139,2221,2140,2123,2286,2278,2196,2209,2177,2145,2202,2259,2315,2291,2245,2284,2216,2305,2561,2709
 "08027","Custer, CO",7,CAINC4,7020,"..."," Wage and salary employment ","Number of jobs",142,142,145,184,190,183,187,187,225,248,253,320,354,355,400,405,392,377,387,424,382,392,428,488,545,580,647,729,785,816,823,908,925,1028,1024,1027,979,970,992,963,951,938,920,909,894,950,962,949,888,908,892,903,1051,1119
 "08027","Custer, CO",7,CAINC4,7040,"..."," Proprietors employment ","Number of jobs",249,222,240,228,238,256,272,293,289,282,283,296,315,342,368,391,400,411,390,403,399,422,472,444,533,635,671,738,812,861,928,961,1014,1045,1115,1194,1161,1153,1294,1315,1245,1271,1257,1236,1308,1309,1353,1342,1357,1376,1324,1402,1510,1590
 "08029","Delta, CO",7,CAINC4,10,"...","Personal income (thousands of dollars) ","Thousands of dollars",46724,48841,55387,59637,72041,76616,90492,102081,111747,123746,144475,170774,200460,211827,230535,239213,240692,229036,234758,247174,259818,277118,296156,331394,365467,393360,424072,448850,491293,531897,553755,599332,611940,631871,647644,684060,730133,785781,876450,899597,885617,877372,937138,948771,950399,980181,1007534,1001494,1046044,1121259,1197461,1328211,1450878,1504032
 "08029","Delta, CO",7,CAINC4,11,"..."," Nonfarm personal income 1/","Thousands of dollars",42653,46038,51302,57602,64506,73856,85311,96183,109490,121955,142212,168863,196114,211759,227215,236040,236529,230309,230612,242607,256263,272188,289559,318606,351625,384083,419911,443161,485695,524264,550618,591878,600737,625801,641638,674732,721044,780871,864418,894738,878570,870474,923930,940222,943156,964658,985218,992124,1036474,1109382,1186031,1318282,1434047,1496594
 "08029","Delta, CO",7,CAINC4,12,"..."," Farm income 2/","Thousands of dollars",4071,2803,4085,2035,7535,2760,5181,5898,2257,1791,2263,1911,4346,68,3320,3173,4163,-1273,4146,4567,3555,4930,6597,12788,13842,9277,4161,5689,5598,7633,3137,7454,11203,6070,6006,9328,9089,4910,12032,4859,7047,6898,13208,8549,7243,15523,22316,9370,9570,11877,11430,9929,16831,7438
 "08029","Delta, CO",7,CAINC4,20,"...","Population (persons) 3/","Number of persons",15606,15295,15408,15911,16096,16612,17612,18817,19379,19747,20690,21467,22384,23414,23494,23493,23092,22238,21149,20943,20858,21053,21703,22284,23235,24366,25249,25764,26177,26970,27586,27877,28069,28677,28929,29305,29389,29789,30121,30712,31156,30861,30416,30505,30396,30034,30000,30443,30623,30958,31161,31051,31383,31602
 "08029","Delta, CO",7,CAINC4,30,"...","Per capita personal income (dollars) 4/","Dollars",2994,3193,3595,3748,4476,4612,5138,5425,5766,6267,6983,7955,8956,9047,9813,10182,10423,10299,11100,11802,12457,13163,13646,14871,15729,16144,16796,17422,18768,19722,20074,21499,21801,22034,22387,23343,24844,26378,29098,29291,28425,28430,30811,31102,31267,32636,33584,32897,34159,36219,38428,42775,46231,47593
 "08029","Delta, CO",7,CAINC4,35,"...","Earnings by place of work ","Thousands of dollars",30418,29403,33405,34674,42571,41912,48405,56605,61104,65675,77888,88624,103611,106301,116161,115414,107210,95762,106940,111825,114675,123387,133317,154584,173213,188597,188895,194576,223592,248556,262230,287621,294158,318346,322884,351813,374813,404089,443899,441919,424905,419163,439139,461616,456689,462591,454916,448783,460480,484566,504378,573572,598585,661610
 "08029","Delta, CO",7,CAINC4,36,"...","Less: Contributions for government social insurance 5/","Thousands of dollars",1472,1422,1550,1776,2239,2595,2837,3392,4224,4482,5589,6537,8117,9016,9451,9914,9457,9122,9690,10844,12025,12796,14250,15829,18196,20538,21262,21442,23919,24210,25769,27281,28760,32486,33158,36734,40226,44011,48152,50029,48346,47349,46579,48822,52571,52910,51694,53585,55975,60296,61835,68626,69670,78371
 "08029","Delta, CO",7,CAINC4,37,"..."," Employee and self-employed contributions for government social insurance ","Thousands of dollars",904,898,981,1133,1380,1599,1722,1931,2321,2462,3084,3598,4460,4972,5182,5418,5416,5236,5679,6439,7316,7489,8362,9157,10376,11656,12341,12190,13685,14413,15247,16126,16629,18131,18459,20538,22401,24664,27576,28196,28125,27936,24447,25459,30066,29932,29773,31233,32843,36689,38079,42994,44007,50893
 "08029","Delta, CO",7,CAINC4,38,"..."," Employer contributions for government social insurance ","Thousands of dollars",568,524,569,643,859,996,1115,1461,1903,2020,2505,2939,3657,4044,4269,4496,4041,3886,4011,4405,4709,5307,5888,6672,7820,8882,8921,9252,10234,9797,10522,11155,12131,14355,14699,16196,17825,19347,20576,21833,20221,19413,22132,23363,22505,22978,21921,22352,23132,23607,23756,25632,25663,27478
 "08029","Delta, CO",7,CAINC4,42,"...","Plus: Adjustment for residence 6/","Thousands of dollars",2804,3143,3088,3439,4153,5113,6258,6424,7115,7483,9287,11030,12836,10439,6457,10284,15826,11933,9754,10955,11878,14916,16055,20060,24562,28590,33338,38692,43763,47995,53541,60913,61471,59904,62614,66792,69761,74886,81658,88066,83696,88006,88586,91235,89038,75738,75401,70779,73300,83727,90242,84134,83217,92669
 "08029","Delta, CO",7,CAINC4,45,"...","Equals: Net earnings by place of residence ","Thousands of dollars",31750,31124,34943,36337,44485,44430,51826,59637,63995,68676,81586,93117,108330,107724,113167,115784,113579,98573,107004,111936,114528,125507,135122,158815,179579,196649,200971,211826,243436,272341,290002,321253,326869,345764,352340,381871,404348,434964,477405,479956,460255,459820,481146,504029,493156,485419,478623,465977,477805,507997,532785,589080,612132,675908
 "08029","Delta, CO",7,CAINC4,46,"...","Plus: Dividends, interest, and rent 7/","Thousands of dollars",8338,9988,11433,12987,15772,18776,22348,24483,28393,33106,38223,48899,58586,65671,74809,77413,79397,79401,74508,78358,84433,86623,87416,90377,98064,103466,119208,130021,138287,141688,137498,145280,142333,132974,137057,137529,146610,161332,197699,208413,204721,181251,216085,201656,214198,230751,239186,228044,240810,257827,286806,281388,314151,333704
 "08029","Delta, CO",7,CAINC4,47,"...","Plus: Personal current transfer receipts ","Thousands of dollars",6636,7729,9011,10313,11784,13410,16318,17961,19359,21964,24666,28758,33544,38432,42559,46016,47716,51062,53246,56880,60857,64988,73618,82202,87824,93245,103893,107003,109570,117868,126255,132799,142738,153133,158247,164660,179175,189485,201346,211228,220641,236301,239907,243086,243045,264011,289725,307473,327429,355435,377870,457743,524595,494420
 "08029","Delta, CO",7,CAINC4,50,"...","Wages and salaries ","Thousands of dollars",15290,14935,15838,17030,19512,21316,24141,29364,36786,39278,47510,56477,65001,70728,72106,72705,67049,64534,66249,69566,72631,79639,85672,94135,104961,119408,127761,130478,144875,154856,162902,175863,187944,206972,209467,222745,240163,262265,289285,303459,291772,281074,300610,314994,317990,316142,303059,305253,319527,336724,345048,365586,374320,392560
 "08029","Delta, CO",7,CAINC4,60,"...","Supplements to wages and salaries ","Thousands of dollars",1672,1720,1978,2335,2634,2985,3566,4378,5793,6502,8118,10088,12070,13710,14799,14452,13381,13351,13977,14595,16301,18716,20818,24953,28343,31591,31344,32729,36186,37650,40758,44130,48098,52210,55406,59100,63819,67355,70789,74258,75414,72804,72191,75871,77841,79927,76849,79145,81578,84726,84504,88254,90355,90260
 "08029","Delta, CO",7,CAINC4,61,"..."," Employer contributions for employee pension and insurance funds 8/","Thousands of dollars",1104,1196,1409,1692,1775,1989,2451,2917,3890,4482,5613,7149,8413,9666,10530,9956,9340,9465,9966,10190,11592,13409,14930,18281,20523,22709,22423,23477,25952,27853,30236,32975,35967,37855,40707,42904,45994,48008,50213,52425,55193,53391,50059,52508,55336,56949,54928,56793,58446,61119,60748,62622,64692,62782
 "08029","Delta, CO",7,CAINC4,62,"..."," Employer contributions for government social insurance ","Thousands of dollars",568,524,569,643,859,996,1115,1461,1903,2020,2505,2939,3657,4044,4269,4496,4041,3886,4011,4405,4709,5307,5888,6672,7820,8882,8921,9252,10234,9797,10522,11155,12131,14355,14699,16196,17825,19347,20576,21833,20221,19413,22132,23363,22505,22978,21921,22352,23132,23607,23756,25632,25663,27478
 "08029","Delta, CO",7,CAINC4,70,"...","Proprietors' income 9/","Thousands of dollars",13456,12748,15589,15309,20425,17611,20698,22863,18525,19895,22260,22059,26540,21863,29256,28257,26780,17877,26714,27664,25743,25032,26827,35496,39909,37598,29790,31369,42531,56050,58570,67628,58116,59164,58011,69968,70831,74469,83825,64202,57719,65285,66338,70751,60858,66522,75008,64385,59375,63116,74826,119732,133910,178790
 "08029","Delta, CO",7,CAINC4,71,"..."," Farm proprietors' income ","Thousands of dollars",2309,1105,2626,565,5758,972,3393,4048,167,-989,-798,-1300,1196,-3245,114,3,951,-4292,1128,1024,-374,234,1973,8090,8714,3134,-2001,46,-766,1587,-2708,944,4732,-893,-113,2781,1736,-2145,3920,-2929,-1858,-1045,5156,-971,-3386,5236,13624,-622,-1115,1359,3704,-1312,4602,-2825
 "08029","Delta, CO",7,CAINC4,72,"..."," Nonfarm proprietors' income ","Thousands of dollars",11147,11643,12963,14744,14667,16639,17305,18815,18358,20884,23058,23359,25344,25108,29142,28254,25829,22169,25586,26640,26117,24798,24854,27406,31195,34464,31791,31323,43297,54463,61278,66684,53384,60057,58124,67187,69095,76614,79905,67131,59577,66330,61182,71722,64244,61286,61384,65007,60490,61757,71122,121044,129308,181615
 "08029","Delta, CO",7,CAINC4,7010,"...","Total employment ","Number of jobs",5892,5801,5757,6078,6210,6523,6891,7267,7736,7796,8278,8956,9511,9663,9763,9518,8966,8347,7839,8355,8502,8728,8910,9209,9839,10983,11092,11590,12108,12615,12679,12943,13412,13707,13740,13982,14453,15047,15723,15922,15499,14945,14830,14913,14963,14963,15012,15313,15678,15908,15576,15634,16050,16445
 "08029","Delta, CO",7,CAINC4,7020,"..."," Wage and salary employment ","Number of jobs",3440,3248,3227,3333,3566,3691,3788,4050,4457,4426,4775,5232,5542,5627,5701,5550,5263,5035,5051,5150,5334,5485,5546,5827,6213,6753,6716,6970,7320,7624,7772,7908,8227,8352,8376,8536,8791,9268,9531,9690,9237,8820,8830,8965,8954,8816,8733,8843,8990,9066,9096,8851,8837,8869
 "08029","Delta, CO",7,CAINC4,7040,"..."," Proprietors employment ","Number of jobs",2452,2553,2530,2745,2644,2832,3103,3217,3279,3370,3503,3724,3969,4036,4062,3968,3703,3312,2788,3205,3168,3243,3364,3382,3626,4230,4376,4620,4788,4991,4907,5035,5185,5355,5364,5446,5662,5779,6192,6232,6262,6125,6000,5948,6009,6147,6279,6470,6688,6842,6480,6783,7213,7576
 "08031","Denver, CO",7,CAINC4,10,"...","Personal income (thousands of dollars) ","Thousands of dollars",2265510,2554071,2845647,3113010,3423332,3710982,3981598,4272766,4665339,5186539,5668815,6233374,7016081,7705347,8177118,8734950,9123494,9240837,9291180,9686633,10478115,10909535,11218092,12054426,12826951,13520954,14639637,15604410,16623374,18434447,19570536,21782493,22307170,22135526,22315092,22859863,25250543,27826239,29002156,30929917,27166826,28890379,33108014,35948591,40027461,44887556,45466399,43032217,50999321,55200348,59571563,62300101,73394068,80091302
 "08031","Denver, CO",7,CAINC4,11,"..."," Nonfarm personal income 1/","Thousands of dollars",2264318,2552554,2843401,3112016,3422172,3709816,3980302,4270871,4663105,5184597,5667795,6232669,7015612,7704997,8176587,8734054,9122613,9239567,9290057,9685794,10477268,10909071,11217836,12054091,12826575,13520509,14639165,15603955,16622860,18433994,19570085,21782001,22306665,22134960,22314659,22859394,25250102,27825996,29001946,30929529,27166454,28890117,33107669,35948084,40027008,44887129,45466072,43031896,50999009,55200197,59571549,62299864,73393900,80091265
 "08031","Denver, CO",7,CAINC4,12,"..."," Farm income 2/","Thousands of dollars",1192,1517,2246,994,1160,1166,1296,1895,2234,1942,1020,705,469,350,531,896,881,1270,1123,839,847,464,256,335,376,445,472,455,514,453,451,492,505,566,433,469,441,243,210,388,372,262,345,507,453,427,327,321,312,151,14,237,168,37
 "08031","Denver, CO",7,CAINC4,20,"...","Population (persons) 3/","Number of persons",511251,515561,525571,525836,525265,514664,500603,501147,498719,495186,495168,494235,499024,504576,511007,505507,504439,500090,492049,479719,472678,468139,478352,495279,508388,512684,518958,527643,536678,540893,548848,555651,561976,556790,552588,550756,551691,556895,564395,575721,589011,602644,618358,631479,644132,657678,674625,685730,692513,702078,709343,717556,711323,713252
 "08031","Denver, CO",7,CAINC4,30,"...","Per capita personal income (dollars) 4/","Dollars",4431,4954,5414,5920,6517,7210,7954,8526,9355,10474,11448,12612,14060,15271,16002,17280,18086,18478,18883,20192,22168,23304,23452,24339,25231,26373,28210,29574,30975,34082,35657,39202,39694,39756,40383,41506,45769,49967,51386,53724,46123,47939,53542,56928,62142,68252,67395,62754,73644,78624,83981,86823,103180,112290
 "08031","Denver, CO",7,CAINC4,35,"...","Earnings by place of work ","Thousands of dollars",2883319,3135309,3515367,3895908,4389618,4727591,4864880,5354470,5986776,6916626,7949365,8936461,9904224,10855785,11354937,12098963,12609074,12652644,12524864,12913055,13396435,13996527,14543630,15764382,16971153,17579471,18547197,19807353,21445083,23809063,25707397,29233858,30066025,28543506,28720721,29989518,32471128,34765001,36003888,37460291,32863377,33889864,36825116,38992582,44304438,48888891,48923657,46364275,54368672,58027678,62392374,63297592,75010310,85854160
 "08031","Denver, CO",7,CAINC4,36,"...","Less: Contributions for government social insurance 5/","Thousands of dollars",183817,198818,230144,268476,347831,383551,380980,429140,481538,569927,687428,783415,936019,1053214,1118039,1228912,1305686,1321690,1299183,1383865,1447484,1542752,1641260,1755455,1910024,1982530,2069555,2175037,2329046,2419820,2585293,2889869,3013450,2951892,2978413,3166593,3371595,3554813,3730768,3924384,3640216,3666522,3465667,3653768,4339389,4728030,4940827,4977553,5458300,5824156,6155139,6234168,7024977,8222184
 "08031","Denver, CO",7,CAINC4,37,"..."," Employee and self-employed contributions for government social insurance ","Thousands of dollars",89894,97168,111605,127676,166325,184640,183936,199535,222767,261733,319428,368945,447091,502011,524833,565435,618319,628327,620199,661376,703021,746148,791918,847012,919334,962243,1023763,1086313,1172570,1274997,1364739,1537189,1585784,1491102,1502431,1586209,1713462,1829758,1940957,2093071,1914232,1928378,1607838,1678810,2326292,2538290,2619757,2559701,2916790,3141239,3322235,3390686,3877763,4583097
 "08031","Denver, CO",7,CAINC4,38,"..."," Employer contributions for government social insurance ","Thousands of dollars",93923,101650,118539,140800,181506,198911,197044,229605,258771,308194,368000,414470,488928,551203,593206,663477,687367,693363,678984,722489,744463,796604,849342,908443,990690,1020287,1045792,1088724,1156476,1144823,1220554,1352680,1427666,1460790,1475982,1580384,1658133,1725055,1789811,1831313,1725984,1738144,1857829,1974958,2013097,2189740,2321070,2417852,2541510,2682917,2832904,2843482,3147214,3639087
 "08031","Denver, CO",7,CAINC4,42,"...","Plus: Adjustment for residence 6/","Thousands of dollars",-1036434,-1085469,-1235411,-1384381,-1596136,-1748950,-1770488,-2002640,-2289612,-2738459,-3308030,-3915929,-4315344,-4746520,-4923088,-5182550,-5402674,-5391337,-5264555,-5399453,-5514436,-5727982,-5961283,-6446972,-6960802,-7102467,-7350562,-7725586,-8435762,-9383357,-9914616,-11499758,-12032593,-10906702,-10980282,-11562402,-12051147,-12866216,-13508687,-12915682,-11191752,-11191215,-11489516,-11495943,-11952875,-12363923,-12798433,-13091858,-13298338,-14052795,-14535898,-14856349,-16944550,-20216758
 "08031","Denver, CO",7,CAINC4,45,"...","Equals: Net earnings by place of residence ","Thousands of dollars",1663068,1851022,2049812,2243051,2445651,2595090,2713412,2922690,3215626,3608240,3953907,4237117,4652861,5056051,5313810,5687501,5900714,5939617,5961126,6129737,6434515,6725793,6941087,7561955,8100327,8494474,9127080,9906730,10680275,12005886,13207488,14844231,15019982,14684912,14762026,15260523,17048386,18343972,18764433,20620225,18031409,19032127,21869933,23842871,28012174,31796938,31184397,28294864,35612034,38150727,41701337,42207075,51040783,57415218
 "08031","Denver, CO",7,CAINC4,46,"...","Plus: Dividends, interest, and rent 7/","Thousands of dollars",407918,467913,525790,578414,643036,733837,793774,838750,918257,1015428,1097323,1301850,1576110,1786694,1931306,2083454,2225916,2256383,2225428,2411534,2782934,2860115,2816630,2875204,3003102,3227259,3505184,3675184,3921013,4427815,4279985,4791738,4970019,4897500,4932768,4916430,5394360,6539315,7152454,7184091,5636183,5950724,7281494,8177407,7984370,8797187,9646610,9977950,10600649,11912520,12596325,12617139,14259192,15660645
 "08031","Denver, CO",7,CAINC4,47,"...","Plus: Personal current transfer receipts ","Thousands of dollars",194524,235136,270045,291545,334645,382055,474412,511326,531456,562871,617585,694407,787110,862602,932002,963995,996864,1044837,1104626,1145362,1260666,1323627,1460375,1617267,1723522,1799221,2007373,2022496,2022086,2000746,2083063,2146524,2317169,2553114,2620298,2682910,2807797,2942952,3085269,3125601,3499234,3907528,3956587,3928313,4030917,4293431,4635392,4759403,4786638,5137101,5273901,7475887,8094093,7015439
 "08031","Denver, CO",7,CAINC4,50,"...","Wages and salaries ","Thousands of dollars",2393585,2607015,2909173,3198884,3611979,3872601,3929454,4320873,4770294,5497785,6323511,7203001,8029560,8797662,9104484,9669557,10056962,10053214,9921405,10171961,10393138,10859913,11308335,12026649,12803742,13231186,13870154,14751280,16026592,17769057,19208144,21985569,22545464,20808915,20847909,21915174,22926117,24577880,26262340,26561855,24751815,25209132,26292177,27798867,28993431,31377493,33391912,34555151,36629611,39337434,42011485,43161684,48649085,54548863
 "08031","Denver, CO",7,CAINC4,60,"...","Supplements to wages and salaries ","Thousands of dollars",277689,304137,360080,421833,480988,517891,569547,637716,733914,833786,974456,1111166,1257027,1435743,1557560,1683264,1802315,1850552,1808412,1913371,2043101,2190902,2356786,2656856,2849797,2906935,2916267,3026227,3203250,3388198,3596839,4046683,4459914,4303967,4416876,4596014,4847136,4974645,5085258,5070155,5051587,5098279,5073717,5389862,5783979,6217149,6391958,6626913,6984946,7547243,7902283,7820639,8527486,9245755
 "08031","Denver, CO",7,CAINC4,61,"..."," Employer contributions for employee pension and insurance funds 8/","Thousands of dollars",183766,202487,241541,281033,299482,318980,372503,408111,475143,525592,606456,696696,768099,884540,964354,1019787,1114948,1157189,1129428,1190882,1298638,1394298,1507444,1748413,1859107,1886648,1870475,1937503,2046774,2243375,2376285,2694003,3032248,2843177,2940894,3015630,3189003,3249590,3295447,3238842,3325603,3360135,3215888,3414904,3770882,4027409,4070888,4209061,4443436,4864326,5069379,4977157,5380272,5606668
 "08031","Denver, CO",7,CAINC4,62,"..."," Employer contributions for government social insurance ","Thousands of dollars",93923,101650,118539,140800,181506,198911,197044,229605,258771,308194,368000,414470,488928,551203,593206,663477,687367,693363,678984,722489,744463,796604,849342,908443,990690,1020287,1045792,1088724,1156476,1144823,1220554,1352680,1427666,1460790,1475982,1580384,1658133,1725055,1789811,1831313,1725984,1738144,1857829,1974958,2013097,2189740,2321070,2417852,2541510,2682917,2832904,2843482,3147214,3639087
 "08031","Denver, CO",7,CAINC4,70,"...","Proprietors' income 9/","Thousands of dollars",212045,224157,246114,275191,296651,337099,365879,395881,482568,585055,651398,622294,617637,622380,692893,746142,749797,748878,795047,827723,960196,945712,878509,1080877,1317614,1441350,1760776,2029846,2215241,2651808,2902414,3201606,3060647,3430624,3455936,3478330,4697875,5212476,4656290,5828281,3059975,3582453,5459222,5803853,9527028,11294249,9139787,5182211,10754115,11143001,12478606,12315269,17833739,22059542
 "08031","Denver, CO",7,CAINC4,71,"..."," Farm proprietors' income ","Thousands of dollars",266,643,1504,266,285,314,410,954,1156,508,-230,-298,-229,-131,84,468,451,883,751,454,471,64,-96,13,17,8,32,48,48,2,7,0,6,10,-2,62,36,-92,-120,38,-55,-141,-84,-27,-142,-146,-160,-238,-288,-441,-420,-399,-523,-544
 "08031","Denver, CO",7,CAINC4,72,"..."," Nonfarm proprietors' income ","Thousands of dollars",211779,223514,244610,274925,296366,336785,365469,394927,481412,584547,651628,622592,617866,622511,692809,745674,749346,747995,794296,827269,959725,945648,878605,1080864,1317597,1441342,1760744,2029798,2215193,2651806,2902407,3201606,3060641,3430614,3455938,3478268,4697839,5212568,4656410,5828243,3060030,3582594,5459306,5803880,9527170,11294395,9139947,5182449,10754403,11143442,12479026,12315668,17834262,22060086
 "08031","Denver, CO",7,CAINC4,7010,"...","Total employment ","Number of jobs",386696,388273,400817,413618,438386,430902,405662,411211,426157,453460,479237,487309,496936,502765,496470,512716,512000,495305,474660,474703,468423,469091,468273,470892,485079,490612,497721,507702,520219,540604,545286,561928,555918,532781,521999,523778,529584,540631,560183,560768,537747,533517,544950,562881,581852,608314,634895,658987,675350,694835,702244,670756,706592,758454
 "08031","Denver, CO",7,CAINC4,7020,"..."," Wage and salary employment ","Number of jobs",347837,348956,361008,373211,395816,393036,369802,374804,386855,411172,434280,438613,446065,450869,442049,455564,453705,437227,418532,414533,412052,414010,410667,417068,428614,433311,438996,445797,457707,473558,482828,496361,487828,465112,451752,450627,453732,461113,471309,468073,439151,432369,438430,453450,467447,488207,506112,522782,533877,547879,558880,520302,545468,584634
 "08031","Denver, CO",7,CAINC4,7040,"..."," Proprietors employment ","Number of jobs",38859,39317,39809,40407,42570,37866,35860,36407,39302,42288,44957,48696,50871,51896,54421,57152,58295,58078,56128,60170,56371,55081,57606,53824,56465,57301,58725,61905,62512,67046,62458,65567,68090,67669,70247,73151,75852,79518,88874,92695,98596,101148,106520,109431,114405,120107,128783,136205,141473,146956,143364,150454,161124,173820
 "08033","Dolores, CO",7,CAINC4,10,"...","Personal income (thousands of dollars) ","Thousands of dollars",4751,3865,4845,5202,8483,8853,9876,8736,9948,10296,12978,14972,18039,17769,19796,21950,21738,18957,21122,23964,24236,21783,21769,25415,26557,27644,29263,29311,34008,36341,39058,37124,38835,37264,39158,38996,42458,44333,49979,48160,51800,51608,62772,60770,65166,66230,71833,68638,71132,74681,80492,91513,96582,95651
 "08033","Dolores, CO",7,CAINC4,11,"..."," Nonfarm personal income 1/","Thousands of dollars",3566,3732,4123,4043,4696,5325,6677,7609,8502,9395,11077,12806,15145,16400,17418,18657,18960,18446,19883,20965,22078,20651,20503,22275,24255,26005,27280,28896,30647,33998,36124,36807,37915,38754,38655,38300,40578,44163,48210,48490,51523,51036,56016,59903,65360,65756,70418,68572,70316,73362,78386,90468,93860,95534
 "08033","Dolores, CO",7,CAINC4,12,"..."," Farm income 2/","Thousands of dollars",1185,133,722,1159,3787,3528,3199,1127,1446,901,1901,2166,2894,1369,2378,3293,2778,511,1239,2999,2158,1132,1266,3140,2302,1639,1983,415,3361,2343,2934,317,920,-1490,503,696,1880,170,1769,-330,277,572,6756,867,-194,474,1415,66,816,1319,2106,1045,2722,117
 "08033","Dolores, CO",7,CAINC4,20,"...","Population (persons) 3/","Number of persons",1532,1633,1591,1562,1564,1442,1595,1574,1476,1516,1514,1661,1674,1669,1767,1703,1585,1591,1516,1524,1481,1505,1401,1383,1422,1506,1583,1642,1680,1782,1824,1847,1849,1870,1842,1850,1869,1973,1980,2061,2057,2075,2071,2058,2105,2068,2094,2196,2207,2244,2253,2332,2370,2455
 "08033","Dolores, CO",7,CAINC4,30,"...","Per capita personal income (dollars) 4/","Dollars",3101,2367,3045,3330,5424,6139,6192,5550,6740,6792,8572,9014,10776,10646,11203,12889,13715,11915,13933,15724,16365,14474,15538,18377,18676,18356,18486,17851,20243,20393,21413,20100,21003,19927,21258,21079,22717,22470,25242,23367,25182,24871,30310,29529,30958,32026,34304,31256,32230,33280,35727,39242,40752,38962
 "08033","Dolores, CO",7,CAINC4,35,"...","Earnings by place of work ","Thousands of dollars",3329,2232,3208,3189,6047,6025,6553,4864,4925,4577,6003,6632,9131,8536,10257,11914,11679,8825,11035,14644,14657,12142,11775,14660,14606,15198,14530,13354,16581,17319,19424,16217,16395,15545,16116,15620,17367,17780,21208,18684,18402,18341,24951,23098,29498,56371,58643,26558,30052,30686,32279,30735,34632,35031
 "08033","Dolores, CO",7,CAINC4,36,"...","Less: Contributions for government social insurance 5/","Thousands of dollars",113,106,136,105,132,153,217,239,219,232,283,326,471,553,631,674,687,637,748,1011,1205,1139,1132,1229,1328,1447,1329,1326,1313,1320,1460,1426,1438,1632,1562,1574,1671,1889,2199,2224,2121,2124,1999,2373,3563,7135,6810,3102,3484,3582,3709,3885,4140,4808
 "08033","Dolores, CO",7,CAINC4,37,"..."," Employee and self-employed contributions for government social insurance ","Thousands of dollars",64,62,77,65,79,90,123,130,121,125,153,178,245,295,326,364,400,382,450,590,678,644,643,687,759,857,823,824,833,886,956,914,889,970,899,917,1001,1128,1297,1324,1340,1350,1175,1350,1915,3341,3506,1853,2050,2158,2245,2398,2564,2919
 "08033","Dolores, CO",7,CAINC4,38,"..."," Employer contributions for government social insurance ","Thousands of dollars",49,44,59,40,53,63,94,109,98,107,130,148,226,258,305,310,287,255,298,421,527,495,489,542,569,590,506,502,480,434,504,512,549,662,663,657,670,761,902,900,781,774,824,1023,1648,3794,3304,1249,1434,1424,1464,1487,1576,1889
 "08033","Dolores, CO",7,CAINC4,42,"...","Plus: Adjustment for residence 6/","Thousands of dollars",270,379,300,509,481,613,757,1043,1680,2045,2729,3321,3089,2660,2256,1928,1567,1749,1644,1290,1219,1616,1704,2074,2834,3365,4137,4400,4858,5815,6418,6845,6807,6577,6327,6453,7130,7154,7554,7323,8277,8978,11203,11997,9135,-14386,-13488,10881,9287,9990,11423,17877,15146,15349
 "08033","Dolores, CO",7,CAINC4,45,"...","Equals: Net earnings by place of residence ","Thousands of dollars",3486,2505,3372,3593,6396,6485,7093,5668,6386,6390,8449,9627,11749,10643,11882,13168,12559,9937,11931,14923,14671,12619,12347,15505,16112,17116,17338,16428,20126,21814,24382,21636,21764,20490,20881,20499,22826,23045,26563,23783,24558,25195,34155,32722,35070,34850,38345,34337,35855,37094,39993,44727,45638,45572
 "08033","Dolores, CO",7,CAINC4,46,"...","Plus: Dividends, interest, and rent 7/","Thousands of dollars",758,785,819,868,1194,1381,1596,1761,2092,2286,2600,3201,3905,4352,4958,5731,6028,5489,5377,5097,5611,5326,4857,5044,5296,5255,5916,6440,7229,7101,7144,7448,8364,7717,8624,9024,9412,9769,11587,12123,13862,11540,13901,12670,14025,14873,15804,15103,15407,15852,16252,17119,17051,17832
 "08033","Dolores, CO",7,CAINC4,47,"...","Plus: Personal current transfer receipts ","Thousands of dollars",507,575,654,741,893,987,1187,1307,1470,1620,1929,2144,2385,2774,2956,3051,3151,3531,3814,3944,3954,3838,4565,4866,5149,5273,6009,6443,6653,7426,7532,8040,8707,9057,9653,9473,10220,11519,11829,12254,13380,14873,14716,15378,16071,16507,17684,19198,19870,21735,24247,29667,33893,32247
 "08033","Dolores, CO",7,CAINC4,50,"...","Wages and salaries ","Thousands of dollars",1648,1551,1754,1282,1518,1681,2367,2580,2430,2580,2895,3188,4634,5255,5791,5787,5685,5229,6046,7212,8338,7083,6785,7311,7427,7800,7201,7348,7265,7934,8740,9438,9342,10249,9840,9810,9891,11117,12744,12878,12044,12236,12159,14339,20047,42485,44711,18948,21070,21378,22191,21997,23360,25719
 "08033","Dolores, CO",7,CAINC4,60,"...","Supplements to wages and salaries ","Thousands of dollars",192,179,204,170,197,234,333,382,365,393,447,512,812,984,1083,1091,1098,1063,1257,1578,1927,1743,1830,2159,2218,2288,1986,1992,1966,2026,2302,2451,2720,2772,2899,2975,2946,3151,3364,3409,3311,3350,3270,3681,4934,9957,9484,5159,5682,5971,5920,5687,5851,6195
 "08033","Dolores, CO",7,CAINC4,61,"..."," Employer contributions for employee pension and insurance funds 8/","Thousands of dollars",143,135,145,130,144,171,239,273,267,286,317,364,586,726,778,781,811,808,959,1157,1400,1248,1341,1617,1649,1698,1480,1490,1486,1592,1798,1939,2171,2110,2236,2318,2276,2390,2462,2509,2530,2576,2446,2658,3286,6163,6180,3910,4248,4547,4456,4200,4275,4306
 "08033","Dolores, CO",7,CAINC4,62,"..."," Employer contributions for government social insurance ","Thousands of dollars",49,44,59,40,53,63,94,109,98,107,130,148,226,258,305,310,287,255,298,421,527,495,489,542,569,590,506,502,480,434,504,512,549,662,663,657,670,761,902,900,781,774,824,1023,1648,3794,3304,1249,1434,1424,1464,1487,1576,1889
 "08033","Dolores, CO",7,CAINC4,70,"...","Proprietors' income 9/","Thousands of dollars",1489,502,1250,1737,4332,4110,3853,1902,2130,1604,2661,2932,3685,2297,3383,5036,4896,2533,3732,5854,4392,3316,3160,5190,4961,5110,5343,4014,7350,7359,8382,4328,4333,2524,3377,2835,4530,3512,5100,2397,3047,2755,9522,5078,4517,3929,4448,2451,3300,3337,4168,3051,5421,3117
 "08033","Dolores, CO",7,CAINC4,71,"..."," Farm proprietors' income ","Thousands of dollars",1013,-39,565,995,3572,3309,2991,919,1216,623,1622,1899,2663,1153,2173,3091,2573,319,1047,2770,1899,818,958,2834,1910,1101,1370,-210,2577,1638,2286,-356,283,-2146,-61,107,1232,-443,1078,-983,-446,-58,6132,140,-1004,-311,749,-701,-4,511,1513,182,1783,-669
 "08033","Dolores, CO",7,CAINC4,72,"..."," Nonfarm proprietors' income ","Thousands of dollars",476,541,685,742,760,801,862,983,914,981,1039,1033,1022,1144,1210,1945,2323,2214,2685,3084,2493,2498,2202,2356,3051,4009,3973,4224,4773,5721,6096,4684,4050,4670,3438,2728,3298,3955,4022,3380,3493,2813,3390,4938,5521,4240,3699,3152,3304,2826,2655,2869,3638,3786
 "08033","Dolores, CO",7,CAINC4,7010,"...","Total employment ","Number of jobs",691,640,602,550,548,576,640,647,623,623,607,623,763,797,794,794,756,720,756,855,873,814,782,749,806,874,824,861,872,888,938,975,1021,1002,1004,1006,1041,1060,1149,1098,1029,984,1016,1036,1099,1452,1371,1119,1196,1193,1199,1189,1250,1303
 "08033","Dolores, CO",7,CAINC4,7020,"..."," Wage and salary employment ","Number of jobs",371,338,325,274,279,281,336,350,337,350,344,360,483,510,517,509,472,436,475,532,554,459,447,431,439,450,426,426,420,443,481,502,490,472,485,475,455,477,496,484,437,434,442,466,545,847,815,554,594,593,594,578,600,628
 "08033","Dolores, CO",7,CAINC4,7040,"..."," Proprietors employment ","Number of jobs",320,302,277,276,269,295,304,297,286,273,263,263,280,287,277,285,284,284,281,323,319,355,335,318,367,424,398,435,452,445,457,473,531,530,519,531,586,583,653,614,592,550,574,570,554,605,556,565,602,600,605,611,650,675
 "08035","Douglas, CO",7,CAINC4,10,"...","Personal income (thousands of dollars) ","Thousands of dollars",39230,46154,54383,65665,83734,100850,119943,140729,171114,227884,290454,369541,461632,558944,654081,774937,887921,983228,1077379,1203697,1358895,1545585,2034347,2389186,2900996,3384827,4023719,4529620,5075719,5766030,6651417,7872624,8439940,8147389,8309339,9628743,11297376,13070095,14611699,15573775,15582534,15588470,16828234,18267141,19356916,20916754,19785387,19140913,20443256,24112813,26894380,30173610,33449724,37286156
 "08035","Douglas, CO",7,CAINC4,11,"..."," Nonfarm personal income 1/","Thousands of dollars",38717,45009,53806,65189,82732,99152,118098,139048,169367,227269,290264,368065,460722,556487,652285,773753,888790,985041,1077349,1203853,1359523,1546505,2035172,2391514,2902478,3386832,4024715,4529980,5075351,5764194,6648486,7869742,8435470,8139437,8306827,9624682,11294212,13068001,14610187,15574549,15581152,15589779,16826401,18270704,19356831,20915448,19781661,19136277,20437543,24109025,26891434,30169151,33447447,37284008
 "08035","Douglas, CO",7,CAINC4,12,"..."," Farm income 2/","Thousands of dollars",513,1145,577,476,1002,1698,1845,1681,1747,615,190,1476,910,2457,1796,1184,-869,-1813,30,-156,-628,-920,-825,-2328,-1482,-2005,-996,-360,368,1836,2931,2882,4470,7952,2512,4061,3164,2094,1512,-774,1382,-1309,1833,-3563,85,1306,3726,4636,5713,3788,2946,4459,2277,2148
 "08035","Douglas, CO",7,CAINC4,20,"...","Population (persons) 3/","Number of persons",7918,8629,9424,10439,11750,13119,14778,15884,17723,20759,23091,25619,27421,29829,32469,35697,38847,42300,46882,51304,55531,61670,67060,73707,81429,89796,101937,114690,130505,146164,162866,180121,196783,208911,220352,232508,243112,256136,267177,275500,281386,286995,292547,298680,306192,314497,321972,328245,335835,343189,351169,360303,369825,375988
 "08035","Douglas, CO",7,CAINC4,30,"...","Per capita personal income (dollars) 4/","Dollars",4955,5349,5771,6290,7126,7687,8116,8860,9655,10978,12579,14424,16835,18738,20145,21709,22857,23244,22981,23462,24471,25062,30336,32415,35626,37695,39473,39494,38893,39449,40840,43707,42890,38999,37709,41413,46470,51028,54689,56529,55378,54316,57523,61160,63218,66509,61451,58313,60873,70261,76585,83745,90447,99168
 "08035","Douglas, CO",7,CAINC4,35,"...","Earnings by place of work ","Thousands of dollars",15527,18250,21095,26056,34488,38916,46650,54481,64166,79108,91465,106660,118222,137502,158910,190362,210339,241429,278505,301635,334705,420167,480493,555276,643109,760791,937996,1128985,1422150,1802952,2203323,2661451,3425040,3629271,4033021,4753936,5308604,5760501,6434688,6541313,6671631,6743330,7191903,8441207,8824526,9634148,7797071,6361928,7351838,10129734,12213166,13508707,14811842,16760189
 "08035","Douglas, CO",7,CAINC4,36,"...","Less: Contributions for government social insurance 5/","Thousands of dollars",760,861,1049,1417,2191,2494,2947,3360,4173,5382,6792,8041,9796,11638,13460,16769,19610,22685,26247,29649,33824,44705,52627,60389,70949,85218,104000,123952,154969,185400,226078,273509,339209,370991,418464,504826,568737,616197,679769,706299,714043,721916,686395,773855,922382,1003111,1092262,1143974,1225337,1329636,1459124,1483764,1663067,1867281
 "08035","Douglas, CO",7,CAINC4,37,"..."," Employee and self-employed contributions for government social insurance ","Thousands of dollars",469,522,630,832,1244,1427,1669,1859,2272,2842,3564,4258,5161,6188,7002,8593,10306,12228,13885,15520,17781,22981,27131,30806,35635,42573,52068,62032,77726,95818,116460,139045,178382,187715,210424,250719,280380,310247,353808,363070,384153,388653,320336,377032,492800,538116,586593,613577,659591,728163,807952,821796,918941,1038515
 "08035","Douglas, CO",7,CAINC4,38,"..."," Employer contributions for government social insurance ","Thousands of dollars",291,339,419,585,947,1067,1278,1501,1901,2540,3228,3783,4635,5450,6458,8176,9304,10457,12362,14129,16043,21724,25496,29583,35314,42645,51932,61920,77243,89582,109618,134464,160827,183276,208040,254107,288357,305950,325961,343229,329890,333263,366059,396823,429582,464995,505669,530397,565746,601473,651172,661968,744126,828766
 "08035","Douglas, CO",7,CAINC4,42,"...","Plus: Adjustment for residence 6/","Thousands of dollars",14383,16377,19760,24121,29525,37123,44216,53230,68968,103237,144717,195701,258810,321226,373570,447033,517210,570913,620717,697376,785666,868156,1277244,1518695,1873875,2173539,2520726,2733126,2954512,3139860,3605681,4241680,3837005,3404656,3078680,3548529,4431497,5513587,6063599,6342221,5975878,6152086,6372518,6219667,6846812,7179353,7291741,7712671,8018581,8446026,8616272,9531554,10250344,12071373
 "08035","Douglas, CO",7,CAINC4,45,"...","Equals: Net earnings by place of residence ","Thousands of dollars",29150,33766,39806,48760,61822,73545,87919,104351,128961,176963,229390,294320,367236,447090,519020,620626,707939,789657,872975,969362,1086547,1243618,1705110,2013582,2446035,2849112,3354722,3738159,4221693,4757412,5582926,6629622,6922836,6662936,6693237,7797639,9171364,10657891,11818518,12177235,11933466,12173500,12878026,13887019,14748956,15810390,13996550,12930625,14145082,17246124,19370314,21556497,23399119,26964281
 "08035","Douglas, CO",7,CAINC4,46,"...","Plus: Dividends, interest, and rent 7/","Thousands of dollars",8240,10210,12114,14132,18475,23232,26618,30357,35490,43183,51682,63446,79005,93054,113407,129230,153026,163357,168972,195922,227340,248578,268081,302527,371857,442534,557019,662349,720823,865682,899128,1040146,1257044,1165299,1264865,1441258,1686600,1902911,2219745,2592207,2743711,2346306,2832595,3237547,3381114,3753533,4265895,4595218,4582490,4965567,5425783,5659777,6721156,7347856
 "08035","Douglas, CO",7,CAINC4,47,"...","Plus: Personal current transfer receipts ","Thousands of dollars",1840,2178,2463,2773,3437,4073,5406,6021,6663,7738,9382,11775,15391,18800,21654,25081,26956,30214,35432,38413,45008,53389,61156,73077,83104,93181,111978,129112,133203,142936,169363,202856,260060,319154,351237,389846,439412,509293,573436,804333,905357,1068664,1117613,1142575,1226846,1352831,1522942,1615070,1715684,1901122,2098283,2957336,3329449,2974019
 "08035","Douglas, CO",7,CAINC4,50,"...","Wages and salaries ","Thousands of dollars",8613,9965,11818,14636,19798,21831,26318,29984,36565,46142,56898,67048,77771,91103,103806,124495,141448,157302,185690,203754,229231,299273,344683,394593,456788,546195,673995,816509,1026456,1327682,1641773,2029135,2403360,2523533,2852760,3338048,3782717,4086379,4592860,4838419,4998851,5078341,5346125,6368006,6242069,6817291,7363110,7547133,8226219,8756716,9858952,9800943,11217720,12134389
 "08035","Douglas, CO",7,CAINC4,60,"...","Supplements to wages and salaries ","Thousands of dollars",893,1029,1241,1647,2270,2633,3418,3993,5159,6582,8457,10045,11940,14609,17751,21536,25484,29103,34318,38333,45392,59829,70894,88085,102385,120431,143234,167691,206019,259104,306763,381414,474528,509444,595980,690479,784950,808857,859287,897908,948368,939521,955571,1037666,1142883,1228800,1291244,1342200,1430566,1573447,1722215,1719391,1907797,2024246
 "08035","Douglas, CO",7,CAINC4,61,"..."," Employer contributions for employee pension and insurance funds 8/","Thousands of dollars",602,690,822,1062,1323,1566,2140,2492,3258,4042,5229,6262,7305,9159,11293,13360,16180,18646,21956,24204,29349,38105,45398,58502,67071,77786,91302,105771,128776,169522,197145,246950,313701,326168,387940,436372,496593,502907,533326,554679,618478,606258,589512,640843,713301,763805,785575,811803,864820,971974,1071043,1057423,1163671,1195480
 "08035","Douglas, CO",7,CAINC4,62,"..."," Employer contributions for government social insurance ","Thousands of dollars",291,339,419,585,947,1067,1278,1501,1901,2540,3228,3783,4635,5450,6458,8176,9304,10457,12362,14129,16043,21724,25496,29583,35314,42645,51932,61920,77243,89582,109618,134464,160827,183276,208040,254107,288357,305950,325961,343229,329890,333263,366059,396823,429582,464995,505669,530397,565746,601473,651172,661968,744126,828766
 "08035","Douglas, CO",7,CAINC4,70,"...","Proprietors' income 9/","Thousands of dollars",6021,7256,8036,9773,12420,14452,16914,20504,22442,26384,26110,29567,28511,31790,37353,44331,43407,55024,58497,59548,60082,61065,64916,72598,83936,94165,120767,144785,189675,216166,254787,250902,547152,596294,584281,725409,740937,865265,982541,804986,724412,725468,890207,1035535,1439574,1588057,-857283,-2527405,-2304947,-200429,631999,1988373,1686325,2601554
 "08035","Douglas, CO",7,CAINC4,71,"..."," Farm proprietors' income ","Thousands of dollars",-223,382,-129,-277,8,649,902,793,832,-428,-1427,-666,-1587,-468,-700,-949,-2663,-3140,-926,-1297,-1923,-2444,-2306,-3772,-3256,-4345,-3621,-2994,-2879,-1231,24,-371,1306,4626,-444,842,-459,-1427,-2577,-4831,-3329,-5557,-2538,-8772,-5711,-4372,-1036,-835,-137,-1910,-1259,-1609,-4286,-3426
 "08035","Douglas, CO",7,CAINC4,72,"..."," Nonfarm proprietors' income ","Thousands of dollars",6244,6874,8165,10050,12412,13803,16012,19711,21610,26812,27537,30233,30098,32258,38053,45280,46070,58164,59423,60845,62005,63509,67222,76370,87192,98510,124388,147779,192554,217397,254763,251273,545846,591668,584725,724567,741396,866692,985118,809817,727741,731025,892745,1044307,1445285,1592429,-856247,-2526570,-2304810,-198519,633258,1989982,1690611,2604980
 "08035","Douglas, CO",7,CAINC4,7010,"...","Total employment ","Number of jobs",2370,2658,3059,3704,4425,4605,4896,5445,6218,7134,8008,8879,9632,11363,12301,13654,14660,15481,16794,18729,19671,22055,24498,26294,29524,34628,39923,46396,55317,61953,68840,77333,98717,103449,111519,122602,132618,139110,146446,150300,149807,149157,153072,157953,166658,172229,180372,186212,193351,200893,204067,205674,219710,231621
 "08035","Douglas, CO",7,CAINC4,7020,"..."," Wage and salary employment ","Number of jobs",1553,1720,1936,2344,2901,2977,3191,3430,3787,4404,4971,5441,5953,6626,7225,8102,8771,9353,10667,11473,12612,14889,16277,17721,19978,23427,28041,32884,39985,47145,53479,61114,67461,69479,74363,82648,89599,93957,97034,99886,96403,96183,98418,102516,109591,114334,119739,123895,128403,133313,138828,134881,143285,148865
 "08035","Douglas, CO",7,CAINC4,7040,"..."," Proprietors employment ","Number of jobs",817,938,1123,1360,1524,1628,1705,2015,2431,2730,3037,3438,3679,4737,5076,5552,5889,6128,6127,7256,7059,7166,8221,8573,9546,11201,11882,13512,15332,14808,15361,16219,31256,33970,37156,39954,43019,45153,49412,50414,53404,52974,54654,55437,57067,57895,60633,62317,64948,67580,65239,70793,76425,82756
 "08037","Eagle, CO",7,CAINC4,10,"...","Personal income (thousands of dollars) ","Thousands of dollars",25673,29363,32589,39316,49170,56603,67696,83770,95819,115247,148868,179038,207809,234561,245686,279583,292984,300968,321417,373908,433961,496924,547582,662582,736960,812801,943453,1056652,1222286,1391858,1483712,1664786,1878967,1902208,1962454,2044628,2288590,2674961,3019156,2895935,2553038,2281599,2418350,2496727,2958086,3213595,3547319,3679205,3968599,4457400,4605822,4902584,5769133,6282742
 "08037","Eagle, CO",7,CAINC4,11,"..."," Nonfarm personal income 1/","Thousands of dollars",24660,28443,32130,38244,48067,56239,65823,82226,95548,115374,145896,176471,206130,233369,244652,279505,293854,302880,321812,374380,434794,497682,547737,662434,736696,813549,944096,1057302,1222539,1391358,1480988,1660993,1874699,1894750,1957287,2039358,2282690,2670672,3014634,2894475,2550159,2279600,2415501,2494882,2955703,3210552,3544497,3676709,3966038,4454369,4604465,4898487,5766220,6279715
 "08037","Eagle, CO",7,CAINC4,12,"..."," Farm income 2/","Thousands of dollars",1013,920,459,1072,1103,364,1873,1544,271,-127,2972,2567,1679,1192,1034,78,-870,-1912,-395,-472,-833,-758,-155,148,264,-748,-643,-650,-253,500,2724,3793,4268,7458,5167,5270,5900,4289,4522,1460,2879,1999,2849,1845,2383,3043,2822,2496,2561,3031,1357,4097,2913,3027
 "08037","Eagle, CO",7,CAINC4,20,"...","Population (persons) 3/","Number of persons",7015,7681,8519,8857,9561,10327,10692,11860,12577,12131,13289,13486,14120,15822,16585,16878,17496,18165,18426,19434,20783,22297,23941,25516,27315,29476,31595,33415,35879,38434,40443,41961,43238,44227,44995,45893,47205,48476,49803,51049,52513,52114,52129,52478,53030,53562,54220,55010,55528,55665,55834,55665,55773,55285
 "08037","Eagle, CO",7,CAINC4,30,"...","Per capita personal income (dollars) 4/","Dollars",3660,3823,3825,4439,5143,5481,6331,7063,7619,9500,11202,13276,14717,14825,14814,16565,16746,16569,17444,19240,20881,22287,22872,25967,26980,27575,29861,31622,34067,36214,36686,39675,43456,43010,43615,44552,48482,55181,60622,56729,48617,43781,46392,47577,55781,59998,65425,66882,71470,80075,82491,88073,103440,113643
 "08037","Eagle, CO",7,CAINC4,35,"...","Earnings by place of work ","Thousands of dollars",20964,23723,25622,30812,39031,44753,52735,66030,75324,90760,119783,144491,166699,183036,194463,229864,241522,249468,268023,305742,355561,415492,452693,555867,611131,665626,756137,849235,1003892,1131051,1217449,1317142,1504461,1515093,1512117,1567961,1780553,2066273,2287622,2070774,1742905,1507911,1475384,1430772,1792618,2011157,2175175,2287416,2353597,2558760,2719090,2854849,3208015,3576465
 "08037","Eagle, CO",7,CAINC4,36,"...","Less: Contributions for government social insurance 5/","Thousands of dollars",1270,1432,1579,1947,2866,3505,3936,5003,5855,7251,10036,12487,15716,17595,18710,22742,24743,25861,27451,32193,38302,45531,50940,60775,67365,75397,84590,93795,108862,113662,121192,130268,146575,152815,155194,168681,190403,212332,232719,224203,193265,179201,166602,170651,199005,215640,233438,243598,249767,266752,282396,285100,314330,359732
 "08037","Eagle, CO",7,CAINC4,37,"..."," Employee and self-employed contributions for government social insurance ","Thousands of dollars",646,720,801,993,1464,1764,1966,2440,2839,3448,4797,6013,7619,8649,9034,10903,12206,12905,13623,16032,19111,23135,26077,31853,34579,37539,42636,47323,55743,60801,64381,68746,78436,78094,78652,83678,94462,109313,124686,113117,99127,90038,71571,72720,99617,106493,116897,125385,127277,140145,147768,153800,169129,194482
 "08037","Eagle, CO",7,CAINC4,38,"..."," Employer contributions for government social insurance ","Thousands of dollars",624,712,778,954,1402,1741,1970,2563,3016,3803,5239,6474,8097,8946,9676,11839,12537,12956,13828,16161,19191,22396,24863,28922,32786,37858,41954,46472,53119,52861,56811,61522,68139,74721,76542,85003,95941,103019,108033,111086,94138,89163,95031,97931,99388,109147,116541,118213,122490,126607,134628,131300,145201,165250
 "08037","Eagle, CO",7,CAINC4,42,"...","Plus: Adjustment for residence 6/","Thousands of dollars",1107,822,972,1678,2391,3128,3878,4679,5260,6974,9229,10667,11890,14007,11519,7959,6694,7008,5904,6701,3820,1345,1516,562,1133,1493,-957,-1780,-4697,-3058,1422,28581,16863,31003,44143,19080,2600,5806,37664,49323,43240,53634,74621,76993,97874,85799,91817,113974,115368,163826,130149,64753,81601,113065
 "08037","Eagle, CO",7,CAINC4,45,"...","Equals: Net earnings by place of residence ","Thousands of dollars",20801,23113,25015,30543,38556,44376,52677,65706,74729,90483,118976,142671,162873,179448,187272,215081,223473,230615,246476,280250,321079,371306,403269,495654,544899,591722,670590,753660,890333,1014331,1097679,1215455,1374749,1393281,1401066,1418360,1592750,1859747,2092567,1895894,1592880,1382344,1383403,1337114,1691487,1881316,2033554,2157792,2219198,2455834,2566843,2634502,2975286,3329798
 "08037","Eagle, CO",7,CAINC4,46,"...","Plus: Dividends, interest, and rent 7/","Thousands of dollars",3557,4551,5481,6571,8005,9147,10629,12803,15761,19040,23748,29041,36194,44328,45893,52621,57989,58177,62038,80337,97337,108080,124668,143402,167371,194440,243317,271289,300210,344634,350227,408722,455360,451513,500273,563920,625623,739328,843872,883355,826037,737225,870174,997622,1098631,1148461,1303130,1297629,1515613,1743293,1762909,1798920,2321062,2563594
 "08037","Eagle, CO",7,CAINC4,47,"...","Plus: Personal current transfer receipts ","Thousands of dollars",1315,1699,2093,2202,2609,3080,4390,5261,5329,5724,6144,7326,8742,10785,12521,11881,11522,12176,12903,13321,15545,17538,19645,23526,24690,26639,29546,31703,31743,32893,35806,40609,48858,57414,61115,62348,70217,75886,82717,116686,134121,162030,164773,161991,167968,183818,210635,223784,233788,258273,276070,469162,472785,389350
 "08037","Eagle, CO",7,CAINC4,50,"...","Wages and salaries ","Thousands of dollars",14918,17268,18456,21317,27291,32584,37079,46434,53445,64315,85059,106712,126452,141048,147143,170532,180680,183153,196774,221296,259432,296932,324006,373462,420490,474974,533123,600941,693997,785354,852309,929417,982380,971672,988521,1052364,1168694,1305534,1394745,1448251,1259782,1187301,1197976,1233294,1299537,1386325,1488834,1536262,1618706,1695307,1830318,1811219,2023052,2231782
 "08037","Eagle, CO",7,CAINC4,60,"...","Supplements to wages and salaries ","Thousands of dollars",1481,1769,1946,2342,2997,3734,4618,5756,7208,8665,11381,14054,16921,19194,21878,26242,29085,31232,33445,38402,46946,55315,61550,75404,85826,95390,102189,113003,129331,138979,152232,168985,180178,182320,187811,201817,222913,231277,244639,253072,237552,224067,216106,226018,240377,262916,272844,279461,289433,310003,327672,322398,350135,372581
 "08037","Eagle, CO",7,CAINC4,61,"..."," Employer contributions for employee pension and insurance funds 8/","Thousands of dollars",857,1057,1168,1388,1595,1993,2648,3193,4192,4862,6142,7580,8824,10248,12202,14403,16548,18276,19617,22241,27755,32919,36687,46482,53040,57532,60235,66531,76212,86118,95421,107463,112039,107599,111269,116814,126972,128258,136606,141986,143414,134904,121075,128087,140989,153769,156303,161248,166943,183396,193044,191098,204934,207331
 "08037","Eagle, CO",7,CAINC4,62,"..."," Employer contributions for government social insurance ","Thousands of dollars",624,712,778,954,1402,1741,1970,2563,3016,3803,5239,6474,8097,8946,9676,11839,12537,12956,13828,16161,19191,22396,24863,28922,32786,37858,41954,46472,53119,52861,56811,61522,68139,74721,76542,85003,95941,103019,108033,111086,94138,89163,95031,97931,99388,109147,116541,118213,122490,126607,134628,131300,145201,165250
 "08037","Eagle, CO",7,CAINC4,70,"...","Proprietors' income 9/","Thousands of dollars",4565,4686,5220,7153,8743,8435,11038,13840,14671,17780,23343,23725,23326,22794,25442,33090,31757,35083,37804,46044,49183,63245,67137,107001,104815,95262,120825,135291,180564,206718,212908,218740,341903,361101,335785,313780,388946,529462,648238,369451,245571,96543,61302,-28540,252704,361916,413497,471693,445458,553450,561100,721232,834828,972102
 "08037","Eagle, CO",7,CAINC4,71,"..."," Farm proprietors' income ","Thousands of dollars",544,476,82,698,660,-66,1489,1184,-100,-559,2416,1906,965,385,279,-657,-1593,-2571,-1034,-1110,-1443,-1391,-696,-316,-314,-1521,-1524,-1544,-1370,-455,1908,2977,3564,6820,4431,4305,4636,2904,2740,-463,469,-325,339,-1296,-1126,-333,-41,-798,-962,-457,-1199,365,-1160,-373
 "08037","Eagle, CO",7,CAINC4,72,"..."," Nonfarm proprietors' income ","Thousands of dollars",4021,4210,5138,6455,8083,8501,9549,12656,14771,18339,20927,21819,22361,22409,25163,33747,33350,37654,38838,47154,50626,64636,67833,107317,105129,96783,122349,136835,181934,207173,211000,215763,338339,354281,331354,309475,384310,526558,645498,369914,245102,96868,60963,-27244,253830,362249,413538,472491,446420,553907,562299,720867,835988,972475
 "08037","Eagle, CO",7,CAINC4,7010,"...","Total employment ","Number of jobs",3322,3641,3689,4426,5166,5882,6464,7224,7898,8891,10042,11122,12031,12546,13108,14710,15309,15384,15774,17216,18861,19952,20868,21984,23977,26413,28344,30373,33722,35966,36983,38381,38331,37601,37016,38301,40277,42360,44545,45386,42246,40791,41171,41711,42827,44076,45704,46808,47606,48938,48974,46022,49370,51613
 "08037","Eagle, CO",7,CAINC4,7020,"..."," Wage and salary employment ","Number of jobs",2786,3060,3013,3554,4114,4735,5248,5824,6270,7095,8035,8855,9402,9803,10062,11319,11700,11550,11990,12935,14571,15673,16097,17089,18647,20805,22276,23904,26134,27761,28849,29808,30050,29194,28471,29267,30779,32287,33566,33985,30716,29146,29220,29758,30348,31461,32654,33314,34074,34994,35763,31861,34620,35769
 "08037","Eagle, CO",7,CAINC4,7040,"..."," Proprietors employment ","Number of jobs",536,581,676,872,1052,1147,1216,1400,1628,1796,2007,2267,2629,2743,3046,3391,3609,3834,3784,4281,4290,4279,4771,4895,5330,5608,6068,6469,7588,8205,8134,8573,8281,8407,8545,9034,9498,10073,10979,11401,11530,11645,11951,11953,12479,12615,13050,13494,13532,13944,13211,14161,14750,15844
 "08039","Elbert, CO",7,CAINC4,10,"...","Personal income (thousands of dollars) ","Thousands of dollars",14183,14153,14622,19066,23251,26108,31443,33133,41434,49182,58378,73337,82153,94745,108145,122744,130992,136188,146651,155865,162181,173676,189641,221333,260282,305044,350087,401905,419674,476725,537482,626684,691631,683258,689299,768949,812857,837303,902387,957268,961693,904359,1111392,1034443,1109563,1184427,1254144,1333528,1399703,1525438,1608888,1724302,1948630,2120057
 "08039","Elbert, CO",7,CAINC4,11,"..."," Nonfarm personal income 1/","Thousands of dollars",11702,12196,13405,15685,19748,23209,26888,31153,36703,45874,56935,71002,82173,93645,105004,118860,127827,133587,140313,149320,158166,169520,187043,217745,257370,307598,351407,406948,424659,481196,538801,627382,691915,685097,692264,767607,811763,842759,905402,967455,966836,910285,1106529,1039669,1116228,1191807,1263936,1349294,1421199,1546016,1631334,1745227,1970873,2155913
 "08039","Elbert, CO",7,CAINC4,12,"..."," Farm income 2/","Thousands of dollars",2481,1957,1217,3381,3503,2899,4555,1980,4731,3308,1443,2335,-20,1100,3141,3884,3165,2601,6338,6545,4015,4156,2598,3588,2912,-2554,-1320,-5043,-4985,-4471,-1319,-698,-284,-1839,-2965,1342,1094,-5456,-3015,-10187,-5143,-5926,4863,-5226,-6665,-7380,-9792,-15766,-21496,-20578,-22446,-20925,-22243,-35856
 "08039","Elbert, CO",7,CAINC4,20,"...","Population (persons) 3/","Number of persons",3943,3924,3980,4090,4689,4730,4962,5306,5366,5588,6198,6904,7105,7432,7723,8008,8171,8306,8817,9149,9295,9752,10247,10743,11523,12810,14423,15841,17011,18077,19170,20060,21094,21678,21834,21977,22182,22423,22402,22634,22965,23114,23058,23064,23233,23622,24113,24498,24987,25400,25720,26207,27133,27799
 "08039","Elbert, CO",7,CAINC4,30,"...","Per capita personal income (dollars) 4/","Dollars",3597,3607,3674,4662,4959,5520,6337,6244,7722,8801,9419,10622,11563,12748,14003,15328,16031,16396,16633,17036,17448,17809,18507,20603,22588,23813,24273,25371,24671,26372,28038,31240,32788,31518,31570,34989,36645,37341,40282,42293,41876,39126,48200,44851,47758,50141,52011,54434,56017,60057,62554,65795,71818,76264
 "08039","Elbert, CO",7,CAINC4,35,"...","Earnings by place of work ","Thousands of dollars",6472,6700,6149,9013,10214,10380,13478,12098,15520,15630,15460,17725,15901,18776,22995,26642,27020,28179,33616,37269,35213,36674,37805,48278,56028,60741,69236,76522,88032,104135,134293,148851,192389,207861,203723,208326,207787,202384,199911,185652,182732,180333,198202,199957,227946,229614,241252,253640,263446,303130,312801,320865,364483,402048
 "08039","Elbert, CO",7,CAINC4,36,"...","Less: Contributions for government social insurance 5/","Thousands of dollars",205,233,248,304,413,473,546,610,684,744,900,1018,1142,1305,1467,1814,1978,2172,2311,2704,2884,3099,3446,4335,5245,6297,7140,8050,8924,9488,11569,13199,16505,18798,19036,19858,20892,21309,21379,20998,20003,19900,18891,20228,25224,25394,27346,29982,31660,35486,37853,37049,41562,49242
 "08039","Elbert, CO",7,CAINC4,37,"..."," Employee and self-employed contributions for government social insurance ","Thousands of dollars",129,149,156,189,250,285,328,345,384,424,523,597,664,770,849,1022,1152,1267,1339,1606,1747,1835,2124,2645,3166,3820,4138,4656,5230,5742,7030,7691,9852,10567,10577,10944,11225,11580,11733,11576,11811,11897,10442,11209,14563,14816,16270,18257,19364,22468,23849,22906,25366,29962
 "08039","Elbert, CO",7,CAINC4,38,"..."," Employer contributions for government social insurance ","Thousands of dollars",76,84,92,115,163,188,218,265,300,320,377,421,478,535,618,792,826,905,972,1098,1137,1264,1322,1690,2079,2477,3002,3394,3694,3746,4539,5508,6653,8231,8459,8914,9667,9729,9646,9422,8192,8003,8449,9019,10661,10578,11076,11725,12296,13018,14004,14143,16196,19280
 "08039","Elbert, CO",7,CAINC4,42,"...","Plus: Adjustment for residence 6/","Thousands of dollars",3879,3072,3582,4499,5840,7385,9291,11926,15708,21490,28535,37614,44900,52267,57526,64687,70652,73746,77809,82518,88073,96504,110010,127493,152571,184469,212705,248463,254973,294226,320562,385701,392524,357144,351615,401595,442030,464969,491682,522034,549256,502788,651435,574737,607918,651036,680082,740451,773569,812050,864322,908434,991611,1134878
 "08039","Elbert, CO",7,CAINC4,45,"...","Equals: Net earnings by place of residence ","Thousands of dollars",10146,9539,9483,13208,15641,17292,22223,23414,30544,36376,43095,54321,59659,69738,79054,89515,95694,99753,109114,117083,120402,130079,144369,171436,203354,238913,274801,316935,334081,388873,443286,521353,568408,546207,536302,590063,628925,646044,670214,686688,711985,663221,830746,754466,810640,855256,893988,964109,1005355,1079694,1139270,1192250,1314532,1487684
 "08039","Elbert, CO",7,CAINC4,46,"...","Plus: Dividends, interest, and rent 7/","Thousands of dollars",2957,3400,3764,4334,5760,6689,6608,6862,7767,9434,11162,14036,16598,18394,21713,25200,26946,27627,27933,29066,30274,30853,30866,33642,38098,46007,51599,59990,58414,61030,64097,72191,84580,92781,106084,128328,128720,129473,164606,186373,156034,132431,166703,165335,176628,197759,215703,212836,229732,266255,280549,281437,342870,371606
 "08039","Elbert, CO",7,CAINC4,47,"...","Plus: Personal current transfer receipts ","Thousands of dollars",1080,1214,1375,1524,1850,2127,2612,2857,3123,3372,4121,4980,5896,6613,7378,8029,8352,8808,9604,9716,11505,12744,14406,16255,18830,20124,23687,24980,27179,26822,30099,33140,38643,44270,46913,50558,55212,61786,67567,84207,93674,108707,113943,114642,122295,131412,144453,156583,164616,179489,189069,250615,291228,260767
 "08039","Elbert, CO",7,CAINC4,50,"...","Wages and salaries ","Thousands of dollars",2508,2765,2908,3299,4036,4433,5244,5803,6522,7223,8197,9262,10031,11105,11922,13944,14584,15622,16957,18224,18482,19864,20475,24568,28519,33274,40540,47066,51757,60610,73279,89039,104168,114255,116120,118526,125852,128204,130268,129451,116928,114396,115301,121660,139757,138477,148743,157548,166655,183031,198724,204399,240307,273598
 "08039","Elbert, CO",7,CAINC4,60,"...","Supplements to wages and salaries ","Thousands of dollars",273,309,362,452,535,620,774,900,1043,1155,1305,1503,1676,1976,2226,2587,2888,3207,3445,3848,4303,4801,5204,6837,7878,8938,10321,11535,12718,14083,16897,20193,23497,25922,27300,28160,30077,29588,29751,29552,28460,27566,26540,27602,31585,32691,33573,35015,36383,39747,42093,43057,48044,53433
 "08039","Elbert, CO",7,CAINC4,61,"..."," Employer contributions for employee pension and insurance funds 8/","Thousands of dollars",197,225,270,337,372,432,556,635,743,835,928,1082,1198,1441,1608,1795,2062,2302,2473,2750,3166,3537,3882,5147,5799,6461,7319,8141,9024,10337,12358,14685,16844,17691,18841,19246,20410,19859,20105,20130,20268,19563,18091,18583,20924,22113,22497,23290,24087,26729,28089,28914,31848,34153
 "08039","Elbert, CO",7,CAINC4,62,"..."," Employer contributions for government social insurance ","Thousands of dollars",76,84,92,115,163,188,218,265,300,320,377,421,478,535,618,792,826,905,972,1098,1137,1264,1322,1690,2079,2477,3002,3394,3694,3746,4539,5508,6653,8231,8459,8914,9667,9729,9646,9422,8192,8003,8449,9019,10661,10578,11076,11725,12296,13018,14004,14143,16196,19280
 "08039","Elbert, CO",7,CAINC4,70,"...","Proprietors' income 9/","Thousands of dollars",3691,3626,2879,5262,5643,5327,7460,5395,7955,7252,5958,6960,4194,5695,8847,10111,9548,9350,13214,15197,12428,12009,12126,16873,19631,18529,18375,17921,23557,29442,44117,39619,64724,67684,60303,61640,51858,44592,39892,26649,37344,38371,56361,50695,56604,58446,58936,61077,60408,80352,71984,73409,76132,75017
 "08039","Elbert, CO",7,CAINC4,71,"..."," Farm proprietors' income ","Thousands of dollars",1903,1339,623,2731,2591,1900,3533,908,3520,1752,-128,810,-1430,-252,1886,2710,2055,1639,5462,5572,2980,2978,1487,2523,1729,-3981,-2788,-6402,-6541,-6213,-3225,-3130,-2916,-4842,-5554,-1411,-1898,-8290,-6214,-13274,-8664,-9055,1695,-8962,-10831,-11437,-13207,-19691,-25696,-24693,-25477,-25311,-27004,-39879
 "08039","Elbert, CO",7,CAINC4,72,"..."," Nonfarm proprietors' income ","Thousands of dollars",1788,2287,2256,2531,3052,3427,3927,4487,4435,5500,6086,6150,5624,5947,6961,7401,7493,7711,7752,9625,9448,9031,10639,14350,17902,22510,21163,24323,30098,35655,47342,42749,67640,72526,65857,63051,53756,52882,46106,39923,46008,47426,54666,59657,67435,69883,72143,80768,86104,105045,97461,98720,103136,114896
 "08039","Elbert, CO",7,CAINC4,7010,"...","Total employment ","Number of jobs",1445,1474,1460,1505,1669,1708,1740,1849,1960,2001,2044,2174,2178,2372,2505,2633,2676,2754,2834,3055,3081,3228,3317,3404,3888,4314,4710,5250,5725,6380,7077,7591,7391,7764,7812,7965,8312,8282,8689,8418,7943,7934,7919,7816,8181,8209,8523,9691,9902,10497,10247,10476,11040,11785
 "08039","Elbert, CO",7,CAINC4,7020,"..."," Wage and salary employment ","Number of jobs",605,623,624,674,752,786,834,886,958,979,1005,1090,1094,1114,1183,1224,1214,1251,1338,1383,1399,1408,1430,1523,1649,1774,2060,2274,2481,2729,3149,3479,3707,3964,4015,4046,4191,4135,4054,3869,3517,3484,3424,3463,3709,3695,3874,3982,4070,4218,4338,4256,4534,4937
 "08039","Elbert, CO",7,CAINC4,7040,"..."," Proprietors employment ","Number of jobs",840,851,836,831,917,922,906,963,1002,1022,1039,1084,1084,1258,1322,1409,1462,1503,1496,1672,1682,1820,1887,1881,2239,2540,2650,2976,3244,3651,3928,4112,3684,3800,3797,3919,4121,4147,4635,4549,4426,4450,4495,4353,4472,4514,4649,5709,5832,6279,5909,6220,6506,6848
 "08041","El Paso, CO",7,CAINC4,10,"...","Personal income (thousands of dollars) ","Thousands of dollars",899759,1056680,1153168,1349982,1552657,1704820,1833352,1976571,2140910,2470768,2820968,3203776,3751296,4148912,4551974,5144429,5659642,6093422,6448122,6843763,7186173,7382543,7850250,8544190,9068984,9799362,10709180,11514333,12180125,13579571,14588877,15969141,16674608,17121120,17570530,18294153,19438823,20548925,21707448,22657231,22972668,24026703,25662942,26571393,26837494,28411452,29834190,30742259,32462334,34353625,36607456,39915623,44024239,45230988
 "08041","El Paso, CO",7,CAINC4,11,"..."," Nonfarm personal income 1/","Thousands of dollars",897456,1054204,1150833,1347223,1547680,1701770,1829269,1971620,2135927,2466697,2819845,3201613,3750815,4146022,4549820,5142745,5659047,6093119,6446104,6843062,7185228,7382334,7849489,8541529,9067061,9799929,10709929,11514958,12180111,13579108,14587672,15965863,16669825,17118018,17569646,18285953,19433870,20546970,21708465,22659411,22972463,24026198,25657783,26568189,26834805,28408289,29830060,30740323,32461531,34353350,36608702,39914539,44025493,45237882
 "08041","El Paso, CO",7,CAINC4,12,"..."," Farm income 2/","Thousands of dollars",2303,2476,2335,2759,4977,3050,4083,4951,4983,4071,1123,2163,481,2890,2154,1684,595,303,2018,701,945,209,761,2661,1923,-567,-749,-625,14,463,1205,3278,4783,3102,884,8200,4953,1955,-1017,-2180,205,505,5159,3204,2689,3163,4130,1936,803,275,-1246,1084,-1254,-6894
 "08041","El Paso, CO",7,CAINC4,20,"...","Population (persons) 3/","Number of persons",228797,238149,250170,268911,289925,294270,293947,291540,301005,305086,309248,312043,321747,332335,343973,354326,370274,382860,394843,396073,397485,397491,404419,422062,437105,457150,469757,478381,486934,498062,509044,519938,535864,544145,547549,556667,565800,580251,586783,597919,608061,627155,637718,646527,656100,664192,675635,690551,703066,715333,724879,732342,737228,740567
 "08041","El Paso, CO",7,CAINC4,30,"...","Per capita personal income (dollars) 4/","Dollars",3933,4437,4610,5020,5355,5793,6237,6780,7113,8099,9122,10267,11659,12484,13234,14519,15285,15916,16331,17279,18079,18573,19411,20244,20748,21436,22797,24069,25014,27265,28659,30714,31117,31464,32089,32864,34356,35414,36994,37893,37780,38311,40242,41099,40905,42776,44157,44518,46173,48025,50501,54504,59716,61076
 "08041","El Paso, CO",7,CAINC4,35,"...","Earnings by place of work ","Thousands of dollars",692955,793612,868896,1030335,1186697,1286278,1350124,1455729,1562081,1794890,2063588,2315110,2713430,2991330,3286804,3767397,4163972,4512692,4794447,5139858,5279880,5387059,5787589,6324273,6717102,7282652,7863255,8518462,9114776,10278460,11268932,12427892,12974559,13283923,13576486,14182172,15131162,15741746,16213414,16422157,16657939,17292040,18029657,18502116,18931940,19795365,20534817,21227692,22442653,23658854,25161909,26615998,28705053,30460654
 "08041","El Paso, CO",7,CAINC4,36,"...","Less: Contributions for government social insurance 5/","Thousands of dollars",36852,43892,50343,62721,80073,90497,96303,105452,113497,131546,160523,184143,232064,257673,293212,350186,399171,438260,463747,516107,547053,573898,631384,692710,747539,815345,871856,938918,1001745,1062470,1146581,1255282,1324446,1390491,1429917,1536557,1645938,1719158,1770698,1818126,1847429,1918555,1825489,1875692,2104880,2207575,2309001,2375192,2501438,2627388,2775778,2932605,3122358,3413704
 "08041","El Paso, CO",7,CAINC4,37,"..."," Employee and self-employed contributions for government social insurance ","Thousands of dollars",17457,19854,22290,27317,36593,41737,42820,46056,50983,60046,73993,85756,109275,123765,137734,161868,189534,208394,221028,248086,261968,272727,300953,325208,350699,387409,420400,455543,486561,540601,587260,638602,672526,683124,692398,730011,771017,807423,842029,857505,877780,903364,732133,751627,991238,1033000,1088399,1147446,1216594,1308718,1384492,1473613,1568536,1729561
 "08041","El Paso, CO",7,CAINC4,38,"..."," Employer contributions for government social insurance ","Thousands of dollars",19395,24038,28053,35404,43480,48760,53483,59396,62514,71500,86530,98387,122789,133908,155478,188318,209637,229866,242719,268021,285085,301171,330431,367502,396840,427936,451456,483375,515184,521869,559321,616680,651920,707367,737519,806546,874921,911735,928669,960621,969649,1015191,1093356,1124065,1113642,1174575,1220602,1227746,1284844,1318670,1391286,1458992,1553822,1684143
 "08041","El Paso, CO",7,CAINC4,42,"...","Plus: Adjustment for residence 6/","Thousands of dollars",-4848,-6311,-5468,-4401,-203,3746,7827,13659,20206,26587,35480,48284,44013,40495,32965,21903,12391,1947,-5161,-11397,-17049,-5697,-8997,1248,-516,-22386,-26605,-47103,-47742,-50915,-45912,-43357,-47727,-52592,-49420,-59682,-69627,-47412,-17713,5503,31079,76932,135367,380942,275863,388279,426651,344239,423197,409156,542981,426455,449570,498918
 "08041","El Paso, CO",7,CAINC4,45,"...","Equals: Net earnings by place of residence ","Thousands of dollars",651255,743409,813085,963213,1106421,1199527,1261648,1363936,1468790,1689931,1938545,2179251,2525379,2774152,3026557,3439114,3777192,4076379,4325539,4612354,4715778,4807464,5147208,5632811,5969047,6444921,6964794,7532441,8065289,9165075,10076439,11129253,11602386,11840840,12097149,12585933,13415597,13975176,14425003,14609534,14841589,15450417,16339535,17007366,17102923,17976069,18652467,19196739,20364412,21440622,22929112,24109848,26032265,27545868
 "08041","El Paso, CO",7,CAINC4,46,"...","Plus: Dividends, interest, and rent 7/","Thousands of dollars",200108,253251,266558,300794,343827,388341,423260,453033,503382,595645,673711,777084,930692,1042474,1154401,1298398,1445067,1542920,1603914,1677712,1849992,1897097,1936397,2046828,2175022,2365351,2632448,2826432,2920547,3176515,3181424,3429219,3496645,3511017,3589014,3729912,3863728,4227538,4732733,4988475,4665031,4567333,5130980,5323716,5356310,5736861,5976935,6075021,6410979,6724814,7134562,7285998,8297169,8889426
 "08041","El Paso, CO",7,CAINC4,47,"...","Plus: Personal current transfer receipts ","Thousands of dollars",48396,60020,73525,85975,102409,116952,148444,159602,168738,185192,208712,247441,295225,332286,371016,406917,437383,474123,518669,553697,620403,677982,766645,864551,924915,989090,1111938,1155460,1194289,1237981,1331014,1410669,1575577,1769263,1884367,1978308,2159498,2346211,2549712,3059222,3466048,4008953,4192427,4240311,4378261,4698522,5204788,5470499,5686943,6188189,6543782,8519777,9694805,8795694
 "08041","El Paso, CO",7,CAINC4,50,"...","Wages and salaries ","Thousands of dollars",527434,601530,652533,773755,890656,960156,997058,1068124,1144287,1306259,1513945,1714321,2033218,2256822,2466462,2827489,3131783,3386797,3580860,3760593,3946554,4078107,4353601,4709540,4985587,5451325,5912679,6412160,6934351,7705754,8299630,9169646,9661986,9759819,9944613,10462511,11169264,11702622,12179313,12568021,12586337,12956763,13396145,13748501,13959194,14551602,15185456,15635692,16596525,17405409,18524346,19458887,21023208,22409509
 "08041","El Paso, CO",7,CAINC4,60,"...","Supplements to wages and salaries ","Thousands of dollars",104454,124961,137470,166167,189126,208332,223618,236733,249636,281152,322166,364123,445869,492602,552902,638126,714961,784729,824529,888733,952173,975759,1063703,1192924,1247291,1333794,1382945,1444388,1530100,1630068,1750877,1960027,2101510,2232374,2435075,2564554,2823413,2835905,2896485,3002870,3211356,3384813,3477110,3568898,3601639,3758908,3793013,3847778,3988817,4236788,4467169,4674938,5004165,5173322
 "08041","El Paso, CO",7,CAINC4,61,"..."," Employer contributions for employee pension and insurance funds 8/","Thousands of dollars",85059,100923,109417,130763,145646,159572,170135,177337,187122,209652,235636,265736,323080,358694,397424,449808,505324,554863,581810,620712,667088,674588,733272,825422,850451,905858,931489,961013,1014916,1108199,1191556,1343347,1449590,1525007,1697556,1758008,1948492,1924170,1967816,2042249,2241707,2369622,2383754,2444833,2487997,2584333,2572411,2620032,2703973,2918118,3075883,3215946,3450343,3489179
 "08041","El Paso, CO",7,CAINC4,62,"..."," Employer contributions for government social insurance ","Thousands of dollars",19395,24038,28053,35404,43480,48760,53483,59396,62514,71500,86530,98387,122789,133908,155478,188318,209637,229866,242719,268021,285085,301171,330431,367502,396840,427936,451456,483375,515184,521869,559321,616680,651920,707367,737519,806546,874921,911735,928669,960621,969649,1015191,1093356,1124065,1113642,1174575,1220602,1227746,1284844,1318670,1391286,1458992,1553822,1684143
 "08041","El Paso, CO",7,CAINC4,70,"...","Proprietors' income 9/","Thousands of dollars",61067,67121,78893,90413,106915,117790,129448,150872,168158,207479,227477,236666,234343,241906,267440,301782,317228,341166,389058,490532,381153,333193,370285,421809,484224,497533,567631,661914,650325,942638,1218425,1298219,1211063,1291730,1196798,1155107,1138485,1203219,1137616,851266,860246,950464,1156402,1184717,1371107,1484855,1556348,1744222,1857311,2016657,2170394,2482173,2677680,2877823
 "08041","El Paso, CO",7,CAINC4,71,"..."," Farm proprietors' income ","Thousands of dollars",991,1158,1144,1517,3390,1413,2331,3040,2741,1076,-1932,-831,-2278,188,-361,-717,-1788,-1900,-177,-1635,-1434,-2416,-1646,395,-866,-4294,-4900,-4812,-5166,-4811,-4226,-3095,-1893,-4436,-5460,1707,-2046,-4479,-8122,-8538,-6633,-5249,-357,-2970,-4202,-3520,-1511,-4549,-6133,-6540,-6255,-6196,-9167,-13552
 "08041","El Paso, CO",7,CAINC4,72,"..."," Nonfarm proprietors' income ","Thousands of dollars",60076,65963,77749,88896,103525,116377,127117,147832,165417,206403,229409,237497,236621,241718,267801,302499,319016,343066,389235,492167,382587,335609,371931,421414,485090,501827,572531,666726,655491,947449,1222651,1301314,1212956,1296166,1202258,1153400,1140531,1207698,1145738,859804,866879,955713,1156759,1187687,1375309,1488375,1557859,1748771,1863444,2023197,2176649,2488369,2686847,2891375
 "08041","El Paso, CO",7,CAINC4,7010,"...","Total employment ","Number of jobs",111947,115291,116279,127406,139337,140826,137676,141229,145230,151766,161629,167390,175539,182088,188992,206053,217076,222722,225742,231975,234478,231262,237016,244587,255038,271060,282422,294504,305381,316473,324542,334881,338608,336322,336957,342799,353692,359648,366910,366287,360005,360637,366596,367929,375154,383449,392903,400233,413831,424982,432491,434494,453434,472505
 "08041","El Paso, CO",7,CAINC4,7020,"..."," Wage and salary employment ","Number of jobs",98734,101461,100639,109790,120129,120966,117809,120243,122515,128209,137223,141206,148404,152143,157516,171946,181476,185931,189976,191940,195133,193206,195418,202096,210406,223201,232634,241628,249598,258383,267192,274668,276665,272713,270910,274564,282337,285889,287422,287431,280479,282304,286725,288090,293536,299631,306770,311227,320028,326754,335472,328945,340390,350743
 "08041","El Paso, CO",7,CAINC4,7040,"..."," Proprietors employment ","Number of jobs",13213,13830,15640,17616,19208,19860,19867,20986,22715,23557,24406,26184,27135,29945,31476,34107,35600,36791,35766,40035,39345,38056,41598,42491,44632,47859,49788,52876,55783,58090,57350,60213,61943,63609,66047,68235,71355,73759,79488,78856,79526,78333,79871,79839,81618,83818,86133,89006,93803,98228,97019,105549,113044,121762
 "08043","Fremont, CO",7,CAINC4,10,"...","Personal income (thousands of dollars) ","Thousands of dollars",62038,69480,78031,87286,99888,111040,127963,142231,157905,180479,205159,234101,261612,279624,305650,328078,346866,370366,376846,387333,408913,413988,429782,476858,528691,602649,642832,688879,741596,798589,835237,896484,954723,953764,971226,993847,1014641,1050326,1111375,1182667,1187109,1214348,1285832,1287109,1305792,1366455,1441362,1513518,1543788,1652790,1698125,1874391,2062979,2108860
 "08043","Fremont, CO",7,CAINC4,11,"..."," Nonfarm personal income 1/","Thousands of dollars",60807,68607,77043,86026,97022,110155,126321,140352,156081,178707,203823,232751,260928,279648,305714,328066,347218,370977,375965,386815,408263,413419,429441,475160,527355,602008,642780,688410,741524,797641,833849,895757,950893,951247,970891,990741,1013222,1051923,1112113,1184839,1189736,1215791,1285340,1287374,1305439,1364200,1439235,1511693,1542248,1650851,1696205,1871966,2060060,2108891
 "08043","Fremont, CO",7,CAINC4,12,"..."," Farm income 2/","Thousands of dollars",1231,873,988,1260,2866,885,1642,1879,1824,1772,1336,1350,684,-24,-64,12,-352,-611,881,518,650,569,341,1698,1336,641,52,469,72,948,1388,727,3830,2517,335,3106,1419,-1597,-738,-2172,-2627,-1443,492,-265,353,2255,2127,1825,1540,1939,1920,2425,2919,-31
 "08043","Fremont, CO",7,CAINC4,20,"...","Population (persons) 3/","Number of persons",21505,22122,22976,23784,24819,25735,26463,26500,26763,27066,28578,28804,29248,29841,30614,31380,31692,31843,32785,32658,32518,32254,32356,33130,36099,38943,41239,42671,43825,45026,45655,46245,46633,47019,46901,46605,46641,46873,46959,47166,46871,46859,47523,47306,46693,46620,46867,47701,48402,48955,49002,48878,49234,49621
 "08043","Fremont, CO",7,CAINC4,30,"...","Per capita personal income (dollars) 4/","Dollars",2885,3141,3396,3670,4025,4315,4836,5367,5900,6668,7179,8127,8945,9370,9984,10455,10945,11631,11494,11860,12575,12835,13283,14394,14646,15475,15588,16144,16922,17736,18295,19386,20473,20285,20708,21325,21754,22408,23667,25075,25327,25915,27057,27208,27965,29310,30754,31729,31895,33761,34654,38348,41902,42499
 "08043","Fremont, CO",7,CAINC4,35,"...","Earnings by place of work ","Thousands of dollars",36003,39121,44125,49858,56318,60613,68702,77935,88611,102648,117111,126978,138755,144754,156259,166747,177472,192556,198978,209247,216239,226674,235265,271914,313140,359685,379356,408315,449797,491088,523358,564173,608625,609710,619076,636384,659396,685329,707532,727632,708300,713145,735616,740387,748349,773334,817649,861962,871643,938638,926176,982583,1053326,1112921
 "08043","Fremont, CO",7,CAINC4,36,"...","Less: Contributions for government social insurance 5/","Thousands of dollars",2038,2205,2528,2996,3737,4381,4785,5409,6338,7573,8899,9657,11421,12306,13404,14499,15954,17607,17523,19803,21490,22476,24334,27767,32277,37045,39377,41514,44960,44831,47264,51266,55744,58137,59382,62710,66957,71103,74433,77327,76031,76650,72475,73809,80163,82973,88421,93056,96090,103752,106162,113863,119756,131520
 "08043","Fremont, CO",7,CAINC4,37,"..."," Employee and self-employed contributions for government social insurance ","Thousands of dollars",1187,1276,1449,1695,2082,2395,2594,2858,3311,3843,4576,5002,5898,6448,6907,7483,8476,9358,9533,10906,12122,12362,13423,15033,17162,19703,20954,22047,23968,25203,26485,28036,30397,30484,31333,33220,35394,38190,40740,42089,42688,43056,36889,37720,45052,46156,49427,53503,55220,61366,62651,66739,70404,78508
 "08043","Fremont, CO",7,CAINC4,38,"..."," Employer contributions for government social insurance ","Thousands of dollars",851,929,1079,1301,1655,1986,2191,2551,3027,3730,4323,4655,5523,5858,6497,7016,7478,8249,7990,8897,9368,10114,10911,12734,15115,17342,18423,19467,20992,19628,20779,23230,25347,27653,28049,29490,31563,32913,33693,35238,33343,33594,35586,36089,35111,36817,38994,39553,40870,42386,43511,47124,49352,53012
 "08043","Fremont, CO",7,CAINC4,42,"...","Plus: Adjustment for residence 6/","Thousands of dollars",6362,7176,7837,8891,10395,11631,12335,13333,14027,16020,18128,19895,19511,17262,14966,15266,14085,12336,11044,9625,9698,8323,10669,10746,10794,11834,14931,17921,21230,25955,30951,33816,29266,27236,20813,17260,8309,-3877,-7926,-23527,-8352,-10436,-6153,3116,-9,721,-4442,-2363,5509,10558,26584,21726,20468,30429
 "08043","Fremont, CO",7,CAINC4,45,"...","Equals: Net earnings by place of residence ","Thousands of dollars",40327,44092,49434,55753,62976,67863,76252,85859,96300,111095,126340,137216,146845,149710,157821,167514,175603,187285,192499,199069,204447,212521,221600,254893,291657,334474,354910,384722,426067,472212,507045,546723,582147,578809,580507,590934,600748,610349,625173,626778,623917,626059,656988,669694,668177,691082,724786,766543,781062,845444,846598,890446,954038,1011830
 "08043","Fremont, CO",7,CAINC4,46,"...","Plus: Dividends, interest, and rent 7/","Thousands of dollars",12172,14250,15980,17638,20587,24229,28312,30583,34664,39547,44688,56118,66877,75875,88051,96478,104234,112138,108693,110757,119681,112939,110809,113176,122935,146783,153133,164308,172581,179053,172896,187320,192414,177769,186269,188282,181943,188318,222075,253452,234420,230392,259019,241295,243893,252488,270495,285377,286738,292738,320288,339542,376650,412983
 "08043","Fremont, CO",7,CAINC4,47,"...","Plus: Personal current transfer receipts ","Thousands of dollars",9539,11138,12617,13895,16325,18948,23399,25789,26941,29837,34131,40767,47890,54039,59778,64086,67029,70943,75654,77507,84785,88528,97373,108789,114099,121392,134789,139849,142948,147324,155296,162441,180162,197186,204450,214631,231950,251659,264127,302437,328772,357897,369825,376120,393722,422885,446081,461598,475988,514608,531239,644403,732291,684047
 "08043","Fremont, CO",7,CAINC4,50,"...","Wages and salaries ","Thousands of dollars",25147,28147,31542,35140,38896,43765,49417,55531,63154,73292,85065,94022,104054,108914,115304,121619,129640,140587,141994,148967,153025,161945,167813,188670,215348,246044,265633,284265,307027,332511,351037,393231,416144,413097,419510,428317,445402,467082,485730,514797,498508,499247,508088,508849,508382,520722,551249,568555,590640,622212,644938,685315,732381,780736
 "08043","Fremont, CO",7,CAINC4,60,"...","Supplements to wages and salaries ","Thousands of dollars",2843,3260,3884,4595,5151,6060,7236,7999,9588,11554,13715,15170,17596,18837,21077,22503,24779,27546,28398,30829,34022,37464,40380,51591,61120,69710,73029,77435,83931,87283,94185,104861,113147,113439,117190,121761,128043,128804,131967,137509,138207,139031,136837,136564,139160,145584,151338,158663,160948,170089,171125,180008,188458,191315
 "08043","Fremont, CO",7,CAINC4,61,"..."," Employer contributions for employee pension and insurance funds 8/","Thousands of dollars",1992,2331,2805,3294,3496,4074,5045,5448,6561,7824,9392,10515,12073,12979,14580,15487,17301,19297,20408,21932,24654,27350,29469,38857,46005,52368,54606,57968,62939,67655,73406,81631,87800,85786,89141,92271,96480,95891,98274,102271,104864,105437,101251,100475,104049,108767,112344,119110,120078,127703,127614,132884,139106,138303
 "08043","Fremont, CO",7,CAINC4,62,"..."," Employer contributions for government social insurance ","Thousands of dollars",851,929,1079,1301,1655,1986,2191,2551,3027,3730,4323,4655,5523,5858,6497,7016,7478,8249,7990,8897,9368,10114,10911,12734,15115,17342,18423,19467,20992,19628,20779,23230,25347,27653,28049,29490,31563,32913,33693,35238,33343,33594,35586,36089,35111,36817,38994,39553,40870,42386,43511,47124,49352,53012
 "08043","Fremont, CO",7,CAINC4,70,"...","Proprietors' income 9/","Thousands of dollars",8013,7714,8699,10123,12271,10788,12049,14405,15869,17802,18331,17786,17105,17003,19878,22625,23053,24423,28586,29451,29192,27265,27072,31653,36672,43931,40694,46615,58839,71294,78136,66081,79334,83174,82376,86306,85951,89443,89835,75326,71585,74867,90691,94974,100807,107028,115062,134744,120055,146337,110113,117260,132487,140870
 "08043","Fremont, CO",7,CAINC4,71,"..."," Farm proprietors' income ","Thousands of dollars",824,441,585,826,2297,283,1028,1231,1084,795,274,239,-404,-1135,-1094,-970,-1308,-1475,47,-551,-634,-1043,-1324,-16,-416,-1292,-1771,-1068,-1517,-731,-396,-1395,1559,-118,-1881,844,-1022,-3841,-3214,-4571,-5372,-3890,-1996,-3208,-2924,-942,-562,-1264,-1762,-1287,-459,-1017,-813,-3191
 "08043","Fremont, CO",7,CAINC4,72,"..."," Nonfarm proprietors' income ","Thousands of dollars",7189,7273,8114,9297,9974,10505,11021,13174,14785,17007,18057,17547,17509,18138,20972,23595,24361,25898,28539,30002,29826,28308,28396,31669,37088,45223,42465,47683,60356,72025,78532,67476,77775,83292,84257,85462,86973,93284,93049,79897,76957,78757,92687,98182,103731,107970,115624,136008,121817,147624,110572,118277,133300,144061
 "08043","Fremont, CO",7,CAINC4,7010,"...","Total employment ","Number of jobs",6892,6970,7260,7502,7963,8443,8623,8913,9437,9961,10374,10412,10737,10970,11441,11543,11612,11785,11730,12368,12447,12533,12557,13300,14161,15326,15640,16373,17235,18143,18504,19322,19606,19099,18914,19159,19626,19948,20530,20271,19537,19357,19346,19212,18984,18993,19572,19719,20092,20289,20151,20145,20961,21302
 "08043","Fremont, CO",7,CAINC4,7020,"..."," Wage and salary employment ","Number of jobs",5347,5381,5511,5642,6068,6439,6514,6693,7092,7547,7951,7923,8198,8300,8624,8604,8670,8873,8994,9225,9342,9455,9359,10125,10850,11646,11920,12405,12923,13562,13898,14537,14604,14103,13890,14001,14196,14438,14683,14536,13889,13804,13891,13766,13560,13494,14012,14162,14410,14456,14544,14370,14766,14763
 "08043","Fremont, CO",7,CAINC4,7040,"..."," Proprietors employment ","Number of jobs",1545,1589,1749,1860,1895,2004,2109,2220,2345,2414,2423,2489,2539,2670,2817,2939,2942,2912,2736,3143,3105,3078,3198,3175,3311,3680,3720,3968,4312,4581,4606,4785,5002,4996,5024,5158,5430,5510,5847,5735,5648,5553,5455,5446,5424,5499,5560,5557,5682,5833,5607,5775,6195,6539
 "08045","Garfield, CO",7,CAINC4,10,"...","Personal income (thousands of dollars) ","Thousands of dollars",52179,58479,63213,72531,87742,100133,120425,137491,148812,172327,206227,238104,308068,387968,380844,361706,359435,365099,377855,416401,465788,523187,549304,583168,653546,744258,819452,889494,977079,1117855,1197487,1364014,1446467,1461231,1489781,1602846,1802237,2081868,2324327,2498784,2345774,2108419,2255612,2394447,2538408,2850157,3171934,3116134,3253137,3425759,3557098,3566217,3818447,4088503
 "08045","Garfield, CO",7,CAINC4,11,"..."," Nonfarm personal income 1/","Thousands of dollars",50141,56395,61656,70584,83350,99906,118203,134376,147549,172029,202480,236922,308218,388226,378301,359448,359636,365995,378125,416321,466565,524460,549285,582625,652741,744939,819074,888781,975153,1115806,1194351,1361263,1443039,1455498,1484967,1595551,1796572,2079277,2322575,2501301,2346041,2110183,2253417,2396450,2538401,2847495,3166672,3113116,3250087,3421100,3554727,3559796,3813690,4088641
 "08045","Garfield, CO",7,CAINC4,12,"..."," Farm income 2/","Thousands of dollars",2038,2084,1557,1947,4392,227,2222,3115,1263,298,3747,1182,-150,-258,2543,2258,-201,-896,-270,80,-777,-1273,19,543,805,-681,378,713,1926,2049,3136,2751,3428,5733,4814,7295,5665,2591,1752,-2517,-267,-1764,2195,-2003,7,2662,5262,3018,3050,4659,2371,6421,4757,-138
 "08045","Garfield, CO",7,CAINC4,20,"...","Population (persons) 3/","Number of persons",14239,14963,15757,16358,16733,17324,18607,19217,19940,20467,21859,23023,25006,28510,28261,26600,26859,26647,26975,27852,28799,30379,31384,31520,32949,34815,36377,37826,39210,41095,42611,44257,45636,46925,47622,48193,49579,51594,53534,55449,57089,56102,56204,57048,57356,57715,58398,59659,60022,60825,61277,61792,62195,62271
 "08045","Garfield, CO",7,CAINC4,30,"...","Per capita personal income (dollars) 4/","Dollars",3665,3908,4012,4434,5244,5780,6472,7155,7463,8420,9434,10342,12320,13608,13476,13598,13382,13701,14008,14950,16174,17222,17503,18502,19835,21378,22527,23515,24919,27202,28103,30820,31696,31140,31283,33259,36351,40351,43418,45065,41090,37582,40133,41972,44257,49383,54316,52232,54199,56322,58049,57713,61395,65657
 "08045","Garfield, CO",7,CAINC4,35,"...","Earnings by place of work ","Thousands of dollars",36172,40490,43857,50296,61476,70255,84507,100675,107200,124310,134310,151180,217602,306041,285265,246439,236283,238508,250799,281444,309768,353887,367333,367438,414430,481426,523555,565696,623826,729941,809436,900306,993304,1039896,1067297,1102007,1246143,1531944,1738882,1853153,1618632,1491689,1520462,1538124,1604283,1722531,1780022,1807788,1851540,1979296,2023837,2046093,2179690,2362446
 "08045","Garfield, CO",7,CAINC4,36,"...","Less: Contributions for government social insurance 5/","Thousands of dollars",1965,2203,2464,2959,4057,5206,5945,7068,7652,9053,10119,12248,20539,31035,27695,23536,23109,23819,24656,28699,32347,38177,40544,39659,45255,52760,57426,60986,66133,71032,78011,86632,94733,102523,107326,117286,135609,163362,187027,202163,174191,159745,150638,152915,174544,185643,191896,194626,198364,211228,215349,216490,228969,256856
 "08045","Garfield, CO",7,CAINC4,37,"..."," Employee and self-employed contributions for government social insurance ","Thousands of dollars",1104,1221,1356,1619,2177,2744,3121,3589,3912,4523,5098,6195,10022,14852,13268,11347,11623,12009,12532,14733,16909,19551,20939,20624,23317,27432,29686,31545,34415,38866,42468,46576,51201,52924,54784,57941,65646,80785,94275,101130,89484,81255,64494,65076,86368,91618,95483,98875,101132,110484,113345,115629,121675,138225
 "08045","Garfield, CO",7,CAINC4,38,"..."," Employer contributions for government social insurance ","Thousands of dollars",861,982,1108,1340,1880,2462,2824,3479,3740,4530,5021,6053,10517,16183,14427,12189,11486,11810,12124,13966,15438,18626,19605,19035,21938,25328,27740,29441,31718,32166,35543,40056,43532,49599,52542,59345,69963,82577,92752,101033,84707,78490,86144,87839,88176,94025,96413,95751,97232,100744,102004,100861,107294,118631
 "08045","Garfield, CO",7,CAINC4,42,"...","Plus: Adjustment for residence 6/","Thousands of dollars",3118,2512,1595,2140,2585,2008,1165,804,2202,3954,22204,26252,20958,8452,6888,17903,19758,17319,17008,22853,25542,27732,24121,42101,48772,56523,59144,68507,80305,89525,100636,136065,109313,91561,67510,91669,94283,45004,-15386,-84234,-65971,-61887,-87409,-82640,-60796,-62523,-22621,-3573,-10251,-23484,-2618,-57405,23032,84743
 "08045","Garfield, CO",7,CAINC4,45,"...","Equals: Net earnings by place of residence ","Thousands of dollars",37325,40799,42988,49477,60004,67057,79727,94411,101750,119211,146395,165184,218021,283458,264458,240806,232932,232008,243151,275598,302963,343442,350910,369880,417947,485189,525273,573217,637998,748434,832061,949739,1007884,1028934,1027481,1076390,1204817,1413586,1536469,1566756,1378470,1270057,1282415,1302569,1368943,1474365,1565505,1609589,1642925,1744584,1805870,1772198,1973753,2190333
 "08045","Garfield, CO",7,CAINC4,46,"...","Plus: Dividends, interest, and rent 7/","Thousands of dollars",10619,12623,14356,16263,19816,23899,29314,30592,33646,38564,43928,54446,67831,76700,81001,84090,89977,94255,94245,99866,116321,129748,140745,147729,165959,187773,215049,232944,254274,281459,274050,316317,331843,313524,339710,399713,462348,523054,632677,730724,742124,578376,705996,823457,891953,1067239,1255822,1139709,1234947,1266327,1308774,1193704,1161605,1286092
 "08045","Garfield, CO",7,CAINC4,47,"...","Plus: Personal current transfer receipts ","Thousands of dollars",4235,5057,5869,6791,7922,9177,11384,12488,13416,14552,15904,18474,22216,27810,35385,36810,36526,38836,40459,40937,46504,49997,57649,65559,69640,71296,79130,83333,84807,87962,91376,97958,106740,118773,122590,126743,135072,145228,155181,201304,225180,259986,267201,268421,277512,308553,350607,366836,375265,414848,442454,600315,683089,612078
 "08045","Garfield, CO",7,CAINC4,50,"...","Wages and salaries ","Thousands of dollars",22694,26106,28327,32328,38944,48499,56857,67153,71628,82444,86640,102284,160868,238769,212693,175855,169310,171599,178921,196231,216691,253591,264871,254521,285481,327418,361885,389213,420831,482762,537472,606707,647208,670929,705367,762865,873222,1066670,1237159,1392175,1189280,1098728,1140735,1166964,1195728,1258711,1285546,1285149,1329325,1406371,1449993,1430612,1533423,1682901
 "08045","Garfield, CO",7,CAINC4,60,"...","Supplements to wages and salaries ","Thousands of dollars",2586,3019,3494,4159,4975,6435,8392,9964,11145,13305,13103,15488,23569,34208,34391,30886,31373,33111,34349,37778,43664,52964,56262,59652,67571,76279,81169,85614,92372,100633,111433,126838,140070,147285,158633,171738,195968,223641,242800,266011,253208,238418,236923,247705,259740,275491,278565,278801,284955,303689,303855,300020,313062,325381
 "08045","Garfield, CO",7,CAINC4,61,"..."," Employer contributions for employee pension and insurance funds 8/","Thousands of dollars",1725,2037,2386,2819,3095,3973,5568,6485,7405,8775,8082,9435,13052,18025,19964,18697,19887,21301,22225,23812,28226,34338,36657,40617,45633,50951,53429,56173,60654,68467,75890,86782,96538,97686,106091,112393,126005,141064,150048,164978,168501,159928,150779,159866,171564,181466,182152,183050,187723,202945,201851,199159,205768,206750
 "08045","Garfield, CO",7,CAINC4,62,"..."," Employer contributions for government social insurance ","Thousands of dollars",861,982,1108,1340,1880,2462,2824,3479,3740,4530,5021,6053,10517,16183,14427,12189,11486,11810,12124,13966,15438,18626,19605,19035,21938,25328,27740,29441,31718,32166,35543,40056,43532,49599,52542,59345,69963,82577,92752,101033,84707,78490,86144,87839,88176,94025,96413,95751,97232,100744,102004,100861,107294,118631
 "08045","Garfield, CO",7,CAINC4,70,"...","Proprietors' income 9/","Thousands of dollars",10892,11365,12036,13809,17557,15321,19258,23558,24427,28561,34567,33408,33165,33064,38181,39698,35600,33798,37529,47435,49413,47332,46200,53265,61378,77729,80501,90869,110623,146546,160531,166761,206026,221682,203297,167404,176953,241633,258923,194967,176144,154543,142804,123455,148815,188329,215911,243838,237260,269236,269989,315461,333205,354164
 "08045","Garfield, CO",7,CAINC4,71,"..."," Farm proprietors' income ","Thousands of dollars",1243,1263,800,1148,3356,-858,1258,2221,353,-767,2614,22,-1261,-1371,1397,1054,-1509,-2202,-1663,-1400,-2290,-2953,-1528,-923,-980,-3034,-2245,-1920,-1327,-1238,-217,-1167,-642,1161,672,2745,417,-2563,-4314,-8078,-6341,-6954,-2862,-7765,-6416,-3578,-1,-3031,-3416,-1688,-2300,-358,-2608,-6340
 "08045","Garfield, CO",7,CAINC4,72,"..."," Nonfarm proprietors' income ","Thousands of dollars",9649,10102,11236,12661,14201,16179,18000,21337,24074,29328,31953,33386,34426,34435,36784,38644,37109,36000,39192,48835,51703,50285,47728,54188,62358,80763,82746,92789,111950,147784,160748,167928,206668,220521,202625,164659,176536,244196,263237,203045,182485,161497,145666,131220,155231,191907,215912,246869,240676,270924,272289,315819,335813,360504
 "08045","Garfield, CO",7,CAINC4,7010,"...","Total employment ","Number of jobs",5861,6055,6400,7024,7814,8553,9148,9677,10133,10952,11383,12220,14759,17297,16078,15075,14770,14741,14545,16010,17014,18107,18358,18212,19715,21489,22497,23468,24365,26087,27757,29300,29805,29804,30647,31902,34003,37422,39939,41763,38352,36763,37379,37724,38195,39107,39813,38817,39223,40012,39604,38881,40191,41535
 "08045","Garfield, CO",7,CAINC4,7020,"..."," Wage and salary employment ","Number of jobs",4084,4225,4454,4925,5564,6177,6658,7141,7315,7907,8091,8601,10919,13269,11837,10641,10325,10323,10416,11030,11894,12934,12952,12969,13992,15300,16036,16578,17170,18280,19439,20673,21184,21284,21870,22710,24419,27178,28709,30394,26927,25145,25507,25693,25954,26583,27237,26853,27212,27651,27797,26157,26943,27487
 "08045","Garfield, CO",7,CAINC4,7040,"..."," Proprietors employment ","Number of jobs",1777,1830,1946,2099,2250,2376,2490,2536,2818,3045,3292,3619,3840,4028,4241,4434,4445,4418,4129,4980,5120,5173,5406,5243,5723,6189,6461,6890,7195,7807,8318,8627,8621,8520,8777,9192,9584,10244,11230,11369,11425,11618,11872,12031,12241,12524,12576,11964,12011,12361,11807,12724,13248,14048
 "08047","Gilpin, CO",7,CAINC4,10,"...","Personal income (thousands of dollars) ","Thousands of dollars",3891,4381,5310,6522,7490,8757,10228,11847,14252,17151,21320,27081,31762,33889,36012,38241,40663,43190,44628,45336,49145,51466,59384,69698,78359,85100,97328,111403,123369,136590,152186,166807,208485,210463,195663,187588,232941,229999,209948,208027,200164,200184,197371,199602,232683,240859,257253,273258,282804,288667,310660,322917,368774,390485
 "08047","Gilpin, CO",7,CAINC4,11,"..."," Nonfarm personal income 1/","Thousands of dollars",3891,4381,5310,6522,7490,8757,10228,11847,14252,17151,21320,27081,31762,33889,36012,38241,40663,43190,44628,45336,49145,51466,59384,69698,78359,85100,97328,111403,123369,136590,152186,166807,208485,210463,195663,187588,232941,229999,209948,208027,200164,200184,197371,199602,232683,240859,257253,273258,282804,288667,310660,322917,368774,390485
 "08047","Gilpin, CO",7,CAINC4,12,"..."," Farm income 2/","Thousands of dollars",0,0,0,0,0,0,0,0,0,0,0,0,0,0,0,0,0,0,0,0,0,0,0,0,0,0,0,0,0,0,0,0,0,0,0,0,0,0,0,0,0,0,0,0,0,0,0,0,0,0,0,0,0,0
 "08047","Gilpin, CO",7,CAINC4,20,"...","Population (persons) 3/","Number of persons",1289,1298,1429,1531,1758,1703,1862,1892,1985,2100,2230,2462,2543,2666,2854,2807,2928,2985,3049,3020,3016,3078,3171,3179,3314,3477,3688,3815,4101,4337,4658,4783,4781,4788,4777,4752,4810,4883,4893,5026,5352,5462,5383,5348,5411,5587,5606,5670,5730,5790,5845,5824,5899,5891
 "08047","Gilpin, CO",7,CAINC4,30,"...","Per capita personal income (dollars) 4/","Dollars",3019,3375,3716,4260,4261,5142,5493,6262,7180,8167,9561,11000,12490,12712,12618,13623,13888,14469,14637,15012,16295,16721,18727,21925,23645,24475,26390,29201,30083,31494,32672,34875,43607,43956,40959,39476,48428,47102,42908,41390,37400,36650,36666,37323,43002,43111,45889,48194,49355,49856,53150,55446,62515,66285
 "08047","Gilpin, CO",7,CAINC4,35,"...","Earnings by place of work ","Thousands of dollars",1619,1917,1958,2343,2483,2537,2940,3194,3417,3712,4174,5282,6483,5899,6150,6962,7428,7456,8250,8386,8842,9997,18276,82769,107001,125059,146493,144958,142138,154239,178986,208384,264595,291495,265302,261439,306307,290807,261332,243948,255992,278959,264497,265243,285377,290222,303020,308980,305009,319580,301166,289476,365260,382427
 "08047","Gilpin, CO",7,CAINC4,36,"...","Less: Contributions for government social insurance 5/","Thousands of dollars",93,112,112,147,170,181,204,210,216,223,276,395,583,517,467,559,613,621,665,722,792,940,1947,9606,12410,14676,16927,16308,15877,16135,18659,21411,27703,32356,30401,30984,34377,32172,29740,28566,30285,33088,29095,29479,32608,33499,35310,35571,35461,37666,34797,33889,42097,46817
 "08047","Gilpin, CO",7,CAINC4,37,"..."," Employee and self-employed contributions for government social insurance ","Thousands of dollars",56,65,66,86,97,99,110,113,123,128,157,201,273,260,268,312,361,370,407,437,495,563,1065,4588,5898,7027,8250,8097,7908,8495,9828,11295,14475,15848,14576,14322,16551,15805,14398,13655,14703,15893,11693,11687,16210,16250,17181,17846,17711,18962,17883,17258,21472,23085
 "08047","Gilpin, CO",7,CAINC4,38,"..."," Employer contributions for government social insurance ","Thousands of dollars",37,47,46,61,73,82,94,97,93,95,119,194,310,257,199,247,252,251,258,285,297,377,882,5018,6512,7649,8677,8211,7969,7640,8831,10116,13228,16508,15825,16662,17826,16367,15342,14911,15582,17195,17402,17792,16398,17249,18129,17725,17750,18704,16914,16631,20625,23732
 "08047","Gilpin, CO",7,CAINC4,42,"...","Plus: Adjustment for residence 6/","Thousands of dollars",1316,1207,1774,2334,2976,3849,4530,5683,7572,9784,12945,16372,19003,20386,20806,23094,24286,25441,26346,27091,28801,31143,29084,-20792,-36143,-47111,-60740,-50141,-40177,-42227,-50607,-65477,-78826,-96205,-87148,-85390,-85066,-78235,-72966,-66561,-84588,-110278,-105504,-105861,-99938,-97442,-98161,-96645,-86544,-90468,-71317,-64447,-100813,-93320
 "08047","Gilpin, CO",7,CAINC4,45,"...","Equals: Net earnings by place of residence ","Thousands of dollars",2842,3012,3620,4530,5289,6205,7266,8667,10773,13273,16843,21259,24903,25768,26489,29497,31101,32276,33931,34755,36851,40200,45413,52371,58448,63272,68826,78509,86084,95877,109720,121496,158066,162934,147753,145065,186864,180400,158626,148821,141119,135593,129898,129903,152831,159281,169549,176764,183004,191446,195052,191140,222350,242290
 "08047","Gilpin, CO",7,CAINC4,46,"...","Plus: Dividends, interest, and rent 7/","Thousands of dollars",714,993,1289,1548,1707,1935,2186,2319,2520,2808,3340,4333,5166,5954,7273,6467,7189,8287,7831,7758,9343,7970,10226,13118,15294,17277,22944,26955,31052,34291,35214,37128,40952,37744,37670,31370,33436,36143,37429,41473,37523,39697,42720,44119,51759,51060,53959,58818,61070,55200,72106,66089,78377,89487
 "08047","Gilpin, CO",7,CAINC4,47,"...","Plus: Personal current transfer receipts ","Thousands of dollars",335,376,401,444,494,617,776,861,959,1070,1137,1489,1693,2167,2250,2277,2373,2627,2866,2823,2951,3296,3745,4209,4617,4551,5558,5939,6233,6422,7252,8183,9467,9785,10240,11153,12641,13456,13893,17733,21522,24894,24753,25580,28093,30518,33745,37676,38730,42021,43502,65688,68047,58708
 "08047","Gilpin, CO",7,CAINC4,50,"...","Wages and salaries ","Thousands of dollars",906,1098,1044,1296,1358,1388,1619,1755,1798,1880,2258,3222,4284,4024,3835,4366,4636,4569,4778,4936,5049,6005,12444,66093,85267,100708,120297,117897,117222,128534,150617,175506,195965,213238,202401,202262,213024,210443,199365,201538,213870,233010,225647,226492,229564,227497,237520,244512,248466,259001,247467,238450,299734,311655
 "08047","Gilpin, CO",7,CAINC4,60,"...","Supplements to wages and salaries ","Thousands of dollars",98,118,123,152,174,188,232,243,260,284,346,553,786,707,697,787,824,848,893,959,1053,1353,2625,13106,16949,18177,20102,20088,19460,20595,23354,27822,28355,33043,32091,33519,34725,32415,30983,30692,33174,35989,33901,35414,34876,36992,37093,37467,36804,39449,35794,34163,40967,43552
 "08047","Gilpin, CO",7,CAINC4,61,"..."," Employer contributions for employee pension and insurance funds 8/","Thousands of dollars",61,71,77,91,101,106,138,146,167,189,227,359,476,450,498,540,572,597,635,674,756,976,1743,8088,10437,10528,11425,11877,11491,12955,14523,17706,15127,16535,16266,16857,16899,16048,15641,15781,17592,18794,16499,17622,18478,19743,18964,19742,19054,20745,18880,17532,20342,19820
 "08047","Gilpin, CO",7,CAINC4,62,"..."," Employer contributions for government social insurance ","Thousands of dollars",37,47,46,61,73,82,94,97,93,95,119,194,310,257,199,247,252,251,258,285,297,377,882,5018,6512,7649,8677,8211,7969,7640,8831,10116,13228,16508,15825,16662,17826,16367,15342,14911,15582,17195,17402,17792,16398,17249,18129,17725,17750,18704,16914,16631,20625,23732
 "08047","Gilpin, CO",7,CAINC4,70,"...","Proprietors' income 9/","Thousands of dollars",615,701,791,895,951,961,1089,1196,1359,1548,1570,1507,1413,1168,1618,1809,1968,2039,2579,2491,2740,2639,3207,3570,4785,6174,6094,6973,5456,5110,5015,5056,40275,45214,30810,25658,58558,47949,30984,11718,8948,9960,4949,3337,20937,25733,28407,27001,19739,21130,17905,16863,24559,27220
 "08047","Gilpin, CO",7,CAINC4,71,"..."," Farm proprietors' income ","Thousands of dollars",0,0,0,0,0,0,0,0,0,0,0,0,0,0,0,0,0,0,0,0,0,0,0,0,0,0,0,0,0,0,0,0,0,0,0,0,0,0,0,0,0,0,0,0,0,0,0,0,0,0,0,0,0,0
 "08047","Gilpin, CO",7,CAINC4,72,"..."," Nonfarm proprietors' income ","Thousands of dollars",615,701,791,895,951,961,1089,1196,1359,1548,1570,1507,1413,1168,1618,1809,1968,2039,2579,2491,2740,2639,3207,3570,4785,6174,6094,6973,5456,5110,5015,5056,40275,45214,30810,25658,58558,47949,30984,11718,8948,9960,4949,3337,20937,25733,28407,27001,19739,21130,17905,16863,24559,27220
 "08047","Gilpin, CO",7,CAINC4,7010,"...","Total employment ","Number of jobs",288,296,316,397,392,406,451,412,411,414,447,516,558,523,527,590,611,632,631,628,640,683,1044,3805,4329,4970,5529,5153,4974,4953,5352,5920,6012,6293,5821,5790,6072,5897,5445,5605,6053,6520,6374,6346,6217,6115,6099,6158,6056,6057,5816,4687,5316,5716
 "08047","Gilpin, CO",7,CAINC4,7020,"..."," Wage and salary employment ","Number of jobs",207,226,236,292,302,288,311,296,291,290,317,380,421,364,360,403,405,409,407,399,401,431,754,3526,4087,4721,5302,4911,4728,4714,5110,5672,5589,5915,5444,5388,5577,5446,5055,4887,5213,5660,5526,5492,5376,5204,5132,5095,5010,4977,4805,3602,4167,4501
 "08047","Gilpin, CO",7,CAINC4,7040,"..."," Proprietors employment ","Number of jobs",81,70,80,105,90,118,140,116,120,124,130,136,137,159,167,187,206,223,224,229,239,252,290,279,242,249,227,242,246,239,242,248,423,378,377,402,495,451,390,718,840,860,848,854,841,911,967,1063,1046,1080,1011,1085,1149,1215
 "08049","Grand, CO",7,CAINC4,10,"...","Personal income (thousands of dollars) ","Thousands of dollars",13329,14114,17642,21765,27929,28585,40950,47065,47092,55310,66701,80783,89460,94599,104810,112376,116353,116699,119515,123291,134535,137835,148193,161001,179929,200047,220757,242623,261659,287166,319284,355507,352241,367531,379043,415774,429203,456594,488657,497018,470291,457685,503117,527550,601724,627834,679979,687874,742389,812483,849289,881856,1015699,1073329
 "08049","Grand, CO",7,CAINC4,11,"..."," Nonfarm personal income 1/","Thousands of dollars",12631,13461,16850,21285,25785,29088,40201,46927,46677,55251,65954,80262,89400,95044,104727,113256,117164,117735,119078,122896,134325,137480,147276,160062,179123,200478,221024,243017,261642,287065,318720,354802,352529,366752,377520,409953,421968,447829,481100,494121,463968,453593,495339,524723,597298,622767,674037,684475,738974,807976,846889,875988,1012777,1069543
 "08049","Grand, CO",7,CAINC4,12,"..."," Farm income 2/","Thousands of dollars",698,653,792,480,2144,-503,749,138,415,59,747,521,60,-445,83,-880,-811,-1036,437,395,210,355,917,939,806,-431,-267,-394,17,101,564,705,-288,779,1523,5821,7235,8765,7557,2897,6323,4092,7778,2827,4426,5067,5942,3399,3415,4507,2400,5868,2922,3786
 "08049","Grand, CO",7,CAINC4,20,"...","Population (persons) 3/","Number of persons",4037,4227,4791,5753,6159,6180,6503,6536,6608,6894,7205,7528,7726,8068,8045,8479,8614,8466,8306,8022,7854,8041,8251,8650,9089,9312,9944,10552,11005,11529,12138,12496,12743,13158,13324,13596,13627,14003,14306,14622,14902,14794,14556,14214,14300,14544,14710,15159,15339,15504,15688,15748,15870,15769
 "08049","Grand, CO",7,CAINC4,30,"...","Per capita personal income (dollars) 4/","Dollars",3302,3339,3682,3783,4535,4625,6297,7201,7127,8023,9258,10731,11579,11725,13028,13253,13507,13784,14389,15369,17129,17142,17961,18613,19796,21483,22200,22993,23776,24908,26304,28450,27642,27932,28448,30581,31497,32607,34157,33991,31559,30937,34564,37115,42079,43168,46226,45377,48399,52405,54136,55998,64001,68066
 "08049","Grand, CO",7,CAINC4,35,"...","Earnings by place of work ","Thousands of dollars",9392,9287,11423,14191,18817,18162,34602,39185,32427,36804,45607,54593,59996,61555,70813,78753,81907,81458,84930,88376,93904,95599,103833,112193,123889,135189,148332,160585,177080,197303,223349,248286,238549,253084,259758,296568,310331,329685,352385,333645,294239,284013,287343,302216,336090,364732,388736,396910,421437,453775,475622,478229,547644,600738
 "08049","Grand, CO",7,CAINC4,36,"...","Less: Contributions for government social insurance 5/","Thousands of dollars",507,464,581,802,1115,1298,2713,3146,2337,2673,3500,4373,5193,5344,6135,7293,7801,7870,8103,8634,9452,9896,11044,11719,13237,14707,15965,16917,18154,18562,20499,22539,23708,26201,26999,30057,31904,33577,36621,36917,33275,31616,29140,30022,35559,38737,41930,42771,45103,48477,50447,50437,57650,65565
 "08049","Grand, CO",7,CAINC4,37,"..."," Employee and self-employed contributions for government social insurance ","Thousands of dollars",279,264,323,439,608,701,1336,1507,1184,1342,1759,2196,2598,2751,3090,3564,3956,4043,4123,4467,4936,5117,5777,6109,6799,7581,8338,8921,9752,10424,11561,12691,12379,12980,13318,15128,15846,16866,18661,18523,16989,16221,12750,13348,18110,19440,21147,22299,23623,25935,27197,27488,31038,35421
 "08049","Grand, CO",7,CAINC4,38,"..."," Employer contributions for government social insurance ","Thousands of dollars",228,200,258,363,507,597,1377,1639,1153,1331,1741,2177,2595,2593,3045,3729,3845,3827,3980,4167,4516,4779,5267,5610,6438,7126,7627,7996,8402,8138,8938,9848,11329,13221,13681,14929,16058,16711,17960,18394,16286,15395,16390,16674,17449,19297,20783,20472,21480,22542,23250,22949,26612,30144
 "08049","Grand, CO",7,CAINC4,42,"...","Plus: Adjustment for residence 6/","Thousands of dollars",659,811,1558,2285,2905,3212,-567,86,4758,6627,7117,9210,8632,8045,5804,5042,4602,4351,3602,3099,2764,2722,4139,5821,7531,9400,11453,13794,16943,20684,24781,29858,26615,21904,18030,14942,12780,9959,6033,1558,4396,7258,12053,18746,23645,24362,24752,23174,24131,26805,28320,28023,28766,31295
 "08049","Grand, CO",7,CAINC4,45,"...","Equals: Net earnings by place of residence ","Thousands of dollars",9544,9634,12400,15674,20607,20076,31322,36125,34848,40758,49224,59430,63435,64256,70482,76502,78708,77939,80429,82841,87216,88425,96928,106295,118183,129882,143820,157462,175869,199425,227631,255605,241456,248787,250789,281453,291207,306067,321797,298286,265360,259655,270256,290940,324176,350357,371558,377313,400465,432103,453495,455815,518760,566468
 "08049","Grand, CO",7,CAINC4,46,"...","Plus: Dividends, interest, and rent 7/","Thousands of dollars",2797,3342,3868,4534,5537,6412,6975,7693,8918,10955,13290,16382,20042,22869,25905,28001,29585,30185,29914,31082,36646,38294,39028,40566,46468,52801,58448,65276,66048,68010,70441,76892,84780,89183,96120,101204,102200,110337,124444,148972,147864,130334,165603,169385,207630,200695,222975,218520,245353,275396,285488,268630,334486,364171
 "08049","Grand, CO",7,CAINC4,47,"...","Plus: Personal current transfer receipts ","Thousands of dollars",988,1138,1374,1557,1785,2097,2653,3247,3326,3597,4187,4971,5983,7474,8423,7873,8060,8575,9172,9368,10673,11116,12237,14140,15278,17364,18489,19885,19742,19731,21212,23010,26005,29561,32134,33117,35796,40190,42416,49760,57067,67696,67258,67225,69918,76782,85446,92041,96571,104984,110306,157411,162453,142690
 "08049","Grand, CO",7,CAINC4,50,"...","Wages and salaries ","Thousands of dollars",5928,5444,6724,8496,10405,11790,24725,28440,21345,23910,29968,37662,43489,44551,49579,56876,58854,58106,60622,61654,65462,67812,72294,76658,85013,93532,101807,109342,116329,129796,142915,157490,169998,178074,182695,192257,201299,215952,238685,246907,223768,212703,212129,217413,234379,252140,273080,277896,292975,313141,329840,326987,377281,415935
 "08049","Grand, CO",7,CAINC4,60,"...","Supplements to wages and salaries ","Thousands of dollars",594,621,802,1074,1300,1516,3049,3537,2991,3458,4366,5404,6511,6880,8439,10006,10826,10902,11154,11605,13092,14197,15771,18215,20241,21661,22539,23800,25125,26977,30193,33528,36537,39501,41419,44091,46634,47213,50985,52270,50867,48496,46364,48206,52089,57102,59355,59913,61173,66149,67599,67358,75104,78276
 "08049","Grand, CO",7,CAINC4,61,"..."," Employer contributions for employee pension and insurance funds 8/","Thousands of dollars",366,421,544,711,793,919,1672,1898,1838,2127,2625,3227,3916,4287,5394,6277,6981,7075,7174,7438,8576,9418,10504,12605,13803,14535,14912,15804,16723,18839,21255,23680,25208,26280,27738,29162,30576,30502,33025,33876,34581,33101,29974,31532,34640,37805,38572,39441,39693,43607,44349,44409,48492,48132
 "08049","Grand, CO",7,CAINC4,62,"..."," Employer contributions for government social insurance ","Thousands of dollars",228,200,258,363,507,597,1377,1639,1153,1331,1741,2177,2595,2593,3045,3729,3845,3827,3980,4167,4516,4779,5267,5610,6438,7126,7627,7996,8402,8138,8938,9848,11329,13221,13681,14929,16058,16711,17960,18394,16286,15395,16390,16674,17449,19297,20783,20472,21480,22542,23250,22949,26612,30144
 "08049","Grand, CO",7,CAINC4,70,"...","Proprietors' income 9/","Thousands of dollars",2870,3222,3897,4621,7112,4856,6828,7208,8091,9436,11273,11527,9996,10124,12795,11871,12227,12450,13154,15117,15350,13590,15768,17320,18635,19996,23986,27443,35626,40530,50241,57268,32014,35509,35644,60220,62398,66520,62715,34468,19604,22814,28850,36597,49622,55490,56301,59101,67289,74485,78183,83884,95259,106527
 "08049","Grand, CO",7,CAINC4,71,"..."," Farm proprietors' income ","Thousands of dollars",203,172,370,52,1594,-1065,192,-436,-227,-719,-109,-389,-859,-1406,-831,-1758,-1676,-1827,-332,-450,-680,-658,-44,3,-195,-1601,-1412,-1413,-1102,-1096,-715,-846,-1948,-1135,-173,3991,5164,6764,5238,662,3764,1803,5451,69,1348,2082,3422,504,319,1463,163,2618,-613,813
 "08049","Grand, CO",7,CAINC4,72,"..."," Nonfarm proprietors' income ","Thousands of dollars",2667,3050,3527,4569,5518,5921,6636,7644,8318,10155,11382,11916,10855,11530,13626,13629,13903,14277,13486,15567,16030,14248,15812,17317,18830,21597,25398,28856,36728,41626,50956,58114,33962,36644,35817,56229,57234,59756,57477,33806,15840,21011,23399,36528,48274,53408,52879,58597,66970,73022,78020,81266,95872,105714
 "08049","Grand, CO",7,CAINC4,7010,"...","Total employment ","Number of jobs",1893,1866,1953,2322,2580,2650,3372,3789,3641,3906,4360,4912,5282,5427,5802,6408,6491,6211,6036,6075,6324,6307,6573,6653,7082,7522,8049,8425,8821,9408,9610,9864,10142,10131,10251,10264,10413,10761,11399,11430,10740,10275,10252,10222,10384,10795,11007,11238,11480,11800,11555,10801,11523,11982
 "08049","Grand, CO",7,CAINC4,7020,"..."," Wage and salary employment ","Number of jobs",1274,1193,1276,1603,1806,1855,2576,2787,2604,2862,3225,3658,3953,3882,4099,4624,4692,4410,4361,4322,4563,4599,4728,4902,5176,5434,5781,6068,6241,6627,6778,6913,7079,7107,7201,7125,7178,7407,7800,7804,7143,6822,6799,6864,7139,7414,7642,7676,7898,8132,8118,7147,7785,8026
 "08049","Grand, CO",7,CAINC4,7040,"..."," Proprietors employment ","Number of jobs",619,673,677,719,774,795,796,1002,1037,1044,1135,1254,1329,1545,1703,1784,1799,1801,1675,1753,1761,1708,1845,1751,1906,2088,2268,2357,2580,2781,2832,2951,3063,3024,3050,3139,3235,3354,3599,3626,3597,3453,3453,3358,3245,3381,3365,3562,3582,3668,3437,3654,3738,3956
 "08051","Gunnison, CO",7,CAINC4,10,"...","Personal income (thousands of dollars) ","Thousands of dollars",17456,19198,22166,25296,29231,33819,38385,43645,48916,58443,70242,83343,92149,97776,101679,109164,115054,117589,119117,124665,134490,143757,155282,176927,197394,216987,230636,246896,269425,295931,306008,331891,376831,376462,397136,420514,450698,494232,529912,557314,539802,520863,565437,555137,588047,633708,672628,715247,748590,808270,865315,951157,1082691,1136116
 "08051","Gunnison, CO",7,CAINC4,11,"..."," Nonfarm personal income 1/","Thousands of dollars",16369,18350,20779,23989,28055,32211,36718,42271,47791,56938,68488,81533,91773,97605,101219,110105,115609,118466,118009,123719,133756,142828,153856,175331,196306,217729,231684,248630,271211,297265,305941,329642,374588,374692,394256,415327,444822,491520,528409,557690,539376,520903,564587,555110,587308,632190,668952,713944,747586,807693,864381,950719,1079990,1137619
 "08051","Gunnison, CO",7,CAINC4,12,"..."," Farm income 2/","Thousands of dollars",1087,848,1387,1307,1176,1608,1667,1374,1125,1505,1754,1810,376,171,460,-941,-555,-877,1108,946,734,929,1426,1596,1088,-742,-1048,-1734,-1786,-1334,67,2249,2243,1770,2880,5187,5876,2712,1503,-376,426,-40,850,27,739,1518,3676,1303,1004,577,934,438,2701,-1503
 "08051","Gunnison, CO",7,CAINC4,20,"...","Population (persons) 3/","Number of persons",6539,7705,8328,8535,8776,9341,9213,8963,9315,9556,9963,10713,10786,10872,10610,10269,10126,10078,9929,10155,10143,10340,10613,11208,11690,12098,12427,12928,13186,13488,13765,14068,14206,14322,14273,14356,14456,14720,15043,15250,15356,15276,15196,15263,15411,15539,15815,16071,16449,16661,16893,16945,17309,17267
 "08051","Gunnison, CO",7,CAINC4,30,"...","Per capita personal income (dollars) 4/","Dollars",2670,2492,2662,2964,3331,3620,4166,4869,5251,6116,7050,7780,8543,8993,9583,10630,11362,11668,11997,12276,13259,13903,14631,15786,16886,17936,18559,19098,20433,21940,22231,23592,26526,26286,27824,29292,31177,33576,35226,36545,35153,34097,37210,36371,38158,40782,42531,44505,45510,48513,51223,56132,62551,65797
 "08051","Gunnison, CO",7,CAINC4,35,"...","Earnings by place of work ","Thousands of dollars",14796,15877,18047,20699,24375,28796,32554,37285,42172,49868,62401,75321,81823,80312,74465,83656,94026,90357,87072,92574,98225,108019,119872,142464,162015,180042,188230,199647,217214,233006,244383,263612,297368,304363,315960,332127,368259,398701,426418,426847,415715,403162,403849,418996,425896,429088,450931,478919,505731,557957,572256,595414,658739,718107
 "08051","Gunnison, CO",7,CAINC4,36,"...","Less: Contributions for government social insurance 5/","Thousands of dollars",673,715,811,1015,1442,1807,1997,2331,2714,3283,4464,5612,6809,6698,6154,7406,8851,8433,7649,8611,9510,10788,12177,14407,16938,19264,20355,21762,23416,23504,24430,25987,27719,29292,30132,33054,36774,39666,43053,43787,42795,41321,38004,38782,42614,42923,45485,48031,50346,55092,56951,59042,64539,73452
 "08051","Gunnison, CO",7,CAINC4,37,"..."," Employee and self-employed contributions for government social insurance ","Thousands of dollars",369,397,439,549,765,946,1042,1182,1370,1617,2208,2779,3361,3312,3011,3577,4357,4224,3923,4422,4882,5484,6279,7349,8426,9561,10004,10481,11287,11802,12124,12786,14639,14944,15485,16426,18264,20068,22227,22339,22391,21358,16837,17400,21996,21889,23370,25315,26441,29694,30587,31898,34510,39629
 "08051","Gunnison, CO",7,CAINC4,38,"..."," Employer contributions for government social insurance ","Thousands of dollars",304,318,372,466,677,861,955,1149,1344,1666,2256,2833,3448,3386,3143,3829,4494,4209,3726,4189,4628,5304,5898,7058,8512,9703,10351,11281,12129,11702,12306,13201,13080,14348,14647,16628,18510,19598,20826,21448,20404,19963,21167,21382,20618,21034,22115,22716,23905,25398,26364,27144,30029,33823
 "08051","Gunnison, CO",7,CAINC4,42,"...","Plus: Adjustment for residence 6/","Thousands of dollars",-2081,-2271,-2275,-2579,-3277,-4091,-4918,-5326,-6356,-6310,-8443,-11154,-12459,-9831,-5396,-8388,-12963,-8213,-4988,-4727,-4962,-6301,-9192,-13869,-16668,-18460,-20477,-22970,-24328,-24776,-26027,-27457,-29063,-29880,-33044,-37799,-41142,-46936,-53353,-59142,-59808,-66304,-68252,-69526,-63109,-43405,-40474,-35716,-36204,-43512,-47917,-44506,-39989,-41585
 "08051","Gunnison, CO",7,CAINC4,45,"...","Equals: Net earnings by place of residence ","Thousands of dollars",12042,12891,14961,17105,19656,22898,25639,29628,33102,40275,49494,58555,62555,63783,62915,67862,72212,73711,74435,79236,83753,90930,98503,114188,128409,142318,147398,154915,169470,184726,193926,210168,240586,245191,252784,261274,290343,312099,330012,323918,313112,295537,297593,310688,320173,342760,364972,395172,419181,459353,467388,491866,554211,603070
 "08051","Gunnison, CO",7,CAINC4,46,"...","Plus: Dividends, interest, and rent 7/","Thousands of dollars",4136,4799,5444,6160,7121,8053,8932,9844,11318,13494,15615,18803,22375,26069,29820,32030,33218,34318,34162,34205,38473,40012,42793,47229,52499,57895,64731,72407,80059,90768,89594,98269,109070,101284,113323,126951,125120,144541,158817,182347,169682,159676,201662,179942,198076,214632,219555,223874,228604,237334,281272,290790,351620,378767
 "08051","Gunnison, CO",7,CAINC4,47,"...","Plus: Personal current transfer receipts ","Thousands of dollars",1278,1508,1761,2031,2454,2868,3814,4173,4496,4674,5133,5985,7219,7924,8944,9272,9624,9560,10520,11224,12264,12815,13986,15510,16486,16774,18507,19574,19896,20437,22488,23454,27175,29987,31029,32289,35235,37592,41083,51049,57008,65650,66182,64507,69798,76316,88101,96201,100805,111583,116655,168501,176860,154279
 "08051","Gunnison, CO",7,CAINC4,50,"...","Wages and salaries ","Thousands of dollars",10192,11024,12112,13963,17056,20237,22958,26264,29876,34872,44465,54769,61783,59980,54714,61740,70357,66893,62057,66528,70569,77612,84954,98174,110532,124590,132288,143031,153703,166559,174807,188648,198056,200795,213560,228017,247582,269194,295596,306275,298801,292693,293653,302343,296866,294105,313143,325727,340867,368020,389506,401190,445480,491663
 "08051","Gunnison, CO",7,CAINC4,60,"...","Supplements to wages and salaries ","Thousands of dollars",1369,1492,1711,2018,2438,2986,3746,4261,5102,6245,8172,10325,11674,12218,10737,11918,13679,13618,12409,13045,14831,17182,19321,24543,28613,31633,32643,35319,38851,39840,42978,46741,46199,46879,50944,55374,59413,62455,65286,67968,68667,67941,65260,67616,68643,69690,71985,75743,78804,85892,87330,89648,97870,101517
 "08051","Gunnison, CO",7,CAINC4,61,"..."," Employer contributions for employee pension and insurance funds 8/","Thousands of dollars",1065,1174,1339,1552,1761,2125,2791,3112,3758,4579,5916,7492,8226,8832,7594,8089,9185,9409,8683,8856,10203,11878,13423,17485,20101,21930,22292,24038,26722,28138,30672,33540,33119,32531,36297,38746,40903,42857,44460,46520,48263,47978,44093,46234,48025,48656,49870,53027,54899,60494,60966,62504,67841,67694
 "08051","Gunnison, CO",7,CAINC4,62,"..."," Employer contributions for government social insurance ","Thousands of dollars",304,318,372,466,677,861,955,1149,1344,1666,2256,2833,3448,3386,3143,3829,4494,4209,3726,4189,4628,5304,5898,7058,8512,9703,10351,11281,12129,11702,12306,13201,13080,14348,14647,16628,18510,19598,20826,21448,20404,19963,21167,21382,20618,21034,22115,22716,23905,25398,26364,27144,30029,33823
 "08051","Gunnison, CO",7,CAINC4,70,"...","Proprietors' income 9/","Thousands of dollars",3235,3361,4224,4718,4881,5573,5850,6760,7194,8751,9764,10227,8366,8114,9014,9998,9990,9846,12606,13001,12825,13225,15597,19747,22870,23819,23299,21297,24660,26607,26598,28223,53113,56689,51456,48736,61264,67052,65536,52604,48247,42528,44936,49037,60387,65293,65803,77449,86060,104045,95420,104576,115389,124927
 "08051","Gunnison, CO",7,CAINC4,71,"..."," Farm proprietors' income ","Thousands of dollars",426,204,807,712,357,767,819,500,154,297,444,445,-996,-1228,-778,-2064,-1596,-1766,297,96,-121,6,604,837,172,-1939,-2378,-3058,-3399,-2891,-1434,526,542,-39,1269,3431,3898,791,-722,-2605,-2211,-2466,-1674,-3028,-2673,-1781,887,-1903,-2425,-2800,-1546,-3171,-1228,-4798
 "08051","Gunnison, CO",7,CAINC4,72,"..."," Nonfarm proprietors' income ","Thousands of dollars",2809,3157,3417,4006,4524,4806,5031,6260,7040,8454,9320,9782,9362,9342,9792,12062,11586,11612,12309,12905,12946,13219,14993,18910,22698,25758,25677,24355,28059,29498,28032,27697,52571,56728,50187,45305,57366,66261,66258,55209,50458,44994,46610,52065,63060,67074,64916,79352,88485,106845,96966,107747,116617,129725
 "08051","Gunnison, CO",7,CAINC4,7010,"...","Total employment ","Number of jobs",2782,2712,2869,3187,3609,3895,4069,4465,4754,5166,5733,6334,6475,6429,6039,6186,6335,6228,5876,6169,6499,6965,7051,7699,8438,9316,9675,9862,10301,10872,11053,11309,11363,11219,11113,11667,12132,12643,13112,13073,12467,12095,12088,12067,12298,12392,12728,13356,13781,14073,14007,13714,14573,15131
 "08051","Gunnison, CO",7,CAINC4,7020,"..."," Wage and salary employment ","Number of jobs",2044,2059,2112,2343,2667,2911,3068,3277,3460,3801,4334,4863,4934,4842,4390,4486,4659,4598,4373,4550,4950,5283,5262,5841,6424,7031,7293,7426,7790,8156,8229,8370,8346,8171,8006,8274,8637,9060,9187,9165,8536,8309,8283,8208,8267,8389,8668,8895,9281,9396,9498,9010,9640,9899
 "08051","Gunnison, CO",7,CAINC4,7040,"..."," Proprietors employment ","Number of jobs",738,653,757,844,942,984,1001,1188,1294,1365,1399,1471,1541,1587,1649,1700,1676,1630,1503,1619,1549,1682,1789,1858,2014,2285,2382,2436,2511,2716,2824,2939,3017,3048,3107,3393,3495,3583,3925,3908,3931,3786,3805,3859,4031,4003,4060,4461,4500,4677,4509,4704,4933,5232
 "08053","Hinsdale, CO",7,CAINC4,10,"...","Personal income (thousands of dollars) ","Thousands of dollars",539,786,885,1060,1204,1348,1489,1816,2250,2410,2645,3181,3439,4396,5743,6398,6258,6250,6275,6421,7772,8494,9283,10371,12154,13341,14273,14868,16523,17696,18163,19011,19305,19436,20728,21344,23488,22940,24319,27572,29458,30173,34366,31117,31301,32452,33684,35319,36150,37367,39910,42703,43544,47340
 "08053","Hinsdale, CO",7,CAINC4,11,"..."," Nonfarm personal income 1/","Thousands of dollars",579,747,836,1016,1132,1241,1450,1746,2215,2360,2544,2932,3337,4297,5206,6234,6153,6249,6302,6424,7752,8437,9161,10201,12066,13415,14412,15097,16812,18101,18621,19614,19932,20253,21346,21667,23660,23019,24040,27493,29254,29929,33995,30985,31207,32447,33730,35523,36505,37767,40338,43094,43935,48093
 "08053","Hinsdale, CO",7,CAINC4,12,"..."," Farm income 2/","Thousands of dollars",-40,39,49,44,72,107,39,70,35,50,101,249,102,99,537,164,105,1,-27,-3,20,57,122,170,88,-74,-139,-229,-289,-405,-458,-603,-627,-817,-618,-323,-172,-79,279,79,204,244,371,132,94,5,-46,-204,-355,-400,-428,-391,-391,-753
 "08053","Hinsdale, CO",7,CAINC4,20,"...","Population (persons) 3/","Number of persons",204,202,209,277,290,316,345,403,462,483,501,414,437,440,491,498,502,481,469,465,459,468,472,510,551,607,644,704,737,778,793,791,817,798,779,810,794,815,835,818,834,844,823,799,799,766,755,775,778,775,777,788,773,775
 "08053","Hinsdale, CO",7,CAINC4,30,"...","Per capita personal income (dollars) 4/","Dollars",2642,3891,4234,3827,4152,4266,4316,4506,4870,4990,5279,7684,7870,9991,11697,12847,12466,12994,13380,13809,16932,18150,19667,20335,22058,21979,22163,21119,22419,22746,22904,24034,23629,24356,26608,26351,29582,28147,29125,33707,35321,35750,41757,38945,39175,42366,44615,45573,46465,48215,51364,54192,56331,61084
 "08053","Hinsdale, CO",7,CAINC4,35,"...","Earnings by place of work ","Thousands of dollars",371,589,654,791,861,946,948,1179,1547,1614,1565,1963,2054,2818,4076,4411,2893,3033,2959,2868,3711,3852,4396,5045,6032,6824,7467,7627,8018,8845,9176,9717,10334,10260,10961,10869,11922,12493,12883,13342,13529,13469,13232,12206,12710,13571,13986,14510,15321,15611,15579,15727,17078,20687
 "08053","Hinsdale, CO",7,CAINC4,36,"...","Less: Contributions for government social insurance 5/","Thousands of dollars",13,22,23,32,41,44,45,56,94,90,80,102,132,204,281,357,206,225,232,245,313,338,401,451,572,661,720,736,764,778,809,885,946,955,991,1019,1139,1205,1280,1373,1395,1351,1239,1199,1310,1410,1499,1581,1694,1712,1745,1832,1964,2325
 "08053","Hinsdale, CO",7,CAINC4,37,"..."," Employee and self-employed contributions for government social insurance ","Thousands of dollars",11,16,15,21,27,29,30,35,53,50,49,61,75,115,149,185,132,153,150,146,200,213,257,287,350,409,445,452,467,492,503,525,564,552,584,594,668,713,754,801,849,843,681,658,785,834,893,957,1012,1074,1112,1163,1235,1462
 "08053","Hinsdale, CO",7,CAINC4,38,"..."," Employer contributions for government social insurance ","Thousands of dollars",2,6,8,11,14,15,15,21,41,40,31,41,57,89,132,172,74,72,82,99,113,125,144,164,222,252,275,284,297,286,306,360,382,403,407,425,471,492,526,572,546,508,558,541,525,576,606,624,682,638,633,669,729,863
 "08053","Hinsdale, CO",7,CAINC4,42,"...","Plus: Adjustment for residence 6/","Thousands of dollars",7,-5,0,-6,11,20,35,40,25,48,80,83,87,78,-11,-125,184,219,221,239,252,222,209,256,260,421,561,686,833,954,1103,1323,1196,1020,864,729,580,418,222,0,94,186,287,386,479,531,574,602,646,692,709,713,797,846
 "08053","Hinsdale, CO",7,CAINC4,45,"...","Equals: Net earnings by place of residence ","Thousands of dollars",365,562,631,753,831,922,938,1163,1478,1572,1565,1944,2009,2692,3784,3929,2871,3027,2948,2862,3650,3736,4204,4850,5720,6584,7308,7577,8087,9021,9470,10155,10584,10325,10834,10579,11363,11706,11825,11969,12228,12304,12280,11393,11879,12692,13061,13531,14273,14591,14543,14608,15911,19208
 "08053","Hinsdale, CO",7,CAINC4,46,"...","Plus: Dividends, interest, and rent 7/","Thousands of dollars",125,168,201,239,312,370,442,533,649,712,869,975,1083,1314,1624,2052,2913,2733,2816,3005,3532,3965,4215,4543,5122,5498,5508,5715,6853,7142,7030,7125,6524,6678,7314,8054,8993,7749,8840,11697,12936,12359,16477,14337,13312,13570,14084,14537,14343,14464,16528,17704,15231,16322
 "08053","Hinsdale, CO",7,CAINC4,47,"...","Plus: Personal current transfer receipts ","Thousands of dollars",49,56,53,68,61,56,109,120,123,126,211,262,347,390,335,417,474,490,511,554,590,793,864,978,1312,1259,1457,1576,1583,1533,1663,1731,2197,2433,2580,2711,3132,3485,3654,3906,4294,5510,5609,5387,6110,6190,6539,7251,7534,8312,8839,10391,12402,11810
 "08053","Hinsdale, CO",7,CAINC4,50,"...","Wages and salaries ","Thousands of dollars",162,251,274,357,377,401,422,498,836,804,704,916,1086,1596,2117,2530,1390,1359,1522,1668,1911,2036,2257,2495,3143,3501,3890,4024,4340,4794,5064,5964,6261,5996,6182,6282,6616,7114,7699,8459,8061,7572,7643,7538,7680,8132,8793,9128,9802,9728,9800,10207,10995,13768
 "08053","Hinsdale, CO",7,CAINC4,60,"...","Supplements to wages and salaries ","Thousands of dollars",17,23,29,39,40,51,50,73,110,135,112,142,177,316,417,451,261,263,292,346,424,478,552,691,859,938,1005,992,1062,1135,1226,1473,1556,1574,1654,1671,1802,1794,1913,2029,2107,2004,1924,1898,2019,2157,2272,2363,2489,2488,2390,2475,2630,2928
 "08053","Hinsdale, CO",7,CAINC4,61,"..."," Employer contributions for employee pension and insurance funds 8/","Thousands of dollars",15,17,21,28,26,36,35,52,69,95,81,101,120,227,285,279,187,191,210,247,311,353,408,527,637,686,730,708,765,849,920,1113,1174,1171,1247,1246,1331,1302,1387,1457,1561,1496,1366,1357,1494,1581,1666,1739,1807,1850,1757,1806,1901,2065
 "08053","Hinsdale, CO",7,CAINC4,62,"..."," Employer contributions for government social insurance ","Thousands of dollars",2,6,8,11,14,15,15,21,41,40,31,41,57,89,132,172,74,72,82,99,113,125,144,164,222,252,275,284,297,286,306,360,382,403,407,425,471,492,526,572,546,508,558,541,525,576,606,624,682,638,633,669,729,863
 "08053","Hinsdale, CO",7,CAINC4,70,"...","Proprietors' income 9/","Thousands of dollars",192,315,351,395,444,494,476,608,601,675,749,905,791,906,1542,1430,1242,1411,1145,854,1376,1338,1587,1859,2030,2385,2572,2611,2616,2916,2886,2280,2517,2690,3125,2916,3504,3585,3271,2854,3361,3893,3665,2770,3011,3282,2921,3019,3030,3395,3389,3045,3453,3991
 "08053","Hinsdale, CO",7,CAINC4,71,"..."," Farm proprietors' income ","Thousands of dollars",-74,9,22,19,41,80,8,32,-7,0,42,188,36,26,479,117,64,-25,-38,-17,4,36,101,147,58,-111,-181,-270,-339,-468,-529,-698,-731,-939,-708,-404,-243,-133,235,-8,62,84,178,-130,-196,-279,-285,-478,-650,-687,-640,-697,-722,-1034
 "08053","Hinsdale, CO",7,CAINC4,72,"..."," Nonfarm proprietors' income ","Thousands of dollars",266,306,329,376,403,414,468,576,608,675,707,717,755,880,1063,1313,1178,1436,1183,871,1372,1302,1486,1712,1972,2496,2753,2881,2955,3384,3415,2978,3248,3629,3833,3320,3747,3718,3036,2862,3299,3809,3487,2900,3207,3561,3206,3497,3680,4082,4029,3742,4175,5025
 "08053","Hinsdale, CO",7,CAINC4,7010,"...","Total employment ","Number of jobs",81,98,106,133,138,138,149,142,185,176,150,173,191,235,270,283,262,291,335,353,328,312,400,388,427,485,541,586,594,570,565,619,627,611,595,594,599,604,610,625,634,592,627,608,604,594,614,573,606,606,614,619,623,654
 "08053","Hinsdale, CO",7,CAINC4,7020,"..."," Wage and salary employment ","Number of jobs",43,62,62,82,92,82,86,90,130,121,94,109,116,156,189,174,127,120,133,142,152,164,175,189,220,242,272,266,280,301,301,350,343,315,309,304,312,314,304,325,323,295,304,283,289,292,302,302,323,307,299,291,299,308
 "08053","Hinsdale, CO",7,CAINC4,7040,"..."," Proprietors employment ","Number of jobs",38,36,44,51,46,56,63,52,55,55,56,64,75,79,81,109,135,171,202,211,176,148,225,199,207,243,269,320,314,269,264,269,284,296,286,290,287,290,306,300,311,297,323,325,315,302,312,271,283,299,315,328,324,346
 "08055","Huerfano, CO",7,CAINC4,10,"...","Personal income (thousands of dollars) ","Thousands of dollars",15192,17561,20349,21366,23636,25802,27691,30262,33005,36021,40255,45737,48751,52849,59515,61912,63354,62157,63927,64274,68554,70009,74559,80477,84885,93577,101332,109070,120021,132940,135193,138298,148409,151762,151754,158874,164840,179106,193228,200918,198764,199406,204225,214573,215892,224787,234260,249617,254156,266130,278577,303737,343658,349901
 "08055","Huerfano, CO",7,CAINC4,11,"..."," Nonfarm personal income 1/","Thousands of dollars",14883,16788,18685,20501,22723,25100,27644,29897,32216,35407,39728,45174,48958,53105,59532,62587,64240,63740,64299,65098,69273,70355,74768,80270,84915,94973,102809,110823,121623,133451,134039,135092,144940,150740,151031,155213,162821,178235,193132,202128,199973,200743,204586,215972,216734,224775,233521,249692,254305,266537,278829,303601,343537,352543
 "08055","Huerfano, CO",7,CAINC4,12,"..."," Farm income 2/","Thousands of dollars",309,773,1664,865,913,702,47,365,789,614,527,563,-207,-256,-17,-675,-886,-1583,-372,-824,-719,-346,-209,207,-30,-1396,-1477,-1753,-1602,-511,1154,3206,3469,1022,723,3661,2019,871,96,-1210,-1209,-1337,-361,-1399,-842,12,739,-75,-149,-407,-252,136,121,-2642
 "08055","Huerfano, CO",7,CAINC4,20,"...","Population (persons) 3/","Number of persons",6826,6534,6327,6428,6671,6589,6689,6772,6717,6702,6553,6445,6452,6665,6819,6890,6806,6717,6463,6343,6163,5997,6032,6125,6308,6586,6881,7223,7553,7743,7879,7771,7635,7571,7428,7193,7145,7127,7051,7073,6824,6679,6519,6551,6442,6370,6372,6538,6580,6816,6800,6827,6922,7082
 "08055","Huerfano, CO",7,CAINC4,30,"...","Per capita personal income (dollars) 4/","Dollars",2226,2688,3216,3324,3543,3916,4140,4469,4914,5375,6143,7097,7556,7929,8728,8986,9309,9254,9891,10133,11123,11674,12361,13139,13457,14208,14726,15100,15891,17169,17159,17797,19438,20045,20430,22087,23071,25131,27404,28406,29127,29856,31328,32754,33513,35288,36764,38179,38626,39045,40967,44491,49647,49407
 "08055","Huerfano, CO",7,CAINC4,35,"...","Earnings by place of work ","Thousands of dollars",8396,9592,11409,11279,11583,12141,12637,14375,15644,16602,17894,20204,20618,22405,26047,26644,26865,25190,26788,27256,27587,29105,30517,33400,36679,40978,44080,49196,58269,70506,71082,73236,78735,81129,77629,80194,81498,90523,93818,91079,87950,79124,77038,76701,79257,81915,82680,92683,97821,104516,103922,109580,116230,118705
 "08055","Huerfano, CO",7,CAINC4,36,"...","Less: Contributions for government social insurance 5/","Thousands of dollars",429,463,515,586,678,766,822,907,1001,1074,1211,1447,1683,1918,2278,2445,2576,2499,2527,2823,3017,3146,3498,3755,4260,4887,5253,5757,6732,7461,7256,7216,7723,8498,8349,8853,9306,10361,11117,11441,11201,10231,9181,9361,10226,10565,10533,11904,12701,13890,13636,14756,15599,17090
 "08055","Huerfano, CO",7,CAINC4,37,"..."," Employee and self-employed contributions for government social insurance ","Thousands of dollars",281,305,331,371,424,466,490,520,564,593,677,807,923,1076,1228,1349,1466,1449,1476,1672,1855,1850,2015,2162,2462,2843,3105,3328,3788,4271,4160,4104,4465,4699,4606,4857,5181,5940,6432,6488,6523,6061,5122,5255,6210,6307,6471,7340,7861,8773,8914,9506,9985,11128
 "08055","Huerfano, CO",7,CAINC4,38,"..."," Employer contributions for government social insurance ","Thousands of dollars",148,158,184,215,254,300,332,387,437,481,534,640,760,842,1050,1096,1110,1050,1051,1151,1162,1296,1483,1593,1798,2044,2148,2429,2944,3190,3096,3112,3258,3799,3743,3996,4125,4421,4685,4953,4678,4170,4059,4106,4016,4258,4062,4564,4840,5117,4722,5250,5614,5962
 "08055","Huerfano, CO",7,CAINC4,42,"...","Plus: Adjustment for residence 6/","Thousands of dollars",1128,1253,1328,1591,1891,2169,2418,2546,2669,3000,3795,4099,3738,2671,1628,1940,2033,2150,2349,2824,3135,3436,3373,3201,3221,3108,2870,2327,1593,924,913,790,1776,2355,3490,4739,5651,7003,8620,9634,8959,11434,14224,15973,16909,16542,16298,15188,15043,15933,17850,17244,18219,18733
 "08055","Huerfano, CO",7,CAINC4,45,"...","Equals: Net earnings by place of residence ","Thousands of dollars",9095,10382,12222,12284,12796,13544,14233,16014,17312,18528,20478,22856,22673,23158,25397,26139,26322,24841,26610,27257,27705,29395,30392,32846,35640,39199,41697,45766,53130,63969,64739,66810,72788,74986,72770,76080,77843,87165,91321,89272,85708,80327,82081,83313,85940,87892,88445,95967,100163,106559,108136,112068,118850,120348
 "08055","Huerfano, CO",7,CAINC4,46,"...","Plus: Dividends, interest, and rent 7/","Thousands of dollars",2844,3311,3743,4256,5096,5778,6244,6648,7546,8424,9588,11584,13474,15933,18891,19882,20463,20082,19788,19160,21234,20697,20926,21125,21501,23006,25611,27968,29918,32561,31592,32638,34532,30845,31486,32495,32721,33591,39652,46812,40935,42801,45606,52491,47405,51421,56031,62216,60438,58272,65712,65518,82909,92127
 "08055","Huerfano, CO",7,CAINC4,47,"...","Plus: Personal current transfer receipts ","Thousands of dollars",3253,3868,4384,4826,5744,6480,7214,7600,8147,9069,10189,11297,12604,13758,15227,15891,16569,17234,17529,17857,19615,19917,23241,26506,27744,31372,34024,35336,36973,36410,38862,38850,41089,45931,47498,50299,54276,58350,62255,64834,72121,76278,76538,78769,82547,85474,89784,91434,93555,101299,104729,126151,141899,137426
 "08055","Huerfano, CO",7,CAINC4,50,"...","Wages and salaries ","Thousands of dollars",4617,5021,5487,6052,6334,6790,7536,8341,9085,9695,10522,12296,13665,14888,17238,17347,17651,16681,17373,18019,18306,19573,21038,22066,23644,27061,28914,32531,38720,45911,44493,45674,47389,50073,49175,51356,52749,57003,61549,65043,63625,57001,54692,55311,55100,55742,54237,61010,64665,69362,65901,71761,78060,81667
 "08055","Huerfano, CO",7,CAINC4,60,"...","Supplements to wages and salaries ","Thousands of dollars",532,592,700,815,833,952,1108,1215,1408,1581,1701,1986,2300,2579,3121,3265,3524,3482,3615,3822,4147,4727,5252,6095,6565,7268,7575,8404,9856,11018,11195,11558,11837,12849,13086,13837,14527,15136,15615,16367,16962,16016,14985,14738,15244,15731,15037,17032,17264,18526,17806,19155,19624,19450
 "08055","Huerfano, CO",7,CAINC4,61,"..."," Employer contributions for employee pension and insurance funds 8/","Thousands of dollars",384,434,516,600,579,652,776,828,971,1100,1167,1346,1540,1737,2071,2169,2414,2432,2564,2671,2985,3431,3769,4502,4767,5224,5427,5975,6912,7828,8099,8446,8579,9050,9343,9841,10402,10715,10930,11414,12284,11846,10926,10632,11228,11473,10975,12468,12424,13409,13084,13905,14010,13488
 "08055","Huerfano, CO",7,CAINC4,62,"..."," Employer contributions for government social insurance ","Thousands of dollars",148,158,184,215,254,300,332,387,437,481,534,640,760,842,1050,1096,1110,1050,1051,1151,1162,1296,1483,1593,1798,2044,2148,2429,2944,3190,3096,3112,3258,3799,3743,3996,4125,4421,4685,4953,4678,4170,4059,4106,4016,4258,4062,4564,4840,5117,4722,5250,5614,5962
 "08055","Huerfano, CO",7,CAINC4,70,"...","Proprietors' income 9/","Thousands of dollars",3247,3979,5222,4412,4416,4399,3993,4819,5151,5326,5671,5922,4653,4938,5688,6032,5690,5027,5800,5415,5134,4805,4227,5239,6470,6649,7591,8261,9693,13577,15394,16004,19509,18207,15368,15001,14222,18384,16654,9669,7363,6107,7361,6652,8913,10442,13406,14641,15892,16628,20215,18664,18546,17588
 "08055","Huerfano, CO",7,CAINC4,71,"..."," Farm proprietors' income ","Thousands of dollars",65,510,1411,589,530,289,-335,-4,401,152,23,34,-733,-797,-504,-1116,-1273,-1898,-631,-1116,-1037,-713,-562,-142,-422,-1876,-1986,-2235,-2173,-1074,600,2564,2820,319,26,2831,1014,-174,-1187,-2415,-2530,-2464,-1470,-2668,-2253,-1374,-420,-1406,-1573,-1791,-1277,-1337,-1474,-3999
 "08055","Huerfano, CO",7,CAINC4,72,"..."," Nonfarm proprietors' income ","Thousands of dollars",3182,3469,3811,3823,3886,4110,4328,4823,4750,5174,5648,5888,5386,5735,6192,7148,6963,6925,6431,6531,6171,5518,4789,5381,6892,8525,9577,10496,11866,14651,14794,13440,16689,17888,15342,12170,13208,18558,17841,12084,9893,8571,8831,9320,11166,11816,13826,16047,17465,18419,21492,20001,20020,21587
 "08055","Huerfano, CO",7,CAINC4,7010,"...","Total employment ","Number of jobs",1961,1978,1915,2048,1989,1983,2039,2150,2231,2183,2139,2243,2327,2431,2617,2591,2527,2333,2208,2339,2262,2215,2188,2284,2446,2729,2794,3059,3488,3725,3567,3581,3501,3583,3454,3442,3400,3456,3578,3573,3483,3318,3307,3221,3254,3222,3180,3296,3338,3299,3218,3324,3398,3418
 "08055","Huerfano, CO",7,CAINC4,7020,"..."," Wage and salary employment ","Number of jobs",1215,1253,1236,1318,1341,1314,1341,1403,1459,1399,1335,1411,1411,1458,1558,1545,1543,1422,1413,1404,1405,1447,1417,1471,1560,1684,1744,1917,2181,2359,2239,2206,2191,2271,2152,2126,2099,2207,2217,2267,2130,1943,1935,1886,1879,1824,1806,1885,1898,1876,1826,1885,1924,1884
 "08055","Huerfano, CO",7,CAINC4,7040,"..."," Proprietors employment ","Number of jobs",746,725,679,730,648,669,698,747,772,784,804,832,916,973,1059,1046,984,911,795,935,857,768,771,813,886,1045,1050,1142,1307,1366,1328,1375,1310,1312,1302,1316,1301,1249,1361,1306,1353,1375,1372,1335,1375,1398,1374,1411,1440,1423,1392,1439,1474,1534
 "08057","Jackson, CO",7,CAINC4,10,"...","Personal income (thousands of dollars) ","Thousands of dollars",4731,5226,5692,5982,10027,9798,9770,11506,12338,14588,15351,17665,19292,22499,20407,17676,19748,19244,22646,22508,22790,21771,24401,26244,29218,26867,26449,27056,28585,28335,29481,33028,32337,37609,38712,39577,44596,46444,48968,47438,50219,52236,54584,46948,53546,58689,64963,61847,66699,76051,75533,78529,82116,82583
 "08057","Jackson, CO",7,CAINC4,11,"..."," Nonfarm personal income 1/","Thousands of dollars",3550,3686,4296,5262,6810,7383,8439,9261,10834,12749,14677,17128,19212,21708,20379,19688,18817,20069,21216,21290,21538,21360,22811,25630,28382,26990,26552,27534,28121,28325,29297,32061,33784,36211,36213,35463,37344,38197,38853,43148,44938,47530,48122,46026,51093,53629,56256,56760,60670,69752,69601,70908,74935,77666
 "08057","Jackson, CO",7,CAINC4,12,"..."," Farm income 2/","Thousands of dollars",1181,1540,1396,720,3217,2415,1331,2245,1504,1839,674,537,80,791,28,-2012,931,-825,1430,1218,1252,411,1590,614,836,-123,-103,-478,464,10,184,967,-1447,1398,2499,4114,7252,8247,10115,4290,5281,4706,6462,922,2453,5060,8707,5087,6029,6299,5932,7621,7181,4917
 "08057","Jackson, CO",7,CAINC4,20,"...","Population (persons) 3/","Number of persons",1764,1849,2024,2007,2130,1852,1740,1717,1692,1798,1770,1862,1857,1799,1757,1745,1683,1639,1677,1625,1667,1593,1609,1651,1699,1654,1555,1509,1534,1541,1573,1577,1529,1532,1512,1486,1449,1415,1407,1378,1408,1388,1355,1322,1334,1380,1346,1348,1367,1392,1385,1378,1357,1302
 "08057","Jackson, CO",7,CAINC4,30,"...","Per capita personal income (dollars) 4/","Dollars",2682,2826,2812,2981,4708,5290,5615,6701,7292,8113,8673,9487,10389,12506,11615,10130,11734,11741,13504,13851,13671,13667,15165,15896,17197,16244,17009,17930,18634,18387,18742,20944,21149,24549,25603,26633,30777,32823,34803,34425,35667,37634,40283,35513,40139,42528,48264,45881,48792,54634,54536,56988,60513,63428
 "08057","Jackson, CO",7,CAINC4,35,"...","Earnings by place of work ","Thousands of dollars",4113,4339,4682,4924,8327,7655,7217,8857,9277,11318,11483,12531,13109,16188,13358,9342,11698,11311,14679,14841,14362,13401,15604,17074,19254,15976,14481,13945,14308,15081,15349,18745,18208,22532,22952,23316,27125,29099,30273,25118,28172,29314,30711,23024,26138,33019,37287,35825,38120,42340,40305,40826,42683,42760
 "08057","Jackson, CO",7,CAINC4,36,"...","Less: Contributions for government social insurance 5/","Thousands of dollars",194,178,212,287,409,427,453,514,622,762,886,989,1179,1530,1295,1100,1067,1228,1357,1444,1423,1420,1573,1829,2086,1790,1562,1494,1459,1421,1473,1611,1773,1960,2009,2062,2220,2324,2369,2540,2679,2818,2614,2487,2843,3214,3083,3335,3645,4117,4002,3992,4291,4764
 "08057","Jackson, CO",7,CAINC4,37,"..."," Employee and self-employed contributions for government social insurance ","Thousands of dollars",92,84,100,135,190,199,217,234,282,338,409,465,556,713,601,509,511,586,637,690,700,697,783,897,1009,898,838,806,765,792,786,910,1003,1061,1045,1043,1101,1184,1198,1249,1376,1466,1200,1114,1430,1631,1673,1846,1922,2241,2197,2173,2301,2551
 "08057","Jackson, CO",7,CAINC4,38,"..."," Employer contributions for government social insurance ","Thousands of dollars",102,94,112,152,219,228,236,280,340,424,477,524,623,817,694,591,556,642,720,754,723,723,790,932,1077,892,724,688,694,629,687,701,770,899,964,1019,1119,1140,1171,1291,1303,1352,1414,1373,1413,1583,1410,1489,1723,1876,1805,1819,1990,2213
 "08057","Jackson, CO",7,CAINC4,42,"...","Plus: Adjustment for residence 6/","Thousands of dollars",-576,-555,-583,-702,-669,-583,-547,-460,-371,-230,-5,256,249,171,69,89,-38,-237,-417,-622,-630,-606,-570,-664,-645,-304,118,254,431,430,498,509,685,817,997,1192,1416,1641,1908,2126,2183,2299,2453,2662,3143,3291,3364,3495,3775,4390,4805,5016,4984,5684
 "08057","Jackson, CO",7,CAINC4,45,"...","Equals: Net earnings by place of residence ","Thousands of dollars",3343,3606,3887,3935,7249,6645,6217,7883,8284,10326,10592,11798,12179,14829,12132,8331,10593,9846,12905,12775,12309,11375,13461,14581,16523,13882,13037,12705,13280,14090,14374,17643,17120,21389,21940,22446,26321,28416,29812,24704,27676,28795,30550,23199,26438,33096,37568,35985,38250,42613,41108,41850,43376,43680
 "08057","Jackson, CO",7,CAINC4,46,"...","Plus: Dividends, interest, and rent 7/","Thousands of dollars",1011,1149,1266,1500,2107,2381,2443,2430,2737,2983,3382,4402,5310,5689,6337,7256,6958,7105,7259,7224,7969,7814,7911,8094,8939,9257,9231,9864,10708,9678,10447,10555,10090,10424,10948,11008,11577,11123,11981,15110,14274,14209,14251,14290,16935,15476,16108,14358,16506,20179,20771,19485,20363,21968
 "08057","Jackson, CO",7,CAINC4,47,"...","Plus: Personal current transfer receipts ","Thousands of dollars",377,471,539,547,671,772,1110,1193,1317,1279,1377,1465,1803,1981,1938,2089,2197,2293,2482,2509,2512,2582,3029,3569,3756,3728,4181,4487,4597,4567,4660,4830,5127,5796,5824,6123,6698,6905,7175,7624,8269,9232,9783,9459,10173,10117,11287,11504,11943,13259,13654,17194,18377,16935
 "08057","Jackson, CO",7,CAINC4,50,"...","Wages and salaries ","Thousands of dollars",2596,2501,2692,3336,4211,4294,4707,5182,6255,7679,8728,9581,10491,12883,10700,9035,8547,9475,10451,10629,10028,10089,10604,12183,13524,11549,9901,9673,9701,10510,10769,11795,12183,13161,13257,13497,14568,14897,15150,16225,17230,17709,18018,17546,18192,20275,18376,19485,21726,24953,24366,24509,26431,27799
 "08057","Jackson, CO",7,CAINC4,60,"...","Supplements to wages and salaries ","Thousands of dollars",252,262,322,420,529,566,713,819,1073,1421,1673,1874,1906,2066,1861,1634,1663,1987,2174,2226,2254,2302,2525,3178,3599,3084,2593,2563,2568,2606,2840,3012,3348,3513,3749,3912,4121,4119,4123,4464,4977,5150,5234,5074,5180,5762,5093,5216,5754,6441,6232,6232,6493,6771
 "08057","Jackson, CO",7,CAINC4,61,"..."," Employer contributions for employee pension and insurance funds 8/","Thousands of dollars",150,168,210,268,310,338,477,539,733,997,1196,1350,1283,1249,1167,1043,1107,1345,1454,1472,1531,1579,1735,2246,2522,2192,1869,1875,1874,1977,2153,2311,2578,2614,2785,2893,3002,2979,2952,3173,3674,3798,3820,3701,3767,4179,3683,3727,4031,4565,4427,4413,4503,4558
 "08057","Jackson, CO",7,CAINC4,62,"..."," Employer contributions for government social insurance ","Thousands of dollars",102,94,112,152,219,228,236,280,340,424,477,524,623,817,694,591,556,642,720,754,723,723,790,932,1077,892,724,688,694,629,687,701,770,899,964,1019,1119,1140,1171,1291,1303,1352,1414,1373,1413,1583,1410,1489,1723,1876,1805,1819,1990,2213
 "08057","Jackson, CO",7,CAINC4,70,"...","Proprietors' income 9/","Thousands of dollars",1265,1576,1668,1168,3587,2795,1797,2856,1949,2218,1082,1076,712,1239,797,-1327,1488,-151,2054,1986,2080,1010,2475,1713,2131,1343,1987,1709,2039,1965,1740,3938,2677,5858,5946,5907,8436,10083,11000,4429,5965,6455,7459,404,2766,6982,13818,11124,10640,10946,9707,10085,9759,8190
 "08057","Jackson, CO",7,CAINC4,71,"..."," Farm proprietors' income ","Thousands of dollars",511,884,815,127,2454,1625,515,1384,522,581,-701,-901,-1342,-673,-1369,-3395,-470,-2154,85,-186,-147,-1109,225,-649,-509,-1686,-1633,-1834,-1021,-1512,-1384,-886,-3386,-800,598,2121,5038,6160,7748,2231,3121,2935,4812,-876,446,3118,7065,3200,4013,4314,4474,5499,4872,2977
 "08057","Jackson, CO",7,CAINC4,72,"..."," Nonfarm proprietors' income ","Thousands of dollars",754,692,853,1041,1133,1170,1282,1472,1427,1637,1783,1977,2054,1912,2166,2068,1958,2003,1969,2172,2227,2119,2250,2362,2640,3029,3620,3543,3060,3477,3124,4824,6063,6658,5348,3786,3398,3923,3252,2198,2844,3520,2647,1280,2320,3864,6753,7924,6627,6632,5233,4586,4887,5213
 "08057","Jackson, CO",7,CAINC4,7010,"...","Total employment ","Number of jobs",759,726,754,844,937,945,939,872,944,982,994,1088,1170,1284,1163,1077,1019,1088,1108,1187,1120,1082,1025,1047,1110,1051,971,1005,1066,1013,1029,1054,1000,961,965,990,972,968,981,1020,1027,1012,1004,974,961,996,969,996,1049,1062,1012,1002,1076,1122
 "08057","Jackson, CO",7,CAINC4,7020,"..."," Wage and salary employment ","Number of jobs",528,504,504,576,656,651,643,617,675,706,692,755,805,904,799,698,629,692,714,711,666,635,593,657,696,630,540,544,561,561,571,595,596,573,592,587,590,573,558,583,608,603,608,570,562,577,545,553,594,601,597,577,612,632
 "08057","Jackson, CO",7,CAINC4,7040,"..."," Proprietors employment ","Number of jobs",231,222,250,268,281,294,296,255,269,276,302,333,365,380,364,379,390,396,394,476,454,447,432,390,414,421,431,461,505,452,458,459,404,388,373,403,382,395,423,437,419,409,396,404,399,419,424,443,455,461,415,425,464,490
 "08059","Jefferson, CO*",7,CAINC4,10,"...","Personal income (thousands of dollars) ","Thousands of dollars",994944,1142885,1337086,1527437,1758581,1982761,2256066,2559488,2932674,3448300,3992973,4653050,5451627,6057200,6536721,7138838,7580052,7863736,7996146,8420328,8988851,9526707,10186506,10799044,11687863,12288787,13291359,14253629,15544301,17321597,18268641,20289133,22119215,21537888,21476970,22151747,22397298,23242342,24030579,24770997,23618296,24185409,25532489,26711508,27974601,29945735,31606023,32621058,34209686,36131039,38403391,40220750,44091942,45948024
 "08059","Jefferson, CO*",7,CAINC4,11,"..."," Nonfarm personal income 1/","Thousands of dollars",992620,1137844,1332229,1522934,1753564,1978136,2251649,2554744,2928691,3445216,3991439,4651728,5450954,6058316,6534975,7140097,7581743,7865454,7993068,8419203,8987935,9527801,10187384,10794689,11683081,12284111,13286552,14249633,15539822,17316383,18262810,20283005,22111405,21529156,21471536,22143482,22389935,23236389,24024831,24767155,23612002,24180944,25524675,26707251,27969449,29941073,31601606,32616563,34204769,36125263,38399933,40214110,44087301,45941937
 "08059","Jefferson, CO*",7,CAINC4,12,"..."," Farm income 2/","Thousands of dollars",2324,5041,4857,4503,5017,4625,4417,4744,3983,3084,1534,1322,673,-1116,1746,-1259,-1691,-1718,3078,1125,916,-1094,-878,4355,4782,4676,4807,3996,4479,5214,5831,6128,7810,8732,5434,8265,7363,5953,5748,3842,6294,4465,7814,4257,5152,4662,4417,4495,4917,5776,3458,6640,4641,6087
 "08059","Jefferson, CO*",7,CAINC4,20,"...","Population (persons) 3/","Number of persons",230536,237786,249216,266554,284807,296783,315261,327847,339730,355217,369538,374525,384689,393547,403358,411993,418414,423772,428666,431553,435904,440014,447371,457595,472208,483064,492154,499819,507371,513706,523325,527997,530651,527851,524940,520900,519675,521662,524911,529003,531961,535553,540513,546612,552063,558867,564952,571481,575648,579583,582308,583050,580926,576143
 "08059","Jefferson, CO*",7,CAINC4,30,"...","Per capita personal income (dollars) 4/","Dollars",4316,4806,5365,5730,6175,6681,7156,7807,8632,9708,10805,12424,14172,15391,16206,17328,18116,18557,18654,19512,20621,21651,22770,23600,24752,25439,27007,28518,30637,33719,34909,38427,41683,40803,40913,42526,43099,44554,45780,46826,44399,45160,47238,48867,50673,53583,55945,57082,59428,62340,65950,68983,75899,79751
 "08059","Jefferson, CO*",7,CAINC4,35,"...","Earnings by place of work ","Thousands of dollars",420289,522264,640014,738496,853573,980734,1153357,1339791,1591889,1870016,2128764,2424932,3012000,3315212,3572990,3992104,4249976,4556163,4715628,4999084,5254282,5642409,6092216,6531145,6940592,7165421,7827331,8395769,9096416,9600489,10237103,10944175,12509757,12634296,12556477,12649304,12935778,13277809,13762054,14106989,13862323,14253432,14693009,15325652,16093342,17229574,18139179,18956883,19682016,21178925,22366823,22592395,23791662,25503468
 "08059","Jefferson, CO*",7,CAINC4,36,"...","Less: Contributions for government social insurance 5/","Thousands of dollars",25010,28279,35566,44340,59708,70048,80645,94368,114151,137827,166634,192630,265202,297135,328261,382338,420714,458999,473714,516484,552660,610184,674358,716372,769263,810075,885991,943878,1021475,1014254,1071569,1138201,1222524,1274626,1289541,1351639,1401166,1442075,1508781,1565669,1552443,1586723,1471854,1536525,1757416,1879618,2004411,2110742,2181395,2351707,2470062,2551349,2667852,2949707
 "08059","Jefferson, CO*",7,CAINC4,37,"..."," Employee and self-employed contributions for government social insurance ","Thousands of dollars",13067,14593,18060,22149,29698,34777,39745,45310,54519,65005,79715,93203,129094,145484,157963,180264,204177,223735,229765,252409,272165,300598,332603,352604,376423,393958,433831,463664,499911,517589,546024,575863,660787,663945,665753,682449,704060,731241,774193,806337,816794,829199,668052,695571,917300,974822,1042487,1111155,1149207,1263689,1324551,1378693,1435186,1598233
 "08059","Jefferson, CO*",7,CAINC4,38,"..."," Employer contributions for government social insurance ","Thousands of dollars",11943,13686,17506,22191,30010,35271,40900,49058,59632,72822,86919,99427,136108,151651,170298,202074,216537,235264,243949,264075,280495,309586,341755,363768,392840,416117,452160,480214,521564,496665,525545,562338,561737,610681,623788,669190,697106,710834,734588,759332,735649,757524,803802,840954,840116,904796,961924,999587,1032188,1088018,1145511,1172656,1232666,1351474
 "08059","Jefferson, CO*",7,CAINC4,42,"...","Plus: Adjustment for residence 6/","Thousands of dollars",405871,419122,466573,537262,615734,656974,683066,758612,839471,1006858,1211287,1430641,1490942,1658054,1721247,1815619,1886473,1808055,1752269,1810915,1884392,1967122,1966486,2239447,2551288,2707764,2759417,2865966,3273776,4453877,4900522,5917135,6040881,5558068,5467497,5705323,5320409,5147146,4971421,4608749,3984080,3983253,4224489,4480580,4806366,5056956,5230253,5230270,5575502,5558618,5882991,5777239,6608210,6908988
 "08059","Jefferson, CO*",7,CAINC4,45,"...","Equals: Net earnings by place of residence ","Thousands of dollars",801150,913107,1071021,1231418,1409599,1567660,1755778,2004035,2317209,2739047,3173417,3662943,4237740,4676131,4965976,5425385,5715735,5905219,5994183,6293515,6586014,6999347,7384344,8054220,8722617,9063110,9700757,10317857,11348717,13040112,14066056,15723109,17328114,16917738,16734433,17002988,16855021,16982880,17224694,17150069,16293960,16649962,17445644,18269707,19142292,20406912,21365021,22076411,23076123,24385836,25779752,25818285,27732020,29462749
 "08059","Jefferson, CO*",7,CAINC4,46,"...","Plus: Dividends, interest, and rent 7/","Thousands of dollars",153337,181776,209443,230854,269658,321071,374313,413632,464727,543548,634914,777071,956957,1088072,1245620,1370622,1506126,1564226,1562517,1660346,1861797,1930557,2144890,1999404,2159594,2353925,2621981,2916144,3160232,3224222,3080164,3371566,3447228,3140808,3183094,3532495,3796497,4348321,4744923,5000106,4438080,4289122,4751143,5079009,5336680,5785205,6236559,6437212,6942560,7251239,7892485,8061612,9413544,10276503
 "08059","Jefferson, CO*",7,CAINC4,47,"...","Plus: Personal current transfer receipts ","Thousands of dollars",40457,48002,56622,65165,79324,94030,125975,141821,150738,165705,184642,213036,256930,292997,325125,342831,358191,394291,439446,466467,541040,596803,657272,745420,805652,871752,968621,1019628,1035352,1057263,1122421,1194458,1343873,1479342,1559443,1616264,1745780,1911141,2060962,2620822,2886256,3246325,3335702,3362792,3495629,3753618,4004443,4107435,4191003,4493964,4731154,6340853,6946378,6208772
 "08059","Jefferson, CO*",7,CAINC4,50,"...","Wages and salaries ","Thousands of dollars",324322,404310,492085,564231,653695,749254,877307,1005972,1193279,1395657,1590322,1827684,2322107,2558718,2720386,3054468,3262909,3494647,3653009,3806804,3990651,4299982,4621839,4885738,5132140,5346667,5769832,6099585,6631859,6973277,7448741,8051536,8418005,8398521,8509682,8833413,9222054,9528483,10079127,10442173,10221298,10503617,10802269,11278590,11528993,12246127,12997200,13482061,14110182,15180098,16073957,16620347,17685678,19046949
 "08059","Jefferson, CO*",7,CAINC4,60,"...","Supplements to wages and salaries ","Thousands of dollars",33790,47403,63826,75330,87971,106523,132016,152617,189059,222444,256176,296940,392040,445980,495545,557653,611336,671073,698824,742759,821366,910086,1015315,1119635,1196812,1226069,1287452,1325308,1433985,1446802,1552227,1697839,1751125,1783275,1873389,1979288,2076057,2066536,2131484,2204797,2290432,2330583,2295773,2380088,2491364,2647856,2724483,2822358,2897044,3128309,3267267,3315097,3441642,3577534
 "08059","Jefferson, CO*",7,CAINC4,61,"..."," Employer contributions for employee pension and insurance funds 8/","Thousands of dollars",21847,33717,46320,53139,57961,71252,91116,103559,129427,149622,169257,197513,255932,294329,325247,355579,394799,435809,454875,478684,540871,600500,673560,755867,803972,809952,835292,845094,912421,950137,1026682,1135501,1189388,1172594,1249601,1310098,1378951,1355702,1396896,1445465,1554783,1573059,1491971,1539134,1651248,1743060,1762559,1822771,1864856,2040291,2121756,2142441,2208976,2226060
 "08059","Jefferson, CO*",7,CAINC4,62,"..."," Employer contributions for government social insurance ","Thousands of dollars",11943,13686,17506,22191,30010,35271,40900,49058,59632,72822,86919,99427,136108,151651,170298,202074,216537,235264,243949,264075,280495,309586,341755,363768,392840,416117,452160,480214,521564,496665,525545,562338,561737,610681,623788,669190,697106,710834,734588,759332,735649,757524,803802,840954,840116,904796,961924,999587,1032188,1088018,1145511,1172656,1232666,1351474
 "08059","Jefferson, CO*",7,CAINC4,70,"...","Proprietors' income 9/","Thousands of dollars",62177,70551,84103,98935,111907,124957,144034,181202,209551,251915,282266,300308,297853,310514,357059,379983,375731,390443,363795,449521,442265,432341,455062,525772,611640,592685,770047,970876,1030572,1180410,1236135,1194800,2340627,2452500,2173406,1836603,1637667,1682790,1551443,1460019,1350593,1419232,1594967,1666974,2072985,2335591,2417496,2652464,2674790,2870518,3025599,2656951,2664342,2878985
 "08059","Jefferson, CO*",7,CAINC4,71,"..."," Farm proprietors' income ","Thousands of dollars",134,2937,3044,2689,2823,2419,2177,2395,1317,-377,-2100,-2335,-2764,-4613,-1583,-4495,-4924,-4697,160,-2323,-2925,-5700,-5427,-265,15,-664,-205,-236,114,-225,-547,-2312,-1686,-2552,-3148,394,26,219,594,-742,1407,394,3944,-28,384,-4,497,-7,105,1081,-4,1641,-775,1493
 "08059","Jefferson, CO*",7,CAINC4,72,"..."," Nonfarm proprietors' income ","Thousands of dollars",62043,67614,81059,96246,109084,122538,141857,178807,208234,252292,284366,302643,300617,315127,358642,384478,380655,395140,363635,451844,445190,438041,460489,526037,611625,593349,770252,971112,1030458,1180635,1236682,1197112,2342313,2455052,2176554,1836209,1637641,1682571,1550849,1460761,1349186,1418838,1591023,1667002,2072601,2335595,2416999,2652471,2674685,2869437,3025603,2655310,2665117,2877492
 "08059","Jefferson, CO*",7,CAINC4,7010,"...","Total employment ","Number of jobs",63399,71361,78838,86938,96611,105533,115143,123963,135836,146994,154193,160444,174420,182209,189040,202671,206956,210605,209891,218346,220224,223036,229778,231226,236779,247810,254016,260592,269758,273305,274206,282376,293794,291519,290710,292821,297453,299716,309077,309253,303514,305119,309267,313334,319942,327873,337514,345601,348111,356949,357986,349731,360251,375570
 "08059","Jefferson, CO*",7,CAINC4,7020,"..."," Wage and salary employment ","Number of jobs",51462,58046,64067,69699,77079,82405,89158,95812,104341,113409,119542,123488,135412,138659,141891,153083,156804,161102,163529,165708,169418,173281,177490,181538,185858,191954,198431,201714,209667,212332,217303,222859,222957,219655,217039,217309,219940,220885,224147,224507,216659,218639,221033,224834,229140,235776,241969,246854,246516,253137,257843,246207,250460,257486
 "08059","Jefferson, CO*",7,CAINC4,7040,"..."," Proprietors employment ","Number of jobs",11937,13315,14771,17239,19532,23128,25985,28151,31495,33585,34651,36956,39008,43550,47149,49588,50152,49503,46362,52638,50806,49755,52288,49688,50921,55856,55585,58878,60091,60973,56903,59517,70837,71864,73671,75512,77513,78831,84930,84746,86855,86480,88234,88500,90802,92097,95545,98747,101595,103812,100143,103524,109791,118084
 "08061","Kiowa, CO",7,CAINC4,10,"...","Personal income (thousands of dollars) ","Thousands of dollars",11732,12301,9168,10771,12525,20988,13695,15116,16841,15307,13924,27532,19957,23816,44351,45553,40148,37776,32559,34405,30224,39352,34629,38008,41030,37236,43520,40905,51006,57814,56665,49536,53328,39121,48400,43182,45101,38982,61335,51811,54035,61140,71232,71119,91830,76477,63363,58716,55569,61196,73989,76132,98697,73733
 "08061","Kiowa, CO",7,CAINC4,11,"..."," Nonfarm personal income 1/","Thousands of dollars",4795,4992,5517,6209,7205,7495,8224,8895,9919,10802,11937,13320,14099,15941,17776,20431,21117,21099,20228,19395,20534,21057,21264,23222,24070,25035,27052,27711,28704,27620,26040,26696,32489,31959,32742,31298,32174,34986,37403,42601,43022,44603,57060,57634,55676,51127,50504,49034,50419,54726,58620,62740,66039,65935
 "08061","Kiowa, CO",7,CAINC4,12,"..."," Farm income 2/","Thousands of dollars",6937,7309,3651,4562,5320,13493,5471,6221,6922,4505,1987,14212,5858,7875,26575,25122,19031,16677,12331,15010,9690,18295,13365,14786,16960,12201,16468,13194,22302,30194,30625,22840,20839,7162,15658,11884,12927,3996,23932,9210,11013,16537,14172,13485,36154,25350,12859,9682,5150,6470,15369,13392,32658,7798
 "08061","Kiowa, CO",7,CAINC4,20,"...","Population (persons) 3/","Number of persons",2058,2024,2012,2026,2034,1994,2070,2030,1888,1785,1867,1944,1976,1901,1898,1891,1872,1801,1751,1748,1742,1676,1631,1630,1700,1656,1631,1641,1632,1637,1639,1610,1550,1519,1501,1457,1467,1456,1410,1392,1378,1404,1431,1409,1391,1380,1383,1343,1364,1380,1412,1452,1446,1424
 "08061","Kiowa, CO",7,CAINC4,30,"...","Per capita personal income (dollars) 4/","Dollars",5701,6078,4557,5316,6158,10526,6616,7446,8920,8575,7458,14163,10100,12528,23367,24089,21447,20975,18595,19682,17350,23480,21232,23318,24135,22486,26683,24927,31254,35317,34573,30768,34405,25754,32245,29638,30744,26773,43500,37221,39213,43547,49778,50475,66017,55418,45816,43720,40740,44345,52400,52433,68255,51779
 "08061","Kiowa, CO",7,CAINC4,35,"...","Earnings by place of work ","Thousands of dollars",9884,10292,6974,8263,9212,17537,9847,11038,12075,9955,7764,20251,12349,14835,34272,33412,27101,24939,20253,22978,18489,27884,23137,26945,30329,26338,31033,27862,37894,45591,45141,37138,40298,26757,34330,29205,31011,24081,44818,31629,34254,42276,47736,47145,68024,53708,39475,35093,33353,36278,47740,47231,66587,41986
 "08061","Kiowa, CO",7,CAINC4,36,"...","Less: Contributions for government social insurance 5/","Thousands of dollars",168,171,179,211,253,278,290,329,375,381,432,451,503,559,632,717,714,748,744,831,984,1085,1173,1428,1615,1801,1910,1916,2047,1763,1773,1597,1851,1830,1838,1853,1907,2089,2313,2665,2742,2848,3228,3205,3428,3313,3101,3333,3723,3739,3875,4220,4195,4738
 "08061","Kiowa, CO",7,CAINC4,37,"..."," Employee and self-employed contributions for government social insurance ","Thousands of dollars",91,90,94,110,125,133,139,148,168,174,204,220,247,282,320,364,376,404,381,427,518,542,575,696,772,804,847,842,859,816,755,736,973,969,947,928,996,1110,1228,1291,1331,1451,1572,1576,1636,1512,1471,1443,1591,1716,1887,2017,2014,2150
 "08061","Kiowa, CO",7,CAINC4,38,"..."," Employer contributions for government social insurance ","Thousands of dollars",77,81,85,101,128,145,151,181,207,207,228,231,256,277,312,353,338,344,363,404,466,543,598,732,843,997,1063,1074,1188,947,1018,861,878,861,891,925,911,979,1085,1374,1411,1397,1656,1629,1792,1801,1630,1890,2132,2023,1988,2203,2181,2588
 "08061","Kiowa, CO",7,CAINC4,42,"...","Plus: Adjustment for residence 6/","Thousands of dollars",-236,-256,-223,-215,-167,-106,-58,-5,181,368,445,550,398,372,262,137,104,22,-104,-157,-316,-328,-302,-609,-682,-783,-764,-734,-842,-601,-329,-129,-112,-9,371,443,435,732,1012,1468,945,1023,825,457,532,689,1136,992,1008,995,2066,1412,1353,3035
 "08061","Kiowa, CO",7,CAINC4,45,"...","Equals: Net earnings by place of residence ","Thousands of dollars",9480,9865,6572,7837,8792,17153,9499,10704,11881,9942,7777,20350,12244,14648,33902,32832,26491,24213,19405,21990,17189,26471,21662,24908,28032,23754,28359,25212,35005,43227,43039,35412,38335,24918,32863,27795,29539,22724,43517,30432,32457,40451,45333,44397,65128,51084,37510,32752,30638,33534,45931,44423,63745,40283
 "08061","Kiowa, CO",7,CAINC4,46,"...","Plus: Dividends, interest, and rent 7/","Thousands of dollars",1606,1729,1781,2043,2657,2750,2842,2902,3390,3710,4162,4814,5219,6451,7660,9779,10499,10161,9556,8723,9095,8945,8788,8428,7917,8149,9284,9595,10071,8878,7783,8412,8964,7586,8459,7702,7440,6800,8055,10020,10231,9027,13234,15162,14788,12456,12949,13096,10937,11702,12118,13095,10671,10706
 "08061","Kiowa, CO",7,CAINC4,47,"...","Plus: Personal current transfer receipts ","Thousands of dollars",646,707,815,891,1076,1085,1354,1510,1570,1655,1985,2368,2494,2717,2789,2942,3158,3402,3598,3692,3940,3936,4179,4672,5081,5333,5877,6098,5930,5709,5843,5712,6029,6617,7078,7685,8122,9458,9763,11359,11347,11662,12665,11560,11914,12937,12904,12868,13994,15960,15940,18614,24281,22744
 "08061","Kiowa, CO",7,CAINC4,50,"...","Wages and salaries ","Thousands of dollars",2248,2419,2527,2891,3247,3343,3455,3776,4187,4484,4814,5036,5254,5669,5867,6133,5904,5796,6067,6296,6859,7500,7830,9417,10603,12300,13279,13642,15702,15221,14082,13982,14143,14059,12879,13138,13890,14828,15538,17854,19550,20926,25536,24747,23242,23058,21617,23167,24462,25596,24534,28505,29383,26872
 "08061","Kiowa, CO",7,CAINC4,60,"...","Supplements to wages and salaries ","Thousands of dollars",238,263,307,396,435,478,549,629,746,805,812,817,864,945,1051,1116,1176,1223,1329,1427,1649,1907,2071,2691,3004,3326,3424,3437,3791,3541,3751,3587,3812,3603,3621,3803,4028,4412,4534,5024,5389,5458,5934,5688,5858,5986,5804,6408,6801,7060,6722,7380,7302,7242
 "08061","Kiowa, CO",7,CAINC4,61,"..."," Employer contributions for employee pension and insurance funds 8/","Thousands of dollars",161,182,222,295,307,333,398,448,539,598,584,586,608,668,739,763,838,879,966,1023,1183,1364,1473,1959,2161,2329,2361,2363,2603,2594,2733,2726,2934,2742,2730,2878,3117,3433,3449,3650,3978,4061,4278,4059,4066,4185,4174,4518,4669,5037,4734,5177,5121,4654
 "08061","Kiowa, CO",7,CAINC4,62,"..."," Employer contributions for government social insurance ","Thousands of dollars",77,81,85,101,128,145,151,181,207,207,228,231,256,277,312,353,338,344,363,404,466,543,598,732,843,997,1063,1074,1188,947,1018,861,878,861,891,925,911,979,1085,1374,1411,1397,1656,1629,1792,1801,1630,1890,2132,2023,1988,2203,2181,2588
 "08061","Kiowa, CO",7,CAINC4,70,"...","Proprietors' income 9/","Thousands of dollars",7398,7610,4140,4976,5530,13716,5843,6633,7142,4666,2138,14398,6231,8221,27354,26163,20021,17920,12857,15255,9981,18477,13236,14837,16722,10712,14330,10783,18401,26829,27308,19569,22343,9095,17830,12264,13093,4841,24746,8751,9315,15892,16266,16710,38924,24664,12054,5518,2090,3622,16484,11346,29902,7872
 "08061","Kiowa, CO",7,CAINC4,71,"..."," Farm proprietors' income ","Thousands of dollars",6292,6607,2976,3824,4333,12443,4398,5090,5626,2851,313,12581,4334,6366,25236,23915,17927,15749,11509,14014,8557,16916,11990,13375,14790,8808,12267,8570,16179,24768,25695,17797,16129,2348,11752,8064,8959,515,20271,5144,5824,11459,8632,6488,28323,17844,6479,2342,-2701,-1322,9666,5038,23531,208
 "08061","Kiowa, CO",7,CAINC4,72,"..."," Nonfarm proprietors' income ","Thousands of dollars",1106,1003,1164,1152,1197,1273,1445,1543,1516,1815,1825,1817,1897,1855,2118,2248,2094,2171,1348,1241,1424,1561,1246,1462,1932,1904,2063,2213,2222,2061,1613,1772,6214,6747,6078,4200,4134,4326,4475,3607,3491,4433,7634,10222,10601,6820,5575,3176,4791,4944,6818,6308,6371,7664
 "08061","Kiowa, CO",7,CAINC4,7010,"...","Total employment ","Number of jobs",1247,1265,1233,1258,1259,1258,1213,1179,1191,1119,1071,1099,1083,1106,1130,1102,1043,1012,977,1038,1012,1064,1018,1028,1111,1180,1166,1215,1293,1230,1165,1151,1225,1153,1130,1120,1114,1111,1161,1192,1201,1203,1232,1196,1206,1210,1220,1215,1292,1280,1271,1291,1262,1277
 "08061","Kiowa, CO",7,CAINC4,7020,"..."," Wage and salary employment ","Number of jobs",580,588,578,608,615,609,610,609,646,609,571,591,576,583,590,578,547,549,550,569,569,578,553,579,622,660,632,670,750,711,669,644,641,566,578,575,589,595,593,613,604,617,651,605,605,590,583,593,649,640,652,659,636,635
 "08061","Kiowa, CO",7,CAINC4,7040,"..."," Proprietors employment ","Number of jobs",667,677,655,650,644,649,603,570,545,510,500,508,507,523,540,524,496,463,427,469,443,486,465,449,489,520,534,545,543,519,496,507,584,587,552,545,525,516,568,579,597,586,581,591,601,620,637,622,643,640,619,632,626,642
 "08063","Kit Carson, CO",7,CAINC4,10,"...","Personal income (thousands of dollars) ","Thousands of dollars",30712,37953,37003,44246,61095,70133,59996,56207,56404,48606,51081,66333,73537,79608,94822,113855,119888,111907,126943,134132,128740,135102,129154,142281,150658,149389,159514,174766,171654,209830,221716,200848,209378,186648,224595,213838,222899,199860,243651,259926,256309,285760,290354,283684,289617,287115,283454,296076,262686,257123,297258,292303,364873,304939
 "08063","Kit Carson, CO",7,CAINC4,11,"..."," Nonfarm personal income 1/","Thousands of dollars",18715,20555,22933,25087,28149,31050,36617,40222,44248,49613,55038,62838,70734,77153,84360,90686,90906,91062,91392,94037,96267,98679,99976,105483,111119,119719,125913,131122,140202,149552,154335,161710,166953,166157,166826,159252,160076,166155,178074,195915,205269,206694,219243,229587,229296,243043,237973,240670,236829,246143,257710,284298,307445,308854
 "08063","Kit Carson, CO",7,CAINC4,12,"..."," Farm income 2/","Thousands of dollars",11997,17398,14070,19159,32946,39083,23379,15985,12156,-1007,-3957,3495,2803,2455,10462,23169,28982,20845,35551,40095,32473,36423,29178,36798,39539,29670,33601,43644,31452,60278,67381,39138,42425,20491,57769,54586,62823,33705,65577,64011,51040,79066,71111,54097,60321,44072,45481,55406,25857,10980,39548,8005,57428,-3915
 "08063","Kit Carson, CO",7,CAINC4,20,"...","Population (persons) 3/","Number of persons",7447,7587,7843,7477,7442,7562,7729,7790,7718,7523,7582,7597,7572,7595,7690,7677,7503,7390,7254,7285,7247,7131,7252,7352,7382,7421,7485,7547,7614,7815,8028,7971,7995,8250,8133,8157,8060,8011,7954,8157,8383,8269,8175,8073,8237,8000,8187,7593,7106,7118,7107,7066,6936,6961
 "08063","Kit Carson, CO",7,CAINC4,30,"...","Per capita personal income (dollars) 4/","Dollars",4124,5002,4718,5918,8209,9274,7762,7215,7308,6461,6737,8731,9712,10482,12331,14831,15979,15143,17500,18412,17765,18946,17809,19353,20409,20131,21311,23157,22545,26850,27618,25197,26189,22624,27615,26215,27655,24948,30633,31865,30575,34558,35517,35140,35160,35889,34622,38993,36967,36123,41826,41368,52606,43807
 "08063","Kit Carson, CO",7,CAINC4,35,"...","Earnings by place of work ","Thousands of dollars",24345,30863,29279,35641,50539,58565,46750,41938,39592,29891,29636,39536,41988,45683,55711,69259,73977,67324,83324,90519,82687,89035,81895,93108,100404,96928,101604,113813,107712,145602,158910,135255,141958,123231,159907,156631,165234,140938,177564,181071,174318,210390,208967,199687,211481,207242,201511,213928,174939,157845,192399,176200,239008,188207
 "08063","Kit Carson, CO",7,CAINC4,36,"...","Less: Contributions for government social insurance 5/","Thousands of dollars",666,719,838,961,1211,1416,1650,1848,1989,2240,2575,2840,3376,3849,3992,4312,4351,4599,4813,5258,5541,5858,6052,6287,6894,7621,7710,7765,8268,8381,9236,9289,9893,10654,10816,11437,11627,12276,13107,14135,14461,15165,14223,14997,16862,18531,17561,17955,17274,17380,18027,19749,20395,23395
 "08063","Kit Carson, CO",7,CAINC4,37,"..."," Employee and self-employed contributions for government social insurance ","Thousands of dollars",388,412,466,529,642,741,872,918,992,1101,1289,1454,1730,1980,2035,2149,2249,2385,2424,2710,2880,2952,3065,3235,3561,3941,4077,4097,4389,4704,4965,5080,5275,5456,5446,5644,5800,6266,6698,7116,7494,7956,6849,7141,8645,9270,9097,9385,8853,9154,9632,10613,11104,12461
 "08063","Kit Carson, CO",7,CAINC4,38,"..."," Employer contributions for government social insurance ","Thousands of dollars",278,307,372,432,569,675,778,930,997,1139,1286,1386,1646,1869,1957,2163,2102,2214,2389,2548,2661,2906,2987,3052,3333,3680,3633,3668,3879,3677,4271,4209,4618,5198,5370,5793,5827,6010,6409,7019,6967,7209,7374,7856,8217,9261,8464,8570,8421,8226,8395,9136,9291,10934
 "08063","Kit Carson, CO",7,CAINC4,42,"...","Plus: Adjustment for residence 6/","Thousands of dollars",-49,-49,-80,-74,-90,-121,-334,-391,-383,-502,-485,-522,-440,-755,-905,-1097,-940,-951,-1218,-1240,-1466,-1460,-731,-721,-759,-857,-640,-791,-726,-811,-1037,-906,-1045,-1360,-1377,-2000,-2265,-3161,-3718,-4321,-5154,-6414,-7580,-10203,-10422,-12715,-11949,-11760,-10334,-9787,-10027,-13375,-13811,-15657
 "08063","Kit Carson, CO",7,CAINC4,45,"...","Equals: Net earnings by place of residence ","Thousands of dollars",23630,30095,28361,34606,49238,57028,44766,39699,37220,27149,26576,36174,38172,41079,50814,63850,68686,61774,77293,84021,75680,81717,75112,86100,92751,88450,93254,105257,98718,136410,148637,125060,131020,111217,147714,143194,151342,125501,160739,162615,154703,188811,187164,174487,184197,175996,172001,184213,147331,130678,164345,143076,204802,149155
 "08063","Kit Carson, CO",7,CAINC4,46,"...","Plus: Dividends, interest, and rent 7/","Thousands of dollars",5210,5773,6199,6980,8780,9690,11231,12091,14173,16134,18374,22831,26614,28713,33304,38217,38937,36991,35796,36351,38245,38392,37460,37847,38752,40221,43590,46101,49491,49315,47484,48753,50156,45651,44762,37326,35194,35039,42698,52109,52122,45146,51039,56422,51903,53222,52827,53580,54999,60707,64899,65273,62338,65894
 "08063","Kit Carson, CO",7,CAINC4,47,"...","Plus: Personal current transfer receipts ","Thousands of dollars",1872,2085,2443,2660,3077,3415,3999,4417,5011,5323,6131,7328,8751,9816,10704,11788,12265,13142,13854,13760,14815,14993,16582,18334,19155,20718,22670,23408,23445,24105,25595,27035,28202,29780,32119,33318,36363,39320,40214,45202,49484,51803,52151,52775,53517,57897,58626,58283,60356,65738,68014,83954,97733,89890
 "08063","Kit Carson, CO",7,CAINC4,50,"...","Wages and salaries ","Thousands of dollars",8330,9205,10206,10921,12784,14234,16825,18241,19449,22129,24436,26486,29382,32568,32480,33663,33129,34363,36837,38240,38756,41123,41120,42181,44441,48590,49519,51535,55445,60508,65345,68643,72572,75902,74478,78064,80097,83379,88817,93766,97566,99933,99542,106515,110232,121517,116102,115793,111980,114624,117045,128766,133254,139993
 "08063","Kit Carson, CO",7,CAINC4,60,"...","Supplements to wages and salaries ","Thousands of dollars",791,895,1062,1325,1563,1789,2242,2555,2881,3355,3774,4125,4686,5537,5978,6292,6255,6738,7486,7901,8383,9370,9839,10986,11907,12829,12537,12974,13776,14474,16128,16747,18107,18635,19050,20039,20551,20885,21617,22754,24556,24997,23839,24848,26287,29404,27501,27915,27609,28356,28286,30295,30626,32078
 "08063","Kit Carson, CO",7,CAINC4,61,"..."," Employer contributions for employee pension and insurance funds 8/","Thousands of dollars",513,588,690,893,994,1114,1464,1625,1884,2216,2488,2739,3040,3668,4021,4129,4153,4524,5097,5353,5722,6464,6852,7934,8574,9149,8904,9306,9897,10797,11857,12538,13489,13437,13680,14246,14724,14875,15208,15735,17589,17788,16465,16992,18070,20143,19037,19345,19188,20130,19891,21159,21335,21144
 "08063","Kit Carson, CO",7,CAINC4,62,"..."," Employer contributions for government social insurance ","Thousands of dollars",278,307,372,432,569,675,778,930,997,1139,1286,1386,1646,1869,1957,2163,2102,2214,2389,2548,2661,2906,2987,3052,3333,3680,3633,3668,3879,3677,4271,4209,4618,5198,5370,5793,5827,6010,6409,7019,6967,7209,7374,7856,8217,9261,8464,8570,8421,8226,8395,9136,9291,10934
 "08063","Kit Carson, CO",7,CAINC4,70,"...","Proprietors' income 9/","Thousands of dollars",15224,20763,18011,23395,36192,42542,27683,21142,17262,4407,1426,8925,7920,7578,17253,29304,34593,26223,39001,44378,35548,38542,30936,39941,44056,35509,39548,49304,38491,70620,77437,49865,51279,28694,66379,58528,64586,36674,67130,64551,52196,85460,85586,68324,74962,56321,57908,70220,35350,14865,47068,17139,75128,16136
 "08063","Kit Carson, CO",7,CAINC4,71,"..."," Farm proprietors' income ","Thousands of dollars",10101,15316,12059,16927,29968,35849,20409,13128,9129,-4790,-8052,-743,-1303,-1848,6335,19114,24883,17009,31726,35985,28258,31713,24813,32603,34870,23977,27769,38200,25190,53729,60500,30960,33744,10503,49386,46065,53616,25278,56297,54653,39811,68617,60155,40738,45400,29677,33290,41389,10865,-3826,28686,-7840,40166,-18348
 "08063","Kit Carson, CO",7,CAINC4,72,"..."," Nonfarm proprietors' income ","Thousands of dollars",5123,5447,5952,6468,6224,6693,7274,8014,8133,9197,9478,9668,9223,9426,10918,10190,9710,9214,7275,8393,7290,6829,6123,7338,9186,11532,11779,11104,13301,16891,16937,18905,17535,18191,16993,12463,10970,11396,10833,9898,12385,16843,25431,27586,29562,26644,24618,28831,24485,18691,18382,24979,34962,34484
 "08063","Kit Carson, CO",7,CAINC4,7010,"...","Total employment ","Number of jobs",3606,3770,3711,3868,4071,4202,4298,4272,4275,4197,4101,4275,4316,4330,4366,4365,4184,4182,4236,4445,4319,4417,4217,4238,4406,4730,4431,4563,4744,4910,4998,4989,5008,4944,4852,4794,4861,4795,4847,4955,4997,5084,5086,5027,5123,5237,5161,5097,5118,4994,4948,5069,5063,5262
 "08063","Kit Carson, CO",7,CAINC4,7020,"..."," Wage and salary employment ","Number of jobs",2022,2133,2162,2227,2456,2526,2660,2648,2693,2679,2618,2787,2823,2856,2858,2848,2701,2746,2879,3004,2930,3003,2859,2874,2891,2974,2894,3001,3103,3213,3337,3291,3306,3243,3204,3156,3192,3188,3114,3216,3257,3291,3214,3230,3261,3366,3269,3206,3154,3056,3103,3093,3060,3171
 "08063","Kit Carson, CO",7,CAINC4,7040,"..."," Proprietors employment ","Number of jobs",1584,1637,1549,1641,1615,1676,1638,1624,1582,1518,1483,1488,1493,1474,1508,1517,1483,1436,1357,1441,1389,1414,1358,1364,1515,1756,1537,1562,1641,1697,1661,1698,1702,1701,1648,1638,1669,1607,1733,1739,1740,1793,1872,1797,1862,1871,1892,1891,1964,1938,1845,1976,2003,2091
 "08065","Lake, CO",7,CAINC4,10,"...","Personal income (thousands of dollars) ","Thousands of dollars",25894,29965,31230,30390,34769,41849,52052,57596,66069,74282,85854,100438,110895,92360,70172,76981,80341,76640,73075,72432,83745,92448,97787,101345,105210,111732,124003,133134,142232,153330,159329,163820,174425,173255,174872,177757,183739,194976,203632,219024,205178,197113,213608,209256,216174,226835,239559,246879,259508,279649,298412,325508,359097,380731
 "08065","Lake, CO",7,CAINC4,11,"..."," Nonfarm personal income 1/","Thousands of dollars",25894,29965,31230,30390,34769,41849,52052,57596,66069,74282,85854,100438,110895,92360,70172,76981,80341,76640,73075,72432,83745,92448,97787,101345,105210,111732,124003,133134,142232,153330,159329,163820,174425,173255,174872,177757,183739,194976,203632,219024,205178,197113,213608,209256,216174,226835,239559,246879,259508,279649,298412,325508,359097,380731
 "08065","Lake, CO",7,CAINC4,12,"..."," Farm income 2/","Thousands of dollars",0,0,0,0,0,0,0,0,0,0,0,0,0,0,0,0,0,0,0,0,0,0,0,0,0,0,0,0,0,0,0,0,0,0,0,0,0,0,0,0,0,0,0,0,0,0,0,0,0,0,0,0,0,0
 "08065","Lake, CO",7,CAINC4,20,"...","Population (persons) 3/","Number of persons",8333,8308,8503,8538,8538,8489,8677,8924,8812,8722,8844,8836,8842,8464,7625,6964,6776,6533,6158,5833,5953,6053,6255,6398,6483,6616,6907,7079,7265,7473,7713,7815,7758,7676,7491,7434,7331,7278,7392,7450,7426,7250,7277,7139,7104,7107,7173,7249,7365,7347,7541,7404,7397,7327
 "08065","Lake, CO",7,CAINC4,30,"...","Per capita personal income (dollars) 4/","Dollars",3107,3607,3673,3559,4072,4930,5999,6454,7498,8517,9708,11367,12542,10912,9203,11054,11857,11731,11867,12418,14068,15273,15633,15840,16229,16888,17953,18807,19578,20518,20657,20962,22483,22571,23344,23911,25063,26790,27548,29399,27630,27188,29354,29312,30430,31917,33397,34057,35235,38063,39572,43964,48546,51963
 "08065","Lake, CO",7,CAINC4,35,"...","Earnings by place of work ","Thousands of dollars",31740,36971,38123,35841,41502,51652,65799,72603,85551,97472,114540,133123,144806,103781,60995,69693,70005,59933,50307,43528,49129,53425,56447,54323,52681,55022,62406,65432,68422,74157,74407,73488,79942,82233,83748,83781,84530,90521,94851,97501,92560,92075,97096,121436,123350,129634,132147,130699,142962,165337,174448,173008,191431,216498
 "08065","Lake, CO",7,CAINC4,36,"...","Less: Contributions for government social insurance 5/","Thousands of dollars",2113,2451,2636,2447,3257,4422,5566,5629,6634,7592,9389,11019,13534,9897,5741,7065,7269,6090,4918,4317,4986,5460,6038,5771,5700,5851,6744,6991,7147,7059,6785,6657,6873,7275,7426,7752,7933,8570,9293,9623,8936,8794,8772,11247,12199,13002,13266,13297,14588,16790,17866,17994,19610,22931
 "08065","Lake, CO",7,CAINC4,37,"..."," Employee and self-employed contributions for government social insurance ","Thousands of dollars",1019,1169,1242,1203,1633,2103,2627,2904,3380,3888,4819,5679,6639,4774,2761,3227,3433,2975,2420,2165,2530,2765,3027,2868,2787,2920,3332,3438,3604,3715,3663,3598,3868,3942,4011,4122,4195,4544,4984,5108,4941,4843,4233,5288,6540,6854,7035,7209,7909,9284,9847,9933,10754,12691
 "08065","Lake, CO",7,CAINC4,38,"..."," Employer contributions for government social insurance ","Thousands of dollars",1094,1282,1394,1244,1624,2319,2939,2725,3254,3704,4570,5340,6895,5123,2980,3838,3836,3115,2498,2152,2456,2695,3011,2903,2913,2931,3412,3553,3543,3344,3122,3059,3005,3333,3415,3630,3738,4026,4309,4515,3995,3951,4539,5959,5659,6148,6231,6088,6679,7506,8019,8061,8856,10240
 "08065","Lake, CO",7,CAINC4,42,"...","Plus: Adjustment for residence 6/","Thousands of dollars",-7313,-8650,-8816,-8129,-9543,-12468,-16414,-18405,-22679,-26072,-30885,-35870,-37481,-22797,-7914,-7712,-5325,-423,4331,9431,12840,17009,18295,22755,26317,30278,32249,35383,40018,44276,48091,51670,52959,49869,47032,48458,51857,57882,59363,56887,45367,36878,33598,20870,24577,27495,33922,34877,34795,32642,32645,33349,37911,40917
 "08065","Lake, CO",7,CAINC4,45,"...","Equals: Net earnings by place of residence ","Thousands of dollars",22314,25870,26671,25265,28702,34762,43819,48569,56238,63808,74266,86234,93791,71087,47340,54916,57411,53420,49720,48642,56983,64974,68704,71307,73298,79449,87911,93824,101293,111374,115713,118501,126028,124827,123354,124487,128454,139833,144921,144765,128991,120159,121922,131059,135728,144127,152803,152279,163169,181189,189227,188363,209732,234484
 "08065","Lake, CO",7,CAINC4,46,"...","Plus: Dividends, interest, and rent 7/","Thousands of dollars",2295,2584,2867,3091,3406,3928,4628,5021,5593,6122,6839,8418,10375,11580,12385,13673,14812,14910,14895,15259,17149,17799,18364,17733,18553,18893,21236,23822,25180,26475,27199,28258,29089,26810,29857,31182,30309,28894,32319,45724,44590,40255,53316,40497,40557,41820,45501,52516,52865,51904,61289,61486,70221,78427
 "08065","Lake, CO",7,CAINC4,47,"...","Plus: Personal current transfer receipts ","Thousands of dollars",1285,1511,1692,2034,2661,3159,3605,4006,4238,4352,4749,5786,6729,9693,10447,8392,8118,8310,8460,8531,9613,9675,10719,12305,13359,13390,14856,15488,15759,15481,16417,17061,19308,21618,21661,22088,24976,26249,26392,28535,31597,36699,38370,37700,39889,40888,41255,42084,43474,46556,47896,75659,79144,67820
 "08065","Lake, CO",7,CAINC4,50,"...","Wages and salaries ","Thousands of dollars",26762,31301,32118,29699,34475,42806,53890,59761,69515,78776,92714,107042,115153,82652,48051,54552,55001,45427,37359,31300,34690,37562,40203,38052,36915,37575,43056,45957,45539,47422,46674,47602,48671,49068,50890,52756,53166,57277,61433,65871,60928,60779,64784,83740,81334,86281,86045,85725,94755,107667,117939,118046,131742,150963
 "08065","Lake, CO",7,CAINC4,60,"...","Supplements to wages and salaries ","Thousands of dollars",3325,3977,4129,3953,4616,6320,9192,9863,13060,15316,18320,21922,25678,17773,9400,11014,10361,8586,7813,6791,8190,9642,10407,10641,10423,10622,11896,12331,12423,13183,13019,12672,12978,13243,13901,14499,14946,15554,15805,16607,16700,16708,16796,20465,20634,22180,22532,22372,23709,26963,27540,27201,29666,31979
 "08065","Lake, CO",7,CAINC4,61,"..."," Employer contributions for employee pension and insurance funds 8/","Thousands of dollars",2231,2695,2735,2709,2992,4001,6253,7138,9806,11612,13750,16582,18783,12650,6420,7176,6525,5471,5315,4639,5734,6947,7396,7738,7510,7691,8484,8778,8880,9839,9897,9613,9973,9910,10486,10869,11208,11528,11496,12092,12705,12757,12257,14506,14975,16032,16301,16284,17030,19457,19521,19140,20810,21739
 "08065","Lake, CO",7,CAINC4,62,"..."," Employer contributions for government social insurance ","Thousands of dollars",1094,1282,1394,1244,1624,2319,2939,2725,3254,3704,4570,5340,6895,5123,2980,3838,3836,3115,2498,2152,2456,2695,3011,2903,2913,2931,3412,3553,3543,3344,3122,3059,3005,3333,3415,3630,3738,4026,4309,4515,3995,3951,4539,5959,5659,6148,6231,6088,6679,7506,8019,8061,8856,10240
 "08065","Lake, CO",7,CAINC4,70,"...","Proprietors' income 9/","Thousands of dollars",1653,1693,1876,2189,2411,2526,2717,2979,2976,3380,3506,4159,3975,3356,3544,4127,4643,5920,5135,5437,6249,6221,5837,5630,5343,6825,7454,7144,10460,13552,14714,13214,18293,19922,18957,16526,16418,17690,17613,15023,14932,14588,15516,17231,21382,21173,23570,22602,24498,30707,28969,27761,30023,33556
 "08065","Lake, CO",7,CAINC4,71,"..."," Farm proprietors' income ","Thousands of dollars",0,0,0,0,0,0,0,0,0,0,0,0,0,0,0,0,0,0,0,0,0,0,0,0,0,0,0,0,0,0,0,0,0,0,0,0,0,0,0,0,0,0,0,0,0,0,0,0,0,0,0,0,0,0
 "08065","Lake, CO",7,CAINC4,72,"..."," Nonfarm proprietors' income ","Thousands of dollars",1653,1693,1876,2189,2411,2526,2717,2979,2976,3380,3506,4159,3975,3356,3544,4127,4643,5920,5135,5437,6249,6221,5837,5630,5343,6825,7454,7144,10460,13552,14714,13214,18293,19922,18957,16526,16418,17690,17613,15023,14932,14588,15516,17231,21382,21173,23570,22602,24498,30707,28969,27761,30023,33556
 "08065","Lake, CO",7,CAINC4,7010,"...","Total employment ","Number of jobs",3910,4345,4160,3838,4129,4580,5052,5190,5441,5448,5770,5951,5869,4115,2677,3073,2997,2606,2303,2365,2469,2612,2698,2611,2492,2577,2809,2951,2964,3120,3039,2946,2994,2954,2968,2975,2935,3123,3185,3159,2974,2892,3018,3217,3315,3503,3531,3455,3528,3551,3668,3584,3721,3927
 "08065","Lake, CO",7,CAINC4,7020,"..."," Wage and salary employment ","Number of jobs",3673,4071,3882,3536,3826,4232,4670,4862,5097,5096,5391,5538,5466,3726,2253,2605,2504,2095,1806,1756,1905,2002,2077,2010,1875,1901,2123,2244,2193,2268,2192,2076,2094,2099,2095,2080,2069,2187,2186,2224,2088,2017,2090,2260,2283,2403,2471,2394,2432,2469,2573,2422,2510,2650
 "08065","Lake, CO",7,CAINC4,7040,"..."," Proprietors employment ","Number of jobs",237,274,278,302,303,348,382,328,344,352,379,413,403,389,424,468,493,511,497,609,564,610,621,601,617,676,686,707,771,852,847,870,900,855,873,895,866,936,999,935,886,875,928,957,1032,1100,1060,1061,1096,1082,1095,1162,1211,1277
 "08067","La Plata, CO",7,CAINC4,10,"...","Personal income (thousands of dollars) ","Thousands of dollars",54322,60767,69351,79272,90530,103023,120742,139089,157248,185374,214884,245916,282903,307214,334313,362817,388507,402565,413237,454053,482824,529544,571744,646511,718461,803733,870004,940315,1001736,1090604,1130094,1242195,1302991,1343749,1427481,1572863,1706934,1876675,2033173,2255894,2155060,2160604,2245654,2386291,2720185,2864618,2919347,2891368,2892615,3144411,3278631,3397149,3714788,3894248
 "08067","La Plata, CO",7,CAINC4,11,"..."," Nonfarm personal income 1/","Thousands of dollars",52844,59398,67639,76928,88257,101804,116950,136833,156680,184855,212239,244374,282157,307386,334490,363374,389044,403579,412894,452994,482471,530479,572282,647101,719194,806969,873210,943930,1003690,1092557,1130701,1242861,1301386,1342353,1426231,1569342,1703249,1876486,2032566,2261878,2156322,2164763,2243929,2390827,2723658,2867664,2919404,2894615,2896597,3147483,3282448,3399954,3716724,3907128
 "08067","La Plata, CO",7,CAINC4,12,"..."," Farm income 2/","Thousands of dollars",1478,1369,1712,2344,2273,1219,3792,2256,568,519,2645,1542,746,-172,-177,-557,-537,-1014,343,1059,353,-935,-538,-590,-733,-3236,-3206,-3615,-1954,-1953,-607,-666,1605,1396,1250,3521,3685,189,607,-5984,-1262,-4159,1725,-4536,-3473,-3046,-57,-3247,-3982,-3072,-3817,-2805,-1936,-12880
 "08067","La Plata, CO",7,CAINC4,20,"...","Population (persons) 3/","Number of persons",19451,19327,20126,21503,21945,22610,23586,25249,26252,27042,27234,27431,28309,29346,30118,30784,31371,31300,31288,31313,31695,32505,33684,34966,36550,37843,39568,40761,41654,42318,43049,44228,45044,45869,46121,46728,47575,48574,49343,50291,51105,51394,51779,52295,53147,53566,54306,54893,55059,55754,55593,55675,56187,56607
 "08067","La Plata, CO",7,CAINC4,30,"...","Per capita personal income (dollars) 4/","Dollars",2793,3144,3446,3687,4125,4557,5119,5509,5990,6855,7890,8965,9993,10469,11100,11786,12384,12862,13208,14500,15233,16291,16974,18490,19657,21239,21988,23069,24049,25772,26251,28086,28927,29295,30951,33660,35879,38635,41205,44857,42169,42040,43370,45631,51182,53478,53757,52673,52537,56398,58976,61017,66115,68794
 "08067","La Plata, CO",7,CAINC4,35,"...","Earnings by place of work ","Thousands of dollars",38661,42228,47935,54975,62883,71321,82382,96740,109290,128555,146333,161059,181524,194101,207403,230897,244198,255005,265467,290933,308875,347325,384421,435696,482498,548769,591392,640141,688293,745080,788286,875364,905856,963203,1025095,1137494,1234960,1362316,1470810,1546381,1509334,1520575,1473714,1594247,1931168,1992132,1972855,1940675,1872423,1934815,1958388,1975103,2169668,2356786
 "08067","La Plata, CO",7,CAINC4,36,"...","Less: Contributions for government social insurance 5/","Thousands of dollars",1968,2075,2380,2899,3942,4844,5286,6426,7529,8964,10698,12213,15184,16725,18176,20909,22906,24281,24699,28197,30942,35640,40556,45442,50926,58811,63416,67436,71140,70724,73869,80467,85861,95040,101271,115041,125819,138088,150814,157563,153343,154372,137447,146215,176579,186810,191112,196559,194155,201745,204308,208605,225316,251584
 "08067","La Plata, CO",7,CAINC4,37,"..."," Employee and self-employed contributions for government social insurance ","Thousands of dollars",1109,1191,1343,1594,2126,2575,2781,3283,3833,4490,5404,6212,7697,8586,9126,10415,11778,12586,12914,14887,16472,18794,21699,24091,26775,30744,33047,35072,37298,39036,40550,44411,46186,48876,51994,58832,63970,70810,78909,83092,84123,84301,63836,68874,98106,101683,104165,106601,103264,110018,112210,115400,124457,140781
 "08067","La Plata, CO",7,CAINC4,38,"..."," Employer contributions for government social insurance ","Thousands of dollars",859,884,1037,1305,1816,2269,2505,3143,3696,4474,5294,6001,7487,8139,9050,10494,11128,11695,11785,13310,14470,16846,18857,21351,24151,28067,30369,32364,33842,31688,33319,36056,39675,46164,49277,56209,61849,67278,71905,74471,69220,70071,73611,77341,78473,85127,86947,89958,90891,91727,92098,93205,100859,110803
 "08067","La Plata, CO",7,CAINC4,42,"...","Plus: Adjustment for residence 6/","Thousands of dollars",683,639,656,957,1156,1487,1832,2448,3210,5090,8022,11164,13519,14071,13330,13193,13146,13369,13153,12811,13705,14772,13627,12117,12055,9688,8062,5159,3818,2980,420,-3475,-4836,-9524,-15324,-21894,-28759,-39701,-57224,-64246,-52902,-46718,-32980,-27270,-23632,-27436,-28076,-35783,-31021,-34138,-32180,-37326,-30745,-34802
 "08067","La Plata, CO",7,CAINC4,45,"...","Equals: Net earnings by place of residence ","Thousands of dollars",37376,40792,46211,53033,60097,67964,78928,92762,104971,124681,143657,160010,179859,191447,202557,223181,234438,244093,253921,275547,291638,326457,357492,402371,443627,499646,536038,577864,620971,677336,714837,791422,815159,858639,908500,1000559,1080382,1184527,1262772,1324572,1303089,1319485,1303287,1420762,1730957,1777886,1753667,1708333,1647247,1698932,1721900,1729172,1913607,2070400
 "08067","La Plata, CO",7,CAINC4,46,"...","Plus: Dividends, interest, and rent 7/","Thousands of dollars",11116,13113,15014,17114,19892,22837,26304,28950,33376,41112,47738,58644,72244,82896,94498,100844,112960,115446,113361,131095,138537,147364,152529,173935,200000,224776,245050,270881,287908,318315,312840,341128,364497,349283,377067,423537,464370,518363,586833,720458,617157,577009,671438,690816,702361,769359,821268,815758,860907,1015617,1099065,1043769,1110975,1205527
 "08067","La Plata, CO",7,CAINC4,47,"...","Plus: Personal current transfer receipts ","Thousands of dollars",5830,6862,8126,9125,10541,12222,15510,17377,18901,19581,23489,27262,30800,32871,37258,38792,41109,43026,45955,47411,52649,55723,61723,70205,74834,79311,88916,91570,92857,94953,102417,109645,123335,135827,141914,148767,162182,173785,183568,210864,234814,264110,270929,274713,286867,317373,344412,367277,384461,429862,457666,624208,690206,618321
 "08067","La Plata, CO",7,CAINC4,50,"...","Wages and salaries ","Thousands of dollars",26752,28616,31994,36142,42470,50035,56027,65691,75246,87375,98987,112410,130761,141161,148780,163481,172789,179430,184455,198475,212981,240935,263636,292872,321010,370523,407415,442852,466935,499765,530061,577186,611330,646639,688962,756671,822401,916006,1016423,1063170,1014989,1040442,1026830,1079623,1125183,1205190,1237665,1274313,1286266,1339538,1359886,1359537,1477690,1594975
 "08067","La Plata, CO",7,CAINC4,60,"...","Supplements to wages and salaries ","Thousands of dollars",2921,3245,4002,4894,5645,6748,8066,9360,11251,13567,15454,17768,21190,23585,26292,29511,32458,34790,35405,38773,44350,52678,58991,71164,78993,88683,93541,100227,105513,108169,116800,127856,136101,145323,159136,173619,188105,198665,210151,216713,220197,221280,213413,224966,238828,256462,257365,267994,270104,284646,282179,281074,296476,310435
 "08067","La Plata, CO",7,CAINC4,61,"..."," Employer contributions for employee pension and insurance funds 8/","Thousands of dollars",2062,2361,2965,3589,3829,4479,5561,6217,7555,9093,10160,11767,13703,15446,17242,19017,21330,23095,23620,25463,29880,35832,40134,49813,54842,60616,63172,67863,71671,76481,83481,91800,96426,99159,109859,117410,126256,131387,138246,142242,150977,151209,139802,147625,160355,171335,170418,178036,179213,192919,190081,187869,195617,199632
 "08067","La Plata, CO",7,CAINC4,62,"..."," Employer contributions for government social insurance ","Thousands of dollars",859,884,1037,1305,1816,2269,2505,3143,3696,4474,5294,6001,7487,8139,9050,10494,11128,11695,11785,13310,14470,16846,18857,21351,24151,28067,30369,32364,33842,31688,33319,36056,39675,46164,49277,56209,61849,67278,71905,74471,69220,70071,73611,77341,78473,85127,86947,89958,90891,91727,92098,93205,100859,110803
 "08067","La Plata, CO",7,CAINC4,70,"...","Proprietors' income 9/","Thousands of dollars",8988,10367,11939,13939,14768,14538,18289,21689,22793,27613,31892,30881,29573,29355,32331,37905,38951,40785,45607,53685,51544,53712,61794,71660,82495,89563,90436,97062,115845,137146,141425,170322,158425,171241,176997,207204,224454,247645,244236,266498,274148,258853,233471,289658,567157,530480,477825,398368,316053,310631,316323,334492,395502,451376
 "08067","La Plata, CO",7,CAINC4,71,"..."," Farm proprietors' income ","Thousands of dollars",668,572,1009,1626,1376,308,2939,1422,-326,-584,1392,187,-622,-1603,-1564,-1936,-1940,-2350,-1018,-304,-959,-2299,-1713,-1607,-1855,-4585,-4597,-4912,-3459,-3490,-2195,-2600,-419,-809,-914,940,610,-2998,-3294,-10066,-6226,-8823,-3223,-10619,-10257,-9631,-5614,-9635,-10817,-9783,-8750,-9972,-9726,-19435
 "08067","La Plata, CO",7,CAINC4,72,"..."," Nonfarm proprietors' income ","Thousands of dollars",8320,9795,10930,12313,13392,14230,15350,20267,23119,28197,30500,30694,30195,30958,33895,39841,40891,43135,46625,53989,52503,56011,63507,73267,84350,94148,95033,101974,119304,140636,143620,172922,158844,172050,177911,206264,223844,250643,247530,276564,280374,267676,236694,300277,577414,540111,483439,408003,326870,320414,325073,344464,405228,470811
 "08067","La Plata, CO",7,CAINC4,7010,"...","Total employment ","Number of jobs",7450,7633,8140,8709,9587,10067,10800,11811,12437,13117,13669,14382,15307,15842,16291,17233,17671,17685,17121,18473,19201,19786,21116,22012,23508,25663,26985,28224,29031,29753,30076,31137,31863,32261,32908,34262,35437,37142,38768,39393,37847,37081,37082,37474,38423,39346,40033,40945,41570,41621,40544,39147,40811,42622
 "08067","La Plata, CO",7,CAINC4,7020,"..."," Wage and salary employment ","Number of jobs",5387,5551,5905,6397,7017,7364,7962,8712,9150,9730,10184,10675,11476,11829,11956,12595,12865,12764,12311,12897,13652,14374,15079,15984,16998,18595,19600,20496,20885,21435,21891,22632,22832,23045,23439,24459,25058,26366,27058,27356,25790,25002,24785,25247,26043,26630,27084,27923,28109,27980,27745,25848,26852,27807
 "08067","La Plata, CO",7,CAINC4,7040,"..."," Proprietors employment ","Number of jobs",2063,2082,2235,2312,2570,2703,2838,3099,3287,3387,3485,3707,3831,4013,4335,4638,4806,4921,4810,5576,5549,5412,6037,6028,6510,7068,7385,7728,8146,8318,8185,8505,9031,9216,9469,9803,10379,10776,11710,12037,12057,12079,12297,12227,12380,12716,12949,13022,13461,13641,12799,13299,13959,14815
 "08069","Larimer, CO",7,CAINC4,10,"...","Personal income (thousands of dollars) ","Thousands of dollars",272754,313677,368477,428182,500034,577813,676045,782016,898522,1065075,1254849,1436951,1629655,1785262,1976345,2168313,2334397,2497768,2660566,2852567,3129089,3365468,3591020,3915873,4282864,4643005,5059300,5541840,5985189,6490324,6902614,7776157,8354451,8449666,8525283,8883582,9346231,10032283,10776675,11170474,10985633,11258594,11937108,12671282,13372320,14466510,15478499,16293556,17688537,18810826,20041008,21508425,23757935,24885632
 "08069","Larimer, CO",7,CAINC4,11,"..."," Nonfarm personal income 1/","Thousands of dollars",265590,307412,357408,420221,490799,569374,663815,772761,893411,1058626,1254679,1437033,1622460,1780314,1966288,2160245,2328552,2492949,2656111,2844848,3116270,3352306,3578453,3899097,4262297,4627018,5046390,5520803,5963787,6470126,6886435,7763606,8337985,8443525,8524533,8866926,9328118,10019538,10753849,11151572,10968298,11232689,11908199,12639736,13340628,14430471,15442731,16268400,17664976,18784529,20008688,21480068,23723817,24863151
 "08069","Larimer, CO",7,CAINC4,12,"..."," Farm income 2/","Thousands of dollars",7164,6265,11069,7961,9235,8439,12230,9255,5111,6449,170,-82,7195,4948,10057,8068,5845,4819,4455,7719,12819,13162,12567,16776,20567,15987,12910,21037,21402,20198,16179,12551,16466,6141,750,16656,18113,12745,22826,18902,17335,25905,28909,31546,31692,36039,35768,25156,23561,26297,32320,28357,34118,22481
 "08069","Larimer, CO",7,CAINC4,20,"...","Population (persons) 3/","Number of persons",81438,91095,97125,106999,112441,119945,120593,123187,131973,137780,145474,150091,153347,157410,161816,165073,169687,174271,177612,180610,183507,187299,193154,200212,208143,216868,222750,228350,233746,240765,246884,253072,260541,265372,268448,271510,275116,280713,286112,291650,296696,300434,305227,310813,316178,323942,333219,338891,343920,350367,356472,359899,362713,366778
 "08069","Larimer, CO",7,CAINC4,30,"...","Per capita personal income (dollars) 4/","Dollars",3349,3443,3794,4002,4447,4817,5606,6348,6808,7730,8626,9574,10627,11341,12214,13135,13757,14333,14980,15794,17052,17968,18591,19559,20577,21409,22713,24269,25606,26957,27959,30727,32066,31841,31758,32719,33972,35739,37666,38301,37027,37474,39109,40768,42294,44658,46451,48079,51432,53689,56220,59762,65501,67849
 "08069","Larimer, CO",7,CAINC4,35,"...","Earnings by place of work ","Thousands of dollars",190497,215334,252195,295752,342775,387600,445297,522514,607200,730078,864840,958663,1061513,1141499,1260175,1402652,1501980,1623177,1744241,1883997,2049875,2241234,2410788,2671149,2945759,3241520,3478951,3880483,4192779,4559991,4906567,5560011,6070799,6280558,6334638,6539796,6834418,7187662,7528456,7515480,7403666,7590822,7868349,8359461,8847094,9444296,10110196,10780302,11677387,12287923,13018708,13494666,14663835,15870525
 "08069","Larimer, CO",7,CAINC4,36,"...","Less: Contributions for government social insurance 5/","Thousands of dollars",9626,10780,12652,16568,22325,26294,29156,35067,42418,52744,66507,75088,88905,97245,109134,126427,139172,153186,162522,184099,205906,232183,256406,280347,314947,352302,378997,417305,445415,454298,485220,547163,592762,635518,646544,688866,728843,764790,802501,817325,802744,821438,783122,826203,932055,1008784,1082480,1155711,1235707,1314859,1387896,1439555,1547549,1739393
 "08069","Larimer, CO",7,CAINC4,37,"..."," Employee and self-employed contributions for government social insurance ","Thousands of dollars",5233,5833,6792,8616,11479,13559,15034,17390,20891,25531,32485,36927,44159,48510,53323,60803,69102,76540,81612,92464,103752,115824,128152,139607,155117,174539,189590,209465,225496,239836,255321,285095,311312,321498,326787,342173,359416,383763,409571,412582,416357,423937,349973,369397,479630,513442,556149,601265,649044,699728,739665,770898,825942,932825
 "08069","Larimer, CO",7,CAINC4,38,"..."," Employer contributions for government social insurance ","Thousands of dollars",4393,4947,5860,7952,10846,12735,14122,17677,21527,27213,34022,38161,44746,48735,55811,65624,70070,76646,80910,91635,102154,116359,128254,140740,159830,177763,189407,207840,219919,214462,229899,262068,281450,314020,319757,346693,369427,381027,392930,404743,386387,397501,433149,456806,452425,495342,526331,554446,586663,615131,648231,668657,721607,806568
 "08069","Larimer, CO",7,CAINC4,42,"...","Plus: Adjustment for residence 6/","Thousands of dollars",9173,10531,15147,20953,28122,37079,45535,57830,68661,84224,101647,119479,131876,151874,166883,181030,194165,201889,213223,232046,249525,267881,291957,307507,321978,333719,352543,363199,395887,452499,503442,592449,592491,514197,517084,531563,537421,563213,588870,613260,551731,540165,569267,600430,637422,703115,710055,658492,710800,781368,868017,831885,843704,914068
 "08069","Larimer, CO",7,CAINC4,45,"...","Equals: Net earnings by place of residence ","Thousands of dollars",190044,215085,254690,300137,348572,398385,461676,545277,633443,761558,899980,1003054,1104484,1196128,1317924,1457255,1556973,1671880,1794942,1931944,2093494,2276932,2446339,2698309,2952790,3222937,3452497,3826377,4143251,4558192,4924789,5605297,6070528,6159237,6205178,6382493,6642996,6986085,7314825,7311415,7152653,7309549,7654494,8133688,8552461,9138627,9737771,10283083,11152480,11754432,12498829,12886996,13959990,15045200
 "08069","Larimer, CO",7,CAINC4,46,"...","Plus: Dividends, interest, and rent 7/","Thousands of dollars",60043,71132,81986,92060,108156,128229,149076,165255,188208,218268,257917,317571,384305,428280,481768,524275,576809,607504,625537,667354,751113,782430,806181,835538,921071,986128,1120126,1207300,1324040,1398582,1407319,1562340,1600851,1529656,1525203,1669320,1788493,2041529,2369442,2536001,2343229,2275621,2552819,2794425,2992340,3347545,3588440,3734988,4151301,4456213,4776590,4935347,5656454,6139675
 "08069","Larimer, CO",7,CAINC4,47,"...","Plus: Personal current transfer receipts ","Thousands of dollars",22667,27460,31801,35985,43306,51199,65293,71484,76871,85249,96952,116326,140866,160854,176653,186783,200615,218384,240087,253269,284482,306106,338500,382026,409003,433940,486677,508163,517898,533550,570506,608520,683072,760773,794902,831769,914742,1004669,1092408,1323058,1489751,1673424,1729795,1743169,1827519,1980338,2152288,2275485,2384756,2600181,2765589,3686082,4141491,3700757
 "08069","Larimer, CO",7,CAINC4,50,"...","Wages and salaries ","Thousands of dollars",140968,162091,183500,218865,255123,290655,331392,387350,452309,540630,650560,731887,812838,877143,948174,1055333,1127875,1211569,1294158,1393224,1522064,1682003,1802135,1950473,2130376,2346941,2549483,2845830,3065806,3373836,3633719,4127013,4351208,4471967,4534273,4731526,4978009,5262011,5554448,5711872,5538085,5644458,5912958,6206805,6485803,7028078,7538267,7938242,8569229,9105487,9663339,9980410,10854947,11864803
 "08069","Larimer, CO",7,CAINC4,60,"...","Supplements to wages and salaries ","Thousands of dollars",15469,18279,22167,28090,32901,38607,46735,55647,67806,81616,99886,112279,128762,145493,166412,187114,207313,228036,247790,273579,316585,357972,400371,472784,527465,570802,584921,630006,664187,702868,761495,872686,954979,1005501,1031217,1085081,1156441,1165056,1195531,1224285,1268566,1281928,1275007,1342731,1432880,1557326,1615694,1706316,1796849,1944069,2005081,2040546,2187053,2285903
 "08069","Larimer, CO",7,CAINC4,61,"..."," Employer contributions for employee pension and insurance funds 8/","Thousands of dollars",11076,13332,16307,20138,22055,25872,32613,37970,46279,54403,65864,74118,84016,96758,110601,121490,137243,151390,166880,181944,214431,241613,272117,332044,367635,393039,395514,422166,444268,488406,531596,610618,673529,691481,711460,738388,787014,784029,802601,819542,882179,884427,841858,885925,980455,1061984,1089363,1151870,1210186,1328938,1356850,1371889,1465446,1479335
 "08069","Larimer, CO",7,CAINC4,62,"..."," Employer contributions for government social insurance ","Thousands of dollars",4393,4947,5860,7952,10846,12735,14122,17677,21527,27213,34022,38161,44746,48735,55811,65624,70070,76646,80910,91635,102154,116359,128254,140740,159830,177763,189407,207840,219919,214462,229899,262068,281450,314020,319757,346693,369427,381027,392930,404743,386387,397501,433149,456806,452425,495342,526331,554446,586663,615131,648231,668657,721607,806568
 "08069","Larimer, CO",7,CAINC4,70,"...","Proprietors' income 9/","Thousands of dollars",34060,34964,46528,48797,54751,58338,67170,79517,87085,107832,114394,114497,119913,118863,145589,160205,166792,183572,202293,217194,211226,201259,208282,247892,287918,323777,344547,404647,462786,483287,511353,560312,764612,803090,769148,723189,699968,760595,778477,579323,597015,664436,680384,809925,928411,858892,956235,1135744,1311309,1238367,1350288,1473710,1621835,1719819
 "08069","Larimer, CO",7,CAINC4,71,"..."," Farm proprietors' income ","Thousands of dollars",4786,3833,8838,5596,6158,5204,9038,5995,1484,1775,-4665,-4885,2700,482,5471,3274,700,-270,-905,1874,6738,6279,6100,10502,12582,5010,416,8186,5268,4006,-331,-6357,-3204,-16263,-18378,-3056,-3680,-7556,53,-1213,-4020,8158,12140,12997,10990,16015,18839,5694,2748,5791,17261,6434,10258,2479
 "08069","Larimer, CO",7,CAINC4,72,"..."," Nonfarm proprietors' income ","Thousands of dollars",29274,31131,37690,43201,48593,53134,58132,73522,85601,106057,119059,119382,117213,118381,140118,156931,166092,183842,203198,215320,204488,194980,202182,237390,275336,318767,344131,396461,457518,479281,511684,566669,767816,819353,787526,726245,703648,768151,778424,580536,601035,656278,668244,796928,917421,842877,937396,1130050,1308561,1232576,1333027,1467276,1611577,1717340
 "08069","Larimer, CO",7,CAINC4,7010,"...","Total employment ","Number of jobs",34108,35982,37219,41926,45809,48576,51021,55630,60594,66489,71512,73957,74913,76547,80642,86194,88750,91424,92603,98006,101762,105353,110094,113837,121231,128209,134280,143321,148781,154951,159167,166868,170194,171106,171668,176182,180850,184620,190983,192607,188962,189257,193371,196972,203447,210484,217266,226392,233079,240198,241771,238096,249138,261704
 "08069","Larimer, CO",7,CAINC4,7020,"..."," Wage and salary employment ","Number of jobs",26610,28196,28913,32399,35739,37613,39424,43020,46935,52191,56605,57998,58598,58904,61199,65135,66763,68734,70448,72910,77605,81169,84432,88049,93758,98692,103779,110670,114217,118883,122854,128923,131478,131314,130405,132739,135505,138061,141012,142121,137426,137597,139914,143591,148391,153493,159124,165078,170033,175099,178666,170733,177678,184840
 "08069","Larimer, CO",7,CAINC4,7040,"..."," Proprietors employment ","Number of jobs",7498,7786,8306,9527,10070,10963,11597,12610,13659,14298,14907,15959,16315,17643,19443,21059,21987,22690,22155,25096,24157,24184,25662,25788,27473,29517,30501,32651,34564,36068,36313,37945,38716,39792,41263,43443,45345,46559,49971,50486,51536,51660,53457,53381,55056,56991,58142,61314,63046,65099,63105,67363,71460,76864
 "08071","Las Animas, CO",7,CAINC4,10,"...","Personal income (thousands of dollars) ","Thousands of dollars",38454,40581,44728,51350,58486,65365,71538,76841,80367,88944,103410,122264,127678,130802,135544,139194,141535,142463,147112,155170,165066,170847,182801,192438,204566,218910,243068,243977,256080,283447,296208,316639,332911,353402,359157,382561,404390,432495,452800,467982,435601,437646,452337,465839,477371,497763,489193,482564,502386,548360,549347,608739,638366,637524
 "08071","Las Animas, CO",7,CAINC4,11,"..."," Nonfarm personal income 1/","Thousands of dollars",36477,39425,43195,49070,56069,62602,69651,74625,77618,86102,99851,117177,125399,129408,134088,138265,141824,143151,145839,154366,163814,168622,179415,187024,201455,220184,244254,246837,259689,286703,296398,313115,330209,348411,353118,369457,393438,428103,452316,472226,437212,440173,450096,465871,474626,486539,481825,478500,499734,541442,548412,601456,632494,635985
 "08071","Las Animas, CO",7,CAINC4,12,"..."," Farm income 2/","Thousands of dollars",1977,1156,1533,2280,2417,2763,1887,2216,2749,2842,3559,5087,2279,1394,1456,929,-289,-688,1273,804,1252,2225,3386,5414,3111,-1274,-1186,-2860,-3609,-3256,-190,3524,2702,4991,6039,13104,10952,4392,484,-4244,-1611,-2527,2241,-32,2745,11224,7368,4064,2652,6918,935,7283,5872,1539
 "08071","Las Animas, CO",7,CAINC4,20,"...","Population (persons) 3/","Number of persons",15667,15821,16174,16158,15760,15698,15771,15711,15446,14903,14610,14927,15011,15146,15075,14742,14416,14217,14019,13773,13867,13757,13567,13698,13740,14067,14381,14558,14621,14765,14960,15297,15116,15424,15706,15573,15582,15673,15734,15770,15775,15426,15071,15028,14447,14110,14117,14168,14333,14572,14541,14482,14318,14327
 "08071","Las Animas, CO",7,CAINC4,30,"...","Per capita personal income (dollars) 4/","Dollars",2454,2565,2765,3178,3711,4164,4536,4891,5203,5968,7078,8191,8506,8636,8991,9442,9818,10021,10494,11266,11904,12419,13474,14049,14888,15562,16902,16759,17515,19197,19800,20699,22024,22912,22868,24566,25952,27595,28778,29675,27613,28371,30014,30998,33043,35277,34653,34060,35051,37631,37779,42034,44585,44498
 "08071","Las Animas, CO",7,CAINC4,35,"...","Earnings by place of work ","Thousands of dollars",26390,27158,29710,34571,38610,42882,46297,50266,49646,54736,65682,77406,77047,70545,68196,69786,69715,69919,75374,85914,91554,98571,107313,110519,118570,129280,141291,132738,139780,163970,174450,186070,194763,218630,220787,241149,260904,288503,297483,295276,259042,250527,265793,284925,294197,297787,278822,270647,277615,309839,297825,309798,323918,334774
 "08071","Las Animas, CO",7,CAINC4,36,"...","Less: Contributions for government social insurance 5/","Thousands of dollars",1570,1645,1816,2148,2812,3258,3465,3830,3743,4240,5376,6294,7055,6873,6779,7255,7675,7966,8307,10286,11216,12132,13942,13541,14960,16580,18155,16903,17319,18531,18874,19551,20403,23600,23402,25395,28179,31842,33946,34782,30274,29800,29629,31423,34480,34545,33035,32807,34248,37677,37568,39004,40433,43785
 "08071","Las Animas, CO",7,CAINC4,37,"..."," Employee and self-employed contributions for government social insurance ","Thousands of dollars",841,882,971,1151,1442,1604,1721,1832,1779,1962,2498,2905,3231,3156,3066,3305,3634,3755,3947,4999,5656,5898,6598,6517,7208,8083,8907,8483,8867,9867,10115,10407,10782,11851,11818,12893,14299,16411,17704,18091,16092,15623,13559,14447,18139,17956,17365,17578,18543,21079,21267,22046,22995,25159
 "08071","Las Animas, CO",7,CAINC4,38,"..."," Employer contributions for government social insurance ","Thousands of dollars",729,763,845,997,1370,1654,1744,1998,1964,2278,2878,3389,3824,3717,3713,3950,4041,4211,4360,5287,5560,6234,7344,7024,7752,8497,9248,8420,8452,8664,8759,9144,9621,11749,11584,12502,13880,15431,16242,16691,14182,14177,16070,16976,16341,16589,15670,15229,15705,16598,16301,16958,17438,18626
 "08071","Las Animas, CO",7,CAINC4,42,"...","Plus: Adjustment for residence 6/","Thousands of dollars",518,-85,-75,-155,-285,-478,-359,-493,612,1086,295,348,-754,-258,70,-396,-973,-1051,-2076,-4256,-5644,-7203,-7341,-5257,-5194,-5533,-5451,-2293,-712,-712,813,1921,1187,-10,-352,-1361,-3148,-6922,-9532,-10379,-5095,-5618,-9868,-15226,-16802,-15308,-11880,-9588,-9494,-12047,-11386,-9925,-11372,-11990
 "08071","Las Animas, CO",7,CAINC4,45,"...","Equals: Net earnings by place of residence ","Thousands of dollars",25338,25428,27819,32268,35513,39146,42473,45943,46515,51582,60601,71460,69238,63414,61487,62135,61067,60902,64991,71372,74694,79236,86030,91721,98416,107167,117685,113542,121749,144727,156389,168440,175547,195020,197033,214393,229577,249739,254005,250115,223673,215109,226296,238276,242915,247934,233907,228252,233873,260115,248871,260869,272113,278999
 "08071","Las Animas, CO",7,CAINC4,46,"...","Plus: Dividends, interest, and rent 7/","Thousands of dollars",5950,6689,7274,8059,9655,11009,11891,12642,14052,16070,18469,23645,27906,32667,36455,39684,42160,42257,41284,42258,43770,43355,42777,41209,41906,44606,51047,55462,56731,60721,55718,61811,63348,58326,60264,60798,62072,65691,76394,96706,77889,77818,77718,74246,76133,78141,79394,79596,87063,89401,98292,102842,95294,99614
 "08071","Las Animas, CO",7,CAINC4,47,"...","Plus: Personal current transfer receipts ","Thousands of dollars",7166,8464,9635,11023,13318,15210,17174,18256,19800,21292,24340,27159,30534,34721,37602,37375,38308,39304,40837,41540,46602,48256,53994,59508,64244,67137,74336,74973,77600,77999,84101,86388,94016,100056,101860,107370,112741,117065,122401,121161,134039,144719,148323,153317,158323,171688,175892,174716,181450,198844,202184,245028,270959,258911
 "08071","Las Animas, CO",7,CAINC4,50,"...","Wages and salaries ","Thousands of dollars",19274,20409,22064,24838,28149,30915,34190,37079,35795,39186,47377,55608,57218,52451,50161,50480,50532,49632,52808,61010,63853,68120,73822,72667,79180,89546,99372,94630,97595,113588,116826,125925,134682,149936,152028,160321,174457,196860,213004,224066,197563,193747,205415,218674,219306,217968,205887,200885,206265,225863,220983,224888,235777,246648
 "08071","Las Animas, CO",7,CAINC4,60,"...","Supplements to wages and salaries ","Thousands of dollars",2574,2803,3082,3657,4137,4834,5708,6173,6448,7360,9156,11137,12107,10972,10508,10937,11306,11806,12903,14102,15424,17297,19359,20872,23158,25766,27565,25849,26300,28759,30451,32532,36058,39902,41924,44109,47959,50472,52132,53745,52395,51654,50541,54087,54686,55297,52074,51629,52500,56895,54842,55496,56909,58168
 "08071","Las Animas, CO",7,CAINC4,61,"..."," Employer contributions for employee pension and insurance funds 8/","Thousands of dollars",1845,2040,2237,2660,2767,3180,3964,4175,4484,5082,6278,7748,8283,7255,6795,6987,7265,7595,8543,8815,9864,11063,12015,13848,15406,17269,18317,17429,17848,20095,21692,23388,26437,28153,30340,31607,34079,35041,35890,37054,38213,37477,34471,37111,38345,38708,36404,36400,36795,40297,38541,38538,39471,39542
 "08071","Las Animas, CO",7,CAINC4,62,"..."," Employer contributions for government social insurance ","Thousands of dollars",729,763,845,997,1370,1654,1744,1998,1964,2278,2878,3389,3824,3717,3713,3950,4041,4211,4360,5287,5560,6234,7344,7024,7752,8497,9248,8420,8452,8664,8759,9144,9621,11749,11584,12502,13880,15431,16242,16691,14182,14177,16070,16976,16341,16589,15670,15229,15705,16598,16301,16958,17438,18626
 "08071","Las Animas, CO",7,CAINC4,70,"...","Proprietors' income 9/","Thousands of dollars",4542,3946,4564,6076,6324,7133,6399,7014,7403,8190,9149,10661,7722,7122,7527,8369,7877,8481,9663,10802,12277,13154,14132,16980,16232,13968,14354,12259,15885,21623,27173,27613,24023,28792,26835,36719,38488,41171,32347,17465,9084,5126,9837,12164,20205,24522,20861,18133,18850,27081,22000,29414,31232,29958
 "08071","Las Animas, CO",7,CAINC4,71,"..."," Farm proprietors' income ","Thousands of dollars",1367,571,1027,1777,1781,2122,1227,1518,1953,1839,2443,3904,1075,123,238,-255,-1473,-1786,185,-448,-111,615,1817,3847,1448,-3199,-3062,-4516,-5404,-4891,-1694,1916,1184,3430,4529,11357,8842,2234,-2145,-6780,-4522,-5125,-400,-3153,-732,7835,4516,790,-853,3490,-1587,3628,1908,-1814
 "08071","Las Animas, CO",7,CAINC4,72,"..."," Nonfarm proprietors' income ","Thousands of dollars",3175,3375,3537,4299,4543,5011,5172,5496,5450,6351,6706,6757,6647,6999,7289,8624,9350,10267,9478,11250,12388,12539,12315,13133,14784,17167,17416,16775,21289,26514,28867,25697,22839,25362,22306,25362,29646,38937,34492,24245,13606,10251,10237,15317,20937,16687,16345,17343,19703,23591,23587,25786,29324,31772
 "08071","Las Animas, CO",7,CAINC4,7010,"...","Total employment ","Number of jobs",5273,5217,5237,5358,5499,5561,5508,5563,5460,5538,5773,6206,6024,5602,5447,5381,5014,4965,5012,5533,5661,5655,5669,5600,5831,6394,6700,6689,6974,7398,7404,7664,7838,8070,8144,8278,8417,8689,9063,9194,8544,8160,8106,8109,7879,7805,7596,7459,7698,7783,7714,7618,7678,7882
 "08071","Las Animas, CO",7,CAINC4,7020,"..."," Wage and salary employment ","Number of jobs",4008,4004,4010,4138,4298,4323,4222,4280,4169,4258,4463,4837,4653,4202,3985,3926,3605,3627,3783,4009,4147,4188,4140,4101,4256,4659,4928,4897,5036,5428,5487,5671,5808,6047,6082,6107,6303,6556,6714,6864,6219,5917,5846,5893,5695,5587,5415,5351,5456,5504,5538,5326,5349,5447
 "08071","Las Animas, CO",7,CAINC4,7040,"..."," Proprietors employment ","Number of jobs",1265,1213,1227,1220,1201,1238,1286,1283,1291,1280,1310,1369,1371,1400,1462,1455,1409,1338,1229,1524,1514,1467,1529,1499,1575,1735,1772,1792,1938,1970,1917,1993,2030,2023,2062,2171,2114,2133,2349,2330,2325,2243,2260,2216,2184,2218,2181,2108,2242,2279,2176,2292,2329,2435
 "08073","Lincoln, CO",7,CAINC4,10,"...","Personal income (thousands of dollars) ","Thousands of dollars",16711,17646,19945,21602,28305,27234,25480,25810,34239,31836,37789,49165,48938,52201,62192,68159,69098,67346,68568,66910,67912,74031,77611,86468,88478,85530,100792,96227,94808,105375,114694,112178,114215,112315,120027,122667,124820,119474,139944,137242,143975,144141,149473,145546,138603,156801,153767,146948,147268,155067,166871,186938,207582,191078
 "08073","Lincoln, CO",7,CAINC4,11,"..."," Nonfarm personal income 1/","Thousands of dollars",12960,13880,14971,16062,18269,20310,22097,23165,24833,27836,31591,35502,40208,44698,49201,50932,52699,52688,53200,54901,59707,62746,70371,74619,78107,82507,86828,88384,94026,99539,102351,103373,110968,114878,118122,117343,121720,124157,132119,146290,144818,139939,136751,134135,128992,141632,143709,141243,143953,150588,159573,181298,191732,190372
 "08073","Lincoln, CO",7,CAINC4,12,"..."," Farm income 2/","Thousands of dollars",3751,3766,4974,5540,10036,6924,3383,2645,9406,4000,6198,13663,8730,7503,12991,17227,16399,14658,15368,12009,8205,11285,7240,11849,10371,3023,13964,7843,782,5836,12343,8805,3247,-2563,1905,5324,3100,-4683,7825,-9048,-843,4202,12722,11411,9611,15169,10058,5705,3315,4479,7298,5640,15850,706
 "08073","Lincoln, CO",7,CAINC4,20,"...","Population (persons) 3/","Number of persons",4674,4870,5006,4957,4840,4886,5026,4927,4769,4576,4557,4642,4549,4545,4519,4576,4648,4676,4661,4598,4612,4525,5061,5616,5595,5689,5749,5913,5978,6070,6097,6070,5912,5936,5904,5751,5644,5530,5484,5468,5423,5471,5419,5438,5431,5498,5538,5538,5517,5584,5682,5665,5477,5510
 "08073","Lincoln, CO",7,CAINC4,30,"...","Per capita personal income (dollars) 4/","Dollars",3575,3623,3984,4358,5848,5574,5070,5238,7179,6957,8293,10591,10758,11485,13762,14895,14866,14402,14711,14552,14725,16360,15335,15397,15814,15034,17532,16274,15859,17360,18812,18481,19319,18921,20330,21330,22116,21605,25519,25099,26549,26346,27583,26765,25521,28520,27766,26534,26693,27770,29368,32999,37901,34678
 "08073","Lincoln, CO",7,CAINC4,35,"...","Earnings by place of work ","Thousands of dollars",12452,12845,14752,15802,21015,18683,15515,15690,23284,19602,23688,31883,29310,30710,38293,41977,41883,40603,42640,41901,40205,46151,49935,59533,60388,56667,70246,64754,63102,73731,85636,84139,85994,85869,91125,92043,91567,85945,101779,86368,96073,104194,116915,115006,114916,127694,128545,125023,129555,136415,140841,146296,162541,151910
 "08073","Lincoln, CO",7,CAINC4,36,"...","Less: Contributions for government social insurance 5/","Thousands of dollars",553,573,615,669,805,904,889,948,1018,1138,1334,1404,1732,2046,2242,2279,2452,2548,2662,3082,3428,3706,4406,4732,5059,5525,5750,5774,6169,6087,6508,6676,7167,8095,8194,8267,8481,8740,9024,9184,9235,9473,9335,9161,9959,10568,11013,11405,12231,12832,13193,14023,14265,15671
 "08073","Lincoln, CO",7,CAINC4,37,"..."," Employee and self-employed contributions for government social insurance ","Thousands of dollars",307,312,334,360,425,456,457,471,510,571,679,718,880,1046,1132,1138,1256,1312,1353,1586,1805,1932,2224,2362,2511,2718,2921,2908,3150,3330,3509,3543,3842,4093,4134,4106,4211,4402,4647,4722,4884,4981,4346,4314,5220,5478,5807,6016,6391,6875,7145,7449,7591,8343
 "08073","Lincoln, CO",7,CAINC4,38,"..."," Employer contributions for government social insurance ","Thousands of dollars",246,261,281,309,380,448,432,477,508,567,655,686,852,1000,1110,1141,1196,1236,1309,1496,1623,1774,2182,2370,2548,2807,2829,2866,3019,2757,2999,3133,3325,4002,4060,4161,4270,4338,4377,4462,4351,4492,4989,4847,4739,5090,5206,5389,5840,5957,6048,6574,6674,7328
 "08073","Lincoln, CO",7,CAINC4,42,"...","Plus: Adjustment for residence 6/","Thousands of dollars",-152,-163,-180,-167,-137,-164,-172,-157,-144,-190,-68,-14,15,29,25,-25,-42,-111,-363,-574,-784,-951,-1774,-2384,-2969,-3807,-3975,-4511,-5238,-6084,-7198,-7993,-8332,-8562,-8129,-7185,-6700,-5799,-5422,-4692,-11174,-17501,-23676,-27880,-34077,-35525,-36561,-38125,-41024,-43488,-42831,-41701,-43650,-42644
 "08073","Lincoln, CO",7,CAINC4,45,"...","Equals: Net earnings by place of residence ","Thousands of dollars",11747,12109,13957,14966,20073,17615,14454,14585,22122,18274,22286,30465,27593,28693,36076,39673,39389,37944,39615,38245,35993,41494,43755,52417,52360,47335,60521,54469,51695,61560,71930,69470,70495,69212,74802,76591,76386,71406,87333,72492,75664,77220,83904,77965,70880,81601,80971,75493,76300,80095,84817,90572,104626,93595
 "08073","Lincoln, CO",7,CAINC4,46,"...","Plus: Dividends, interest, and rent 7/","Thousands of dollars",3411,3746,3957,4392,5788,6756,7545,7483,8182,9148,10371,12804,14754,16164,18632,20684,21811,21192,20628,20162,21788,22077,22845,21907,23167,23844,24683,25567,26718,26979,25637,24984,25224,23321,24604,24514,24611,22221,26270,32997,33079,30872,30541,32115,31278,34176,33148,29517,29627,30280,33357,34365,33805,34860
 "08073","Lincoln, CO",7,CAINC4,47,"...","Plus: Personal current transfer receipts ","Thousands of dollars",1553,1791,2031,2244,2444,2863,3481,3742,3935,4414,5132,5896,6591,7344,7484,7802,7898,8210,8325,8503,10131,10460,11011,12144,12951,14351,15588,16191,16395,16836,17127,17724,18496,19782,20621,21562,23823,25847,26341,31753,35232,36049,35028,35466,36445,41024,39648,41938,41341,44692,48697,62001,69151,62623
 "08073","Lincoln, CO",7,CAINC4,50,"...","Wages and salaries ","Thousands of dollars",5912,6408,6879,7201,7976,8624,8808,9371,10102,11467,12926,13747,15690,17889,18806,18615,19442,19688,21301,23143,24458,25921,32808,35627,36990,39752,40944,42110,44542,48049,51781,55546,59393,63862,64477,64583,67214,68343,70631,72226,73572,75382,78586,77793,79660,83249,86244,88501,94462,98769,100605,106167,111251,114826
 "08073","Lincoln, CO",7,CAINC4,60,"...","Supplements to wages and salaries ","Thousands of dollars",684,776,870,996,1082,1208,1263,1382,1524,1760,2000,2172,2587,3165,3455,3455,3790,3912,4242,4741,5339,5916,7865,9815,10433,11196,11205,11361,12024,12426,13907,14615,16357,17239,17900,18146,18853,18843,18933,19274,19948,20286,19883,19331,20280,21929,22332,23781,24366,25665,25089,26524,27076,26453
 "08073","Lincoln, CO",7,CAINC4,61,"..."," Employer contributions for employee pension and insurance funds 8/","Thousands of dollars",438,515,589,687,702,760,831,905,1016,1193,1345,1486,1735,2165,2345,2314,2594,2676,2933,3245,3716,4142,5683,7445,7885,8389,8376,8495,9005,9669,10908,11482,13032,13237,13840,13985,14583,14505,14556,14812,15597,15794,14894,14484,15541,16839,17126,18392,18526,19708,19041,19950,20402,19125
 "08073","Lincoln, CO",7,CAINC4,62,"..."," Employer contributions for government social insurance ","Thousands of dollars",246,261,281,309,380,448,432,477,508,567,655,686,852,1000,1110,1141,1196,1236,1309,1496,1623,1774,2182,2370,2548,2807,2829,2866,3019,2757,2999,3133,3325,4002,4060,4161,4270,4338,4377,4462,4351,4492,4989,4847,4739,5090,5206,5389,5840,5957,6048,6574,6674,7328
 "08073","Lincoln, CO",7,CAINC4,70,"...","Proprietors' income 9/","Thousands of dollars",5856,5661,7003,7605,11957,8851,5444,4937,11658,6375,8762,15964,11033,9656,16032,19907,18651,17003,17097,14017,10408,14314,9262,14091,12965,5719,18097,11283,6536,13256,19948,13978,10244,4768,8748,9314,5500,-1241,12215,-5132,2553,8526,18446,17882,14976,22516,19969,12741,10727,11981,15147,13605,24214,10631
 "08073","Lincoln, CO",7,CAINC4,71,"..."," Farm proprietors' income ","Thousands of dollars",3236,3200,4424,4932,9200,6015,2424,1610,8202,2431,4573,12042,7196,5957,11320,15418,14391,12625,13180,9864,6212,9257,5540,10381,8786,1148,12106,6165,-1088,3878,10284,6351,641,-5552,-630,2707,259,-7320,4886,-11889,-4092,1301,9777,7918,5708,11402,6869,2040,-606,609,4460,1498,11337,-3069
 "08073","Lincoln, CO",7,CAINC4,72,"..."," Nonfarm proprietors' income ","Thousands of dollars",2620,2461,2579,2673,2757,2836,3020,3327,3456,3944,4189,3922,3837,3699,4712,4489,4260,4378,3917,4153,4196,5057,3722,3710,4179,4571,5991,5118,7624,9378,9664,7627,9603,10320,9378,6607,5241,6079,7329,6757,6645,7225,8669,9964,9268,11114,13100,10701,11333,11372,10687,12107,12877,13700
 "08073","Lincoln, CO",7,CAINC4,7010,"...","Total employment ","Number of jobs",2289,2304,2340,2328,2426,2427,2374,2439,2442,2453,2469,2514,2601,2735,2715,2656,2653,2562,2519,2669,2730,2722,2886,2956,2983,3095,3079,3107,3242,3155,3204,3299,3369,3393,3444,3385,3415,3393,3452,3423,3365,3380,3410,3391,3409,3401,3461,3545,3588,3609,3487,3499,3518,3574
 "08073","Lincoln, CO",7,CAINC4,7020,"..."," Wage and salary employment ","Number of jobs",1307,1341,1349,1357,1375,1417,1435,1459,1491,1546,1573,1607,1651,1692,1669,1616,1647,1604,1633,1736,1821,1823,2005,2084,2042,2089,2057,2072,2135,2143,2233,2311,2347,2376,2431,2364,2386,2354,2298,2289,2247,2273,2305,2277,2301,2322,2332,2394,2458,2487,2437,2410,2368,2383
 "08073","Lincoln, CO",7,CAINC4,7040,"..."," Proprietors employment ","Number of jobs",982,963,991,971,1051,1010,939,980,951,907,896,907,950,1043,1046,1040,1006,958,886,933,909,899,881,872,941,1006,1022,1035,1107,1012,971,988,1022,1017,1013,1021,1029,1039,1154,1134,1118,1107,1105,1114,1108,1079,1129,1151,1130,1122,1050,1089,1150,1191
 "08075","Logan, CO",7,CAINC4,10,"...","Personal income (thousands of dollars) ","Thousands of dollars",67337,74818,90029,99920,109238,133626,136002,129830,136025,140850,155176,182927,214442,224802,236662,251209,250079,252854,250118,264948,281087,298586,300341,319915,336649,349946,380707,414032,421513,445959,484290,500143,562457,534745,558027,569055,598388,644475,738700,821397,759808,780195,881303,946134,981581,1030310,1066354,1071945,979980,967824,934122,924324,1047129,1035652
 "08075","Logan, CO",7,CAINC4,11,"..."," Nonfarm personal income 1/","Thousands of dollars",53547,61077,68890,75492,86960,96826,105934,117169,124372,139985,157619,180695,205842,220105,230466,239540,242991,240501,240742,250387,259471,273324,271505,284243,296937,322004,357208,378766,392056,409044,431939,466916,490563,490800,507406,519590,540268,596890,674088,760662,728478,723548,828530,874612,918232,963748,980292,985924,939465,936390,895336,911574,997675,1034517
 "08075","Logan, CO",7,CAINC4,12,"..."," Farm income 2/","Thousands of dollars",13790,13741,21139,24428,22278,36800,30068,12661,11653,865,-2443,2232,8600,4697,6196,11669,7088,12353,9376,14561,21616,25262,28836,35672,39712,27942,23499,35266,29457,36915,52351,33227,71894,43945,50621,49465,58120,47585,64612,60735,31330,56647,52773,71522,63349,66562,86062,86021,40515,31434,38786,12750,49454,1135
 "08075","Logan, CO",7,CAINC4,20,"...","Population (persons) 3/","Number of persons",19331,18889,19161,19345,19505,19392,19415,19703,19624,19400,19265,19819,19851,19852,20031,19768,19462,18879,18353,18067,17893,17564,17594,17792,18110,18521,19045,19491,19803,19843,20076,20699,21459,21548,21825,21795,21694,21911,22163,22128,22451,22737,22515,22250,22025,22238,22228,22123,21963,21888,21961,21204,21122,20823
 "08075","Logan, CO",7,CAINC4,30,"...","Per capita personal income (dollars) 4/","Dollars",3483,3961,4699,5165,5601,6891,7005,6589,6932,7260,8055,9230,10803,11324,11815,12708,12850,13393,13628,14665,15709,17000,17071,17981,18589,18895,19990,21242,21285,22474,24123,24163,26211,24816,25568,26109,27583,29413,33330,37120,33843,34314,39143,42523,44567,46331,47973,48454,44620,44217,42535,43592,49575,49736
 "08075","Logan, CO",7,CAINC4,35,"...","Earnings by place of work ","Thousands of dollars",53113,58605,72202,80530,87101,108612,106773,99180,101971,103423,114428,131867,154477,155830,160973,170719,166884,169671,170567,183482,192204,204352,205528,221808,237762,246846,262252,288482,288238,311465,352707,354549,412615,394930,411097,416246,440234,478520,543173,579611,524309,547712,607297,647525,670811,703987,740372,749962,634527,634596,607285,574744,676992,686756
 "08075","Logan, CO",7,CAINC4,36,"...","Less: Contributions for government social insurance 5/","Thousands of dollars",2378,2676,3148,3653,4929,5690,5910,6773,7215,8254,10085,11433,13979,14924,15266,16035,16492,16543,16821,18212,18965,20379,21058,21598,23324,25701,27924,28904,29001,27970,29788,30570,32933,35520,36725,38464,40645,43576,48907,51711,50616,49943,49267,50236,54927,58616,60434,61708,58450,60248,59346,60352,64248,71143
 "08075","Logan, CO",7,CAINC4,37,"..."," Employee and self-employed contributions for government social insurance ","Thousands of dollars",1300,1448,1672,1913,2531,2891,3014,3297,3481,3927,4801,5493,6723,7233,7312,7671,8232,8276,8429,9341,9925,10475,10818,11110,11937,13228,14521,15113,15239,15501,16295,16678,17484,17986,18567,19470,20544,23317,27014,28808,28752,28366,26059,26618,31404,32896,34757,36347,32491,34092,33088,33230,36112,41164
 "08075","Logan, CO",7,CAINC4,38,"..."," Employer contributions for government social insurance ","Thousands of dollars",1078,1228,1476,1740,2398,2799,2896,3476,3734,4327,5284,5940,7256,7691,7954,8364,8260,8267,8392,8871,9040,9904,10240,10488,11387,12473,13403,13791,13762,12469,13493,13892,15449,17534,18158,18994,20101,20259,21893,22903,21864,21577,23208,23618,23523,25720,25677,25361,25959,26156,26258,27122,28136,29979
 "08075","Logan, CO",7,CAINC4,42,"...","Plus: Adjustment for residence 6/","Thousands of dollars",-115,-151,-147,-74,-171,-81,148,212,441,521,365,787,-437,-254,-426,-165,-311,-563,-467,8,608,992,1876,1857,1877,1547,953,505,739,666,-787,-1807,-1868,-1420,-796,389,391,1799,2821,4462,6543,16121,30074,49096,62816,58966,54188,48260,71493,34921,16617,4899,1587,7109
 "08075","Logan, CO",7,CAINC4,45,"...","Equals: Net earnings by place of residence ","Thousands of dollars",50620,55778,68907,76803,82001,102841,101011,92619,95197,95690,104708,121221,140061,140652,145281,154519,150081,152565,153279,165278,173847,184965,186346,202067,216315,222692,235281,260083,259976,284161,322132,322172,377814,357990,373576,378171,399980,436743,497087,532362,480236,513890,588104,646385,678700,704337,734126,736514,647570,609269,564556,519291,614331,622722
 "08075","Logan, CO",7,CAINC4,46,"...","Plus: Dividends, interest, and rent 7/","Thousands of dollars",11273,12730,13883,15212,18086,20661,22982,24129,26942,29823,33410,42376,51138,59073,63216,66652,69498,67876,62740,65544,68805,72160,68538,68112,68148,71689,84879,91307,97758,97071,94785,107083,108142,95204,99783,103989,103559,106157,134674,167059,144833,120065,142008,151019,151479,163895,165439,165426,155968,168231,166978,157489,152351,158053
 "08075","Logan, CO",7,CAINC4,47,"...","Plus: Personal current transfer receipts ","Thousands of dollars",5444,6310,7239,7905,9151,10124,12009,13082,13886,15337,17058,19330,23243,25077,28165,30038,30500,32413,34099,34126,38435,41461,45457,49736,52186,55565,60547,62642,63779,64727,67373,70888,76501,81551,84668,86895,94849,101575,106939,121976,134739,146240,151191,148730,151402,162078,166789,170005,176442,190324,202588,247544,280447,254877
 "08075","Logan, CO",7,CAINC4,50,"...","Wages and salaries ","Thousands of dollars",28501,32699,37262,40509,47806,53019,55715,62653,65902,74183,86076,97504,110825,114724,113564,113005,111849,109144,112140,113669,115175,122250,120598,125561,132814,148596,163027,171280,175051,181381,199657,218474,235284,242017,247669,250345,263337,267106,287302,314138,304234,298070,306161,313942,321870,342093,345655,343224,349676,363472,366670,380396,401298,411899
 "08075","Logan, CO",7,CAINC4,60,"...","Supplements to wages and salaries ","Thousands of dollars",2806,3366,4032,4798,5731,6611,7391,8553,9524,11033,13092,15025,17658,19383,20879,21258,22022,22683,23752,24267,25843,28605,29178,32403,34804,38128,39805,41151,42037,42001,48005,54250,60900,62484,65426,66176,70168,69229,71890,75368,78636,76969,75435,76992,80429,86102,86197,87812,87102,91319,89927,93158,94961,94392
 "08075","Logan, CO",7,CAINC4,61,"..."," Employer contributions for employee pension and insurance funds 8/","Thousands of dollars",1728,2138,2556,3058,3333,3812,4495,5077,5790,6706,7808,9085,10402,11692,12925,12894,13762,14416,15360,15396,16803,18701,18938,21915,23417,25655,26402,27360,28275,29532,34512,40358,45451,44950,47268,47182,50067,48970,49997,52465,56772,55392,52227,53374,56906,60382,60520,62451,61143,65163,63669,66036,66825,64413
 "08075","Logan, CO",7,CAINC4,62,"..."," Employer contributions for government social insurance ","Thousands of dollars",1078,1228,1476,1740,2398,2799,2896,3476,3734,4327,5284,5940,7256,7691,7954,8364,8260,8267,8392,8871,9040,9904,10240,10488,11387,12473,13403,13791,13762,12469,13493,13892,15449,17534,18158,18994,20101,20259,21893,22903,21864,21577,23208,23618,23523,25720,25677,25361,25959,26156,26258,27122,28136,29979
 "08075","Logan, CO",7,CAINC4,70,"...","Proprietors' income 9/","Thousands of dollars",21806,22540,30908,35223,33564,48982,43667,27974,26545,18207,15260,19338,25994,21723,26530,36456,33013,37844,34675,45546,51186,53497,55752,63844,70144,60122,59420,76051,71150,88083,105045,81825,116431,90429,98002,99725,106729,142185,183981,190105,141439,172673,225701,256591,268512,275792,308520,318926,197749,179805,150688,101190,180733,180465
 "08075","Logan, CO",7,CAINC4,71,"..."," Farm proprietors' income ","Thousands of dollars",11618,11377,18871,21924,18952,33216,26685,9322,8036,-3682,-7228,-2604,3985,-38,1830,7545,3086,8743,5909,10735,17599,20674,24506,31423,34603,21256,16204,28034,20656,28269,43743,23435,61911,32856,41037,39409,46955,37037,52643,49603,18972,45907,42156,59234,49622,53321,74848,73126,26721,17812,28794,-1825,33573,-12144
 "08075","Logan, CO",7,CAINC4,72,"..."," Nonfarm proprietors' income ","Thousands of dollars",10188,11163,12037,13299,14612,15766,16982,18652,18509,21889,22488,21942,22009,21761,24700,28911,29927,29101,28766,34811,33587,32823,31246,32421,35541,38866,43216,48017,50494,59814,61302,58390,54520,57573,56965,60316,59774,105148,131338,140502,122467,126766,183545,197357,218890,222471,233672,245800,171028,161993,121894,103015,147160,192609
 "08075","Logan, CO",7,CAINC4,7010,"...","Total employment ","Number of jobs",8676,9066,9076,9411,10061,10322,9957,10246,10279,10410,10683,11074,11363,11221,11124,10975,10553,10252,9952,10464,10394,10333,9929,9825,10246,10880,11299,11627,11791,11740,12028,12574,12686,12599,12575,12176,12469,12537,12935,12923,12853,12402,12382,12442,12605,12773,12835,12741,12672,12573,12277,12212,12205,12495
 "08075","Logan, CO",7,CAINC4,7020,"..."," Wage and salary employment ","Number of jobs",5682,6150,6310,6545,7093,7374,7020,7384,7411,7589,7931,8306,8475,8288,8082,7914,7571,7416,7318,7471,7468,7457,7026,7012,7245,7847,8305,8535,8672,8661,9022,9471,9602,9514,9465,9096,9381,9317,9484,9488,9371,8976,8852,8901,8973,9154,9145,8886,8839,8742,8615,8394,8320,8408
 "08075","Logan, CO",7,CAINC4,7040,"..."," Proprietors employment ","Number of jobs",2994,2916,2766,2866,2968,2948,2937,2862,2868,2821,2752,2768,2888,2933,3042,3061,2982,2836,2634,2993,2926,2876,2903,2813,3001,3033,2994,3092,3119,3079,3006,3103,3084,3085,3110,3080,3088,3220,3451,3435,3482,3426,3530,3541,3632,3619,3690,3855,3833,3831,3662,3818,3885,4087
 "08077","Mesa, CO",7,CAINC4,10,"...","Personal income (thousands of dollars) ","Thousands of dollars",174356,193533,214485,236705,275667,326263,383882,429725,516171,600883,693282,815682,986825,1092710,1108526,1104529,1101299,1080915,1163143,1275102,1367769,1469368,1569648,1707461,1822367,1936370,2109647,2238691,2432216,2667264,2787012,3013126,3258466,3378966,3478868,3663724,3966993,4399319,4942435,5550866,5147972,5023372,5248190,5448678,5516467,5832309,5976511,5978899,6387317,6820162,7118150,7573662,8374551,8670085
 "08077","Mesa, CO",7,CAINC4,11,"..."," Nonfarm personal income 1/","Thousands of dollars",169766,189630,207425,232204,267660,319701,376708,424302,512341,600208,689057,813270,984653,1094684,1107527,1103163,1102403,1085562,1164555,1274960,1365564,1467459,1565355,1699395,1812635,1929891,2103999,2231054,2424188,2655521,2779709,3005069,3246167,3366125,3470634,3650166,3950116,4388472,4932985,5544693,5142867,5017294,5235133,5435789,5510318,5814218,5956885,5968962,6381692,6810591,7108684,7564321,8357207,8664458
 "08077","Mesa, CO",7,CAINC4,12,"..."," Farm income 2/","Thousands of dollars",4590,3903,7060,4501,8007,6562,7174,5423,3830,675,4225,2412,2172,-1974,999,1366,-1104,-4647,-1412,142,2205,1909,4293,8066,9732,6479,5648,7637,8028,11743,7303,8057,12299,12841,8234,13558,16877,10847,9450,6173,5105,6078,13057,12889,6149,18091,19626,9937,5625,9571,9466,9341,17344,5627
 "08077","Mesa, CO",7,CAINC4,20,"...","Population (persons) 3/","Number of persons",54219,54479,55311,56912,57962,58973,63261,66628,68585,72223,76946,82796,87659,94152,96012,94496,89368,87386,87443,88872,91231,93757,96348,97977,100579,103373,105968,108131,110566,112686,114827,117631,119496,122440,124994,127678,130194,134665,139434,143155,147851,146272,147236,147416,147331,147323,148294,150045,151628,153563,154807,156005,157434,158636
 "08077","Mesa, CO",7,CAINC4,30,"...","Per capita personal income (dollars) 4/","Dollars",3216,3552,3878,4159,4756,5532,6068,6450,7526,8320,9010,9852,11258,11606,11546,11689,12323,12369,13302,14348,14992,15672,16291,17427,18119,18732,19908,20704,21998,23670,24271,25615,27268,27597,27832,28695,30470,32669,35446,38775,34819,34343,35645,36961,37443,39589,40302,39847,42125,44413,45981,48548,53194,54654
 "08077","Mesa, CO",7,CAINC4,35,"...","Earnings by place of work ","Thousands of dollars",131578,142819,156340,173412,201487,238746,282571,316622,390947,457510,528665,612176,746320,796727,769741,750654,729973,683600,751727,840135,884436,960712,1039230,1140060,1221841,1293551,1371888,1470143,1622074,1776689,1892303,2041796,2252079,2393368,2453788,2556350,2767555,3063375,3416406,3713563,3462072,3272164,3351811,3473661,3552646,3690646,3721677,3681638,3965824,4252312,4383101,4438960,4775141,5149122
 "08077","Mesa, CO",7,CAINC4,36,"...","Less: Contributions for government social insurance 5/","Thousands of dollars",7635,8195,8932,10758,14205,17459,20538,23291,28908,35274,43288,51893,69526,76842,73346,72847,73140,71250,75766,87270,96136,107105,119169,128847,139318,149380,158716,167445,181526,183059,193575,204229,225828,250714,260754,283655,311209,342067,383092,423930,395219,373489,352672,363241,403511,419670,428250,428785,459526,494964,511620,520476,553847,616608
 "08077","Mesa, CO",7,CAINC4,37,"..."," Employee and self-employed contributions for government social insurance ","Thousands of dollars",4109,4401,4770,5643,7350,8977,10466,11506,14410,17145,21108,25446,34098,37601,35514,35093,36547,35073,38291,45090,49603,54224,60314,64756,69982,75608,80805,85107,93304,98990,104344,110274,122273,129717,134254,143148,156205,174334,199523,217933,208966,197199,160770,165321,209951,216314,221939,225592,242410,267633,277627,284943,302023,340550
 "08077","Mesa, CO",7,CAINC4,38,"..."," Employer contributions for government social insurance ","Thousands of dollars",3526,3794,4162,5115,6855,8482,10072,11785,14498,18129,22180,26447,35428,39241,37832,37754,36593,36177,37475,42180,46533,52881,58855,64091,69336,73772,77911,82338,88222,84069,89231,93955,103555,120997,126500,140507,155004,167733,183569,205997,186253,176290,191902,197920,193560,203356,206311,203193,217116,227331,233993,235533,251824,276058
 "08077","Mesa, CO",7,CAINC4,42,"...","Plus: Adjustment for residence 6/","Thousands of dollars",-54,121,453,1085,2062,3077,3683,5450,6548,8449,10824,13732,15786,21073,23077,21440,21662,22458,22254,22207,23659,28304,26522,23770,25404,30782,32017,33633,36097,39817,42442,47355,51528,53858,60167,71126,98239,144960,186737,223043,177460,186554,218563,254485,281984,308944,270553,226288,232008,249882,257576,229008,224376,252343
 "08077","Mesa, CO",7,CAINC4,45,"...","Equals: Net earnings by place of residence ","Thousands of dollars",123889,134745,147861,163739,189344,224364,265716,298781,368587,430685,496201,574015,692580,740958,719472,699247,678495,634808,698215,775072,811959,881911,946583,1034983,1107927,1174953,1245189,1336331,1476645,1633447,1741170,1884922,2077779,2196512,2253201,2343821,2554585,2866268,3220051,3512676,3244313,3085229,3217702,3364905,3431119,3579920,3563980,3479141,3738306,4007230,4129057,4147492,4445670,4784857
 "08077","Mesa, CO",7,CAINC4,46,"...","Plus: Dividends, interest, and rent 7/","Thousands of dollars",31146,35603,39596,43570,51947,62191,70980,79703,92818,110150,128771,160565,198717,237839,255261,263677,274957,283036,285833,310180,344641,360615,369844,389275,406752,435515,498911,522966,566152,603681,588670,649593,656840,605291,630410,686856,725087,793802,942256,1162642,992968,935726,1012175,1065206,1035836,1121170,1131813,1135552,1241275,1268787,1362810,1367160,1601279,1732500
 "08077","Mesa, CO",7,CAINC4,47,"...","Plus: Personal current transfer receipts ","Thousands of dollars",19321,23185,27028,29396,34376,39708,47186,51241,54766,60048,68310,81102,95528,113913,133793,141605,147847,163071,179095,189850,211169,226842,253221,283203,307688,325902,365547,379394,389419,430136,457172,478611,523847,577163,595257,633047,687321,739249,780128,875548,910691,1002417,1018313,1018567,1049512,1131219,1280718,1364206,1407736,1544145,1626283,2059010,2327602,2152728
 "08077","Mesa, CO",7,CAINC4,50,"...","Wages and salaries ","Thousands of dollars",93336,102133,108821,123415,141872,165106,200235,224793,269600,324012,381432,456203,566438,606882,567118,542667,528066,515006,542465,585246,635814,702433,755928,816781,870809,925630,989167,1062919,1155133,1246631,1333109,1417871,1512281,1604424,1665002,1780283,1925010,2144869,2428429,2757862,2534685,2380378,2468951,2552706,2557648,2666017,2707950,2664053,2845486,3048811,3182844,3194105,3442087,3729185
 "08077","Mesa, CO",7,CAINC4,60,"...","Supplements to wages and salaries ","Thousands of dollars",10640,11937,13594,16302,18761,22434,28651,32947,41134,50178,60119,72340,90775,102152,102142,100074,101231,101970,106914,117786,134493,154566,172915,200060,214532,223331,230824,244133,262457,272734,294026,320844,344226,368355,394957,423342,461024,479603,512071,562112,566065,540893,532928,557892,575918,601113,596534,598436,632337,683988,703199,711741,746926,783652
 "08077","Mesa, CO",7,CAINC4,61,"..."," Employer contributions for employee pension and insurance funds 8/","Thousands of dollars",7114,8143,9432,11187,11906,13952,18579,21162,26636,32049,37939,45893,55347,62911,64310,62320,64638,65793,69439,75606,87960,101685,114060,135969,145196,149559,152913,161795,174235,188665,204795,226889,240671,247358,268457,282835,306020,311870,328502,356115,379812,364603,341026,359972,382358,397757,390223,395243,415221,456657,469206,476208,495102,507594
 "08077","Mesa, CO",7,CAINC4,62,"..."," Employer contributions for government social insurance ","Thousands of dollars",3526,3794,4162,5115,6855,8482,10072,11785,14498,18129,22180,26447,35428,39241,37832,37754,36593,36177,37475,42180,46533,52881,58855,64091,69336,73772,77911,82338,88222,84069,89231,93955,103555,120997,126500,140507,155004,167733,183569,205997,186253,176290,191902,197920,193560,203356,206311,203193,217116,227331,233993,235533,251824,276058
 "08077","Mesa, CO",7,CAINC4,70,"...","Proprietors' income 9/","Thousands of dollars",27602,28749,33925,33695,40854,51206,53685,58882,80213,83320,87114,83633,89107,87693,100481,107913,100676,66624,102348,137103,114129,103713,110387,123219,136500,144590,151897,163091,204484,257324,265168,303081,395572,420589,393829,352725,381521,438903,475906,393589,361322,350893,349932,363063,419080,423516,417193,419149,488001,519513,497058,533114,586128,636285
 "08077","Mesa, CO",7,CAINC4,71,"..."," Farm proprietors' income ","Thousands of dollars",2082,1471,4937,2339,5332,3850,4625,2903,1090,-2705,455,-1605,-1807,-6163,-3086,-2705,-5267,-8592,-5399,-4197,-2306,-3181,-470,3476,4548,72,-1038,1306,637,4083,-672,-1368,2363,1465,-2022,2362,3972,-1789,-5373,-7573,-10089,-7055,118,-1999,-10450,1985,6031,-5686,-11081,-6852,-2609,-8203,-1724,-10401
 "08077","Mesa, CO",7,CAINC4,72,"..."," Nonfarm proprietors' income ","Thousands of dollars",25520,27278,28988,31356,35522,47356,49060,55979,79123,86025,86659,85238,90914,93856,103567,110618,105943,75216,107747,141300,116435,106894,110857,119743,131952,144518,152935,161785,203847,253241,265840,304449,393209,419124,395851,350363,377549,440692,481279,401162,371411,357948,349814,365062,429530,421531,411162,424835,499082,526365,499667,541317,587852,646686
 "08077","Mesa, CO",7,CAINC4,7010,"...","Total employment ","Number of jobs",22603,23121,23077,24258,26242,28069,30541,32111,35299,37820,40671,43710,48937,50531,48319,46669,44600,42603,42211,45112,47556,49479,50610,51414,53284,55648,58004,61078,63850,66443,68110,69890,71083,72724,73952,76251,79068,82251,87488,90891,86305,83207,83893,84752,84977,86749,86505,86750,88780,90782,90926,89429,94079,97302
 "08077","Mesa, CO",7,CAINC4,7020,"..."," Wage and salary employment ","Number of jobs",17578,18086,17975,18990,20589,21813,23763,24549,27244,29522,31626,33643,37529,38223,35574,33809,32196,30906,31870,32930,35346,37294,38052,39156,40362,41913,43797,46158,48317,50034,51886,53031,53995,55232,55722,57410,59008,61693,65283,68560,64218,61085,61422,62198,62327,63821,63542,63296,65005,66531,67423,64432,67207,68626
 "08077","Mesa, CO",7,CAINC4,7040,"..."," Proprietors employment ","Number of jobs",5025,5035,5102,5268,5653,6256,6778,7562,8055,8298,9045,10067,11408,12308,12745,12860,12404,11697,10341,12182,12210,12185,12558,12258,12922,13735,14207,14920,15533,16409,16224,16859,17088,17492,18230,18841,20060,20558,22205,22331,22087,22122,22471,22554,22650,22928,22963,23454,23775,24251,23503,24997,26872,28676
 "08079","Mineral, CO",7,CAINC4,10,"...","Personal income (thousands of dollars) ","Thousands of dollars",2486,3072,2815,3275,2949,3328,8318,6919,6063,6874,9039,10131,11770,10292,10307,10801,8246,7937,7910,8050,8429,9299,9971,11690,12559,13254,13134,14072,15682,17630,19470,20250,24974,26755,27448,25309,25124,26204,26821,30225,31847,29624,36282,34930,38759,40638,44824,45527,46810,49761,54082,56440,58839,63205
 "08079","Mineral, CO",7,CAINC4,11,"..."," Nonfarm personal income 1/","Thousands of dollars",2320,2888,2745,2803,2855,3207,4894,5436,5717,6723,7492,9022,11227,10249,10296,10830,8303,8023,7995,8114,8486,9336,9998,11686,12559,13281,13196,14151,15781,17437,19004,19858,24388,25785,27150,25337,25276,26406,27230,30447,31780,29482,35310,34418,38119,40125,44462,45206,46481,49395,53931,55932,58554,62764
 "08079","Mineral, CO",7,CAINC4,12,"..."," Farm income 2/","Thousands of dollars",166,184,70,472,94,121,3424,1483,346,151,1547,1109,543,43,11,-29,-57,-86,-85,-64,-57,-37,-27,4,0,-27,-62,-79,-99,193,466,392,586,970,298,-28,-152,-202,-409,-222,67,142,972,512,640,513,362,321,329,366,151,508,285,441
 "08079","Mineral, CO",7,CAINC4,20,"...","Population (persons) 3/","Number of persons",766,789,839,861,797,797,806,816,820,831,790,819,879,848,839,801,786,677,684,631,579,554,574,588,597,646,683,720,724,769,802,832,796,812,828,848,814,789,807,774,732,706,721,737,759,737,787,811,817,849,838,871,929,931
 "08079","Mineral, CO",7,CAINC4,30,"...","Per capita personal income (dollars) 4/","Dollars",3245,3894,3355,3804,3700,4176,10320,8479,7394,8272,11442,12370,13390,12137,12285,13484,10491,11724,11564,12758,14558,16785,17371,19881,21037,20517,19230,19544,21660,22926,24277,24339,31374,32950,33150,29846,30865,33212,33235,39050,43507,41960,50322,47395,51066,55140,56956,56137,57295,58611,64537,64799,63336,67889
 "08079","Mineral, CO",7,CAINC4,35,"...","Earnings by place of work ","Thousands of dollars",2286,2879,2615,3039,2733,3184,9038,7539,6385,7202,11716,15541,18550,14580,13367,13218,6980,6329,6260,5935,5625,6200,6979,7779,8334,8479,8893,9499,11018,11876,12956,13765,19071,20579,19766,17731,16956,18617,19355,20006,18657,18456,20047,21620,22328,22920,26042,27965,28783,30732,31797,32564,36791,41817
 "08079","Mineral, CO",7,CAINC4,36,"...","Less: Contributions for government social insurance 5/","Thousands of dollars",127,159,156,152,181,225,451,446,433,509,771,1145,1656,1366,1309,1371,678,602,574,555,532,589,692,767,838,865,913,958,1135,1086,1145,1218,1561,1713,1800,1899,1793,1981,2119,2210,2104,2110,2150,2369,2533,2603,2871,3084,3154,3458,3490,3561,4004,4689
 "08079","Mineral, CO",7,CAINC4,37,"..."," Employee and self-employed contributions for government social insurance ","Thousands of dollars",64,79,76,79,95,113,217,232,224,265,404,598,811,667,613,626,336,308,302,296,297,337,393,424,456,486,513,544,621,631,668,704,959,999,1012,981,955,1072,1180,1226,1199,1174,991,1092,1355,1381,1569,1735,1769,1948,2015,2086,2314,2710
 "08079","Mineral, CO",7,CAINC4,38,"..."," Employer contributions for government social insurance ","Thousands of dollars",63,80,80,73,86,112,234,214,209,244,367,547,845,699,696,745,342,294,272,259,235,252,299,343,382,379,400,414,514,455,477,514,602,714,788,918,838,909,939,984,905,936,1159,1277,1178,1222,1302,1349,1385,1510,1475,1475,1690,1979
 "08079","Mineral, CO",7,CAINC4,42,"...","Plus: Adjustment for residence 6/","Thousands of dollars",-147,-197,-221,-255,-293,-374,-1301,-1318,-1209,-1378,-3570,-6221,-7505,-5687,-4867,-4493,-1919,-1489,-1324,-1133,-898,-853,-1040,-1132,-1162,-880,-768,-733,-998,-964,-918,-1042,-1403,-1617,-1816,-3139,-2621,-3138,-3626,-5787,-3893,-2943,-3185,-2210,-1176,-1225,-1302,-1462,-1399,-1738,-1905,-1799,-1690,-1748
 "08079","Mineral, CO",7,CAINC4,45,"...","Equals: Net earnings by place of residence ","Thousands of dollars",2012,2523,2238,2632,2259,2585,7286,5775,4743,5315,7375,8175,9389,7527,7191,7354,4383,4238,4362,4247,4195,4758,5247,5880,6334,6734,7212,7808,8885,9826,10893,11505,16107,17249,16150,12693,12542,13498,13610,12009,12660,13403,14712,17041,18619,19092,21869,23419,24230,25536,26402,27204,31097,35380
 "08079","Mineral, CO",7,CAINC4,46,"...","Plus: Dividends, interest, and rent 7/","Thousands of dollars",303,354,364,419,455,517,696,819,1008,1203,1322,1560,1845,2018,2382,2714,3045,2914,2695,2952,3351,3529,3576,4463,4676,4868,4014,4128,4730,5438,5988,6193,5998,6233,7195,8535,8087,7721,8104,12815,13463,10437,15430,11650,13592,14587,14601,13747,13853,14474,16701,16424,13879,14917
 "08079","Mineral, CO",7,CAINC4,47,"...","Plus: Personal current transfer receipts ","Thousands of dollars",171,195,213,224,235,226,336,325,312,356,342,396,536,747,734,733,818,785,853,851,883,1012,1148,1347,1549,1652,1908,2136,2067,2366,2589,2552,2869,3273,4103,4081,4495,4985,5107,5401,5724,5784,6140,6239,6548,6959,8354,8361,8727,9751,10979,12812,13863,12908
 "08079","Mineral, CO",7,CAINC4,50,"...","Wages and salaries ","Thousands of dollars",1683,2151,1989,1956,2013,2332,4457,4799,4664,5418,7895,11361,14152,11379,10350,10414,5237,4604,4397,4061,3696,3874,4513,4969,5298,5327,5762,6077,7409,7665,8184,9014,9762,10070,11034,11810,11306,12241,12828,13655,12675,13102,14677,16183,16557,16441,17222,18045,18652,20442,20706,20366,23181,25926
 "08079","Mineral, CO",7,CAINC4,60,"...","Supplements to wages and salaries ","Thousands of dollars",224,296,283,285,287,365,752,795,898,1118,1731,2535,3324,2676,2407,2066,986,888,867,812,797,878,1046,1266,1386,1309,1336,1377,1614,1640,1766,1972,2120,2234,2473,2717,2616,2623,2763,2806,2765,2769,2906,3214,3319,3436,3509,3712,3829,4349,4230,4059,4468,4780
 "08079","Mineral, CO",7,CAINC4,61,"..."," Employer contributions for employee pension and insurance funds 8/","Thousands of dollars",161,216,203,212,201,253,518,581,689,874,1364,1988,2479,1977,1711,1321,644,594,595,553,562,626,747,923,1004,930,936,963,1100,1185,1289,1458,1518,1520,1685,1799,1778,1714,1824,1822,1860,1833,1747,1937,2141,2214,2207,2363,2444,2839,2755,2584,2778,2801
 "08079","Mineral, CO",7,CAINC4,62,"..."," Employer contributions for government social insurance ","Thousands of dollars",63,80,80,73,86,112,234,214,209,244,367,547,845,699,696,745,342,294,272,259,235,252,299,343,382,379,400,414,514,455,477,514,602,714,788,918,838,909,939,984,905,936,1159,1277,1178,1222,1302,1349,1385,1510,1475,1475,1690,1979
 "08079","Mineral, CO",7,CAINC4,70,"...","Proprietors' income 9/","Thousands of dollars",379,432,343,798,433,487,3829,1945,823,666,2090,1645,1074,525,610,738,757,837,996,1062,1132,1448,1420,1544,1650,1843,1795,2045,1995,2571,3006,2779,7189,8275,6259,3204,3034,3753,3764,3545,3217,2585,2464,2223,2452,3043,5311,6208,6302,5941,6861,8139,9142,11111
 "08079","Mineral, CO",7,CAINC4,71,"..."," Farm proprietors' income ","Thousands of dollars",139,160,49,453,70,101,3407,1467,328,133,1515,1062,480,-26,-48,-79,-89,-113,-106,-86,-79,-59,-48,-7,-10,-36,-68,-83,-100,188,456,376,564,945,262,-81,-226,-284,-522,-383,-168,-112,679,119,200,91,4,-92,-113,-74,-170,35,-230,10
 "08079","Mineral, CO",7,CAINC4,72,"..."," Nonfarm proprietors' income ","Thousands of dollars",240,272,294,345,363,386,422,478,495,533,575,583,594,551,658,817,846,950,1102,1148,1211,1507,1468,1551,1660,1879,1863,2128,2095,2383,2550,2403,6625,7330,5997,3285,3260,4037,4286,3928,3385,2697,1785,2104,2252,2952,5307,6300,6415,6015,7031,8104,9372,11101
 "08079","Mineral, CO",7,CAINC4,7010,"...","Total employment ","Number of jobs",290,321,292,289,296,313,448,469,462,493,635,762,849,705,652,627,475,433,424,431,422,427,464,500,518,529,562,597,646,651,648,693,737,728,748,797,777,787,814,817,792,809,815,855,808,830,899,911,887,949,925,841,864,919
 "08079","Mineral, CO",7,CAINC4,7020,"..."," Wage and salary employment ","Number of jobs",248,282,248,242,246,261,387,416,405,432,561,674,748,602,547,515,360,316,308,292,279,289,311,336,354,343,360,383,417,446,442,483,487,478,489,515,483,487,506,513,492,480,505,534,516,520,555,563,569,632,643,545,553,588
 "08079","Mineral, CO",7,CAINC4,7040,"..."," Proprietors employment ","Number of jobs",42,39,44,47,50,52,61,53,57,61,74,88,101,103,105,112,115,117,116,139,143,138,153,164,164,186,202,214,229,205,206,210,250,250,259,282,294,300,308,304,300,329,310,321,292,310,344,348,318,317,282,296,311,331
 "08081","Moffat, CO",7,CAINC4,10,"...","Personal income (thousands of dollars) ","Thousands of dollars",22073,24010,27997,31410,36072,39345,48526,59589,77162,101026,117078,122975,132264,149326,156381,146323,154256,159095,165143,170860,179494,187777,194826,214073,225224,238850,257197,265907,275935,282753,294281,307900,326963,346645,362229,368377,401378,428446,465359,472233,483539,457664,485209,496081,508892,519076,516604,520442,519200,551385,545200,571405,609149,626210
 "08081","Moffat, CO",7,CAINC4,11,"..."," Nonfarm personal income 1/","Thousands of dollars",20327,22058,24888,27951,33044,37929,44998,57050,73733,99076,113948,122012,133476,149816,155552,145100,156670,158408,163271,169021,179260,188725,194310,212536,223847,239968,256897,266591,275793,283632,291840,305966,323397,340966,352652,354118,384588,412938,445846,465852,472086,452540,473938,493727,506239,513106,509520,518180,517255,549152,542405,564811,600586,626896
 "08081","Moffat, CO",7,CAINC4,12,"..."," Farm income 2/","Thousands of dollars",1746,1952,3109,3459,3028,1416,3528,2539,3429,1950,3130,963,-1212,-490,829,1223,-2414,687,1872,1839,234,-948,516,1537,1377,-1118,300,-684,142,-879,2441,1934,3566,5679,9577,14259,16790,15508,19513,6381,11453,5124,11271,2354,2653,5970,7084,2262,1945,2233,2795,6594,8563,-686
 "08081","Moffat, CO",7,CAINC4,20,"...","Population (persons) 3/","Number of persons",6471,6522,6458,6389,6605,6988,7956,9464,9901,10297,12320,13191,13395,14210,14541,13656,12621,12136,11509,11316,11286,11408,11518,11656,11845,12091,12222,12343,12651,12956,13178,13147,13065,13193,13106,13175,12956,13115,13348,13585,13728,13798,13438,13198,13166,12989,13005,13227,13179,13243,13316,13264,13155,13177
 "08081","Moffat, CO",7,CAINC4,30,"...","Per capita personal income (dollars) 4/","Dollars",3411,3681,4335,4916,5461,5630,6099,6296,7793,9811,9503,9323,9874,10509,10754,10715,12222,13109,14349,15099,15904,16460,16915,18366,19014,19754,21044,21543,21811,21824,22331,23420,25026,26275,27638,27960,30980,32668,34864,34761,35223,33169,36107,37588,38652,39963,39723,39347,39396,41636,40943,43079,46306,47523
 "08081","Moffat, CO",7,CAINC4,35,"...","Earnings by place of work ","Thousands of dollars",16366,16747,19870,22047,24962,26629,35055,48840,68219,91905,104644,104355,107301,121623,125949,106755,118741,122736,129723,132826,136518,139620,145890,159945,165131,173916,187241,189127,191647,198912,205915,211153,218527,229512,241027,254073,276334,302458,322694,328016,339392,310936,330493,329818,346043,349028,347773,352867,348881,376913,358271,369665,360728,375028
 "08081","Moffat, CO",7,CAINC4,36,"...","Less: Contributions for government social insurance 5/","Thousands of dollars",803,819,962,1148,1579,1862,2325,3668,5241,7608,8946,8936,10098,11810,11975,10004,12157,12239,12437,13552,14357,14937,15862,17233,18329,19764,21309,21321,21240,20851,21175,21158,21065,22598,23406,24973,27184,29841,31806,34568,35688,32478,31221,31392,35656,35418,35902,36863,37735,40182,39440,40873,39309,43406
 "08081","Moffat, CO",7,CAINC4,37,"..."," Employee and self-employed contributions for government social insurance ","Thousands of dollars",446,450,518,612,817,954,1165,1732,2438,3457,4126,4207,4798,5584,5615,4671,5775,5841,5912,6517,6994,7349,7857,8443,8754,9538,10215,10138,10132,10363,10397,10517,10952,11439,11803,12484,13651,15130,16473,17553,18363,16876,13980,14319,18522,18471,18771,19663,19720,21696,21130,21867,21283,23764
 "08081","Moffat, CO",7,CAINC4,38,"..."," Employer contributions for government social insurance ","Thousands of dollars",357,369,444,536,762,908,1160,1936,2803,4151,4820,4729,5300,6226,6360,5333,6382,6398,6525,7035,7363,7588,8005,8790,9575,10226,11094,11183,11108,10488,10778,10641,10113,11159,11603,12489,13533,14711,15333,17015,17325,15602,17241,17073,17134,16947,17131,17200,18015,18486,18310,19006,18026,19642
 "08081","Moffat, CO",7,CAINC4,42,"...","Plus: Adjustment for residence 6/","Thousands of dollars",168,258,134,191,112,174,-25,-1573,-3906,-6629,-5675,-2568,1003,-432,-1252,5191,1974,2910,2511,4770,8372,12669,12233,14005,16903,19586,18760,21327,24253,28135,31916,35236,42470,51071,53099,45039,51277,53589,62336,46543,32332,25351,24746,27851,33485,27395,19532,14282,9453,8067,8763,-15360,-7106,1436
 "08081","Moffat, CO",7,CAINC4,45,"...","Equals: Net earnings by place of residence ","Thousands of dollars",15731,16186,19042,21090,23495,24941,32705,43599,59072,77668,90023,92851,98206,109381,112722,101942,108558,113407,119797,124044,130533,137352,142261,156717,163705,173738,184692,189133,194660,206196,216656,225231,239932,257985,270720,274139,300427,326206,353224,339991,336036,303809,324018,326277,343872,341005,331403,330286,320599,344798,327594,313432,314313,333058
 "08081","Moffat, CO",7,CAINC4,46,"...","Plus: Dividends, interest, and rent 7/","Thousands of dollars",4136,5314,6095,7137,8915,10382,10863,10740,12150,17006,20007,21556,23743,27437,28695,29421,31312,30843,30246,31517,32087,32734,32222,33400,35697,37837,42244,45028,48829,44427,42672,46074,47526,44733,46664,47934,49556,48529,57645,70376,77207,74497,78062,86368,80069,87885,86199,84138,90627,88931,94214,90179,108170,121053
 "08081","Moffat, CO",7,CAINC4,47,"...","Plus: Personal current transfer receipts ","Thousands of dollars",2206,2510,2860,3183,3662,4022,4958,5250,5940,6352,7048,8568,10315,12508,14964,14960,14386,14845,15100,15299,16874,17691,20343,23956,25822,27275,30261,31746,32446,32130,34953,36595,39505,43927,44845,46304,51395,53711,54490,61866,70296,79358,83129,83436,84951,90186,99002,106018,107974,117656,123392,167794,186666,172099
 "08081","Moffat, CO",7,CAINC4,50,"...","Wages and salaries ","Thousands of dollars",10336,10723,11922,13183,16207,18409,23436,35290,50256,70299,80124,81126,84919,95227,94182,78887,92637,91993,96283,100014,103242,106378,108525,116101,117474,125391,134484,137555,136263,139887,143048,146308,151612,158017,163859,174171,184931,204019,218029,236905,244901,225103,236710,233446,237471,233956,235211,235048,246152,255546,259227,265004,258375,275527
 "08081","Moffat, CO",7,CAINC4,60,"...","Supplements to wages and salaries ","Thousands of dollars",1156,1278,1553,1837,2262,2636,3553,5228,8181,12486,13806,14538,15735,18532,18846,16220,19319,20947,23378,21093,22939,24274,25508,29114,31006,32215,33895,34844,35842,35004,37373,38402,39605,40852,43259,46216,48071,51963,52708,56906,60993,58061,57361,56712,60379,60064,59481,61283,61615,65359,64450,66693,63602,64406
 "08081","Moffat, CO",7,CAINC4,61,"..."," Employer contributions for employee pension and insurance funds 8/","Thousands of dollars",799,909,1109,1301,1500,1728,2393,3292,5378,8335,8986,9809,10435,12306,12486,10887,12937,14549,16853,14058,15576,16686,17503,20324,21431,21989,22801,23661,24734,24516,26595,27761,29492,29693,31656,33727,34538,37252,37375,39891,43668,42459,40120,39639,43245,43117,42350,44083,43600,46873,46140,47687,45576,44764
 "08081","Moffat, CO",7,CAINC4,62,"..."," Employer contributions for government social insurance ","Thousands of dollars",357,369,444,536,762,908,1160,1936,2803,4151,4820,4729,5300,6226,6360,5333,6382,6398,6525,7035,7363,7588,8005,8790,9575,10226,11094,11183,11108,10488,10778,10641,10113,11159,11603,12489,13533,14711,15333,17015,17325,15602,17241,17073,17134,16947,17131,17200,18015,18486,18310,19006,18026,19642
 "08081","Moffat, CO",7,CAINC4,70,"...","Proprietors' income 9/","Thousands of dollars",4874,4746,6395,7027,6493,5584,8066,8322,9782,9120,10714,8691,6647,7864,12921,11648,6785,9796,10062,11719,10337,8968,11857,14730,16651,16310,18862,16728,19542,24021,25494,26443,27310,30643,33909,33686,43332,46476,51957,34205,33498,27772,36422,39660,48193,55008,53081,56536,41114,56008,34594,37968,38751,35095
 "08081","Moffat, CO",7,CAINC4,71,"..."," Farm proprietors' income ","Thousands of dollars",783,1009,2287,2590,1981,352,2464,1411,2132,225,1384,-730,-2803,-1996,-577,-107,-3713,-478,768,611,-1077,-2452,-918,184,-208,-3141,-1883,-2818,-2422,-3255,202,-490,1217,3192,7437,12020,14318,13176,16879,3974,8847,2921,9137,-55,-23,3344,4882,-268,-760,-401,853,3792,5531,-3262
 "08081","Moffat, CO",7,CAINC4,72,"..."," Nonfarm proprietors' income ","Thousands of dollars",4091,3737,4108,4437,4512,5232,5602,6911,7650,8895,9330,9421,9450,9860,13498,11755,10498,10274,9294,11108,11414,11420,12775,14546,16859,19451,20745,19546,21964,27276,25292,26933,26093,27451,26472,21666,29014,33300,35078,30231,24651,24851,27285,39715,48216,51664,48199,56804,41874,56409,33741,34176,33220,38357
 "08081","Moffat, CO",7,CAINC4,7010,"...","Total employment ","Number of jobs",3002,2916,2974,3108,3367,3664,4162,4837,5645,6634,6911,6843,6873,7187,6899,6225,6467,6237,6081,6420,6305,6370,6373,6406,6463,6650,7013,7080,7228,7171,7193,7252,7179,7162,7093,7230,7435,7638,7922,8205,8102,7595,7452,7462,7424,7289,7255,7181,7302,7277,7100,6964,7180,7264
 "08081","Moffat, CO",7,CAINC4,7020,"..."," Wage and salary employment ","Number of jobs",2114,2050,2083,2190,2428,2596,2984,3598,4417,5455,5655,5480,5431,5633,5279,4567,4837,4655,4611,4676,4620,4676,4606,4712,4756,4852,5160,5162,5222,5114,5110,5104,5100,5084,5066,5141,5332,5545,5616,5874,5869,5440,5350,5337,5340,5144,5079,5027,5086,5110,5049,4859,4899,4880
 "08081","Moffat, CO",7,CAINC4,7040,"..."," Proprietors employment ","Number of jobs",888,866,891,918,939,1068,1178,1239,1228,1179,1256,1363,1442,1554,1620,1658,1630,1582,1470,1744,1685,1694,1767,1694,1707,1798,1853,1918,2006,2057,2083,2148,2079,2078,2027,2089,2103,2093,2306,2331,2233,2155,2102,2125,2084,2145,2176,2154,2216,2167,2051,2105,2281,2384
 "08083","Montezuma, CO",7,CAINC4,10,"...","Personal income (thousands of dollars) ","Thousands of dollars",33528,35059,40936,46839,57364,61454,73342,81348,93462,105869,122882,140899,166723,184099,200349,208825,207926,209901,215096,225300,245222,271934,282660,318949,355614,385002,412219,430519,455399,503974,524634,546235,554304,566607,591614,616731,658245,705175,769209,802099,795070,791951,845258,862495,907172,1003776,1032187,1029245,1045673,1093755,1133176,1216110,1353859,1336853
 "08083","Montezuma, CO",7,CAINC4,11,"..."," Nonfarm personal income 1/","Thousands of dollars",31136,34180,39514,44465,50993,58075,68634,79849,91341,105206,121210,139262,165249,182200,199646,208726,207174,211298,214475,224058,245326,272932,283807,318823,354827,385659,412559,429856,450786,503082,526454,551154,556465,573234,590189,618602,659449,706471,767725,802848,796225,794041,843038,860017,908305,1000903,1022345,1027789,1042304,1089256,1125220,1214950,1341863,1344448
 "08083","Montezuma, CO",7,CAINC4,12,"..."," Farm income 2/","Thousands of dollars",2392,879,1422,2374,6371,3379,4708,1499,2121,663,1672,1637,1474,1899,703,99,752,-1397,621,1242,-104,-998,-1147,126,787,-657,-340,663,4613,892,-1820,-4919,-2161,-6627,1425,-1871,-1204,-1296,1484,-749,-1155,-2090,2220,2478,-1133,2873,9842,1456,3369,4499,7956,1160,11996,-7595
 "08083","Montezuma, CO",7,CAINC4,20,"...","Population (persons) 3/","Number of persons",12610,13047,13548,13954,13815,14167,15031,14974,15292,15512,16306,16666,17252,17999,18666,19275,19210,19156,18726,18693,18592,18732,19104,19728,20443,21255,22035,22588,22989,23210,23601,23847,23692,23935,24255,24456,24514,24968,25157,25222,25507,25563,25423,25377,25402,25325,25482,25725,25793,25854,25865,25883,26216,26468
 "08083","Montezuma, CO",7,CAINC4,30,"...","Per capita personal income (dollars) 4/","Dollars",2659,2687,3022,3357,4152,4338,4879,5433,6112,6825,7536,8454,9664,10228,10733,10834,10824,10957,11486,12053,13190,14517,14796,16167,17395,18113,18707,19060,19809,21714,22229,22906,23396,23673,24391,25218,26852,28243,30576,31802,31171,30980,33248,33987,35713,39636,40507,40010,40541,42305,43811,46985,51642,50508
 "08083","Montezuma, CO",7,CAINC4,35,"...","Earnings by place of work ","Thousands of dollars",24929,24654,28861,33318,41627,42981,49891,53838,63071,68432,75461,82989,101258,115495,127217,132315,127098,122083,127636,135375,144716,167558,172177,196830,224491,235574,250644,257536,275854,313027,322421,330238,324524,334419,350381,361003,384771,410902,437079,428066,410261,413539,435077,463834,489147,520089,521716,508769,520857,536998,546945,550570,615888,603838
 "08083","Montezuma, CO",7,CAINC4,36,"...","Less: Contributions for government social insurance 5/","Thousands of dollars",1393,1422,1691,2017,2587,2992,3311,3840,4514,5005,5761,6461,8771,10329,11729,12310,11773,11384,11707,12954,14636,17280,18172,20217,23201,24739,26294,26907,28367,29957,30307,30740,31326,34351,35034,37314,40637,42732,46273,46931,45343,45809,44057,46484,52414,55062,55648,56968,58780,62104,63306,66776,72670,76977
 "08083","Montezuma, CO",7,CAINC4,37,"..."," Employee and self-employed contributions for government social insurance ","Thousands of dollars",730,754,884,1042,1335,1554,1716,1928,2246,2454,2868,3239,4373,5131,5657,5951,6006,5983,6144,6889,7829,8980,9570,10602,12112,13112,13970,14177,15119,16798,17082,17341,17161,17931,18363,19564,21063,22773,25156,25179,25064,25178,21519,22838,28801,30155,30859,31846,32858,35535,36619,38489,41826,44768
 "08083","Montezuma, CO",7,CAINC4,38,"..."," Employer contributions for government social insurance ","Thousands of dollars",663,668,807,975,1252,1438,1595,1912,2268,2551,2893,3222,4398,5198,6072,6359,5767,5401,5563,6065,6807,8300,8602,9615,11089,11627,12324,12730,13248,13159,13225,13399,14165,16420,16671,17750,19574,19959,21117,21752,20279,20631,22538,23646,23613,24907,24789,25122,25922,26569,26687,28287,30844,32209
 "08083","Montezuma, CO",7,CAINC4,42,"...","Plus: Adjustment for residence 6/","Thousands of dollars",955,1026,1217,1452,1947,2577,3162,3802,4924,9088,10949,13325,14802,13488,11425,11826,11784,12353,12447,13739,15211,15416,17698,19970,22813,26329,29263,31528,34528,37960,43211,47932,50804,50982,52448,56475,59870,65016,70026,71089,65042,64745,64457,66820,69091,95593,98277,75403,76539,80176,81847,72173,76659,85640
 "08083","Montezuma, CO",7,CAINC4,45,"...","Equals: Net earnings by place of residence ","Thousands of dollars",24491,24258,28387,32753,40987,42566,49742,53800,63481,72515,80649,89853,107289,118654,126913,131831,127109,123052,128376,136160,145291,165694,171703,196583,224103,237164,253613,262157,282015,321030,335325,347430,344002,351050,367795,380164,404004,433186,460832,452224,429960,432475,455477,484170,505824,560620,564345,527204,538616,555070,565486,555967,619877,612501
 "08083","Montezuma, CO",7,CAINC4,46,"...","Plus: Dividends, interest, and rent 7/","Thousands of dollars",5308,6189,6917,7793,9461,11023,12981,14242,16567,20484,24936,31534,38767,43871,49085,50633,53089,56483,54262,56109,63017,66264,66099,71545,77403,90081,92541,98696,100432,108556,109837,114861,118926,113668,118412,127904,139017,146366,173404,194458,192400,171658,198197,184526,199493,226036,226660,248368,248602,253458,265201,276615,301090,320447
 "08083","Montezuma, CO",7,CAINC4,47,"...","Plus: Personal current transfer receipts ","Thousands of dollars",3729,4612,5632,6293,6916,7865,10619,13306,13414,12870,17297,19512,20667,21574,24351,26361,27728,30366,32458,33031,36914,39976,44858,50821,54108,57757,66065,69666,72952,74388,79472,83944,91376,101889,105407,108663,115224,125623,134973,155417,172710,187818,191584,193799,201855,217120,241182,253673,258455,285227,302489,383528,432892,403905
 "08083","Montezuma, CO",7,CAINC4,50,"...","Wages and salaries ","Thousands of dollars",17375,18042,20441,22566,25797,29196,33193,37641,44074,48271,52422,58757,74438,86153,95158,95855,88877,83990,87433,90702,99633,118541,121088,133923,149683,156531,168857,175679,183183,207751,211404,217138,223951,232271,237066,246066,262907,274326,296200,302009,291657,294870,304177,318820,330784,344133,341969,344356,357045,376131,379324,392666,441711,446317
 "08083","Montezuma, CO",7,CAINC4,60,"...","Supplements to wages and salaries ","Thousands of dollars",1743,1899,2312,2719,3216,3741,4547,5274,6584,7522,8221,9322,11971,14172,17090,18106,18012,17743,18208,19320,22432,27967,29765,36153,41162,42460,43857,44366,45078,48781,51748,54050,55541,57968,61063,64001,69429,71010,73518,74351,75647,77647,76913,79490,83440,87402,85208,88111,90427,95417,95074,98380,103706,104275
 "08083","Montezuma, CO",7,CAINC4,61,"..."," Employer contributions for employee pension and insurance funds 8/","Thousands of dollars",1080,1231,1505,1744,1964,2303,2952,3362,4316,4971,5328,6100,7573,8974,11018,11747,12245,12342,12645,13255,15625,19667,21163,26538,30073,30833,31533,31636,31830,35622,38523,40651,41376,41548,44392,46251,49855,51051,52401,52599,55368,57016,54375,55844,59827,62495,60419,62989,64505,68848,68387,70093,72862,72066
 "08083","Montezuma, CO",7,CAINC4,62,"..."," Employer contributions for government social insurance ","Thousands of dollars",663,668,807,975,1252,1438,1595,1912,2268,2551,2893,3222,4398,5198,6072,6359,5767,5401,5563,6065,6807,8300,8602,9615,11089,11627,12324,12730,13248,13159,13225,13399,14165,16420,16671,17750,19574,19959,21117,21752,20279,20631,22538,23646,23613,24907,24789,25122,25922,26569,26687,28287,30844,32209
 "08083","Montezuma, CO",7,CAINC4,70,"...","Proprietors' income 9/","Thousands of dollars",5811,4713,6108,8033,12614,10044,12151,10923,12413,12639,14818,14910,14849,15170,14969,18354,20209,20350,21995,25353,22651,21050,21324,26754,33646,36583,37930,37491,47593,56495,59269,59050,45032,44180,52252,50936,52435,65566,67361,51706,42957,41022,53987,65524,74923,88554,94539,76302,73385,65450,72547,59524,70471,53246
 "08083","Montezuma, CO",7,CAINC4,71,"..."," Farm proprietors' income ","Thousands of dollars",1659,206,858,1831,5711,2735,4051,809,1340,-327,669,656,562,1000,-109,-662,25,-2058,-25,525,-875,-1888,-2001,-695,-452,-2550,-2710,-1932,1185,-2038,-4345,-7443,-4359,-8652,-507,-4103,-3853,-3989,-1777,-4096,-5191,-5854,-1746,-2370,-6546,-2363,5417,-3632,-2074,-860,4018,-4568,5762,-12826
 "08083","Montezuma, CO",7,CAINC4,72,"..."," Nonfarm proprietors' income ","Thousands of dollars",4152,4507,5250,6202,6903,7309,8100,10114,11073,12966,14149,14254,14287,14170,15078,19016,20184,22408,22020,24828,23526,22938,23325,27449,34098,39133,40640,39423,46408,58533,63614,66493,49391,52832,52759,55039,56288,69555,69138,55802,48148,46876,55733,67894,81469,90917,89122,79934,75459,66310,68529,64092,64709,66072
 "08083","Montezuma, CO",7,CAINC4,7010,"...","Total employment ","Number of jobs",5027,5156,5208,5281,5595,5744,6012,6230,6753,6927,7026,7251,7697,7848,8262,8339,8187,7971,7904,8403,8802,9459,9592,10169,11080,11922,11981,12400,12645,13153,13405,13638,13414,13487,13603,13745,14233,14549,14828,14410,14216,14043,14169,14325,14658,14712,14609,14787,14936,15001,14587,14520,15145,15514
 "08083","Montezuma, CO",7,CAINC4,7020,"..."," Wage and salary employment ","Number of jobs",3471,3581,3740,3728,4107,4208,4385,4460,4939,5113,5117,5208,5665,5719,5969,5980,5834,5666,5713,5854,6240,6969,7017,7438,8134,8447,8660,8960,9018,9509,9717,9827,9612,9562,9522,9586,9743,9933,9938,9671,9373,9336,9391,9387,9550,9603,9465,9585,9784,9798,9757,9409,9779,9894
 "08083","Montezuma, CO",7,CAINC4,7040,"..."," Proprietors employment ","Number of jobs",1556,1575,1468,1553,1488,1536,1627,1770,1814,1814,1909,2043,2032,2129,2293,2359,2353,2305,2191,2549,2562,2490,2575,2731,2946,3475,3321,3440,3627,3644,3688,3811,3802,3925,4081,4159,4490,4616,4890,4739,4843,4707,4778,4938,5108,5109,5144,5202,5152,5203,4830,5111,5366,5620
 "08085","Montrose, CO",7,CAINC4,10,"...","Personal income (thousands of dollars) ","Thousands of dollars",52447,56839,63956,68926,77597,92035,103581,115703,128383,144631,164044,191429,217137,231920,253388,264746,268009,292108,310615,325543,347406,362403,390700,418456,461746,508670,552533,585728,617466,660791,704645,769633,827406,860619,900164,957450,1066885,1129884,1222798,1288955,1263802,1228183,1272275,1295409,1306721,1388663,1466517,1490632,1572046,1720036,1810838,1963643,2186806,2227688
 "08085","Montrose, CO",7,CAINC4,11,"..."," Nonfarm personal income 1/","Thousands of dollars",48368,54784,59327,62684,72972,86478,97739,112404,126906,144513,163571,191134,214853,235155,252442,262405,265301,285355,300457,312803,335016,352710,380743,408742,451102,499662,545155,576244,609547,652801,696937,764090,816073,855720,901002,949445,1059199,1128184,1215047,1283211,1262337,1224788,1264469,1282542,1296366,1371614,1436019,1481169,1564628,1708133,1804127,1955940,2170574,2224773
 "08085","Montrose, CO",7,CAINC4,12,"..."," Farm income 2/","Thousands of dollars",4079,2055,4629,6242,4625,5557,5842,3299,1477,118,473,295,2284,-3235,946,2341,2708,6753,10158,12740,12390,9693,9957,9714,10644,9008,7378,9484,7919,7990,7708,5543,11333,4899,-838,8005,7686,1700,7751,5744,1465,3395,7806,12867,10355,17049,30498,9463,7418,11903,6711,7703,16232,2915
 "08085","Montrose, CO",7,CAINC4,20,"...","Population (persons) 3/","Number of persons",18538,18360,18479,18556,18836,19627,20652,21411,22169,22760,23431,24524,25151,25505,25929,25594,24872,24321,24303,24252,24466,24507,25211,25847,27016,28263,29609,30540,31460,32201,32907,33599,34361,35154,35767,36310,37227,38282,39673,40658,41535,41169,40917,40562,40423,40411,40349,40870,41427,41885,42311,42817,43230,43811
 "08085","Montrose, CO",7,CAINC4,30,"...","Per capita personal income (dollars) 4/","Dollars",2829,3096,3461,3714,4120,4689,5016,5404,5791,6355,7001,7806,8633,9093,9772,10344,10776,12011,12781,13423,14200,14788,15497,16190,17092,17998,18661,19179,19627,20521,21413,22906,24080,24481,25167,26369,28659,29515,30822,31702,30427,29833,31094,31937,32326,34363,36346,36473,37947,41066,42798,45861,50585,50848
 "08085","Montrose, CO",7,CAINC4,35,"...","Earnings by place of work ","Thousands of dollars",38754,40576,45401,47617,53224,64401,70971,80509,89671,101219,115552,129731,142141,145837,154675,162289,157372,180505,197941,212419,222879,231891,240583,271055,308140,343732,363688,385917,411367,437616,472486,521962,554136,580362,607420,663732,732719,770070,810344,793046,764242,741508,728276,756948,764897,783575,819014,850458,905183,1004601,1024368,1080268,1164736,1238785
 "08085","Montrose, CO",7,CAINC4,36,"...","Less: Contributions for government social insurance 5/","Thousands of dollars",1929,2125,2245,2327,3211,4197,4574,5354,6226,7175,8651,9981,11743,12863,13146,14356,14228,16291,17505,19390,21382,23112,24917,27867,32267,36665,39026,40286,43514,42302,44705,48061,51701,56759,60791,67796,75601,80397,86164,86919,84414,81732,74277,77130,85382,88404,91371,97647,103252,113022,116977,123922,131491,147264
 "08085","Montrose, CO",7,CAINC4,37,"..."," Employee and self-employed contributions for government social insurance ","Thousands of dollars",1049,1148,1217,1278,1723,2196,2350,2727,3207,3672,4438,5148,6020,6647,6775,7287,7558,8610,9255,10472,11753,12523,13525,15075,17361,19578,20965,21643,22935,23587,25039,27310,28940,30470,32378,35965,40339,43300,47078,46714,47321,45648,36806,38040,46442,47246,49188,53517,57064,64658,67202,71445,75583,85620
 "08085","Montrose, CO",7,CAINC4,38,"..."," Employer contributions for government social insurance ","Thousands of dollars",880,977,1028,1049,1488,2001,2224,2627,3019,3503,4213,4833,5723,6216,6371,7069,6670,7681,8250,8918,9629,10589,11392,12792,14906,17087,18061,18643,20579,18715,19666,20751,22761,26289,28413,31831,35262,37097,39086,40205,37093,36084,37471,39090,38940,41158,42183,44130,46188,48364,49775,52477,55908,61644
 "08085","Montrose, CO",7,CAINC4,42,"...","Plus: Adjustment for residence 6/","Thousands of dollars",1882,2007,2077,2709,2729,2747,3312,3164,3187,2378,1257,2169,2890,2167,1979,884,2744,292,-446,-644,-1064,-339,-1036,-2444,-3134,-3827,-4539,-6214,-8555,-7623,-7800,-9308,-5552,-1753,-804,2822,9716,17069,24846,33589,27411,21802,18935,19026,19471,22972,22785,12632,8928,9774,7305,-21,1587,-2517
 "08085","Montrose, CO",7,CAINC4,45,"...","Equals: Net earnings by place of residence ","Thousands of dollars",38707,40458,45233,47999,52742,62951,69709,78319,86632,96422,108158,121919,133288,135141,143508,148817,145888,164506,179990,192385,200433,208440,214630,240744,272739,303240,320123,339417,359298,387691,419981,464593,496883,521850,545825,598758,666834,706742,749026,739716,707239,681578,672934,698844,698986,718143,750428,765443,810859,901353,914696,956325,1034832,1089004
 "08085","Montrose, CO",7,CAINC4,46,"...","Plus: Dividends, interest, and rent 7/","Thousands of dollars",8355,9880,11150,12457,15059,17672,20616,22649,25922,30730,36101,45608,55105,63175,72386,75470,80569,83437,85034,86978,94973,98518,112900,105809,112526,123650,140850,149308,157542,164581,167313,181792,192266,189914,199159,193937,223239,226600,265964,302354,289487,253919,298699,294555,295722,328813,337244,324738,346924,370014,420677,411231,468787,501530
 "08085","Montrose, CO",7,CAINC4,47,"...","Plus: Personal current transfer receipts ","Thousands of dollars",5385,6501,7573,8470,9796,11412,13256,14735,15829,17479,19785,23902,28744,33604,37494,40459,41552,44165,45591,46180,52000,55445,63170,71903,76481,81780,91560,97003,100626,108519,117351,123248,138257,148855,155180,164755,176812,196542,207808,246885,267076,292686,300642,302010,312013,341707,378845,400451,414263,448669,475465,596087,683187,637154
 "08085","Montrose, CO",7,CAINC4,50,"...","Wages and salaries ","Thousands of dollars",25806,28743,29416,28980,34916,42807,48251,55738,62504,71347,82285,93324,102059,109525,108055,113624,108557,121143,131567,136834,143514,153123,160192,176243,196694,224625,241453,254026,280332,290779,303771,326472,347557,364573,388926,420431,454775,486739,527413,547404,521318,506270,501262,518088,530609,548591,567338,596409,626219,667939,693392,725735,778852,843938
 "08085","Montrose, CO",7,CAINC4,60,"...","Supplements to wages and salaries ","Thousands of dollars",3024,3489,3916,4175,4916,6215,7677,8987,10679,12483,14691,16967,19115,21123,21972,22540,21745,25140,27378,28989,31968,35782,38647,45780,51518,57572,59536,61803,67181,67697,72919,78882,85476,90361,98948,106655,115857,118111,123293,127039,128261,126248,119950,122976,129090,135972,136698,144274,149145,160852,163845,169240,176580,182660
 "08085","Montrose, CO",7,CAINC4,61,"..."," Employer contributions for employee pension and insurance funds 8/","Thousands of dollars",2144,2512,2888,3126,3428,4214,5453,6360,7660,8980,10478,12134,13392,14907,15601,15471,15075,17459,19128,20071,22339,25193,27255,32988,36612,40485,41475,43160,46602,48982,53253,58131,62715,64072,70535,74824,80595,81014,84207,86834,91168,90164,82479,83886,90150,94814,94515,100144,102957,112488,114070,116763,120672,121016
 "08085","Montrose, CO",7,CAINC4,62,"..."," Employer contributions for government social insurance ","Thousands of dollars",880,977,1028,1049,1488,2001,2224,2627,3019,3503,4213,4833,5723,6216,6371,7069,6670,7681,8250,8918,9629,10589,11392,12792,14906,17087,18061,18643,20579,18715,19666,20751,22761,26289,28413,31831,35262,37097,39086,40205,37093,36084,37471,39090,38940,41158,42183,44130,46188,48364,49775,52477,55908,61644
 "08085","Montrose, CO",7,CAINC4,70,"...","Proprietors' income 9/","Thousands of dollars",9924,8344,12069,14462,13392,15379,15043,15784,16488,17389,18576,19440,20967,15189,24648,26125,27070,34222,38996,46596,47397,42986,41744,49032,59928,61535,62699,70088,63854,79140,95796,116608,121103,125428,119546,136646,162087,165220,159638,118603,114663,108990,107064,115884,105198,99012,114978,109775,129819,175810,167131,185293,209304,212187
 "08085","Montrose, CO",7,CAINC4,71,"..."," Farm proprietors' income ","Thousands of dollars",2683,670,3400,4971,3033,3905,4219,1645,-365,-2264,-2288,-2732,-765,-6565,-2128,-565,-145,4179,7674,9868,9235,5963,6317,6065,5252,763,-2699,-1504,-6517,-3990,-2380,-3954,3358,-2164,-7077,1310,118,-5586,-666,-2414,-7963,-5097,-865,2531,-1190,5902,21063,-1382,-4180,462,-1685,-4532,2907,-8239
 "08085","Montrose, CO",7,CAINC4,72,"..."," Nonfarm proprietors' income ","Thousands of dollars",7241,7674,8669,9491,10359,11474,10824,14139,16853,19653,20864,22172,21732,21754,26776,26690,27215,30043,31322,36728,38162,37023,35427,42967,54676,60772,65398,71592,70371,83130,98176,120562,117745,127592,126623,135336,161969,170806,160304,121017,122626,114087,107929,113353,106388,93110,93915,111157,133999,175348,168816,189825,206397,220426
 "08085","Montrose, CO",7,CAINC4,7010,"...","Total employment ","Number of jobs",7250,7361,7146,7181,7958,8753,9128,9706,10416,10817,11469,12031,12332,12045,11970,12067,11759,11971,12288,12940,12998,13552,13710,14069,15186,16361,17042,17582,18587,18935,19325,19959,20529,20625,21261,22061,22997,23683,24683,24445,23277,22472,22038,21983,22066,22326,22461,23061,23708,24396,24253,24261,25625,26613
 "08085","Montrose, CO",7,CAINC4,7020,"..."," Wage and salary employment ","Number of jobs",4960,5080,4889,4826,5435,6084,6306,6681,7193,7492,8033,8381,8426,8140,7847,7853,7592,7971,8588,8811,8875,9462,9341,9845,10540,11312,11730,11988,12724,12890,13267,13698,13839,13872,14444,14902,15398,15914,16375,16295,15268,14644,14264,14321,14411,14668,14981,15334,15841,16322,16514,15864,16520,16989
 "08085","Montrose, CO",7,CAINC4,7040,"..."," Proprietors employment ","Number of jobs",2290,2281,2257,2355,2523,2669,2822,3025,3223,3325,3436,3650,3906,3905,4123,4214,4167,4000,3700,4129,4123,4090,4369,4224,4646,5049,5312,5594,5863,6045,6058,6261,6690,6753,6817,7159,7599,7769,8308,8150,8009,7828,7774,7662,7655,7658,7480,7727,7867,8074,7739,8397,9105,9624
 "08087","Morgan, CO",7,CAINC4,10,"...","Personal income (thousands of dollars) ","Thousands of dollars",67745,77037,86898,99973,110068,136280,129201,138301,131808,143307,184254,202202,224823,224774,243610,284920,280553,291443,295108,307244,338270,350617,376996,402953,434170,448587,472809,510343,533170,570143,613418,599961,653890,654055,677928,696488,719228,736649,762263,809643,777579,869827,967640,1000862,1018934,1108687,1143667,1170134,1149057,1269997,1292789,1368442,1509677,1480655
 "08087","Morgan, CO",7,CAINC4,11,"..."," Nonfarm personal income 1/","Thousands of dollars",51034,59138,64727,70925,82519,90866,98091,113699,122863,135950,152441,181967,208172,227038,247304,259971,257973,257074,260521,269418,290354,294544,324271,349134,374401,403172,440849,461339,490916,518056,544459,555202,581326,594253,614618,630978,642030,665238,708559,760084,760202,812910,897235,910729,927750,1003862,1026110,1064178,1080314,1195098,1204752,1305459,1401684,1422698
 "08087","Morgan, CO",7,CAINC4,12,"..."," Farm income 2/","Thousands of dollars",16711,17899,22171,29048,27549,45414,31110,24602,8945,7357,31813,20235,16651,-2264,-3694,24949,22580,34369,34587,37826,47916,56073,52725,53819,59769,45415,31960,49004,42254,52087,68959,44759,72564,59802,63310,65510,77198,71411,53704,49559,17377,56917,70405,90133,91184,104825,117557,105956,68743,74899,88037,62983,107993,57957
 "08087","Morgan, CO",7,CAINC4,20,"...","Population (persons) 3/","Number of persons",19463,20272,21097,21601,21672,21610,21923,21569,21685,21357,21855,22504,22411,22565,23326,23209,22834,22052,22219,21990,22043,21962,22619,23204,23566,24290,24886,25544,26167,26334,26796,27257,27307,27556,27736,27736,27727,27816,27745,27701,28099,28246,28463,28267,28251,28143,28301,28246,28354,28845,29041,29072,28995,29239
 "08087","Morgan, CO",7,CAINC4,30,"...","Per capita personal income (dollars) 4/","Dollars",3481,3800,4119,4628,5079,6306,5893,6412,6078,6710,8431,8985,10032,9961,10444,12276,12287,13216,13282,13972,15346,15965,16667,17366,18424,18468,18999,19979,20376,21650,22892,22011,23946,23735,24442,25111,25940,26483,27474,29228,27673,30795,33996,35407,36067,39395,40411,41427,40525,44028,44516,47071,52067,50640
 "08087","Morgan, CO",7,CAINC4,35,"...","Earnings by place of work ","Thousands of dollars",51064,57814,66030,77802,84728,107311,94946,102820,92749,102236,140940,156534,164534,146205,155970,194974,184874,196469,201577,213785,234314,248151,273269,293054,321157,335635,338647,369644,391172,420828,459429,434921,488849,497127,519633,522040,542202,553628,550036,558031,532172,611437,688020,714203,721230,802481,818336,846628,817338,912524,913071,917941,1002167,1007951
 "08087","Morgan, CO",7,CAINC4,36,"...","Less: Contributions for government social insurance 5/","Thousands of dollars",2026,2377,2687,3193,4321,4838,4745,5988,6561,7511,9134,12037,14112,14269,15525,16918,16317,16500,16706,18488,20014,21164,25234,26942,29835,33556,35084,35678,37904,36218,38134,37977,42626,46973,49591,50515,52461,54672,57150,59349,59362,63193,65763,64682,71692,79365,80399,83079,86120,95557,96487,99787,102249,113406
 "08087","Morgan, CO",7,CAINC4,37,"..."," Employee and self-employed contributions for government social insurance ","Thousands of dollars",1106,1276,1421,1654,2206,2459,2469,2930,3190,3620,4457,5823,6888,7080,7515,8142,8246,8421,8603,9519,10592,10822,12831,13630,14902,16622,17731,18224,19640,20062,20855,20581,22137,23170,24183,24739,25577,26902,28377,29367,30134,32295,28958,28893,35763,39312,40490,43176,43730,50114,49857,51650,53457,59056
 "08087","Morgan, CO",7,CAINC4,38,"..."," Employer contributions for government social insurance ","Thousands of dollars",920,1101,1266,1539,2115,2379,2276,3058,3371,3891,4677,6214,7224,7189,8010,8776,8071,8079,8103,8969,9422,10342,12403,13312,14933,16934,17353,17454,18264,16156,17279,17396,20489,23803,25408,25776,26884,27770,28773,29982,29228,30898,36805,35789,35929,40053,39909,39903,42390,45443,46630,48137,48792,54350
 "08087","Morgan, CO",7,CAINC4,42,"...","Plus: Adjustment for residence 6/","Thousands of dollars",588,638,490,268,-213,-566,-951,-1789,-2689,-4068,-5622,-14593,-13092,-7310,-6213,-6174,-3719,-3241,-1933,-1499,-950,-790,-1835,-1767,-2063,-3319,-2955,-2311,-2177,-1012,711,3697,3934,3531,3599,6082,7731,9989,13751,22502,17016,16431,16878,29460,32364,28659,35451,36864,43056,49834,55933,58512,58875,66533
 "08087","Morgan, CO",7,CAINC4,45,"...","Equals: Net earnings by place of residence ","Thousands of dollars",49626,56075,63833,74877,80194,101907,89250,95043,83499,90657,126184,129904,137330,124626,134232,171882,164838,176728,182938,193798,213350,226197,246200,264345,289259,298760,300608,331655,351091,383598,422006,400641,450157,453685,473641,477607,497472,508945,506637,521184,489826,564675,639135,678981,681902,751775,773388,800413,774274,866801,872517,876666,958793,961078
 "08087","Morgan, CO",7,CAINC4,46,"...","Plus: Dividends, interest, and rent 7/","Thousands of dollars",12226,13763,14848,16117,19678,23024,25901,28156,32255,35175,38883,49929,61161,70458,77486,79493,80085,76689,72159,72986,79195,76598,76352,78275,80346,82104,96433,99926,101828,105234,103871,108166,104275,93597,93006,101630,96300,96527,117357,135011,122423,122374,134813,134036,143858,153951,154072,151676,152980,162388,171021,167682,173040,181929
 "08087","Morgan, CO",7,CAINC4,47,"...","Plus: Personal current transfer receipts ","Thousands of dollars",5893,7199,8217,8979,10196,11349,14050,15102,16054,17475,19187,22369,26332,29690,31892,33545,35630,38026,40011,40460,45725,47822,54444,60333,64565,67723,75768,78762,80251,81311,87541,91154,99458,106773,111281,117251,125456,131177,138269,153448,165330,182778,193692,187845,193174,202961,216207,218045,221803,240808,249251,324094,377844,337648
 "08087","Morgan, CO",7,CAINC4,50,"...","Wages and salaries ","Thousands of dollars",25571,30257,33027,36427,42884,46042,46611,57403,61797,69445,80364,103657,113076,111966,119096,123756,116138,114223,116104,123196,128744,138373,160928,172025,186682,212376,225684,233810,249532,261471,272880,284610,305875,321872,330273,331430,345597,362278,382405,394589,402005,419889,467397,455098,464181,518551,519962,525292,554304,616703,629558,648524,676859,711992
 "08087","Morgan, CO",7,CAINC4,60,"...","Supplements to wages and salaries ","Thousands of dollars",2567,3174,3799,4566,5381,6044,6385,8141,9221,10444,12322,15910,17834,18883,21821,23266,22728,23231,24416,26512,29141,32684,38861,44430,49413,53984,54404,55303,58424,58982,64047,66377,73624,77766,84546,86094,89181,90422,92268,94806,102000,107294,110756,109483,115654,128560,121685,123624,127542,138977,139787,143695,143822,152226
 "08087","Morgan, CO",7,CAINC4,61,"..."," Employer contributions for employee pension and insurance funds 8/","Thousands of dollars",1647,2073,2533,3027,3266,3665,4109,5083,5850,6553,7645,9696,10610,11694,13811,14490,14657,15152,16313,17543,19719,22342,26458,31118,34480,37050,37051,37849,40160,42826,46768,48981,53135,53963,59138,60318,62297,62652,63495,64824,72772,76396,73951,73694,79725,88507,81776,83721,85152,93534,93157,95558,95030,97876
 "08087","Morgan, CO",7,CAINC4,62,"..."," Employer contributions for government social insurance ","Thousands of dollars",920,1101,1266,1539,2115,2379,2276,3058,3371,3891,4677,6214,7224,7189,8010,8776,8071,8079,8103,8969,9422,10342,12403,13312,14933,16934,17353,17454,18264,16156,17279,17396,20489,23803,25408,25776,26884,27770,28773,29982,29228,30898,36805,35789,35929,40053,39909,39903,42390,45443,46630,48137,48792,54350
 "08087","Morgan, CO",7,CAINC4,70,"...","Proprietors' income 9/","Thousands of dollars",22926,24383,29204,36809,36463,55225,41950,37276,21731,22347,48254,36967,33624,15356,15053,47952,46008,59015,61057,64077,76429,77094,73480,76599,85062,69275,58559,80531,83216,100375,122502,83934,109350,97489,104814,104516,107424,100928,75363,68636,28167,84254,109867,149622,141395,155370,176689,197712,135492,156844,143726,125722,181486,143733
 "08087","Morgan, CO",7,CAINC4,71,"..."," Farm proprietors' income ","Thousands of dollars",13439,14653,19291,26073,23829,41596,27315,20682,4530,1609,25891,14382,11224,-7733,-9190,19304,16539,28388,28243,30308,39542,45981,42719,43569,48374,31495,17771,35762,27043,36125,52056,24790,51215,34968,42368,44160,53942,50006,30004,26924,-8472,33846,47075,62526,60332,75113,92377,76995,37766,44265,65574,30192,72232,28101
 "08087","Morgan, CO",7,CAINC4,72,"..."," Nonfarm proprietors' income ","Thousands of dollars",9487,9730,9913,10736,12634,13629,14635,16594,17201,20738,22363,22585,22400,23089,24243,28648,29469,30627,32814,33769,36887,31113,30761,33030,36688,37780,40788,44769,56173,64250,70446,59144,58135,62521,62446,60356,53482,50922,45359,41712,36639,50408,62792,87096,81063,80257,84312,120717,97726,112579,78152,95530,109254,115632
 "08087","Morgan, CO",7,CAINC4,7010,"...","Total employment ","Number of jobs",8225,8722,8677,9064,9626,9878,9525,10188,10481,10627,10869,11879,12005,11585,12173,12214,11515,11153,11064,11824,11913,12204,12660,12899,13559,14112,14322,14471,15090,14957,15017,15158,15135,15072,15560,15339,15519,15534,15595,15707,15629,15687,16427,16402,16460,16942,16800,16762,17164,17526,17470,17159,17433,18067
 "08087","Morgan, CO",7,CAINC4,7020,"..."," Wage and salary employment ","Number of jobs",5288,5682,5912,6232,6686,6945,6661,7172,7433,7599,7804,8685,8739,8388,8860,8883,8275,8088,8257,8654,8824,9089,9510,9897,10345,10782,11063,11153,11680,11621,11565,11600,11682,11573,12072,11858,11871,11932,11745,11853,11809,11988,12619,12422,12458,12895,12613,12470,12863,13125,13204,12679,12771,13186
 "08087","Morgan, CO",7,CAINC4,7040,"..."," Proprietors employment ","Number of jobs",2937,3040,2765,2832,2940,2933,2864,3016,3048,3028,3065,3194,3266,3197,3313,3331,3240,3065,2807,3170,3089,3115,3150,3002,3214,3330,3259,3318,3410,3336,3452,3558,3453,3499,3488,3481,3648,3602,3850,3854,3820,3699,3808,3980,4002,4047,4187,4292,4301,4401,4266,4480,4662,4881
 "08089","Otero, CO",7,CAINC4,10,"...","Personal income (thousands of dollars) ","Thousands of dollars",68584,73029,79855,87855,95644,106710,119411,127437,131684,146097,167239,186985,209988,214058,222153,234256,239723,250692,250528,261362,269277,281774,300169,322972,343013,355172,375971,390708,412525,436309,452616,466293,473106,461504,476564,484721,509087,506651,528283,531053,525143,546458,569610,568935,570340,594919,619008,608673,613384,651007,672756,737015,781868,760183
 "08089","Otero, CO",7,CAINC4,11,"..."," Nonfarm personal income 1/","Thousands of dollars",62793,68792,73939,81612,90595,98626,110196,120276,127253,141184,156670,175214,192032,205849,219541,229392,237746,243732,243730,252712,259215,270656,286628,303513,320813,338967,366509,377429,399517,421635,434216,447536,441015,448034,460041,468787,481211,486641,507746,511799,512578,530660,545407,545983,545800,569609,589133,589909,600122,636201,659446,723523,762295,754733
 "08089","Otero, CO",7,CAINC4,12,"..."," Farm income 2/","Thousands of dollars",5791,4237,5916,6243,5049,8084,9215,7161,4431,4913,10569,11771,17956,8209,2612,4864,1977,6960,6798,8650,10062,11118,13541,19459,22200,16205,9462,13279,13008,14674,18400,18757,32091,13470,16523,15934,27876,20010,20537,19254,12565,15798,24203,22952,24540,25310,29875,18764,13262,14806,13310,13492,19573,5450
 "08089","Otero, CO",7,CAINC4,20,"...","Population (persons) 3/","Number of persons",23114,23427,23095,23683,23658,23417,24147,23977,23466,22800,22565,22577,22563,22376,22446,22033,21714,21485,21186,20712,20577,20118,20126,20053,20301,20408,20695,20694,20777,20556,20502,20242,20012,19688,19585,19436,19247,19042,18783,18726,18743,18869,18894,18733,18595,18524,18415,18559,18670,18726,18658,18667,18536,18303
 "08089","Otero, CO",7,CAINC4,30,"...","Per capita personal income (dollars) 4/","Dollars",2967,3117,3458,3710,4043,4557,4945,5315,5612,6408,7411,8282,9307,9566,9897,10632,11040,11668,11825,12619,13086,14006,14914,16106,16896,17404,18167,18880,19855,21225,22077,23036,23641,23441,24333,24939,26450,26607,28126,28359,28018,28961,30148,30371,30672,32116,33614,32797,32854,34765,36057,39482,42181,41533
 "08089","Otero, CO",7,CAINC4,35,"...","Earnings by place of work ","Thousands of dollars",49615,51473,56357,62627,66373,72717,78335,85488,87325,97371,114835,124821,137494,131329,130346,137485,142050,147613,144105,150582,150262,158997,172815,187687,203352,207175,212531,224735,239967,257203,268730,272718,272611,265669,277162,282664,298112,289912,296227,303764,298802,313824,326930,334087,357330,351340,360176,350254,351939,370734,378382,385915,399527,406669
 "08089","Otero, CO",7,CAINC4,36,"...","Less: Contributions for government social insurance 5/","Thousands of dollars",3257,3450,3700,4293,5272,5734,5881,6738,7226,8072,9484,10476,12041,12827,13400,14289,15407,15632,15007,16293,16446,17325,19508,20053,21831,22819,24213,25052,25968,25661,26019,26078,26145,28765,29943,31425,32613,33076,34685,36317,36205,37406,35595,36020,41767,41168,42302,42498,44147,46630,48419,50119,50418,55317
 "08089","Otero, CO",7,CAINC4,37,"..."," Employee and self-employed contributions for government social insurance ","Thousands of dollars",1648,1728,1862,2143,2560,2626,2740,3026,3207,3554,4212,4668,5387,5828,6030,6460,7239,7390,7216,8047,8407,8745,9706,10053,10975,11662,12559,12801,13562,14029,14262,14255,13746,14414,15002,15768,16356,16795,17791,18599,19122,19775,16696,16894,21497,21031,21682,22176,23013,24956,26059,27082,27392,30243
 "08089","Otero, CO",7,CAINC4,38,"..."," Employer contributions for government social insurance ","Thousands of dollars",1609,1722,1838,2150,2712,3108,3141,3712,4019,4518,5272,5808,6654,6999,7370,7829,8168,8242,7791,8246,8039,8580,9802,10000,10856,11157,11654,12251,12406,11632,11757,11823,12399,14351,14941,15657,16257,16281,16894,17718,17083,17631,18899,19126,20270,20137,20620,20322,21134,21674,22360,23037,23026,25074
 "08089","Otero, CO",7,CAINC4,42,"...","Plus: Adjustment for residence 6/","Thousands of dollars",3115,3257,3537,3541,3661,3822,3688,3150,2841,2818,2820,2645,3251,3393,3257,3570,3418,3964,5539,6508,7775,8167,7763,8388,8629,9744,9556,9554,11030,12281,14722,16669,15485,12217,10542,10047,8811,7903,6779,5787,4441,2733,2578,-1213,-18628,-5316,408,1485,2779,-1544,-5786,-3723,-1822,-6688
 "08089","Otero, CO",7,CAINC4,45,"...","Equals: Net earnings by place of residence ","Thousands of dollars",49473,51280,56194,61875,64762,70805,76142,81900,82940,92117,108171,116990,128704,121895,120203,126766,130061,135945,134637,140797,141591,149839,161070,176022,190150,194100,197874,209237,225029,243823,257433,263309,261951,249121,257761,261286,274310,264739,268321,273234,267038,279151,293913,296854,296935,304856,318282,309241,310571,322560,324177,332073,347287,344664
 "08089","Otero, CO",7,CAINC4,46,"...","Plus: Dividends, interest, and rent 7/","Thousands of dollars",10249,11221,12103,12973,15318,17765,21742,22604,24596,27255,29460,36435,43396,50382,56041,59881,60955,62602,60770,63975,65357,65602,63851,62595,63675,65349,70076,73421,77016,78382,73206,78002,77572,65847,66325,66459,67936,67065,77202,94363,84154,82715,86525,83889,83091,85787,86385,88106,89052,94897,102911,105565,99827,103533
 "08089","Otero, CO",7,CAINC4,47,"...","Plus: Personal current transfer receipts ","Thousands of dollars",8862,10528,11558,13007,15564,18140,21527,22933,24148,26725,29608,33560,37888,41781,45909,47609,48707,52145,55121,56590,62329,66333,75248,84355,89188,95723,108021,108050,110480,114104,121977,124982,133583,146536,152478,156976,166841,174847,182760,163456,173951,184592,189172,188192,190314,204276,214341,211326,213761,233550,245668,299377,334754,311986
 "08089","Otero, CO",7,CAINC4,50,"...","Wages and salaries ","Thousands of dollars",35186,37715,39853,44248,48645,50384,53384,60310,63814,70485,80157,87708,93161,95507,96947,99131,104320,102901,100200,102615,101143,105809,114886,118480,125984,132321,143822,152964,158235,167662,170161,176380,175103,182415,188243,190569,192515,194106,202012,212288,210040,214690,218255,223353,242045,237584,242851,240794,251542,263796,276492,284765,290687,306773
 "08089","Otero, CO",7,CAINC4,60,"...","Supplements to wages and salaries ","Thousands of dollars",4003,4435,4872,5856,6575,7307,8077,9343,10322,11542,13393,14875,16439,18026,19501,20656,22646,23327,22862,23053,23754,25790,29116,32173,34661,35914,37199,39132,40084,40693,42645,44006,45777,48521,51500,52738,54186,52658,53035,54943,58107,59537,57959,58737,63597,63867,63906,65336,66412,70745,71605,73327,73819,75571
 "08089","Otero, CO",7,CAINC4,61,"..."," Employer contributions for employee pension and insurance funds 8/","Thousands of dollars",2394,2713,3034,3706,3863,4199,4936,5631,6303,7024,8121,9067,9785,11027,12131,12827,14478,15085,15071,14807,15715,17210,19314,22173,23805,24757,25545,26881,27678,29061,30888,32183,33378,34170,36559,37081,37929,36377,36141,37225,41024,41906,39060,39611,43327,43730,43286,45014,45278,49071,49245,50290,50793,50497
 "08089","Otero, CO",7,CAINC4,62,"..."," Employer contributions for government social insurance ","Thousands of dollars",1609,1722,1838,2150,2712,3108,3141,3712,4019,4518,5272,5808,6654,6999,7370,7829,8168,8242,7791,8246,8039,8580,9802,10000,10856,11157,11654,12251,12406,11632,11757,11823,12399,14351,14941,15657,16257,16281,16894,17718,17083,17631,18899,19126,20270,20137,20620,20322,21134,21674,22360,23037,23026,25074
 "08089","Otero, CO",7,CAINC4,70,"...","Proprietors' income 9/","Thousands of dollars",10426,9323,11632,12523,11153,15026,16874,15835,13189,15344,21285,22238,27894,17796,13898,17698,15084,21385,21043,24914,25365,27398,28813,37034,42707,38940,31510,32639,41648,48848,55924,52332,51731,34733,37419,39357,51411,43148,41180,36533,30655,39597,50716,51997,51688,49889,53419,44124,33985,36193,30285,27823,35021,24325
 "08089","Otero, CO",7,CAINC4,71,"..."," Farm proprietors' income ","Thousands of dollars",3919,2270,4088,4277,2524,5415,6742,4760,1862,1682,6776,7574,13682,3465,-1763,735,-2073,3301,3258,4917,6320,7027,9839,15976,18354,11541,4760,8934,8059,10031,13951,13906,27305,8308,12016,11159,22517,14900,14685,13624,6122,10045,18367,16049,16837,17848,23573,11519,5514,7184,7710,5347,10715,-1995
 "08089","Otero, CO",7,CAINC4,72,"..."," Nonfarm proprietors' income ","Thousands of dollars",6507,7053,7544,8246,8629,9611,10132,11075,11327,13662,14509,14664,14212,14331,15661,16963,17157,18084,17785,19997,19045,20371,18974,21058,24353,27399,26750,23705,33589,38817,41973,38426,24426,26425,25403,28198,28894,28248,26495,22909,24533,29552,32349,35948,34851,32041,29846,32605,28471,29009,22575,22476,24306,26320
 "08089","Otero, CO",7,CAINC4,7010,"...","Total employment ","Number of jobs",9256,9130,9099,9572,10030,10073,9929,10265,10002,9931,10212,10248,10076,9885,9764,9838,9890,9616,9053,9493,9309,9399,9554,9313,9595,9928,10174,10418,10529,10445,10166,10192,9970,9927,9848,9764,9668,9484,9652,9476,9460,9392,9313,9123,9202,8983,8926,9019,9040,9039,9026,8948,9101,9386
 "08089","Otero, CO",7,CAINC4,7020,"..."," Wage and salary employment ","Number of jobs",7377,7245,7276,7689,8011,8004,7846,8188,7938,7921,8164,8111,7962,7773,7621,7674,7777,7575,7177,7292,7159,7237,7311,7187,7356,7611,7886,8120,8192,8124,7946,7907,7628,7628,7591,7527,7409,7193,7120,7034,6973,6924,6819,6731,6859,6641,6664,6683,6774,6813,6861,6702,6766,6942
 "08089","Otero, CO",7,CAINC4,7040,"..."," Proprietors employment ","Number of jobs",1879,1885,1823,1883,2019,2069,2083,2077,2064,2010,2048,2137,2114,2112,2143,2164,2113,2041,1876,2201,2150,2162,2243,2126,2239,2317,2288,2298,2337,2321,2220,2285,2342,2299,2257,2237,2259,2291,2532,2442,2487,2468,2494,2392,2343,2342,2262,2336,2266,2226,2165,2246,2335,2444
 "08091","Ouray, CO",7,CAINC4,10,"...","Personal income (thousands of dollars) ","Thousands of dollars",5267,5810,7643,8333,8985,10566,11813,11380,13824,14198,14363,18043,20295,21816,23446,25081,28456,29049,31770,35497,37246,38109,41832,47736,55852,62052,66870,71905,79859,87860,94592,101348,128904,135169,146669,155822,157619,176049,192367,193237,185874,171830,186306,195438,214131,230415,244755,260245,264536,297976,319438,366759,421317,449771
 "08091","Ouray, CO",7,CAINC4,11,"..."," Nonfarm personal income 1/","Thousands of dollars",4945,5617,6281,7494,8189,9450,11095,11377,12313,13036,14056,17677,20389,21371,23128,25116,28109,29615,32062,35931,37970,38864,42302,48017,56097,62701,67446,72624,80295,88124,94332,100949,127727,134181,146042,154510,156560,175298,191749,193481,185651,171803,185771,195631,213327,228811,242817,258406,262396,295313,317857,363669,419156,447430
 "08091","Ouray, CO",7,CAINC4,12,"..."," Farm income 2/","Thousands of dollars",322,193,1362,839,796,1116,718,3,1511,1162,307,366,-94,445,318,-35,347,-566,-292,-434,-724,-755,-470,-281,-245,-649,-576,-719,-436,-264,260,399,1177,988,627,1312,1059,751,618,-244,223,27,535,-193,804,1604,1938,1839,2140,2663,1581,3090,2161,2341
 "08091","Ouray, CO",7,CAINC4,20,"...","Population (persons) 3/","Number of persons",1559,1537,1541,1526,1671,1718,1833,1979,1934,1982,1988,1944,2022,2108,2069,2197,2102,2091,2211,2237,2260,2309,2438,2508,2718,2926,3129,3226,3323,3470,3622,3775,3787,3872,3880,4003,4055,4090,4250,4405,4395,4454,4410,4482,4515,4525,4547,4715,4724,4730,4885,4881,5059,5100
 "08091","Ouray, CO",7,CAINC4,30,"...","Per capita personal income (dollars) 4/","Dollars",3378,3780,4960,5461,5377,6150,6445,5750,7148,7163,7225,9281,10037,10349,11332,11416,13538,13892,14369,15868,16481,16505,17158,19033,20549,21207,21371,22289,24032,25320,26116,26847,34039,34909,37801,38926,38870,43044,45263,43868,42292,38579,42246,43605,47427,50920,53828,55195,55998,62997,65392,75140,83281,88190
 "08091","Ouray, CO",7,CAINC4,35,"...","Earnings by place of work ","Thousands of dollars",5300,5645,7412,8140,8600,10402,11173,9483,10412,8463,5530,7313,7912,7701,7839,8575,13813,11752,12981,15893,16578,16394,17852,21852,26018,31325,33731,34350,37637,42500,45620,48117,73305,80291,88478,88431,90955,98256,104720,97258,93552,83351,79126,82657,96496,108804,117671,117825,117797,128140,133411,144639,181580,198821
 "08091","Ouray, CO",7,CAINC4,36,"...","Less: Contributions for government social insurance 5/","Thousands of dollars",304,329,382,478,586,755,836,674,617,482,326,479,626,561,576,721,1347,1192,1211,1552,1694,1706,1909,2229,2657,3315,3564,3600,3782,3935,4126,4412,5851,6529,7211,7950,8752,9462,10224,9859,9409,8454,7404,8149,10139,10894,11929,11929,12342,13506,14451,15327,19263,21582
 "08091","Ouray, CO",7,CAINC4,37,"..."," Employee and self-employed contributions for government social insurance ","Thousands of dollars",160,172,194,247,307,377,414,369,341,268,194,277,348,326,327,399,690,644,670,860,968,991,1116,1332,1575,1887,2009,2002,2152,2308,2389,2493,3695,4016,4512,4647,4823,5308,5994,5578,5688,5020,4081,4294,5661,6190,6799,7131,7184,8073,8644,9055,10941,12456
 "08091","Ouray, CO",7,CAINC4,38,"..."," Employer contributions for government social insurance ","Thousands of dollars",144,157,188,231,279,378,422,305,276,214,132,202,278,235,249,322,657,548,541,692,726,715,793,897,1082,1428,1555,1598,1630,1627,1737,1919,2156,2513,2699,3303,3929,4154,4230,4281,3721,3434,3323,3855,4478,4704,5130,4798,5158,5433,5807,6272,8322,9126
 "08091","Ouray, CO",7,CAINC4,42,"...","Plus: Adjustment for residence 6/","Thousands of dollars",-1069,-1156,-1358,-1620,-1757,-2160,-2446,-1713,-732,710,2846,2914,3302,4084,4021,3897,1098,3031,4083,3721,4005,4058,4410,5409,6617,7348,8286,9308,11127,12207,13845,15546,15460,14598,13911,13756,13667,13448,12684,11618,12573,14880,19260,20559,18972,16459,16340,25578,31459,31988,35378,41054,44176,50181
 "08091","Ouray, CO",7,CAINC4,45,"...","Equals: Net earnings by place of residence ","Thousands of dollars",3927,4160,5672,6042,6257,7487,7891,7096,9063,8691,8050,9748,10588,11224,11284,11751,13564,13591,15853,18062,18889,18746,20353,25032,29978,35358,38453,40058,44982,50772,55339,59251,82914,88360,95178,94237,95870,102242,107180,99017,96716,89777,90982,95067,105329,114369,122082,131474,136914,146622,154338,170366,206493,227420
 "08091","Ouray, CO",7,CAINC4,46,"...","Plus: Dividends, interest, and rent 7/","Thousands of dollars",887,1143,1405,1697,1990,2230,2882,3134,3611,4091,4799,6246,7319,7876,9025,10003,11569,11246,11507,13138,14045,14751,16047,16928,19754,20210,21403,24102,26490,28879,30111,32103,34446,33589,36777,45530,45722,55521,64872,70681,65809,56252,67250,70986,77853,83279,86361,88925,86972,106746,117172,132407,145423,159110
 "08091","Ouray, CO",7,CAINC4,47,"...","Plus: Personal current transfer receipts ","Thousands of dollars",453,507,566,594,738,849,1040,1150,1150,1416,1514,2049,2388,2716,3137,3327,3323,4212,4410,4297,4312,4612,5432,5776,6120,6484,7014,7745,8387,8209,9142,9994,11544,13220,14714,16055,16027,18286,20315,23539,23349,25801,28074,29385,30949,32767,36312,39846,40650,44608,47928,63986,69401,63241
 "08091","Ouray, CO",7,CAINC4,50,"...","Wages and salaries ","Thousands of dollars",3745,4101,4514,5564,6078,7144,7978,6921,6210,4721,2917,4370,5311,4745,4698,5507,9447,8223,8766,10552,10695,10489,11405,12588,14578,18701,20852,21646,22242,25210,26954,29985,33128,37726,43998,46626,48945,53129,56088,57942,52731,48548,45151,51188,59330,62384,66493,63033,68479,75199,81337,87309,112901,121820
 "08091","Ouray, CO",7,CAINC4,60,"...","Supplements to wages and salaries ","Thousands of dollars",487,545,620,760,826,1109,1454,1121,1158,855,446,748,1004,790,827,1000,1674,1571,1820,2295,2433,2407,2620,3195,3780,4727,4973,5051,5300,5679,6320,6999,7666,8094,9068,10242,11446,11723,12215,12606,12078,11348,10258,11583,13690,14502,15391,14559,15284,16646,17132,18373,22855,23915
 "08091","Ouray, CO",7,CAINC4,61,"..."," Employer contributions for employee pension and insurance funds 8/","Thousands of dollars",343,388,432,529,547,731,1032,816,882,641,314,546,726,555,578,678,1017,1023,1279,1603,1707,1692,1827,2298,2698,3299,3418,3453,3670,4052,4583,5080,5510,5581,6369,6939,7517,7569,7985,8325,8357,7914,6935,7728,9212,9798,10261,9761,10126,11213,11325,12101,14533,14789
 "08091","Ouray, CO",7,CAINC4,62,"..."," Employer contributions for government social insurance ","Thousands of dollars",144,157,188,231,279,378,422,305,276,214,132,202,278,235,249,322,657,548,541,692,726,715,793,897,1082,1428,1555,1598,1630,1627,1737,1919,2156,2513,2699,3303,3929,4154,4230,4281,3721,3434,3323,3855,4478,4704,5130,4798,5158,5433,5807,6272,8322,9126
 "08091","Ouray, CO",7,CAINC4,70,"...","Proprietors' income 9/","Thousands of dollars",1068,999,2278,1816,1696,2149,1741,1441,3044,2887,2167,2195,1597,2166,2314,2068,2692,1958,2395,3046,3450,3498,3827,6069,7660,7897,7906,7653,10095,11611,12346,11133,32511,34471,35412,31563,30564,33404,36417,26710,28743,23455,23717,19886,23476,31918,35787,40233,34034,36295,34942,38957,45824,53086
 "08091","Ouray, CO",7,CAINC4,71,"..."," Farm proprietors' income ","Thousands of dollars",202,75,1255,723,650,959,552,-173,1309,903,17,55,-399,127,-10,-375,-1,-900,-628,-764,-1036,-1076,-738,-508,-500,-958,-893,-1019,-776,-692,-250,-268,417,72,-330,135,-444,-838,-1376,-2088,-1847,-1785,-1266,-2289,-1542,-655,25,-362,-211,339,-123,601,-551,74
 "08091","Ouray, CO",7,CAINC4,72,"..."," Nonfarm proprietors' income ","Thousands of dollars",866,924,1023,1093,1046,1190,1189,1614,1735,1984,2150,2140,1996,2039,2324,2443,2693,2858,3023,3810,4486,4574,4565,6577,8160,8855,8799,8672,10871,12303,12596,11401,32094,34399,35742,31428,31008,34242,37793,28798,30590,25240,24983,22175,25018,32573,35762,40595,34245,35956,35065,38356,46375,53012
 "08091","Ouray, CO",7,CAINC4,7010,"...","Total employment ","Number of jobs",914,955,972,1078,1126,1203,1219,1017,966,824,728,884,899,890,887,962,1051,1093,1160,1275,1327,1368,1522,1508,1714,1924,1973,2092,2143,2275,2371,2520,2595,2598,2714,2875,3125,3227,3381,3378,3225,3069,3011,3126,3240,3355,3438,3553,3611,3757,3743,3871,4215,4425
 "08091","Ouray, CO",7,CAINC4,7020,"..."," Wage and salary employment ","Number of jobs",687,705,716,812,848,910,920,723,667,525,405,531,558,505,480,527,596,626,696,759,788,794,834,866,957,1115,1141,1154,1175,1231,1278,1380,1445,1445,1462,1599,1762,1806,1840,1839,1640,1555,1452,1543,1686,1718,1793,1765,1866,1969,2018,1967,2219,2298
 "08091","Ouray, CO",7,CAINC4,7040,"..."," Proprietors employment ","Number of jobs",227,250,256,266,278,293,299,294,299,299,323,353,341,385,407,435,455,467,464,516,539,574,688,642,757,809,832,938,968,1044,1093,1140,1150,1153,1252,1276,1363,1421,1541,1539,1585,1514,1559,1583,1554,1637,1645,1788,1745,1788,1725,1904,1996,2127
 "08093","Park, CO",7,CAINC4,10,"...","Personal income (thousands of dollars) ","Thousands of dollars",7622,9393,11196,15769,16293,19286,21629,23238,28157,34804,43089,54072,63038,71888,80210,86169,91616,96204,102554,110594,119703,127493,136966,156786,181572,213775,244400,278290,306263,335886,382971,438958,469332,466434,476470,492683,510566,523674,539818,561881,534259,527636,568329,571929,583164,605949,662676,726437,768475,796088,862789,941577,1030432,1098411
 "08093","Park, CO",7,CAINC4,11,"..."," Nonfarm personal income 1/","Thousands of dollars",7594,8298,10955,14280,16784,18712,20795,23969,28051,35053,43622,54178,63413,71978,80875,87523,93010,98266,103512,111228,120160,127693,136720,156246,181067,214109,244878,279003,307071,336542,383347,439303,469994,466624,476660,492077,510276,524045,539918,564202,535872,529689,569738,575065,585450,607479,662581,727130,769141,796492,863402,941799,1031472,1099775
 "08093","Park, CO",7,CAINC4,12,"..."," Farm income 2/","Thousands of dollars",28,1095,241,1489,-491,574,834,-731,106,-249,-533,-106,-375,-90,-665,-1354,-1394,-2062,-958,-634,-457,-200,246,540,505,-334,-478,-713,-808,-656,-376,-345,-662,-190,-190,606,290,-371,-100,-2321,-1613,-2053,-1409,-3136,-2286,-1530,95,-693,-666,-404,-613,-222,-1040,-1364
 "08093","Park, CO",7,CAINC4,20,"...","Population (persons) 3/","Number of persons",2126,2229,2318,2786,2947,2988,3254,3348,3541,4001,4550,5419,5755,6048,6287,6434,6535,6721,6823,6881,7035,7215,7655,7979,8418,9384,10452,11518,12437,13154,13987,14670,15255,15760,16024,16130,16204,16230,16445,16394,16098,16245,15895,15756,15761,15825,16028,16497,16892,17358,17492,17419,17758,17939
 "08093","Park, CO",7,CAINC4,30,"...","Per capita personal income (dollars) 4/","Dollars",3585,4214,4830,5660,5529,6454,6647,6941,7952,8699,9470,9978,10954,11886,12758,13393,14019,14314,15031,16072,17015,17671,17892,19650,21569,22781,23383,24161,24625,25535,27380,29922,30766,29596,29735,30545,31509,32266,32826,34274,33188,32480,35755,36299,37000,38291,41345,44034,45493,45863,49325,54055,58026,61230
 "08093","Park, CO",7,CAINC4,35,"...","Earnings by place of work ","Thousands of dollars",3469,4738,4992,7743,6417,7595,7524,6914,9150,11373,12812,15703,17610,20050,22478,21450,20836,21494,24557,28488,28633,29585,30902,35294,41178,51133,58070,60840,65366,77643,92280,104005,117836,125744,124674,127259,133154,140221,144460,139167,132126,132221,131701,135589,138600,146064,163414,178784,184411,198904,200657,210262,232090,255227
 "08093","Park, CO",7,CAINC4,36,"...","Less: Contributions for government social insurance 5/","Thousands of dollars",145,150,201,312,392,412,346,379,506,693,850,1019,1286,1550,1850,1790,1760,1877,2024,2398,2592,2680,2908,3182,3808,4912,5723,5879,6268,6720,7771,8721,9533,10347,10440,11230,12331,13307,14183,14051,13602,13627,12637,13392,14670,15540,17391,19494,20442,22441,23281,24663,27227,31171
 "08093","Park, CO",7,CAINC4,37,"..."," Employee and self-employed contributions for government social insurance ","Thousands of dollars",96,100,131,188,235,249,212,225,286,368,458,559,691,826,962,956,999,1107,1189,1446,1533,1634,1770,1987,2344,3035,3396,3494,3703,4152,4861,5381,6057,6292,6366,6770,7334,7993,8624,8505,8720,8732,7443,7871,9175,9692,10974,12497,13117,14802,15419,16155,17506,20053
 "08093","Park, CO",7,CAINC4,38,"..."," Employer contributions for government social insurance ","Thousands of dollars",49,50,70,124,157,163,134,154,220,325,392,460,595,724,888,834,761,770,835,952,1059,1046,1138,1195,1464,1877,2327,2385,2565,2568,2910,3340,3476,4055,4074,4460,4997,5314,5559,5546,4882,4895,5194,5521,5495,5848,6417,6997,7325,7639,7862,8508,9721,11118
 "08093","Park, CO",7,CAINC4,42,"...","Plus: Adjustment for residence 6/","Thousands of dollars",1955,1918,2943,4266,5410,6566,8160,10072,12269,15265,19605,24531,28852,32328,35912,41197,45373,48383,51139,54951,59819,66084,71799,83507,98185,114458,131426,154440,174860,187483,214858,250961,259764,248518,251480,259110,267789,266565,262476,261994,230970,214479,223108,233807,240338,242781,258623,281650,310447,311689,339627,365667,381126,423173
 "08093","Park, CO",7,CAINC4,45,"...","Equals: Net earnings by place of residence ","Thousands of dollars",5279,6506,7734,11697,11435,13749,15338,16607,20913,25945,31567,39215,45176,50828,56540,60857,64449,68000,73672,81041,85860,92989,99793,115619,135555,160679,183773,209401,233958,258406,299367,346245,368067,363915,365714,375139,388612,393479,392753,387110,349494,333073,342172,356004,364268,373305,404646,440940,474416,488152,517003,551266,585989,647229
 "08093","Park, CO",7,CAINC4,46,"...","Plus: Dividends, interest, and rent 7/","Thousands of dollars",1693,2121,2617,3132,3803,4337,4620,4822,5312,6790,8751,11165,13421,15676,17381,18890,20504,21104,21291,21604,25182,24746,25989,27791,31417,37211,42841,48818,51366,55464,59297,65802,70502,66756,71386,76908,77456,79571,91972,106682,110461,108452,135553,125354,123023,129579,139954,155878,162759,163647,189096,188592,220530,246504
 "08093","Park, CO",7,CAINC4,47,"...","Plus: Personal current transfer receipts ","Thousands of dollars",650,766,845,940,1055,1200,1671,1809,1932,2069,2771,3692,4441,5384,6289,6422,6663,7100,7591,7949,8661,9758,11184,13376,14600,15885,17786,20071,20939,22016,24307,26911,30763,35763,39370,40636,44498,50624,55093,68089,74304,86111,90604,90571,95873,103065,118076,129619,131300,144289,156690,201719,223913,204678
 "08093","Park, CO",7,CAINC4,50,"...","Wages and salaries ","Thousands of dollars",2030,2110,2746,3722,4193,4213,3656,4048,5179,6938,8006,9570,11494,13391,15165,14254,13652,14012,15580,16643,17963,17455,18432,19165,22015,26678,32405,34008,36847,42899,48176,55426,58141,61221,61218,65188,72529,77683,80442,81704,73525,74846,75592,80095,80555,84048,93206,100280,105314,112243,116647,126209,143598,160025
 "08093","Park, CO",7,CAINC4,60,"...","Supplements to wages and salaries ","Thousands of dollars",212,224,329,468,509,529,540,600,787,1070,1289,1645,2086,2699,3178,2825,2757,2854,3182,3543,4097,4214,4553,5427,6304,7567,8727,8825,9475,10408,11615,13378,14428,15446,15832,16821,18580,19252,19919,20185,19696,19705,18744,19290,19648,21165,22369,24191,24734,26421,26649,28237,30864,32889
 "08093","Park, CO",7,CAINC4,61,"..."," Employer contributions for employee pension and insurance funds 8/","Thousands of dollars",163,174,259,344,352,366,406,446,567,745,897,1185,1491,1975,2290,1991,1996,2084,2347,2591,3038,3168,3415,4232,4840,5690,6400,6440,6910,7840,8705,10038,10952,11391,11758,12361,13583,13938,14360,14639,14814,14810,13550,13769,14153,15317,15952,17194,17409,18782,18787,19729,21143,21771
 "08093","Park, CO",7,CAINC4,62,"..."," Employer contributions for government social insurance ","Thousands of dollars",49,50,70,124,157,163,134,154,220,325,392,460,595,724,888,834,761,770,835,952,1059,1046,1138,1195,1464,1877,2327,2385,2565,2568,2910,3340,3476,4055,4074,4460,4997,5314,5559,5546,4882,4895,5194,5521,5495,5848,6417,6997,7325,7639,7862,8508,9721,11118
 "08093","Park, CO",7,CAINC4,70,"...","Proprietors' income 9/","Thousands of dollars",1227,2404,1917,3553,1715,2853,3328,2266,3184,3365,3517,4488,4030,3960,4135,4371,4427,4628,5795,8302,6573,7916,7917,10702,12859,16888,16938,18007,19044,24336,32489,35201,45267,49077,47624,45250,42045,43286,44099,37278,38905,37670,37365,36204,38397,40851,47839,54313,54363,60240,57361,55816,57628,62313
 "08093","Park, CO",7,CAINC4,71,"..."," Farm proprietors' income ","Thousands of dollars",-213,870,53,1306,-708,369,640,-926,-107,-511,-809,-379,-630,-343,-903,-1584,-1629,-2276,-1166,-847,-667,-424,47,355,307,-561,-712,-921,-1043,-941,-703,-775,-1140,-752,-716,6,-408,-1074,-945,-3071,-2393,-2684,-1994,-3762,-2985,-2212,-477,-1348,-1369,-1089,-1118,-950,-1830,-2034
 "08093","Park, CO",7,CAINC4,72,"..."," Nonfarm proprietors' income ","Thousands of dollars",1440,1534,1864,2247,2423,2484,2688,3192,3291,3876,4326,4867,4660,4303,5038,5955,6056,6904,6961,9149,7240,8340,7870,10347,12552,17449,17650,18928,20087,25277,33192,35976,46407,49829,48340,45244,42453,44360,45044,40349,41298,40354,39359,39966,41382,43063,48316,55661,55732,61329,58479,56766,59458,64347
 "08093","Park, CO",7,CAINC4,7010,"...","Total employment ","Number of jobs",651,662,793,955,991,994,936,971,1136,1290,1409,1599,1706,1947,2039,2092,2106,2166,2197,2136,2125,2084,2215,2419,2760,3361,3656,3865,4286,4723,4891,5195,4936,4986,5084,5286,5435,5592,5919,5772,5485,5320,5340,5227,5235,5325,5441,5817,5983,6246,6072,6085,6462,6819
 "08093","Park, CO",7,CAINC4,7020,"..."," Wage and salary employment ","Number of jobs",428,424,500,661,688,668,583,597,702,804,834,916,1005,1079,1088,1047,1003,1009,1041,1057,1106,1060,1103,1154,1292,1539,1796,1825,1899,2028,2096,2300,2293,2308,2283,2360,2505,2623,2732,2692,2459,2434,2376,2400,2389,2459,2553,2678,2716,2771,2787,2752,2948,3104
 "08093","Park, CO",7,CAINC4,7040,"..."," Proprietors employment ","Number of jobs",223,238,293,294,303,326,353,374,434,486,575,683,701,868,951,1045,1103,1157,1156,1079,1019,1024,1112,1265,1468,1822,1860,2040,2387,2695,2795,2895,2643,2678,2801,2926,2930,2969,3187,3080,3026,2886,2964,2827,2846,2866,2888,3139,3267,3475,3285,3333,3514,3715
 "08095","Phillips, CO",7,CAINC4,10,"...","Personal income (thousands of dollars) ","Thousands of dollars",16585,21248,19030,24312,31248,43892,38289,31400,32135,31273,33705,42230,51956,53011,59188,59241,59032,66648,64871,73919,75137,79813,81151,83479,84997,81620,77973,95506,100327,104492,105894,114817,123311,106685,114786,111915,113374,107635,135592,146437,150734,160970,189517,178366,169094,167661,163796,181661,171097,179668,188236,198022,231109,213977
 "08095","Phillips, CO",7,CAINC4,11,"..."," Nonfarm personal income 1/","Thousands of dollars",12792,13751,14775,16462,18304,20049,23301,25002,27207,29659,32460,38552,43450,48046,51479,54320,54314,55597,52964,55207,60154,61438,61616,63842,65291,66825,69086,72585,75879,77946,81980,85782,88067,92935,92878,93400,94899,96773,106674,120361,128558,132110,140197,140438,144500,151348,155329,164931,162780,177972,173837,196147,207697,211107
 "08095","Phillips, CO",7,CAINC4,12,"..."," Farm income 2/","Thousands of dollars",3793,7497,4255,7850,12944,23843,14988,6398,4928,1614,1245,3678,8506,4965,7709,4921,4718,11051,11907,18712,14983,18375,19535,19637,19706,14795,8887,22921,24448,26546,23914,29035,35244,13750,21908,18515,18475,10862,28918,26076,22176,28860,49320,37928,24594,16313,8467,16730,8317,1696,14399,1875,23412,2870
 "08095","Phillips, CO",7,CAINC4,20,"...","Population (persons) 3/","Number of persons",4171,4086,3933,4013,4034,3991,4273,4418,4405,4356,4420,4539,4519,4620,4671,4588,4444,4328,4269,4235,4202,4199,4206,4205,4289,4330,4465,4516,4523,4545,4521,4455,4456,4497,4415,4475,4467,4414,4378,4349,4359,4475,4422,4454,4435,4462,4411,4406,4455,4475,4508,4531,4508,4449
 "08095","Phillips, CO",7,CAINC4,30,"...","Per capita personal income (dollars) 4/","Dollars",3976,5200,4839,6058,7746,10998,8961,7107,7295,7179,7626,9304,11497,11474,12671,12912,13284,15399,15196,17454,17881,19008,19294,19852,19817,18850,17463,21148,22182,22991,23423,25773,27673,23724,25999,25009,25380,24385,30971,33671,34580,35971,42858,40046,38127,37575,37134,41230,38406,40149,41756,43704,51266,48096
 "08095","Phillips, CO",7,CAINC4,35,"...","Earnings by place of work ","Thousands of dollars",10751,14733,12107,16901,22495,34305,26418,19170,18551,16785,17772,22138,27982,26404,29605,28204,27818,34856,34439,43294,40927,45981,47694,50148,53060,50553,46466,62227,67398,72631,75014,82945,89020,71522,79353,75488,76774,70199,92734,93422,97856,108320,131689,128088,118646,113105,107787,126231,114872,118360,121855,118182,140609,130098
 "08095","Phillips, CO",7,CAINC4,36,"...","Less: Contributions for government social insurance 5/","Thousands of dollars",366,394,420,501,631,742,796,891,983,1086,1271,1436,1660,1872,1904,2116,2190,2293,2201,2542,2864,3076,3292,3495,3874,4254,4449,4496,4814,4564,4954,5033,5158,5644,5764,5929,6178,6121,6874,7354,8202,8422,7970,8551,9739,9877,9968,10715,10766,11298,11095,12175,11962,13712
 "08095","Phillips, CO",7,CAINC4,37,"..."," Employee and self-employed contributions for government social insurance ","Thousands of dollars",226,235,252,301,360,415,445,465,511,558,654,758,866,1002,996,1108,1195,1268,1203,1423,1617,1664,1777,1881,2079,2202,2357,2398,2572,2623,2804,2875,2897,3063,3083,3164,3346,3372,3862,4054,4710,4851,4088,4316,5171,5193,5408,5977,5783,6438,6190,6907,6850,7760
 "08095","Phillips, CO",7,CAINC4,38,"..."," Employer contributions for government social insurance ","Thousands of dollars",140,159,168,200,271,327,351,426,472,528,617,678,794,870,908,1008,995,1025,998,1119,1247,1412,1515,1614,1795,2052,2092,2098,2242,1941,2150,2158,2261,2581,2681,2765,2832,2749,3012,3300,3492,3571,3882,4235,4568,4684,4560,4738,4983,4860,4905,5268,5112,5952
 "08095","Phillips, CO",7,CAINC4,42,"...","Plus: Adjustment for residence 6/","Thousands of dollars",385,469,474,439,419,388,306,231,117,-70,-237,-448,-350,-383,-329,-241,-119,-12,135,210,209,282,144,2,-205,-478,-655,-751,-1079,-1227,-1387,-1736,-1069,-919,-613,-366,155,461,1040,1080,-213,-2340,-3515,-4898,-6105,-6254,-6867,-6881,-7391,-7831,-7858,-7660,-7571,-10158
 "08095","Phillips, CO",7,CAINC4,45,"...","Equals: Net earnings by place of residence ","Thousands of dollars",10770,14808,12161,16839,22283,33951,25928,18510,17685,15629,16264,20254,25972,24149,27372,25847,25509,32551,32373,40962,38272,43187,44546,46655,48981,45821,41362,56980,61505,66840,68673,76176,82793,64959,72976,69193,70751,64539,86900,87148,89441,97558,120204,114639,102802,96974,90952,108635,96715,99231,102902,98347,121076,106228
 "08095","Phillips, CO",7,CAINC4,46,"...","Plus: Dividends, interest, and rent 7/","Thousands of dollars",4222,4573,4788,5219,6342,6967,8860,9217,10457,11287,12581,16175,19224,21315,23705,24508,24235,24396,22573,23202,25401,25036,24711,23662,22565,22073,21527,22898,23328,22409,21064,22750,23209,21486,21289,20882,20221,18845,22989,29654,28165,26238,31964,29632,31977,32931,33782,33781,33506,36030,37624,38402,41925,44623
 "08095","Phillips, CO",7,CAINC4,47,"...","Plus: Personal current transfer receipts ","Thousands of dollars",1593,1867,2081,2254,2623,2974,3501,3673,3993,4357,4860,5801,6760,7547,8111,8886,9288,9701,9925,9755,11464,11590,11894,13162,13451,13726,15084,15628,15494,15243,16157,15891,17309,20240,20521,21840,22402,24251,25703,29635,33128,37174,37349,34095,34315,37756,39062,39245,40876,44407,47710,61273,68108,63126
 "08095","Phillips, CO",7,CAINC4,50,"...","Wages and salaries ","Thousands of dollars",4413,5013,5119,5614,6513,7266,7969,8618,9441,10612,11922,13235,14525,15921,15933,16629,16389,16455,16222,17306,18493,20076,20629,21703,23492,26562,28161,28988,31642,32501,34105,37296,37393,39866,39417,40001,41897,41047,44207,46398,51362,53045,55381,60782,64215,65517,65976,66525,68774,70299,71402,75804,76131,79640
 "08095","Phillips, CO",7,CAINC4,60,"...","Supplements to wages and salaries ","Thousands of dollars",461,530,598,735,828,954,1099,1270,1452,1639,1852,2093,2340,2633,2833,3018,3132,3309,3279,3598,4115,4709,5066,5845,6425,7144,7266,7425,7906,7830,8782,9524,10167,10695,11049,11444,11736,11738,12135,12664,14215,14472,14338,15149,16253,17288,17092,17643,17952,18503,18436,19640,19376,19919
 "08095","Phillips, CO",7,CAINC4,61,"..."," Employer contributions for employee pension and insurance funds 8/","Thousands of dollars",321,371,430,535,557,627,748,844,980,1111,1235,1415,1546,1763,1925,2010,2137,2284,2281,2479,2868,3297,3551,4231,4630,5092,5174,5327,5664,5889,6632,7366,7906,8114,8368,8679,8904,8989,9123,9364,10723,10901,10456,10914,11685,12604,12532,12905,12969,13643,13531,14372,14264,13967
 "08095","Phillips, CO",7,CAINC4,62,"..."," Employer contributions for government social insurance ","Thousands of dollars",140,159,168,200,271,327,351,426,472,528,617,678,794,870,908,1008,995,1025,998,1119,1247,1412,1515,1614,1795,2052,2092,2098,2242,1941,2150,2158,2261,2581,2681,2765,2832,2749,3012,3300,3492,3571,3882,4235,4568,4684,4560,4738,4983,4860,4905,5268,5112,5952
 "08095","Phillips, CO",7,CAINC4,70,"...","Proprietors' income 9/","Thousands of dollars",5877,9190,6390,10552,15154,26085,17350,9282,7658,4534,3998,6810,11117,7850,10839,8557,8297,15092,14938,22390,18319,21196,21999,22600,23143,16847,11039,25814,27850,32300,32127,36125,41460,20961,28887,24043,23141,17414,36392,34360,32279,40803,61970,52157,38178,30300,24719,42063,28146,29558,32017,22738,45102,30539
 "08095","Phillips, CO",7,CAINC4,71,"..."," Farm proprietors' income ","Thousands of dollars",3295,6846,3550,7004,11742,22478,13594,4929,3250,-620,-1288,948,5765,1980,5046,2517,2475,9129,10153,16591,12582,15454,16620,16638,16038,9915,3483,17498,17773,20536,18413,23274,29827,8178,17341,13984,13703,6613,24377,21176,16009,22897,42877,29862,15579,7630,1107,8267,-736,-7254,7837,-7701,12969,-5853
 "08095","Phillips, CO",7,CAINC4,72,"..."," Nonfarm proprietors' income ","Thousands of dollars",2582,2344,2840,3548,3412,3607,3756,4353,4408,5154,5286,5862,5352,5870,5793,6040,5822,5963,4785,5799,5737,5742,5379,5962,7105,6932,7556,8316,10077,11764,13714,12851,11633,12783,11546,10059,9438,10801,12015,13184,16270,17906,19093,22295,22599,22670,23612,33796,28882,36812,24180,30439,32133,36392
 "08095","Phillips, CO",7,CAINC4,7010,"...","Total employment ","Number of jobs",2110,2128,2097,2117,2136,2259,2262,2189,2232,2282,2281,2365,2371,2352,2412,2423,2331,2317,2164,2379,2384,2368,2264,2257,2387,2563,2500,2609,2791,2774,2733,2789,2679,2642,2586,2522,2521,2479,2549,2630,2693,2718,2708,2761,2881,2918,2883,2829,2890,2958,2985,2938,2936,3065
 "08095","Phillips, CO",7,CAINC4,7020,"..."," Wage and salary employment ","Number of jobs",1089,1154,1121,1119,1155,1229,1250,1231,1279,1337,1340,1401,1422,1388,1423,1427,1370,1394,1310,1390,1413,1468,1399,1419,1501,1598,1584,1647,1772,1727,1743,1770,1719,1676,1699,1625,1632,1582,1567,1602,1660,1686,1677,1700,1785,1826,1801,1784,1812,1783,1809,1730,1708,1782
 "08095","Phillips, CO",7,CAINC4,7040,"..."," Proprietors employment ","Number of jobs",1021,974,976,998,981,1030,1012,958,953,945,941,964,949,964,989,996,961,923,854,989,971,900,865,838,886,965,916,962,1019,1047,990,1019,960,966,887,897,889,897,982,1028,1033,1032,1031,1061,1096,1092,1082,1045,1078,1175,1176,1208,1228,1283
 "08097","Pitkin, CO",7,CAINC4,10,"...","Personal income (thousands of dollars) ","Thousands of dollars",30781,35977,43521,54029,65611,74146,81224,92671,105318,129341,158619,176060,207761,224939,225722,245219,247072,266848,275352,331938,367271,409776,436916,516612,562574,626047,665714,747431,820718,937457,991529,1159996,1187731,1183451,1247061,1299795,1472605,1664034,1918302,1959096,1520858,1507260,1590969,1880459,1767881,2156583,2277639,2371331,2409100,2669187,3056723,2986019,3388439,3670234
 "08097","Pitkin, CO",7,CAINC4,11,"..."," Nonfarm personal income 1/","Thousands of dollars",30585,35846,43537,53646,65217,73926,80591,92382,105225,129625,158363,175809,207506,224868,225594,245287,247603,267575,275917,332343,367633,410001,436921,516545,562629,626515,666351,748257,821667,938164,992054,1160675,1187923,1183893,1247567,1299851,1472424,1664119,1917886,1959281,1520655,1507414,1590329,1880567,1767969,2156724,2277496,2371547,2409323,2669824,3057310,2986681,3388702,3672148
 "08097","Pitkin, CO",7,CAINC4,12,"..."," Farm income 2/","Thousands of dollars",196,131,-16,383,394,220,633,289,93,-284,256,251,255,71,128,-68,-531,-727,-565,-405,-362,-225,-5,67,-55,-468,-637,-826,-949,-707,-525,-679,-192,-442,-506,-56,181,-85,416,-185,203,-154,640,-108,-88,-141,143,-216,-223,-637,-587,-662,-263,-1914
 "08097","Pitkin, CO",7,CAINC4,20,"...","Population (persons) 3/","Number of persons",5876,6330,7032,7528,8164,8545,9086,10022,10630,11152,10682,10350,10374,10662,10936,10744,10697,11100,11528,12037,12337,12758,12877,13230,13896,14339,14603,14519,14920,14886,15081,14817,15013,15098,15217,15220,15399,15504,15814,16454,17008,17143,17111,17182,17299,17498,17673,17664,17628,17611,17398,17354,17350,16876
 "08097","Pitkin, CO",7,CAINC4,30,"...","Per capita personal income (dollars) 4/","Dollars",5238,5684,6189,7177,8037,8677,8939,9247,9908,11598,14849,17011,20027,21097,20640,22824,23097,24040,23885,27576,29770,32119,33930,39049,40485,43660,45587,51480,55008,62976,65747,78288,79114,78385,81952,85400,95630,107329,121304,119065,89420,87923,92979,109444,102196,123247,128877,134247,136663,151564,175694,172065,195299,217482
 "08097","Pitkin, CO",7,CAINC4,35,"...","Earnings by place of work ","Thousands of dollars",27287,29082,33050,42933,54768,61123,67337,79574,92733,113992,157849,173392,197211,208447,210245,233294,237208,251254,259368,311567,351653,383059,378772,442970,472160,509620,534958,577549,631975,698791,756806,942476,892974,903399,913774,947866,1028826,1064007,1130564,1077280,827907,792758,795601,844302,970504,1116384,1174193,1263701,1295686,1366501,1416595,1389065,1510476,1744435
 "08097","Pitkin, CO",7,CAINC4,36,"...","Less: Contributions for government social insurance 5/","Thousands of dollars",1644,1696,1926,2702,4056,4634,4972,5988,6903,8775,13050,14705,18256,19674,19617,22503,23733,25444,26170,32706,37212,41973,42052,47996,52398,57676,59271,62762,67711,68440,73088,87672,86192,90287,91745,99466,110304,114389,120091,125999,109569,101705,93598,96510,111656,123108,128526,133844,134362,141755,147660,143877,158058,189645
 "08097","Pitkin, CO",7,CAINC4,37,"..."," Employee and self-employed contributions for government social insurance ","Thousands of dollars",864,901,1032,1406,2096,2423,2577,3000,3514,4342,6480,7336,9147,9962,9836,11075,12041,13045,13292,16446,18978,21119,21789,25240,26573,28700,30153,32199,35001,37410,39889,50310,46774,46899,47726,50516,55407,57723,61642,64406,57479,51098,39728,40209,55273,60478,64344,68861,69198,74380,77501,74918,81314,97975
 "08097","Pitkin, CO",7,CAINC4,38,"..."," Employer contributions for government social insurance ","Thousands of dollars",780,795,894,1296,1960,2211,2395,2988,3389,4433,6570,7369,9109,9712,9781,11428,11692,12399,12878,16260,18234,20854,20263,22756,25825,28976,29118,30563,32710,31030,33199,37362,39418,43388,44019,48950,54897,56666,58449,61593,52090,50607,53870,56301,56383,62630,64182,64983,65164,67375,70159,68959,76744,91670
 "08097","Pitkin, CO",7,CAINC4,42,"...","Plus: Adjustment for residence 6/","Thousands of dollars",-5032,-4402,-3486,-5113,-6829,-7395,-7394,-8761,-10477,-13353,-31359,-34335,-36257,-35166,-35547,-46103,-49241,-49503,-51803,-64901,-73514,-86659,-78618,-92903,-104074,-119976,-123073,-135374,-149245,-165264,-182572,-251000,-222031,-225621,-226782,-248240,-279462,-299826,-299776,-319005,-251859,-232893,-217212,-208787,-238504,-236372,-263578,-287456,-283588,-327357,-315251,-177753,-279515,-392545
 "08097","Pitkin, CO",7,CAINC4,45,"...","Equals: Net earnings by place of residence ","Thousands of dollars",20611,22984,27638,35118,43883,49094,54971,64825,75353,91864,113440,124352,142698,153607,155081,164688,164234,176307,181395,213960,240927,254427,258102,302071,315688,331968,352614,379413,415019,465087,501146,603804,584751,587491,595247,600160,639060,649792,710697,632276,466479,458160,484791,539005,620344,756904,782089,842401,877736,897389,953684,1067435,1072903,1162245
 "08097","Pitkin, CO",7,CAINC4,46,"...","Plus: Dividends, interest, and rent 7/","Thousands of dollars",9454,12049,14657,17532,19985,23019,23254,24395,25997,33733,41350,47631,59917,65279,64274,73926,75958,83237,86004,109624,116594,144671,167228,200991,232559,279625,296088,349705,387654,454341,470740,533638,576144,565645,619482,664305,793679,970585,1161905,1270790,992456,976323,1030345,1264229,1067167,1313433,1394746,1418737,1419564,1651268,1974277,1716431,2122428,2343571
 "08097","Pitkin, CO",7,CAINC4,47,"...","Plus: Personal current transfer receipts ","Thousands of dollars",716,944,1226,1379,1743,2033,2999,3451,3968,3744,3829,4077,5146,6053,6367,6605,6880,7304,7953,8354,9750,10678,11586,13550,14327,14454,17012,18313,18045,18029,19643,22554,26836,30315,32332,35330,39866,43657,45700,56030,61923,72777,75833,77225,80370,86246,100804,110193,111800,120530,128762,202153,193108,164418
 "08097","Pitkin, CO",7,CAINC4,50,"...","Wages and salaries ","Thousands of dollars",19294,20420,22311,29243,38354,42794,46372,55689,62988,78078,111207,125817,144884,154078,151743,166677,171846,178537,186386,226020,252031,282201,272008,308776,335109,375665,384224,413415,444297,483916,520736,694096,609014,605876,618753,651874,704146,754521,809644,844326,723728,697491,711500,747195,773011,835761,858865,893630,914499,958036,1009556,1005331,1143204,1341560
 "08097","Pitkin, CO",7,CAINC4,60,"...","Supplements to wages and salaries ","Thousands of dollars",1620,1795,2048,2901,3893,4428,5129,6255,7327,9496,15955,18096,21155,23067,23799,26667,28051,30430,31965,37948,44116,51648,50019,58861,65820,71401,70043,74065,80001,82917,89653,104549,106657,107717,111626,119253,129158,130059,135067,141544,132219,125145,122412,129266,134720,149013,149130,153468,155324,164867,169459,166531,182336,199151
 "08097","Pitkin, CO",7,CAINC4,61,"..."," Employer contributions for employee pension and insurance funds 8/","Thousands of dollars",840,1000,1154,1605,1933,2217,2734,3267,3938,5063,9385,10727,12046,13355,14018,15239,16359,18031,19087,21688,25882,30794,29756,36105,39995,42425,40925,43502,47291,51887,56454,67187,67239,64329,67607,70303,74261,73393,76618,79951,80129,74538,68542,72965,78337,86383,84948,88485,90160,97492,99300,97572,105592,107481
 "08097","Pitkin, CO",7,CAINC4,62,"..."," Employer contributions for government social insurance ","Thousands of dollars",780,795,894,1296,1960,2211,2395,2988,3389,4433,6570,7369,9109,9712,9781,11428,11692,12399,12878,16260,18234,20854,20263,22756,25825,28976,29118,30563,32710,31030,33199,37362,39418,43388,44019,48950,54897,56666,58449,61593,52090,50607,53870,56301,56383,62630,64182,64983,65164,67375,70159,68959,76744,91670
 "08097","Pitkin, CO",7,CAINC4,70,"...","Proprietors' income 9/","Thousands of dollars",6373,6867,8691,10789,12521,13901,15836,17630,22418,26418,30687,29479,31172,31302,34703,39950,37311,42287,41017,47599,55506,49210,56745,75333,71231,62554,80691,90069,107677,131958,146417,143831,177303,189806,183395,176739,195522,179427,185853,91410,-28040,-29878,-38311,-32159,62773,131610,166198,216603,225863,243598,237580,217203,184936,203724
 "08097","Pitkin, CO",7,CAINC4,71,"..."," Farm proprietors' income ","Thousands of dollars",196,131,-16,383,394,220,570,164,-100,-570,-18,-3,36,-126,-64,-243,-694,-863,-682,-556,-541,-450,-232,-158,-295,-741,-908,-1062,-1202,-1040,-922,-1209,-792,-1177,-1154,-744,-598,-833,-449,-1121,-973,-1289,-586,-1642,-1803,-1796,-1257,-1828,-1947,-2336,-1832,-2477,-2239,-3570
 "08097","Pitkin, CO",7,CAINC4,72,"..."," Nonfarm proprietors' income ","Thousands of dollars",6177,6736,8707,10406,12127,13681,15266,17466,22518,26988,30705,29482,31136,31428,34767,40193,38005,43150,41699,48155,56047,49660,56977,75491,71526,63295,81599,91131,108879,132998,147339,145040,178095,190983,184549,177483,196120,180260,186302,92531,-27067,-28589,-37725,-30517,64576,133406,167455,218431,227810,245934,239412,219680,187175,207294
 "08097","Pitkin, CO",7,CAINC4,7010,"...","Total employment ","Number of jobs",4036,4463,4812,6004,7413,7988,8332,9174,9227,10523,11533,11934,12411,12516,12305,13106,13602,14324,14415,15517,16452,17365,16462,16798,18282,19034,19460,20113,20886,20915,20739,21393,21790,21429,21387,21996,22796,23316,23662,24453,22863,22309,22514,22812,23356,24276,23612,24386,24604,24777,24626,23820,24801,26501
 "08097","Pitkin, CO",7,CAINC4,7020,"..."," Wage and salary employment ","Number of jobs",3302,3554,3762,4773,5884,6205,6341,6962,6960,8282,9297,9640,9988,10109,9787,10102,10166,10447,10302,11642,12574,13565,12571,13031,14329,15223,15253,15717,16369,16662,16464,16855,16997,16567,16478,16851,17424,17861,17820,18345,16571,15953,16018,16199,16576,17406,16710,16913,17167,17416,17713,16009,16605,17592
 "08097","Pitkin, CO",7,CAINC4,7040,"..."," Proprietors employment ","Number of jobs",734,909,1050,1231,1529,1783,1991,2212,2267,2241,2236,2294,2423,2407,2518,3004,3436,3877,4113,3875,3878,3800,3891,3767,3953,3811,4207,4396,4517,4253,4275,4538,4793,4862,4909,5145,5372,5455,5842,6108,6292,6356,6496,6613,6780,6870,6902,7473,7437,7361,6913,7811,8196,8909
 "08099","Prowers, CO",7,CAINC4,10,"...","Personal income (thousands of dollars) ","Thousands of dollars",43074,44347,47983,50320,65020,67116,73101,70525,81845,88127,90005,102227,121812,135611,158431,172040,177912,179419,176999,182719,189488,201701,201944,210532,232441,228386,242638,256030,280907,310591,327553,323787,337834,318860,338475,346984,354682,341814,363672,375205,388867,405321,420875,431405,459324,453105,472352,467976,448160,469275,467977,493304,546513,536071
 "08099","Prowers, CO",7,CAINC4,11,"..."," Nonfarm personal income 1/","Thousands of dollars",30956,34894,37579,41429,47830,54523,61337,67205,72606,81402,90679,100934,113379,129101,144548,149422,157796,158374,161048,164502,167979,174709,175951,186231,197742,207052,223562,234057,254238,275518,286950,291544,286240,287280,301304,313884,311375,302597,317911,331408,351691,360523,379544,375098,389104,388779,404554,413467,414353,442956,435562,471937,510225,523614
 "08099","Prowers, CO",7,CAINC4,12,"..."," Farm income 2/","Thousands of dollars",12118,9453,10404,8891,17190,12593,11764,3320,9239,6725,-674,1293,8433,6510,13883,22618,20116,21045,15951,18217,21509,26992,25993,24301,34699,21334,19076,21973,26669,35073,40603,32243,51594,31580,37171,33100,43307,39217,45761,43797,37176,44798,41331,56307,70220,64326,67798,54509,33807,26319,32415,21367,36288,12457
 "08099","Prowers, CO",7,CAINC4,20,"...","Population (persons) 3/","Number of persons",12766,13292,13454,13511,13492,13460,13806,13731,13589,13253,13391,13067,13024,13262,13813,14223,14116,14113,14001,13945,13503,13338,13349,13316,13450,13851,13948,14046,14237,14355,14520,14431,14182,14057,13853,13613,13480,13130,12736,12663,12593,12543,12484,12394,12278,12012,11874,11862,11903,11939,11994,12010,11994,11854
 "08099","Prowers, CO",7,CAINC4,30,"...","Per capita personal income (dollars) 4/","Dollars",3374,3336,3566,3724,4819,4986,5295,5136,6023,6650,6721,7823,9353,10226,11470,12096,12604,12713,12642,13103,14033,15122,15128,15810,17282,16489,17396,18228,19731,21636,22559,22437,23821,22683,24433,25489,26312,26033,28555,29630,30880,32315,33713,34808,37410,37721,39780,39452,37651,39306,39018,41074,45566,45223
 "08099","Prowers, CO",7,CAINC4,35,"...","Earnings by place of work ","Thousands of dollars",33157,32878,35283,36203,48566,48794,51226,47645,56164,60178,59898,65381,78856,87294,107258,118701,122914,124342,121792,126112,128502,137602,138123,143397,162487,157448,161546,171974,195173,219583,237137,231862,240999,224189,237570,245483,249475,233213,242903,248541,247039,259175,262800,277362,299345,287709,302199,297933,279765,288456,278386,276475,302504,306037
 "08099","Prowers, CO",7,CAINC4,36,"...","Less: Contributions for government social insurance 5/","Thousands of dollars",1224,1339,1466,1675,2224,2696,2820,3197,3416,3880,4740,5094,6053,7185,8479,8984,9994,10144,10356,10729,11046,11440,11974,12459,13616,14541,15195,15620,17147,16976,18032,18268,18697,19543,20198,21746,21366,20042,21132,22335,22434,22546,22073,21684,24040,23511,24620,25116,26104,27320,27102,28573,29495,34329
 "08099","Prowers, CO",7,CAINC4,37,"..."," Employee and self-employed contributions for government social insurance ","Thousands of dollars",687,750,805,912,1186,1419,1493,1612,1721,1935,2355,2565,3046,3633,4112,4339,4928,5023,5125,5503,5757,5948,6284,6500,7034,7601,8094,8288,9253,9756,10215,10270,9638,9719,10114,10947,10857,10373,10955,11463,12172,12291,10414,10430,12772,12456,13237,13934,14199,15426,14981,15818,16308,18850
 "08099","Prowers, CO",7,CAINC4,38,"..."," Employer contributions for government social insurance ","Thousands of dollars",537,589,661,763,1038,1277,1327,1585,1695,1945,2385,2529,3007,3552,4367,4645,5066,5121,5231,5226,5289,5492,5690,5959,6582,6940,7101,7332,7894,7220,7817,7998,9059,9824,10084,10799,10509,9669,10177,10872,10262,10255,11659,11254,11268,11055,11383,11182,11905,11894,12121,12755,13187,15479
 "08099","Prowers, CO",7,CAINC4,42,"...","Plus: Adjustment for residence 6/","Thousands of dollars",154,132,194,270,163,-3,543,623,1155,1306,1310,1263,92,-127,-671,-557,-1205,-1732,-1974,-1677,-1390,-1251,-1702,-1913,-2302,-2477,-2750,-3427,-4168,-5101,-6414,-7006,-6711,-8714,-9843,-10567,-9480,-5811,-5091,-5423,-2697,-651,810,2871,4497,5552,4814,6857,6307,7883,8112,9132,10447,10514
 "08099","Prowers, CO",7,CAINC4,45,"...","Equals: Net earnings by place of residence ","Thousands of dollars",32087,31671,34011,34798,46505,46095,48949,45071,53903,57604,56468,61550,72895,79982,98108,109160,111715,112466,109462,113706,116066,124911,124447,129025,146569,140430,143601,152927,173858,197506,212691,206588,215591,195932,207529,213170,218629,207360,216680,220783,221908,235978,241537,258549,279802,269750,282393,279674,259968,269019,259396,257034,283456,282222
 "08099","Prowers, CO",7,CAINC4,46,"...","Plus: Dividends, interest, and rent 7/","Thousands of dollars",6795,7618,8223,9105,11038,12646,14175,14964,16868,18244,20038,25144,30768,35304,38466,39889,42491,41656,40594,41288,43071,45214,42376,41760,42667,42672,47588,51563,54136,57196,56700,57622,56540,52768,58027,59432,53532,47944,58081,69867,73262,70901,78629,72570,76568,73083,71621,69916,68994,71677,78961,76645,77118,81140
 "08099","Prowers, CO",7,CAINC4,47,"...","Plus: Personal current transfer receipts ","Thousands of dollars",4192,5058,5749,6417,7477,8375,9977,10490,11074,12279,13499,15533,18149,20325,21857,22991,23706,25297,26943,27725,30351,31576,35121,39747,43205,45284,51449,51540,52913,55889,58162,59577,65703,70160,72919,74382,82521,86510,88911,84555,93697,98442,100709,100286,102954,110272,118338,118386,119198,128579,129620,159625,185939,172709
 "08099","Prowers, CO",7,CAINC4,50,"...","Wages and salaries ","Thousands of dollars",15506,17268,18145,19541,23229,27032,28999,32123,34176,38454,44570,47927,52770,59782,68406,70051,75289,75187,78218,76384,76682,77693,78516,80915,86046,92242,98057,105681,116831,127556,136280,143513,139468,140707,142867,146567,143189,136639,142850,150617,149244,149559,157925,155616,160043,156263,161955,158038,166363,169552,173338,181014,190113,211192
 "08099","Prowers, CO",7,CAINC4,60,"...","Supplements to wages and salaries ","Thousands of dollars",1558,1809,2025,2470,2902,3502,3952,4408,4902,5636,6715,7422,9073,11329,14577,14774,16494,17363,17690,17721,18215,19570,20408,23632,25727,26649,26228,27444,29040,30197,32969,34115,37601,38720,40359,41626,40898,37293,37680,38739,39764,39570,39488,38832,40408,40633,41141,41635,42793,44530,44518,46095,46854,49523
 "08099","Prowers, CO",7,CAINC4,61,"..."," Employer contributions for employee pension and insurance funds 8/","Thousands of dollars",1021,1220,1364,1707,1864,2225,2625,2823,3207,3691,4330,4893,6066,7777,10210,10129,11428,12242,12459,12495,12926,14078,14718,17673,19145,19709,19127,20112,21146,22977,25152,26117,28542,28896,30275,30827,30389,27624,27503,27867,29502,29315,27829,27578,29140,29578,29758,30453,30888,32636,32397,33340,33667,34044
 "08099","Prowers, CO",7,CAINC4,62,"..."," Employer contributions for government social insurance ","Thousands of dollars",537,589,661,763,1038,1277,1327,1585,1695,1945,2385,2529,3007,3552,4367,4645,5066,5121,5231,5226,5289,5492,5690,5959,6582,6940,7101,7332,7894,7220,7817,7998,9059,9824,10084,10799,10509,9669,10177,10872,10262,10255,11659,11254,11268,11055,11383,11182,11905,11894,12121,12755,13187,15479
 "08099","Prowers, CO",7,CAINC4,70,"...","Proprietors' income 9/","Thousands of dollars",16093,13801,15113,14192,22435,18260,18275,11114,17086,16088,8613,10032,17013,16183,24275,33876,31131,31792,25884,32007,33605,40339,39199,38850,50714,38557,37261,38849,49302,61830,67888,54234,63930,44762,54344,57290,65388,59281,62373,59185,58031,70046,65387,82914,98894,90813,99103,98260,70609,74374,60530,49366,65537,45322
 "08099","Prowers, CO",7,CAINC4,71,"..."," Farm proprietors' income ","Thousands of dollars",10265,7506,8598,6959,14715,9980,9260,820,6493,3176,-4532,-2716,4562,2442,9825,18479,15734,16766,11484,13870,17510,22985,22698,21526,31086,16266,13239,15901,18969,27798,33564,24496,43878,23231,29939,25511,34850,31230,36683,35256,27502,36229,32730,46201,58928,53443,58580,43908,22468,15114,24201,9377,23215,1532
 "08099","Prowers, CO",7,CAINC4,72,"..."," Nonfarm proprietors' income ","Thousands of dollars",5828,6295,6515,7233,7720,8280,9015,10294,10593,12912,13145,12748,12451,13741,14450,15397,15397,15026,14400,18137,16095,17354,16501,17324,19628,22291,24022,22948,30333,34032,34324,29738,20052,21531,24405,31779,30538,28051,25690,23929,30529,33817,32657,36713,39966,37370,40523,54352,48141,59260,36329,39989,42322,43790
 "08099","Prowers, CO",7,CAINC4,7010,"...","Total employment ","Number of jobs",5633,5876,5835,6063,6345,6501,6337,6455,6511,6450,6586,6717,6850,7022,7551,7431,7468,7187,7098,7188,7048,6986,6827,6924,7048,7400,7388,7655,8070,8257,8311,8174,8019,8030,7871,7776,7492,7150,7211,7228,7043,7003,7192,7061,7048,6927,6831,6830,6904,6858,6811,6808,6887,7192
 "08099","Prowers, CO",7,CAINC4,7020,"..."," Wage and salary employment ","Number of jobs",3708,3798,3649,3814,4153,4375,4368,4520,4648,4687,4827,4936,4972,5112,5586,5472,5576,5411,5492,5276,5180,5191,4986,5073,5204,5419,5461,5694,6005,6308,6493,6300,6016,5989,5909,5822,5587,5209,5149,5121,4924,4896,5033,4908,4891,4740,4736,4718,4784,4699,4781,4659,4696,4904
 "08099","Prowers, CO",7,CAINC4,7040,"..."," Proprietors employment ","Number of jobs",1925,2078,2186,2249,2192,2126,1969,1935,1863,1763,1759,1781,1878,1910,1965,1959,1892,1776,1606,1912,1868,1795,1841,1851,1844,1981,1927,1961,2065,1949,1818,1874,2003,2041,1962,1954,1905,1941,2062,2107,2119,2107,2159,2153,2157,2187,2095,2112,2120,2159,2030,2149,2191,2288
 "08101","Pueblo, CO",7,CAINC4,10,"...","Personal income (thousands of dollars) ","Thousands of dollars",380023,417116,460152,510393,579201,647868,715356,775126,830738,920575,1027464,1126012,1249825,1281063,1302308,1379957,1454657,1515627,1533653,1623342,1738628,1821654,1909799,2029468,2148911,2305216,2518227,2632663,2824769,3004517,3166391,3366705,3488551,3607187,3735220,3861585,3963703,4146884,4469638,4478476,4511154,4677139,4865919,4990375,5082812,5347467,5613207,5791897,5980659,6326419,6596712,7281133,7938790,8003899
 "08101","Pueblo, CO",7,CAINC4,11,"..."," Nonfarm personal income 1/","Thousands of dollars",376254,414371,458170,506831,575597,644397,710397,769683,827712,918305,1024827,1122435,1243380,1277119,1296112,1374041,1450214,1509562,1525883,1615091,1731699,1816434,1905419,2024341,2141997,2303141,2519108,2632766,2825109,3005159,3167446,3365809,3483312,3610171,3735069,3851879,3956403,4143115,4460306,4476493,4509031,4671295,4852817,4984592,5075157,5338277,5603028,5786323,5976502,6320340,6589926,7274634,7925499,8004274
 "08101","Pueblo, CO",7,CAINC4,12,"..."," Farm income 2/","Thousands of dollars",3769,2745,1982,3562,3604,3471,4959,5443,3026,2270,2637,3577,6445,3944,6196,5916,4443,6065,7770,8251,6929,5220,4380,5127,6914,2075,-881,-103,-340,-642,-1055,896,5239,-2984,151,9706,7300,3769,9332,1983,2123,5844,13102,5783,7655,9190,10179,5574,4157,6079,6786,6499,13291,-375
 "08101","Pueblo, CO",7,CAINC4,20,"...","Population (persons) 3/","Number of persons",117657,118574,120746,122032,124680,124611,126644,125675,124638,123963,125884,126012,125863,125299,125737,124183,123851,124111,124312,123745,123639,123134,123447,124387,126644,128787,130865,132686,134792,137690,140184,141800,144014,146537,147907,148654,149825,152026,155121,156748,157846,159368,160044,160465,160666,160872,162401,164042,165387,166450,167146,168325,169332,169544
 "08101","Pueblo, CO",7,CAINC4,30,"...","Per capita personal income (dollars) 4/","Dollars",3230,3518,3811,4182,4646,5199,5649,6168,6665,7426,8162,8936,9930,10224,10357,11112,11745,12212,12337,13118,14062,14794,15471,16316,16968,17899,19243,19841,20957,21821,22587,23743,24224,24616,25254,25977,26456,27277,28814,28571,28579,29348,30404,31099,31636,33241,34564,35307,36162,38008,39467,43256,46883,47208
 "08101","Pueblo, CO",7,CAINC4,35,"...","Earnings by place of work ","Thousands of dollars",304725,328811,357304,401538,460574,510820,547684,594045,634127,705272,791234,832118,898990,857946,812880,853413,898859,929140,930318,999098,1073281,1141331,1185118,1259425,1336247,1453632,1541266,1618722,1770949,1892496,2011325,2137265,2198335,2261614,2330091,2497097,2532483,2653163,2816263,2866078,2850059,2912652,3030871,3114399,3153788,3325298,3448282,3562360,3708709,3898283,4087891,4278559,4472021,4732268
 "08101","Pueblo, CO",7,CAINC4,36,"...","Less: Contributions for government social insurance 5/","Thousands of dollars",17014,18433,20388,24406,33443,38730,41357,46026,50559,58442,68723,72490,83788,81074,76284,83176,89995,93809,92412,105236,117186,126029,135039,141534,153975,168608,178535,187794,201946,200751,207082,215151,232050,249482,255651,277177,285772,300261,322519,334448,332089,337928,323726,333410,368894,392665,412512,426950,447010,471096,496991,522743,538427,591286
 "08101","Pueblo, CO",7,CAINC4,37,"..."," Employee and self-employed contributions for government social insurance ","Thousands of dollars",8445,9077,10014,11793,15822,18128,19065,20939,22960,26239,31211,33300,38816,37917,35639,38534,43221,45458,45033,52010,58765,62390,66954,70173,75530,83886,90652,94198,101774,106323,110773,115255,120350,124496,128429,139701,143196,152788,165688,170971,173805,177174,148985,153132,192184,201155,211390,222847,234084,253309,267364,282213,292200,323798
 "08101","Pueblo, CO",7,CAINC4,38,"..."," Employer contributions for government social insurance ","Thousands of dollars",8569,9356,10374,12613,17621,20602,22292,25087,27599,32203,37512,39190,44972,43157,40645,44642,46774,48351,47379,53226,58421,63639,68085,71361,78445,84722,87883,93596,100172,94428,96309,99896,111700,124986,127222,137476,142576,147473,156831,163477,158284,160754,174741,180278,176710,191510,201122,204103,212926,217787,229627,240530,246227,267488
 "08101","Pueblo, CO",7,CAINC4,42,"...","Plus: Adjustment for residence 6/","Thousands of dollars",-7880,-8376,-8401,-8818,-11671,-13356,-12245,-12147,-11326,-12419,-14219,-13702,-13956,-10318,-4752,-2331,-305,1317,2829,3311,1438,887,3787,9535,13802,17458,21745,28498,32531,41659,52081,68075,68325,62922,61583,57523,67924,73377,60466,54484,29700,24333,7190,-1306,13206,-20,-1258,-1523,-9449,-8601,-16072,-12406,-141,-3013
 "08101","Pueblo, CO",7,CAINC4,45,"...","Equals: Net earnings by place of residence ","Thousands of dollars",279831,302002,328515,368314,415460,458734,494082,535872,572242,634411,708292,745926,801246,766554,731844,767906,808559,836648,840735,897173,957533,1016189,1053866,1127426,1196074,1302482,1384476,1459426,1601534,1733404,1856324,1990189,2034610,2075054,2136023,2277443,2314635,2426279,2554210,2586114,2547670,2599057,2714335,2779683,2798100,2932613,3034512,3133887,3252250,3418586,3574828,3743410,3933453,4137969
 "08101","Pueblo, CO",7,CAINC4,46,"...","Plus: Dividends, interest, and rent 7/","Thousands of dollars",60003,66804,74775,80827,92241,107065,121682,128438,138996,155054,173275,207787,245112,276350,302436,335401,364667,380586,375844,387052,411618,412261,407341,396329,409210,430603,475238,511551,542506,574836,559295,589121,600859,591740,620522,561308,549864,566158,695571,765969,729653,711742,741316,782391,806984,820703,863567,888733,935841,964771,1007697,1037742,1140938,1229916
 "08101","Pueblo, CO",7,CAINC4,47,"...","Plus: Personal current transfer receipts ","Thousands of dollars",40189,48310,56862,61252,71500,82069,99592,110816,119500,131110,145897,172299,203467,238159,268028,276650,281431,298393,317074,339117,369477,393204,448592,505713,543627,572131,658513,661686,680729,696277,750772,787395,853082,940393,978675,1022834,1099204,1154447,1219857,1126393,1233831,1366340,1410268,1428301,1477728,1594151,1715128,1769277,1792568,1943062,2014187,2499981,2864399,2636014
 "08101","Pueblo, CO",7,CAINC4,50,"...","Wages and salaries ","Thousands of dollars",247478,267638,287850,320943,370887,410539,433367,470465,499715,555380,624923,655684,705748,667243,617189,644609,675135,692854,699575,741583,798741,857326,890659,931139,983672,1071262,1153897,1216695,1316330,1411351,1459478,1521911,1616411,1655008,1690222,1797841,1800685,1894616,2047626,2160080,2141269,2171529,2272371,2337156,2351853,2477950,2579789,2650291,2779307,2913522,3081912,3219705,3371718,3593569
 "08101","Pueblo, CO",7,CAINC4,60,"...","Supplements to wages and salaries ","Thousands of dollars",33180,36865,43454,50375,56855,64145,73204,76722,83444,91470,104662,112376,125763,124391,118917,124560,135068,142462,147032,158645,179325,197851,211672,242441,258171,276318,279034,286816,309487,317764,336977,358889,388911,404243,423771,446719,462819,465268,486540,507512,528927,535413,529410,541637,559599,594670,601043,622068,641410,680436,700914,725153,734141,754814
 "08101","Pueblo, CO",7,CAINC4,61,"..."," Employer contributions for employee pension and insurance funds 8/","Thousands of dollars",24611,27509,33080,37762,39234,43543,50912,51635,55845,59267,67150,73186,80791,81234,78272,79918,88294,94111,99653,105419,120904,134212,143587,171080,179726,191596,191151,193220,209315,223336,240668,258993,277211,279257,296549,309243,320243,317795,329709,344035,370643,374659,354669,361359,382889,403160,399921,417965,428484,462649,471287,484623,487914,487326
 "08101","Pueblo, CO",7,CAINC4,62,"..."," Employer contributions for government social insurance ","Thousands of dollars",8569,9356,10374,12613,17621,20602,22292,25087,27599,32203,37512,39190,44972,43157,40645,44642,46774,48351,47379,53226,58421,63639,68085,71361,78445,84722,87883,93596,100172,94428,96309,99896,111700,124986,127222,137476,142576,147473,156831,163477,158284,160754,174741,180278,176710,191510,201122,204103,212926,217787,229627,240530,246227,267488
 "08101","Pueblo, CO",7,CAINC4,70,"...","Proprietors' income 9/","Thousands of dollars",24067,24308,26000,30220,32832,36136,41113,46858,50968,58422,61649,64058,67479,66312,76774,84244,88656,93824,83711,98870,95215,86154,82787,85845,94404,106052,108335,115211,145132,163381,214870,256465,193013,202363,216098,252537,268979,293279,282097,198486,179863,205710,229090,235606,242336,252678,267450,290001,287992,304325,305065,333701,366162,383885
 "08101","Pueblo, CO",7,CAINC4,71,"..."," Farm proprietors' income ","Thousands of dollars",2154,1195,643,2220,1945,1810,3194,3532,795,-702,-547,314,3318,735,3302,3262,1942,3899,5780,5928,4370,2188,1421,2151,3619,-1907,-4930,-3843,-4607,-4725,-4989,-3531,865,-7676,-3907,5422,2573,-709,4250,-3020,-3698,576,7685,-692,436,2172,4266,-1222,-3113,-1049,1542,-1109,5030,-7339
 "08101","Pueblo, CO",7,CAINC4,72,"..."," Nonfarm proprietors' income ","Thousands of dollars",21913,23113,25357,28000,30887,34326,37919,43326,50173,59124,62196,63744,64161,65577,73472,80982,86714,89925,77931,92942,90845,83966,81366,83694,90785,107959,113265,119054,149739,168106,219859,259996,192148,210039,220005,247115,266406,293988,277847,201506,183561,205134,221405,236298,241900,250506,263184,291223,291105,305374,303523,334810,361132,391224
 "08101","Pueblo, CO",7,CAINC4,7010,"...","Total employment ","Number of jobs",45397,46458,46902,49018,51840,52526,51414,52192,51961,53178,54608,53070,51665,49099,47022,47903,48921,49175,48884,51235,52619,55119,54874,55461,56530,59435,61533,64066,66762,69410,70034,70788,71286,70849,70865,70866,71956,73455,75883,76133,74756,74419,75213,75112,75171,76209,77382,78680,80215,81121,81729,81557,83197,85922
 "08101","Pueblo, CO",7,CAINC4,7020,"..."," Wage and salary employment ","Number of jobs",39660,40587,40928,42563,44974,45419,44263,45084,44874,46286,47648,45831,44477,41860,39698,40324,41376,41743,41924,42751,44363,46720,46278,46740,47602,49968,51867,53692,56439,58157,58518,58744,58316,57944,57603,57203,57690,59095,60780,61383,59656,59636,60590,60584,60614,61591,62542,63748,64559,65051,65893,64402,65029,66454
 "08101","Pueblo, CO",7,CAINC4,7040,"..."," Proprietors employment ","Number of jobs",5737,5871,5974,6455,6866,7107,7151,7108,7087,6892,6960,7239,7188,7239,7324,7579,7545,7432,6960,8484,8256,8399,8596,8721,8928,9467,9666,10374,10323,11253,11516,12044,12970,12905,13262,13663,14266,14360,15103,14750,15100,14783,14623,14528,14557,14618,14840,14932,15656,16070,15836,17155,18168,19468
 "08103","Rio Blanco, CO",7,CAINC4,10,"...","Personal income (thousands of dollars) ","Thousands of dollars",18169,19669,23298,21902,27324,31753,35398,36387,44766,51719,72598,85254,99775,105602,108368,100542,90949,82404,85803,93125,94715,94619,106812,118144,117167,117499,118816,119441,129973,137008,137825,148708,139676,147634,154446,171419,199119,224081,256952,271547,264085,261839,278958,286366,292182,304082,294471,274074,281425,300205,312387,323911,360001,371692
 "08103","Rio Blanco, CO",7,CAINC4,11,"..."," Nonfarm personal income 1/","Thousands of dollars",16970,18264,18734,19358,23170,30929,32879,34113,44013,50622,70786,84807,100529,106461,108612,100329,91456,82509,84749,92222,94616,94914,106588,117730,116776,118874,120097,121210,131145,138808,136993,147473,137807,144895,151016,165693,191347,218593,250859,269980,259270,259288,271737,284024,289488,300277,288363,271687,279466,298344,310638,320058,355627,371490
 "08103","Rio Blanco, CO",7,CAINC4,12,"..."," Farm income 2/","Thousands of dollars",1199,1405,4564,2544,4154,824,2519,2274,753,1097,1812,447,-754,-859,-244,213,-507,-105,1054,903,99,-295,224,414,391,-1375,-1281,-1769,-1172,-1800,832,1235,1869,2739,3430,5726,7772,5488,6093,1567,4815,2551,7221,2342,2694,3805,6108,2387,1959,1861,1749,3853,4374,202
 "08103","Rio Blanco, CO",7,CAINC4,20,"...","Population (persons) 3/","Number of persons",4857,4835,4829,4684,4897,5036,5208,4899,4904,5536,5972,6349,6710,7029,7153,6818,6686,6647,6475,6253,6118,6011,6134,6176,6237,6336,6380,6263,6199,6132,6022,5986,5868,5951,5923,6007,5945,6176,6373,6522,6779,6627,6774,6803,6756,6678,6578,6549,6484,6486,6507,6524,6453,6569
 "08103","Rio Blanco, CO",7,CAINC4,30,"...","Per capita personal income (dollars) 4/","Dollars",3741,4068,4825,4676,5580,6305,6797,7427,9128,9342,12156,13428,14870,15024,15150,14747,13603,12397,13251,14893,15481,15741,17413,19130,18786,18545,18623,19071,20967,22343,22887,24843,23803,24808,26076,28537,33494,36283,40319,41636,38956,39511,41181,42094,43248,45535,44766,41850,43403,46285,48008,49649,55788,56583
 "08103","Rio Blanco, CO",7,CAINC4,35,"...","Earnings by place of work ","Thousands of dollars",15417,16338,19615,17696,22330,26351,29170,29691,38131,44907,71470,89981,107539,110566,106346,95337,81521,72880,75253,83414,85092,86846,98999,112258,108312,106682,100475,98007,106373,112336,112552,123365,115505,125347,129861,146467,179676,216845,296931,293582,242008,220886,231085,220126,230673,232157,221232,191581,192163,204103,211720,209784,222236,239443
 "08103","Rio Blanco, CO",7,CAINC4,36,"...","Less: Contributions for government social insurance 5/","Thousands of dollars",806,771,801,805,1128,1493,1552,1653,2286,2914,5124,7214,9647,10523,9336,8286,7194,6690,6495,7589,7998,8614,9939,11273,11025,11168,10233,9737,10365,9671,9448,10328,10674,12060,12380,14222,17532,21763,32354,31422,24264,22396,21631,20300,23549,23568,21498,18861,19405,20624,21783,21504,22511,25761
 "08103","Rio Blanco, CO",7,CAINC4,37,"..."," Employee and self-employed contributions for government social insurance ","Thousands of dollars",440,445,449,463,637,915,921,908,1277,1517,2678,3659,4878,5100,4604,4116,3771,3359,3408,4055,4364,4570,5585,6104,5830,5786,5461,5243,5623,5732,5429,5852,5498,6025,6193,7106,8846,10993,15695,15828,12891,11548,9318,8902,11696,11615,10892,9632,9775,10678,11398,11262,11843,13597
 "08103","Rio Blanco, CO",7,CAINC4,38,"..."," Employer contributions for government social insurance ","Thousands of dollars",366,326,352,342,491,578,631,745,1009,1397,2446,3555,4769,5423,4732,4170,3423,3331,3087,3534,3634,4044,4354,5169,5195,5382,4772,4494,4742,3939,4019,4476,5176,6035,6187,7116,8686,10770,16659,15594,11373,10848,12313,11398,11853,11953,10606,9229,9630,9946,10385,10242,10668,12164
 "08103","Rio Blanco, CO",7,CAINC4,42,"...","Plus: Adjustment for residence 6/","Thousands of dollars",-158,-148,-264,-303,-529,-817,-994,-1140,-1798,-2656,-8221,-14926,-19405,-19669,-16621,-14561,-10014,-10571,-9687,-10338,-11717,-12973,-13143,-16318,-14517,-14411,-11532,-10698,-11690,-10527,-9775,-11321,-12906,-14363,-14316,-16636,-23095,-34960,-78136,-71532,-34655,-21593,-18735,-10042,-6216,-5078,-6181,-2791,-2414,-3293,-6386,-7361,-8619,-10870
 "08103","Rio Blanco, CO",7,CAINC4,45,"...","Equals: Net earnings by place of residence ","Thousands of dollars",14453,15419,18550,16588,20673,24041,26624,26898,34047,39337,58125,67841,78487,80374,80389,72490,64313,55619,59071,65487,65377,65259,75917,84667,82770,81103,78710,77572,84318,92138,93329,101716,91925,98924,103165,115609,139049,160122,186441,190628,183089,176897,190719,189784,200908,203511,193553,169929,170344,180186,183551,180919,191106,202812
 "08103","Rio Blanco, CO",7,CAINC4,46,"...","Plus: Dividends, interest, and rent 7/","Thousands of dollars",2513,2897,3212,3609,4669,5569,6154,6731,7850,9227,10896,13346,16228,19197,20898,20899,19478,19053,18563,19157,20210,20122,20032,20944,21158,22335,24267,25741,29217,27553,26474,27966,27367,26179,27614,29640,31185,32895,39972,48910,45833,45617,47280,57170,49551,57684,53812,54642,60400,63811,63948,62320,72864,79829
 "08103","Rio Blanco, CO",7,CAINC4,47,"...","Plus: Personal current transfer receipts ","Thousands of dollars",1203,1353,1536,1705,1982,2143,2620,2758,2869,3155,3577,4067,5060,6031,7081,7153,7158,7732,8169,8481,9128,9238,10863,12533,13239,14061,15839,16128,16438,17317,18022,19026,20384,22531,23667,26170,28885,31064,30539,32009,35163,39325,40959,39412,41723,42887,47106,49503,50681,56208,64888,80672,96031,89051
 "08103","Rio Blanco, CO",7,CAINC4,50,"...","Wages and salaries ","Thousands of dollars",10297,9844,9997,9429,11433,13100,14610,16599,21384,27707,45867,65734,80764,83669,72034,62174,53033,51240,49003,51896,53180,57432,59999,69941,66165,69731,64330,63747,67944,67425,66616,74124,82879,90481,91862,102622,121499,150783,224881,229164,179227,165013,175169,165557,171468,172098,160674,142329,145104,151495,161540,160523,167967,184719
 "08103","Rio Blanco, CO",7,CAINC4,60,"...","Supplements to wages and salaries ","Thousands of dollars",996,1008,1095,1134,1388,1665,1994,2288,3114,4226,8027,12453,15163,15748,15065,12875,10577,11002,10861,10936,11966,13405,14568,18191,18316,18995,17058,16635,17556,16405,17564,19353,21722,22430,23975,26490,29660,35173,44988,44750,39873,38115,38080,38492,40543,40930,39344,36921,37933,39929,39605,39225,40473,42542
 "08103","Rio Blanco, CO",7,CAINC4,61,"..."," Employer contributions for employee pension and insurance funds 8/","Thousands of dollars",630,682,743,792,897,1087,1363,1543,2105,2829,5581,8898,10394,10325,10333,8705,7154,7671,7774,7402,8332,9361,10214,13022,13121,13613,12286,12141,12814,12466,13545,14877,16546,16395,17788,19374,20974,24403,28329,29156,28500,27267,25767,27094,28690,28977,28738,27692,28303,29983,29220,28983,29805,30378
 "08103","Rio Blanco, CO",7,CAINC4,62,"..."," Employer contributions for government social insurance ","Thousands of dollars",366,326,352,342,491,578,631,745,1009,1397,2446,3555,4769,5423,4732,4170,3423,3331,3087,3534,3634,4044,4354,5169,5195,5382,4772,4494,4742,3939,4019,4476,5176,6035,6187,7116,8686,10770,16659,15594,11373,10848,12313,11398,11853,11953,10606,9229,9630,9946,10385,10242,10668,12164
 "08103","Rio Blanco, CO",7,CAINC4,70,"...","Proprietors' income 9/","Thousands of dollars",4124,5486,8523,7133,9509,11586,12566,10804,13633,12974,17576,11794,11612,11149,19247,20288,17911,10638,15389,20582,19946,16009,24432,24126,23831,17956,19087,17625,20873,28506,28372,29888,10904,12436,14024,17355,28517,30889,27062,19668,22908,17758,17836,16077,18662,19129,21214,12331,9126,12679,10575,10036,13796,12182
 "08103","Rio Blanco, CO",7,CAINC4,71,"..."," Farm proprietors' income ","Thousands of dollars",531,776,4035,2030,3546,234,1914,1630,11,150,846,-505,-1632,-1720,-1102,-662,-1436,-1007,114,-64,-856,-1320,-690,-414,-501,-2422,-2326,-2713,-2231,-3052,-595,-585,-154,320,1377,3607,5465,3343,3698,-867,1914,-125,4421,-1051,-1088,121,3006,-1175,-1852,-1868,-995,-124,59,-3443
 "08103","Rio Blanco, CO",7,CAINC4,72,"..."," Nonfarm proprietors' income ","Thousands of dollars",3593,4710,4488,5103,5963,11352,10652,9174,13622,12824,16730,12299,13244,12869,20349,20950,19347,11645,15275,20646,20802,17329,25122,24540,24332,20378,21413,20338,23104,31558,28967,30473,11058,12116,12647,13748,23052,27546,23364,20535,20994,17883,13415,17128,19750,19008,18208,13506,10978,14547,11570,10160,13737,15625
 "08103","Rio Blanco, CO",7,CAINC4,7010,"...","Total employment ","Number of jobs",2485,2375,2279,2186,2328,2476,2566,2637,2923,3177,3824,4603,4888,4886,4606,3998,3627,3498,3326,3561,3559,3648,3809,4034,4007,4115,3916,3922,3954,3981,3930,4097,4148,4214,4166,4320,4639,4976,5712,5612,4902,4769,4735,4673,4759,4553,4435,4233,4305,4297,4321,4305,4277,4541
 "08103","Rio Blanco, CO",7,CAINC4,7020,"..."," Wage and salary employment ","Number of jobs",1875,1739,1659,1547,1693,1789,1830,1875,2153,2416,3042,3780,4048,4024,3707,3054,2679,2559,2435,2551,2576,2680,2732,2896,2854,2902,2702,2691,2718,2683,2718,2863,2951,2997,2950,3050,3340,3691,4365,4216,3576,3401,3400,3380,3466,3328,3178,2996,3061,3022,3103,3005,2943,3143
 "08103","Rio Blanco, CO",7,CAINC4,7040,"..."," Proprietors employment ","Number of jobs",610,636,620,639,635,687,736,762,770,761,782,823,840,862,899,944,948,939,891,1010,983,968,1077,1138,1153,1213,1214,1231,1236,1298,1212,1234,1197,1217,1216,1270,1299,1285,1347,1396,1326,1368,1335,1293,1293,1225,1257,1237,1244,1275,1218,1300,1334,1398
 "08105","Rio Grande, CO",7,CAINC4,10,"...","Personal income (thousands of dollars) ","Thousands of dollars",25835,30439,33136,37317,46662,52697,55551,58411,60997,67473,71389,113839,104974,107637,132457,134805,144783,139862,143375,141671,163508,176658,170516,174167,191469,209463,226230,249035,238707,261985,268280,285481,286898,307635,289917,301120,313671,321774,348436,372820,374201,376142,404059,404067,420615,438853,467752,465748,469156,508748,541145,589391,634260,617364
 "08105","Rio Grande, CO",7,CAINC4,11,"..."," Nonfarm personal income 1/","Thousands of dollars",22841,25666,29185,32357,36625,41463,46427,51854,55270,62562,69988,81239,92998,99950,103426,111180,119509,129958,129374,130117,135805,137717,147142,155273,160891,175091,196407,203002,212611,225903,240758,256280,265797,276666,286277,285960,286436,300543,319130,341482,347462,357544,369928,381842,386160,402443,423896,432493,437329,472871,500079,549382,592518,600309
 "08105","Rio Grande, CO",7,CAINC4,12,"..."," Farm income 2/","Thousands of dollars",2994,4773,3951,4960,10037,11234,9124,6557,5727,4911,1401,32600,11976,7687,29031,23625,25274,9904,14001,11554,27703,38941,23374,18894,30578,34372,29823,46033,26096,36082,27522,29201,21101,30969,3640,15160,27235,21231,29306,31338,26739,18598,34131,22225,34455,36410,43856,33255,31827,35877,41066,40009,41742,17055
 "08105","Rio Grande, CO",7,CAINC4,20,"...","Population (persons) 3/","Number of persons",10557,10459,10375,10477,10522,10689,10890,10701,10566,10520,10571,10573,10794,10914,11094,11058,11113,11328,11398,11228,10891,10764,10814,10831,10954,11267,11606,11791,11990,12163,12258,12445,12213,12224,12296,12328,12208,12033,11852,11860,11872,12028,11944,11921,11751,11605,11477,11499,11468,11465,11492,11538,11388,11325
 "08105","Rio Grande, CO",7,CAINC4,30,"...","Per capita personal income (dollars) 4/","Dollars",2447,2910,3194,3562,4435,4930,5101,5458,5773,6414,6753,10767,9725,9862,11940,12191,13028,12347,12579,12618,15013,16412,15768,16080,17479,18591,19493,21121,19909,21540,21886,22939,23491,25166,23578,24426,25694,26741,29399,31435,31520,31272,33829,33895,35794,37816,40756,40503,40910,44374,47089,51083,55695,54513
 "08105","Rio Grande, CO",7,CAINC4,35,"...","Earnings by place of work ","Thousands of dollars",18969,22340,24179,27320,34777,38977,38988,41084,42405,46862,47744,82919,67128,66287,89869,88472,102108,100211,103047,99617,117639,128678,118928,116320,135762,150459,152626,165626,150580,165098,167172,177535,177660,196615,176471,189506,198316,201686,215065,214683,221143,213136,226546,219308,233383,237246,259281,255304,259708,286320,306558,324415,336812,332826
 "08105","Rio Grande, CO",7,CAINC4,36,"...","Less: Contributions for government social insurance 5/","Thousands of dollars",946,1010,1192,1378,1795,2128,2219,2599,2738,3106,3577,4007,4806,5221,5451,6007,7641,9299,8999,9174,9540,9697,10597,10639,11618,12978,13756,13047,13491,12754,13679,14027,15404,16841,18212,18770,19340,20656,21845,22487,23521,23607,21625,22139,24217,24483,26138,27343,28853,31344,32630,34213,35219,38966
 "08105","Rio Grande, CO",7,CAINC4,37,"..."," Employee and self-employed contributions for government social insurance ","Thousands of dollars",505,548,634,732,930,1095,1145,1287,1347,1526,1793,2018,2416,2641,2724,2996,3831,4592,4514,4698,5085,5072,5593,5596,6100,6790,7308,6993,7192,7207,7704,8040,8479,8920,9400,9726,9824,10759,11486,11579,12461,12457,10210,10407,12504,12520,13657,14542,15083,17075,18159,18996,19503,21833
 "08105","Rio Grande, CO",7,CAINC4,38,"..."," Employer contributions for government social insurance ","Thousands of dollars",441,462,558,646,865,1033,1074,1312,1391,1580,1784,1989,2390,2580,2727,3011,3810,4707,4485,4476,4455,4625,5004,5043,5518,6188,6448,6054,6299,5547,5975,5987,6925,7921,8812,9044,9516,9897,10359,10908,11060,11150,11415,11732,11713,11963,12481,12801,13770,14269,14471,15217,15716,17133
 "08105","Rio Grande, CO",7,CAINC4,42,"...","Plus: Adjustment for residence 6/","Thousands of dollars",-135,-128,-239,-302,-413,-494,-9,-342,-753,-1241,-103,1091,2425,814,136,-278,-4887,-8377,-7879,-6830,-6094,-5163,-5207,-4078,-4472,-4920,-4414,-1237,509,2126,3160,5043,5214,4991,3340,4321,3980,3266,3177,5470,6513,10365,15329,18950,21921,23979,24575,25835,25035,24519,23752,24020,26571,31024
 "08105","Rio Grande, CO",7,CAINC4,45,"...","Equals: Net earnings by place of residence ","Thousands of dollars",17888,21202,22748,25640,32569,36355,36760,38143,38914,42515,44064,80003,64747,61880,84554,82187,89580,82535,86169,83613,102005,113818,103124,101603,119672,132561,134456,151342,137598,154470,156653,168551,167470,184765,161599,175057,182956,184296,196397,197666,204135,199894,220250,216119,231087,236742,257718,253796,255890,279495,297680,314222,328164,324884
 "08105","Rio Grande, CO",7,CAINC4,46,"...","Plus: Dividends, interest, and rent 7/","Thousands of dollars",4631,5241,5867,6505,7854,9203,10006,10832,12412,14369,15372,19686,24257,27645,28281,31969,33996,35068,34273,34980,36504,36337,37072,38579,36440,38995,48481,53388,55813,58802,58136,60251,60543,57194,59669,54963,55083,54900,66621,82483,70959,68426,72377,75275,74282,80268,81539,81212,80513,86823,96573,93340,100154,106620
 "08105","Rio Grande, CO",7,CAINC4,47,"...","Plus: Personal current transfer receipts ","Thousands of dollars",3316,3996,4521,5172,6239,7139,8785,9436,9671,10589,11953,14150,15970,18112,19622,20649,21207,22259,22933,23078,24999,26503,30320,33985,35357,37907,43293,44305,45296,48713,53491,56679,58885,65676,68649,71100,75632,82578,85418,92671,99107,107822,111432,112673,115246,121843,128495,130740,132753,142430,146892,181829,205942,185860
 "08105","Rio Grande, CO",7,CAINC4,50,"...","Wages and salaries ","Thousands of dollars",12712,13619,15126,16424,18952,21474,22917,26155,27818,32025,35389,38450,42202,44957,45122,47337,56763,66715,65099,63208,61923,63883,68357,67701,73025,82078,87979,84859,89690,91814,97100,101261,107092,113256,120490,118782,119861,124400,130902,132837,137334,137099,136118,140873,141552,141476,150794,156513,164168,179412,182852,191984,202769,213528
 "08105","Rio Grande, CO",7,CAINC4,60,"...","Supplements to wages and salaries ","Thousands of dollars",1270,1428,1762,2109,2456,2825,3172,3652,4234,4892,5415,6007,6942,7741,8282,8806,10832,13290,13251,13242,13738,14843,16302,17665,19028,20695,20729,19894,20771,20469,22359,23252,26362,27706,30007,32048,31868,33330,33559,33834,37634,37141,35256,36682,37023,38532,38870,40326,41666,44811,44737,48787,48151,49331
 "08105","Rio Grande, CO",7,CAINC4,61,"..."," Employer contributions for employee pension and insurance funds 8/","Thousands of dollars",829,966,1204,1463,1591,1792,2098,2340,2843,3312,3631,4018,4552,5161,5555,5795,7022,8583,8766,8766,9283,10218,11298,12622,13510,14507,14281,13840,14472,14922,16384,17265,19437,19785,21195,23004,22352,23433,23200,22926,26574,25991,23841,24950,25310,26569,26389,27525,27896,30542,30266,33570,32435,32198
 "08105","Rio Grande, CO",7,CAINC4,62,"..."," Employer contributions for government social insurance ","Thousands of dollars",441,462,558,646,865,1033,1074,1312,1391,1580,1784,1989,2390,2580,2727,3011,3810,4707,4485,4476,4455,4625,5004,5043,5518,6188,6448,6054,6299,5547,5975,5987,6925,7921,8812,9044,9516,9897,10359,10908,11060,11150,11415,11732,11713,11963,12481,12801,13770,14269,14471,15217,15716,17133
 "08105","Rio Grande, CO",7,CAINC4,70,"...","Proprietors' income 9/","Thousands of dollars",4987,7293,7291,8787,13369,14678,12899,11277,10353,9945,6940,38462,17984,13589,36465,32329,34513,20206,24697,23167,41978,49952,34269,30954,43709,47686,43918,60873,40119,52815,47713,53022,44206,55653,25974,38676,46587,43956,50604,48012,46175,38896,55172,41753,54808,57238,69617,58465,53874,62097,78969,83644,85892,69967
 "08105","Rio Grande, CO",7,CAINC4,71,"..."," Farm proprietors' income ","Thousands of dollars",960,2735,2131,3064,7647,8749,6629,3969,2801,1061,-2570,28671,8333,4002,25666,20487,22266,7243,11494,8660,24544,35207,19742,15239,25848,27755,22266,38192,16187,26953,18875,19996,12107,21332,-4368,7133,18611,13435,20817,22986,16901,9574,24796,10948,21843,24291,33573,21425,19175,23344,31885,26587,27091,4845
 "08105","Rio Grande, CO",7,CAINC4,72,"..."," Nonfarm proprietors' income ","Thousands of dollars",4027,4558,5160,5723,5722,5929,6270,7308,7552,8884,9510,9791,9651,9587,10799,11842,12247,12963,13203,14507,17434,14745,14527,15715,17861,19931,21652,22681,23932,25862,28838,33026,32099,34321,30342,31543,27976,30521,29787,25026,29274,29322,30376,30805,32965,32947,36044,37040,34699,38753,47084,57057,58801,65122
 "08105","Rio Grande, CO",7,CAINC4,7010,"...","Total employment ","Number of jobs",4000,4103,4117,4173,4443,4584,4634,4752,4897,5017,5001,5144,5293,5288,5223,5331,5519,5924,5777,5771,5661,5591,5644,5560,5562,5840,5919,6094,6344,6612,6744,6815,6817,6897,7076,7014,7012,6983,7053,6955,6803,6908,6680,6518,6470,6398,6479,6311,6517,6507,6500,6489,6767,7018
 "08105","Rio Grande, CO",7,CAINC4,7020,"..."," Wage and salary employment ","Number of jobs",2856,2929,3031,3103,3370,3497,3530,3595,3719,3836,3799,3894,3944,3930,3838,3890,4076,4492,4420,4245,4150,4125,4088,4033,4069,4200,4239,4266,4372,4393,4470,4465,4473,4523,4761,4697,4608,4638,4589,4540,4518,4607,4374,4321,4229,4135,4148,4142,4315,4315,4374,4292,4335,4465
 "08105","Rio Grande, CO",7,CAINC4,7040,"..."," Proprietors employment ","Number of jobs",1144,1174,1086,1070,1073,1087,1104,1157,1178,1181,1202,1250,1349,1358,1385,1441,1443,1432,1357,1526,1511,1466,1556,1527,1493,1640,1680,1828,1972,2219,2274,2350,2344,2374,2315,2317,2404,2345,2464,2415,2285,2301,2306,2197,2241,2263,2331,2169,2202,2192,2126,2197,2432,2553
 "08107","Routt, CO",7,CAINC4,10,"...","Personal income (thousands of dollars) ","Thousands of dollars",23542,27513,32278,41071,48519,57833,68026,76159,89626,118637,147101,169534,187740,197920,207562,220038,216296,205580,212866,244719,268020,298078,315750,346024,385890,415385,443996,487705,521475,579384,631313,671362,914102,961679,941946,967596,1000736,1072214,1126694,1214353,1162253,1201297,1394018,1418245,1411743,1551067,1672603,1697734,1944991,1988338,2133572,2281291,2731620,2982787
 "08107","Routt, CO",7,CAINC4,11,"..."," Nonfarm personal income 1/","Thousands of dollars",21066,25882,30818,39432,46515,56331,66094,75880,88739,116710,147936,170508,188037,197339,206440,218580,215000,203481,210716,242319,266374,296199,313826,343268,384179,416306,445953,490652,524395,581784,631139,670425,914110,958516,936794,957793,991518,1065504,1117980,1215005,1160525,1202920,1391327,1416085,1408492,1547847,1667919,1697673,1946774,1987815,2136868,2278639,2736903,2983721
 "08107","Routt, CO",7,CAINC4,12,"..."," Farm income 2/","Thousands of dollars",2476,1631,1460,1639,2004,1502,1932,279,887,1927,-835,-974,-297,581,1122,1458,1296,2099,2150,2400,1646,1879,1924,2756,1711,-921,-1957,-2947,-2920,-2400,174,937,-8,3163,5152,9803,9218,6710,8714,-652,1728,-1623,2691,2160,3251,3220,4684,61,-1783,523,-3296,2652,-5283,-934
 "08107","Routt, CO",7,CAINC4,20,"...","Population (persons) 3/","Number of persons",6519,6736,7393,8184,8805,9014,9791,10135,10698,11759,12963,13448,13594,13996,14144,14080,13831,13478,13498,13372,13625,14239,14807,15314,15989,16678,17295,17831,18313,18653,19237,19815,20210,20469,20893,21162,21398,21859,22491,23135,23688,23418,23174,23135,23394,23797,24028,24303,24709,24902,24920,24829,25056,25007
 "08107","Routt, CO",7,CAINC4,30,"...","Per capita personal income (dollars) 4/","Dollars",3611,4084,4366,5018,5510,6416,6948,7514,8378,10089,11348,12607,13811,14141,14675,15628,15638,15253,15770,18301,19671,20934,21324,22595,24135,24906,25672,27352,28476,31061,32818,33882,45230,46982,45084,45723,46768,49051,50095,52490,49065,51298,60154,61303,60346,65179,69611,69857,78716,79847,85617,91880,109021,119278
 "08107","Routt, CO",7,CAINC4,35,"...","Earnings by place of work ","Thousands of dollars",17312,19302,22201,29579,34993,42332,51572,59015,70407,96903,124757,144056,156920,160225,164326,179485,169836,161175,166743,200197,216381,241932,258110,283400,317807,339828,353474,386936,417682,472303,526644,546920,800031,869098,836753,820745,827495,853026,874483,896602,835442,848768,954944,955039,924641,945732,934119,958159,1036419,1046526,1098612,1158158,1268708,1431542
 "08107","Routt, CO",7,CAINC4,36,"...","Less: Contributions for government social insurance 5/","Thousands of dollars",771,890,1089,1669,2259,2794,3428,4218,5058,7102,10396,12512,14697,15157,15042,17232,16713,16173,16368,19814,22448,25890,28234,30506,34973,38310,39761,43435,46159,49101,53940,55090,69403,77907,77148,80805,86904,90128,96516,99940,92246,88257,85355,87080,99506,101852,101297,106950,110352,112549,118641,120623,129320,150391
 "08107","Routt, CO",7,CAINC4,37,"..."," Employee and self-employed contributions for government social insurance ","Thousands of dollars",454,527,623,906,1214,1539,1833,2141,2570,3506,5098,6076,7160,7400,7391,8299,8322,7897,8142,10278,11454,13144,14606,15694,17634,18919,19690,21269,22760,25005,27397,28025,40460,43122,41838,42186,43125,44735,47239,49082,46926,47159,41571,41145,49950,51222,51470,54730,57516,59055,62865,64084,69221,80720
 "08107","Routt, CO",7,CAINC4,38,"..."," Employer contributions for government social insurance ","Thousands of dollars",317,363,466,763,1045,1255,1595,2077,2488,3596,5298,6436,7537,7757,7651,8933,8391,8276,8226,9536,10994,12746,13628,14812,17339,19391,20071,22166,23399,24096,26543,27065,28943,34785,35310,38619,43779,45393,49277,50858,45320,41098,43784,45935,49556,50630,49827,52220,52836,53494,55776,56539,60099,69671
 "08107","Routt, CO",7,CAINC4,42,"...","Plus: Adjustment for residence 6/","Thousands of dollars",-184,-284,-229,-386,-404,-459,-626,-305,553,1412,349,-823,-1671,-870,-938,-4661,-3005,-2961,-2480,-4213,-6635,-9907,-9199,-9919,-12363,-15376,-15512,-18449,-20087,-24076,-27744,-28608,-37101,-48578,-52484,-45892,-54183,-57586,-66424,-53375,-40049,-31136,-31827,-35355,-42216,-35752,-28722,-24880,-20892,-21253,-22375,984,-3811,-13637
 "08107","Routt, CO",7,CAINC4,45,"...","Equals: Net earnings by place of residence ","Thousands of dollars",16357,18128,20883,27524,32330,39079,47518,54492,65902,91213,114710,130721,140552,144198,148346,157592,150118,142041,147895,176170,187298,206135,220677,242975,270471,286142,298201,325052,351436,399126,444960,463222,693527,742613,707121,694048,686408,705312,711543,743287,703147,729375,837762,832604,782919,808128,804100,826329,905175,912724,957596,1038519,1135577,1267514
 "08107","Routt, CO",7,CAINC4,46,"...","Plus: Dividends, interest, and rent 7/","Thousands of dollars",5434,7285,8951,10890,13001,14956,15803,16352,18052,21555,25770,31205,37737,42907,46733,50228,54077,51016,51595,55086,66279,76317,77870,83228,94686,107858,122082,137861,145483,155264,160107,179451,188853,182911,196614,232580,269661,317836,360807,399405,377887,376811,457512,488032,524236,625942,739755,731980,891329,913422,1004399,988177,1334126,1485879
 "08107","Routt, CO",7,CAINC4,47,"...","Plus: Personal current transfer receipts ","Thousands of dollars",1751,2100,2444,2657,3188,3798,4705,5315,5672,5869,6621,7608,9451,10815,12483,12218,12101,12523,13376,13463,14443,15626,17203,19821,20733,21385,23713,24792,24556,24994,26246,28689,31722,36155,38211,40968,44667,49066,54344,71661,81219,95111,98744,97609,104588,116997,128748,139425,148487,162192,171577,254595,261917,229394
 "08107","Routt, CO",7,CAINC4,50,"...","Wages and salaries ","Thousands of dollars",9329,10617,12678,18193,21722,25022,32245,40072,47221,63556,89891,109105,119179,120122,115619,127936,121390,118668,119242,131940,149044,168538,176212,188931,212186,237184,246407,273298,289596,329821,366466,383243,413730,452637,457114,484883,534101,572285,644060,671594,617007,555506,564033,603694,653845,680523,665258,692839,702213,740653,784117,798325,873352,981581
 "08107","Routt, CO",7,CAINC4,60,"...","Supplements to wages and salaries ","Thousands of dollars",1122,1298,1613,2255,2756,3315,4898,6139,7634,10663,15192,18614,20653,22186,22582,23506,22827,23947,24127,25371,29993,35345,38170,43759,49909,54594,54962,60632,65106,69759,77235,81781,85890,93497,97378,103663,113248,115265,124413,129613,126526,116979,112798,120673,133426,137005,132589,138523,141375,153101,156846,157754,167425,179387
 "08107","Routt, CO",7,CAINC4,61,"..."," Employer contributions for employee pension and insurance funds 8/","Thousands of dollars",805,935,1147,1492,1711,2060,3303,4062,5146,7067,9894,12178,13116,14429,14931,14573,14436,15671,15901,15835,18999,22599,24542,28947,32570,35203,34891,38466,41707,45663,50692,54716,56947,58712,62068,65044,69469,69872,75136,78755,81206,75881,69014,74738,83870,86375,82762,86303,88539,99607,101070,101215,107326,109716
 "08107","Routt, CO",7,CAINC4,62,"..."," Employer contributions for government social insurance ","Thousands of dollars",317,363,466,763,1045,1255,1595,2077,2488,3596,5298,6436,7537,7757,7651,8933,8391,8276,8226,9536,10994,12746,13628,14812,17339,19391,20071,22166,23399,24096,26543,27065,28943,34785,35310,38619,43779,45393,49277,50858,45320,41098,43784,45935,49556,50630,49827,52220,52836,53494,55776,56539,60099,69671
 "08107","Routt, CO",7,CAINC4,70,"...","Proprietors' income 9/","Thousands of dollars",6861,7387,7910,9131,10515,13995,14429,12804,15552,22684,19674,16337,17088,17917,26125,28043,25619,18560,23374,42886,37344,38049,43728,50710,55712,48050,52105,53006,62980,72723,82943,81896,300411,322964,282261,232199,180146,165476,106010,95395,91909,176283,278113,230672,137370,128204,136272,126797,192831,152772,157649,202079,227931,270574
 "08107","Routt, CO",7,CAINC4,71,"..."," Farm proprietors' income ","Thousands of dollars",1634,827,769,948,1154,654,1067,-624,-133,580,-2225,-2348,-1592,-684,-86,278,130,1023,1102,1237,416,472,593,1452,312,-2563,-3577,-4399,-4524,-4101,-1623,-1260,-2343,524,2694,7019,5964,3448,4816,-4344,-2422,-5268,-961,-2095,-1495,-1390,796,-4407,-6562,-4168,-6748,-2354,-10722,-5514
 "08107","Routt, CO",7,CAINC4,72,"..."," Nonfarm proprietors' income ","Thousands of dollars",5227,6560,7141,8183,9361,13341,13362,13428,15685,22104,21899,18685,18680,18601,26211,27765,25489,17537,22272,41649,36928,37577,43135,49258,55400,50613,55682,57405,67504,76824,84566,83156,302754,322440,279567,225180,174182,162028,101194,99739,94331,181551,279074,232767,138865,129594,135476,131204,199393,156940,164397,204433,238653,276088
 "08107","Routt, CO",7,CAINC4,7010,"...","Total employment ","Number of jobs",2979,3135,3493,4278,4654,4881,5336,6015,6438,7524,8891,9871,9938,9961,9971,10617,10090,9924,9812,10579,11350,12181,12658,13018,13833,14703,15191,15889,16485,17522,17968,18588,19493,19743,19641,20115,21020,21774,23224,23302,21819,20850,20965,21210,22044,22087,22299,22886,23486,24028,23670,23003,23912,25356
 "08107","Routt, CO",7,CAINC4,7020,"..."," Wage and salary employment ","Number of jobs",1935,2032,2271,2976,3324,3469,3866,4403,4677,5674,6874,7635,7539,7517,7438,7920,7343,7152,7202,7554,8289,9037,9300,9594,10324,10948,11252,11795,12093,12970,13399,13807,14383,14533,14323,14529,15170,15555,16254,16188,14727,13778,13812,14123,14806,14794,14881,15338,15851,16223,16443,15166,15645,16512
 "08107","Routt, CO",7,CAINC4,7040,"..."," Proprietors employment ","Number of jobs",1044,1103,1222,1302,1330,1412,1470,1612,1761,1850,2017,2236,2399,2444,2533,2697,2747,2772,2610,3025,3061,3144,3358,3424,3509,3755,3939,4094,4392,4552,4569,4781,5110,5210,5318,5586,5850,6219,6970,7114,7092,7072,7153,7087,7238,7293,7418,7548,7635,7805,7227,7837,8267,8844
 "08109","Saguache, CO",7,CAINC4,10,"...","Personal income (thousands of dollars) ","Thousands of dollars",7204,9024,8361,9177,12321,13217,14077,16146,16530,19940,25656,32206,30547,28503,39740,40949,44689,49389,47170,48929,54211,57327,58552,62578,72429,76452,81093,82566,87563,99097,103702,106062,106054,121775,104265,120682,135592,134103,149449,158020,151425,154178,170772,162111,174879,187691,207349,198139,196911,218867,238025,255719,280723,246690
 "08109","Saguache, CO",7,CAINC4,11,"..."," Nonfarm personal income 1/","Thousands of dollars",5762,6191,6857,7897,9378,10600,11994,13431,14893,17335,21454,24088,26830,28765,30556,33107,34739,37211,38933,40000,44296,45165,48469,52410,55111,60577,64853,68255,73028,77081,80823,82421,84992,90349,96035,104227,109477,117370,126884,135905,135924,138783,141261,145380,146548,158078,166920,169725,173098,190272,200470,226238,239151,242095
 "08109","Saguache, CO",7,CAINC4,12,"..."," Farm income 2/","Thousands of dollars",1442,2833,1504,1280,2943,2617,2083,2715,1637,2605,4202,8118,3717,-262,9184,7842,9950,12178,8237,8929,9915,12162,10083,10168,17318,15875,16240,14311,14535,22016,22879,23641,21062,31426,8230,16455,26115,16733,22565,22115,15501,15395,29511,16731,28331,29613,40429,28414,23813,28595,37555,29481,41572,4595
 "08109","Saguache, CO",7,CAINC4,20,"...","Population (persons) 3/","Number of persons",3687,3843,3888,3982,3949,4078,4136,4108,4117,4226,3950,3962,4065,4119,4213,4184,4222,4330,4397,4469,4513,4632,4690,4693,4706,4898,5201,5413,5543,5613,5706,5939,6024,6209,6262,6365,6296,6223,6148,6179,6134,6123,6124,6215,6076,5984,5988,6094,6250,6391,6332,6393,6505,6623
 "08109","Saguache, CO",7,CAINC4,30,"...","Per capita personal income (dollars) 4/","Dollars",1954,2348,2150,2305,3120,3241,3404,3930,4015,4718,6495,8129,7515,6920,9433,9787,10585,11406,10728,10949,12012,12376,12484,13334,15391,15609,15592,15253,15797,17655,18174,17859,17605,19613,16650,18960,21536,21550,24309,25574,24686,25180,27886,26084,28782,31365,34627,32514,31506,34246,37591,40000,43155,37247
 "08109","Saguache, CO",7,CAINC4,35,"...","Earnings by place of work ","Thousands of dollars",4360,5725,4801,5300,7463,7544,7974,9555,9040,11878,18066,20007,15792,11780,21028,21739,25110,28340,26981,28183,32074,34368,33647,35535,43845,45312,48081,48055,52726,64823,68476,69066,63963,77562,56444,69179,82390,77186,84513,83726,80554,83451,98191,90366,103391,105371,120154,109142,105074,112960,124833,119994,138496,107441
 "08109","Saguache, CO",7,CAINC4,36,"...","Less: Contributions for government social insurance 5/","Thousands of dollars",163,165,190,245,321,368,439,505,565,728,1185,949,1042,1016,1003,1242,1406,1493,1760,1945,2426,2471,2701,2898,3070,3458,3663,3644,4022,4025,4386,4316,4606,5090,5624,6188,6659,6893,7617,7814,8010,8243,7567,8264,9172,9197,9617,10134,10638,11079,11309,12395,13065,14709
 "08109","Saguache, CO",7,CAINC4,37,"..."," Employee and self-employed contributions for government social insurance ","Thousands of dollars",88,88,101,131,160,181,217,238,267,350,566,464,503,508,488,610,723,797,927,1034,1281,1245,1376,1446,1528,1703,1898,1942,2147,2269,2370,2339,2216,2390,2539,2844,3168,3158,3469,3476,3820,4014,3383,3632,4443,4514,4883,5195,5312,5845,6172,7023,7460,8264
 "08109","Saguache, CO",7,CAINC4,38,"..."," Employer contributions for government social insurance ","Thousands of dollars",75,77,89,114,161,187,222,267,298,378,619,485,539,508,515,632,683,696,833,911,1145,1226,1325,1452,1542,1755,1765,1702,1875,1756,2016,1977,2390,2700,3085,3344,3491,3735,4148,4338,4190,4229,4184,4632,4729,4683,4734,4939,5326,5234,5137,5372,5605,6445
 "08109","Saguache, CO",7,CAINC4,42,"...","Plus: Adjustment for residence 6/","Thousands of dollars",-80,-65,-5,59,117,254,147,275,320,116,-1107,1000,1618,1913,2019,2049,2483,2937,2621,2856,2784,3562,4010,4131,4845,5566,6245,6403,6492,6382,7027,7536,9271,10187,12269,13510,14976,16794,19115,21027,18639,16160,14107,11568,9623,9819,10316,11001,12240,13340,14400,15580,17660,18254
 "08109","Saguache, CO",7,CAINC4,45,"...","Equals: Net earnings by place of residence ","Thousands of dollars",4117,5495,4606,5114,7259,7430,7682,9325,8795,11266,15774,20058,16368,12677,22044,22546,26187,29784,27842,29094,32432,35459,34956,36768,45620,47420,50663,50814,55196,67180,71117,72286,68628,82659,63089,76501,90707,87087,96011,96939,91183,91368,104731,93670,103842,105993,120853,110009,106676,115221,127924,123179,143091,110986
 "08109","Saguache, CO",7,CAINC4,46,"...","Plus: Dividends, interest, and rent 7/","Thousands of dollars",1779,1883,1973,2155,2756,3117,3321,3543,4119,4663,5454,6954,8391,9154,10281,10341,10084,10626,10021,10495,11534,11079,11950,12914,13788,15444,15032,15824,16303,15151,14289,15738,16823,16960,17975,20980,20291,20268,24607,31852,27812,27149,29806,31356,33036,35927,39676,38666,40064,47599,51791,56834,51860,55253
 "08109","Saguache, CO",7,CAINC4,47,"...","Plus: Personal current transfer receipts ","Thousands of dollars",1308,1646,1782,1908,2306,2670,3074,3278,3616,4011,4428,5194,5788,6672,7415,8062,8418,8979,9307,9340,10245,10789,11646,12896,13021,13588,15398,15928,16064,16766,18296,18038,20603,22156,23201,23201,24594,26748,28831,29229,32430,35661,36235,37085,38001,45771,46820,49464,50171,56047,58310,75706,85772,80451
 "08109","Saguache, CO",7,CAINC4,50,"...","Wages and salaries ","Thousands of dollars",2829,2972,3037,3579,4321,4688,5357,5985,6544,8295,12491,10752,10995,10880,10624,11683,12328,12455,14402,14865,17261,17788,18900,19968,20871,23331,24405,24614,27995,32228,33709,36482,38074,42045,42602,44129,47281,48401,51990,51504,53031,53081,52638,57070,58635,58572,59801,61634,63825,66651,66105,69484,75314,76721
 "08109","Saguache, CO",7,CAINC4,60,"...","Supplements to wages and salaries ","Thousands of dollars",279,289,340,459,539,620,736,862,979,1151,1671,1534,1644,1681,1799,2006,2225,2294,2704,2908,3558,4038,4472,5232,5598,6108,5992,6082,6853,7354,8273,8587,9897,10272,11019,12154,12197,13195,13549,13419,14913,14408,13575,15142,15215,15960,16194,16649,17153,17944,17422,18640,18670,19409
 "08109","Saguache, CO",7,CAINC4,61,"..."," Employer contributions for employee pension and insurance funds 8/","Thousands of dollars",204,212,251,345,378,433,514,595,681,773,1052,1049,1105,1173,1284,1374,1542,1598,1871,1997,2413,2812,3147,3780,4056,4353,4227,4380,4978,5598,6257,6610,7507,7572,7934,8810,8706,9460,9401,9081,10723,10179,9391,10510,10486,11277,11460,11710,11827,12710,12285,13268,13065,12964
 "08109","Saguache, CO",7,CAINC4,62,"..."," Employer contributions for government social insurance ","Thousands of dollars",75,77,89,114,161,187,222,267,298,378,619,485,539,508,515,632,683,696,833,911,1145,1226,1325,1452,1542,1755,1765,1702,1875,1756,2016,1977,2390,2700,3085,3344,3491,3735,4148,4338,4190,4229,4184,4632,4729,4683,4734,4939,5326,5234,5137,5372,5605,6445
 "08109","Saguache, CO",7,CAINC4,70,"...","Proprietors' income 9/","Thousands of dollars",1252,2464,1424,1262,2603,2236,1881,2708,1517,2432,3904,7721,3153,-781,8605,8050,10557,13591,9875,10410,11255,12542,10275,10335,17376,15873,17684,17359,17878,25241,26494,23997,15992,25245,2823,12896,22912,15590,18974,18803,12610,15962,31978,18154,29541,30839,44159,30859,24096,28365,41306,31870,44512,11311
 "08109","Saguache, CO",7,CAINC4,71,"..."," Farm proprietors' income ","Thousands of dollars",458,1755,467,127,1413,953,545,1222,49,654,1971,5694,1258,-2927,6557,5202,7234,9594,5624,5874,6544,8136,6123,6150,12674,9975,10002,8271,7342,14433,14806,14043,10766,19455,-1874,6154,14872,6393,11101,11969,4616,6244,20783,6961,17410,19106,31517,18166,12851,17749,29608,17867,28901,-5979
 "08109","Saguache, CO",7,CAINC4,72,"..."," Nonfarm proprietors' income ","Thousands of dollars",794,709,957,1135,1190,1283,1336,1486,1468,1778,1933,2027,1895,2146,2048,2848,3323,3997,4251,4536,4711,4406,4152,4185,4702,5898,7682,9088,10536,10808,11688,9954,5226,5790,4697,6742,8040,9197,7873,6834,7994,9718,11195,11193,12131,11733,12642,12693,11245,10616,11698,14003,15611,17290
 "08109","Saguache, CO",7,CAINC4,7010,"...","Total employment ","Number of jobs",1151,1200,1195,1179,1281,1355,1463,1537,1572,1658,1822,1900,1812,1735,1778,1794,1763,1808,1902,2041,2059,2118,2183,2133,2171,2237,2242,2362,2575,2649,2658,2706,2625,2689,2796,2750,2777,2811,2851,2881,2860,2860,2784,2866,2903,2910,2976,3049,3253,3240,3152,3157,3309,3451
 "08109","Saguache, CO",7,CAINC4,7020,"..."," Wage and salary employment ","Number of jobs",681,687,675,756,824,890,972,988,1007,1080,1257,1328,1190,1127,1112,1115,1087,1147,1271,1308,1333,1373,1384,1378,1393,1439,1337,1385,1589,1742,1790,1809,1778,1779,1897,1867,1913,1948,1925,1892,1879,1893,1814,1889,1878,1875,1927,1908,1985,1989,1989,1870,1884,1966
 "08109","Saguache, CO",7,CAINC4,7040,"..."," Proprietors employment ","Number of jobs",470,513,520,423,457,465,491,549,565,578,565,572,622,608,666,679,676,661,631,733,726,745,799,755,778,798,905,977,986,907,868,897,847,910,899,883,864,863,926,989,981,967,970,977,1025,1035,1049,1141,1268,1251,1163,1287,1425,1485
 "08111","San Juan, CO",7,CAINC4,10,"...","Personal income (thousands of dollars) ","Thousands of dollars",2023,2309,2104,3191,3301,3560,4202,5067,6153,6084,6082,7525,12167,11879,13778,13216,7769,12755,14762,13461,12651,12893,11228,9093,9815,10550,10585,11068,11703,13171,13925,14227,18100,20560,19683,17411,19638,23971,28301,29347,27093,24228,28596,30678,35596,33592,37706,33385,32251,31918,33955,38435,42114,42697
 "08111","San Juan, CO",7,CAINC4,11,"..."," Nonfarm personal income 1/","Thousands of dollars",2023,2309,2104,3191,3301,3560,4202,5067,6153,6084,6082,7525,12167,11879,13778,13216,7769,12755,14762,13461,12651,12893,11228,9093,9815,10550,10585,11068,11703,13171,13925,14227,18100,20560,19683,17411,19638,23971,28301,29347,27093,24228,28596,30678,35596,33592,37706,33385,32251,31918,33955,38435,42114,42697
 "08111","San Juan, CO",7,CAINC4,12,"..."," Farm income 2/","Thousands of dollars",0,0,0,0,0,0,0,0,0,0,0,0,0,0,0,0,0,0,0,0,0,0,0,0,0,0,0,0,0,0,0,0,0,0,0,0,0,0,0,0,0,0,0,0,0,0,0,0,0,0,0,0,0,0
 "08111","San Juan, CO",7,CAINC4,20,"...","Population (persons) 3/","Number of persons",803,825,794,787,865,872,890,892,918,861,856,845,891,942,960,951,870,742,906,830,753,749,705,588,587,554,565,576,555,543,549,562,581,594,610,631,627,649,661,670,657,707,686,684,681,697,672,669,687,729,690,710,740,803
 "08111","San Juan, CO",7,CAINC4,30,"...","Per capita personal income (dollars) 4/","Dollars",2519,2799,2650,4055,3816,4083,4721,5680,6703,7066,7105,8905,13655,12610,14352,13897,8930,17190,16294,16218,16801,17214,15926,15464,16721,19043,18735,19215,21086,24256,25364,25315,31153,34613,32267,27593,31321,36935,42815,43801,41237,34269,41685,44851,52270,48195,56110,49903,46945,43783,49210,54134,56911,53172
 "08111","San Juan, CO",7,CAINC4,35,"...","Earnings by place of work ","Thousands of dollars",2363,2724,2018,3674,3604,3762,4353,5352,6611,5974,5474,6971,12653,11909,14828,14128,5573,13782,17062,15411,14411,15111,11140,6648,7292,7934,6948,7145,7611,9032,9205,8928,12367,14674,13434,10147,12579,16173,19848,19502,17431,15205,16933,18524,23878,20906,22345,18802,18978,16555,16611,18196,22041,23014
 "08111","San Juan, CO",7,CAINC4,36,"...","Less: Contributions for government social insurance 5/","Thousands of dollars",130,153,103,226,248,283,330,375,468,417,393,536,1160,1114,1467,1479,516,1470,1756,1628,1523,1585,1181,654,734,800,679,686,712,770,770,753,987,1178,1183,1029,1193,1388,1729,1695,1640,1382,1336,1462,1674,1646,1792,1746,1885,1739,1880,1898,2297,2463
 "08111","San Juan, CO",7,CAINC4,37,"..."," Employee and self-employed contributions for government social insurance ","Thousands of dollars",68,79,55,114,129,141,162,201,246,219,209,284,578,551,690,673,264,708,848,784,748,789,607,367,407,437,383,388,408,455,456,435,629,716,689,598,661,812,1109,1045,1079,856,764,832,1109,1019,1148,1057,1062,999,1060,1128,1289,1425
 "08111","San Juan, CO",7,CAINC4,38,"..."," Employer contributions for government social insurance ","Thousands of dollars",62,74,48,112,119,142,168,174,222,198,184,252,582,563,777,806,252,762,908,844,775,796,574,287,327,363,296,298,304,315,314,318,358,462,494,431,532,576,620,650,561,526,572,630,565,627,644,689,823,740,820,770,1008,1038
 "08111","San Juan, CO",7,CAINC4,42,"...","Plus: Adjustment for residence 6/","Thousands of dollars",-676,-785,-494,-906,-786,-739,-732,-873,-1000,-678,-367,-412,-1362,-1354,-2179,-2168,-300,-2622,-3544,-3221,-3013,-3468,-1825,-206,-92,-16,310,382,449,262,353,544,590,607,669,808,837,877,881,848,1047,1328,1592,1911,2258,2384,2408,2407,2474,2587,2601,2583,2689,2872
 "08111","San Juan, CO",7,CAINC4,45,"...","Equals: Net earnings by place of residence ","Thousands of dollars",1557,1786,1421,2542,2570,2740,3291,4104,5143,4879,4714,6023,10131,9441,11182,10481,4757,9690,11762,10562,9875,10058,8134,5788,6466,7118,6579,6841,7348,8524,8788,8719,11970,14103,12920,9926,12223,15662,19000,18655,16838,15151,17189,18973,24462,21644,22961,19463,19567,17403,17332,18881,22433,23423
 "08111","San Juan, CO",7,CAINC4,46,"...","Plus: Dividends, interest, and rent 7/","Thousands of dollars",291,325,354,397,434,471,542,585,631,678,755,910,1188,1396,1730,1722,1669,1886,1801,1939,1689,1766,1784,1774,1859,2001,2413,2610,2781,3026,3347,3549,4045,4257,4494,5236,5030,5564,6566,8077,7188,5428,7913,7982,7485,7800,9794,8398,7683,8667,10089,10797,10644,11200
 "08111","San Juan, CO",7,CAINC4,47,"...","Plus: Personal current transfer receipts ","Thousands of dollars",175,198,329,252,297,349,369,378,379,527,613,592,848,1042,866,1013,1343,1179,1199,960,1087,1069,1310,1531,1490,1431,1593,1617,1574,1621,1790,1959,2085,2200,2269,2249,2385,2745,2735,2615,3067,3649,3494,3723,3649,4148,4951,5524,5001,5848,6534,8757,9037,8074
 "08111","San Juan, CO",7,CAINC4,50,"...","Wages and salaries ","Thousands of dollars",1797,2111,1459,2906,2826,2935,3355,4122,5030,4365,3968,5195,9693,9176,11406,11071,3870,10685,12683,11243,10029,10535,7576,4017,4250,4644,4174,4170,4321,5284,5433,5559,5895,6571,6895,5817,6272,6550,7563,7916,7182,6929,7151,7744,7448,7972,8028,8867,10148,9872,11024,10857,13780,14593
 "08111","San Juan, CO",7,CAINC4,60,"...","Supplements to wages and salaries ","Thousands of dollars",219,261,189,392,384,443,603,696,1005,952,827,1165,2357,2098,2657,2279,787,2079,2856,2596,2479,2877,2042,1100,1181,1287,1050,1054,1086,1244,1353,1378,1423,1593,1634,1483,1629,1696,1810,1864,1781,1756,1779,1971,1909,2102,2069,2181,2371,2424,2580,2546,3022,3012
 "08111","San Juan, CO",7,CAINC4,61,"..."," Employer contributions for employee pension and insurance funds 8/","Thousands of dollars",157,187,141,280,265,301,435,522,783,754,643,913,1775,1535,1880,1473,535,1317,1948,1752,1704,2081,1468,813,854,924,754,756,782,929,1039,1060,1065,1131,1140,1052,1097,1120,1190,1214,1220,1230,1207,1341,1344,1475,1425,1492,1548,1684,1760,1776,2014,1974
 "08111","San Juan, CO",7,CAINC4,62,"..."," Employer contributions for government social insurance ","Thousands of dollars",62,74,48,112,119,142,168,174,222,198,184,252,582,563,777,806,252,762,908,844,775,796,574,287,327,363,296,298,304,315,314,318,358,462,494,431,532,576,620,650,561,526,572,630,565,627,644,689,823,740,820,770,1008,1038
 "08111","San Juan, CO",7,CAINC4,70,"...","Proprietors' income 9/","Thousands of dollars",347,352,370,376,394,384,395,534,576,657,679,611,603,635,765,778,916,1018,1523,1572,1903,1699,1522,1531,1861,2003,1724,1921,2204,2504,2419,1991,5049,6510,4905,2847,4678,7927,10475,9722,8468,6520,8003,8809,14521,10832,12248,7754,6459,4259,3007,4793,5239,5409
 "08111","San Juan, CO",7,CAINC4,71,"..."," Farm proprietors' income ","Thousands of dollars",0,0,0,0,0,0,0,0,0,0,0,0,0,0,0,0,0,0,0,0,0,0,0,0,0,0,0,0,0,0,0,0,0,0,0,0,0,0,0,0,0,0,0,0,0,0,0,0,0,0,0,0,0,0
 "08111","San Juan, CO",7,CAINC4,72,"..."," Nonfarm proprietors' income ","Thousands of dollars",347,352,370,376,394,384,395,534,576,657,679,611,603,635,765,778,916,1018,1523,1572,1903,1699,1522,1531,1861,2003,1724,1921,2204,2504,2419,1991,5049,6510,4905,2847,4678,7927,10475,9722,8468,6520,8003,8809,14521,10832,12248,7754,6459,4259,3007,4793,5239,5409
 "08111","San Juan, CO",7,CAINC4,7010,"...","Total employment ","Number of jobs",357,369,289,455,454,453,456,494,528,481,441,472,661,603,671,645,381,624,649,620,575,595,507,387,396,417,395,406,404,415,415,406,499,530,542,514,475,515,529,511,492,509,522,516,504,543,551,581,594,573,594,592,699,723
 "08111","San Juan, CO",7,CAINC4,7020,"..."," Wage and salary employment ","Number of jobs",304,320,252,411,394,388,386,423,458,412,373,404,590,521,569,539,277,519,543,494,459,465,367,255,281,285,250,254,250,292,301,292,291,308,320,300,291,294,306,305,280,279,293,315,282,294,299,304,342,334,357,321,382,386
 "08111","San Juan, CO",7,CAINC4,7040,"..."," Proprietors employment ","Number of jobs",53,49,37,44,60,65,70,71,70,69,68,68,71,82,102,106,104,105,106,126,116,130,140,132,115,132,145,152,154,123,114,114,208,222,222,214,184,221,223,206,212,230,229,201,222,249,252,277,252,239,237,271,317,337
 "08113","San Miguel, CO",7,CAINC4,10,"...","Personal income (thousands of dollars) ","Thousands of dollars",5160,5586,6007,7314,8781,9510,10953,13053,14001,16030,19894,22584,23788,26190,27771,31934,35335,39617,45385,49780,57160,70540,78383,99983,116884,135634,151946,162877,175605,201095,220997,241949,319448,332888,328435,337264,372379,409718,431841,392703,380407,350141,379229,386985,450200,543638,593549,578549,615674,682589,753532,811449,1013665,1109497
 "08113","San Miguel, CO",7,CAINC4,11,"..."," Nonfarm personal income 1/","Thousands of dollars",4435,4951,5518,6351,7736,8956,9973,11662,13235,15696,19068,22266,23821,26264,27982,32404,36045,40048,45348,49616,57398,70837,78484,99915,116912,136282,152480,163714,176063,202144,221754,243053,321395,333927,328923,336648,371360,409472,431215,394651,381007,350715,377986,387050,450126,543573,592750,577329,616398,680483,755017,811563,1014282,1109980
 "08113","San Miguel, CO",7,CAINC4,12,"..."," Farm income 2/","Thousands of dollars",725,635,489,963,1045,554,980,1391,766,334,826,318,-33,-74,-211,-470,-710,-431,37,164,-238,-297,-101,68,-28,-648,-534,-837,-458,-1049,-757,-1104,-1947,-1039,-488,616,1019,246,626,-1948,-600,-574,1243,-65,74,65,799,1220,-724,2106,-1485,-114,-617,-483
 "08113","San Miguel, CO",7,CAINC4,20,"...","Population (persons) 3/","Number of persons",1934,1960,2049,1989,2179,2303,2275,2478,2842,2950,2888,3192,3188,3017,3044,3011,2957,3214,3332,3350,3407,3741,4108,4440,4841,5171,5419,5776,5991,6256,6396,6609,6858,7111,7062,7038,7097,7071,7322,7366,7379,7357,7485,7577,7616,7730,7823,8000,8012,8152,8122,8054,8074,8003
 "08113","San Miguel, CO",7,CAINC4,30,"...","Per capita personal income (dollars) 4/","Dollars",2668,2850,2932,3677,4030,4129,4815,5268,4926,5434,6889,7075,7462,8681,9123,10606,11950,12326,13621,14860,16777,18856,19081,22519,24145,26230,28039,28199,29311,32144,34552,36609,46580,46813,46507,47920,52470,57943,58979,53313,51553,47593,50665,51074,59112,70328,75872,72319,76844,83733,92777,100751,125547,138635
 "08113","San Miguel, CO",7,CAINC4,35,"...","Earnings by place of work ","Thousands of dollars",4836,5043,5120,6075,6902,7057,8301,10236,11021,12235,15615,17419,15570,16471,16654,18903,23244,27748,33352,34348,41504,54483,61611,82072,97824,112011,126368,131163,142501,162736,181007,198115,275574,285745,275000,263371,297304,317096,330752,293491,264678,249785,244073,244770,270487,314838,376976,385266,381907,381999,406157,409145,544145,618209
 "08113","San Miguel, CO",7,CAINC4,36,"...","Less: Contributions for government social insurance 5/","Thousands of dollars",230,243,261,300,393,445,487,560,662,782,1071,1294,1241,1351,1357,1559,2080,2559,3077,3200,4141,5557,6646,8639,10568,12290,13748,13953,14827,15711,17303,18545,23465,24533,23817,25358,29251,31064,33176,31053,28039,26815,24131,24493,28029,32030,37383,38152,38174,39933,42209,41730,50076,58717
 "08113","San Miguel, CO",7,CAINC4,37,"..."," Employee and self-employed contributions for government social insurance ","Thousands of dollars",122,131,138,161,210,236,259,303,355,409,556,671,643,713,716,835,1133,1375,1623,1715,2190,2975,3488,4612,5418,6229,7001,7173,7697,8557,9351,10065,13815,13998,13422,13608,15060,16134,17514,15550,14519,14025,10524,10731,14006,15929,19389,20363,19974,20974,21965,22060,27570,32745
 "08113","San Miguel, CO",7,CAINC4,38,"..."," Employer contributions for government social insurance ","Thousands of dollars",108,112,123,139,183,209,228,257,307,373,515,623,598,638,641,724,947,1184,1454,1485,1951,2582,3158,4027,5150,6061,6747,6780,7130,7154,7952,8480,9650,10535,10395,11750,14191,14930,15662,15503,13520,12790,13607,13762,14023,16101,17994,17789,18200,18959,20244,19670,22506,25972
 "08113","San Miguel, CO",7,CAINC4,42,"...","Plus: Adjustment for residence 6/","Thousands of dollars",-793,-834,-784,-657,-504,-459,-657,-747,-968,-814,-1047,-1058,186,712,1109,1412,-58,-638,-1159,-332,-1518,-3482,-4323,-6305,-8912,-10898,-12581,-13202,-14564,-17595,-20664,-22908,-26035,-26634,-26113,-29053,-37338,-42760,-50371,-52623,-38173,-29760,-24917,-21503,-19302,-21699,-23806,-24616,-25368,-26128,-27427,-26530,-31657,-34513
 "08113","San Miguel, CO",7,CAINC4,45,"...","Equals: Net earnings by place of residence ","Thousands of dollars",3813,3966,4075,5118,6005,6153,7157,8929,9391,10639,13497,15067,14515,15832,16406,18756,21106,24551,29116,30816,35845,45444,50642,67128,78344,88823,100039,104008,113110,129430,143040,156662,226074,234578,225070,208960,230715,243272,247205,209815,198466,193210,195025,198774,223156,261109,315787,322498,318365,315938,336521,340885,462412,524979
 "08113","San Miguel, CO",7,CAINC4,46,"...","Plus: Dividends, interest, and rent 7/","Thousands of dollars",875,1087,1265,1485,1908,2289,2542,2770,3187,3926,4641,5542,6641,7655,8576,10336,11277,11870,12966,15699,17809,21417,23561,27875,33321,41251,45522,52287,55945,64778,70112,76700,83681,87082,92018,116407,128643,152386,169601,166028,162610,133780,160410,164710,201928,252682,244214,219998,259477,325117,371560,394125,476367,522706
 "08113","San Miguel, CO",7,CAINC4,47,"...","Plus: Personal current transfer receipts ","Thousands of dollars",472,533,667,711,868,1068,1254,1354,1423,1465,1756,1975,2632,2703,2789,2842,2952,3196,3303,3265,3506,3679,4180,4980,5219,5560,6385,6582,6550,6887,7845,8587,9693,11228,11347,11897,13021,14060,15035,16860,19331,23151,23794,23501,25116,29847,33548,36053,37832,41534,45451,76439,74886,61812
 "08113","San Miguel, CO",7,CAINC4,50,"...","Wages and salaries ","Thousands of dollars",2996,3137,3191,3492,3970,4364,4986,5873,6917,8067,10387,12173,11188,11761,11511,12305,15615,18654,22644,22836,29111,38239,42958,54743,67009,78367,88253,91099,97421,112009,124474,133914,145841,147936,139408,151343,174051,191192,208684,210581,184661,173511,171072,173782,182115,200682,226465,229855,238299,252473,272517,268243,312756,354444
 "08113","San Miguel, CO",7,CAINC4,60,"...","Supplements to wages and salaries ","Thousands of dollars",406,427,473,513,558,681,789,903,1182,1390,1767,2045,1918,2029,2037,2124,2787,3473,4106,4281,5730,7609,8955,11832,14836,16897,18191,18385,19653,21153,23941,26325,29093,29423,29573,32022,37258,37966,40447,40575,38308,35507,34160,35171,37221,41934,44751,45215,45856,49209,51370,49936,56318,59632
 "08113","San Miguel, CO",7,CAINC4,61,"..."," Employer contributions for employee pension and insurance funds 8/","Thousands of dollars",298,315,350,374,375,472,561,646,875,1017,1252,1422,1320,1391,1396,1400,1840,2289,2652,2796,3779,5027,5797,7805,9686,10836,11444,11605,12523,13999,15989,17845,19443,18888,19178,20272,23067,23036,24785,25072,24788,22717,20553,21409,23198,25833,26757,27426,27656,30250,31126,30266,33812,33660
 "08113","San Miguel, CO",7,CAINC4,62,"..."," Employer contributions for government social insurance ","Thousands of dollars",108,112,123,139,183,209,228,257,307,373,515,623,598,638,641,724,947,1184,1454,1485,1951,2582,3158,4027,5150,6061,6747,6780,7130,7154,7952,8480,9650,10535,10395,11750,14191,14930,15662,15503,13520,12790,13607,13762,14023,16101,17994,17789,18200,18959,20244,19670,22506,25972
 "08113","San Miguel, CO",7,CAINC4,70,"...","Proprietors' income 9/","Thousands of dollars",1434,1479,1456,2070,2374,2012,2526,3460,2922,2778,3461,3201,2464,2681,3106,4474,4842,5621,6602,7231,6663,8635,9698,15497,15979,16747,19924,21679,25427,29574,32592,37876,100640,108386,106019,80006,85995,87938,81621,42335,41709,40767,38841,35817,51151,72222,105760,110196,97752,80317,82270,90966,175071,204133
 "08113","San Miguel, CO",7,CAINC4,71,"..."," Farm proprietors' income ","Thousands of dollars",507,426,313,791,844,360,785,1184,528,32,513,8,-319,-348,-463,-707,-932,-631,-158,-66,-498,-610,-409,-233,-331,-975,-835,-1080,-695,-1290,-1002,-1396,-2250,-1377,-817,227,551,-238,36,-2481,-1169,-1048,791,-565,-488,-483,339,692,-1290,1557,-1889,-698,-1249,-1017
 "08113","San Miguel, CO",7,CAINC4,72,"..."," Nonfarm proprietors' income ","Thousands of dollars",927,1053,1143,1279,1530,1652,1741,2276,2394,2746,2948,3193,2783,3029,3569,5181,5774,6252,6760,7297,7161,9245,10107,15730,16310,17722,20759,22759,26122,30864,33594,39272,102890,109763,106836,79779,85444,88176,81585,44816,42878,41815,38050,36382,51639,72705,105421,109504,99042,78760,84159,91664,176320,205150
 "08113","San Miguel, CO",7,CAINC4,7010,"...","Total employment ","Number of jobs",804,786,837,904,1086,1166,1228,1286,1378,1501,1665,1840,1765,1727,1724,1846,2114,2367,2584,2813,3183,3613,4001,4562,5116,5629,6068,6127,6399,6763,7006,7218,7399,7373,7306,7532,7966,8208,8418,8225,7850,7596,7739,7775,7941,8291,8634,8900,9056,9217,9192,8538,9256,9825
 "08113","San Miguel, CO",7,CAINC4,7020,"..."," Wage and salary employment ","Number of jobs",578,534,519,571,691,748,809,853,900,992,1097,1201,1128,1096,1078,1102,1285,1447,1622,1718,2036,2348,2595,3043,3542,3990,4274,4194,4339,4557,4838,4924,5045,4937,4834,4903,5225,5381,5471,5341,4871,4733,4740,4727,4813,5053,5368,5487,5609,5784,6038,5222,5785,6107
 "08113","San Miguel, CO",7,CAINC4,7040,"..."," Proprietors employment ","Number of jobs",226,252,318,333,395,418,419,433,478,509,568,639,637,631,646,744,829,920,962,1095,1147,1265,1406,1519,1574,1639,1794,1933,2060,2206,2168,2294,2354,2436,2472,2629,2741,2827,2947,2884,2979,2863,2999,3048,3128,3238,3266,3413,3447,3433,3154,3316,3471,3718
 "08115","Sedgwick, CO",7,CAINC4,10,"...","Personal income (thousands of dollars) ","Thousands of dollars",14730,14426,15365,18190,19197,25749,21662,24046,26465,25215,22740,29103,34530,33380,42203,42048,41082,45545,44657,44320,43935,46803,47249,50433,53003,54107,58030,67645,64662,71625,74663,68171,73334,64538,71601,74647,75150,68828,92956,97407,87479,96652,110123,112401,112842,111762,104580,105890,95703,90535,100609,97909,120309,101101
 "08115","Sedgwick, CO",7,CAINC4,11,"..."," Nonfarm personal income 1/","Thousands of dollars",10074,10974,11820,12854,14726,16010,16955,18682,20294,22334,24192,27880,30657,32080,35670,37152,36371,37074,35784,36436,37603,38287,39295,40233,42695,43805,46259,47942,50819,50929,52820,54129,57666,57047,58810,57374,56915,55846,64580,64596,68194,71638,75638,79181,86596,88469,91156,88343,90411,90945,91208,100791,105073,103068
 "08115","Sedgwick, CO",7,CAINC4,12,"..."," Farm income 2/","Thousands of dollars",4656,3452,3545,5336,4471,9739,4707,5364,6171,2881,-1452,1223,3873,1300,6533,4896,4711,8471,8873,7884,6332,8516,7954,10200,10308,10302,11771,19703,13843,20696,21843,14042,15668,7491,12791,17273,18235,12982,28376,32811,19285,25014,34485,33220,26246,23293,13424,17547,5292,-410,9401,-2882,15236,-1967
 "08115","Sedgwick, CO",7,CAINC4,20,"...","Population (persons) 3/","Number of persons",3532,3405,3437,3392,3321,3298,3404,3366,3345,3370,3412,3259,3228,3225,3175,3139,3060,2961,2851,2797,2765,2678,2692,2674,2684,2688,2683,2743,2696,2663,2711,2746,2661,2694,2652,2551,2522,2474,2400,2421,2392,2374,2387,2406,2380,2387,2442,2481,2406,2388,2391,2390,2331,2295
 "08115","Sedgwick, CO",7,CAINC4,30,"...","Per capita personal income (dollars) 4/","Dollars",4170,4237,4470,5363,5780,7807,6364,7144,7912,7482,6665,8930,10697,10350,13292,13395,13425,15382,15664,15846,15890,17477,17552,18861,19748,20129,21629,24661,23984,26896,27541,24826,27559,23956,26999,29262,29798,27821,38732,40234,36571,40713,46134,46717,47413,46821,42826,42680,39777,37912,42078,40966,51613,44053
 "08115","Sedgwick, CO",7,CAINC4,35,"...","Earnings by place of work ","Thousands of dollars",11867,11372,11971,14511,14441,20289,14775,16642,17865,15619,11526,15213,18777,15969,22005,21188,19644,23566,24321,24547,23091,26029,25901,29176,30390,31199,32121,40856,37469,44926,47339,39122,43920,36578,42731,47627,48676,43210,67456,63966,51089,57786,68158,67864,64924,62010,54732,57686,43810,40379,49552,39737,60165,39886
 "08115","Sedgwick, CO",7,CAINC4,36,"...","Less: Contributions for government social insurance 5/","Thousands of dollars",411,459,497,566,726,817,767,898,956,1039,1106,1202,1379,1367,1465,1632,1500,1512,1578,1790,1923,2035,2218,2280,2453,2618,2668,2696,2906,2663,2830,2696,2875,3014,3123,3359,3444,3505,4852,3939,3876,3854,3593,3686,4258,4267,4394,4562,4708,4912,5050,5438,5632,5862
 "08115","Sedgwick, CO",7,CAINC4,37,"..."," Employee and self-employed contributions for government social insurance ","Thousands of dollars",228,246,265,298,373,411,385,424,444,478,517,578,673,687,717,798,778,809,829,980,1075,1091,1165,1210,1311,1351,1363,1372,1482,1464,1498,1449,1603,1655,1703,1816,1878,1913,2496,2089,2165,2178,1905,1895,2318,2313,2488,2538,2536,2782,2908,3133,3255,3346
 "08115","Sedgwick, CO",7,CAINC4,38,"..."," Employer contributions for government social insurance ","Thousands of dollars",183,213,232,268,353,406,382,474,512,561,589,624,706,680,748,834,722,703,749,810,848,944,1053,1070,1142,1267,1305,1324,1424,1199,1332,1247,1272,1359,1420,1543,1566,1592,2356,1850,1711,1676,1688,1791,1940,1954,1906,2024,2172,2130,2142,2305,2377,2516
 "08115","Sedgwick, CO",7,CAINC4,42,"...","Plus: Adjustment for residence 6/","Thousands of dollars",-532,-678,-603,-537,-430,-312,53,190,489,682,1137,1638,1536,1507,1362,1194,1072,912,686,521,341,154,391,672,1013,1354,1678,2076,2309,2786,3229,3968,3966,3556,3365,2716,2118,1720,310,985,1967,4223,6336,9641,12335,11657,11167,11025,13454,8780,6469,5857,5765,8152
 "08115","Sedgwick, CO",7,CAINC4,45,"...","Equals: Net earnings by place of residence ","Thousands of dollars",10924,10235,10871,13408,13285,19160,14061,15934,17398,15262,11557,15649,18934,16109,21902,20750,19216,22966,23429,23278,21509,24148,24074,27568,28950,29935,31131,40236,36872,45049,47738,40394,45011,37120,42973,46984,47350,41425,62914,61012,49180,58155,70901,73819,73001,69400,61505,64149,52556,44247,50971,40156,60298,42176
 "08115","Sedgwick, CO",7,CAINC4,46,"...","Plus: Dividends, interest, and rent 7/","Thousands of dollars",2791,3016,3139,3418,4175,4603,5191,5382,6114,6642,7501,9233,10787,11735,14335,15034,14998,15201,13594,13459,14105,14210,14135,12726,13280,12785,14576,14799,15193,14020,13678,14648,14463,12099,13123,12230,11784,10077,12497,15666,16480,15540,17455,16132,17615,18394,18101,16476,16973,18036,18924,19767,18123,18491
 "08115","Sedgwick, CO",7,CAINC4,47,"...","Plus: Personal current transfer receipts ","Thousands of dollars",1015,1175,1355,1364,1737,1986,2410,2730,2953,3311,3682,4221,4809,5536,5966,6264,6868,7378,7634,7583,8321,8445,9040,10139,10773,11387,12323,12610,12597,12556,13247,13129,13860,15319,15505,15433,16016,17326,17545,20729,21819,22957,21767,22450,22226,23968,24974,25265,26174,28252,30714,37986,41888,40434
 "08115","Sedgwick, CO",7,CAINC4,50,"...","Wages and salaries ","Thousands of dollars",5363,6223,6496,6970,7671,8126,7729,8688,9233,10190,10348,11128,11781,11490,11850,12376,10975,10457,11135,11544,11842,12784,13321,13573,14221,15574,16306,16942,18990,18840,19360,20225,20135,20909,20075,21338,22619,22776,30577,23885,24321,24416,24967,27011,28314,28829,28908,28988,29786,31116,31214,34820,36595,32560
 "08115","Sedgwick, CO",7,CAINC4,60,"...","Supplements to wages and salaries ","Thousands of dollars",552,663,733,866,969,1096,1049,1243,1432,1639,1676,1802,1952,1969,2183,2340,2179,2198,2394,2455,2684,3032,3309,3685,3946,4190,4198,4339,4751,4579,5067,5092,5394,5315,5386,5840,6094,6122,7719,6553,6753,6762,6617,7037,7483,7771,7769,8169,8230,8558,8406,8892,9203,8528
 "08115","Sedgwick, CO",7,CAINC4,61,"..."," Employer contributions for employee pension and insurance funds 8/","Thousands of dollars",369,450,501,598,616,690,667,769,920,1078,1087,1178,1246,1289,1435,1506,1457,1495,1645,1645,1836,2088,2256,2615,2804,2923,2893,3015,3327,3380,3735,3845,4122,3956,3966,4297,4528,4530,5363,4703,5042,5086,4929,5246,5543,5817,5863,6145,6058,6428,6264,6587,6826,6012
 "08115","Sedgwick, CO",7,CAINC4,62,"..."," Employer contributions for government social insurance ","Thousands of dollars",183,213,232,268,353,406,382,474,512,561,589,624,706,680,748,834,722,703,749,810,848,944,1053,1070,1142,1267,1305,1324,1424,1199,1332,1247,1272,1359,1420,1543,1566,1592,2356,1850,1711,1676,1688,1791,1940,1954,1906,2024,2172,2130,2142,2305,2377,2516
 "08115","Sedgwick, CO",7,CAINC4,70,"...","Proprietors' income 9/","Thousands of dollars",5952,4486,4742,6675,5801,11067,5997,6711,7200,3790,-498,2283,5044,2510,7972,6472,6490,10911,10792,10548,8565,10213,9271,11918,12223,11435,11617,19575,13728,21507,22912,13805,18391,10354,17270,20449,19963,14312,29160,33528,20015,26608,36574,33816,29127,25410,18055,20529,5794,705,9932,-3975,14367,-1202
 "08115","Sedgwick, CO",7,CAINC4,71,"..."," Farm proprietors' income ","Thousands of dollars",4027,2779,2905,4632,3518,8710,3559,4077,4633,825,-3561,-854,1920,-657,4728,3189,3040,6953,7397,6281,4675,6648,6210,8514,8118,7249,8263,16068,9246,16332,17624,9403,11051,2456,8468,12782,13257,8313,23107,27980,13960,20418,29978,28043,20462,17710,8698,12115,-518,-6141,5197,-9013,8559,-7559
 "08115","Sedgwick, CO",7,CAINC4,72,"..."," Nonfarm proprietors' income ","Thousands of dollars",1925,1707,1837,2043,2283,2357,2438,2634,2567,2965,3063,3137,3124,3167,3244,3283,3450,3958,3395,4267,3890,3565,3061,3404,4105,4186,3354,3507,4482,5175,5288,4402,7340,7898,8802,7667,6706,5999,6053,5548,6055,6190,6596,5773,8665,7700,9357,8414,6312,6846,4735,5038,5808,6357
 "08115","Sedgwick, CO",7,CAINC4,7010,"...","Total employment ","Number of jobs",1936,2002,1964,1938,2036,2100,1880,1888,1880,1877,1756,1782,1776,1716,1719,1724,1544,1512,1496,1590,1552,1563,1511,1443,1523,1593,1584,1641,1765,1709,1643,1642,1541,1509,1466,1443,1447,1444,1619,1458,1457,1438,1423,1447,1466,1457,1470,1438,1460,1422,1436,1444,1459,1423
 "08115","Sedgwick, CO",7,CAINC4,7020,"..."," Wage and salary employment ","Number of jobs",1254,1337,1310,1307,1337,1419,1238,1235,1251,1280,1177,1205,1197,1121,1116,1113,944,928,940,956,965,993,941,920,949,979,972,1012,1123,1064,1040,1026,958,917,916,933,942,945,1068,916,897,877,861,900,921,896,910,888,896,879,901,894,890,837
 "08115","Sedgwick, CO",7,CAINC4,7040,"..."," Proprietors employment ","Number of jobs",682,665,654,631,699,681,642,653,629,597,579,577,579,595,603,611,600,584,556,634,587,570,570,523,574,614,612,629,642,645,603,616,583,592,550,510,505,499,551,542,560,561,562,547,545,561,560,550,564,543,535,550,569,586
 "08117","Summit, CO",7,CAINC4,10,"...","Personal income (thousands of dollars) ","Thousands of dollars",7091,8630,12610,19018,25067,26999,32375,40699,55307,73153,92161,113622,131981,148148,157576,176505,191605,198204,211330,227672,259238,289033,324646,367867,402159,462545,517915,570258,622488,713345,768198,846836,904189,900381,899136,955426,1002277,1175724,1243168,1311083,1186958,1216661,1343325,1376836,1536097,1638450,1795842,1859712,1959292,2127656,2336514,2412349,2672458,2886032
 "08117","Summit, CO",7,CAINC4,11,"..."," Nonfarm personal income 1/","Thousands of dollars",6981,8513,12653,18755,24798,26998,31786,40094,54944,72807,91243,113107,131820,148339,157719,176738,191725,198520,211740,228088,259670,289448,324945,368280,402615,463238,518512,570808,622745,713695,768406,847206,904219,900202,899241,955490,1002393,1175776,1243282,1311290,1186822,1216396,1342769,1376561,1535788,1638233,1795568,1859700,1959478,2128038,2336880,2412686,2672789,2887055
 "08117","Summit, CO",7,CAINC4,12,"..."," Farm income 2/","Thousands of dollars",110,117,-43,263,269,1,589,605,363,346,918,515,161,-191,-143,-233,-120,-316,-410,-416,-432,-415,-299,-413,-456,-693,-597,-550,-257,-350,-208,-370,-30,179,-105,-64,-116,-52,-114,-207,136,265,556,275,309,217,274,12,-186,-382,-366,-337,-331,-1023
 "08117","Summit, CO",7,CAINC4,20,"...","Population (persons) 3/","Number of persons",2442,2793,3337,4027,4854,5557,5922,6511,7276,7978,8559,8960,9388,10273,10688,10636,11058,11477,11415,11634,12191,13124,13962,15025,16169,17490,18873,19900,20976,21702,23069,23700,24716,25006,25408,25313,25487,26019,26603,27144,27678,28083,28084,28373,28838,29463,30228,30772,31082,31037,31151,30994,30971,30565
 "08117","Summit, CO",7,CAINC4,30,"...","Per capita personal income (dollars) 4/","Dollars",2904,3090,3779,4723,5164,4859,5467,6251,7601,9169,10768,12681,14058,14421,14743,16595,17327,17270,18513,19570,21265,22023,23252,24484,24872,26446,27442,28656,29676,32870,33300,35731,36583,36007,35388,37744,39325,45187,46730,48301,42885,43324,47832,48526,53266,55610,59410,60435,63036,68552,75006,77833,86289,94423
 "08117","Summit, CO",7,CAINC4,35,"...","Earnings by place of work ","Thousands of dollars",5004,5990,9609,16010,21382,21277,23514,30350,44370,58619,76291,94035,110021,125065,134404,154204,168395,173446,187720,201220,230179,260217,295987,333970,369107,420149,462433,501545,544757,614586,672332,733434,785098,789071,765561,783414,813141,940214,999953,967974,860832,859763,862971,891822,978666,1091390,1220551,1289857,1371940,1460422,1557338,1548297,1673608,1880244
 "08117","Summit, CO",7,CAINC4,36,"...","Less: Contributions for government social insurance 5/","Thousands of dollars",219,279,556,1044,1580,1559,1600,2094,3405,4706,6581,8392,10612,12142,13122,15546,17333,17875,19122,20879,24449,28520,33125,36722,41423,47554,51450,55187,60081,62308,67516,72810,78293,82219,80065,84185,88998,99158,105492,104897,93843,93377,86215,87668,103420,114603,128609,136604,143289,152375,158514,157566,171439,200096
 "08117","Summit, CO",7,CAINC4,37,"..."," Employee and self-employed contributions for government social insurance ","Thousands of dollars",140,169,299,531,800,806,823,1039,1634,2207,3104,3999,5127,6004,6369,7373,8475,8831,9464,10396,12195,14201,16776,18621,20431,23533,25892,27774,29947,32868,35389,38073,40902,40738,39438,40897,42321,49033,53497,51839,47398,46658,36220,37222,51803,57032,64915,70121,73503,79633,83592,83815,89658,104784
 "08117","Summit, CO",7,CAINC4,38,"..."," Employer contributions for government social insurance ","Thousands of dollars",79,110,257,513,780,753,777,1055,1771,2499,3477,4393,5485,6138,6753,8173,8858,9044,9658,10483,12254,14319,16349,18101,20992,24021,25558,27413,30134,29440,32127,34737,37391,41481,40627,43288,46677,50125,51995,53058,46445,46719,49995,50446,51617,57571,63694,66483,69786,72742,74922,73751,81781,95312
 "08117","Summit, CO",7,CAINC4,42,"...","Plus: Adjustment for residence 6/","Thousands of dollars",292,293,335,188,350,1295,2620,3260,3294,4577,5914,7668,6740,4199,2018,738,-536,-1452,-2981,-4591,-7695,-11356,-14809,-17511,-21045,-25481,-28419,-32233,-37004,-42944,-49666,-55958,-58511,-57972,-55295,-56424,-59141,-64058,-66213,-65770,-55027,-49446,-43426,-30169,-24869,-29804,-39161,-43513,-45944,-48118,-48721,-45502,-52580,-61224
 "08117","Summit, CO",7,CAINC4,45,"...","Equals: Net earnings by place of residence ","Thousands of dollars",5077,6004,9388,15154,20152,21013,24534,31516,44259,58490,75624,93311,106149,117122,123300,139396,150526,154119,165617,175750,198035,220341,248053,279737,306639,347114,382564,414125,447672,509334,555150,604666,648294,648880,630201,642805,665002,776998,828248,797307,711962,716940,733330,773985,850377,946983,1052781,1109740,1182707,1259929,1350103,1345229,1449589,1618924
 "08117","Summit, CO",7,CAINC4,46,"...","Plus: Dividends, interest, and rent 7/","Thousands of dollars",1646,2167,2687,3255,4128,5070,6168,7220,8665,12350,14047,17248,21565,25568,28527,31477,35488,38248,39371,44897,52635,59377,66068,75924,82411,101370,118621,137670,156485,184821,191267,217534,225776,215699,230511,273066,293430,350013,362435,443165,395560,405057,511795,509104,587779,582578,624061,621174,643531,724322,832395,798955,964969,1057821
 "08117","Summit, CO",7,CAINC4,47,"...","Plus: Personal current transfer receipts ","Thousands of dollars",368,459,535,609,787,916,1673,1963,2383,2313,2490,3063,4267,5458,5749,5632,5591,5837,6342,7025,8568,9315,10525,12206,13109,14061,16730,18463,18331,19190,21781,24636,30119,35802,38424,39555,43845,48713,52485,70611,79436,94664,98200,93747,97941,108889,119000,128798,133054,143405,154016,268165,257900,209287
 "08117","Summit, CO",7,CAINC4,50,"...","Wages and salaries ","Thousands of dollars",2591,3375,6571,11381,15284,15172,16334,20948,32587,43641,57461,72694,86960,99480,105177,119494,129977,131696,141911,150783,173230,197020,219776,240734,269746,305708,329370,359199,397268,442265,486099,531206,555114,547983,533038,552270,574201,640353,681926,703412,633800,630448,638409,650848,697602,757156,839057,884483,934396,986601,1035695,1035775,1154783,1309211
 "08117","Summit, CO",7,CAINC4,60,"...","Supplements to wages and salaries ","Thousands of dollars",247,330,612,1103,1590,1690,1946,2566,4033,5687,7558,9444,11469,13500,15402,18260,20706,22019,23178,25253,29953,35463,41066,48623,55105,61070,63168,67302,74386,79305,89293,99023,104417,106366,107448,112018,118399,121381,127119,130269,125285,124645,121718,125723,135027,150332,160234,166803,171622,183741,188874,185998,200579,215020
 "08117","Summit, CO",7,CAINC4,61,"..."," Employer contributions for employee pension and insurance funds 8/","Thousands of dollars",168,220,355,590,810,937,1169,1511,2262,3188,4081,5051,5984,7362,8649,10087,11848,12975,13520,14770,17699,21144,24717,30522,34113,37049,37610,39889,44252,49865,57166,64286,67026,64885,66821,68730,71722,71256,75124,77211,78840,77926,71723,75277,83410,92761,96540,100320,101836,110999,113952,112247,118798,119708
 "08117","Summit, CO",7,CAINC4,62,"..."," Employer contributions for government social insurance ","Thousands of dollars",79,110,257,513,780,753,777,1055,1771,2499,3477,4393,5485,6138,6753,8173,8858,9044,9658,10483,12254,14319,16349,18101,20992,24021,25558,27413,30134,29440,32127,34737,37391,41481,40627,43288,46677,50125,51995,53058,46445,46719,49995,50446,51617,57571,63694,66483,69786,72742,74922,73751,81781,95312
 "08117","Summit, CO",7,CAINC4,70,"...","Proprietors' income 9/","Thousands of dollars",2166,2285,2426,3526,4508,4415,5234,6836,7750,9291,11272,11897,11592,12085,13825,16450,17712,19731,22631,25184,26996,27734,35145,44613,44256,53371,69895,75044,73103,93016,96940,103205,125567,134722,125075,119126,120541,178480,190908,134293,101747,104670,102844,115251,146037,183902,221260,238571,265922,290080,332769,326524,318246,356013
 "08117","Summit, CO",7,CAINC4,71,"..."," Farm proprietors' income ","Thousands of dollars",50,60,-92,217,211,-57,515,513,248,190,754,342,-4,-361,-294,-367,-231,-411,-495,-496,-505,-490,-359,-456,-535,-828,-773,-753,-530,-610,-463,-652,-315,-133,-404,-409,-526,-472,-623,-760,-554,-396,-159,-621,-687,-752,-544,-927,-1190,-1368,-1090,-1386,-1469,-1983
 "08117","Summit, CO",7,CAINC4,72,"..."," Nonfarm proprietors' income ","Thousands of dollars",2116,2225,2518,3309,4297,4472,4719,6323,7502,9101,10518,11555,11596,12446,14119,16817,17943,20142,23126,25680,27501,28224,35504,45069,44791,54199,70668,75797,73633,93626,97403,103857,125882,134855,125479,119535,121067,178952,191531,135053,102301,105066,103003,115872,146724,184654,221804,239498,267112,291448,333859,327910,319715,357996
 "08117","Summit, CO",7,CAINC4,7010,"...","Total employment ","Number of jobs",902,1028,1494,2371,2887,2960,3174,3873,5218,6311,7136,8079,8708,9363,9779,10888,11493,11278,11559,12513,13589,14727,15720,16389,17844,19452,20538,21398,22720,23775,24455,25551,25094,24745,24136,24105,24566,25626,26438,26530,25174,24788,25169,25370,26192,27450,28655,29047,29623,30250,30284,27886,29885,31450
 "08117","Summit, CO",7,CAINC4,7020,"..."," Wage and salary employment ","Number of jobs",591,664,1083,1763,2207,2214,2375,2965,4181,5194,5873,6631,7022,7450,7692,8610,9116,8811,9192,9920,10826,11942,12659,13314,14509,15670,16504,17149,17904,18593,19244,20055,19770,19384,18540,18484,18684,19661,19999,19851,18354,18068,18386,18599,19244,20347,21386,21772,22261,22595,23123,20398,21907,22909
 "08117","Summit, CO",7,CAINC4,7040,"..."," Proprietors employment ","Number of jobs",311,364,411,608,680,746,799,908,1037,1117,1263,1448,1686,1913,2087,2278,2377,2467,2367,2593,2763,2785,3061,3075,3335,3782,4034,4249,4816,5182,5211,5496,5324,5361,5596,5621,5882,5965,6439,6679,6820,6720,6783,6771,6948,7103,7269,7275,7362,7655,7161,7488,7978,8541
 "08119","Teller, CO",7,CAINC4,10,"...","Personal income (thousands of dollars) ","Thousands of dollars",13238,15565,18437,22938,27853,31232,35555,40382,47880,57247,66661,78176,92917,106148,122182,142518,157880,174258,185976,200919,213931,222683,244145,280182,312164,363999,414420,462745,503524,545426,584835,630793,637848,640723,662274,710806,753339,792714,829714,872965,884549,908226,969628,987616,989291,1031479,1071728,1118748,1177217,1222881,1318614,1405985,1566698,1625621
 "08119","Teller, CO",7,CAINC4,11,"..."," Nonfarm personal income 1/","Thousands of dollars",13000,15305,18288,22775,27508,30688,35165,40091,47699,57077,66627,78021,93060,106220,122430,143042,158551,174977,186549,201489,214586,223389,244725,280677,312665,364752,415171,463517,504223,545922,585016,630470,637224,640394,662663,711218,754025,794161,831454,875226,886616,910121,971449,989570,991192,1033205,1072966,1119995,1178311,1224023,1320036,1407508,1568307,1627840
 "08119","Teller, CO",7,CAINC4,12,"..."," Farm income 2/","Thousands of dollars",238,260,149,163,345,544,390,291,181,170,34,155,-143,-72,-248,-524,-671,-719,-573,-570,-655,-706,-580,-495,-501,-753,-751,-772,-699,-496,-181,323,624,329,-389,-412,-686,-1447,-1740,-2261,-2067,-1895,-1821,-1954,-1901,-1726,-1238,-1247,-1094,-1142,-1422,-1523,-1609,-2219
 "08119","Teller, CO",7,CAINC4,20,"...","Population (persons) 3/","Number of persons",3155,3394,3727,4563,5071,5435,5830,6093,6444,6986,7884,8137,8531,9083,9578,10409,10853,11364,11967,12229,12262,12526,12808,13624,14750,15815,17112,18162,19173,19737,20294,20655,21193,21543,21682,21678,21978,22281,22707,22725,22937,23456,23286,23290,23133,23145,23036,23628,24155,24512,24679,24747,24939,24857
 "08119","Teller, CO",7,CAINC4,30,"...","Per capita personal income (dollars) 4/","Dollars",4196,4586,4947,5027,5493,5746,6099,6628,7430,8195,8455,9607,10892,11686,12757,13692,14547,15334,15541,16430,17447,17778,19062,20565,21164,23016,24218,25479,26262,27635,28818,30539,30097,29742,30545,32789,34277,35578,36540,38414,38564,38720,41640,42405,42765,44566,46524,47348,48736,49889,53431,56814,62821,65399
 "08119","Teller, CO",7,CAINC4,35,"...","Earnings by place of work ","Thousands of dollars",5886,6654,7495,9300,11045,11627,12341,13781,16496,19387,21240,23977,25350,28603,33058,38366,41661,44494,45657,46143,47690,49750,64078,104133,123013,144841,174286,186237,212993,230971,254425,271743,264983,276568,278781,296760,308864,329873,339331,344750,331694,343800,355637,366098,365999,377656,404556,421833,440957,467126,484107,489713,537224,584426
 "08119","Teller, CO",7,CAINC4,36,"...","Less: Contributions for government social insurance 5/","Thousands of dollars",243,284,316,455,625,671,698,752,970,1128,1333,1574,1824,2140,2502,3055,3565,3842,3888,4063,4464,4841,6513,11055,13104,15490,18571,19315,21847,22145,23946,25556,25929,28159,28536,30704,33078,34840,36914,38683,38462,39290,37074,38593,41551,43500,46879,49880,53078,56443,58757,60644,65201,74008
 "08119","Teller, CO",7,CAINC4,37,"..."," Employee and self-employed contributions for government social insurance ","Thousands of dollars",172,192,211,288,383,411,425,452,569,657,781,933,1071,1269,1445,1746,2085,2304,2330,2474,2753,2905,3915,5996,7128,8548,10143,10611,12023,12391,13356,14055,14195,14815,15054,16332,17353,18896,20288,21095,21420,21824,18371,18994,23345,24241,26219,28339,30217,33131,34996,36697,39402,44749
 "08119","Teller, CO",7,CAINC4,38,"..."," Employer contributions for government social insurance ","Thousands of dollars",71,92,105,167,242,260,273,300,401,471,552,641,753,871,1057,1309,1480,1538,1558,1589,1711,1936,2598,5059,5976,6942,8428,8704,9824,9754,10590,11501,11734,13344,13482,14372,15725,15944,16626,17588,17042,17466,18703,19599,18206,19259,20660,21541,22861,23312,23761,23947,25799,29259
 "08119","Teller, CO",7,CAINC4,42,"...","Plus: Adjustment for residence 6/","Thousands of dollars",4038,4880,6188,8218,10363,12052,13781,16117,19532,23666,28263,32987,41151,47914,54893,64926,74600,83562,90482,98633,107587,110399,115624,107165,112429,132025,136538,160065,171596,187079,202030,220776,231994,228424,232737,253580,274174,277219,277708,274717,278779,281185,289560,292078,283791,279391,273855,278809,293996,284964,314774,312477,336177,340251
 "08119","Teller, CO",7,CAINC4,45,"...","Equals: Net earnings by place of residence ","Thousands of dollars",9681,11250,13367,17063,20783,23008,25424,29146,35058,41925,48170,55390,64677,74377,85449,100237,112696,124214,132251,140713,150813,155308,173189,200243,222338,261376,292253,326987,362742,395905,432509,466963,471048,476833,482982,519636,549960,572252,580125,580784,572011,585695,608123,619583,608239,613547,631532,650762,681875,695647,740124,741546,808200,850669
 "08119","Teller, CO",7,CAINC4,46,"...","Plus: Dividends, interest, and rent 7/","Thousands of dollars",2416,2939,3492,4012,4812,5629,6747,7578,8797,10828,12890,16316,20127,22277,26165,30335,32278,36188,38504,44103,45502,48514,49634,55542,63317,73933,89340,100193,103516,110143,109686,117212,113593,102700,115416,121953,125887,133539,153888,172764,174639,167385,200536,203565,206911,228118,231436,245811,256769,264107,297133,304640,360115,403440
 "08119","Teller, CO",7,CAINC4,47,"...","Plus: Personal current transfer receipts ","Thousands of dollars",1141,1376,1578,1863,2258,2595,3384,3658,4025,4494,5601,6470,8113,9494,10568,11946,12906,13856,15221,16103,17616,18861,21322,24397,26509,28690,32827,35565,37266,39378,42640,46618,53207,61190,63876,69217,77492,86923,95701,119417,137899,155146,160969,164468,174141,189814,208760,222175,238573,263127,281357,359799,398383,371512
 "08119","Teller, CO",7,CAINC4,50,"...","Wages and salaries ","Thousands of dollars",2563,3160,3575,4708,5834,6066,6483,7077,8959,10318,11420,13203,14566,16721,19234,22233,24798,25885,26840,26737,28126,30518,38740,69929,79876,91816,112243,120063,135632,148013,159366,173743,178016,184715,186266,195129,204435,216875,229984,242129,238554,246695,250126,261170,256482,266636,284753,296639,315002,328868,345485,349842,379324,414124
 "08119","Teller, CO",7,CAINC4,60,"...","Supplements to wages and salaries ","Thousands of dollars",277,349,472,605,743,840,961,1002,1340,1699,1840,2159,2515,2876,3460,4129,4705,5022,5281,5436,5992,6983,9096,16722,19291,21657,25588,27188,30683,34194,38238,43088,38585,39969,42156,44057,46350,47022,48592,50906,52207,53662,52428,55527,55539,58665,61799,64438,66610,71429,71162,71928,76208,80110
 "08119","Teller, CO",7,CAINC4,61,"..."," Employer contributions for employee pension and insurance funds 8/","Thousands of dollars",206,257,367,438,501,580,688,702,939,1228,1288,1518,1762,2005,2403,2820,3225,3484,3723,3847,4281,5047,6498,11663,13315,14715,17160,18484,20859,24440,27648,31587,26851,26625,28674,29685,30625,31078,31966,33318,35165,36196,33725,35928,37333,39406,41139,42897,43749,48117,47401,47981,50409,50851
 "08119","Teller, CO",7,CAINC4,62,"..."," Employer contributions for government social insurance ","Thousands of dollars",71,92,105,167,242,260,273,300,401,471,552,641,753,871,1057,1309,1480,1538,1558,1589,1711,1936,2598,5059,5976,6942,8428,8704,9824,9754,10590,11501,11734,13344,13482,14372,15725,15944,16626,17588,17042,17466,18703,19599,18206,19259,20660,21541,22861,23312,23761,23947,25799,29259
 "08119","Teller, CO",7,CAINC4,70,"...","Proprietors' income 9/","Thousands of dollars",3046,3145,3448,3987,4468,4721,4897,5702,6197,7370,7980,8615,8269,9006,10364,12004,12158,13587,13536,13970,13572,12249,16242,17482,23846,31368,36455,38986,46678,48764,56821,54912,48382,51884,50359,57574,58079,65976,60755,51715,40933,43443,53083,49401,53978,52355,58004,60756,59345,66829,67460,67943,81692,90192
 "08119","Teller, CO",7,CAINC4,71,"..."," Farm proprietors' income ","Thousands of dollars",98,121,20,27,169,368,225,133,17,-29,-145,-2,-273,-176,-335,-596,-723,-759,-602,-607,-697,-757,-633,-553,-562,-825,-824,-837,-774,-594,-298,166,446,116,-559,-576,-846,-1584,-1878,-2412,-2264,-2086,-2032,-2223,-2198,-2018,-1484,-1529,-1397,-1436,-1641,-1839,-1948,-2509
 "08119","Teller, CO",7,CAINC4,72,"..."," Nonfarm proprietors' income ","Thousands of dollars",2948,3024,3428,3960,4299,4353,4672,5569,6180,7399,8125,8617,8542,9182,10699,12600,12881,14346,14138,14577,14269,13006,16875,18035,24408,32193,37279,39823,47452,49358,57119,54746,47936,51768,50918,58150,58925,67560,62633,54127,43197,45529,55115,51624,56176,54373,59488,62285,60742,68265,69101,69782,83640,92701
 "08119","Teller, CO",7,CAINC4,7010,"...","Total employment ","Number of jobs",941,1211,1274,1416,1614,1751,1839,1864,2198,2461,2654,2897,2996,3090,3330,3586,3819,3951,3976,4205,4219,4150,4775,6349,6963,7957,8848,9391,10084,9993,10034,10336,10903,10775,10849,10955,11343,11497,11890,11849,11582,11521,11581,11590,11284,11424,11732,12047,12331,12454,12296,11974,12597,13195
 "08119","Teller, CO",7,CAINC4,7020,"..."," Wage and salary employment ","Number of jobs",594,728,755,873,1016,1040,1036,1095,1259,1392,1506,1634,1622,1658,1808,1914,2064,2120,2182,2151,2184,2239,2601,4197,4613,5253,6024,6214,6704,6892,7003,7175,7032,6854,6712,6785,6931,7139,7207,7398,7171,7209,7203,7283,7065,7134,7408,7603,7717,7823,7826,7326,7587,7857
 "08119","Teller, CO",7,CAINC4,7040,"..."," Proprietors employment ","Number of jobs",347,483,519,543,598,711,803,769,939,1069,1148,1263,1374,1432,1522,1672,1755,1831,1794,2054,2035,1911,2174,2152,2350,2704,2824,3177,3380,3101,3031,3161,3871,3921,4137,4170,4412,4358,4683,4451,4411,4312,4378,4307,4219,4290,4324,4444,4614,4631,4470,4648,5010,5338
 "08121","Washington, CO",7,CAINC4,10,"...","Personal income (thousands of dollars) ","Thousands of dollars",19813,23584,23915,25593,29897,48377,36737,26391,39037,35740,43500,62655,56678,61349,88422,87447,88787,89469,92480,89473,86902,92941,86218,89825,102997,92157,109719,120011,121329,121292,128045,108685,116166,101346,121743,121521,122700,116870,137229,139998,154640,169432,191254,183483,184310,183104,188479,179993,166732,174572,189654,194514,230363,207396
 "08121","Washington, CO",7,CAINC4,11,"..."," Nonfarm personal income 1/","Thousands of dollars",12652,13527,14770,16477,18942,20769,22977,25251,27819,30644,34922,41089,45433,48863,55301,57716,58245,58536,59140,58502,61830,62396,60568,63895,68593,73127,79976,85579,93122,96288,97875,100396,102321,102344,103002,107447,107455,106955,113093,121389,124166,128481,133090,138757,146050,157848,165571,166907,160705,171366,174150,187581,199724,200405
 "08121","Washington, CO",7,CAINC4,12,"..."," Farm income 2/","Thousands of dollars",7161,10057,9145,9116,10955,27608,13760,1140,11218,5096,8578,21566,11245,12486,33121,29731,30542,30933,33340,30971,25072,30545,25650,25930,34404,19030,29743,34432,28207,25004,30170,8289,13845,-998,18741,14074,15245,9915,24136,18609,30474,40951,58164,44726,38260,25256,22908,13086,6027,3206,15504,6933,30639,6991
 "08121","Washington, CO",7,CAINC4,20,"...","Population (persons) 3/","Number of persons",5540,5542,5447,5491,5189,5165,5180,5236,5004,4830,4869,5283,5187,5320,5437,5389,5251,5171,5137,5079,4968,4784,4813,4728,4848,4906,5013,5036,5019,5034,4862,4939,4874,5035,5028,4923,4912,4907,4883,4792,4800,4807,4743,4676,4711,4695,4744,4787,4865,4812,4814,4808,4850,4812
 "08121","Washington, CO",7,CAINC4,30,"...","Per capita personal income (dollars) 4/","Dollars",3576,4256,4390,4661,5762,9366,7092,5040,7801,7400,8934,11860,10927,11532,16263,16227,16909,17302,18003,17616,17492,19427,17914,18999,21245,18785,21887,23831,24174,24095,26336,22005,23834,20128,24213,24684,24980,23817,28103,29215,32217,35247,40323,39239,39123,39000,39730,37600,34272,36278,39396,40456,47498,43100
 "08121","Washington, CO",7,CAINC4,35,"...","Earnings by place of work ","Thousands of dollars",13822,16890,16817,17764,20175,37811,24988,13924,24830,19833,25423,40306,31546,34272,56931,54235,56338,57021,61567,59182,54659,60017,53924,56743,67821,55515,67259,74494,73181,74990,80907,57367,63909,51070,71604,66155,66886,61386,77312,73309,87742,100419,118402,112284,108677,100479,102462,96557,78219,78491,86478,85138,111294,92261
 "08121","Washington, CO",7,CAINC4,36,"...","Less: Contributions for government social insurance 5/","Thousands of dollars",343,352,402,486,614,729,774,902,985,1060,1286,1507,1783,1984,2180,2277,2464,2498,2671,2865,3189,3205,3228,3454,3780,4151,4271,4346,4670,4624,4713,4548,4841,5081,5256,5394,5420,5538,5939,6245,6412,6614,6332,7075,7853,8374,8601,9226,8400,8625,8361,8999,9232,10603
 "08121","Washington, CO",7,CAINC4,37,"..."," Employee and self-employed contributions for government social insurance ","Thousands of dollars",204,208,234,278,334,383,407,441,479,508,624,737,872,989,1068,1129,1274,1328,1448,1561,1755,1724,1716,1837,2037,2241,2353,2433,2677,2819,2777,2672,2735,2799,2847,2919,2984,3054,3319,3414,3647,3719,3210,3500,4159,4416,4737,5101,4538,4869,4831,5162,5282,5952
 "08121","Washington, CO",7,CAINC4,38,"..."," Employer contributions for government social insurance ","Thousands of dollars",139,144,168,208,280,346,367,461,506,552,662,770,911,995,1112,1148,1190,1170,1223,1304,1434,1481,1512,1617,1743,1910,1918,1913,1993,1805,1936,1876,2106,2282,2409,2475,2436,2484,2620,2831,2765,2895,3122,3575,3694,3958,3864,4125,3862,3756,3530,3837,3950,4651
 "08121","Washington, CO",7,CAINC4,42,"...","Plus: Adjustment for residence 6/","Thousands of dollars",193,243,323,417,546,669,781,1000,1167,1571,1766,2449,2429,2168,2007,2008,1693,1592,1466,1496,1401,1438,2072,2688,3736,5070,6285,7355,8790,10031,11747,13715,14470,14670,14903,14801,15406,15501,15921,16200,17723,18515,19556,20757,22845,25713,25236,24702,26715,30221,31509,29626,31049,32058
 "08121","Washington, CO",7,CAINC4,45,"...","Equals: Net earnings by place of residence ","Thousands of dollars",13672,16781,16738,17695,20107,37751,24995,14022,25012,20344,25903,41248,32192,34456,56758,53966,55567,56115,60362,57813,52871,58250,52768,55977,67777,56434,69273,77503,77301,80397,87941,66534,73538,60659,81251,75562,76872,71349,87294,83264,99053,112320,131626,125966,123669,117818,119097,112033,96534,100087,109626,105765,133111,113716
 "08121","Washington, CO",7,CAINC4,46,"...","Plus: Dividends, interest, and rent 7/","Thousands of dollars",4618,5006,5181,5735,7245,7869,8629,8960,10347,11388,13091,16161,18376,20124,24251,25551,25023,24751,23138,22656,23693,23878,21595,20964,21642,21503,24608,26344,27317,24617,23548,24584,23509,20050,19935,23324,22189,19709,23622,28950,27685,25621,27848,25669,27953,30315,31197,29633,29978,31260,33325,33574,31984,33179
 "08121","Washington, CO",7,CAINC4,47,"...","Plus: Personal current transfer receipts ","Thousands of dollars",1523,1797,1996,2163,2545,2757,3113,3409,3678,4008,4506,5246,6110,6769,7413,7930,8197,8603,8980,9004,10338,10813,11855,12884,13578,14220,15838,16164,16711,16278,16556,17567,19119,20637,20557,22635,23639,25812,26313,27784,27902,31491,31780,31848,32688,34971,38185,38327,40220,43225,46703,55175,65268,60501
 "08121","Washington, CO",7,CAINC4,50,"...","Wages and salaries ","Thousands of dollars",4705,4979,5233,5842,6717,7463,8091,9086,9834,10803,12628,14390,15919,17258,18285,18428,19073,18637,19355,19813,21120,21443,21309,22329,23446,25442,26381,27374,29387,32265,31936,32726,33468,34739,34553,34918,35973,35968,37695,38053,39572,41508,43710,49762,50743,54498,55215,56408,49853,51181,48351,53802,56518,57541
 "08121","Washington, CO",7,CAINC4,60,"...","Supplements to wages and salaries ","Thousands of dollars",500,544,653,808,899,1031,1227,1471,1704,1895,2155,2426,2632,2975,3364,3445,3704,3741,3925,4084,4693,5075,5298,6086,6496,6856,6827,7017,7393,7533,8151,8223,9246,9414,9825,10181,10370,10611,10677,10924,11455,11954,12061,12977,13632,14877,14852,15448,14049,14619,13843,14972,15160,15619
 "08121","Washington, CO",7,CAINC4,61,"..."," Employer contributions for employee pension and insurance funds 8/","Thousands of dollars",361,400,485,600,619,685,860,1010,1198,1343,1493,1656,1721,1980,2252,2297,2514,2571,2702,2780,3259,3594,3786,4469,4753,4946,4909,5104,5400,5728,6215,6347,7140,7132,7416,7706,7934,8127,8057,8093,8690,9059,8939,9402,9938,10919,10988,11323,10187,10863,10313,11135,11210,10968
 "08121","Washington, CO",7,CAINC4,62,"..."," Employer contributions for government social insurance ","Thousands of dollars",139,144,168,208,280,346,367,461,506,552,662,770,911,995,1112,1148,1190,1170,1223,1304,1434,1481,1512,1617,1743,1910,1918,1913,1993,1805,1936,1876,2106,2282,2409,2475,2436,2484,2620,2831,2765,2895,3122,3575,3694,3958,3864,4125,3862,3756,3530,3837,3950,4651
 "08121","Washington, CO",7,CAINC4,70,"...","Proprietors' income 9/","Thousands of dollars",8617,11367,10931,11114,12559,29317,15670,3367,13292,7135,10640,23490,12995,14039,35282,32362,33561,34643,38287,35285,28846,33499,27317,28328,37879,23217,34051,40103,36401,35192,40820,16418,21195,6917,27226,21056,20543,14807,28940,24332,36715,46957,62631,49545,44302,31104,32395,24701,14317,12691,24284,16364,39616,19101
 "08121","Washington, CO",7,CAINC4,71,"..."," Farm proprietors' income ","Thousands of dollars",6160,9032,8197,8108,9609,26180,12242,-501,9308,2612,5880,18755,8480,9613,30264,26814,27483,27954,30243,27722,21818,26988,22427,22911,31126,15126,25847,30881,24219,20837,25779,3072,8291,-7382,13512,8879,9803,5073,18971,13258,23946,34792,51631,36678,29264,16587,15563,4641,-3009,-5719,8960,-2617,20228,-1711
 "08121","Washington, CO",7,CAINC4,72,"..."," Nonfarm proprietors' income ","Thousands of dollars",2457,2335,2734,3006,2950,3137,3428,3868,3984,4523,4760,4735,4515,4426,5018,5548,6078,6689,8044,7563,7028,6511,4890,5417,6753,8091,8204,9222,12182,14355,15041,13346,12904,14299,13714,12177,10740,9734,9969,11074,12769,12165,11000,12867,15038,14517,16832,20060,17326,18410,15324,18981,19388,20812
 "08121","Washington, CO",7,CAINC4,7010,"...","Total employment ","Number of jobs",2702,2741,2636,2665,2701,2741,2671,2698,2711,2666,2664,2867,2914,2991,3090,3054,3028,2999,2975,3051,2992,2982,2818,2741,2870,2965,2946,2985,3070,3015,2991,2994,3023,2958,2913,2833,2811,2813,2951,2842,2769,2791,2754,2766,2791,2843,2883,2906,2937,2860,2752,2784,2797,2891
 "08121","Washington, CO",7,CAINC4,7020,"..."," Wage and salary employment ","Number of jobs",1146,1139,1094,1158,1175,1202,1207,1230,1264,1265,1275,1448,1490,1523,1605,1550,1520,1513,1526,1552,1566,1544,1430,1457,1471,1484,1494,1534,1577,1571,1593,1561,1561,1499,1512,1442,1433,1410,1352,1324,1296,1322,1335,1398,1406,1436,1458,1441,1431,1385,1346,1341,1342,1401
 "08121","Washington, CO",7,CAINC4,7040,"..."," Proprietors employment ","Number of jobs",1556,1602,1542,1507,1526,1539,1464,1468,1447,1401,1389,1419,1424,1468,1485,1504,1508,1486,1449,1499,1426,1438,1388,1284,1399,1481,1452,1451,1493,1444,1398,1433,1462,1459,1401,1391,1378,1403,1599,1518,1473,1469,1419,1368,1385,1407,1425,1465,1506,1475,1406,1443,1455,1490
 "08123","Weld, CO*",7,CAINC4,10,"...","Personal income (thousands of dollars) ","Thousands of dollars",277619,331691,368062,431460,513873,613721,670486,726285,745537,871664,978025,1065321,1232142,1294841,1405541,1548344,1604734,1641922,1709585,1814990,1978076,2051767,2159327,2334427,2587430,2763804,2935290,3201610,3455518,3840093,4208126,4640463,5004179,5021000,5268056,5826468,6394054,6915948,7672542,8283671,8137164,8504144,9187200,9801325,10481395,11726005,12516198,12938222,13517947,14980012,16021244,17207773,19230730,20611438
 "08123","Weld, CO*",7,CAINC4,11,"..."," Nonfarm personal income 1/","Thousands of dollars",223282,258151,297859,354811,420781,487386,550568,627499,697413,800707,919759,1050742,1164574,1262334,1366213,1464998,1550428,1574886,1618418,1698216,1830884,1896962,2023155,2205174,2411736,2627445,2826545,3054704,3273241,3659194,4006759,4469244,4739705,4880091,5130449,5644500,6166030,6744622,7439849,8058359,7963211,8243066,8906912,9471082,10103123,11266176,11928556,12442640,13072746,14584375,15578226,16814767,18774134,20234120
 "08123","Weld, CO*",7,CAINC4,12,"..."," Farm income 2/","Thousands of dollars",54337,73540,70203,76649,93092,126335,119918,98786,48124,70957,58266,14579,67568,32507,39328,83346,54306,67036,91167,116774,147192,154805,136172,129253,175694,136359,108745,146906,182277,180899,201367,171219,264474,140909,137607,181968,228024,171326,232693,225312,173953,261078,280288,330243,378272,459829,587642,495582,445201,395637,443018,393006,456596,377318
 "08123","Weld, CO*",7,CAINC4,20,"...","Population (persons) 3/","Number of persons",86216,90012,93779,99597,104411,108059,108479,110052,112555,114919,120194,123767,124780,125733,129542,130764,131402,131715,131713,131842,132202,132161,134262,137560,142586,147328,152140,156140,161525,166547,174342,182861,192360,202234,208858,215322,222879,230703,237692,243442,248193,254172,258604,263543,269395,276529,285282,294841,304788,313278,322305,331427,339811,350176
 "08123","Weld, CO*",7,CAINC4,30,"...","Per capita personal income (dollars) 4/","Dollars",3220,3685,3925,4332,4922,5679,6181,6599,6624,7585,8137,8607,9875,10298,10850,11841,12212,12466,12980,13766,14963,15525,16083,16970,18146,18760,19293,20505,21393,23057,24137,25377,26015,24828,25223,27059,28688,29978,32279,34027,32786,33458,35526,37191,38907,42404,43873,43882,44352,47817,49708,51920,56592,58860
 "08123","Weld, CO*",7,CAINC4,35,"...","Earnings by place of work ","Thousands of dollars",202276,245007,267919,321306,387253,471937,497070,539944,528040,608459,664691,671306,778557,803063,886873,1002300,1053400,1105479,1169003,1282241,1410997,1491539,1567832,1674155,1868289,1978769,2057370,2228283,2406345,2665442,2958246,3201789,3472052,3535885,3651253,3917619,4193976,4461085,4814576,4978554,4644929,4884793,5343784,5929638,6545692,7588326,8007114,7910780,8248165,9065812,9565057,9320000,9651481,10511118
 "08123","Weld, CO*",7,CAINC4,36,"...","Less: Contributions for government social insurance 5/","Thousands of dollars",8855,10272,12225,16200,22619,27829,29231,34841,38072,42909,50846,55380,63899,70895,78878,88737,99499,106056,108873,123424,136556,146974,163701,173718,193207,211562,221986,231869,243969,247932,271280,294496,325591,358006,372744,407161,433568,466157,502327,526654,496411,511813,504330,550242,659137,754959,793016,794238,859313,945069,1002501,985525,1007920,1150276
 "08123","Weld, CO*",7,CAINC4,37,"..."," Employee and self-employed contributions for government social insurance ","Thousands of dollars",4609,5273,6197,8062,11147,13644,14471,16579,18087,20227,24306,26946,31583,35217,38383,42420,48894,52543,53930,60887,68475,73209,80583,85578,94016,103531,110067,116383,123790,134256,146809,159108,168959,178776,184891,199931,213290,233279,255166,267744,260215,267601,231210,252893,340905,389677,413789,424072,446228,505702,533748,530984,540648,620547
 "08123","Weld, CO*",7,CAINC4,38,"..."," Employer contributions for government social insurance ","Thousands of dollars",4246,4999,6028,8138,11472,14185,14760,18262,19985,22682,26540,28434,32316,35678,40495,46317,50605,53513,54943,62537,68081,73765,83118,88140,99191,108031,111919,115486,120179,113676,124471,135388,156632,179230,187853,207230,220278,232878,247161,258910,236196,244212,273120,297349,318232,365282,379227,370166,413085,439367,468753,454541,467272,529729
 "08123","Weld, CO*",7,CAINC4,42,"...","Plus: Adjustment for residence 6/","Thousands of dollars",16388,17255,21518,24968,28633,30523,38025,43656,58979,80550,102936,129636,140449,140138,131316,134174,117776,107015,96737,73192,61342,58020,70484,108144,133523,157873,184968,228382,280704,348822,415698,526439,555525,524215,585889,799190,962656,1146408,1335282,1465409,1586691,1509869,1528755,1535449,1606323,1518883,1712279,2163855,2188100,2487671,2844680,3363684,4148079,5019208
 "08123","Weld, CO*",7,CAINC4,45,"...","Equals: Net earnings by place of residence ","Thousands of dollars",209809,251990,277212,330074,393267,474631,505864,548759,548947,646100,716781,745562,855107,872306,939311,1047737,1071677,1106438,1156867,1232009,1335783,1402585,1474615,1608581,1808605,1925080,2020352,2224796,2443080,2766332,3102664,3433732,3701986,3702094,3864398,4309648,4723064,5141336,5647531,5917309,5735209,5882849,6368209,6914845,7492878,8352250,8926377,9280397,9576952,10608414,11407236,11698159,12791640,14380050
 "08123","Weld, CO*",7,CAINC4,46,"...","Plus: Dividends, interest, and rent 7/","Thousands of dollars",43981,50900,57097,64144,76129,87798,102237,109805,123442,142967,168514,206902,246502,276362,305316,329935,354394,345175,350933,367879,408763,400939,412119,418982,450314,488317,516983,567088,593723,646503,643938,714344,752433,712589,760850,834332,922003,964711,1155260,1337554,1232240,1269342,1411622,1463981,1511012,1771216,1851536,1828052,2040764,2295507,2416258,2456978,2863852,3121161
 "08123","Weld, CO*",7,CAINC4,47,"...","Plus: Personal current transfer receipts ","Thousands of dollars",23829,28801,33753,37242,44477,51292,62385,67721,73148,82597,92730,112857,130533,146173,160914,170672,178663,190309,201785,215102,233530,248243,272593,306864,328511,350407,397955,409726,418715,427258,461524,492387,549760,606317,642808,682488,748987,809901,869751,1028808,1169715,1351953,1407369,1422499,1477505,1602539,1738285,1829773,1900231,2076091,2197750,3052636,3575238,3110227
 "08123","Weld, CO*",7,CAINC4,50,"...","Wages and salaries ","Thousands of dollars",120539,142082,161496,197772,240825,283733,306160,353398,381950,424691,478084,521062,564815,612148,660715,710126,772172,793208,822463,895040,954597,1009754,1100577,1159079,1264436,1380003,1472238,1561199,1662841,1821226,1965951,2192020,2336447,2467084,2526294,2682532,2842549,3088192,3354631,3533369,3294038,3360416,3627345,3948120,4292994,4880589,5100826,5000604,5578794,6150794,6653099,6511341,6694571,7426158
 "08123","Weld, CO*",7,CAINC4,60,"...","Supplements to wages and salaries ","Thousands of dollars",12434,14886,18098,24063,29445,35559,40602,47685,54207,60460,69628,76271,85318,97345,112311,123312,139211,148296,157247,173797,196239,215729,243072,277338,308294,329185,336798,345939,361333,382850,417043,466214,524858,554363,591620,627177,669220,691954,720773,753042,761329,774750,779848,852418,943828,1063590,1083085,1068970,1178406,1296260,1360190,1316025,1332231,1431772
 "08123","Weld, CO*",7,CAINC4,61,"..."," Employer contributions for employee pension and insurance funds 8/","Thousands of dollars",8188,9887,12070,15925,17973,21374,25842,29423,34222,37778,43088,47837,53002,61667,71816,76995,88606,94783,102304,111260,128158,141964,159954,189198,209103,221154,224879,230453,241154,269174,292572,330826,368226,375133,403767,419947,448942,459076,473612,494132,525133,530538,506728,555069,625596,698308,703858,698804,765321,856893,891437,861484,864959,902043
 "08123","Weld, CO*",7,CAINC4,62,"..."," Employer contributions for government social insurance ","Thousands of dollars",4246,4999,6028,8138,11472,14185,14760,18262,19985,22682,26540,28434,32316,35678,40495,46317,50605,53513,54943,62537,68081,73765,83118,88140,99191,108031,111919,115486,120179,113676,124471,135388,156632,179230,187853,207230,220278,232878,247161,258910,236196,244212,273120,297349,318232,365282,379227,370166,413085,439367,468753,454541,467272,529729
 "08123","Weld, CO*",7,CAINC4,70,"...","Proprietors' income 9/","Thousands of dollars",69303,88039,88325,99471,116983,152645,150308,138861,91883,123308,116979,73973,128424,93570,113847,168862,142017,163975,189293,213404,260161,266056,224183,237738,295559,269581,248334,321145,382171,461366,575252,543555,610747,514438,533339,607910,682207,680939,739172,692143,589562,749627,936591,1129100,1308870,1644147,1823203,1841206,1490965,1618758,1551768,1492634,1624679,1653188
 "08123","Weld, CO*",7,CAINC4,71,"..."," Farm proprietors' income ","Thousands of dollars",41782,59885,57199,62385,74554,106460,100460,79023,26093,41741,26990,-17394,37258,755,7232,50210,18718,31922,54115,75916,104462,105939,89937,83683,123881,71523,41437,82754,107094,106058,125339,84571,174513,38963,49624,90223,125643,74930,123418,123465,59811,160931,180644,214075,248399,334897,481697,373728,314869,266639,348482,254869,305901,251608
 "08123","Weld, CO*",7,CAINC4,72,"..."," Nonfarm proprietors' income ","Thousands of dollars",27521,28154,31126,37086,42429,46185,49848,59838,65790,81567,89989,91367,91166,92815,106615,118652,123299,132053,135178,137488,155699,160117,134246,154055,171678,198058,206897,238391,275077,355308,449913,458984,436234,475475,483715,517687,556564,606009,615754,568678,529751,588696,755947,915025,1060471,1309250,1341506,1467478,1176096,1352119,1203286,1237765,1318778,1401580
 "08123","Weld, CO*",7,CAINC4,7010,"...","Total employment ","Number of jobs",32417,34611,35647,39546,44129,47670,47671,49788,51346,52739,53520,54564,55002,55718,58126,59839,60864,60862,61351,65219,66292,66690,68491,69676,73905,77289,79705,82605,86239,89357,92082,95735,103132,104924,108332,112357,116670,121487,126303,125726,122018,121407,126412,129877,136888,146133,150061,148519,156081,162390,166305,163062,167685,176574
 "08123","Weld, CO*",7,CAINC4,7020,"..."," Wage and salary employment ","Number of jobs",23126,25128,26507,29717,33981,37021,36834,38619,39939,41357,42059,42670,42780,43185,45137,46053,46623,46358,47038,49222,50780,51382,52570,54029,57340,59794,61644,63416,65730,68998,71799,74704,77179,77823,78665,80475,82568,86272,88046,89645,85503,84741,88142,91818,96975,104978,107849,105881,111931,116390,121129,113612,113439,118677
 "08123","Weld, CO*",7,CAINC4,7040,"..."," Proprietors employment ","Number of jobs",9291,9483,9140,9829,10148,10649,10837,11169,11407,11382,11461,11894,12222,12533,12989,13786,14241,14504,14313,15997,15512,15308,15921,15647,16565,17495,18061,19189,20509,20359,20283,21031,25953,27101,29667,31882,34102,35215,38257,36081,36515,36666,38270,38059,39913,41155,42212,42638,44150,46000,45176,49450,54246,57897
 "08125","Yuma, CO",7,CAINC4,10,"...","Personal income (thousands of dollars) ","Thousands of dollars",31813,36239,41396,42220,51884,76227,64870,55741,66820,61350,76913,100128,108751,119162,126484,128211,145750,131636,139032,178109,186823,193942,200749,182986,178097,179491,186818,208453,213421,233666,258439,260443,314747,294941,309350,326247,365189,365485,383920,400071,336043,390429,448869,491127,486079,498257,501689,507153,416812,414532,435000,406736,495408,444942
 "08125","Yuma, CO",7,CAINC4,11,"..."," Nonfarm personal income 1/","Thousands of dollars",20663,22981,24786,27725,32406,36447,45596,48437,54231,60178,66445,77121,85796,93585,101710,105611,104326,103577,101426,105524,110496,112638,115760,118743,124414,132548,147894,156576,167432,175511,181207,185070,196759,193375,201534,209232,227748,243952,267551,301881,286600,289031,327557,335055,350370,375098,390293,388885,375765,387157,387694,396333,431824,446701
 "08125","Yuma, CO",7,CAINC4,12,"..."," Farm income 2/","Thousands of dollars",11150,13258,16610,14495,19478,39780,19274,7304,12589,1172,10468,23007,22955,25577,24774,22600,41424,28059,37606,72585,76327,81304,84989,64243,53683,46943,38924,51877,45989,58155,77232,75373,117988,101566,107816,117015,137441,121533,116369,98190,49443,101398,121312,156072,135709,123159,111396,118268,41047,27375,47306,10403,63584,-1759
 "08125","Yuma, CO",7,CAINC4,20,"...","Population (persons) 3/","Number of persons",8619,8518,8398,8372,8338,8453,8827,8958,9253,9145,9614,9672,9614,9750,9888,9732,9724,9592,9344,9387,9188,8929,8998,9072,9126,9231,9403,9490,9637,9756,9807,9823,9822,9762,9923,9791,9765,9784,9788,9843,10022,10052,10129,10091,10116,10160,10007,10013,9925,9907,9956,9979,9943,9899
 "08125","Yuma, CO",7,CAINC4,30,"...","Per capita personal income (dollars) 4/","Dollars",3691,4254,4929,5043,6223,9018,7349,6222,7221,6709,8000,10352,11312,12222,12792,13174,14989,13724,14879,18974,20333,21720,22310,20170,19515,19444,19868,21966,22146,23951,26353,26514,32045,30213,31175,33321,37398,37355,39224,40645,33531,38841,44315,48670,48051,49041,50134,50649,41996,41842,43692,40759,49825,44948
 "08125","Yuma, CO",7,CAINC4,35,"...","Earnings by place of work ","Thousands of dollars",23240,26468,30938,30695,37375,59806,45457,34720,42402,34435,46771,63643,66120,72078,74029,75011,95084,83133,92760,132358,136064,142375,147401,127723,121953,121443,117441,135122,139865,157864,183838,181992,235844,226921,239172,254037,285175,283338,293634,282988,229099,282263,331305,381530,377500,381050,380137,383743,297275,293264,302244,248642,317347,277085
 "08125","Yuma, CO",7,CAINC4,36,"...","Less: Contributions for government social insurance 5/","Thousands of dollars",660,706,785,947,1189,1419,1902,1926,2153,2342,2789,3173,3678,4050,4189,4646,4953,5152,5215,5876,6328,6665,7108,7087,7841,8818,9378,9671,10632,10005,11000,10748,12271,13279,14295,15461,16535,18136,20873,22470,21401,21073,21426,22397,25534,26762,27148,27620,27988,29828,29637,28736,29484,34039
 "08125","Yuma, CO",7,CAINC4,37,"..."," Employee and self-employed contributions for government social insurance ","Thousands of dollars",397,429,464,550,681,799,1034,1009,1117,1215,1446,1687,1948,2175,2221,2451,2728,2891,2888,3313,3539,3583,3805,3764,4085,4456,4755,4900,5435,5499,5769,5727,6255,6613,6870,7386,8113,8990,10160,10658,10588,10559,10015,10522,12769,13427,14388,14633,13934,15055,14944,14262,14908,16764
 "08125","Yuma, CO",7,CAINC4,38,"..."," Employer contributions for government social insurance ","Thousands of dollars",263,277,321,397,508,620,868,917,1036,1127,1343,1486,1730,1875,1968,2195,2225,2261,2327,2563,2789,3082,3303,3323,3756,4362,4623,4771,5197,4506,5231,5021,6016,6666,7425,8075,8422,9146,10713,11812,10813,10514,11411,11875,12765,13335,12760,12987,14054,14773,14693,14474,14576,17275
 "08125","Yuma, CO",7,CAINC4,42,"...","Plus: Adjustment for residence 6/","Thousands of dollars",-107,-122,-157,-219,-289,-367,-609,-627,-694,-1043,-1245,-1271,-1265,-1591,-1493,-1601,-1567,-1632,-1687,-1794,-1854,-1989,-1962,-1788,-2093,-2525,-2882,-3069,-3592,-3498,-3438,-3588,-4564,-5441,-6027,-6517,-7764,-8149,-9573,-10454,-10604,-9576,-9389,-9271,-10229,-10936,-10963,-10790,-11995,-13923,-14461,-13096,-14048,-13640
 "08125","Yuma, CO",7,CAINC4,45,"...","Equals: Net earnings by place of residence ","Thousands of dollars",22473,25640,29996,29529,35897,58020,42946,32167,39555,31050,42737,59199,61177,66437,68347,68764,88564,76349,85858,124688,127882,133721,138331,118848,112019,110100,105181,122382,125641,144361,169400,167656,219009,208201,218850,232059,260876,257053,263188,250064,197094,251614,300490,349862,341737,343352,342026,345333,257292,249513,258146,206810,273815,229406
 "08125","Yuma, CO",7,CAINC4,46,"...","Plus: Dividends, interest, and rent 7/","Thousands of dollars",6700,7492,7970,8961,11588,13162,15916,17289,20510,22917,25925,31457,36626,40626,44940,45280,42825,40312,37992,37839,41147,41694,41592,41405,42070,43916,53205,56560,57972,58578,56270,59822,59646,49395,51433,51756,59883,60319,71723,89595,75308,71167,76326,70062,73204,77057,78423,80029,79678,81134,87267,89216,94436,101009
 "08125","Yuma, CO",7,CAINC4,47,"...","Plus: Personal current transfer receipts ","Thousands of dollars",2640,3107,3430,3730,4399,5045,6008,6285,6755,7383,8251,9472,10948,12099,13197,14167,14361,14975,15182,15582,17794,18527,20826,22733,24008,25475,28432,29511,29808,30727,32769,32965,36092,37345,39067,42432,44430,48113,49009,60412,63641,67648,72053,71203,71138,77848,81240,81791,79842,83885,89587,110710,127157,114527
 "08125","Yuma, CO",7,CAINC4,50,"...","Wages and salaries ","Thousands of dollars",8128,8781,9218,10408,11930,13589,18614,18506,20698,23115,25868,28984,31555,34194,34495,36026,36421,36309,37258,39405,41167,43742,45394,45301,49635,56438,61627,65755,74032,76954,80085,86152,93542,101911,102793,107446,117691,126987,144582,152995,149758,141676,150440,158233,168508,175020,171043,167798,174313,188347,190615,194898,202222,204892
 "08125","Yuma, CO",7,CAINC4,60,"...","Supplements to wages and salaries ","Thousands of dollars",749,843,992,1283,1461,1714,2387,2571,3051,3449,3886,4386,4863,5496,5920,6274,6698,6923,7231,7897,8865,9852,10745,11910,13135,14463,15010,15642,16838,16873,18566,19076,22847,23418,25681,27372,28477,30538,33684,36168,36456,34789,34410,36788,39569,42376,40678,40402,41894,45071,45114,45044,44933,47351
 "08125","Yuma, CO",7,CAINC4,61,"..."," Employer contributions for employee pension and insurance funds 8/","Thousands of dollars",486,566,671,886,953,1094,1519,1654,2015,2322,2543,2900,3133,3621,3952,4079,4473,4662,4904,5334,6076,6770,7442,8587,9379,10101,10387,10871,11641,12367,13335,14055,16831,16752,18256,19297,20055,21392,22971,24356,25643,24275,22999,24913,26804,29041,27918,27415,27840,30298,30421,30570,30357,30076
 "08125","Yuma, CO",7,CAINC4,62,"..."," Employer contributions for government social insurance ","Thousands of dollars",263,277,321,397,508,620,868,917,1036,1127,1343,1486,1730,1875,1968,2195,2225,2261,2327,2563,2789,3082,3303,3323,3756,4362,4623,4771,5197,4506,5231,5021,6016,6666,7425,8075,8422,9146,10713,11812,10813,10514,11411,11875,12765,13335,12760,12987,14054,14773,14693,14474,14576,17275
 "08125","Yuma, CO",7,CAINC4,70,"...","Proprietors' income 9/","Thousands of dollars",14363,16844,20728,19004,23984,44503,24456,13643,18653,7871,17017,30273,29702,32388,33614,32711,51965,39901,48271,85056,86032,88781,91262,70512,59183,50542,40804,53725,48995,64037,85187,76764,119455,101592,110698,119219,139007,125813,115368,93825,42885,105798,146455,186509,169423,163654,168416,175543,81068,59846,66515,8700,70192,24842
 "08125","Yuma, CO",7,CAINC4,71,"..."," Farm proprietors' income ","Thousands of dollars",9206,11218,14707,12439,16796,36932,16332,4177,8979,-3554,5353,17701,17791,20184,19557,17456,36168,23100,32599,67093,70604,74809,78893,58284,45614,35292,25282,37453,27494,39225,57548,52424,93749,73785,83845,91983,109552,95271,86605,70082,17515,73043,92784,122472,98152,87025,80761,83031,3357,-9926,19963,-29540,20010,-38106
 "08125","Yuma, CO",7,CAINC4,72,"..."," Nonfarm proprietors' income ","Thousands of dollars",5157,5626,6021,6565,7188,7571,8124,9466,9674,11425,11664,12572,11911,12204,14057,15255,15797,16801,15672,17963,15428,13972,12369,12228,13569,15250,15522,16272,21501,24812,27639,24340,25706,27807,26853,27236,29455,30542,28763,23743,25370,32755,53671,64037,71271,76629,87655,92512,77711,69772,46552,38240,50182,62948
 "08125","Yuma, CO",7,CAINC4,7010,"...","Total employment ","Number of jobs",4080,4156,4163,4159,4383,4589,4863,4796,5007,4909,4886,5230,5232,5306,5290,5304,5206,5137,5017,5347,5244,5264,5157,5020,5304,5559,5472,5728,5923,5957,6002,6159,6269,6280,6367,6264,6318,6449,6765,6894,6820,6811,6842,6982,7112,7166,7144,7166,7373,7405,7503,7345,7353,7633
 "08125","Yuma, CO",7,CAINC4,7020,"..."," Wage and salary employment ","Number of jobs",2023,2108,2105,2222,2373,2492,2790,2766,3026,2990,2945,3225,3219,3256,3230,3199,3100,3048,2973,3085,3110,3092,3005,2958,3094,3237,3275,3504,3671,3741,3851,3958,4106,4113,4255,4154,4160,4299,4352,4509,4324,4256,4371,4382,4458,4518,4451,4393,4575,4643,4829,4481,4405,4534
 "08125","Yuma, CO",7,CAINC4,7040,"..."," Proprietors employment ","Number of jobs",2057,2048,2058,1937,2010,2097,2073,2030,1981,1919,1941,2005,2013,2050,2060,2105,2106,2089,2044,2262,2134,2172,2152,2062,2210,2322,2197,2224,2252,2216,2151,2201,2163,2167,2112,2110,2158,2150,2413,2385,2496,2555,2471,2600,2654,2648,2693,2773,2798,2762,2674,2864,2948,3099
"Note: See the included footnote file."
"CAINC4: Personal income and employment by major component "
"Last updated: November 16, 2023-- new statistics for 2022; revised statistics for 1979-2021."
"U.S. Bureau of Economic Analysis"
