GeoFIPS,GeoName,Region,TableName,LineCode,IndustryClassification,Description,Unit,1969,1970,1971,1972,1973,1974,1975,1976,1977,1978,1979,1980,1981,1982,1983,1984,1985,1986,1987,1988,1989,1990,1991,1992,1993,1994,1995,1996,1997,1998,1999,2000,2001,2002,2003,2004,2005,2006,2007,2008,2009,2010,2011,2012,2013,2014,2015,2016,2017,2018,2019,2020,2021,2022
 "18000","Indiana",3,CAINC4,10,"...","Personal income (thousands of dollars) ","Thousands of dollars",19238335,20028723,21793740,23846523,27368399,29274320,31607533,35131556,38900918,43398431,47804276,51434612,56385049,58405977,61292821,67944411,71781760,75602918,79994102,85855229,93483728,98724639,101844784,110062468,115996313,123234342,128816697,136090898,143320055,154521832,160465789,171032057,175229754,177918829,182457953,191088330,196999021,208373702,215919895,226602287,220908661,231025568,245731198,256284678,259534763,269159112,279385736,287275158,297990490,313127221,326386659,351106590,387919266,398522647
 "18000","Indiana",3,CAINC4,11,"..."," Nonfarm personal income 1/","Thousands of dollars",18690392,19650341,21199836,23342465,26143657,28543723,30516518,34062990,38185410,42676303,47141811,51064322,56087692,58106792,61560163,67200202,71108877,75033355,79240487,85580800,92530449,97874430,101615684,109227777,115145800,122420473,128482285,134907290,142171295,153766663,160007397,170172593,174176280,177467545,181233156,189064263,195695400,207275301,214395499,224315579,219373991,229427223,242946174,254026616,254231198,266126754,278079321,285681687,296424809,311575895,325204243,348595630,383863184,394281188
 "18000","Indiana",3,CAINC4,12,"..."," Farm income 2/","Thousands of dollars",547943,378382,593904,504058,1224742,730597,1091015,1068566,715508,722128,662465,370290,297357,299185,-267342,744209,672883,569563,753615,274429,953279,850209,229100,834691,850513,813869,334412,1183608,1148760,755169,458392,859464,1053474,451284,1224797,2024067,1303621,1098401,1524396,2286708,1534670,1598345,2785024,2258062,5303565,3032358,1306415,1593471,1565681,1551326,1182416,2510960,4056082,4241459
 "18000","Indiana",3,CAINC4,20,"...","Population (persons) 3/","Number of persons",5143000,5203700,5249921,5296129,5329122,5349886,5351080,5371552,5405075,5446403,5474909,5490721,5480440,5467918,5450396,5458322,5459214,5454103,5473023,5491733,5523679,5557798,5616388,5674547,5739019,5793526,5851459,5906013,5955267,5998880,6044969,6091866,6127760,6155967,6196638,6233007,6278616,6332669,6379599,6424806,6459325,6491352,6521259,6546242,6581101,6609839,6628556,6658366,6685900,6725753,6761742,6788799,6813532,6833037
 "18000","Indiana",3,CAINC4,30,"...","Per capita personal income (dollars) 4/","Dollars",3741,3849,4151,4503,5136,5472,5907,6540,7197,7968,8732,9368,10288,10682,11246,12448,13149,13862,14616,15634,16924,17763,18134,19396,20212,21271,22014,23043,24066,25758,26545,28075,28596,28902,29445,30657,31376,32905,33845,35270,34200,35590,37682,39150,39436,40721,42149,43145,44570,46556,48270,51719,56934,58323
 "18000","Indiana",3,CAINC4,35,"...","Earnings by place of work ","Thousands of dollars",16559407,16821198,18071479,19887663,22973266,24066463,25121072,28361742,31579299,35456979,38848588,39671153,42504222,42554753,44424894,49969736,52905012,55944608,60440353,65055342,70158341,73869666,76362612,82765547,87443823,93273107,96808306,101962444,107590125,116395080,122871003,130046205,131851519,134402594,138228969,145387998,149251246,156086058,159825008,163066609,155681104,163713638,173662050,180599273,186388763,191139577,197402513,203492406,210873137,221616756,230188408,236732731,259549511,277788293
 "18000","Indiana",3,CAINC4,36,"...","Less: Contributions for government social insurance 5/","Thousands of dollars",1096673,1114825,1227316,1440491,1863475,2088993,2120039,2437921,2753994,3190079,3630443,3713820,4296362,4390144,4660404,5257594,5686013,6055515,6434344,7215371,7737032,8408008,8884162,9455074,10062353,10900339,11415785,11792090,12409007,13176087,13815370,14396496,14582080,15002250,15523199,16321975,17067184,17865089,18378332,18799099,18032573,18453840,17095869,17799351,20648329,21413504,22313270,22790825,23707304,24817301,25915091,26989857,29087493,31214954
 "18000","Indiana",3,CAINC4,37,"..."," Employee and self-employed contributions for government social insurance ","Thousands of dollars",563340,574536,631941,726288,932591,1051185,1069871,1198099,1335545,1532798,1764267,1838924,2147659,2205253,2312732,2560195,2851117,3049799,3269462,3680460,4002979,4337011,4609180,4904166,5231674,5675911,5966823,6164203,6493348,6858789,7205875,7500604,7634928,7887546,8107400,8517284,8884076,9393069,9715255,9992491,9628892,9852340,8047739,8347492,10950928,11383869,11888590,12222400,12805911,13539837,14171085,14825130,16102794,17460870
 "18000","Indiana",3,CAINC4,38,"..."," Employer contributions for government social insurance ","Thousands of dollars",533333,540289,595375,714203,930884,1037808,1050168,1239822,1418449,1657281,1866176,1874896,2148703,2184891,2347672,2697399,2834896,3005716,3164882,3534911,3734053,4070997,4274982,4550908,4830679,5224428,5448962,5627887,5915659,6317298,6609495,6895892,6947152,7114704,7415799,7804691,8183108,8472020,8663077,8806608,8403681,8601500,9048130,9451859,9697401,10029635,10424680,10568425,10901393,11277464,11744006,12164727,12984699,13754084
 "18000","Indiana",3,CAINC4,42,"...","Plus: Adjustment for residence 6/","Thousands of dollars",43210,78115,139355,177880,219799,280421,327827,385376,443403,497757,569551,681952,748321,810547,838602,983946,1057879,1135192,1185215,1283267,1348681,1487400,1494918,1646406,1865948,1996630,2278138,2417597,2546754,2574168,2826151,3114474,3359929,3432066,3516078,3801646,4105831,4321562,4695362,4685398,4599501,4463546,4722235,4729319,5232041,5178992,5760962,5888771,6285045,6546779,7249219,7460596,7198024,8147186
 "18000","Indiana",3,CAINC4,45,"...","Equals: Net earnings by place of residence ","Thousands of dollars",15505944,15784488,16983518,18625052,21329590,22257891,23328860,26309197,29268708,32764657,35787696,36639285,38956181,38975156,40603092,45696088,48276878,51024285,55191224,59123238,63769990,66949058,68973368,74956879,79247418,84369398,87670659,92587951,97727872,105793161,111881784,118764183,120629368,122832410,126221848,132867669,136289893,142542531,146142038,148952908,142248032,149723344,161288416,167529241,170972475,174905065,180850205,186590352,193450878,203346234,211522536,217203470,237660042,254720525
 "18000","Indiana",3,CAINC4,46,"...","Plus: Dividends, interest, and rent 7/","Thousands of dollars",2452900,2743554,3019906,3251453,3703950,4259661,4767142,5148498,5775448,6392139,7144427,8696265,10615605,11839293,12517654,13679191,14486327,15053802,15094100,16442353,18525694,19617767,19493063,19819122,20611186,22028295,23995395,25394570,27001761,29423902,28381574,30532345,30572140,29583593,29723008,30147429,30141137,32834708,35165770,37607598,34409683,33987327,37083836,39897780,39325219,41644686,43902203,44678024,46982061,49794703,51226024,51953683,57076644,61729859
 "18000","Indiana",3,CAINC4,47,"...","Plus: Personal current transfer receipts ","Thousands of dollars",1279491,1500681,1790316,1970018,2334859,2756768,3511531,3673861,3856762,4241635,4872153,6099062,6813263,7591528,8172075,8569132,9018555,9524831,9708778,10289638,11188044,12157814,13378353,15286467,16137709,16836649,17150643,18108377,18590422,19304769,20202431,21735529,24028246,25502826,26513097,28073232,30567991,32996463,34612087,40041781,44250946,47314897,47358946,48857657,49237069,52609361,54633328,56006782,57557551,59986284,63638099,81949437,93182580,82072263
 "18000","Indiana",3,CAINC4,50,"...","Wages and salaries ","Thousands of dollars",13168309,13519880,14266808,15747434,17633489,18930239,19250548,21772952,24445354,27489676,30280928,31181355,33618494,33550633,35009429,38287517,40547627,42798750,46014410,49823888,52835573,55760172,57844970,61535425,64911452,69485755,73158274,76517253,81056496,87044130,91587831,95775772,96496186,97991046,100505271,105572251,108662721,113129758,116694274,118218015,111452482,114356481,119132390,124637851,127529291,132281303,138764959,142958779,149646861,156199269,161161434,162902522,177496157,193809283
 "18000","Indiana",3,CAINC4,60,"...","Supplements to wages and salaries ","Thousands of dollars",1504245,1578607,1749671,2052020,2340177,2567480,2844862,3253565,3814994,4354173,4877957,5177310,5684957,5968936,6526177,7170328,7778817,8527467,9173878,10111955,11121060,12019061,12919370,14583610,15465469,16394678,16419863,16658249,17189436,18558941,19903604,21642387,22101445,22846542,24057446,25187041,26602719,27808056,28769427,29334801,26896607,28012019,28678705,30255429,30315786,32882044,32982486,34047551,34961428,37327650,37761393,37933189,39443309,40941142
 "18000","Indiana",3,CAINC4,61,"..."," Employer contributions for employee pension and insurance funds 8/","Thousands of dollars",970912,1038318,1154296,1337817,1409293,1529672,1794694,2013743,2396545,2696892,3011781,3302414,3536254,3784045,4178505,4472929,4943921,5521751,6008996,6577044,7387007,7948064,8644388,10032702,10634790,11170250,10970901,11030362,11273777,12241643,13294109,14746495,15154293,15731838,16641647,17382350,18419611,19336036,20106350,20528193,18492926,19410519,19630575,20803570,20618385,22852409,22557806,23479126,24060035,26050186,26017387,25768462,26458610,27187058
 "18000","Indiana",3,CAINC4,62,"..."," Employer contributions for government social insurance ","Thousands of dollars",533333,540289,595375,714203,930884,1037808,1050168,1239822,1418449,1657281,1866176,1874896,2148703,2184891,2347672,2697399,2834896,3005716,3164882,3534911,3734053,4070997,4274982,4550908,4830679,5224428,5448962,5627887,5915659,6317298,6609495,6895892,6947152,7114704,7415799,7804691,8183108,8472020,8663077,8806608,8403681,8601500,9048130,9451859,9697401,10029635,10424680,10568425,10901393,11277464,11744006,12164727,12984699,13754084
 "18000","Indiana",3,CAINC4,70,"...","Proprietors' income 9/","Thousands of dollars",1886853,1722711,2055000,2088209,2999600,2568744,3025662,3335225,3318951,3613130,3689703,3312488,3200771,3035184,2889288,4511891,4578568,4618391,5252065,5119499,6201708,6090433,5598272,6646512,7066902,7392674,7230169,8786942,9344193,10792009,11379568,12628046,13253888,13565006,13666252,14628706,13985806,15148244,14361307,15513793,17332015,21345138,25850955,25705993,28543686,25976230,25655068,26486076,26264848,28089837,31265581,35897020,42610045,43037868
 "18000","Indiana",3,CAINC4,71,"..."," Farm proprietors' income ","Thousands of dollars",487990,312586,524521,429096,1132176,611453,959086,915509,542975,580862,505775,204156,129839,106967,-449336,566301,496903,407442,595244,99048,766918,635294,23310,617333,615629,591624,120431,980298,924362,493306,209889,611639,781050,197195,938426,1707281,1001283,813041,1187939,1981450,1197074,1245360,2454088,1859507,4890441,2598819,951426,1229904,1124440,1066477,804186,2107404,3698113,3835643
 "18000","Indiana",3,CAINC4,72,"..."," Nonfarm proprietors' income ","Thousands of dollars",1398863,1410125,1530479,1659113,1867424,1957291,2066576,2419716,2775976,3032268,3183928,3108332,3070932,2928217,3338624,3945590,4081665,4210949,4656821,5020451,5434790,5455139,5574962,6029179,6451273,6801050,7109738,7806644,8419831,10298703,11169679,12016407,12472838,13367811,12727826,12921425,12984523,14335203,13173368,13532343,16134941,20099778,23396867,23846486,23653245,23377411,24703642,25256172,25140408,27023360,30461395,33789616,38911932,39202225
 "18000","Indiana",3,CAINC4,7010,"...","Total employment ","Number of jobs",2326793,2290880,2289961,2366852,2483157,2492502,2404608,2488953,2578127,2669582,2708261,2626041,2602712,2522205,2542022,2642451,2695475,2755432,2849065,2935238,3010334,3069771,3071856,3120633,3197238,3287330,3379373,3418009,3476263,3543278,3596542,3648148,3588944,3553197,3552183,3593262,3634795,3674382,3720029,3682921,3523023,3525292,3590103,3642274,3684167,3740470,3796439,3847508,3903424,3963724,3969603,3843114,3978425,4140665
 "18000","Indiana",3,CAINC4,7020,"..."," Wage and salary employment ","Number of jobs",2003190,1965281,1957446,2015633,2121293,2126189,2036757,2117641,2200130,2289469,2324381,2232960,2208776,2117949,2126025,2219341,2261717,2318280,2402100,2492096,2572120,2611994,2606822,2656442,2723154,2800975,2870620,2897129,2947544,3004248,3060251,3092859,3029913,2996529,2987817,3011850,3030513,3055154,3069526,3035746,2867301,2874627,2916394,2976544,3009900,3053976,3104796,3151027,3187839,3229588,3253499,3084243,3172564,3281893
 "18000","Indiana",3,CAINC4,7040,"..."," Proprietors employment ","Number of jobs",323603,325599,332515,351219,361864,366313,367851,371312,377997,380113,383880,393081,393936,404256,415997,423110,433758,437152,446965,443142,438214,457777,465034,464191,474084,486355,508753,520880,528719,539030,536291,555289,559031,556668,564366,581412,604282,619228,650503,647175,655722,650665,673709,665730,674267,686494,691643,696481,715585,734136,716104,758871,805861,858772
 "18001","Adams, IN",3,CAINC4,10,"...","Personal income (thousands of dollars) ","Thousands of dollars",92078,99978,108534,121333,147919,149019,152805,176386,194394,217533,235729,240439,267886,284445,301549,351752,365731,392423,417746,451135,481271,493952,494445,518250,553317,592458,604689,636519,688079,723901,748877,799493,825801,825516,859735,913825,901861,934318,954132,981380,929469,975855,1078250,1148069,1195806,1240585,1230903,1246090,1313620,1368525,1416503,1525950,1704186,1754820
 "18001","Adams, IN",3,CAINC4,11,"..."," Nonfarm personal income 1/","Thousands of dollars",86231,93554,98647,113409,129893,138122,144732,167755,187688,211236,229008,238569,267048,281771,302211,337534,356342,375918,402358,443975,467787,472792,482428,507506,540536,583140,601495,627767,667825,714620,750777,793611,815690,826041,843904,878887,882052,918077,933920,946573,910423,955824,1026575,1086446,1088338,1141016,1164395,1191610,1247297,1306682,1365934,1460455,1594097,1627983
 "18001","Adams, IN",3,CAINC4,12,"..."," Farm income 2/","Thousands of dollars",5847,6424,9887,7924,18026,10897,8073,8631,6706,6297,6721,1870,838,2674,-662,14218,9389,16505,15388,7160,13484,21160,12017,10744,12781,9318,3194,8752,20254,9281,-1900,5882,10111,-525,15831,34938,19809,16241,20212,34807,19046,20031,51675,61623,107468,99569,66508,54480,66323,61843,50569,65495,110089,126837
 "18001","Adams, IN",3,CAINC4,20,"...","Population (persons) 3/","Number of persons",26689,26889,27176,27150,27966,28005,28226,28436,29020,29320,29647,29654,29729,29759,29884,30116,30281,30427,30836,31191,31053,31160,31385,31545,31758,32204,32565,32866,32972,33346,33544,33597,33556,33523,33746,33822,33867,33887,33962,34214,34351,34443,34371,34410,34658,34775,34967,35221,35415,35571,35694,35852,35939,36068
 "18001","Adams, IN",3,CAINC4,30,"...","Per capita personal income (dollars) 4/","Dollars",3450,3718,3994,4469,5289,5321,5414,6203,6699,7419,7951,8108,9011,9558,10091,11680,12078,12897,13547,14464,15498,15852,15754,16429,17423,18397,18569,19367,20869,21709,22325,23797,24610,24625,25477,27019,26629,27572,28094,28684,27058,28332,31371,33364,34503,35675,35202,35379,37092,38473,39685,42562,47419,48653
 "18001","Adams, IN",3,CAINC4,35,"...","Earnings by place of work ","Thousands of dollars",66747,72220,77559,90342,114391,109042,105925,130985,145840,167112,177808,167849,184773,189084,211394,257425,260464,278852,307445,337617,351203,342862,339581,355119,379240,422821,426905,440286,484953,536797,564923,596549,600396,626986,680428,745337,714573,722724,718348,682782,609007,671101,738483,802657,875764,906551,898801,905616,985219,1020977,1029460,1049499,1171457,1266065
 "18001","Adams, IN",3,CAINC4,36,"...","Less: Contributions for government social insurance 5/","Thousands of dollars",4203,4486,4787,6224,8310,8845,8669,11017,12616,15081,16385,15785,18803,19366,22043,25836,27219,28475,31310,36241,37242,36512,37819,39414,42185,47698,49178,49451,52763,57834,61295,62882,61834,65641,70615,76509,76466,78230,78586,74169,67287,72284,66667,69313,81951,86707,89488,90880,98061,101687,104741,108878,116347,125565
 "18001","Adams, IN",3,CAINC4,37,"..."," Employee and self-employed contributions for government social insurance ","Thousands of dollars",2215,2373,2531,3190,4221,4581,4545,5511,6137,7186,8019,7923,9509,9892,11008,12658,13770,14540,16095,18612,19476,19187,20003,20827,22325,25711,26605,26791,28790,31570,33426,34203,34165,36282,38644,41559,41302,42738,42982,40942,37625,39789,32921,34695,45338,47688,49229,50446,54673,57318,59059,60940,65765,72266
 "18001","Adams, IN",3,CAINC4,38,"..."," Employer contributions for government social insurance ","Thousands of dollars",1988,2113,2256,3034,4089,4264,4124,5506,6479,7895,8366,7862,9294,9474,11035,13178,13449,13935,15215,17629,17766,17325,17816,18587,19860,21987,22573,22660,23973,26264,27869,28679,27669,29359,31971,34950,35164,35492,35604,33227,29662,32495,33746,34618,36613,39019,40259,40434,43388,44369,45682,47938,50582,53299
 "18001","Adams, IN",3,CAINC4,42,"...","Plus: Adjustment for residence 6/","Thousands of dollars",10679,11032,12010,11626,11238,12912,12365,10182,9889,8111,8971,8903,8244,6192,1151,-843,2823,7301,7438,5642,10426,21337,21135,26285,32776,25660,26927,34884,36398,16986,14874,22946,33132,23995,10428,-10858,-285,5497,1899,25580,34064,18992,36046,34341,24655,22199,14232,16815,-8962,-5978,5629,13011,13278,14955
 "18001","Adams, IN",3,CAINC4,45,"...","Equals: Net earnings by place of residence ","Thousands of dollars",73223,78766,84782,95744,117319,113109,109621,130150,143113,160142,170394,160967,174214,175910,190502,230746,236068,257678,283573,307018,324387,327687,322897,341990,369831,400783,404654,425719,468588,495949,518502,556613,571694,585340,620241,657970,637822,649991,641661,634193,575784,617809,707862,767685,818468,842043,823545,831551,878196,913312,930348,953632,1068388,1155455
 "18001","Adams, IN",3,CAINC4,46,"...","Plus: Dividends, interest, and rent 7/","Thousands of dollars",13016,14552,15987,17264,20691,24087,27991,29999,33953,38311,43587,51915,62221,72519,72724,81204,87068,89624,88186,95656,103558,107524,106596,104434,109430,112199,117708,123628,131218,136491,134544,140855,139680,122920,118782,127127,125038,133327,152426,159976,144179,140528,153999,162592,156369,167071,172218,177153,185172,194899,201570,211657,224424,239652
 "18001","Adams, IN",3,CAINC4,47,"...","Plus: Personal current transfer receipts ","Thousands of dollars",5839,6660,7765,8325,9909,11823,15193,16237,17328,19080,21748,27557,31451,36016,38323,39802,42595,45121,45987,48461,53326,58741,64952,71826,74056,79476,82327,87172,88273,91461,95831,102025,114427,117256,120712,128728,139001,151000,160045,187211,209506,217518,216389,217792,220969,231471,235140,237386,250252,260314,284585,360661,411374,359713
 "18001","Adams, IN",3,CAINC4,50,"...","Wages and salaries ","Thousands of dollars",47324,51561,52481,64524,74923,76224,75101,94272,106958,124120,132237,127115,141850,143468,161185,183540,188986,196346,218309,244854,248315,236243,238259,248372,262551,296990,310403,320167,346545,385211,407951,412295,383600,404161,429878,467911,457664,462646,468738,434100,381240,421960,427067,443977,466014,495729,517834,529545,574853,595303,608013,610007,658924,720382
 "18001","Adams, IN",3,CAINC4,60,"...","Supplements to wages and salaries ","Thousands of dollars",5068,5738,6060,8141,9826,10177,10586,13761,16903,20189,21535,21452,24700,26645,32555,37624,39494,42529,47250,56881,59394,57386,60666,66656,72184,77905,76433,74658,76304,85178,94417,101318,96361,104401,116053,126769,127899,127644,132303,122819,101018,112723,113427,119822,121413,137614,137252,139774,149902,158670,156385,154789,160164,163635
 "18001","Adams, IN",3,CAINC4,61,"..."," Employer contributions for employee pension and insurance funds 8/","Thousands of dollars",3080,3625,3804,5107,5737,5913,6462,8255,10424,12294,13169,13590,15406,17171,21520,24446,26045,28594,32035,39252,41628,40061,42850,48069,52324,55918,53860,51998,52331,58914,66548,72639,68692,75042,84082,91819,92735,92152,96699,89592,71356,80228,79681,85204,84800,98595,96993,99340,106514,114301,110703,106851,109582,110336
 "18001","Adams, IN",3,CAINC4,62,"..."," Employer contributions for government social insurance ","Thousands of dollars",1988,2113,2256,3034,4089,4264,4124,5506,6479,7895,8366,7862,9294,9474,11035,13178,13449,13935,15215,17629,17766,17325,17816,18587,19860,21987,22573,22660,23973,26264,27869,28679,27669,29359,31971,34950,35164,35492,35604,33227,29662,32495,33746,34618,36613,39019,40259,40434,43388,44369,45682,47938,50582,53299
 "18001","Adams, IN",3,CAINC4,70,"...","Proprietors' income 9/","Thousands of dollars",14355,14921,19018,17677,29642,22641,20238,22952,21979,22803,24036,19282,18223,18971,17654,36261,31984,39977,41886,35882,43494,49233,40656,40091,44505,47926,40069,45461,62104,66408,62555,82936,120435,118424,134497,150657,129010,132434,117307,125863,126749,136418,197989,238858,288337,273208,243715,236297,260464,267004,265062,284703,352369,382048
 "18001","Adams, IN",3,CAINC4,71,"..."," Farm proprietors' income ","Thousands of dollars",5361,5886,9312,7295,17211,9856,6845,7134,4935,4728,4985,32,-1039,562,-2787,12015,7084,14239,13020,4571,10755,18038,9042,7623,9400,6090,46,5733,16918,5524,-5361,2513,6530,-3787,12196,30954,16005,12643,15941,30384,13657,13962,45662,54002,99575,91275,59733,47547,57878,52582,43370,57809,103266,119065
 "18001","Adams, IN",3,CAINC4,72,"..."," Nonfarm proprietors' income ","Thousands of dollars",8994,9035,9706,10382,12431,12785,13393,15818,17044,18075,19051,19250,19262,18409,20441,24246,24900,25738,28866,31311,32739,31195,31614,32468,35105,41836,40023,39728,45186,60884,67916,80423,113905,122211,122301,119703,113005,119791,101366,95479,113092,122456,152327,184856,188762,181933,183982,188750,202586,214422,221692,226894,249103,262983
 "18001","Adams, IN",3,CAINC4,7010,"...","Total employment ","Number of jobs",11399,11686,11488,12668,13628,13150,12675,13772,14415,15098,15021,14057,14385,13972,14602,15660,15819,15834,16678,17553,17761,17103,16954,17155,17866,18578,19794,19627,19989,22279,22684,22859,20014,20081,20336,21067,20779,20501,20401,19266,17947,18602,18826,19075,19360,20035,20382,20525,21002,21371,20702,20152,20647,21285
 "18001","Adams, IN",3,CAINC4,7020,"..."," Wage and salary employment ","Number of jobs",8301,8587,8438,9490,10312,9823,9383,10604,11264,11956,11830,10809,11029,10463,10941,11930,11984,11966,12712,13678,13780,13083,12937,13021,13531,14233,15145,15005,15272,16014,16390,16394,14842,15048,15284,16048,15711,15313,15168,13919,12484,13147,13227,13484,13652,14156,14449,14411,14925,15106,14836,13973,14366,14712
 "18001","Adams, IN",3,CAINC4,7040,"..."," Proprietors employment ","Number of jobs",3098,3099,3050,3178,3316,3327,3292,3168,3151,3142,3191,3248,3356,3509,3661,3730,3835,3868,3966,3875,3981,4020,4017,4134,4335,4345,4649,4622,4717,6265,6294,6465,5172,5033,5052,5019,5068,5188,5233,5347,5463,5455,5599,5591,5708,5879,5933,6114,6077,6265,5866,6179,6281,6573
 "18003","Allen, IN",3,CAINC4,10,"...","Personal income (thousands of dollars) ","Thousands of dollars",1099839,1164105,1259456,1392461,1553427,1698096,1775233,1985256,2238983,2506584,2787659,2966952,3235954,3299963,3423453,3787971,4110447,4498669,4814136,5304632,5778308,6041624,6095381,6614954,6852986,7254615,7675744,8032193,8419981,9119884,9467114,9956080,9924068,10150426,10122558,10536726,10876316,11694630,12144363,12424584,11934165,12343412,13205908,13835497,13873919,14660236,15449046,15815497,16296639,17275592,17932613,19345409,21710667,22408673
 "18003","Allen, IN",3,CAINC4,11,"..."," Nonfarm personal income 1/","Thousands of dollars",1092477,1157038,1247738,1382567,1533139,1685649,1759992,1970080,2220239,2496525,2774123,2956528,3234683,3294921,3427578,3783046,4105544,4492635,4808601,5299638,5770810,6025641,6089101,6605788,6842033,7245078,7670698,8016562,8395023,9108668,9466478,9950845,9913448,10146159,10105974,10513184,10865398,11683421,12131391,12396134,11905880,12334042,13172795,13791256,13780198,14605647,15432383,15782726,16269266,17246766,17911183,19309078,21639925,22344111
 "18003","Allen, IN",3,CAINC4,12,"..."," Farm income 2/","Thousands of dollars",7362,7067,11718,9894,20288,12447,15241,15176,18744,10059,13536,10424,1271,5042,-4125,4925,4903,6034,5535,4994,7498,15983,6280,9166,10953,9537,5046,15631,24958,11216,636,5235,10620,4267,16584,23542,10918,11209,12972,28450,28285,9370,33113,44241,93721,54589,16663,32771,27373,28826,21430,36331,70742,64562
 "18003","Allen, IN",3,CAINC4,20,"...","Population (persons) 3/","Number of persons",274948,281297,284941,287484,288529,289687,288951,287950,288762,292275,294194,293834,291174,288893,286852,286409,289455,293544,298230,299649,300658,301659,304430,307128,309985,312277,314778,318087,321527,325489,328699,332786,334956,337124,339569,340916,343238,346314,349534,351264,353693,356044,359463,361762,364617,366813,369446,371849,374509,378174,382508,386082,389112,391449
 "18003","Allen, IN",3,CAINC4,30,"...","Per capita personal income (dollars) 4/","Dollars",4000,4138,4420,4844,5384,5862,6144,6894,7754,8576,9476,10097,11113,11423,11935,13226,14201,15325,16142,17703,19219,20028,20022,21538,22107,23231,24385,25252,26187,28019,28802,29917,29628,30109,29810,30907,31687,33769,34744,35371,33742,34668,36738,38245,38051,39967,41817,42532,43515,45682,46882,50107,55795,57245
 "18003","Allen, IN",3,CAINC4,35,"...","Earnings by place of work ","Thousands of dollars",1093146,1138915,1219212,1363194,1523087,1649982,1655423,1878462,2142361,2418759,2691369,2721674,2879905,2823406,2914479,3257799,3572287,3962260,4314888,4699565,5051520,5288105,5337999,5772890,6063122,6397863,6707367,6974072,7332832,7907105,8368412,8734312,8595316,8711439,8673644,8923915,9217738,9787982,10066365,10023146,9444937,9774552,10317449,10689276,10825621,11300023,11866044,12175336,12578673,13331905,13891696,14301822,15608207,16886654
 "18003","Allen, IN",3,CAINC4,36,"...","Less: Contributions for government social insurance 5/","Thousands of dollars",75631,77875,85910,102591,131725,149092,146909,169536,193174,225575,259360,260945,297902,296473,308793,353050,394519,439557,473022,528545,567688,611186,630224,671891,708556,757740,793814,813763,851344,900816,943385,973270,977688,998257,1007926,1045024,1089719,1143902,1178279,1181544,1133439,1154968,1073410,1098824,1254893,1304986,1373932,1392663,1442679,1525849,1605475,1671187,1792361,1929471
 "18003","Allen, IN",3,CAINC4,37,"..."," Employee and self-employed contributions for government social insurance ","Thousands of dollars",38097,39343,43433,50438,64604,73447,72595,81508,91697,106072,123524,126524,146367,146769,151214,169439,194321,216730,234634,262313,286204,309869,318473,340140,360284,386618,408280,420040,438779,461979,487522,502319,499765,512700,514175,532893,554178,585292,606827,610929,585207,596126,483159,496998,650342,680074,716847,731147,763003,812863,855292,898610,972602,1058417
 "18003","Allen, IN",3,CAINC4,38,"..."," Employer contributions for government social insurance ","Thousands of dollars",37534,38532,42477,52153,67121,75645,74314,88028,101477,119503,135836,134421,151535,149704,157579,183611,200198,222827,238388,266232,281484,301317,311751,331751,348272,371122,385534,393723,412565,438837,455863,470951,477923,485557,493751,512131,535541,558610,571452,570615,548232,558842,590251,601826,604551,624912,657085,661516,679676,712986,750183,772577,819759,871054
 "18003","Allen, IN",3,CAINC4,42,"...","Plus: Adjustment for residence 6/","Thousands of dollars",-141320,-147036,-154338,-172227,-185868,-201893,-194580,-216587,-245836,-275738,-305289,-294014,-307202,-291636,-288007,-308320,-338715,-377113,-407194,-441010,-460134,-489129,-508862,-543232,-582386,-601216,-608879,-635254,-690912,-710990,-748899,-833184,-809180,-775673,-702385,-695368,-685429,-728401,-739355,-726979,-666338,-688525,-714359,-703872,-629057,-602233,-582721,-667707,-722329,-721993,-764146,-828731,-848693,-913309
 "18003","Allen, IN",3,CAINC4,45,"...","Equals: Net earnings by place of residence ","Thousands of dollars",876195,914004,978964,1088376,1205494,1298997,1313934,1492339,1703351,1917446,2126720,2166715,2274801,2235297,2317679,2596429,2839053,3145590,3434672,3730010,4023698,4187790,4198913,4557767,4772180,5038907,5304674,5525055,5790576,6295299,6676128,6927858,6808448,6937509,6963333,7183523,7442590,7915679,8148731,8114623,7645160,7931059,8529680,8886580,8941671,9392804,9909391,10114966,10413665,11084063,11522075,11801904,12967153,14043874
 "18003","Allen, IN",3,CAINC4,46,"...","Plus: Dividends, interest, and rent 7/","Thousands of dollars",159711,176155,191133,204269,229330,263821,286623,310723,347169,382281,424591,507815,623407,687107,702669,774595,834623,892236,913160,1058441,1200914,1261259,1233727,1273192,1273973,1361670,1499205,1598433,1707065,1850462,1781838,1910197,1877270,1897068,1794730,1902032,1844299,2064496,2200078,2215847,1972069,1924527,2175766,2354142,2312584,2462307,2600448,2682742,2767301,2946533,3010060,3008427,3562415,3864651
 "18003","Allen, IN",3,CAINC4,47,"...","Plus: Personal current transfer receipts ","Thousands of dollars",63933,73946,89359,99816,118603,135278,174676,182194,188463,206857,236348,292422,337746,377559,403105,416947,436771,460843,466304,516181,553696,592575,662741,783995,806833,854038,871865,908705,922340,974123,1009148,1118025,1238350,1315849,1364495,1451171,1589427,1714455,1795554,2094114,2316936,2487826,2500462,2594775,2619664,2805125,2939207,3017789,3115673,3244996,3400478,4535078,5181099,4500148
 "18003","Allen, IN",3,CAINC4,50,"...","Wages and salaries ","Thousands of dollars",915321,956045,1010938,1127319,1250605,1366820,1349721,1524587,1726716,1961256,2179985,2195906,2333414,2277526,2338935,2590679,2840485,3141807,3417386,3703728,3932965,4079056,4152822,4429315,4620991,4878052,5168164,5378645,5695262,6075983,6366503,6614565,6580837,6623209,6623981,6840253,6992439,7330833,7564458,7543217,7153702,7277974,7596257,7776648,7834186,8139927,8633812,8818951,9217855,9729563,10138510,10295163,11139091,12218292
 "18003","Allen, IN",3,CAINC4,60,"...","Supplements to wages and salaries ","Thousands of dollars",102693,109236,123491,146575,164322,182110,197635,227569,269332,307565,351712,364735,391485,397392,422480,466197,524066,604755,655098,739890,804053,852945,903440,1018407,1068196,1116304,1118659,1129866,1173460,1279426,1341439,1450282,1442808,1480281,1513227,1555220,1648088,1739616,1790964,1803196,1656496,1723121,1768554,1859287,1829717,1980688,2003721,2054990,2106195,2273038,2317272,2337734,2434859,2541508
 "18003","Allen, IN",3,CAINC4,61,"..."," Employer contributions for employee pension and insurance funds 8/","Thousands of dollars",65159,70704,81014,94422,97201,106465,123321,139541,167855,188062,215876,230314,239950,247688,264901,282586,323868,381928,416710,473658,522569,551628,591689,686656,719924,745182,733125,736143,760895,840589,885576,979331,964885,994724,1019476,1043089,1112547,1181006,1219512,1232581,1108264,1164279,1178303,1257461,1225166,1355776,1346636,1393474,1426519,1560052,1567089,1565157,1615100,1670454
 "18003","Allen, IN",3,CAINC4,62,"..."," Employer contributions for government social insurance ","Thousands of dollars",37534,38532,42477,52153,67121,75645,74314,88028,101477,119503,135836,134421,151535,149704,157579,183611,200198,222827,238388,266232,281484,301317,311751,331751,348272,371122,385534,393723,412565,438837,455863,470951,477923,485557,493751,512131,535541,558610,571452,570615,548232,558842,590251,601826,604551,624912,657085,661516,679676,712986,750183,772577,819759,871054
 "18003","Allen, IN",3,CAINC4,70,"...","Proprietors' income 9/","Thousands of dollars",75132,73634,84783,89300,108160,101052,108067,126306,146313,149938,159672,161033,155006,148488,153064,200923,207736,215698,242404,255947,314502,356104,281737,325168,373935,403507,420544,465561,464110,551696,660470,669465,571671,607949,536436,528442,577211,717533,710943,676733,634739,773457,952638,1053341,1161718,1179408,1228511,1301395,1254623,1329304,1435914,1668925,2034257,2126854
 "18003","Allen, IN",3,CAINC4,71,"..."," Farm proprietors' income ","Thousands of dollars",6387,6041,10670,8796,18931,10778,13326,12887,16078,7769,10969,7675,-1526,1808,-7172,1982,2035,3445,3066,2373,4792,12964,3463,6280,7781,6464,2007,12680,21669,7439,-2917,1692,6799,693,12656,19267,6818,7328,8371,24056,23245,3951,27943,37887,87136,47672,11012,26991,20328,21104,15429,29929,65057,58089
 "18003","Allen, IN",3,CAINC4,72,"..."," Nonfarm proprietors' income ","Thousands of dollars",68745,67593,74113,80504,89229,90274,94741,113419,130235,142169,148703,153358,156532,146680,160236,198941,205701,212253,239338,253574,309710,343140,278274,318888,366154,397043,418537,452881,442441,544257,663387,667773,564872,607256,523780,509175,570393,710205,702572,652677,611494,769506,924695,1015454,1074582,1131736,1217499,1274404,1234295,1308200,1420485,1638996,1969200,2068765
 "18003","Allen, IN",3,CAINC4,7010,"...","Total employment ","Number of jobs",143283,143217,143464,149789,156874,160217,151729,157445,164850,172294,175899,166934,165791,158745,157817,165566,172812,181486,189228,196012,202545,203718,202750,206481,209344,213021,217193,218635,222902,227785,228742,231107,227585,225320,221285,223760,225751,230192,232920,230779,220451,219976,224936,227109,227175,230663,235479,237837,241344,246573,248943,241316,250202,262277
 "18003","Allen, IN",3,CAINC4,7020,"..."," Wage and salary employment ","Number of jobs",129747,129692,129696,134756,141455,144287,135518,140840,147659,154958,157982,148135,146619,138694,137307,144756,151569,160103,167606,173376,179647,179468,178100,182389,184466,188254,191655,192351,196483,201554,202395,203648,198265,196154,191765,192998,194022,197348,198153,195770,184570,183826,186897,189582,189135,191693,196532,198107,200570,204212,207159,196527,202479,211210
 "18003","Allen, IN",3,CAINC4,7040,"..."," Proprietors employment ","Number of jobs",13536,13525,13768,15033,15419,15930,16211,16605,17191,17336,17917,18799,19172,20051,20510,20810,21243,21383,21622,22636,22898,24250,24650,24092,24878,24767,25538,26284,26419,26231,26347,27459,29320,29166,29520,30762,31729,32844,34767,35009,35881,36150,38039,37527,38040,38970,38947,39730,40774,42361,41784,44789,47723,51067
 "18005","Bartholomew, IN",3,CAINC4,10,"...","Personal income (thousands of dollars) ","Thousands of dollars",224503,238843,261594,285134,332282,373571,380739,437420,495850,550984,608112,623363,703140,712438,759976,916444,932226,923394,1016570,1077854,1149214,1203707,1224269,1358083,1471008,1568825,1693948,1767766,1853357,2016347,2083658,2225399,2151788,2198369,2286318,2405332,2459271,2650358,2755277,2908965,2764046,2911353,3168991,3436636,3412352,3594516,3772199,3844983,4011815,4323240,4455624,4590932,4956752,5172771
 "18005","Bartholomew, IN",3,CAINC4,11,"..."," Nonfarm personal income 1/","Thousands of dollars",218468,235441,255912,280526,320087,362788,372946,424915,488016,543614,603398,621669,699082,708576,761663,903440,922367,916571,1010764,1076452,1140704,1196019,1223938,1349612,1463258,1564655,1691944,1751892,1844408,2011520,2083101,2215018,2140127,2197251,2273650,2383477,2446793,2640545,2744797,2887311,2735871,2904040,3146681,3411823,3362348,3573215,3769980,3828496,3992722,4304573,4435904,4557416,4910595,5132005
 "18005","Bartholomew, IN",3,CAINC4,12,"..."," Farm income 2/","Thousands of dollars",6035,3402,5682,4608,12195,10783,7793,12505,7834,7370,4714,1694,4058,3862,-1687,13004,9859,6823,5806,1402,8510,7688,331,8471,7750,4170,2004,15874,8949,4827,557,10381,11661,1118,12668,21855,12478,9813,10480,21654,28175,7313,22310,24813,50004,21301,2219,16487,19093,18667,19720,33516,46157,40766
 "18005","Bartholomew, IN",3,CAINC4,20,"...","Population (persons) 3/","Number of persons",56201,57080,57662,58851,59716,60249,60844,61316,62371,63254,64113,64960,64301,63992,63765,63567,63398,62940,63427,63395,63375,63855,64843,65467,66357,67273,68410,69031,69568,70275,70639,71763,72110,71890,72299,72882,73660,74508,75265,76080,76566,76773,77385,78566,79016,79654,80403,81035,80902,81282,82045,82216,82730,83540
 "18005","Bartholomew, IN",3,CAINC4,30,"...","Per capita personal income (dollars) 4/","Dollars",3995,4184,4537,4845,5564,6200,6258,7134,7950,8711,9485,9596,10935,11133,11918,14417,14704,14671,16027,17002,18134,18851,18881,20745,22168,23320,24762,25608,26641,28692,29497,31010,29840,30580,31623,33003,33387,35571,36608,38236,36100,37922,40951,43742,43186,45127,46916,47448,49589,53188,54307,55840,59915,61920
 "18005","Bartholomew, IN",3,CAINC4,35,"...","Earnings by place of work ","Thousands of dollars",259305,268455,288057,312425,368365,414702,398340,475359,547352,617032,691995,660542,732977,699212,741453,924900,908090,886233,1008366,1053397,1068843,1103451,1129209,1285541,1428716,1528388,1616676,1672156,1762812,1914509,2009865,2136987,1964735,1977385,2045809,2200209,2286780,2434121,2542083,2676444,2439140,2559163,2876400,3219836,3220085,3374340,3615150,3685555,3836983,4131420,4261319,4119112,4364452,4801125
 "18005","Bartholomew, IN",3,CAINC4,36,"...","Less: Contributions for government social insurance 5/","Thousands of dollars",17135,17850,19784,22947,30828,36163,34116,41400,47605,55638,65182,62493,74793,72517,78199,98989,98711,97528,108090,115962,116697,124521,131024,147202,165337,178444,189198,191464,201100,213218,223325,231664,218591,222208,232445,251099,262393,281795,294247,309139,285591,297804,295349,327431,369682,389286,415790,412422,424047,457386,479993,475222,499253,543484
 "18005","Bartholomew, IN",3,CAINC4,37,"..."," Employee and self-employed contributions for government social insurance ","Thousands of dollars",8692,9121,10077,11406,15259,18207,17389,20329,23327,26971,31859,30940,37276,36274,38344,47394,48871,48136,54184,58700,60087,64253,67397,75227,83584,90753,97608,99682,105606,112127,117256,122529,113398,115855,119476,128156,134916,144869,153080,162055,149208,154909,131820,145519,190399,200647,214520,216756,226223,245432,255156,252822,267051,294402
 "18005","Bartholomew, IN",3,CAINC4,38,"..."," Employer contributions for government social insurance ","Thousands of dollars",8443,8729,9707,11541,15569,17956,16727,21071,24278,28667,33323,31553,37517,36243,39855,51595,49840,49392,53906,57262,56610,60268,63627,71975,81753,87691,91590,91782,95494,101091,106069,109135,105193,106353,112969,122943,127477,136926,141167,147084,136383,142895,163529,181912,179283,188639,201270,195666,197824,211954,224837,222400,232202,249082
 "18005","Bartholomew, IN",3,CAINC4,42,"...","Plus: Adjustment for residence 6/","Thousands of dollars",-59031,-58896,-60499,-63887,-73882,-84379,-76970,-96326,-113660,-130820,-152334,-143579,-159201,-141961,-145820,-182858,-163978,-150726,-171116,-166340,-148862,-140685,-151044,-184484,-223872,-238573,-252260,-267226,-285052,-312028,-318862,-342622,-283116,-257656,-257698,-289963,-323290,-346279,-384057,-436212,-367893,-355046,-456217,-591288,-564660,-591717,-671521,-694321,-713661,-790862,-804766,-733861,-783476,-891225
 "18005","Bartholomew, IN",3,CAINC4,45,"...","Equals: Net earnings by place of residence ","Thousands of dollars",183139,191709,207774,225591,263655,294160,287254,337633,386087,430574,474479,454470,498983,484734,517434,643053,645401,637979,729160,771095,803284,838245,847141,953855,1039507,1111371,1175218,1213466,1276660,1389263,1467678,1562701,1463028,1497521,1555666,1659147,1701097,1806047,1863779,1931093,1785656,1906313,2124834,2301117,2285743,2393337,2527839,2578812,2699275,2883172,2976560,2910029,3081723,3366416
 "18005","Bartholomew, IN",3,CAINC4,46,"...","Plus: Dividends, interest, and rent 7/","Thousands of dollars",29461,33176,37204,40728,46444,53609,58974,64082,71939,78504,86159,108434,136401,147452,157795,186051,193896,187719,187740,200794,230808,240983,241782,247509,266071,285745,339003,359246,377582,416255,397378,427282,423505,416558,432260,427562,410101,468131,493729,517422,467565,462419,501767,572010,557118,600186,610203,613141,645125,748707,751637,737591,810367,868718
 "18005","Bartholomew, IN",3,CAINC4,47,"...","Plus: Personal current transfer receipts ","Thousands of dollars",11903,13958,16616,18815,22183,25802,34511,35705,37824,41906,47474,60459,67756,80252,84747,87340,92929,97696,99670,105965,115122,124479,135346,156719,165430,171709,179727,195054,199115,210829,218602,235416,265255,284290,298392,318623,348073,376180,397769,460450,510825,542621,542390,563509,569491,600993,634157,653030,667415,691361,727427,943312,1064662,937637
 "18005","Bartholomew, IN",3,CAINC4,50,"...","Wages and salaries ","Thousands of dollars",212661,221989,235241,253675,294052,333049,315871,374856,427482,485193,550285,528347,591141,557284,587429,723957,707308,702648,785007,810677,809420,841083,864730,979281,1094004,1174511,1266436,1298153,1376254,1477087,1548431,1612565,1491048,1493946,1541603,1664756,1727489,1842905,1937921,2043217,1842663,1934731,2158470,2426749,2422208,2563275,2721916,2748397,2847327,3093167,3167977,3013854,3211383,3578204
 "18005","Bartholomew, IN",3,CAINC4,60,"...","Supplements to wages and salaries ","Thousands of dollars",24102,25317,28077,32100,37470,42383,45069,54231,64384,72766,84862,85413,96810,97199,107189,126333,128193,133908,155973,164689,170469,180262,192821,226427,258708,279797,270934,266864,271388,295345,314605,341173,326066,335574,355969,380630,407823,436737,462843,488382,431752,449865,492288,556602,541395,594567,618264,623932,638364,692950,699439,664507,684250,716530
 "18005","Bartholomew, IN",3,CAINC4,61,"..."," Employer contributions for employee pension and insurance funds 8/","Thousands of dollars",15659,16588,18370,20559,21901,24427,28342,33160,40106,44099,51539,53860,59293,60956,67334,74738,78353,84516,102067,107427,113859,119994,129194,154452,176955,192106,179344,175082,175894,194254,208536,232038,220873,229221,243000,257687,280346,299811,321676,341298,295369,306970,328759,374690,362112,405928,416994,428266,440540,480996,474602,442107,452048,467448
 "18005","Bartholomew, IN",3,CAINC4,62,"..."," Employer contributions for government social insurance ","Thousands of dollars",8443,8729,9707,11541,15569,17956,16727,21071,24278,28667,33323,31553,37517,36243,39855,51595,49840,49392,53906,57262,56610,60268,63627,71975,81753,87691,91590,91782,95494,101091,106069,109135,105193,106353,112969,122943,127477,136926,141167,147084,136383,142895,163529,181912,179283,188639,201270,195666,197824,211954,224837,222400,232202,249082
 "18005","Bartholomew, IN",3,CAINC4,70,"...","Proprietors' income 9/","Thousands of dollars",22542,21149,24739,26650,36843,39270,37400,46272,55486,59073,56848,46782,45026,44729,46835,74610,72589,49677,67386,78031,88954,82106,71658,79833,76004,74080,79306,107139,115170,142077,146829,183249,147621,147865,148237,154823,151468,154479,141319,144845,164725,174567,225642,236485,256482,216498,274970,313226,351292,345303,393903,440751,468819,506391
 "18005","Bartholomew, IN",3,CAINC4,71,"..."," Farm proprietors' income ","Thousands of dollars",5618,2963,5233,4138,11634,10086,6920,11381,6453,6164,3309,142,2426,1954,-3417,11387,8367,5542,4661,220,7320,6396,-847,7292,6372,2762,548,14408,7251,2345,-2248,7144,7700,-2978,8527,17751,8948,6860,7444,19053,25446,4588,19858,21977,47061,18216,-309,13895,15954,15214,17023,30636,43605,37877
 "18005","Bartholomew, IN",3,CAINC4,72,"..."," Nonfarm proprietors' income ","Thousands of dollars",16924,18186,19506,22512,25209,29184,30480,34891,49033,52909,53539,46640,42600,42775,50252,63223,64222,44135,62725,77811,81634,75710,72505,72541,69632,71318,78758,92731,107919,139732,149077,176105,139921,150843,139710,137072,142520,147619,133875,125792,139279,169979,205784,214508,209421,198282,275279,299331,335338,330089,376880,410115,425214,468514
 "18005","Bartholomew, IN",3,CAINC4,7010,"...","Total employment ","Number of jobs",32356,32082,32179,32600,35298,36323,33996,35623,37582,39086,40753,37946,38067,35323,35344,37712,37442,37657,38972,40195,40871,42137,42105,44050,46277,48419,49868,50171,51045,52869,52944,52846,50295,49163,48781,50425,51642,52458,53866,54449,50968,50846,54102,57390,57341,59038,60063,60669,61246,61983,61913,58403,59219,62201
 "18005","Bartholomew, IN",3,CAINC4,7020,"..."," Wage and salary employment ","Number of jobs",28915,28620,28622,28762,31249,32120,29684,31275,33004,34351,36002,33116,33392,30477,30387,32617,32160,32273,33390,34537,35289,36372,36425,38296,40749,42531,43702,43815,44721,46150,46210,45871,43725,42557,42180,43754,44751,45507,46603,47362,43656,43792,46831,50218,50175,51694,52869,53554,53965,54463,54548,50599,50944,53350
 "18005","Bartholomew, IN",3,CAINC4,7040,"..."," Proprietors employment ","Number of jobs",3441,3462,3557,3838,4049,4203,4312,4348,4578,4735,4751,4830,4675,4846,4957,5095,5282,5384,5582,5658,5582,5765,5680,5754,5528,5888,6166,6356,6324,6719,6734,6975,6570,6606,6601,6671,6891,6951,7263,7087,7312,7054,7271,7172,7166,7344,7194,7115,7281,7520,7365,7804,8275,8851
 "18007","Benton, IN",3,CAINC4,10,"...","Personal income (thousands of dollars) ","Thousands of dollars",43932,42007,50029,48707,73963,67331,80622,80715,80155,88630,94420,88216,106120,115250,101993,124192,130578,123957,129814,126112,155440,160566,141274,166849,176756,191280,180279,218166,228335,227918,231087,241539,257115,253000,246690,265434,256685,266450,287424,322876,293555,294374,344887,318412,385078,337521,291597,325191,327737,347122,364724,410693,469208,469450
 "18007","Benton, IN",3,CAINC4,11,"..."," Nonfarm personal income 1/","Thousands of dollars",32821,34834,36646,40143,46034,49390,55895,60590,66081,72304,75723,82837,92610,100798,106769,112953,114525,116797,121096,129059,140907,152422,155192,161578,169281,177535,187822,195135,209455,223005,222777,234816,246260,241579,233408,238073,241242,249747,257038,268318,263445,270552,279941,282379,270098,282139,289994,299843,309846,328963,349838,365135,394586,400535
 "18007","Benton, IN",3,CAINC4,12,"..."," Farm income 2/","Thousands of dollars",11111,7173,13383,8564,27929,17941,24727,20125,14074,16326,18697,5379,13510,14452,-4776,11239,16053,7160,8718,-2947,14533,8144,-13918,5271,7475,13745,-7543,23031,18880,4913,8310,6723,10855,11421,13282,27361,15443,16703,30386,54558,30110,23822,64946,36033,114980,55382,1603,25348,17891,18159,14886,45558,74622,68915
 "18007","Benton, IN",3,CAINC4,20,"...","Population (persons) 3/","Number of persons",11329,11286,11414,11315,11066,10854,10803,10750,10749,10600,10437,10189,10051,10065,9938,9810,9779,9654,9521,9465,9381,9453,9415,9603,9560,9508,9594,9470,9528,9561,9483,9412,9313,9163,9148,9016,8915,8871,8805,8801,8735,8862,8856,8819,8745,8714,8686,8644,8621,8658,8741,8716,8714,8719
 "18007","Benton, IN",3,CAINC4,30,"...","Per capita personal income (dollars) 4/","Dollars",3878,3722,4383,4305,6684,6203,7463,7508,7457,8361,9047,8658,10558,11451,10263,12660,13353,12840,13634,13324,16570,16986,15005,17375,18489,20118,18791,23038,23965,23838,24369,25663,27608,27611,26967,29440,28792,30036,32643,36686,33607,33218,38944,36105,44034,38733,33571,37620,38016,40093,41726,47119,53845,53842
 "18007","Benton, IN",3,CAINC4,35,"...","Earnings by place of work ","Thousands of dollars",26910,24196,31311,29116,51084,42757,53095,52523,49088,56231,56152,44211,51848,52211,35012,54561,59113,50804,54832,46664,68032,65045,48770,68009,75498,87146,68443,100453,101518,97996,107126,108670,125512,125467,123809,131748,121403,129315,145033,173417,149053,148499,189422,160462,239635,185039,133360,159316,160420,170343,167516,195935,228162,226505
 "18007","Benton, IN",3,CAINC4,36,"...","Less: Contributions for government social insurance 5/","Thousands of dollars",1104,1179,1272,1530,1973,2236,2525,2906,3147,3693,3547,3701,3925,3984,4125,4506,4595,4679,4879,5564,6096,6588,7386,7356,8029,8769,9156,9189,9656,10224,10942,11204,11875,11934,12127,12086,12503,13137,13762,14530,14648,14899,13303,13459,15100,15936,15967,16253,17400,18750,18568,19383,19568,20677
 "18007","Benton, IN",3,CAINC4,37,"..."," Employee and self-employed contributions for government social insurance ","Thousands of dollars",620,663,718,848,1063,1223,1377,1519,1616,1870,1834,1949,2091,2149,2217,2416,2562,2649,2811,3204,3603,3774,4261,4277,4710,5115,5379,5277,5614,5988,6248,6315,6993,7029,7010,6868,7144,7590,7952,8318,8296,8374,6820,6803,8430,8756,8956,9200,9934,10803,10829,11428,11791,12566
 "18007","Benton, IN",3,CAINC4,38,"..."," Employer contributions for government social insurance ","Thousands of dollars",484,516,554,682,910,1013,1148,1387,1531,1823,1713,1752,1834,1835,1908,2090,2033,2030,2068,2360,2493,2814,3125,3079,3319,3654,3777,3912,4042,4236,4694,4889,4882,4905,5117,5218,5359,5547,5810,6212,6352,6525,6483,6656,6670,7180,7011,7053,7466,7947,7739,7955,7777,8111
 "18007","Benton, IN",3,CAINC4,42,"...","Plus: Adjustment for residence 6/","Thousands of dollars",7811,7571,7184,7130,7382,7223,6523,6461,6925,6850,8912,9200,12280,14169,15107,18457,20386,23256,26156,29828,33582,38050,38333,43396,45608,47022,48107,50285,56721,59030,57649,61465,61054,60633,58660,63235,64171,62176,58619,54729,50749,45656,51666,55107,52251,54220,57663,61913,62077,64534,75983,76219,85069,98421
 "18007","Benton, IN",3,CAINC4,45,"...","Equals: Net earnings by place of residence ","Thousands of dollars",33617,30588,37223,34716,56493,47744,57093,56078,52866,59388,61517,49710,60203,62396,45994,68512,74904,69381,76109,70928,95518,96507,79717,104049,113077,125399,107394,141549,148583,146802,153833,158931,174691,174166,170342,182897,173071,178354,189890,213616,185154,179256,227785,202110,276786,223323,175056,204976,205097,216127,224931,252771,293663,304249
 "18007","Benton, IN",3,CAINC4,46,"...","Plus: Dividends, interest, and rent 7/","Thousands of dollars",6916,7708,8558,9347,11933,13445,15905,16694,18945,20157,22429,26259,31491,36758,39090,37912,37052,35638,35070,36367,38767,41670,38134,37411,37407,38224,43464,46607,49137,48502,44514,48007,46485,40775,36815,42162,38936,41185,47178,54056,49919,50528,55017,51881,45916,47282,46929,47569,48693,53167,54906,56781,56009,58715
 "18007","Benton, IN",3,CAINC4,47,"...","Plus: Personal current transfer receipts ","Thousands of dollars",3399,3711,4248,4644,5537,6142,7624,7943,8344,9085,10474,12247,14426,16096,16909,17768,18622,18938,18635,18817,21155,22389,23423,25389,26272,27657,29421,30010,30615,32614,32740,34601,35939,38059,39533,40375,44678,46911,50356,55204,58482,64590,62085,64421,62376,66916,69612,72646,73947,77828,84887,101141,119536,106486
 "18007","Benton, IN",3,CAINC4,50,"...","Wages and salaries ","Thousands of dollars",12194,13098,13635,15486,17820,19254,22041,25097,27494,31078,28488,29897,29470,29234,29961,31083,30582,30316,31742,34771,36678,40105,43679,43003,46137,50184,52213,54605,56343,59285,65923,68140,68896,68306,70229,71002,71796,74513,77593,83555,84414,85796,86171,88658,88860,92565,93407,93846,101688,112321,105598,105867,106907,110670
 "18007","Benton, IN",3,CAINC4,60,"...","Supplements to wages and salaries ","Thousands of dollars",1164,1299,1437,1764,2127,2297,2778,3287,3677,4314,4176,4432,4481,4788,5277,5848,6063,6085,6387,7062,8101,9122,10202,10939,11863,12832,13034,13485,13650,14529,16500,17831,17892,17364,18574,18607,19700,20234,21382,22445,21415,22543,22927,23457,22918,25791,24514,25021,26301,29123,27712,27969,26864,26503
 "18007","Benton, IN",3,CAINC4,61,"..."," Employer contributions for employee pension and insurance funds 8/","Thousands of dollars",680,783,883,1082,1217,1284,1630,1900,2146,2491,2463,2680,2647,2953,3369,3758,4030,4055,4319,4702,5608,6308,7077,7860,8544,9178,9257,9573,9608,10293,11806,12942,13010,12459,13457,13389,14341,14687,15572,16233,15063,16018,16444,16801,16248,18611,17503,17968,18835,21176,19973,20014,19087,18392
 "18007","Benton, IN",3,CAINC4,62,"..."," Employer contributions for government social insurance ","Thousands of dollars",484,516,554,682,910,1013,1148,1387,1531,1823,1713,1752,1834,1835,1908,2090,2033,2030,2068,2360,2493,2814,3125,3079,3319,3654,3777,3912,4042,4236,4694,4889,4882,4905,5117,5218,5359,5547,5810,6212,6352,6525,6483,6656,6670,7180,7011,7053,7466,7947,7739,7955,7777,8111
 "18007","Benton, IN",3,CAINC4,70,"...","Proprietors' income 9/","Thousands of dollars",13552,9799,16239,11866,31137,21206,28276,24139,17917,20839,23488,9882,17897,18189,-226,17630,22468,14403,16703,4831,23253,15818,-5111,14067,17498,24130,3196,32363,31525,24182,24703,22699,38724,39797,35006,42139,29907,34568,46058,67417,43224,40160,80324,48347,127857,66683,15439,40449,32431,28899,34206,62099,94391,89332
 "18007","Benton, IN",3,CAINC4,71,"..."," Farm proprietors' income ","Thousands of dollars",10508,6535,12734,7884,27115,16913,23502,18611,12273,14792,17002,3591,11714,12398,-6674,9442,14368,5706,7425,-4384,12998,6370,-15620,3470,5597,12029,-9137,21568,17316,3156,6708,5186,9222,9952,11321,24867,12761,13879,26708,50598,25160,18126,59149,28566,107234,47262,-5066,18507,9632,9059,7752,37952,67884,61318
 "18007","Benton, IN",3,CAINC4,72,"..."," Nonfarm proprietors' income ","Thousands of dollars",3044,3264,3505,3982,4022,4293,4774,5528,5644,6047,6486,6291,6183,5791,6448,8188,8100,8697,9278,9215,10255,9448,10509,10597,11901,12101,12333,10795,14209,21026,17995,17513,29502,29845,23685,17272,17146,20689,19350,16819,18064,22034,21175,19781,20623,19421,20505,21942,22799,19840,26454,24147,26507,28014
 "18007","Benton, IN",3,CAINC4,7010,"...","Total employment ","Number of jobs",4577,4564,4461,4593,4643,4463,4476,4538,4590,4605,4389,4264,4044,3889,3927,4051,3982,3852,3838,3881,3944,4018,4074,4027,4134,4195,4319,4358,4355,4542,4860,4836,4377,4173,4175,4020,4042,4081,4131,4113,4048,4005,3888,3907,3895,3894,3842,3775,3850,3933,3699,3695,3630,3579
 "18007","Benton, IN",3,CAINC4,7020,"..."," Wage and salary employment ","Number of jobs",2593,2631,2581,2707,2840,2722,2787,2936,2966,2956,2780,2696,2468,2377,2396,2527,2451,2351,2355,2401,2507,2561,2595,2644,2747,2779,2858,2883,2879,2861,3120,3065,2935,2791,2812,2688,2707,2754,2778,2746,2675,2675,2578,2619,2576,2540,2514,2492,2596,2707,2530,2450,2403,2294
 "18007","Benton, IN",3,CAINC4,7040,"..."," Proprietors employment ","Number of jobs",1984,1933,1880,1886,1803,1741,1689,1602,1624,1649,1609,1568,1576,1512,1531,1524,1531,1501,1483,1480,1437,1457,1479,1383,1387,1416,1461,1475,1476,1681,1740,1771,1442,1382,1363,1332,1335,1327,1353,1367,1373,1330,1310,1288,1319,1354,1328,1283,1254,1226,1169,1245,1227,1285
 "18009","Blackford, IN",3,CAINC4,10,"...","Personal income (thousands of dollars) ","Thousands of dollars",52939,55898,61042,67956,79634,80933,87791,96777,103056,112112,122983,128620,140475,144495,153491,170846,176857,176435,181277,189020,203334,208141,207167,221090,228341,242990,246981,264151,280288,291849,300507,309430,328713,327479,329993,346233,352331,361477,378900,399578,374715,391297,401000,405633,417619,422104,425864,420097,427219,440952,448364,477762,528282,530227
 "18009","Blackford, IN",3,CAINC4,11,"..."," Nonfarm personal income 1/","Thousands of dollars",50955,54136,58358,65330,73065,76953,81503,90468,99641,109589,120812,128064,139062,143691,154285,166740,173450,173163,175754,185492,198061,203050,204284,216666,221330,237747,245768,257214,273681,290561,300266,308577,325000,326295,327007,336991,347595,357009,373891,390276,369339,382306,382691,388711,383312,399961,415126,411106,420551,432990,440723,466693,505838,511309
 "18009","Blackford, IN",3,CAINC4,12,"..."," Farm income 2/","Thousands of dollars",1984,1762,2684,2626,6569,3980,6288,6309,3415,2523,2171,556,1413,804,-794,4106,3407,3272,5523,3528,5273,5091,2883,4424,7011,5243,1213,6937,6607,1288,241,853,3713,1184,2986,9242,4736,4468,5009,9302,5376,8991,18309,16922,34307,22143,10738,8991,6668,7962,7641,11069,22444,18918
 "18009","Blackford, IN",3,CAINC4,20,"...","Population (persons) 3/","Number of persons",15802,15905,15996,16099,16198,16074,15903,15908,15878,15600,15606,15559,15486,15297,15055,15086,14889,14674,14455,14224,14115,14079,13980,14066,14012,13976,14127,14192,14117,14092,14084,13988,13735,13696,13642,13496,13392,13161,13078,12971,12844,12779,12697,12602,12563,12481,12408,12311,12251,12197,12078,12111,12056,11919
 "18009","Blackford, IN",3,CAINC4,30,"...","Per capita personal income (dollars) 4/","Dollars",3350,3514,3816,4221,4916,5035,5520,6084,6490,7187,7880,8267,9071,9446,10195,11325,11878,12024,12541,13289,14406,14784,14819,15718,16296,17386,17483,18613,19855,20710,21337,22121,23933,23911,24189,25654,26309,27466,28972,30805,29174,30620,31582,32188,33242,33820,34322,34124,34872,36152,37122,39449,43819,44486
 "18009","Blackford, IN",3,CAINC4,35,"...","Earnings by place of work ","Thousands of dollars",34556,36837,40011,45098,53728,51124,53369,59233,59815,65199,71755,68965,74546,75330,82988,96678,101941,99058,104179,106616,118239,117126,109977,115379,118198,129119,129345,141810,153873,159947,168674,166048,175664,177922,175445,182469,181612,179419,182568,179562,161618,173303,184455,181594,205141,191025,188504,183892,188174,195506,184430,186002,209863,223795
 "18009","Blackford, IN",3,CAINC4,36,"...","Less: Contributions for government social insurance 5/","Thousands of dollars",2305,2466,2713,3232,4121,4289,4193,4798,5099,5817,6674,6513,7515,7849,8893,10074,10924,10618,10766,11721,12947,13197,12767,13163,13338,14954,15556,16128,17397,18056,18949,18485,19017,19754,19730,20319,21172,21549,22210,21456,20367,20853,18964,18803,22188,21924,22749,22974,24098,25075,23745,24227,25681,28386
 "18009","Blackford, IN",3,CAINC4,37,"..."," Employee and self-employed contributions for government social insurance ","Thousands of dollars",1198,1281,1409,1655,2089,2217,2209,2440,2570,2904,3356,3350,3889,4080,4514,5014,5590,5495,5673,6234,6983,6999,6907,7163,7353,8265,8617,8878,9625,10009,10482,10181,10535,10989,10900,11236,11729,12074,12619,12450,11763,12056,10055,10025,12827,12783,13437,13486,14209,15053,14578,15013,15960,17653
 "18009","Blackford, IN",3,CAINC4,38,"..."," Employer contributions for government social insurance ","Thousands of dollars",1107,1185,1304,1577,2032,2072,1984,2358,2529,2913,3318,3163,3626,3769,4379,5060,5334,5123,5093,5487,5964,6198,5860,6000,5985,6689,6939,7250,7772,8047,8467,8304,8482,8765,8830,9083,9443,9475,9591,9006,8604,8797,8909,8778,9361,9141,9312,9488,9889,10022,9167,9214,9721,10733
 "18009","Blackford, IN",3,CAINC4,42,"...","Plus: Adjustment for residence 6/","Thousands of dollars",9762,9403,10398,11778,13636,15217,15481,18347,22240,24500,26376,27348,28145,25876,26024,27325,27492,28469,29324,32082,31934,32746,35259,38689,41291,42920,43545,42432,42149,42373,43707,46852,48123,51376,55448,58170,60765,65357,68686,73454,65950,62084,62891,61617,54989,60628,62005,63568,62721,64790,73289,71400,75875,82169
 "18009","Blackford, IN",3,CAINC4,45,"...","Equals: Net earnings by place of residence ","Thousands of dollars",42013,43774,47696,53644,63243,62052,64657,72782,76956,83882,91457,89800,95176,93357,100119,113929,118509,116909,122737,126977,137226,136675,132469,140905,146151,157085,157334,168114,178625,184264,193432,194415,204770,209544,211163,220320,221205,223227,229044,231560,207201,214534,228382,224408,237942,229729,227760,224486,226797,235221,233974,233175,260057,277578
 "18009","Blackford, IN",3,CAINC4,46,"...","Plus: Dividends, interest, and rent 7/","Thousands of dollars",6898,7471,8065,8502,9487,10565,12345,13227,14871,15743,17322,20722,24975,28218,28826,31429,32155,32409,31642,34192,35830,36374,36014,35962,36063,37018,42650,46539,51898,55381,53113,57563,60064,50735,47729,48592,46933,47999,53705,61017,52601,51841,51944,56622,53955,59104,58133,56139,58684,60060,60485,60929,57787,60355
 "18009","Blackford, IN",3,CAINC4,47,"...","Plus: Personal current transfer receipts ","Thousands of dollars",4028,4653,5281,5810,6904,8316,10789,10768,11229,12487,14204,18098,20324,22920,24546,25488,26193,27117,26898,27851,30278,35092,38684,44223,46127,48887,46997,49498,49765,52204,53962,57452,63879,67200,71101,77321,84193,90251,96151,107001,114913,124922,120674,124603,125722,133271,139971,139472,141738,145671,153905,183658,210438,192294
 "18009","Blackford, IN",3,CAINC4,50,"...","Wages and salaries ","Thousands of dollars",26026,28061,29623,33468,37078,36808,36567,41462,44238,48919,54551,53063,57166,58206,65098,71614,76363,73313,74621,78152,85211,85997,80666,82693,81696,91095,95307,100712,108708,111728,117526,115837,117654,121015,120317,122665,123905,124596,126612,119594,111307,115675,116054,114945,120628,118103,126497,125248,131984,136423,124903,123540,132719,146848
 "18009","Blackford, IN",3,CAINC4,60,"...","Supplements to wages and salaries ","Thousands of dollars",2846,3185,3524,4275,4899,5045,5237,6022,6707,7623,8716,8816,9711,10313,11976,13397,14588,14683,14936,15858,18338,19055,18737,19938,20118,22077,22661,23119,24203,25412,27722,28508,30897,31667,32567,32650,34553,34674,36033,34782,29728,31642,31764,31677,32044,33448,33003,34086,35207,37235,34154,33343,33409,35523
 "18009","Blackford, IN",3,CAINC4,61,"..."," Employer contributions for employee pension and insurance funds 8/","Thousands of dollars",1739,2000,2220,2698,2867,2973,3253,3664,4178,4710,5398,5653,6085,6544,7597,8337,9254,9560,9843,10371,12374,12857,12877,13938,14133,15388,15722,15869,16431,17365,19255,20204,22415,22902,23737,23567,25110,25199,26442,25776,21124,22845,22855,22899,22683,24307,23691,24598,25318,27213,24987,24129,23688,24790
 "18009","Blackford, IN",3,CAINC4,62,"..."," Employer contributions for government social insurance ","Thousands of dollars",1107,1185,1304,1577,2032,2072,1984,2358,2529,2913,3318,3163,3626,3769,4379,5060,5334,5123,5093,5487,5964,6198,5860,6000,5985,6689,6939,7250,7772,8047,8467,8304,8482,8765,8830,9083,9443,9475,9591,9006,8604,8797,8909,8778,9361,9141,9312,9488,9889,10022,9167,9214,9721,10733
 "18009","Blackford, IN",3,CAINC4,70,"...","Proprietors' income 9/","Thousands of dollars",5684,5591,6864,7355,11751,9271,11565,11749,8870,8657,8488,7086,7669,6811,5914,11667,10990,11062,14622,12606,14690,12074,10574,12748,16384,15947,11377,17979,20962,22807,23426,21703,27113,25240,22561,27154,23154,20149,19923,25186,20583,25986,36637,34972,52469,39474,29004,24558,20983,21848,25373,29119,43735,41424
 "18009","Blackford, IN",3,CAINC4,71,"..."," Farm proprietors' income ","Thousands of dollars",1848,1617,2536,2472,6386,3748,5994,5935,2960,2110,1700,44,884,192,-1403,3491,2793,2705,4981,2887,4553,4223,2021,3484,6015,4315,333,6114,5709,133,-944,-413,2232,-272,1326,7386,2957,2786,3015,7608,3614,7247,16753,15137,32453,20198,9144,7359,4691,5786,5942,9257,20837,17101
 "18009","Blackford, IN",3,CAINC4,72,"..."," Nonfarm proprietors' income ","Thousands of dollars",3836,3974,4328,4883,5365,5523,5571,5814,5910,6547,6788,7042,6785,6619,7317,8176,8197,8357,9641,9719,10137,7851,8553,9264,10369,11632,11044,11865,15253,22674,24370,22116,24881,25512,21235,19768,20197,17363,16908,17578,16969,18739,19884,19835,20016,19276,19860,17199,16292,16062,19431,19862,22898,24323
 "18009","Blackford, IN",3,CAINC4,7010,"...","Total employment ","Number of jobs",5803,5865,6004,6418,6666,6545,5992,6120,6185,6277,6398,5942,5928,5720,6035,6337,6423,6162,6121,6022,6220,6088,5641,5441,5400,5707,5882,6039,6278,6483,6427,6322,5916,5886,5645,5565,5641,5460,5428,5157,4791,4921,4799,4772,4853,4723,4626,4720,4685,4624,4375,4099,4101,4232
 "18009","Blackford, IN",3,CAINC4,7020,"..."," Wage and salary employment ","Number of jobs",4508,4625,4723,5069,5268,5139,4607,4745,4781,4861,5029,4603,4603,4421,4674,4981,5050,4809,4756,4710,4961,4877,4429,4275,4198,4482,4568,4681,4850,4858,4877,4740,4632,4603,4432,4345,4355,4220,4175,3947,3593,3673,3602,3543,3618,3494,3452,3536,3552,3541,3255,2990,3014,3102
 "18009","Blackford, IN",3,CAINC4,7040,"..."," Proprietors employment ","Number of jobs",1295,1240,1281,1349,1398,1406,1385,1375,1404,1416,1369,1339,1325,1299,1361,1356,1373,1353,1365,1312,1259,1211,1212,1166,1202,1225,1314,1358,1428,1625,1550,1582,1284,1283,1213,1220,1286,1240,1253,1210,1198,1248,1197,1229,1235,1229,1174,1184,1133,1083,1120,1109,1087,1130
 "18011","Boone, IN",3,CAINC4,10,"...","Personal income (thousands of dollars) ","Thousands of dollars",120957,121401,133598,147153,180707,187169,223104,245504,273399,314566,362717,403839,438670,456166,479675,544001,576498,606902,651298,701362,755755,817380,864633,958669,1029019,1132309,1186122,1288279,1394161,1565528,1640565,1771788,1862832,1885172,1951693,2122769,2282613,2572778,2681795,2935342,2801763,2945228,3243036,3439971,3691795,3848475,4179564,4476330,4640885,4955573,5333720,5523255,6259253,6780022
 "18011","Boone, IN",3,CAINC4,11,"..."," Nonfarm personal income 1/","Thousands of dollars",113208,115847,125571,139607,158721,178861,201455,225519,257585,299070,349491,393765,432200,449978,478414,525609,561252,594971,637436,694592,739974,800566,863081,943513,1008400,1112026,1177767,1268194,1370946,1551018,1629992,1759062,1847582,1870373,1932056,2087432,2261859,2556547,2655401,2882995,2772751,2928607,3189076,3418505,3603098,3823966,4184904,4457492,4635565,4946779,5326085,5496328,6216639,6747224
 "18011","Boone, IN",3,CAINC4,12,"..."," Farm income 2/","Thousands of dollars",7749,5554,8027,7546,21986,8308,21649,19985,15814,15496,13226,10074,6470,6188,1261,18392,15246,11931,13862,6770,15781,16814,1552,15156,20619,20283,8355,20085,23215,14510,10573,12726,15250,14799,19637,35337,20754,16231,26394,52347,29012,16621,53960,21466,88697,24509,-5340,18838,5320,8794,7635,26927,42614,32798
 "18011","Boone, IN",3,CAINC4,20,"...","Population (persons) 3/","Number of persons",30584,30927,31280,31647,32116,31970,32676,33201,33816,34583,35737,36598,37124,37179,36935,37170,37139,37073,37568,37849,37889,38304,38851,39601,40365,41141,41951,42669,43297,44167,45163,46390,47035,48071,49047,50158,51261,52750,53778,54648,55915,56961,58111,59395,60883,62345,63943,65324,67081,68444,69557,71134,73006,74164
 "18011","Boone, IN",3,CAINC4,30,"...","Per capita personal income (dollars) 4/","Dollars",3955,3925,4271,4650,5627,5855,6828,7394,8085,9096,10150,11034,11816,12269,12987,14635,15523,16370,17337,18531,19947,21339,22255,24208,25493,27523,28274,30192,32200,35446,36325,38193,39605,39216,39792,42322,44529,48773,49868,53714,50108,51706,55808,57917,60638,61729,65364,68525,69183,72403,76681,77646,85736,91419
 "18011","Boone, IN",3,CAINC4,35,"...","Earnings by place of work ","Thousands of dollars",57550,58087,64165,70074,92124,86959,110204,118061,123952,138001,153953,161661,165572,168321,172609,209325,219346,233757,257646,270836,299516,316155,331127,365543,390838,413299,421008,452360,479727,559095,597912,661280,702422,746689,811001,909307,940653,1018225,1056569,1150145,1077386,1156998,1292256,1343926,1581982,1644656,1720243,1798890,1894832,2047926,2213904,2569695,2953854,3229682
 "18011","Boone, IN",3,CAINC4,36,"...","Less: Contributions for government social insurance 5/","Thousands of dollars",3248,3424,3795,4453,5666,6744,7477,8249,9002,10517,12542,13693,15524,16299,16971,19342,21423,23584,25672,28846,31252,34011,37837,39882,42388,46014,48475,50039,52923,59825,63299,68459,73226,78654,87751,98706,105656,114996,119470,128580,124024,132220,126443,135542,168392,181416,192862,198549,212080,230351,254009,303262,342784,375131
 "18011","Boone, IN",3,CAINC4,37,"..."," Employee and self-employed contributions for government social insurance ","Thousands of dollars",1859,1953,2149,2486,3103,3769,4179,4479,4826,5586,6663,7358,8350,8886,9189,10265,11672,12845,14064,15829,17421,18713,21214,22516,24136,25982,27230,27857,29170,33087,35356,38209,40429,43226,47376,52584,56064,62029,64848,69209,66208,69776,58854,62211,88693,96060,102714,106562,114135,124208,135440,159590,181349,199978
 "18011","Boone, IN",3,CAINC4,38,"..."," Employer contributions for government social insurance ","Thousands of dollars",1389,1471,1646,1967,2563,2975,3298,3770,4176,4931,5879,6335,7174,7413,7782,9077,9751,10739,11608,13017,13831,15298,16623,17366,18252,20032,21245,22182,23753,26738,27943,30250,32797,35428,40375,46122,49592,52967,54622,59371,57816,62444,67589,73331,79699,85356,90148,91987,97945,106143,118569,143672,161435,175153
 "18011","Boone, IN",3,CAINC4,42,"...","Plus: Adjustment for residence 6/","Thousands of dollars",44026,40649,43219,48546,55384,62439,65813,77970,94448,113718,133582,150733,163457,164059,172374,188268,201611,214982,232578,251556,269326,285984,310321,357323,382584,437903,444880,485745,529427,572479,604143,631363,656778,648738,651197,664038,736984,861554,927523,1022360,988133,1038187,1138775,1255148,1252656,1300894,1406155,1537123,1588382,1614265,1674770,1521642,1545804,1772156
 "18011","Boone, IN",3,CAINC4,45,"...","Equals: Net earnings by place of residence ","Thousands of dollars",98328,95312,103589,114167,141842,142654,168540,187782,209398,241202,274993,298701,313505,316081,328012,378251,399534,425155,464552,493546,537590,568128,603611,682984,731034,805188,817413,888066,956231,1071749,1138756,1224184,1285974,1316773,1374447,1474639,1571981,1764783,1864622,2043925,1941495,2062965,2304588,2463532,2666246,2764134,2933536,3137464,3271134,3431840,3634665,3788075,4156874,4626707
 "18011","Boone, IN",3,CAINC4,46,"...","Plus: Dividends, interest, and rent 7/","Thousands of dollars",15376,17882,20458,22683,26494,30322,35848,38324,42751,49534,60300,71379,86756,97651,105260,116537,125049,128229,132012,150179,155980,180243,185028,187145,203175,227176,266265,289879,322185,371797,371059,408340,424993,406920,407696,462654,506858,588908,579218,613812,535270,552797,613976,645410,688913,714698,848665,927939,937659,1063872,1201569,1091698,1348952,1487245
 "18011","Boone, IN",3,CAINC4,47,"...","Plus: Personal current transfer receipts ","Thousands of dollars",7253,8207,9551,10303,12371,14193,18716,19398,21250,23830,27424,33759,38409,42434,46403,49213,51915,53518,54734,57637,62185,69009,75994,88540,94810,99945,102444,110334,115745,121982,130750,139264,151865,161479,169550,185476,203774,219087,237955,277605,324998,329466,324472,331029,336636,369643,397363,410927,432092,459861,497486,643482,753427,666070
 "18011","Boone, IN",3,CAINC4,50,"...","Wages and salaries ","Thousands of dollars",35180,37585,40146,44226,49679,56135,62856,68228,74702,84144,97200,106567,113398,116334,119726,131945,142459,155729,171088,185989,197979,211568,226779,238603,250586,266370,283773,298401,320379,361899,384870,415751,449048,477821,534899,605632,640511,702588,725109,780987,742868,804946,874444,937904,1021008,1094380,1179357,1236072,1330987,1451496,1571320,1859018,2125684,2368215
 "18011","Boone, IN",3,CAINC4,60,"...","Supplements to wages and salaries ","Thousands of dollars",3637,3939,4309,5110,5805,6664,8136,8981,10322,12163,14433,16134,17576,18771,20612,23610,26391,29855,32776,36109,40386,44602,49392,54291,57464,61594,63415,65829,69082,80144,83695,94283,101631,107518,124184,141769,154518,167927,173070,187519,176538,190679,201466,219059,231227,255444,259160,276774,296743,327054,340822,376708,420973,450870
 "18011","Boone, IN",3,CAINC4,61,"..."," Employer contributions for employee pension and insurance funds 8/","Thousands of dollars",2248,2468,2663,3143,3242,3689,4838,5211,6146,7232,8554,9799,10402,11358,12830,14533,16640,19116,21168,23092,26555,29304,32769,36925,39212,41562,42170,43647,45329,53406,55752,64033,68834,72090,83809,95647,104926,114960,118448,128148,118722,128235,133877,145728,151528,170088,169012,184787,198798,220911,222253,233036,259538,275717
 "18011","Boone, IN",3,CAINC4,62,"..."," Employer contributions for government social insurance ","Thousands of dollars",1389,1471,1646,1967,2563,2975,3298,3770,4176,4931,5879,6335,7174,7413,7782,9077,9751,10739,11608,13017,13831,15298,16623,17366,18252,20032,21245,22182,23753,26738,27943,30250,32797,35428,40375,46122,49592,52967,54622,59371,57816,62444,67589,73331,79699,85356,90148,91987,97945,106143,118569,143672,161435,175153
 "18011","Boone, IN",3,CAINC4,70,"...","Proprietors' income 9/","Thousands of dollars",18733,16563,19710,20738,36640,24160,39212,40852,38928,41694,42320,38960,34598,33216,32271,53770,50496,48173,53782,48738,61151,59985,54956,72649,82788,85335,73820,88130,90266,117052,129347,151246,151743,161350,151918,161906,145624,147710,158390,181639,157980,161373,216346,186963,329747,294832,281726,286044,267102,269376,301762,333969,407197,410597
 "18011","Boone, IN",3,CAINC4,71,"..."," Farm proprietors' income ","Thousands of dollars",7010,4622,6932,6258,20282,5986,19085,17032,12510,12762,10413,7297,3821,3371,-1371,15863,12784,9702,11722,4263,12988,13470,-1760,11562,16811,16749,5012,16960,19821,10490,6707,8841,10916,10737,15206,30627,16463,12358,22021,48233,24337,11619,49167,15580,82590,18106,-10591,13457,-1198,1623,2030,20947,37313,26803
 "18011","Boone, IN",3,CAINC4,72,"..."," Nonfarm proprietors' income ","Thousands of dollars",11723,11941,12778,14480,16358,18174,20127,23820,26418,28932,31907,31663,30777,29845,33642,37907,37712,38471,42060,44475,48163,46515,56716,61087,65977,68586,68808,71170,70445,106562,122640,142405,140827,150613,136712,131279,129161,135352,136369,133406,133643,149754,167179,171383,247157,276726,292317,272587,268300,267753,299732,313022,369884,383794
 "18011","Boone, IN",3,CAINC4,7010,"...","Total employment ","Number of jobs",10314,10354,10357,10768,11318,11651,12099,12183,12370,12783,13398,13688,13519,13545,13775,14457,14759,15153,15622,15972,16420,16970,17044,17433,17756,18152,18456,18794,19311,22693,23138,23849,22245,22837,24291,25754,26342,27050,28157,29597,29715,30495,31386,33198,35934,37358,38513,39348,41219,42409,44177,48026,51821,55038
 "18011","Boone, IN",3,CAINC4,7020,"..."," Wage and salary employment ","Number of jobs",6808,6861,6837,7145,7636,7999,8510,8551,8686,9075,9601,9752,9542,9342,9386,10019,10230,10617,10985,11481,11899,12129,12096,12356,12553,12852,13150,13457,13795,14938,15028,15425,16160,16623,18038,19118,19283,19638,20149,21260,21027,21914,22614,24350,26748,27961,28734,29574,31017,31970,34052,37297,40432,42859
 "18011","Boone, IN",3,CAINC4,7040,"..."," Proprietors employment ","Number of jobs",3506,3493,3520,3623,3682,3652,3589,3632,3684,3708,3797,3936,3977,4203,4389,4438,4529,4536,4637,4491,4521,4841,4948,5077,5203,5300,5306,5337,5516,7755,8110,8424,6085,6214,6253,6636,7059,7412,8008,8337,8688,8581,8772,8848,9186,9397,9779,9774,10202,10439,10125,10729,11389,12179
 "18013","Brown, IN",3,CAINC4,10,"...","Personal income (thousands of dollars) ","Thousands of dollars",28266,29561,33269,36521,42598,47551,51232,58790,66369,75046,87410,96999,107978,111864,119928,135166,143403,153459,165634,179114,198203,212789,231910,249916,266837,277822,302126,328871,352764,391139,409263,446179,451472,444650,452342,464899,479381,504495,529329,529294,512253,526670,557445,585403,588876,606451,633771,653102,674388,714290,749315,812467,894391,921811
 "18013","Brown, IN",3,CAINC4,11,"..."," Nonfarm personal income 1/","Thousands of dollars",27892,29375,32994,36212,42082,47258,50708,57974,65815,74416,86897,96816,107531,111098,120173,134224,143022,153590,165514,179116,197427,212475,231785,249142,266042,277292,301895,328644,352621,390753,409165,445513,450971,444275,451701,464159,478891,504023,528630,528795,511755,525781,555814,583702,586544,605177,633712,653119,674641,714581,749530,811679,893586,921927
 "18013","Brown, IN",3,CAINC4,12,"..."," Farm income 2/","Thousands of dollars",374,186,275,309,516,293,524,816,554,630,513,183,447,766,-245,942,381,-131,120,-2,776,314,125,774,795,530,231,227,143,386,98,666,501,375,641,740,490,472,699,499,498,889,1631,1701,2332,1274,59,-17,-253,-291,-215,788,805,-116
 "18013","Brown, IN",3,CAINC4,20,"...","Population (persons) 3/","Number of persons",8871,9083,9372,9620,10040,10239,10606,10907,11280,11656,12049,12375,12344,12467,12587,12698,12882,13141,13316,13468,13776,14131,14263,14386,14532,14382,14435,14528,14628,14873,14857,14998,15200,15339,15375,15390,15283,15329,15274,15274,15261,15219,15123,15133,15177,15103,15189,15239,15283,15541,15396,15482,15573,15570
 "18013","Brown, IN",3,CAINC4,30,"...","Per capita personal income (dollars) 4/","Dollars",3186,3255,3550,3796,4243,4644,4830,5390,5884,6438,7255,7838,8747,8973,9528,10645,11132,11678,12439,13299,14388,15058,16260,17372,18362,19317,20930,22637,24116,26299,27547,29749,29702,28988,29421,30208,31367,32911,34656,34653,33566,34606,36861,38684,38801,40154,41726,42857,44127,45962,48669,52478,57432,59204
 "18013","Brown, IN",3,CAINC4,35,"...","Earnings by place of work ","Thousands of dollars",10262,10603,11685,11776,13762,14486,15663,17582,18446,21132,23101,24441,26722,26035,27875,32268,35639,40042,45648,47873,54399,60352,67175,71673,71674,75525,77703,79942,91023,101479,106921,120298,123748,130995,130998,128662,130462,136851,138770,137680,136770,143147,153911,156067,158960,163980,164514,163824,160765,166876,171312,170169,185992,199606
 "18013","Brown, IN",3,CAINC4,36,"...","Less: Contributions for government social insurance 5/","Thousands of dollars",617,651,718,751,928,1125,1208,1295,1368,1618,1870,2030,2350,2345,2510,2780,3339,3856,4344,4750,5398,6258,6988,7471,7745,8420,8699,8904,10066,10541,11041,11805,12097,12866,13369,13607,14342,16292,16951,17136,17149,17160,16205,16309,18614,19368,19825,20398,20639,21829,22597,24524,26246,29352
 "18013","Brown, IN",3,CAINC4,37,"..."," Employee and self-employed contributions for government social insurance ","Thousands of dollars",390,404,443,474,576,689,733,773,806,945,1080,1198,1386,1423,1529,1690,2070,2417,2727,3000,3464,3942,4626,4893,4903,5220,5398,5332,6003,6276,6497,7082,7297,7709,7896,7936,8285,10013,10493,10714,10735,10850,9646,9839,12058,12626,12907,13311,13756,14799,15299,16993,18377,20793
 "18013","Brown, IN",3,CAINC4,38,"..."," Employer contributions for government social insurance ","Thousands of dollars",227,247,275,277,352,436,475,522,562,673,790,832,964,922,981,1090,1269,1439,1617,1750,1934,2316,2362,2578,2842,3200,3301,3572,4063,4265,4544,4723,4800,5157,5473,5671,6057,6279,6458,6422,6414,6310,6559,6470,6556,6742,6918,7087,6883,7030,7298,7531,7869,8559
 "18013","Brown, IN",3,CAINC4,42,"...","Plus: Adjustment for residence 6/","Thousands of dollars",13537,13415,14993,17281,19969,22479,22892,27370,32432,37277,44022,48103,52498,52711,56129,64078,67763,72056,78929,85552,91777,97266,104273,112750,123001,125561,135271,149740,153814,165185,172624,185123,184792,176710,180034,193617,209010,213964,223270,210010,188154,194138,202599,216609,217387,217399,228982,242251,258587,278995,292745,292468,321714,347643
 "18013","Brown, IN",3,CAINC4,45,"...","Equals: Net earnings by place of residence ","Thousands of dollars",23182,23367,25960,28306,32803,35840,37347,43657,49510,56791,65253,70514,76870,76401,81494,93566,100063,108242,120233,128675,140778,151360,164460,176952,186930,192666,204275,220778,234771,256123,268504,293616,296443,294839,297663,308672,325130,334523,345089,330554,307775,320125,340305,356367,357733,362011,373671,385677,398713,424042,441460,438113,481460,517897
 "18013","Brown, IN",3,CAINC4,46,"...","Plus: Dividends, interest, and rent 7/","Thousands of dollars",3266,4017,4791,5453,6526,7829,8818,9806,11285,12186,15176,17669,21038,23798,26158,28692,30256,31994,32358,36686,41379,42613,45006,45562,49860,52937,63388,71344,79804,94216,95626,103350,99628,89322,92907,88533,81724,89480,97807,99969,90114,88794,94195,102006,99578,107352,110766,117602,122814,130673,136378,155035,165504,179354
 "18013","Brown, IN",3,CAINC4,47,"...","Plus: Personal current transfer receipts ","Thousands of dollars",1818,2177,2518,2762,3269,3882,5067,5327,5574,6069,6981,8816,10070,11665,12276,12908,13084,13223,13043,13753,16046,18816,22444,27402,30047,32219,34463,36749,38189,40800,45133,49213,55401,60489,61772,67694,72527,80492,86433,98771,114364,117751,122945,127030,131565,137088,149334,149823,152861,159575,171477,219319,247427,224560
 "18013","Brown, IN",3,CAINC4,50,"...","Wages and salaries ","Thousands of dollars",5061,5470,5910,5700,6487,7374,8068,8857,9650,11286,12893,14161,15435,15046,15733,16706,19450,22030,25019,26022,29042,33520,33981,36766,40309,43655,44478,47586,52963,55115,58967,61737,65754,69866,71932,73586,76117,79880,82227,81959,80327,79562,82615,81493,83331,85582,89234,93382,90143,93306,95916,95788,104907,116314
 "18013","Brown, IN",3,CAINC4,60,"...","Supplements to wages and salaries ","Thousands of dollars",473,534,614,640,757,910,1054,1176,1326,1658,1940,2154,2464,2514,2798,3105,3751,4374,4907,5196,5931,6999,7415,8587,9458,10518,10695,11389,12365,13074,14692,15920,16265,17218,18836,19904,21022,21698,22972,23086,21871,22016,23292,23120,22951,25594,25263,26392,25702,27438,27631,27217,27279,28312
 "18013","Brown, IN",3,CAINC4,61,"..."," Employer contributions for employee pension and insurance funds 8/","Thousands of dollars",246,287,339,363,405,474,579,654,764,985,1150,1322,1500,1592,1817,2015,2482,2935,3290,3446,3997,4683,5053,6009,6616,7318,7394,7817,8302,8809,10148,11197,11465,12061,13363,14233,14965,15419,16514,16664,15457,15706,16733,16650,16395,18852,18345,19305,18819,20408,20333,19686,19410,19753
 "18013","Brown, IN",3,CAINC4,62,"..."," Employer contributions for government social insurance ","Thousands of dollars",227,247,275,277,352,436,475,522,562,673,790,832,964,922,981,1090,1269,1439,1617,1750,1934,2316,2362,2578,2842,3200,3301,3572,4063,4265,4544,4723,4800,5157,5473,5671,6057,6279,6458,6422,6414,6310,6559,6470,6556,6742,6918,7087,6883,7030,7298,7531,7869,8559
 "18013","Brown, IN",3,CAINC4,70,"...","Proprietors' income 9/","Thousands of dollars",4728,4599,5161,5436,6518,6202,6541,7549,7470,8188,8268,8126,8823,8475,9344,12457,12438,13638,15722,16655,19426,19833,25779,26320,21907,21352,22530,20967,25695,33290,33262,42641,41729,43911,40230,35172,33323,35273,33571,32635,34572,41569,48004,51454,52678,52804,50017,44050,44920,46132,47765,47164,53806,54980
 "18013","Brown, IN",3,CAINC4,71,"..."," Farm proprietors' income ","Thousands of dollars",326,137,228,262,459,228,441,709,422,502,367,24,282,573,-411,796,249,-232,45,-89,677,198,11,658,663,400,100,94,-2,166,-160,360,121,-19,229,315,110,142,331,186,169,555,1328,1356,1975,894,-254,-337,-640,-717,-547,435,492,-470
 "18013","Brown, IN",3,CAINC4,72,"..."," Nonfarm proprietors' income ","Thousands of dollars",4402,4462,4933,5174,6059,5974,6100,6840,7048,7686,7901,8102,8541,7902,9755,11661,12189,13870,15677,16744,18749,19635,25768,25662,21244,20952,22430,20873,25697,33124,33422,42281,41608,43930,40001,34857,33213,35131,33240,32449,34403,41014,46676,50098,50703,51910,50271,44387,45560,46849,48312,46729,53314,55450
 "18013","Brown, IN",3,CAINC4,7010,"...","Total employment ","Number of jobs",1533,1564,1674,1766,1896,2039,2145,2277,2378,2558,2734,2819,2925,2892,2903,3250,3666,4074,4533,4067,4286,4455,4446,4657,4700,4887,4914,5034,5289,6022,6174,6339,5663,5764,5861,5732,6000,6085,5988,5904,5775,5532,5800,5584,5722,5803,5789,5664,5568,5526,5494,5251,5538,5769
 "18013","Brown, IN",3,CAINC4,7020,"..."," Wage and salary employment ","Number of jobs",1099,1139,1180,1169,1270,1388,1452,1511,1528,1640,1775,1810,1878,1750,1743,1860,2027,2179,2316,2311,2489,2684,2657,2767,2915,2991,2964,3075,3137,3086,3187,3247,3255,3358,3365,3359,3418,3466,3513,3383,3306,3238,3309,3163,3183,3223,3277,3300,3223,3190,3184,2848,3031,3125
 "18013","Brown, IN",3,CAINC4,7040,"..."," Proprietors employment ","Number of jobs",434,425,494,597,626,651,693,766,850,918,959,1009,1047,1142,1160,1390,1639,1895,2217,1756,1797,1771,1789,1890,1785,1896,1950,1959,2152,2936,2987,3092,2408,2406,2496,2373,2582,2619,2475,2521,2469,2294,2491,2421,2539,2580,2512,2364,2345,2336,2310,2403,2507,2644
 "18015","Carroll, IN",3,CAINC4,10,"...","Personal income (thousands of dollars) ","Thousands of dollars",62963,63925,76359,82611,110176,111085,135183,135349,137268,157463,174611,171900,194624,198337,201144,235456,239069,247711,267385,270621,298482,316150,318139,341045,357418,378101,389464,430616,470629,495864,514476,563677,554935,541050,556139,563846,580991,581857,615941,658835,628036,665635,720098,739495,775819,772405,738998,775795,801954,848308,869943,954156,1037035,1039074
 "18015","Carroll, IN",3,CAINC4,11,"..."," Nonfarm personal income 1/","Thousands of dollars",52236,56713,64041,71308,82073,90241,97670,111495,123804,139578,155842,168415,181226,187927,199010,214426,220787,229652,239900,255338,268633,284968,298676,321109,336845,357291,381980,400497,436761,480114,504987,550256,535148,528878,534965,528276,553526,560406,582643,613212,603124,624093,653463,689211,672905,707956,725254,747197,769886,818181,848141,914637,961361,978658
 "18015","Carroll, IN",3,CAINC4,12,"..."," Farm income 2/","Thousands of dollars",10727,7212,12318,11303,28103,20844,37513,23854,13464,17885,18769,3485,13398,10410,2134,21030,18282,18059,27485,15283,29849,31182,19463,19936,20573,20810,7484,30119,33868,15750,9489,13421,19787,12172,21174,35570,27465,21451,33298,45623,24912,41542,66635,50284,102914,64449,13744,28598,32068,30127,21802,39519,75674,60416
 "18015","Carroll, IN",3,CAINC4,20,"...","Population (persons) 3/","Number of persons",17679,17822,18408,18720,18506,18790,18875,18989,19146,19599,19663,19760,19872,19506,19287,18923,18784,18653,18596,18726,18829,18823,19071,19288,19326,19550,19573,19599,19937,20065,20084,20150,20298,20270,20433,20148,20274,20179,20118,20114,20103,20202,20054,20132,20146,19995,19937,20022,20138,20280,20292,20331,20502,20555
 "18015","Carroll, IN",3,CAINC4,30,"...","Per capita personal income (dollars) 4/","Dollars",3561,3587,4148,4413,5954,5912,7162,7128,7170,8034,8880,8699,9794,10168,10429,12443,12727,13280,14379,14452,15852,16796,16682,17682,18494,19340,19898,21971,23606,24713,25616,27974,27339,26692,27218,27985,28657,28835,30616,32755,31241,32949,35908,36732,38510,38630,37067,38747,39823,41830,42871,46931,50582,50551
 "18015","Carroll, IN",3,CAINC4,35,"...","Earnings by place of work ","Thousands of dollars",34601,33499,42060,44380,64184,57972,78150,72472,65733,77549,82831,70471,80953,75136,73904,99534,97013,103050,121381,110242,126190,136552,133112,146613,154762,168691,168786,194367,210351,216718,218095,240159,229167,222381,234206,245796,243565,245814,264308,278501,249577,281586,314417,312546,370984,346395,293669,307913,329777,343265,356631,405779,448371,445740
 "18015","Carroll, IN",3,CAINC4,36,"...","Less: Contributions for government social insurance 5/","Thousands of dollars",1617,1783,2061,2434,3000,3288,3547,4289,4606,5408,6023,6295,6851,6718,7416,8226,8453,9155,10038,10631,11003,12142,13346,14800,15865,17647,19309,19279,20409,22096,22541,23623,23368,23430,24138,24288,25654,27451,28614,29534,28502,29444,27790,28746,32655,33861,33881,34230,36805,39134,41591,45054,45345,47128
 "18015","Carroll, IN",3,CAINC4,37,"..."," Employee and self-employed contributions for government social insurance ","Thousands of dollars",922,1007,1158,1333,1611,1794,1944,2233,2355,2732,3063,3277,3582,3582,3890,4268,4549,4956,5468,5849,6213,6785,7462,8209,8814,9799,10772,10671,11385,12366,12656,13501,12777,12968,13259,13313,14026,15471,16169,16756,16352,16951,14306,14864,18873,19627,19932,20298,21911,23462,25023,26008,26638,28083
 "18015","Carroll, IN",3,CAINC4,38,"..."," Employer contributions for government social insurance ","Thousands of dollars",695,776,903,1101,1389,1494,1603,2056,2251,2676,2960,3018,3269,3136,3526,3958,3904,4199,4570,4782,4790,5357,5884,6591,7051,7848,8537,8608,9024,9730,9885,10122,10591,10462,10879,10975,11628,11980,12445,12778,12150,12493,13484,13882,13782,14234,13949,13932,14894,15672,16568,19046,18707,19045
 "18015","Carroll, IN",3,CAINC4,42,"...","Plus: Adjustment for residence 6/","Thousands of dollars",16551,16612,18156,20583,23991,26682,27008,31991,37597,43371,48782,51291,54459,53298,54660,61506,64585,66073,68304,77385,84340,87960,93868,99006,106413,112804,116085,121953,133822,144573,163823,178863,178470,182609,186994,179986,194148,184576,184940,187057,176811,172503,194251,201434,189715,196288,208486,226858,226595,248879,251657,224649,246517,282680
 "18015","Carroll, IN",3,CAINC4,45,"...","Equals: Net earnings by place of residence ","Thousands of dollars",49535,48328,58155,62529,85175,81366,101611,100174,98724,115512,125590,115467,128561,121716,121148,152814,153145,159968,179647,176996,199527,212370,213634,230819,245310,263848,265562,297041,323764,339195,359377,395399,384269,381560,397062,401494,412059,402939,420634,436024,397886,424645,480878,485234,528044,508822,468274,500541,519567,553010,566697,585374,649543,681292
 "18015","Carroll, IN",3,CAINC4,46,"...","Plus: Dividends, interest, and rent 7/","Thousands of dollars",8865,10468,12083,13475,17428,20940,22321,23525,26387,28860,34038,38771,45349,52649,54645,56297,58009,58244,57860,61651,65918,68273,66052,68102,67845,68508,77050,82997,92441,98205,93796,102562,100780,84880,78687,74970,76306,75955,87105,96727,95786,98153,98024,109855,103655,113167,114443,113381,114207,119424,125033,138406,126213,133822
 "18015","Carroll, IN",3,CAINC4,47,"...","Plus: Personal current transfer receipts ","Thousands of dollars",4563,5129,6121,6607,7573,8779,11251,11650,12157,13091,14983,17662,20714,23972,25351,26345,27915,29499,29878,31974,33037,35507,38453,42124,44263,45745,46852,50578,54424,58464,61303,65716,69886,74610,80390,87382,92626,102963,108202,126084,134364,142837,141196,144406,144120,150416,156281,161873,168180,175874,178213,230376,261279,223960
 "18015","Carroll, IN",3,CAINC4,50,"...","Wages and salaries ","Thousands of dollars",17092,19273,21486,24076,26443,27447,30213,36430,39839,44957,48689,50824,51738,50146,54337,57856,57715,61771,67877,69298,69532,75549,82102,91085,96383,106140,115993,118013,125084,135121,137542,141626,147660,145492,147811,146929,152574,157191,165541,168915,161077,167573,170739,180165,186642,193814,195247,196100,213299,222575,235851,258331,260615,271609
 "18015","Carroll, IN",3,CAINC4,60,"...","Supplements to wages and salaries ","Thousands of dollars",1830,2106,2492,3016,3397,3549,4050,5076,5856,6955,7623,8161,8604,8641,9965,10974,11401,12662,13863,14252,15004,16705,19066,22365,23816,26124,27183,27833,28731,31558,33613,35182,35558,35853,37864,38248,40149,41760,44473,44433,40741,43363,43227,47226,47970,54903,49405,49454,51833,55763,56781,61007,58987,61030
 "18015","Carroll, IN",3,CAINC4,61,"..."," Employer contributions for employee pension and insurance funds 8/","Thousands of dollars",1135,1330,1589,1915,2008,2055,2447,3020,3605,4279,4663,5143,5335,5505,6439,7016,7497,8463,9293,9470,10214,11348,13182,15774,16765,18276,18646,19225,19707,21828,23728,25060,24967,25391,26985,27273,28521,29780,32028,31655,28591,30870,29743,33344,34188,40669,35456,35522,36939,40091,40213,41961,40280,41985
 "18015","Carroll, IN",3,CAINC4,62,"..."," Employer contributions for government social insurance ","Thousands of dollars",695,776,903,1101,1389,1494,1603,2056,2251,2676,2960,3018,3269,3136,3526,3958,3904,4199,4570,4782,4790,5357,5884,6591,7051,7848,8537,8608,9024,9730,9885,10122,10591,10462,10879,10975,11628,11980,12445,12778,12150,12493,13484,13882,13782,14234,13949,13932,14894,15672,16568,19046,18707,19045
 "18015","Carroll, IN",3,CAINC4,70,"...","Proprietors' income 9/","Thousands of dollars",15679,12120,18082,17288,34344,26976,43887,30966,20038,25637,26519,11486,20611,16349,9602,30704,27897,28617,39641,26692,41654,44298,31944,33163,34563,36427,25610,48521,56536,50039,46940,63351,45949,41036,48531,60619,50842,46863,54294,65153,47759,70650,100451,85155,136372,97678,49017,62359,64645,64927,63999,86441,128769,113101
 "18015","Carroll, IN",3,CAINC4,71,"..."," Farm proprietors' income ","Thousands of dollars",9842,6189,11184,10024,26384,18625,34886,20660,9676,14490,15209,-91,9900,6655,-1449,17515,14770,14776,24213,11671,26039,26795,15273,15511,15859,16419,3323,26229,29618,11242,5614,9928,16323,9267,17651,31404,23226,17204,27996,40933,19845,36362,61920,44727,97157,58402,8812,23560,25910,23389,16580,33941,70718,54757
 "18015","Carroll, IN",3,CAINC4,72,"..."," Nonfarm proprietors' income ","Thousands of dollars",5837,5931,6898,7264,7960,8351,9001,10306,10362,11147,11310,11577,10711,9694,11051,13189,13127,13841,15428,15021,15615,17503,16671,17652,18704,20008,22287,22292,26918,38797,41326,53423,29626,31769,30880,29215,27616,29659,26298,24220,27914,34288,38531,40428,39215,39276,40205,38799,38735,41538,47419,52500,58051,58344
 "18015","Carroll, IN",3,CAINC4,7010,"...","Total employment ","Number of jobs",5978,6129,6297,6658,6789,6665,6649,6996,7068,7259,7124,6987,6817,6444,6568,6751,6719,6952,7215,6781,6593,6791,7100,7391,7622,7845,8047,8264,8478,10326,10305,10410,8456,8179,7959,7865,7968,8091,8254,8020,7709,7676,7533,7772,7859,7923,7761,7862,8164,8374,8489,8483,8517,8596
 "18015","Carroll, IN",3,CAINC4,7020,"..."," Wage and salary employment ","Number of jobs",3685,3827,4041,4333,4499,4393,4449,4874,4990,5203,5108,4999,4802,4415,4491,4612,4485,4663,4826,4654,4489,4645,4892,5185,5242,5488,5722,5812,6031,6181,6292,6275,6281,6019,5848,5744,5807,5879,6007,5812,5522,5567,5451,5694,5774,5770,5610,5441,5754,5887,6018,5912,5882,5820
 "18015","Carroll, IN",3,CAINC4,7040,"..."," Proprietors employment ","Number of jobs",2293,2302,2256,2325,2290,2272,2200,2122,2078,2056,2016,1988,2015,2029,2077,2139,2234,2289,2389,2127,2104,2146,2208,2206,2380,2357,2325,2452,2447,4145,4013,4135,2175,2160,2111,2121,2161,2212,2247,2208,2187,2109,2082,2078,2085,2153,2151,2421,2410,2487,2471,2571,2635,2776
 "18017","Cass, IN",3,CAINC4,10,"...","Personal income (thousands of dollars) ","Thousands of dollars",148797,155804,172102,184053,222302,225665,248642,273345,291188,321863,352318,370976,405592,407483,419291,476843,498970,514378,537763,558783,609978,623352,634089,699498,727509,749668,775124,845876,892447,944451,975005,1033111,1021930,1029735,1043213,1066350,1062726,1100459,1150707,1206931,1130001,1167660,1225221,1264211,1299926,1327139,1325763,1347172,1394385,1446011,1502816,1621960,1781854,1782141
 "18017","Cass, IN",3,CAINC4,11,"..."," Nonfarm personal income 1/","Thousands of dollars",140429,149090,161250,175204,198005,212981,223113,254357,279985,308113,337923,365477,400064,405041,423523,465213,486269,506411,523973,552547,591094,607842,628736,682355,708279,731937,768116,817887,870038,931227,969447,1020528,1008454,1023449,1030694,1036547,1042119,1083196,1121875,1166827,1115114,1148378,1184247,1234534,1216867,1281896,1317163,1318677,1373211,1423929,1484837,1587578,1725801,1733957
 "18017","Cass, IN",3,CAINC4,12,"..."," Farm income 2/","Thousands of dollars",8368,6714,10852,8849,24297,12684,25529,18988,11203,13750,14395,5499,5528,2442,-4232,11630,12701,7967,13790,6236,18884,15510,5353,17143,19230,17731,7008,27989,22409,13224,5558,12583,13476,6286,12519,29803,20607,17263,28832,40104,14887,19282,40974,29677,83059,45243,8600,28495,21174,22082,17979,34382,56053,48184
 "18017","Cass, IN",3,CAINC4,20,"...","Population (persons) 3/","Number of persons",40557,40333,40015,40891,40786,40984,40821,40480,40514,40283,40801,40903,40680,40480,40001,40073,39840,39651,39690,38990,38708,38458,38636,38964,39220,39261,39440,39933,40153,40436,40729,40939,40859,40389,40218,39921,39637,39255,39033,39070,38968,38996,38968,38863,38713,38655,38290,38178,38117,38215,37976,37791,37579,37540
 "18017","Cass, IN",3,CAINC4,30,"...","Per capita personal income (dollars) 4/","Dollars",3669,3863,4301,4501,5450,5506,6091,6753,7187,7990,8635,9070,9970,10066,10482,11899,12524,12973,13549,14331,15758,16209,16412,17952,18549,19094,19653,21182,22226,23357,23939,25235,25011,25495,25939,26712,26811,28034,29480,30892,28998,29943,31442,32530,33579,34333,34624,35287,36582,37839,39573,42919,47416,47473
 "18017","Cass, IN",3,CAINC4,35,"...","Earnings by place of work ","Thousands of dollars",116073,119545,130049,137900,169293,166659,179728,199413,207215,231728,253830,249694,267110,250322,249832,296758,307249,318257,347011,361509,391350,396887,396178,440834,455715,461510,478656,531170,571595,611150,629884,660743,647403,655757,654084,680220,674023,693657,718408,747080,674614,699635,743963,734844,794986,791907,762216,790645,820389,844178,860080,893386,961392,1006489
 "18017","Cass, IN",3,CAINC4,36,"...","Less: Contributions for government social insurance 5/","Thousands of dollars",7987,8311,9055,10283,13166,14657,14321,16916,18293,20849,23676,24067,27682,26680,27146,31119,32577,34376,36287,40309,42360,44292,45914,49462,51266,52945,56420,59374,64091,67906,70174,72088,72605,74879,74560,76036,77710,80987,82849,85743,81211,82556,76408,75506,86338,89587,90796,92179,96974,100088,103252,108555,113197,120397
 "18017","Cass, IN",3,CAINC4,37,"..."," Employee and self-employed contributions for government social insurance ","Thousands of dollars",4088,4243,4624,5179,6508,7152,7142,8169,8756,9929,11392,11789,13730,13447,13589,15280,16541,17544,18691,20838,22338,23142,24162,25999,27154,28257,30264,31602,34424,36315,37534,38435,37983,39303,39014,39873,40787,43098,44434,45924,43746,44423,36506,36443,46762,48539,49496,50648,53614,56053,58080,61115,64420,69044
 "18017","Cass, IN",3,CAINC4,38,"..."," Employer contributions for government social insurance ","Thousands of dollars",3899,4068,4431,5104,6658,7505,7179,8747,9537,10920,12284,12278,13952,13233,13557,15839,16036,16832,17596,19471,20022,21150,21752,23463,24112,24688,26156,27772,29667,31591,32640,33653,34622,35576,35546,36163,36923,37889,38415,39819,37465,38133,39902,39063,39576,41048,41300,41531,43360,44035,45172,47440,48777,51353
 "18017","Cass, IN",3,CAINC4,42,"...","Plus: Adjustment for residence 6/","Thousands of dollars",9600,9301,12024,14639,17093,16610,15786,20000,23963,26170,26796,26985,29906,29086,34465,39321,43226,41454,38930,43353,44512,43081,46696,52251,61624,74296,77371,77504,76259,84510,94679,101048,91379,87564,87987,91699,93433,91916,89652,69726,51692,51204,58532,68199,71933,78692,85214,82846,82815,88296,90407,83728,84140,89502
 "18017","Cass, IN",3,CAINC4,45,"...","Equals: Net earnings by place of residence ","Thousands of dollars",117686,120535,133018,142256,173220,168612,181193,202497,212885,237049,256950,252612,269334,252728,257151,304960,317898,325335,349654,364553,393502,395676,396960,443623,466073,482861,499607,549300,583763,627754,654389,689703,666177,668442,667511,695883,689746,704586,725211,731063,645095,668283,726087,727537,780581,781012,756634,781312,806230,832386,847235,868559,932335,975594
 "18017","Cass, IN",3,CAINC4,46,"...","Plus: Dividends, interest, and rent 7/","Thousands of dollars",19790,22024,24090,25710,30092,34793,39078,42242,47826,51463,56760,68519,82253,92460,95015,103803,108917,113271,111310,112933,126881,129044,127582,129159,128019,127304,139459,150285,160227,166160,161091,171297,171406,167919,176629,164482,148801,152931,174021,190863,172679,169342,172708,191085,176482,177921,189222,179569,190283,201257,214377,206398,218275,234731
 "18017","Cass, IN",3,CAINC4,47,"...","Plus: Personal current transfer receipts ","Thousands of dollars",11321,13245,14994,16087,18990,22260,28371,28606,30477,33351,38608,49845,54005,62295,67125,68080,72155,75772,76799,81297,89595,98632,109547,126716,133417,139503,136058,146291,148457,150537,159525,172111,184347,193374,199073,205985,224179,242942,251475,285005,312227,330035,326426,345589,342863,368206,379907,386291,397872,412368,441204,547003,631244,571816
 "18017","Cass, IN",3,CAINC4,50,"...","Wages and salaries ","Thousands of dollars",87038,91488,96303,103737,116267,123509,122110,142786,154784,172503,190522,194761,208848,196665,197913,220656,227242,238265,254936,273156,283569,292133,297272,319794,326040,331281,354319,380268,416353,446462,464118,480572,480326,489700,480220,485345,482281,498513,508368,525669,490890,500917,517188,511564,518347,539874,551644,566810,595738,609299,624203,642163,680580,729171
 "18017","Cass, IN",3,CAINC4,60,"...","Supplements to wages and salaries ","Thousands of dollars",9384,10241,11170,12932,14978,16499,17119,20684,23413,26626,30086,31286,34795,34427,36970,42293,45108,49125,53245,58501,64006,67412,71769,80098,83195,83499,86115,90417,94339,102156,110109,118449,120570,123582,126138,128734,132814,134573,140484,144279,131168,136532,135666,137619,136062,151163,145621,149006,153145,163295,160833,161814,161656,166812
 "18017","Cass, IN",3,CAINC4,61,"..."," Employer contributions for employee pension and insurance funds 8/","Thousands of dollars",5485,6173,6739,7828,8320,8994,9940,11937,13876,15706,17802,19008,20843,21194,23413,26454,29072,32293,35649,39030,43984,46262,50017,56635,59083,58811,59959,62645,64672,70565,77469,84796,85948,88006,90592,92571,95891,96684,102069,104460,93703,98399,95764,98556,96486,110115,104321,107475,109785,119260,115661,114374,112879,115459
 "18017","Cass, IN",3,CAINC4,62,"..."," Employer contributions for government social insurance ","Thousands of dollars",3899,4068,4431,5104,6658,7505,7179,8747,9537,10920,12284,12278,13952,13233,13557,15839,16036,16832,17596,19471,20022,21150,21752,23463,24112,24688,26156,27772,29667,31591,32640,33653,34622,35576,35546,36163,36923,37889,38415,39819,37465,38133,39902,39063,39576,41048,41300,41531,43360,44035,45172,47440,48777,51353
 "18017","Cass, IN",3,CAINC4,70,"...","Proprietors' income 9/","Thousands of dollars",19651,17816,22576,21231,38048,26651,40499,35943,29018,32599,33222,23647,23467,19230,14949,33809,34899,30867,38830,29852,43775,37342,27137,40942,46480,46730,38222,60485,60903,62532,55657,61722,46507,42475,47726,66141,58928,60571,69556,77132,52556,62186,91109,85661,140577,100870,64951,74829,71506,71584,75044,89409,119156,110506
 "18017","Cass, IN",3,CAINC4,71,"..."," Farm proprietors' income ","Thousands of dollars",7731,6044,10172,8142,23466,11639,24329,17550,9542,12364,12698,3552,3441,-91,-6592,9348,10473,5940,11833,4002,16456,12651,2570,14157,16021,14718,4136,25282,19434,9681,2145,9136,9628,2652,8728,25948,17243,14379,25776,37263,11676,15862,37705,25679,78912,40896,5036,24843,16753,17215,14173,30324,52456,44114
 "18017","Cass, IN",3,CAINC4,72,"..."," Nonfarm proprietors' income ","Thousands of dollars",11920,11772,12404,13089,14582,15012,16170,18393,19476,20235,20524,20095,20026,19321,21541,24461,24426,24927,26997,25850,27319,24691,24567,26785,30459,32012,34086,35203,41469,52851,53512,52586,36879,39823,38998,40193,41685,46192,43780,39869,40880,46324,53404,59982,61665,59974,59915,49986,54753,54369,60871,59085,66700,66392
 "18017","Cass, IN",3,CAINC4,7010,"...","Total employment ","Number of jobs",18588,18286,18051,18464,19423,19198,18024,19014,19380,19496,19666,18683,18913,17589,17416,18390,18376,18382,18901,19394,19743,19663,19736,19674,19564,19089,19816,20767,21500,22044,22196,22420,21646,21436,20676,20408,20080,19894,20144,19838,18959,18975,18621,18546,18625,18796,18666,18797,18825,19209,19015,18270,18421,18820
 "18017","Cass, IN",3,CAINC4,7020,"..."," Wage and salary employment ","Number of jobs",15062,14838,14724,14950,15767,15560,14488,15478,15908,16093,16304,15331,15525,14137,13920,14935,14933,15031,15594,16045,16469,16303,16393,16362,16160,15673,16319,17213,18014,18596,18840,18976,18403,18213,17384,17102,16677,16424,16554,16465,15606,15604,15208,15247,15318,15438,15379,15455,15479,15835,15768,14896,14939,15155
 "18017","Cass, IN",3,CAINC4,7040,"..."," Proprietors employment ","Number of jobs",3526,3448,3327,3514,3656,3638,3536,3536,3472,3403,3362,3352,3388,3452,3496,3455,3443,3351,3307,3349,3274,3360,3343,3312,3404,3416,3497,3554,3486,3448,3356,3444,3243,3223,3292,3306,3403,3470,3590,3373,3353,3371,3413,3299,3307,3358,3287,3342,3346,3374,3247,3374,3482,3665
 "18019","Clark, IN",3,CAINC4,10,"...","Personal income (thousands of dollars) ","Thousands of dollars",276992,285277,297802,328067,375574,415973,446605,491923,555868,632617,708547,781102,861009,896398,968468,1029951,1078028,1134549,1199227,1271996,1357560,1465164,1520899,1639647,1713747,1810042,1913964,2007174,2157694,2336978,2434140,2591073,2716087,2773010,2916362,2962086,3088360,3329239,3435711,3639494,3615627,3794931,4018802,4263901,4242700,4383579,4617687,4753109,4928865,5098959,5411124,5917365,6402767,6624458
 "18019","Clark, IN",3,CAINC4,11,"..."," Nonfarm personal income 1/","Thousands of dollars",273332,282845,294013,324541,370030,411777,442058,488365,552241,629722,705516,779153,859460,894222,970677,1023824,1073926,1131897,1198071,1270581,1354307,1461607,1518244,1637483,1711529,1808411,1913363,2003733,2154652,2334056,2435294,2586522,2710273,2772953,2909927,2951045,3084329,3325576,3433064,3629367,3611139,3790818,4012388,4257477,4227202,4375037,4614748,4745347,4920278,5091762,5403252,5903082,6383432,6605365
 "18019","Clark, IN",3,CAINC4,12,"..."," Farm income 2/","Thousands of dollars",3660,2432,3789,3526,5544,4196,4547,3558,3627,2895,3031,1949,1549,2176,-2209,6127,4102,2652,1156,1415,3253,3557,2655,2164,2218,1631,601,3441,3042,2922,-1154,4551,5814,57,6435,11041,4031,3663,2647,10127,4488,4113,6414,6424,15498,8542,2939,7762,8587,7197,7872,14283,19335,19093
 "18019","Clark, IN",3,CAINC4,20,"...","Population (persons) 3/","Number of persons",74680,76238,77798,79119,80211,81539,83355,85502,86394,88205,88650,89016,89531,89400,89946,89391,88686,88362,87646,87932,88286,87723,88661,89463,90222,90995,91802,92862,93802,94634,95651,96714,97228,97935,99349,100435,101781,104148,105672,107406,109067,110619,111741,112307,113345,114907,115914,116893,118089,118935,120051,121353,122847,124237
 "18019","Clark, IN",3,CAINC4,30,"...","Per capita personal income (dollars) 4/","Dollars",3709,3742,3828,4147,4682,5102,5358,5753,6434,7172,7993,8775,9617,10027,10767,11522,12156,12840,13683,14466,15377,16702,17154,18328,18995,19892,20849,21615,23003,24695,25448,26791,27935,28315,29355,29493,30343,31966,32513,33885,33151,34306,35965,37966,37432,38149,39837,40662,41739,42872,45074,48762,52120,53321
 "18019","Clark, IN",3,CAINC4,35,"...","Earnings by place of work ","Thousands of dollars",265204,245586,220579,237204,271247,293467,301674,315470,356580,418005,479406,529157,580738,572114,652148,655261,688519,729736,813845,855605,895728,990701,1044210,1123501,1161332,1211377,1307168,1383304,1457233,1634566,1727828,1834742,1906499,1923429,1988480,2015006,2114058,2282083,2373099,2400383,2324892,2473941,2576743,2692347,2757518,2855949,3053089,3200271,3248243,3358987,3488225,3677588,3883422,4197677
 "18019","Clark, IN",3,CAINC4,36,"...","Less: Contributions for government social insurance 5/","Thousands of dollars",17487,15849,14202,16276,21480,24449,24718,26208,29714,35309,41706,45728,54505,55939,65824,66527,71791,77038,85252,92381,96938,109683,118108,126715,132248,141416,154071,161643,169431,183950,195546,204197,210826,216104,223301,229948,248188,264761,278335,284025,277264,287128,260299,272377,317993,333213,358363,375297,381517,395684,415262,450934,480818,518389
 "18019","Clark, IN",3,CAINC4,37,"..."," Employee and self-employed contributions for government social insurance ","Thousands of dollars",8873,8139,7374,8321,10955,12541,12640,13127,14618,17185,20321,22687,27295,28333,32501,32687,36305,39128,43541,47832,51485,58060,62868,67292,70357,75043,81470,84365,88704,95747,100441,104293,110023,113450,117580,120021,127784,139218,146517,149344,146500,152022,123471,128499,168644,176400,188766,197831,203517,213408,224078,242313,258345,281085
 "18019","Clark, IN",3,CAINC4,38,"..."," Employer contributions for government social insurance ","Thousands of dollars",8614,7710,6828,7955,10525,11908,12078,13081,15096,18124,21385,23041,27210,27606,33323,33840,35486,37910,41711,44549,45453,51623,55240,59423,61891,66373,72601,77278,80727,88203,95105,99904,100803,102654,105721,109927,120404,125543,131818,134681,130764,135106,136828,143878,149349,156813,169597,177466,178000,182276,191184,208621,222473,237304
 "18019","Clark, IN",3,CAINC4,42,"...","Plus: Adjustment for residence 6/","Thousands of dollars",-12984,6441,34048,45020,53006,60691,65324,87240,103021,108958,108260,97646,96200,109244,85637,120002,120777,118228,102550,118642,134316,124522,113452,121031,139439,167155,155828,136560,175879,148588,164379,164810,190501,208639,250405,278854,273516,286059,247993,287201,291801,278383,329466,357929,345377,336162,333200,307427,333425,404976,482238,456548,528755,607138
 "18019","Clark, IN",3,CAINC4,45,"...","Equals: Net earnings by place of residence ","Thousands of dollars",234733,236178,240425,265948,302773,329709,342280,376502,429887,491654,545960,581075,622433,625419,671961,708736,737505,770926,831143,881866,933106,1005540,1039554,1117817,1168523,1237116,1308925,1358221,1463681,1599204,1696661,1795355,1886174,1915964,2015584,2063912,2139386,2303381,2342757,2403559,2339429,2465196,2645910,2777899,2784902,2858898,3027926,3132401,3200151,3368279,3555201,3683202,3931359,4286426
 "18019","Clark, IN",3,CAINC4,46,"...","Plus: Dividends, interest, and rent 7/","Thousands of dollars",25656,29044,32688,35320,40668,47603,53970,59134,66955,75833,87234,109666,135038,155381,173298,187565,196603,209401,210462,222811,240930,256431,260053,268689,276361,289595,320585,341148,374867,404460,391777,425748,422320,420481,445727,416548,422852,449339,479361,525130,498409,488748,520064,603767,567085,570237,609289,616451,690559,647974,711380,750517,783924,846189
 "18019","Clark, IN",3,CAINC4,47,"...","Plus: Personal current transfer receipts ","Thousands of dollars",16603,20055,24689,26799,32133,38661,50355,56287,59026,65130,75353,90361,103538,115598,123209,133650,143920,154222,157622,167319,183524,203193,221292,253141,268863,283331,284454,307805,319146,333314,345702,369970,407593,436565,455051,481626,526122,576519,613593,710805,777789,840987,852828,882235,890713,954444,980472,1004257,1038155,1082706,1144543,1483646,1687484,1491843
 "18019","Clark, IN",3,CAINC4,50,"...","Wages and salaries ","Thousands of dollars",218846,200785,173483,185468,209395,226059,229589,237196,264894,311138,361475,405926,449899,444751,508698,496394,523276,554658,621275,645802,659850,725487,763491,819760,848004,892100,966972,1028605,1079695,1181727,1276474,1347823,1372640,1386559,1403392,1456007,1547711,1646152,1766173,1789827,1723228,1777844,1786160,1858578,1920890,2027710,2197215,2330610,2380841,2460211,2569754,2693254,2929627,3221310
 "18019","Clark, IN",3,CAINC4,60,"...","Supplements to wages and salaries ","Thousands of dollars",23184,22876,21946,24722,28506,32107,35425,36717,42906,52900,62971,72446,81482,79751,95093,96168,105094,114771,129139,135040,143567,164254,177343,200103,208195,217428,227643,241547,247137,278382,306549,339184,340272,339320,354169,367285,400459,425251,456354,469795,441590,472610,463530,481787,489644,531053,551879,585841,586805,616187,631787,655334,669249,693896
 "18019","Clark, IN",3,CAINC4,61,"..."," Employer contributions for employee pension and insurance funds 8/","Thousands of dollars",14570,15166,15118,16767,17981,20199,23347,23636,27810,34776,41586,49405,54272,52145,61770,62328,69608,76861,87428,90491,98114,112631,122103,140680,146304,151055,155042,164269,166410,190179,211444,239280,239469,236666,248448,257358,280055,299708,324536,335114,310826,337504,326702,337909,340295,374240,382282,408375,408805,433911,440603,446713,446776,456592
 "18019","Clark, IN",3,CAINC4,62,"..."," Employer contributions for government social insurance ","Thousands of dollars",8614,7710,6828,7955,10525,11908,12078,13081,15096,18124,21385,23041,27210,27606,33323,33840,35486,37910,41711,44549,45453,51623,55240,59423,61891,66373,72601,77278,80727,88203,95105,99904,100803,102654,105721,109927,120404,125543,131818,134681,130764,135106,136828,143878,149349,156813,169597,177466,178000,182276,191184,208621,222473,237304
 "18019","Clark, IN",3,CAINC4,70,"...","Proprietors' income 9/","Thousands of dollars",23174,21925,25150,27014,33346,35301,36660,41557,48780,53967,54960,50785,49357,47612,48357,62699,60149,60307,63431,74763,92311,100960,103376,103638,105133,101849,112553,113152,130401,174457,144805,147735,193587,197550,230919,191714,165888,210680,150572,140761,160074,223487,327053,351982,346984,297186,303995,283820,280597,282589,286684,329000,284546,282471
 "18019","Clark, IN",3,CAINC4,71,"..."," Farm proprietors' income ","Thousands of dollars",3180,1910,3244,2940,4811,3266,3539,2408,2344,1882,1801,547,67,368,-3863,4555,2581,1282,-157,56,1887,2071,1303,812,885,476,-416,2566,2162,1895,-2126,3587,4750,-929,5235,9624,2593,2225,844,8560,2833,2464,4941,4721,13732,6689,1423,6209,6699,5128,6258,12561,17807,17357
 "18019","Clark, IN",3,CAINC4,72,"..."," Nonfarm proprietors' income ","Thousands of dollars",19994,20015,21906,24074,28535,32035,33121,39149,46436,52085,53159,50238,49290,47244,52220,58144,57568,59025,63588,74707,90424,98889,102073,102826,104248,101373,112969,110586,128239,172562,146931,144148,188837,198479,225684,182090,163295,208455,149728,132201,157241,221023,322112,347261,333252,290497,302572,277611,273898,277461,280426,316439,266739,265114
 "18019","Clark, IN",3,CAINC4,7010,"...","Total employment ","Number of jobs",42284,37147,30892,31572,33601,34225,32703,32101,33492,36146,38028,38949,39580,36667,38144,37728,38555,39503,41725,42961,42610,45203,45621,47006,47174,48396,50580,51744,52797,55767,57324,58673,57541,56630,55721,56304,58101,59040,60689,61581,60377,60489,59740,60433,62091,63999,66917,68429,68401,68675,68898,68503,71313,74463
 "18019","Clark, IN",3,CAINC4,7020,"..."," Wage and salary employment ","Number of jobs",38558,33206,26647,26989,28836,29194,27419,26783,28068,30695,32615,33487,34057,31139,32517,32088,32868,33833,36008,36871,36635,38972,39288,40373,40737,41598,43471,44497,45150,47960,49477,50546,49381,48292,47153,47427,48778,49634,50812,51666,50185,50585,49550,50299,51868,53583,56566,58112,57606,57504,57915,56626,58520,60733
 "18019","Clark, IN",3,CAINC4,7040,"..."," Proprietors employment ","Number of jobs",3726,3941,4245,4583,4765,5031,5284,5318,5424,5451,5413,5462,5523,5528,5627,5640,5687,5670,5717,6090,5975,6231,6333,6633,6437,6798,7109,7247,7647,7807,7847,8127,8160,8338,8568,8877,9323,9406,9877,9915,10192,9904,10190,10134,10223,10416,10351,10317,10795,11171,10983,11877,12793,13730
 "18021","Clay, IN",3,CAINC4,10,"...","Personal income (thousands of dollars) ","Thousands of dollars",74730,74537,81145,87309,103835,108397,125414,139213,153017,171800,191832,210423,224036,235826,244892,272050,286677,299025,307143,317086,351411,359830,374575,415789,441421,456874,480063,491348,513157,553115,587835,628703,600398,606347,641152,670344,670578,706599,735289,776163,780372,809555,841634,852389,873320,882677,899172,921531,963274,977680,991237,1082849,1185654,1171886
 "18021","Clay, IN",3,CAINC4,11,"..."," Nonfarm personal income 1/","Thousands of dollars",68975,72158,76479,83744,95158,103656,115860,130978,147119,165668,187752,207337,222699,235220,248680,266124,279242,294220,301604,312521,341017,350813,370122,404681,431749,447428,474935,484127,502492,550600,581609,620264,592930,604624,634070,654152,661738,700953,723117,763542,765408,793061,816393,850059,840825,874778,905945,914748,956548,969922,985138,1062305,1152912,1144901
 "18021","Clay, IN",3,CAINC4,12,"..."," Farm income 2/","Thousands of dollars",5755,2379,4666,3565,8677,4741,9554,8235,5898,6132,4080,3086,1337,606,-3788,5926,7435,4805,5539,4565,10394,9017,4453,11108,9672,9446,5128,7221,10665,2515,6226,8439,7468,1723,7082,16192,8840,5646,12172,12621,14964,16494,25241,2330,32495,7899,-6773,6783,6726,7758,6099,20544,32742,26985
 "18021","Clay, IN",3,CAINC4,20,"...","Population (persons) 3/","Number of persons",23989,23999,24260,24292,24594,24246,24293,24389,24464,24669,24719,24801,24504,24637,24795,24763,24641,24793,24820,24787,24712,24734,24727,25036,25554,25604,26051,26230,26216,26400,26496,26565,26605,26486,26788,27015,27097,27096,26983,27058,26901,26868,26872,26842,26735,26524,26510,26341,26318,26376,26482,26419,26370,26379
 "18021","Clay, IN",3,CAINC4,30,"...","Per capita personal income (dollars) 4/","Dollars",3115,3106,3345,3594,4222,4471,5163,5708,6255,6964,7761,8484,9143,9572,9877,10986,11634,12061,12375,12792,14220,14548,15148,16608,17274,17844,18428,18732,19574,20951,22186,23667,22567,22893,23934,24814,24747,26078,27250,28685,29009,30131,31320,31756,32666,33278,33918,34985,36601,37067,37431,40988,44962,44425
 "18021","Clay, IN",3,CAINC4,35,"...","Earnings by place of work ","Thousands of dollars",35748,32970,36796,39800,50063,47630,57261,65050,70753,79950,88789,88964,89034,89953,97716,119287,130034,138254,147519,156769,173503,175955,179455,206388,235900,247762,250996,236590,251995,276266,299776,307619,265060,274286,306443,332621,327658,335376,328704,315430,297412,327589,363705,361765,390336,378012,393334,408032,423916,430350,430533,445622,479638,504033
 "18021","Clay, IN",3,CAINC4,36,"...","Less: Contributions for government social insurance 5/","Thousands of dollars",2092,2128,2323,2715,3481,3867,4240,5031,5729,6697,7894,8005,8792,9263,10407,11909,13195,14274,15060,16972,18618,19409,20672,22749,26548,28098,28770,26660,27660,29664,30498,30504,29590,31288,34350,36737,38563,39733,38803,37896,36233,39011,38414,39834,45006,46192,49743,49695,51704,53215,55008,57096,59670,63629
 "18021","Clay, IN",3,CAINC4,37,"..."," Employee and self-employed contributions for government social insurance ","Thousands of dollars",1210,1247,1359,1574,1969,2212,2422,2757,3068,3526,4161,4302,4747,5033,5586,6310,7158,7768,8322,9382,10514,10766,11580,12738,14767,15871,16725,15536,16290,17662,18733,18757,16619,17626,19263,20623,21331,22060,21845,21654,20711,22088,19315,20016,25185,25951,27797,28405,30010,31353,32283,32755,34591,37910
 "18021","Clay, IN",3,CAINC4,38,"..."," Employer contributions for government social insurance ","Thousands of dollars",882,881,964,1141,1512,1655,1818,2274,2661,3171,3733,3703,4045,4230,4821,5599,6037,6506,6738,7590,8104,8643,9092,10011,11781,12227,12045,11124,11370,12002,11765,11747,12971,13662,15087,16114,17232,17673,16958,16242,15522,16923,19099,19818,19821,20241,21946,21290,21694,21862,22725,24341,25079,25719
 "18021","Clay, IN",3,CAINC4,42,"...","Plus: Adjustment for residence 6/","Thousands of dollars",21867,21980,22069,23186,25038,27845,28770,32280,36287,41926,46245,50684,51745,50960,48321,51404,52963,53677,56057,55042,58487,65573,72478,80064,71068,74041,81325,94197,94087,102748,114662,136704,142607,142208,143171,143187,146853,157562,181297,200177,209328,199651,185175,188537,184836,191661,183692,190201,197045,197268,202890,203824,213309,213819
 "18021","Clay, IN",3,CAINC4,45,"...","Equals: Net earnings by place of residence ","Thousands of dollars",55523,52822,56542,60271,71620,71608,81791,92299,101311,115179,127140,131643,131987,131650,135630,158782,169802,177657,188516,194839,213372,222119,231261,263703,280420,293705,303551,304127,318422,349350,383940,413819,378077,385206,415264,439071,435948,453205,471198,477711,470507,488229,510466,510468,530166,523481,527283,548538,569257,574403,578415,592350,633277,654223
 "18021","Clay, IN",3,CAINC4,46,"...","Plus: Dividends, interest, and rent 7/","Thousands of dollars",10752,12056,13218,14189,16547,19044,22341,24421,28198,31023,35159,43727,52786,60217,62002,64689,67118,69035,65891,67225,77499,73690,75168,74553,77263,77261,88208,93939,98859,104223,97244,105289,103879,93968,92031,90996,85860,91608,98589,108098,105019,106158,110864,115611,117374,122538,123436,119614,134112,131645,130056,137601,148820,156946
 "18021","Clay, IN",3,CAINC4,47,"...","Plus: Personal current transfer receipts ","Thousands of dollars",8455,9659,11385,12849,15668,17745,21282,22493,23508,25598,29533,35053,39263,43959,47260,48579,49757,52333,52736,55022,60540,64021,68146,77533,83738,85908,88304,93282,95876,99542,106651,109595,118442,127173,133857,140277,148770,161786,165502,190354,204846,215168,220304,226310,225780,236658,248453,253379,259905,271632,282766,352898,403557,360717
 "18021","Clay, IN",3,CAINC4,50,"...","Wages and salaries ","Thousands of dollars",21626,21896,22975,25584,29135,30347,33858,40761,47062,53364,61769,62470,63156,64488,71890,79741,86044,92472,98288,105537,112383,116841,121686,133274,153215,165754,172628,162982,169089,185607,191442,190961,181763,190065,205394,218468,218829,225567,217904,209493,197406,214718,233388,244960,248554,255043,278911,281100,295790,301657,307033,304873,320817,353578
 "18021","Clay, IN",3,CAINC4,60,"...","Supplements to wages and salaries ","Thousands of dollars",2444,2539,2766,3276,3905,4139,4919,6181,7553,9127,11321,12197,12871,13899,16064,17523,19631,22922,23769,26689,28378,29926,32317,38116,44689,45406,43512,39019,38992,42729,44050,46099,46869,50966,57628,61483,64869,67222,66768,64709,56528,62029,67388,72943,70115,75414,78154,78700,80521,85511,84381,85576,84762,87245
 "18021","Clay, IN",3,CAINC4,61,"..."," Employer contributions for employee pension and insurance funds 8/","Thousands of dollars",1562,1658,1802,2135,2393,2484,3101,3907,4892,5956,7588,8494,8826,9669,11243,11924,13594,16416,17031,19099,20274,21283,23225,28105,32908,33179,31467,27895,27622,30727,32285,34352,33898,37304,42541,45369,47637,49549,49810,48467,41006,45106,48289,53125,50294,55173,56208,57410,58827,63649,61656,61235,59683,61526
 "18021","Clay, IN",3,CAINC4,62,"..."," Employer contributions for government social insurance ","Thousands of dollars",882,881,964,1141,1512,1655,1818,2274,2661,3171,3733,3703,4045,4230,4821,5599,6037,6506,6738,7590,8104,8643,9092,10011,11781,12227,12045,11124,11370,12002,11765,11747,12971,13662,15087,16114,17232,17673,16958,16242,15522,16923,19099,19818,19821,20241,21946,21290,21694,21862,22725,24341,25079,25719
 "18021","Clay, IN",3,CAINC4,70,"...","Proprietors' income 9/","Thousands of dollars",11678,8535,11055,10940,17023,13144,18484,18108,16138,17459,15699,14297,13007,11566,9762,22023,24359,22860,25462,24543,32742,29188,25452,34998,37996,36602,34856,34589,43914,47930,64284,70559,36428,33255,43421,52670,43960,42587,44032,41228,43478,50842,62929,43862,71667,47555,36269,48232,47605,43182,39119,55173,74059,63210
 "18021","Clay, IN",3,CAINC4,71,"..."," Farm proprietors' income ","Thousands of dollars",5405,1996,4265,3133,8119,4034,8670,7119,4542,4873,2785,1809,98,-686,-4930,4870,6454,3937,4716,3632,9380,7825,3289,9864,8279,8077,3761,5876,9150,893,4813,7149,6172,627,5744,14611,7243,4048,10193,10960,13254,14828,23789,690,30799,6117,-8226,5297,4910,5771,4561,18899,31284,25319
 "18021","Clay, IN",3,CAINC4,72,"..."," Nonfarm proprietors' income ","Thousands of dollars",6273,6539,6790,7807,8904,9110,9814,10989,11596,12586,12914,12488,12909,12252,14692,17153,17905,18923,20746,20911,23362,21363,22163,25134,29717,28525,31095,28713,34764,47037,59471,63410,30256,32628,37677,38059,36717,38539,33839,30268,30224,36014,39140,43172,40868,41438,44495,42935,42695,37411,34558,36274,42775,37891
 "18021","Clay, IN",3,CAINC4,7010,"...","Total employment ","Number of jobs",6845,6691,6603,6833,7134,7033,7030,7533,7821,7902,8064,7724,7570,7395,7617,7929,8217,8501,8798,8684,8782,8927,9067,9531,10330,10677,11062,10424,10488,12196,12398,12362,10148,10286,10618,11154,11117,11153,10809,10337,9814,10036,10645,11052,10971,10957,10915,11015,10893,11034,10909,10688,10625,10933
 "18021","Clay, IN",3,CAINC4,7020,"..."," Wage and salary employment ","Number of jobs",4570,4482,4446,4550,4916,4764,4726,5224,5478,5531,5754,5453,5228,5056,5248,5489,5690,5930,6139,6333,6493,6544,6644,7096,7856,8065,8302,7695,7685,8156,8419,8257,7412,7574,7915,8363,8243,8280,7888,7462,6965,7369,7845,8173,8060,8074,8167,8276,8174,8342,8298,7957,7880,8051
 "18021","Clay, IN",3,CAINC4,7040,"..."," Proprietors employment ","Number of jobs",2275,2209,2157,2283,2218,2269,2304,2309,2343,2371,2310,2271,2342,2339,2369,2440,2527,2571,2659,2351,2289,2383,2423,2435,2474,2612,2760,2729,2803,4040,3979,4105,2736,2712,2703,2791,2874,2873,2921,2875,2849,2667,2800,2879,2911,2883,2748,2739,2719,2692,2611,2731,2745,2882
 "18023","Clinton, IN",3,CAINC4,10,"...","Personal income (thousands of dollars) ","Thousands of dollars",111914,113855,131380,141112,178890,170599,203121,218566,228038,253814,275682,287611,319183,330801,335733,377129,381021,392916,417085,426379,469576,500188,505028,545926,579039,622518,636628,686063,716220,744624,735328,770314,805968,811076,841653,879901,885999,908942,969919,1008523,966868,995286,1058190,1083023,1122296,1142604,1126338,1148704,1167562,1240301,1267190,1378391,1506611,1512131
 "18023","Clinton, IN",3,CAINC4,11,"..."," Nonfarm personal income 1/","Thousands of dollars",101455,106725,118577,130087,146928,158685,170794,193655,213740,233358,253598,276348,305063,318820,335564,354510,363968,377925,396004,418052,451666,475402,495657,530670,562108,602659,634751,655241,687431,728448,724636,755349,783904,793117,819909,844437,862002,890184,936495,962933,948070,972901,1006008,1032561,1019506,1080936,1111073,1120136,1143665,1215619,1249570,1341344,1445262,1455303
 "18023","Clinton, IN",3,CAINC4,12,"..."," Farm income 2/","Thousands of dollars",10459,7130,12803,11025,31962,11914,32327,24911,14298,20456,22084,11263,14120,11981,169,22619,17053,14991,21081,8327,17910,24786,9371,15256,16931,19859,1877,30822,28789,16176,10692,14965,22064,17959,21744,35464,23997,18758,33424,45590,18798,22385,52182,50462,102790,61668,15265,28568,23897,24682,17620,37047,61349,56828
 "18023","Clinton, IN",3,CAINC4,20,"...","Population (persons) 3/","Number of persons",30603,30528,30658,30846,31567,31560,31524,31701,31836,31471,31234,31554,31521,31532,31304,31064,30785,30720,30827,30735,30978,31060,31514,31901,32254,32570,32848,33402,33716,33833,33642,33942,33809,33610,33383,33342,33237,33298,33188,33352,33280,33246,33154,33103,33074,32861,32865,32741,32833,32884,33168,33174,33025,32843
 "18023","Clinton, IN",3,CAINC4,30,"...","Per capita personal income (dollars) 4/","Dollars",3657,3730,4285,4575,5667,5406,6443,6895,7163,8065,8826,9115,10126,10491,10725,12140,12377,12790,13530,13873,15158,16104,16026,17113,17952,19113,19381,20540,21243,22009,21857,22695,23839,24132,25212,26390,26657,27297,29225,30239,29053,29937,31917,32717,33933,34771,34272,35085,35561,37717,38205,41550,45620,46041
 "18023","Clinton, IN",3,CAINC4,35,"...","Earnings by place of work ","Thousands of dollars",72279,70487,83141,88427,118589,103634,127962,136186,134052,148419,158011,153551,170133,171580,167075,197979,194879,202615,227517,228613,254509,279376,277299,306726,332853,370747,369371,412790,429770,439267,437224,454827,481927,487515,510021,547533,534804,541884,575438,595008,546158,566107,605478,611058,658329,656383,619935,639859,649517,682823,690485,731222,794842,856171
 "18023","Clinton, IN",3,CAINC4,36,"...","Less: Contributions for government social insurance 5/","Thousands of dollars",4686,4780,5437,6260,7916,8801,9002,10540,11326,12332,13528,14123,16673,17467,18240,19560,20219,21538,23298,25868,27852,30219,32304,34756,37937,42443,44544,45812,47864,48900,49127,50541,51573,53081,56049,59927,60968,62748,65476,67131,65294,66448,60648,60900,68996,73225,73974,74710,76662,80994,83945,89553,93629,101685
 "18023","Clinton, IN",3,CAINC4,37,"..."," Employee and self-employed contributions for government social insurance ","Thousands of dollars",2458,2506,2844,3226,3992,4356,4525,5116,5411,5891,6541,6963,8292,8810,9109,9645,10290,10963,11957,13452,14814,15928,17071,18386,20108,22580,23757,24301,25502,26052,26084,26587,27796,28714,29904,31594,32142,33336,34992,36068,35126,35654,28943,29150,37013,39154,40075,40760,42287,45122,46927,50327,52965,57885
 "18023","Clinton, IN",3,CAINC4,38,"..."," Employer contributions for government social insurance ","Thousands of dollars",2228,2274,2593,3034,3924,4445,4477,5424,5915,6441,6987,7160,8381,8657,9131,9915,9929,10575,11341,12416,13038,14291,15233,16370,17829,19863,20787,21511,22362,22848,23043,23954,23777,24367,26145,28333,28826,29412,30484,31063,30168,30794,31705,31750,31983,34071,33899,33950,34375,35872,37018,39226,40664,43800
 "18023","Clinton, IN",3,CAINC4,42,"...","Plus: Adjustment for residence 6/","Thousands of dollars",19664,20118,21810,24679,28036,30067,30077,34524,40872,47012,52223,53703,54566,51896,54125,60904,65017,65763,66233,71473,75049,76230,78568,83091,84639,87551,90018,90652,94313,103242,109490,113421,116418,121107,124197,118760,130045,131619,142019,124548,116361,115303,129162,141426,141855,137339,142726,152966,158614,180900,179521,167634,171088,163906
 "18023","Clinton, IN",3,CAINC4,45,"...","Equals: Net earnings by place of residence ","Thousands of dollars",87257,85825,99514,106846,138709,124900,149037,160170,163598,183099,196706,193131,208026,206009,202960,239323,239677,246840,270452,274218,301706,325387,323563,355061,379555,415855,414845,457630,476219,493609,497587,517707,546772,555541,578169,606366,603881,610755,651981,652425,597225,614962,673992,691584,731188,720497,688687,718115,731469,782729,786061,809303,872301,918392
 "18023","Clinton, IN",3,CAINC4,46,"...","Plus: Dividends, interest, and rent 7/","Thousands of dollars",15050,16973,18846,20376,23765,26944,31423,34010,38745,42394,47150,56592,68628,76568,81012,84221,84975,86761,86686,89867,100632,103523,103650,103119,107823,112928,123973,124589,132335,140354,127245,132408,128066,118474,122623,122001,115823,117515,130423,140946,138703,138033,145303,147108,144100,158944,166913,156779,157898,167641,167855,170270,173117,185043
 "18023","Clinton, IN",3,CAINC4,47,"...","Plus: Personal current transfer receipts ","Thousands of dollars",9607,11057,13020,13890,16416,18755,22661,24386,25695,28321,31826,37888,42529,48224,51761,53585,56369,59315,59947,62294,67238,71278,77815,87746,91661,93735,97810,103844,107666,110661,110496,120199,131130,137061,140861,151534,166295,180672,187515,215152,230940,242291,238895,244331,247008,263163,270738,273810,278195,289931,313274,398818,461193,408696
 "18023","Clinton, IN",3,CAINC4,50,"...","Wages and salaries ","Thousands of dollars",48856,50215,55508,60853,68279,72030,74894,86935,92782,97859,104164,109516,121082,124332,128666,133280,135320,143181,157612,169933,181563,194103,204533,221368,239127,262947,278048,290819,305335,312018,314635,329260,333755,338854,355862,379245,376566,384459,403510,412077,396984,403515,413288,418206,417597,445528,455868,461890,474951,498768,508698,527200,555249,613441
 "18023","Clinton, IN",3,CAINC4,60,"...","Supplements to wages and salaries ","Thousands of dollars",5352,5730,6588,7752,9039,9928,10761,12921,14506,15705,16943,18133,20332,21728,23757,25677,27278,29645,33144,34967,38928,43427,47400,53132,57914,63993,65759,66865,66868,70559,73617,78497,81364,83722,92179,97311,99757,102524,107779,109263,100909,105342,104857,108319,106160,120226,116778,118930,119372,127397,125730,127636,129215,137830
 "18023","Clinton, IN",3,CAINC4,61,"..."," Employer contributions for employee pension and insurance funds 8/","Thousands of dollars",3124,3456,3995,4718,5115,5483,6284,7497,8591,9264,9956,10973,11951,13071,14626,15762,17349,19070,21803,22551,25890,29136,32167,36762,40085,44130,44972,45354,44506,47711,50574,54543,57587,59355,66034,68978,70931,73112,77295,78200,70741,74548,73152,76569,74177,86155,82879,84980,84997,91525,88712,88410,88551,94030
 "18023","Clinton, IN",3,CAINC4,62,"..."," Employer contributions for government social insurance ","Thousands of dollars",2228,2274,2593,3034,3924,4445,4477,5424,5915,6441,6987,7160,8381,8657,9131,9915,9929,10575,11341,12416,13038,14291,15233,16370,17829,19863,20787,21511,22362,22848,23043,23954,23777,24367,26145,28333,28826,29412,30484,31063,30168,30794,31705,31750,31983,34071,33899,33950,34375,35872,37018,39226,40664,43800
 "18023","Clinton, IN",3,CAINC4,70,"...","Proprietors' income 9/","Thousands of dollars",18071,14542,21045,19822,41271,21676,42307,36330,26764,34855,36904,25902,28719,25520,14652,39022,32281,29789,36761,23713,34018,41846,25366,32226,35812,43807,25564,55106,57567,56690,48972,47070,66808,64939,61980,70977,58481,54901,64149,73668,48265,57250,87333,84533,134572,90629,47289,59039,55194,56658,56057,76386,110378,104900
 "18023","Clinton, IN",3,CAINC4,71,"..."," Farm proprietors' income ","Thousands of dollars",9707,6285,11892,10024,30724,10289,30387,22500,11413,18031,19510,8643,11592,9151,-2740,19593,13882,11936,17980,4911,14315,20653,5435,11104,12627,15959,-1712,27558,25313,12099,6818,11114,17802,13995,16989,29916,18470,13318,26739,39447,11927,15131,45299,42098,94117,52570,7802,20920,14642,14497,9651,28552,53821,48325
 "18023","Clinton, IN",3,CAINC4,72,"..."," Nonfarm proprietors' income ","Thousands of dollars",8364,8257,9153,9798,10547,11387,11920,13830,15351,16824,17394,17259,17127,16369,17392,19429,18399,17853,18781,18802,19703,21193,19931,21122,23185,27848,27276,27548,32254,44591,42154,35956,49006,50944,44991,41061,40011,41583,37410,34221,36338,42119,42034,42435,40455,38059,39487,38119,40552,42161,46406,47834,56557,56575
 "18023","Clinton, IN",3,CAINC4,7010,"...","Total employment ","Number of jobs",12863,12567,12921,13320,13746,13370,13093,13521,13559,13109,12963,12779,12774,12544,12410,12566,12355,12452,12869,13271,13380,13864,13986,14155,14387,15037,15588,15999,16007,15503,15186,15215,15348,15127,15382,15341,15293,15496,15742,15341,14715,14646,14519,14549,14472,14774,14883,14827,14791,14994,14932,14586,14904,15378
 "18023","Clinton, IN",3,CAINC4,7020,"..."," Wage and salary employment ","Number of jobs",9573,9318,9683,10088,10538,10188,9984,10507,10592,10186,10065,9889,9877,9585,9367,9589,9429,9646,10154,10489,10636,10921,11022,11296,11557,12145,12568,12904,12870,12627,12372,12327,12172,12065,12312,12218,12114,12156,12262,12020,11368,11357,11311,11366,11268,11569,11666,11697,11599,11727,11783,11319,11473,11759
 "18023","Clinton, IN",3,CAINC4,7040,"..."," Proprietors employment ","Number of jobs",3290,3249,3238,3232,3208,3182,3109,3014,2967,2923,2898,2890,2897,2959,3043,2977,2926,2806,2715,2782,2744,2943,2964,2859,2830,2892,3020,3095,3137,2876,2814,2888,3176,3062,3070,3123,3179,3340,3480,3321,3347,3289,3208,3183,3204,3205,3217,3130,3192,3267,3149,3267,3431,3619
 "18025","Crawford, IN",3,CAINC4,10,"...","Personal income (thousands of dollars) ","Thousands of dollars",21816,22762,24414,26517,31456,34154,37914,42769,46574,53235,59965,65835,71138,75283,80851,88701,91264,95877,99698,104004,112040,117431,122311,134397,143317,149456,156452,165846,174144,192205,206875,221052,225420,231599,238146,244584,246808,253918,262436,275429,273505,282060,291286,298403,298374,316811,327146,332477,345636,355935,368337,401700,436252,436091
 "18025","Crawford, IN",3,CAINC4,11,"..."," Nonfarm personal income 1/","Thousands of dollars",20896,22129,23769,25671,29770,33547,37238,41113,45396,52285,59112,65094,70419,73677,81495,87394,91183,96046,100022,104866,110452,116276,121352,132968,141720,148599,155322,164980,173044,191142,206634,220586,225608,232347,238127,243880,246153,253802,261934,275818,274448,282945,291561,298862,296550,315653,327887,332382,345628,356057,368357,400324,434329,435232
 "18025","Crawford, IN",3,CAINC4,12,"..."," Farm income 2/","Thousands of dollars",920,633,645,846,1686,607,676,1656,1178,950,853,741,719,1606,-644,1307,81,-169,-324,-862,1588,1155,959,1429,1597,857,1130,866,1100,1063,241,466,-188,-748,19,704,655,116,502,-389,-943,-885,-275,-459,1824,1158,-741,95,8,-122,-20,1376,1923,859
 "18025","Crawford, IN",3,CAINC4,20,"...","Population (persons) 3/","Number of persons",8077,7984,7879,8106,8492,8810,9010,9201,9281,9422,9642,9810,9750,9660,9676,9848,9988,10101,10025,9878,9904,9919,9882,9989,10130,10285,10274,10442,10323,10479,10608,10786,10922,10976,11007,11029,11012,11008,10933,10792,10664,10709,10612,10651,10595,10635,10514,10519,10474,10519,10518,10525,10491,10536
 "18025","Crawford, IN",3,CAINC4,30,"...","Per capita personal income (dollars) 4/","Dollars",2701,2851,3099,3271,3704,3877,4208,4648,5018,5650,6219,6711,7296,7793,8356,9007,9137,9492,9945,10529,11313,11839,12377,13454,14148,14531,15228,15883,16870,18342,19502,20494,20639,21100,21636,22176,22413,23067,24004,25522,25648,26339,27449,28016,28162,29789,31115,31607,32999,33837,35020,38166,41583,41391
 "18025","Crawford, IN",3,CAINC4,35,"...","Earnings by place of work ","Thousands of dollars",7695,8085,8652,9311,11435,11520,12440,14728,15157,17244,19200,19986,20665,21983,22153,26593,26839,29425,31328,33262,36382,37332,38319,40426,44556,46594,48421,52002,57851,68395,77052,83406,78005,80418,86381,85315,83640,83294,82474,83524,78439,86846,91540,95746,97806,104470,103990,103932,106594,111951,111719,119591,123392,129406
 "18025","Crawford, IN",3,CAINC4,36,"...","Less: Contributions for government social insurance 5/","Thousands of dollars",481,519,584,654,814,992,1071,1175,1258,1495,1758,1872,2058,2169,2327,2643,2892,3235,3423,3862,4063,4199,4469,4640,5158,5668,5986,6293,6977,7744,8551,9169,8820,9215,9995,9991,10132,10240,10456,10916,10622,11250,10436,10604,12035,12954,13407,13539,14068,14873,15219,16332,16806,17938
 "18025","Crawford, IN",3,CAINC4,37,"..."," Employee and self-employed contributions for government social insurance ","Thousands of dollars",295,320,358,396,482,584,623,664,698,819,946,1019,1136,1234,1336,1502,1689,1894,2045,2350,2559,2601,2776,2923,3271,3567,3700,3839,4159,4575,5100,5365,5173,5459,5882,5947,6104,6297,6502,6738,6536,6966,6088,6230,7596,8148,8373,8526,9040,9768,10072,10056,10394,11428
 "18025","Crawford, IN",3,CAINC4,38,"..."," Employer contributions for government social insurance ","Thousands of dollars",186,199,226,258,332,408,448,511,560,676,812,853,922,935,991,1141,1203,1341,1378,1512,1504,1598,1693,1717,1887,2101,2286,2454,2818,3169,3451,3804,3647,3756,4113,4044,4028,3943,3954,4178,4086,4284,4348,4374,4439,4806,5034,5013,5028,5105,5147,6276,6412,6510
 "18025","Crawford, IN",3,CAINC4,42,"...","Plus: Adjustment for residence 6/","Thousands of dollars",8892,8736,9169,10236,11770,12987,13639,15629,18254,21567,24357,26118,27524,27319,29128,30769,31997,33062,35344,36952,38855,40414,41747,45943,48303,51638,53952,55542,58558,63740,68693,72196,74902,76267,76336,80475,81418,84527,89052,89135,81296,79347,80456,80064,77011,79687,84925,89546,93134,94816,99026,98899,107557,116970
 "18025","Crawford, IN",3,CAINC4,45,"...","Equals: Net earnings by place of residence ","Thousands of dollars",16106,16302,17237,18893,22391,23515,25008,29182,32153,37316,41799,44232,46131,47133,48954,54719,55944,59252,63249,66352,71174,73547,75597,81729,87701,92564,96387,101251,109432,124391,137194,146433,144087,147470,152722,155799,154926,157581,161070,161743,149113,154943,161560,165206,162782,171203,175508,179939,185660,191894,195526,202158,214143,228438
 "18025","Crawford, IN",3,CAINC4,46,"...","Plus: Dividends, interest, and rent 7/","Thousands of dollars",2487,2772,3024,3227,3964,4697,5381,5618,6271,7149,8326,9940,11747,13661,15878,17062,17554,18034,17639,17596,18503,19584,20088,21578,22668,23002,24883,25662,25932,28012,28167,29063,32579,32066,31628,30930,29883,29291,31558,36269,36753,34861,37261,37099,39658,40485,42784,41498,44744,43228,43539,46328,47654,49531
 "18025","Crawford, IN",3,CAINC4,47,"...","Plus: Personal current transfer receipts ","Thousands of dollars",3223,3688,4153,4397,5101,5942,7525,7969,8150,8770,9840,11663,13260,14489,16019,16920,17766,18591,18810,20056,22363,24300,26626,31090,32948,33890,35182,38933,38780,39802,41514,45556,48754,52063,53796,57855,61999,67046,69808,77417,87639,92256,92465,96098,95934,105123,108854,111040,115232,120813,129272,153214,174455,158122
 "18025","Crawford, IN",3,CAINC4,50,"...","Wages and salaries ","Thousands of dollars",4468,4770,5168,5515,6085,7028,7560,8327,8985,10553,12180,13236,13636,14075,14658,16013,16921,18672,19829,21299,21553,22722,23664,23878,26303,28228,30024,31451,34637,38173,46788,52200,49366,51194,55818,54248,52481,51750,52545,55635,53056,56745,58474,58443,59466,64751,68021,68141,69170,71607,71191,77971,79846,86302
 "18025","Crawford, IN",3,CAINC4,60,"...","Supplements to wages and salaries ","Thousands of dollars",483,543,622,680,800,953,1094,1238,1412,1735,2041,2260,2442,2610,2865,3234,3561,3962,4206,4592,4993,5398,5911,6383,6938,7582,7941,8583,9373,10803,12598,14425,13868,14307,15982,16787,16672,16241,16762,18018,16109,17228,17560,17941,17465,19660,20020,20548,20485,21560,20667,22773,22414,22534
 "18025","Crawford, IN",3,CAINC4,61,"..."," Employer contributions for employee pension and insurance funds 8/","Thousands of dollars",297,344,396,422,468,545,646,727,852,1059,1229,1407,1520,1675,1874,2093,2358,2621,2828,3080,3489,3800,4218,4666,5051,5481,5655,6129,6555,7634,9147,10621,10221,10551,11869,12743,12644,12298,12808,13840,12023,12944,13212,13567,13026,14854,14986,15535,15457,16455,15520,16497,16002,16024
 "18025","Crawford, IN",3,CAINC4,62,"..."," Employer contributions for government social insurance ","Thousands of dollars",186,199,226,258,332,408,448,511,560,676,812,853,922,935,991,1141,1203,1341,1378,1512,1504,1598,1693,1717,1887,2101,2286,2454,2818,3169,3451,3804,3647,3756,4113,4044,4028,3943,3954,4178,4086,4284,4348,4374,4439,4806,5034,5013,5028,5105,5147,6276,6412,6510
 "18025","Crawford, IN",3,CAINC4,70,"...","Proprietors' income 9/","Thousands of dollars",2744,2772,2862,3116,4550,3539,3786,5163,4760,4956,4979,4490,4587,5298,4630,7346,6357,6791,7293,7371,9836,9212,8744,10165,11315,10784,10456,11968,13841,19419,17666,16781,14771,14917,14581,14280,14487,15303,13167,9871,9274,12873,15506,19362,20875,20059,15949,15243,16939,18784,19861,18847,21132,20570
 "18025","Crawford, IN",3,CAINC4,71,"..."," Farm proprietors' income ","Thousands of dollars",659,371,388,587,1382,242,309,1270,782,656,517,377,352,1171,-1022,968,-211,-405,-518,-1095,1317,828,634,1079,1275,595,913,699,960,931,145,397,-238,-771,-29,631,562,16,354,-574,-1201,-1202,-610,-904,1363,671,-1136,-309,-488,-663,-432,932,1529,408
 "18025","Crawford, IN",3,CAINC4,72,"..."," Nonfarm proprietors' income ","Thousands of dollars",2085,2401,2474,2529,3168,3297,3477,3893,3978,4300,4462,4113,4235,4127,5652,6378,6568,7196,7811,8466,8519,8384,8110,9086,10040,10189,9543,11269,12881,18488,17521,16384,15009,15688,14610,13649,13925,15287,12813,10445,10475,14075,16116,20266,19512,19388,17085,15552,17427,19447,20293,17915,19603,20162
 "18025","Crawford, IN",3,CAINC4,7010,"...","Total employment ","Number of jobs",1850,1873,1910,1978,2007,2061,2109,2162,2248,2397,2464,2568,2586,2627,2747,2793,2837,2896,2957,2993,2944,2927,2946,2917,3012,3100,3184,3237,3330,3642,3915,4111,3909,3913,3916,3915,3742,3640,3630,3631,3532,3534,3573,3583,3614,3590,3536,3441,3353,3294,3147,3206,3217,3266
 "18025","Crawford, IN",3,CAINC4,7020,"..."," Wage and salary employment ","Number of jobs",1071,1082,1104,1122,1155,1212,1213,1237,1237,1299,1359,1440,1428,1410,1458,1504,1526,1596,1641,1676,1712,1690,1691,1697,1755,1764,1799,1788,1842,1904,2174,2336,2340,2404,2385,2399,2236,2151,2124,2168,2024,2087,2106,2134,2162,2194,2203,2175,2125,2081,2014,2019,2016,2015
 "18025","Crawford, IN",3,CAINC4,7040,"..."," Proprietors employment ","Number of jobs",779,791,806,856,852,849,896,925,1011,1098,1105,1128,1158,1217,1289,1289,1311,1300,1316,1317,1232,1237,1255,1220,1257,1336,1385,1449,1488,1738,1741,1775,1569,1509,1531,1516,1506,1489,1506,1463,1508,1447,1467,1449,1452,1396,1333,1266,1228,1213,1133,1187,1201,1251
 "18027","Daviess, IN",3,CAINC4,10,"...","Personal income (thousands of dollars) ","Thousands of dollars",97432,99899,109306,121065,138555,136755,151818,162247,168456,189739,198817,218385,243813,257159,269847,310990,312249,332482,347290,349709,386398,407409,422474,464750,481880,491665,516917,574707,589429,639641,667901,710492,725292,721256,769770,823762,841500,874320,920716,993132,970873,1007168,1088924,1121681,1178396,1207230,1256178,1256282,1327484,1393614,1446923,1615557,1797339,1945759
 "18027","Daviess, IN",3,CAINC4,11,"..."," Nonfarm personal income 1/","Thousands of dollars",88688,94753,101834,112606,121089,126758,138685,145053,158719,175542,190277,212435,240600,255928,273833,293646,300981,316850,331314,341715,366133,393039,413502,445594,463249,481724,508864,542610,569478,622944,653494,685333,698237,709517,736322,783547,809225,852428,887809,943314,945150,976356,1034383,1094953,1086643,1148462,1189804,1218345,1269856,1335008,1415218,1537445,1684376,1758533
 "18027","Daviess, IN",3,CAINC4,12,"..."," Farm income 2/","Thousands of dollars",8744,5146,7472,8459,17466,9997,13133,17194,9737,14197,8540,5950,3213,1231,-3986,17344,11268,15632,15976,7994,20265,14370,8972,19156,18631,9941,8053,32097,19951,16697,14407,25159,27055,11739,33448,40215,32275,21892,32907,49818,25723,30812,54541,26728,91753,58768,66374,37937,57628,58606,31705,78112,112963,187226
 "18027","Daviess, IN",3,CAINC4,20,"...","Population (persons) 3/","Number of persons",26638,26593,26753,26932,26896,27098,26931,26972,26979,27055,27161,27896,28074,28348,28364,28520,28232,27986,27864,27776,27638,27586,27816,28054,28325,28526,28965,29199,29497,29659,29840,29882,29755,29860,30108,30300,30452,30469,30702,30947,31389,31719,31941,32094,32245,32633,32772,32944,33061,33238,33352,33366,33381,33418
 "18027","Daviess, IN",3,CAINC4,30,"...","Per capita personal income (dollars) 4/","Dollars",3658,3757,4086,4495,5152,5047,5637,6015,6244,7013,7320,7829,8685,9072,9514,10904,11060,11880,12464,12590,13981,14769,15188,16566,17013,17236,17846,19682,19983,21567,22383,23777,24375,24155,25567,27187,27634,28695,29989,32091,30930,31753,34092,34950,36545,36994,38331,38134,40153,41928,43383,48419,53843,58225
 "18027","Daviess, IN",3,CAINC4,35,"...","Earnings by place of work ","Thousands of dollars",58149,58951,62689,66942,81694,77495,84711,90281,90860,106675,105356,107702,118783,121201,127230,159098,153325,166633,194637,191140,213814,228644,227499,254310,270888,271188,276865,315188,326641,353835,384198,395630,401002,401542,447330,483945,501811,530350,561198,568157,540981,574990,631453,643262,722458,709180,751983,747867,803120,863872,903792,1023050,1120815,1304922
 "18027","Daviess, IN",3,CAINC4,36,"...","Less: Contributions for government social insurance 5/","Thousands of dollars",3700,4000,4230,4704,5759,6388,6684,6833,7598,8739,9457,9886,12025,12830,13754,15252,15789,16919,19493,21036,22337,24969,25892,27698,30014,31419,32532,33609,36368,38365,41694,41700,41712,43659,46741,50706,54287,58657,61797,61420,60761,61670,56770,59591,69240,71738,74670,76653,80203,85899,91278,100086,103579,113948
 "18027","Daviess, IN",3,CAINC4,37,"..."," Employee and self-employed contributions for government social insurance ","Thousands of dollars",1966,2104,2229,2462,2949,3181,3347,3333,3628,4189,4590,4936,6043,6545,7027,7698,8273,8917,10324,11262,12218,13439,14045,15091,16459,17255,17946,18426,19588,20670,22273,22053,22691,23857,25410,27546,29617,32455,34343,34277,33833,34389,28650,30005,38656,39988,41973,43393,45833,49265,52611,57119,60402,67661
 "18027","Daviess, IN",3,CAINC4,38,"..."," Employer contributions for government social insurance ","Thousands of dollars",1734,1896,2001,2242,2810,3207,3337,3500,3970,4550,4867,4950,5982,6285,6727,7554,7516,8002,9169,9774,10119,11530,11847,12607,13555,14164,14586,15183,16780,17695,19421,19647,19021,19802,21331,23160,24670,26202,27454,27143,26928,27281,28120,29586,30584,31750,32697,33260,34370,36634,38667,42967,43177,46287
 "18027","Daviess, IN",3,CAINC4,42,"...","Plus: Adjustment for residence 6/","Thousands of dollars",21527,20477,22385,26727,25659,24150,25687,27096,28732,30226,33081,36691,38057,36833,37365,41261,43313,43945,35930,39285,40158,40423,48862,54929,51191,56063,65892,73145,76440,85920,86943,99801,97638,98030,101995,104255,99223,98929,96362,120191,119436,117256,121148,117818,112325,121051,117943,119510,126197,120088,124784,109180,116509,129291
 "18027","Daviess, IN",3,CAINC4,45,"...","Equals: Net earnings by place of residence ","Thousands of dollars",75976,75428,80844,88965,101594,95257,103714,110544,111994,128162,128980,134507,144815,145204,150841,185107,180849,193659,211074,209389,231635,244098,250469,281541,292065,295832,310225,354724,366713,401390,429447,453731,456928,455913,502584,537494,546747,570622,595763,626928,599656,630576,695831,701489,765543,758493,795256,790724,849114,898061,937298,1032144,1133745,1320265
 "18027","Daviess, IN",3,CAINC4,46,"...","Plus: Dividends, interest, and rent 7/","Thousands of dollars",13014,14909,17131,19409,21898,24108,27033,28681,32596,35931,40880,49425,59480,68617,72351,76742,80690,85699,83073,85585,93982,96239,98631,99778,102751,105718,114002,121901,125059,138226,133417,141316,142818,132901,132603,139181,136542,135308,150844,169182,162603,156096,169047,185834,175921,193555,198400,197517,201990,209922,208320,211918,222065,237113
 "18027","Daviess, IN",3,CAINC4,47,"...","Plus: Personal current transfer receipts ","Thousands of dollars",8442,9562,11331,12691,15063,17390,21071,23022,23866,25646,28957,34453,39518,43338,46655,49141,50710,53124,53143,54735,60781,67072,73374,83431,87064,90115,92690,98082,97657,100025,105037,115445,125546,132442,134583,147087,158211,168390,174109,197022,208614,220496,224046,234358,236932,255182,262522,268041,276380,285631,301305,371495,441529,388381
 "18027","Daviess, IN",3,CAINC4,50,"...","Wages and salaries ","Thousands of dollars",37699,41447,42071,44601,48726,51386,54722,54133,60105,67051,70266,74793,85955,88539,93771,99996,100355,105255,124299,131094,139389,155356,158390,168468,177619,182906,187700,194933,212596,223388,245125,249475,254208,264373,280691,303092,320240,342541,362406,355919,348258,356562,368925,389632,400337,411676,430748,445549,466170,499010,525505,567217,583999,630246
 "18027","Daviess, IN",3,CAINC4,60,"...","Supplements to wages and salaries ","Thousands of dollars",4156,4739,5010,5561,6293,6933,7867,8019,9398,11084,11618,12789,15738,17445,19635,21048,21238,23316,29191,28140,31131,36222,38402,41881,44782,46899,47063,48750,54054,57404,64157,67526,63506,65646,72369,78340,83148,88900,93808,92251,86788,91171,92298,98499,99400,109112,107699,110909,113561,125495,130087,137143,136476,143148
 "18027","Daviess, IN",3,CAINC4,61,"..."," Employer contributions for employee pension and insurance funds 8/","Thousands of dollars",2422,2843,3009,3319,3483,3726,4530,4519,5428,6534,6751,7839,9756,11160,12908,13494,13722,15314,20022,18366,21012,24692,26555,29274,31227,32735,32477,33567,37274,39709,44736,47879,44485,45844,51038,55180,58478,62698,66354,65108,59860,63890,64178,68913,68816,77362,75002,77649,79191,88861,91420,94176,93299,96861
 "18027","Daviess, IN",3,CAINC4,62,"..."," Employer contributions for government social insurance ","Thousands of dollars",1734,1896,2001,2242,2810,3207,3337,3500,3970,4550,4867,4950,5982,6285,6727,7554,7516,8002,9169,9774,10119,11530,11847,12607,13555,14164,14586,15183,16780,17695,19421,19647,19021,19802,21331,23160,24670,26202,27454,27143,26928,27281,28120,29586,30584,31750,32697,33260,34370,36634,38667,42967,43177,46287
 "18027","Daviess, IN",3,CAINC4,70,"...","Proprietors' income 9/","Thousands of dollars",16294,12765,15608,16780,26675,19176,22122,28129,21357,28540,23472,20120,17090,15217,13824,38054,31732,38062,41147,31906,43294,37066,30707,43961,48487,41383,42102,71505,59991,73043,74916,78629,83288,71523,94270,102513,98423,98909,104984,119987,105935,127257,170230,155131,222721,188392,213536,191409,223389,239367,248200,318690,400340,531528
 "18027","Daviess, IN",3,CAINC4,71,"..."," Farm proprietors' income ","Thousands of dollars",7902,4166,6384,7230,15861,7885,10732,14361,6488,11399,5540,2865,169,-2161,-7150,14281,8280,12904,13337,5013,17025,10581,5289,15232,14692,6468,4920,29311,17114,12896,10350,20679,21733,6389,27879,34530,27262,17556,28252,45599,21054,25926,49963,21210,86036,52766,61465,32911,51516,51898,26483,72539,108017,181609
 "18027","Daviess, IN",3,CAINC4,72,"..."," Nonfarm proprietors' income ","Thousands of dollars",8392,8599,9224,9550,10814,11291,11390,13768,14869,17141,17932,17255,16921,17378,20974,23773,23452,25158,27810,26893,26269,26485,25418,28729,33795,34915,37182,42194,42877,60147,64566,57950,61555,65134,66391,67983,71161,81353,76732,74388,84881,101331,120267,133921,136685,135626,152071,158498,171873,187469,221717,246151,292323,349919
 "18027","Daviess, IN",3,CAINC4,7010,"...","Total employment ","Number of jobs",10773,10778,10611,10677,11112,11052,10936,10489,10747,10822,10600,10742,11077,10902,10991,11335,11523,11805,12681,12834,13031,13668,13659,13861,14094,14307,14335,14281,15037,15454,16019,16018,14917,14821,14953,15411,15865,16172,16490,16064,15887,16005,16255,16675,16936,17141,17524,17728,17663,18201,18329,18260,18360,18845
 "18027","Daviess, IN",3,CAINC4,7020,"..."," Wage and salary employment ","Number of jobs",7715,7739,7531,7558,7957,7973,7942,7437,7686,7744,7493,7589,7926,7721,7785,7974,7955,8097,8757,8970,9202,9815,9827,9875,10053,10198,10231,10237,10811,10974,11474,11378,11099,11096,11330,11717,11881,12082,12249,11798,11420,11442,11548,11764,11859,12011,12297,12417,12526,13043,13331,13090,13077,13333
 "18027","Daviess, IN",3,CAINC4,7040,"..."," Proprietors employment ","Number of jobs",3058,3039,3080,3119,3155,3079,2994,3052,3061,3078,3107,3153,3151,3181,3206,3361,3568,3708,3924,3864,3829,3853,3832,3986,4041,4109,4104,4044,4226,4480,4545,4640,3818,3725,3623,3694,3984,4090,4241,4266,4467,4563,4707,4911,5077,5130,5227,5311,5137,5158,4998,5170,5283,5512
 "18029","Dearborn, IN",3,CAINC4,10,"...","Personal income (thousands of dollars) ","Thousands of dollars",97877,103865,113046,125724,142411,154290,168189,188016,213259,240712,270350,301156,327974,356876,382417,424808,459074,490493,522494,558609,603932,640878,679851,732251,776617,831719,891475,966692,1050874,1153197,1199678,1280242,1525414,1595490,1654294,1661299,1629292,1687451,1737721,1817671,1761106,1788347,1867663,1954100,1987264,2038434,2140720,2152163,2235521,2350940,2465801,2636426,2885810,2948608
 "18029","Dearborn, IN",3,CAINC4,11,"..."," Nonfarm personal income 1/","Thousands of dollars",96473,102856,111862,124535,140007,152689,166268,184578,209994,238954,268664,300228,327868,355443,385721,424112,457468,490110,522276,559386,603486,640135,680444,731276,775937,831272,891024,966200,1049780,1151631,1199130,1279164,1524130,1597259,1653562,1659354,1628080,1687060,1736512,1817709,1760873,1788680,1867149,1953168,1983537,2037622,2142529,2153402,2236870,2352130,2466101,2635294,2883158,2948381
 "18029","Dearborn, IN",3,CAINC4,12,"..."," Farm income 2/","Thousands of dollars",1404,1009,1184,1189,2404,1601,1921,3438,3265,1758,1686,928,106,1433,-3304,696,1606,383,218,-777,446,743,-593,975,680,447,451,492,1094,1566,548,1078,1284,-1769,732,1945,1212,391,1209,-38,233,-333,514,932,3727,812,-1809,-1239,-1349,-1190,-300,1132,2652,227
 "18029","Dearborn, IN",3,CAINC4,20,"...","Population (persons) 3/","Number of persons",29397,29415,29306,30137,30431,30552,31010,31500,32231,32857,33662,34367,34594,35000,35450,35843,35552,36485,37025,37333,38109,38979,39695,40637,41339,42196,43041,43678,44506,45058,45678,46349,46726,47052,47631,48135,48421,48879,49348,49643,49931,50105,50103,49945,50051,49830,49964,50031,50289,50304,50407,50754,50946,51138
 "18029","Dearborn, IN",3,CAINC4,30,"...","Per capita personal income (dollars) 4/","Dollars",3329,3531,3857,4172,4680,5050,5424,5969,6617,7326,8031,8763,9481,10196,10788,11852,12913,13444,14112,14963,15847,16442,17127,18019,18787,19711,20712,22132,23612,25594,26264,27622,32646,33909,34731,34513,33648,34523,35214,36615,35271,35692,37276,39125,39705,40908,42845,43017,44453,46735,48918,51945,56644,57660
 "18029","Dearborn, IN",3,CAINC4,35,"...","Earnings by place of work ","Thousands of dollars",73450,76893,83326,92391,102628,105783,110868,121875,137234,152100,164363,173422,179125,186221,191187,209263,221215,235176,255831,269315,281133,289556,302469,320906,336573,358856,386391,413158,472377,554932,580074,596551,802412,833181,856840,858575,798762,808325,787805,766970,771398,779912,798972,826814,802277,790533,812677,816473,819656,868062,903433,932502,986503,1056397
 "18029","Dearborn, IN",3,CAINC4,36,"...","Less: Contributions for government social insurance 5/","Thousands of dollars",4989,5184,5798,6814,8670,9457,9782,10684,12072,13912,15699,16660,18638,19559,20436,22199,23791,25472,27374,30168,31541,33230,35404,37274,38969,42607,45962,48259,55235,62207,65102,66547,78065,80925,85318,87150,87391,89539,90416,90078,92521,93571,85342,86654,95885,95401,99317,100347,101523,107437,112751,119756,124892,134852
 "18029","Dearborn, IN",3,CAINC4,37,"..."," Employee and self-employed contributions for government social insurance ","Thousands of dollars",2643,2758,3077,3554,4439,4886,5064,5407,6003,6862,7763,8362,9466,10081,10458,11252,12516,13574,14720,16271,17343,18180,19661,20702,21772,23964,25824,26829,30229,34028,35260,35779,46550,48407,50901,52017,50024,51229,51295,51114,51524,51694,42143,43282,53109,53256,55450,56288,57993,62372,65355,69631,73907,80770
 "18029","Dearborn, IN",3,CAINC4,38,"..."," Employer contributions for government social insurance ","Thousands of dollars",2346,2426,2721,3260,4231,4571,4718,5277,6069,7050,7936,8298,9172,9478,9978,10947,11275,11898,12654,13897,14198,15050,15743,16572,17197,18643,20138,21430,25006,28179,29842,30768,31515,32518,34417,35133,37367,38310,39121,38964,40997,41877,43199,43372,42776,42145,43867,44059,43530,45065,47396,50125,50985,54082
 "18029","Dearborn, IN",3,CAINC4,42,"...","Plus: Adjustment for residence 6/","Thousands of dollars",9660,9715,10185,12821,16899,21555,24283,30611,37243,46716,57109,65085,72629,79321,88406,103455,117151,129904,143764,159813,179390,197703,212399,238199,257430,281187,292224,318820,336057,344793,365266,404200,425726,455063,476084,469713,490443,510335,554448,569422,500572,502038,528482,548850,608298,636388,674805,687939,729914,761724,797845,807844,875453,927557
 "18029","Dearborn, IN",3,CAINC4,45,"...","Equals: Net earnings by place of residence ","Thousands of dollars",78121,81424,87713,98398,110857,117881,125369,141802,162405,184904,205773,221847,233116,245983,259157,290519,314575,339608,372221,398960,428982,454029,479464,521831,555034,597436,632653,683719,753199,837518,880238,934204,1150073,1207319,1247606,1241138,1201814,1229121,1251837,1246314,1179449,1188379,1242112,1289010,1314690,1331520,1388165,1404065,1448047,1522349,1588527,1620590,1737064,1849102
 "18029","Dearborn, IN",3,CAINC4,46,"...","Plus: Dividends, interest, and rent 7/","Thousands of dollars",12017,13558,14967,16119,18290,21023,23884,25687,28892,31688,36468,45754,55589,65981,73041,79882,85572,88601,86263,91476,101772,106021,109490,109587,113547,122881,142574,156693,169027,184863,181100,195387,205861,210011,220771,223502,209057,221209,233835,277154,257213,247903,270917,302012,303041,311342,331868,321259,348272,371346,389018,383401,425648,454555
 "18029","Dearborn, IN",3,CAINC4,47,"...","Plus: Personal current transfer receipts ","Thousands of dollars",7739,8883,10366,11207,13264,15386,18936,20527,21962,24120,28109,33555,39269,44912,50219,54407,58927,62284,64010,68173,73178,80828,90897,100833,108036,111402,116248,126280,128648,130816,138340,150651,169480,178160,185917,196659,218421,237121,252049,294203,324444,352065,354634,363078,369533,395572,420687,426839,439202,457245,488256,632435,723098,644951
 "18029","Dearborn, IN",3,CAINC4,50,"...","Wages and salaries ","Thousands of dollars",56357,59151,63741,70922,78485,80935,84133,90641,102644,114829,124789,132724,138403,142857,147015,153972,160564,168780,183568,195885,200932,206005,212426,223892,231331,246672,265613,283758,333027,376775,402426,417494,449128,464789,485996,492458,510343,523163,541225,536644,558685,563733,572355,585922,556835,550085,578926,580685,582630,614758,635656,658858,694107,755739
 "18029","Dearborn, IN",3,CAINC4,60,"...","Supplements to wages and salaries ","Thousands of dollars",6027,6485,7313,8521,9681,10330,11485,12610,15155,17260,19194,20955,22229,24040,25900,27777,29862,32548,35235,37729,41381,44597,47115,51716,54829,58625,61217,65805,72907,81120,88319,94938,102875,107472,115843,119266,126310,132732,137283,135936,136775,141439,143365,145658,140262,148203,147321,147825,144747,153950,157013,159471,157333,164725
 "18029","Dearborn, IN",3,CAINC4,61,"..."," Employer contributions for employee pension and insurance funds 8/","Thousands of dollars",3681,4059,4592,5261,5450,5759,6767,7333,9086,10210,11258,12657,13057,14562,15922,16830,18587,20650,22581,23832,27183,29547,31372,35144,37632,39982,41079,44375,47901,52941,58477,64170,71360,74954,81426,84133,88943,94422,98162,96972,95778,99562,100166,102286,97486,106058,103454,103766,101217,108885,109617,109346,106348,110643
 "18029","Dearborn, IN",3,CAINC4,62,"..."," Employer contributions for government social insurance ","Thousands of dollars",2346,2426,2721,3260,4231,4571,4718,5277,6069,7050,7936,8298,9172,9478,9978,10947,11275,11898,12654,13897,14198,15050,15743,16572,17197,18643,20138,21430,25006,28179,29842,30768,31515,32518,34417,35133,37367,38310,39121,38964,40997,41877,43199,43372,42776,42145,43867,44059,43530,45065,47396,50125,50985,54082
 "18029","Dearborn, IN",3,CAINC4,70,"...","Proprietors' income 9/","Thousands of dollars",11066,11257,12272,12948,14462,14518,15250,18624,19435,20011,20380,19743,18493,19324,18272,27514,30789,33848,37028,35701,38820,38954,42928,45298,50413,53559,59561,63595,66443,97037,89329,84119,250409,260920,255001,246851,162109,152430,109297,94390,75938,74740,83252,95234,105180,92245,86430,87963,92279,99354,110764,114173,135063,135933
 "18029","Dearborn, IN",3,CAINC4,71,"..."," Farm proprietors' income ","Thousands of dollars",1226,826,1006,1010,2207,1351,1567,2947,2630,1186,1173,493,-229,1139,-3649,291,1122,-135,-366,-1301,6,347,-877,764,467,258,273,329,926,1206,54,426,446,-2699,-184,1058,433,-272,499,-752,-598,-1234,-347,-140,2613,-357,-2767,-2218,-2539,-2494,-1314,46,1691,-865
 "18029","Dearborn, IN",3,CAINC4,72,"..."," Nonfarm proprietors' income ","Thousands of dollars",9840,10431,11266,11938,12255,13167,13683,15677,16805,18825,19207,19250,18722,18185,21921,27223,29667,33983,37394,37002,38814,38607,43805,44534,49946,53301,59288,63266,65517,95831,89275,83693,249963,263619,255185,245793,161676,152702,108798,95142,76536,75974,83599,95374,102567,92602,89197,90181,94818,101848,112078,114127,133372,136798
 "18029","Dearborn, IN",3,CAINC4,7010,"...","Total employment ","Number of jobs",10960,10919,11058,11533,11930,11653,11490,11665,12344,12727,12894,12759,12372,11970,12100,12278,12396,12700,13013,13390,13864,13868,14004,14212,14508,15234,15789,16453,17955,20046,20256,20839,20156,20145,20261,20530,20915,21026,21159,20909,20819,20468,20611,20364,20192,19694,19906,20358,20119,20262,20390,19740,20239,21153
 "18029","Dearborn, IN",3,CAINC4,7020,"..."," Wage and salary employment ","Number of jobs",9073,9007,9078,9535,9788,9456,9162,9192,9695,9908,10046,9853,9469,9032,8982,9072,9091,9327,9530,10084,10561,10348,10344,10473,10778,11196,11617,12065,13452,14509,14801,15217,15597,15624,15766,15867,15910,15976,15910,15683,15724,15503,15495,15393,15098,14740,14921,15243,15084,15218,15503,14560,14879,15462
 "18029","Dearborn, IN",3,CAINC4,7040,"..."," Proprietors employment ","Number of jobs",1887,1912,1980,1998,2142,2197,2328,2473,2649,2819,2848,2906,2903,2938,3118,3206,3305,3373,3483,3306,3303,3520,3660,3739,3730,4038,4172,4388,4503,5537,5455,5622,4559,4521,4495,4663,5005,5050,5249,5226,5095,4965,5116,4971,5094,4954,4985,5115,5035,5044,4887,5180,5360,5691
 "18031","Decatur, IN",3,CAINC4,10,"...","Personal income (thousands of dollars) ","Thousands of dollars",74310,75571,84975,93402,116141,122044,130926,147563,153939,168799,183981,199182,220342,228768,235993,281127,284791,293814,314402,325731,352353,368544,377190,414151,446815,470223,484854,518801,561604,593924,613488,649215,672110,682900,708903,732261,746685,791772,815744,861253,821763,862144,894751,940391,977128,997158,998343,1036745,1078347,1121820,1186094,1256977,1373261,1376301
 "18031","Decatur, IN",3,CAINC4,11,"..."," Nonfarm personal income 1/","Thousands of dollars",65914,68921,76591,84241,96132,106917,116787,130949,145137,159104,176926,194276,217028,226058,238888,265191,270089,279955,295970,316888,339658,360340,373444,402408,435288,460040,480472,505477,545500,583873,601981,631655,648666,670158,684712,695417,714932,768361,793413,818641,789157,831076,857828,904926,914390,960209,998416,1031666,1061071,1105395,1171210,1224923,1316322,1337237
 "18031","Decatur, IN",3,CAINC4,12,"..."," Farm income 2/","Thousands of dollars",8396,6650,8384,9161,20009,15127,14139,16614,8802,9695,7055,4906,3314,2710,-2895,15936,14702,13859,18432,8843,12695,8204,3746,11743,11527,10183,4382,13324,16104,10051,11507,17560,23444,12742,24191,36844,31753,23411,22331,42612,32606,31068,36923,35465,62738,36949,-73,5079,17276,16425,14884,32054,56939,39064
 "18031","Decatur, IN",3,CAINC4,20,"...","Population (persons) 3/","Number of persons",22500,22824,23176,23582,23440,23483,23738,23995,24045,24021,24039,23842,23797,23632,23487,23448,23405,23392,23518,23615,23723,23635,23750,24021,24049,24166,24288,24312,24506,24578,24627,24572,24585,24793,24946,25208,25374,25469,25486,25600,25595,25792,25889,26022,26203,26374,26292,26514,26562,26611,26389,26465,26322,26416
 "18031","Decatur, IN",3,CAINC4,30,"...","Per capita personal income (dollars) 4/","Dollars",3303,3311,3667,3961,4955,5197,5515,6150,6402,7027,7653,8354,9259,9680,10048,11989,12168,12560,13369,13793,14853,15593,15882,17241,18579,19458,19963,21339,22917,24165,24911,26421,27338,27544,28418,29049,29427,31088,32008,33643,32106,33427,34561,36138,37291,37808,37971,39102,40597,42156,44947,47496,52172,52101
 "18031","Decatur, IN",3,CAINC4,35,"...","Earnings by place of work ","Thousands of dollars",48026,46478,53821,60155,78177,79194,83465,95277,95046,104353,111578,117281,127431,123271,129697,168144,172369,181864,205198,217438,237860,252317,262750,297921,333695,360998,366070,397926,437144,462688,498881,521985,514026,530679,550667,579252,593235,599116,613152,659609,606083,621234,646261,734713,793462,815837,799153,854014,905186,950981,968601,974484,1029937,1040335
 "18031","Decatur, IN",3,CAINC4,36,"...","Less: Contributions for government social insurance 5/","Thousands of dollars",2719,2732,3206,3789,4948,5770,6081,6970,7595,8546,9806,10555,12594,12461,13687,16098,17107,18327,20014,23178,25090,27884,29991,32834,38071,41036,42389,44326,48109,50462,53707,54494,54966,58309,59704,62302,64948,66909,69183,72700,68537,69812,64394,73191,87092,91900,94501,99262,103401,108364,113661,118856,123924,122809
 "18031","Decatur, IN",3,CAINC4,37,"..."," Employee and self-employed contributions for government social insurance ","Thousands of dollars",1495,1499,1745,2026,2588,3034,3251,3594,3876,4342,5002,5467,6539,6541,7067,8141,8902,9584,10553,12198,13395,14718,15926,17366,20390,21504,22535,23673,25858,27019,28820,29243,28686,30501,31073,32360,33834,35229,36563,38351,36311,37041,29867,33567,45187,47856,49330,52292,55218,58652,60743,62042,63978,67026
 "18031","Decatur, IN",3,CAINC4,38,"..."," Employer contributions for government social insurance ","Thousands of dollars",1224,1233,1461,1763,2360,2736,2830,3376,3719,4204,4804,5088,6055,5920,6620,7957,8205,8743,9461,10980,11695,13166,14065,15468,17681,19532,19854,20653,22251,23443,24887,25251,26280,27808,28631,29942,31114,31680,32620,34349,32226,32771,34527,39624,41905,44044,45171,46970,48183,49712,52918,56814,59946,55783
 "18031","Decatur, IN",3,CAINC4,42,"...","Plus: Adjustment for residence 6/","Thousands of dollars",12492,13056,13360,14031,15554,16662,15419,17777,19921,22631,25023,23510,24389,23706,23638,26833,25570,24072,24851,22469,19795,17363,14663,13173,9691,4153,1826,-4195,-10797,-14592,-22006,-26022,-8302,-2828,1025,-10276,-8865,171,-3235,-27514,-24093,-11694,-9762,-57125,-63278,-79003,-77949,-96389,-119100,-125986,-92550,-117736,-90222,-68899
 "18031","Decatur, IN",3,CAINC4,45,"...","Equals: Net earnings by place of residence ","Thousands of dollars",57799,56802,63975,70397,88783,90086,92803,106084,107372,118438,126795,130236,139226,134516,139648,178879,180832,187609,210035,216729,232565,241796,247422,278260,305315,324115,325507,349405,378238,397634,423168,441469,450758,469542,491988,506674,519422,532378,540734,559395,513453,539728,572105,604397,643092,644934,626703,658363,682685,716631,762390,737892,815791,848627
 "18031","Decatur, IN",3,CAINC4,46,"...","Plus: Dividends, interest, and rent 7/","Thousands of dollars",10644,11991,13301,14400,17350,20189,23365,25580,29473,31516,35881,42870,51522,60014,60346,64288,64808,65856,63776,67199,73795,76501,75976,74643,78003,81401,92697,99219,109819,117467,109735,121721,125062,109847,110637,110953,104816,123079,133450,137449,124685,128343,130798,135792,135252,139730,149335,152472,156551,159282,169811,176304,184107,197205
 "18031","Decatur, IN",3,CAINC4,47,"...","Plus: Personal current transfer receipts ","Thousands of dollars",5867,6778,7699,8605,10008,11769,14758,15899,17094,18845,21305,26076,29594,34238,35999,37960,39151,40349,40591,41803,45993,50247,53792,61248,63497,64707,66650,70177,73547,78823,80585,86025,96290,103511,106278,114634,122447,136315,141560,164409,183625,194073,191848,200202,198784,212494,222305,225910,239111,245907,253893,342781,373363,330469
 "18031","Decatur, IN",3,CAINC4,50,"...","Wages and salaries ","Thousands of dollars",29692,30358,34620,38601,44499,49758,53610,60299,66124,71735,80065,86297,96644,93052,100240,114137,119069,126408,139135,156597,167088,182137,191611,210078,236548,262488,274060,292503,322410,343990,370705,379498,363080,380453,383333,398291,410901,418151,432499,454978,423809,435033,448246,519890,546496,579885,598057,641493,677217,712688,727266,715473,738938,773828
 "18031","Decatur, IN",3,CAINC4,60,"...","Supplements to wages and salaries ","Thousands of dollars",3229,3423,4073,4889,5797,6591,7532,8642,9896,11023,12597,13963,16017,16525,18691,21354,22755,24851,28392,32365,37381,42084,46348,53709,61658,67604,64774,66321,69239,74168,81585,91111,88482,95729,100528,101835,108353,110838,115572,124044,109681,110344,112538,130521,133768,147570,146914,155112,161998,170715,171034,170601,175117,170267
 "18031","Decatur, IN",3,CAINC4,61,"..."," Employer contributions for employee pension and insurance funds 8/","Thousands of dollars",2005,2190,2612,3126,3437,3855,4702,5266,6177,6819,7793,8875,9962,10605,12071,13397,14550,16108,18931,21385,25686,28918,32283,38241,43977,48072,44920,45668,46988,50725,56698,65860,62202,67921,71897,71893,77239,79158,82952,89695,77455,77573,78011,90897,91863,103526,101743,108142,113815,121003,118116,113787,115171,114484
 "18031","Decatur, IN",3,CAINC4,62,"..."," Employer contributions for government social insurance ","Thousands of dollars",1224,1233,1461,1763,2360,2736,2830,3376,3719,4204,4804,5088,6055,5920,6620,7957,8205,8743,9461,10980,11695,13166,14065,15468,17681,19532,19854,20653,22251,23443,24887,25251,26280,27808,28631,29942,31114,31680,32620,34349,32226,32771,34527,39624,41905,44044,45171,46970,48183,49712,52918,56814,59946,55783
 "18031","Decatur, IN",3,CAINC4,70,"...","Proprietors' income 9/","Thousands of dollars",15105,12697,15128,16665,27881,22845,22323,26336,19026,21595,18916,17021,14770,13694,10766,32653,30545,30605,37671,28476,33391,28096,24791,34134,35489,30906,27236,39102,45495,44530,46591,51376,62464,54497,66806,79126,73981,70127,65081,80587,72593,75857,85477,84302,113198,88382,54182,57409,65971,67578,70301,88410,115882,96240
 "18031","Decatur, IN",3,CAINC4,71,"..."," Farm proprietors' income ","Thousands of dollars",7747,5929,7615,8320,18902,13723,12578,14793,6722,7922,5021,2685,1011,21,-5550,13246,11939,11233,15788,6124,9992,5271,1084,9076,8315,6831,888,9783,11927,4920,6438,12325,17466,6993,18451,31306,27225,19842,18945,39119,28342,26238,32072,29281,56326,30222,-5587,-573,10431,8895,8997,25780,51375,32770
 "18031","Decatur, IN",3,CAINC4,72,"..."," Nonfarm proprietors' income ","Thousands of dollars",7358,6768,7513,8345,8979,9122,9745,11543,12304,13673,13895,14336,13759,13673,16316,19407,18606,19372,21883,22352,23399,22825,23707,25058,27174,24075,26348,29319,33568,39610,40153,39051,44998,47504,48355,47820,46756,50285,46136,41468,44251,49619,53405,55021,56872,58160,59769,57982,55540,58683,61304,62630,64507,63470
 "18031","Decatur, IN",3,CAINC4,7010,"...","Total employment ","Number of jobs",8507,8403,8642,9049,9485,9615,9451,9599,9689,9770,9970,9953,9922,9536,9628,10064,10184,10391,10638,11244,11782,12358,12546,13161,14144,14972,15240,15625,16710,16908,18114,18271,16223,16249,16055,16087,16134,16067,15929,15941,14743,14556,15096,16434,16961,17230,17184,17347,17567,17869,18446,17329,17903,18019
 "18031","Decatur, IN",3,CAINC4,7020,"..."," Wage and salary employment ","Number of jobs",5787,5615,5866,6174,6598,6845,6856,6978,7066,7142,7359,7338,7329,6958,7015,7463,7574,7820,8093,8722,9296,9769,9981,10593,11460,12274,12431,12767,13801,13916,15149,15224,13279,13351,13288,13291,13322,13178,12971,12928,11802,11666,12110,13411,13935,14277,14271,14469,14751,14991,15697,14380,14812,14746
 "18031","Decatur, IN",3,CAINC4,7040,"..."," Proprietors employment ","Number of jobs",2720,2788,2776,2875,2887,2770,2595,2621,2623,2628,2611,2615,2593,2578,2613,2601,2610,2571,2545,2522,2486,2589,2565,2568,2684,2698,2809,2858,2909,2992,2965,3047,2944,2898,2767,2796,2812,2889,2958,3013,2941,2890,2986,3023,3026,2953,2913,2878,2816,2878,2749,2949,3091,3273
 "18033","DeKalb, IN",3,CAINC4,10,"...","Personal income (thousands of dollars) ","Thousands of dollars",108160,112524,121732,136806,163598,172912,183370,207594,229470,252626,277892,288486,310620,319390,336657,390702,419997,468894,496523,533246,572148,588609,611956,667729,714475,766851,801210,850034,913852,984860,1010736,1052253,1058553,1082978,1106936,1172821,1213127,1256631,1319221,1373238,1293963,1342546,1481754,1525155,1542974,1594369,1659140,1723472,1802407,1900091,1948710,2094328,2342476,2403325
 "18033","DeKalb, IN",3,CAINC4,11,"..."," Nonfarm personal income 1/","Thousands of dollars",103603,108344,116931,131477,151299,167289,173892,197232,221198,245479,272631,282321,310765,319045,339513,383838,417730,465004,492044,530097,562468,577745,606181,660720,705836,760682,796451,843727,902192,976385,1006103,1048979,1053230,1082612,1100105,1162424,1206812,1251870,1308001,1365268,1283633,1341122,1467435,1505866,1501911,1571816,1652302,1711418,1789813,1888735,1936178,2074740,2312236,2377117
 "18033","DeKalb, IN",3,CAINC4,12,"..."," Farm income 2/","Thousands of dollars",4557,4180,4801,5329,12299,5623,9478,10362,8272,7147,5261,6165,-145,345,-2856,6864,2267,3890,4479,3149,9680,10864,5775,7009,8639,6169,4759,6307,11660,8475,4633,3274,5323,366,6831,10397,6315,4761,11220,7970,10330,1424,14319,19289,41063,22553,6838,12054,12594,11356,12532,19588,30240,26208
 "18033","DeKalb, IN",3,CAINC4,20,"...","Population (persons) 3/","Number of persons",30624,30920,31462,31816,31902,32341,32677,32854,32919,33140,33110,33514,33069,33000,32856,33385,33720,33968,34480,34911,35070,35463,35976,36692,37073,37628,37996,38408,39133,39531,39915,40537,40576,40732,41047,41283,41494,41594,41876,42033,42053,42327,42456,42258,42264,42293,42327,42451,42573,42935,43225,43297,43369,43731
 "18033","DeKalb, IN",3,CAINC4,30,"...","Per capita personal income (dollars) 4/","Dollars",3532,3639,3869,4300,5128,5347,5612,6319,6971,7623,8393,8608,9393,9678,10246,11703,12455,13804,14400,15274,16314,16598,17010,18198,19272,20380,21087,22132,23352,24914,25322,25958,26088,26588,26968,28409,29236,30212,31503,32670,30770,31718,34901,36092,36508,37698,39198,40599,42337,44255,45083,48371,54013,54957
 "18033","DeKalb, IN",3,CAINC4,35,"...","Earnings by place of work ","Thousands of dollars",79002,78516,83612,95533,117981,120966,120764,145792,161660,178376,196763,189099,197631,198405,213158,269749,299075,349598,380561,414563,444894,457916,473453,528462,564179,601108,657286,695002,787157,882606,948028,962894,953270,1005371,1056132,1099380,1099629,1113130,1109733,1080274,991166,1011717,1130055,1199266,1257678,1310740,1356631,1382192,1470639,1572534,1600265,1590078,1758376,1914450
 "18033","DeKalb, IN",3,CAINC4,36,"...","Less: Contributions for government social insurance 5/","Thousands of dollars",5190,5157,5673,6886,9222,10611,10074,12287,13848,15992,18490,17535,20488,21042,23067,28954,33399,38814,41286,46316,49379,52488,55717,61072,65125,70401,77037,80672,90050,99937,106950,107886,111109,117205,123223,128604,129892,131313,131327,128922,120398,122170,117871,124305,147210,155203,162862,163366,172499,183209,187533,189944,208024,225783
 "18033","DeKalb, IN",3,CAINC4,37,"..."," Employee and self-employed contributions for government social insurance ","Thousands of dollars",2713,2710,2975,3516,4637,5260,5046,6001,6675,7601,8874,8602,10140,10459,11273,13791,16279,18970,20461,23011,24847,26377,28102,30767,32492,35933,39871,41837,46795,51701,55144,55486,55502,59254,61926,64540,65288,67092,67343,66712,62351,63624,53958,56458,75558,79796,83731,84695,90438,97465,100485,101969,112148,123082
 "18033","DeKalb, IN",3,CAINC4,38,"..."," Employer contributions for government social insurance ","Thousands of dollars",2477,2447,2698,3370,4585,5351,5028,6286,7173,8391,9616,8933,10348,10583,11794,15163,17120,19844,20825,23305,24532,26111,27615,30305,32633,34468,37166,38835,43255,48236,51806,52400,55607,57951,61297,64064,64604,64221,63984,62210,58047,58546,63913,67847,71652,75407,79131,78671,82061,85744,87048,87975,95876,102701
 "18033","DeKalb, IN",3,CAINC4,42,"...","Plus: Adjustment for residence 6/","Thousands of dollars",12103,13742,15120,17189,18696,20301,20140,21611,24400,27114,28698,30600,31718,27823,25984,22521,18999,13162,12863,13026,11878,11457,12865,7320,14200,12662,-4749,-5546,-38604,-67938,-101954,-96052,-94302,-112111,-131230,-134745,-122883,-110338,-86230,-73034,-71729,-57309,-70383,-90790,-116375,-141409,-146835,-131676,-154596,-178116,-183320,-160316,-189820,-220963
 "18033","DeKalb, IN",3,CAINC4,45,"...","Equals: Net earnings by place of residence ","Thousands of dollars",85915,87101,93059,105836,127455,130656,130830,155116,172212,189498,206971,202164,208861,205186,216075,263316,284675,323946,352138,381273,407393,416885,430601,474710,513254,543369,575500,608784,658503,714731,739124,758956,747859,776055,801679,836031,846854,871479,892176,878318,799039,832238,941801,984171,994093,1014128,1046934,1087150,1143544,1211209,1229412,1239818,1360532,1467704
 "18033","DeKalb, IN",3,CAINC4,46,"...","Plus: Dividends, interest, and rent 7/","Thousands of dollars",14343,16193,17900,19469,22671,26289,28435,30944,35224,38949,43697,51681,62136,69104,73755,80758,87086,91991,92497,97744,106246,107277,109811,111622,114668,130809,130488,140705,151988,160856,157765,171171,171128,156503,149708,170697,182445,183409,209216,244779,206456,206097,238600,232490,234260,244213,261387,278139,289118,303857,308904,322637,375808,400824
 "18033","DeKalb, IN",3,CAINC4,47,"...","Plus: Personal current transfer receipts ","Thousands of dollars",7902,9230,10773,11501,13472,15967,24105,21534,22034,24179,27224,34641,39623,45100,46827,46628,48236,52957,51888,54229,58509,64447,71544,81397,86553,92673,95222,100545,103361,109273,113847,122126,139566,150420,155549,166093,183828,201743,217829,250141,288468,304211,301353,308494,314621,336028,350819,358183,369745,385025,410394,531873,606136,534797
 "18033","DeKalb, IN",3,CAINC4,50,"...","Wages and salaries ","Thousands of dollars",58981,58299,61756,70804,82868,91068,86607,105119,118261,132897,149013,140910,153776,153586,165345,201682,228648,266997,290101,313920,331241,340612,352554,389287,413979,449442,498906,532466,602098,671510,725911,738385,728171,766306,803235,841963,841802,844767,839029,813737,746277,761562,816542,864803,905922,963292,1017944,1026370,1093930,1162140,1174282,1157089,1300432,1439713
 "18033","DeKalb, IN",3,CAINC4,60,"...","Supplements to wages and salaries ","Thousands of dollars",7864,7865,8608,10512,12379,13927,14084,17357,20702,23267,26938,26795,29112,30846,34723,42102,48924,58910,63667,72608,77480,80972,87342,103061,110077,115709,117819,118743,130616,140991,158164,168129,170344,183450,195489,199045,205554,206629,206073,203468,179795,183053,193003,209684,213996,234537,238800,243647,257004,274225,269270,261406,277704,288145
 "18033","DeKalb, IN",3,CAINC4,61,"..."," Employer contributions for employee pension and insurance funds 8/","Thousands of dollars",5387,5418,5910,7142,7794,8576,9056,11071,13529,14876,17322,17862,18764,20263,22929,26939,31804,39066,42842,49303,52948,54861,59727,72756,77444,81241,80653,79908,87361,92755,106358,115729,114737,125499,134192,134981,140950,142408,142089,141258,121748,124507,129090,141837,142344,159130,159669,164976,174943,188481,182222,173431,181828,185444
 "18033","DeKalb, IN",3,CAINC4,62,"..."," Employer contributions for government social insurance ","Thousands of dollars",2477,2447,2698,3370,4585,5351,5028,6286,7173,8391,9616,8933,10348,10583,11794,15163,17120,19844,20825,23305,24532,26111,27615,30305,32633,34468,37166,38835,43255,48236,51806,52400,55607,57951,61297,64064,64604,64221,63984,62210,58047,58546,63913,67847,71652,75407,79131,78671,82061,85744,87048,87975,95876,102701
 "18033","DeKalb, IN",3,CAINC4,70,"...","Proprietors' income 9/","Thousands of dollars",12157,12352,13248,14217,22734,15971,20073,23316,22697,22212,20812,21394,14743,13973,13090,25965,21503,23691,26793,28035,36173,36332,33557,36114,40123,35957,40561,43793,54443,70105,63953,56380,54755,55615,57408,58372,52273,61734,64631,63069,65094,67102,120510,124779,137760,112911,99887,112175,119705,136169,156713,171583,180240,186592
 "18033","DeKalb, IN",3,CAINC4,71,"..."," Farm proprietors' income ","Thousands of dollars",4202,3794,4395,4890,11746,4921,8610,9263,6936,5964,3852,4584,-1815,-1655,-4768,4991,406,2179,2811,1419,7944,8969,4046,5275,6849,4542,3240,4902,10182,6840,3150,1856,3840,-949,5215,8475,4355,2802,8761,5700,7787,-1261,11796,16237,37902,19233,4126,9280,9210,7649,9655,16514,27509,23094
 "18033","DeKalb, IN",3,CAINC4,72,"..."," Nonfarm proprietors' income ","Thousands of dollars",7955,8558,8853,9327,10988,11050,11463,14053,15761,16248,16960,16810,16558,15628,17858,20974,21097,21512,23982,26616,28229,27363,29511,30839,33274,31415,37321,38891,44261,63265,60803,54524,50915,56564,52193,49897,47918,58932,55870,57369,57307,68363,108714,108542,99858,93678,95761,102895,110495,128520,147058,155069,152731,163498
 "18033","DeKalb, IN",3,CAINC4,7010,"...","Total employment ","Number of jobs",12587,12539,12606,13297,14413,14455,13322,14359,14882,15199,15319,14234,14276,14099,14519,16200,17555,18775,19233,19505,19900,20284,20391,20811,21417,22045,23824,24398,25627,27268,28280,28298,27028,27186,27557,27789,27481,26925,26490,25666,23982,24008,24359,25093,26045,26595,27173,27647,27948,28104,28119,26798,27759,28489
 "18033","DeKalb, IN",3,CAINC4,7020,"..."," Wage and salary employment ","Number of jobs",10033,9862,9867,10419,11317,11309,10262,11251,11755,12057,12191,11091,11168,10890,11235,12905,14212,15438,15857,16247,16562,16759,16734,17186,17617,18341,19843,20260,21413,22330,23308,23131,22436,22742,22993,23243,22833,22172,21607,20887,19283,19284,19585,20484,21327,21780,22449,22661,22932,23077,23368,21858,22558,22986
 "18033","DeKalb, IN",3,CAINC4,7040,"..."," Proprietors employment ","Number of jobs",2554,2677,2739,2878,3096,3146,3060,3108,3127,3142,3128,3143,3108,3209,3284,3295,3343,3337,3376,3258,3338,3525,3657,3625,3800,3704,3981,4138,4214,4938,4972,5167,4592,4444,4564,4546,4648,4753,4883,4779,4699,4724,4774,4609,4718,4815,4724,4986,5016,5027,4751,4940,5201,5503
 "18035","Delaware, IN",3,CAINC4,10,"...","Personal income (thousands of dollars) ","Thousands of dollars",436643,453679,495858,525032,596151,647781,686269,752516,841773,930089,1026330,1125537,1217873,1233095,1310328,1428704,1492402,1571252,1630992,1748091,1882518,2002936,2076296,2167845,2239115,2363044,2458734,2531237,2613133,2756342,2828203,2991026,3053709,3050121,3116173,3141455,3172857,3181041,3209792,3324113,3259142,3311711,3469715,3602710,3651098,3771431,3872188,3936721,4061398,4153955,4328406,4658228,5048854,5093482
 "18035","Delaware, IN",3,CAINC4,11,"..."," Nonfarm personal income 1/","Thousands of dollars",430029,449069,487587,519502,581392,640553,673512,742842,835117,922133,1019548,1123052,1216392,1229125,1314473,1420454,1486701,1565674,1621154,1743739,1873082,1993783,2071432,2159108,2227503,2347444,2450715,2520134,2596675,2743061,2817990,2978251,3039157,3045662,3103591,3118729,3158460,3170704,3200863,3306247,3247129,3301721,3445495,3582297,3593873,3745319,3868412,3921959,4053308,4144776,4320193,4641252,5018095,5069660
 "18035","Delaware, IN",3,CAINC4,12,"..."," Farm income 2/","Thousands of dollars",6614,4610,8271,5530,14759,7228,12757,9674,6656,7956,6782,2485,1481,3970,-4145,8250,5701,5578,9838,4352,9436,9153,4864,8737,11612,15600,8019,11103,16458,13281,10213,12775,14552,4459,12582,22726,14397,10337,8929,17866,12013,9990,24220,20413,57225,26112,3776,14762,8090,9179,8213,16976,30759,23822
 "18035","Delaware, IN",3,CAINC4,20,"...","Population (persons) 3/","Number of persons",127518,129415,130524,133342,133005,131273,130324,130508,130160,129712,128611,128394,127338,125887,124068,123569,122044,120770,121082,120662,119962,119774,119973,120352,120935,120514,120707,120582,120539,119495,118772,118776,120281,119949,119935,118938,118170,117326,117229,117007,117490,117628,117695,116663,116304,115794,114914,114627,114031,112723,112208,111763,111981,112031
 "18035","Delaware, IN",3,CAINC4,30,"...","Per capita personal income (dollars) 4/","Dollars",3424,3506,3799,3937,4482,4935,5266,5766,6467,7170,7980,8766,9564,9795,10561,11562,12228,13010,13470,14488,15693,16723,17306,18013,18515,19608,20369,20992,21679,23067,23812,25182,25388,25428,25982,26413,26850,27113,27381,28410,27740,28154,29481,30881,31393,32570,33696,34344,35617,36851,38575,41680,45087,45465
 "18035","Delaware, IN",3,CAINC4,35,"...","Earnings by place of work ","Thousands of dollars",396174,402774,430328,450094,511760,548800,551573,608038,684976,753170,829113,860767,902334,878343,934869,1034287,1078168,1151038,1218170,1310853,1382985,1470733,1542646,1673142,1733330,1853291,1923154,1929725,2024919,2064565,2108228,2214368,2222740,2214441,2262427,2305313,2299568,2305329,2319348,2325562,2212848,2199057,2298551,2412621,2488470,2530502,2607632,2639786,2709209,2757524,2871037,2960361,3111295,3302914
 "18035","Delaware, IN",3,CAINC4,36,"...","Less: Contributions for government social insurance 5/","Thousands of dollars",26667,26965,29576,33280,42844,48890,48237,53908,60869,68838,78526,81171,92243,91568,98405,109770,116765,125155,130697,145694,154616,168665,179242,191084,199661,215603,224657,222557,232241,232569,236184,245065,250885,251698,257695,261122,267469,271224,275618,278172,270206,265150,243704,254686,294678,302584,314887,314379,324995,332945,350695,366483,380420,405585
 "18035","Delaware, IN",3,CAINC4,37,"..."," Employee and self-employed contributions for government social insurance ","Thousands of dollars",13661,13870,15216,16728,21462,24633,24346,26677,29791,33409,38418,40414,46252,46205,48959,53634,58586,62881,66363,74432,80079,86968,93115,99464,103947,112782,118779,118141,123648,122855,124956,129407,130677,131872,134766,137711,140336,142982,146015,147704,143602,141809,115837,120604,157150,161361,168113,170166,177056,183194,192723,202411,212055,228473
 "18035","Delaware, IN",3,CAINC4,38,"..."," Employer contributions for government social insurance ","Thousands of dollars",13006,13095,14360,16552,21382,24257,23891,27231,31078,35429,40108,40757,45991,45363,49446,56136,58179,62274,64334,71262,74537,81697,86127,91620,95714,102821,105878,104416,108593,109714,111228,115658,120208,119826,122929,123411,127133,128242,129603,130468,126604,123341,127867,134082,137528,141223,146774,144213,147939,149751,157972,164072,168365,177112
 "18035","Delaware, IN",3,CAINC4,42,"...","Plus: Adjustment for residence 6/","Thousands of dollars",-18880,-19063,-15021,-11531,-8954,-9909,-6185,-1661,-1438,2496,-370,-3111,540,5878,9087,15135,18346,13460,11162,16740,23517,21441,10114,-47599,-52524,-72259,-83797,-58073,-71144,-31882,-9952,-5754,-14889,-6100,-17203,6625,22322,-27930,-68797,-111696,-121082,-107751,-118973,-143503,-154336,-148044,-171972,-154595,-175545,-169604,-166669,-232611,-188727,-186826
 "18035","Delaware, IN",3,CAINC4,45,"...","Equals: Net earnings by place of residence ","Thousands of dollars",350627,356746,385731,405283,459962,490001,497151,552469,622669,686828,750217,776485,810631,792653,845551,939652,979749,1039343,1098635,1181899,1251886,1323509,1373518,1434459,1481145,1565429,1614700,1649095,1721534,1800114,1862092,1963549,1956966,1956643,1987529,2050816,2054421,2006175,1974933,1935694,1821560,1826156,1935874,2014432,2039456,2079874,2120773,2170812,2208669,2254975,2353673,2361267,2542148,2710503
 "18035","Delaware, IN",3,CAINC4,46,"...","Plus: Dividends, interest, and rent 7/","Thousands of dollars",57725,64129,70305,75122,83914,95856,106361,115032,128705,143156,161463,198232,243909,259792,271972,288505,304946,314736,310475,332521,375477,397072,396653,391018,395678,419736,464105,481436,483900,530613,512569,544096,559020,533592,551801,485225,459801,468012,507009,558304,518512,501433,554136,569556,585659,594036,610832,596680,640823,650443,658701,682919,698500,740255
 "18035","Delaware, IN",3,CAINC4,47,"...","Plus: Personal current transfer receipts ","Thousands of dollars",28291,32804,39822,44627,52275,61924,82757,85015,90399,100105,114650,150820,163333,180650,192805,200547,207707,217173,221882,233671,255155,282355,306125,342368,362292,377879,379929,400706,407699,425615,453542,483381,537723,559886,576843,605414,658635,706854,727850,830115,919070,984122,979705,1018722,1025983,1097521,1140583,1169229,1211906,1248537,1316032,1614042,1808206,1642724
 "18035","Delaware, IN",3,CAINC4,50,"...","Wages and salaries ","Thousands of dollars",321397,329019,345776,362219,403136,440331,432250,477171,538471,590355,652477,676178,714386,689520,732724,795907,829239,881075,932662,997309,1043424,1113948,1163028,1234884,1287686,1390666,1460267,1471307,1540680,1543736,1570565,1648115,1660208,1641991,1661777,1663987,1670658,1672994,1705113,1717896,1652842,1619286,1661383,1738798,1784172,1830553,1919386,1926741,1995163,2032057,2133798,2180966,2288144,2478298
 "18035","Delaware, IN",3,CAINC4,60,"...","Supplements to wages and salaries ","Thousands of dollars",38402,39970,44401,48077,54618,61125,64169,71065,83897,93543,108391,118143,125936,125773,141367,155498,167679,187105,189999,214240,227223,248972,269024,309403,320752,336978,335093,323624,327889,339327,354708,385961,400334,407372,424727,426918,438511,447947,457686,463941,427181,429630,440513,460160,460269,496633,495032,504558,519120,546855,552295,560338,553853,567858
 "18035","Delaware, IN",3,CAINC4,61,"..."," Employer contributions for employee pension and insurance funds 8/","Thousands of dollars",25396,26875,30041,31525,33236,36868,40278,43834,52819,58114,68283,77386,79945,80410,91921,99362,109500,124831,125665,142978,152686,167275,182897,217783,225038,234157,229215,219208,219296,229613,243480,270303,280126,287546,301798,303507,311378,319705,328083,333473,300577,306289,312646,326078,322741,355410,348258,360345,371181,397104,394323,396266,385488,390746
 "18035","Delaware, IN",3,CAINC4,62,"..."," Employer contributions for government social insurance ","Thousands of dollars",13006,13095,14360,16552,21382,24257,23891,27231,31078,35429,40108,40757,45991,45363,49446,56136,58179,62274,64334,71262,74537,81697,86127,91620,95714,102821,105878,104416,108593,109714,111228,115658,120208,119826,122929,123411,127133,128242,129603,130468,126604,123341,127867,134082,137528,141223,146774,144213,147939,149751,157972,164072,168365,177112
 "18035","Delaware, IN",3,CAINC4,70,"...","Proprietors' income 9/","Thousands of dollars",36375,33785,40151,39798,54006,47344,55154,59802,62608,69272,68245,66446,62012,63050,60778,82882,81250,82858,95509,99304,112338,107813,110594,128855,124892,125647,127794,134794,156350,181502,182955,180292,162198,165078,175923,214408,190399,184388,156549,143725,132825,150141,196655,213663,244029,203316,193214,208487,194926,178612,184944,219057,269298,256758
 "18035","Delaware, IN",3,CAINC4,71,"..."," Farm proprietors' income ","Thousands of dollars",5702,3635,7269,4470,13498,5627,11023,7697,4474,6232,4988,693,-230,2110,-5882,6573,4065,4080,8377,2701,7656,7072,2855,6585,9314,13453,5963,9142,14342,10714,7665,10121,11565,1580,9673,19858,11959,8316,6876,15805,9549,7242,21514,17013,53699,22409,751,11668,4323,5046,4999,13546,27713,20355
 "18035","Delaware, IN",3,CAINC4,72,"..."," Nonfarm proprietors' income ","Thousands of dollars",30673,30150,32882,35328,40508,41717,44131,52105,58134,63040,63257,65753,62242,60940,66660,76309,77185,78778,87132,96603,104682,100741,107739,122270,115578,112194,121831,125652,142008,170788,175290,170171,150633,163498,166250,194550,178440,176072,149673,127920,123276,142899,175141,196650,190330,180907,192463,196819,190603,173566,179945,205511,241585,236403
 "18035","Delaware, IN",3,CAINC4,7010,"...","Total employment ","Number of jobs",54778,54161,53900,54086,55918,56276,53413,54644,57114,57799,59035,57729,56902,54123,54000,55565,56476,57543,58948,60820,61574,62976,62840,65363,65781,67867,69973,68253,68126,68306,68754,69098,68548,65879,64628,63454,62538,63300,63377,62096,59145,57769,58554,58937,58990,58580,59590,60289,60392,60241,60061,57878,58143,59783
 "18035","Delaware, IN",3,CAINC4,7020,"..."," Wage and salary employment ","Number of jobs",48935,48213,48037,47747,49443,49682,46778,47973,50283,50898,51995,50458,49691,46744,46520,47995,48760,49805,51075,52806,53871,54893,54528,57283,57636,59561,61428,59477,59504,59351,59693,59696,59338,56957,55733,54486,53534,54175,54049,53071,50158,48992,49574,50106,50252,50079,50986,51586,51529,51330,51164,48687,48662,49668
 "18035","Delaware, IN",3,CAINC4,7040,"..."," Proprietors employment ","Number of jobs",5843,5948,5863,6339,6475,6594,6635,6671,6831,6901,7040,7271,7211,7379,7480,7570,7716,7738,7873,8014,7703,8083,8312,8080,8145,8306,8545,8776,8622,8955,9061,9402,9210,8922,8895,8968,9004,9125,9328,9025,8987,8777,8980,8831,8738,8501,8604,8703,8863,8911,8897,9191,9481,10115
 "18037","Dubois, IN",3,CAINC4,10,"...","Personal income (thousands of dollars) ","Thousands of dollars",107823,108429,119890,135638,157850,164850,181007,206191,230745,262568,288071,314939,358504,379449,411014,479217,501266,545477,569977,591269,660830,693319,708376,761235,803613,846674,894927,972104,1026117,1146285,1166734,1245867,1283445,1301138,1348026,1448166,1480149,1568326,1621822,1727635,1579712,1688342,1869851,1930826,1949998,2116960,2173688,2149958,2264165,2322932,2358863,2529164,2743333,2867550
 "18037","Dubois, IN",3,CAINC4,11,"..."," Nonfarm personal income 1/","Thousands of dollars",101201,104098,115068,128801,144883,158608,171393,196942,223767,255482,283885,312952,351439,372480,409999,455264,479986,518393,549010,584883,632286,668893,690409,742743,788159,836481,888305,943895,1004355,1119214,1145139,1212959,1250003,1279641,1308396,1399807,1442370,1534452,1577913,1678551,1568802,1663195,1827137,1897286,1886030,2054173,2096673,2126241,2226695,2287070,2344933,2484903,2675443,2753487
 "18037","Dubois, IN",3,CAINC4,12,"..."," Farm income 2/","Thousands of dollars",6622,4331,4822,6837,12967,6242,9614,9249,6978,7086,4186,1987,7065,6969,1015,23953,21280,27084,20967,6386,28544,24426,17967,18492,15454,10193,6622,28209,21762,27071,21595,32908,33442,21497,39630,48359,37779,33874,43909,49084,10910,25147,42714,33540,63968,62787,77015,23717,37470,35862,13930,44261,67890,114063
 "18037","Dubois, IN",3,CAINC4,20,"...","Population (persons) 3/","Number of persons",30635,31018,31473,31672,31883,32105,32408,32774,32998,33339,33765,34305,34498,34496,34941,35335,35363,35775,36217,36645,36604,36662,37211,37370,37698,37959,38493,38625,38704,39262,39592,39892,40142,40244,40547,40950,41265,41589,41728,41955,41897,41931,42289,42318,42621,42752,42881,43123,43286,43441,43558,43643,43625,43632
 "18037","Dubois, IN",3,CAINC4,30,"...","Per capita personal income (dollars) 4/","Dollars",3520,3496,3809,4283,4951,5135,5585,6291,6993,7876,8532,9181,10392,11000,11763,13562,14175,15247,15738,16135,18053,18911,19037,20370,21317,22305,23249,25168,26512,29196,29469,31231,31973,32331,33246,35364,35869,37710,38867,41178,37705,40265,44216,45627,45752,49517,50691,49856,52307,53473,54155,57951,62884,65721
 "18037","Dubois, IN",3,CAINC4,35,"...","Earnings by place of work ","Thousands of dollars",98977,96287,106586,122305,142191,145711,154931,180130,202571,235229,254479,266239,297151,297459,329127,396372,419521,465932,499189,516408,578662,605927,619874,682590,735428,777753,819476,881160,933187,1036407,1087726,1154541,1167757,1187842,1237680,1308758,1333938,1370781,1423598,1441715,1309787,1374650,1486105,1507616,1572172,1658680,1719890,1708451,1779156,1833489,1858075,1893102,1970997,2125595
 "18037","Dubois, IN",3,CAINC4,36,"...","Less: Contributions for government social insurance 5/","Thousands of dollars",6424,6341,7305,8786,11154,12692,13151,15852,18118,21790,24750,25893,30598,30946,35068,40933,44410,49186,52841,57934,62330,68145,71276,77808,84653,91536,97572,101708,108311,117790,123321,127865,128760,132561,137879,145180,151478,155830,161160,163394,155483,157069,147405,149868,176274,186600,191485,193844,200044,206913,214854,222304,227426,242020
 "18037","Dubois, IN",3,CAINC4,37,"..."," Employee and self-employed contributions for government social insurance ","Thousands of dollars",3352,3319,3790,4463,5677,6463,6676,7681,8639,10252,11792,12609,15047,15510,17237,19623,21960,24331,26389,28970,31646,34461,36339,39667,43205,46748,49641,51461,54937,59345,62135,64589,65425,67926,69896,73825,76630,79740,83126,85005,80260,81459,66634,67660,90832,96401,99014,101176,105452,109557,114168,117647,121478,129764
 "18037","Dubois, IN",3,CAINC4,38,"..."," Employer contributions for government social insurance ","Thousands of dollars",3072,3022,3515,4323,5477,6229,6475,8171,9479,11538,12958,13284,15551,15436,17831,21310,22450,24855,26452,28964,30684,33684,34937,38141,41448,44788,47931,50247,53374,58445,61186,63276,63335,64635,67983,71355,74848,76090,78034,78389,75223,75610,80771,82208,85442,90199,92471,92668,94592,97356,100686,104657,105948,112256
 "18037","Dubois, IN",3,CAINC4,42,"...","Plus: Adjustment for residence 6/","Thousands of dollars",-6733,-6529,-7658,-8910,-9984,-11230,-10845,-13489,-15867,-19867,-21007,-22042,-25008,-24078,-31936,-38533,-44202,-52708,-59475,-65997,-73938,-81433,-87480,-102323,-117582,-130076,-143264,-154118,-167526,-187049,-202000,-217087,-214469,-211480,-208544,-225541,-232162,-230507,-238221,-226921,-193064,-180718,-178797,-174475,-170138,-175052,-194094,-208648,-208490,-226833,-228099,-211140,-230487,-241885
 "18037","Dubois, IN",3,CAINC4,45,"...","Equals: Net earnings by place of residence ","Thousands of dollars",85820,83417,91623,104609,121053,121789,130935,150789,168586,193572,208722,218304,241545,242435,262123,316906,330909,364038,386873,392477,442394,456349,461118,502459,533193,556141,578640,625334,657350,731568,762405,809589,824528,843801,891257,938037,950298,984444,1024217,1051400,961240,1036863,1159903,1183273,1225760,1297028,1334311,1305959,1370622,1399743,1415122,1459658,1513084,1641690
 "18037","Dubois, IN",3,CAINC4,46,"...","Plus: Dividends, interest, and rent 7/","Thousands of dollars",14765,16687,18532,20223,23562,27408,31600,34806,39977,44469,51297,63749,78922,94069,103268,113737,119742,128281,129314,143162,157854,169808,173882,174460,181030,196733,217689,242166,259305,301398,283242,307811,316388,305552,299967,343692,344660,383733,387420,434279,359199,371152,427523,461738,435822,509334,515604,509984,546271,559206,550490,566045,645498,705706
 "18037","Dubois, IN",3,CAINC4,47,"...","Plus: Personal current transfer receipts ","Thousands of dollars",7238,8325,9735,10806,13235,15653,18472,20596,22182,24527,28052,32886,38037,42945,45623,48574,50615,53158,53790,55630,60582,67162,73376,84316,89390,93800,98598,104604,109462,113319,121087,128467,142529,151785,156802,166437,185191,200149,210185,241956,259273,280327,282425,285815,288416,310598,323773,334015,347272,363983,393251,503461,584751,520154
 "18037","Dubois, IN",3,CAINC4,50,"...","Wages and salaries ","Thousands of dollars",73812,73682,81516,92364,103176,112025,116187,136330,155730,181432,200604,209211,231632,231831,257414,291490,310688,341359,371396,398632,425412,452680,463673,507389,548357,588437,630137,664745,710988,778314,818175,856404,854188,870502,896322,947882,974720,1006001,1047538,1035161,979842,987259,1029177,1058936,1101500,1173821,1231306,1264496,1314458,1345609,1384266,1368204,1409575,1514139
 "18037","Dubois, IN",3,CAINC4,60,"...","Supplements to wages and salaries ","Thousands of dollars",6990,7266,8423,10148,11577,13063,14480,17586,21549,26114,29411,32164,36168,37750,44520,51536,57663,66839,72072,78671,87473,95512,102489,116481,127329,134543,138271,142510,146689,160810,174447,188793,193580,201283,212437,219915,230708,239805,251193,253738,227325,231026,236798,249155,252337,276494,282096,289042,295965,314609,311735,313541,314259,319851
 "18037","Dubois, IN",3,CAINC4,61,"..."," Employer contributions for employee pension and insurance funds 8/","Thousands of dollars",3918,4244,4908,5825,6100,6834,8005,9415,12070,14576,16453,18880,20617,22314,26689,30226,35213,41984,45620,49707,56789,61828,67552,78340,85881,89755,90340,92263,93315,102365,113261,125517,130245,136648,144454,148560,155860,163715,173159,175349,152102,155416,156027,166947,166895,186295,189625,196374,201373,217253,211049,208884,208311,207595
 "18037","Dubois, IN",3,CAINC4,62,"..."," Employer contributions for government social insurance ","Thousands of dollars",3072,3022,3515,4323,5477,6229,6475,8171,9479,11538,12958,13284,15551,15436,17831,21310,22450,24855,26452,28964,30684,33684,34937,38141,41448,44788,47931,50247,53374,58445,61186,63276,63335,64635,67983,71355,74848,76090,78034,78389,75223,75610,80771,82208,85442,90199,92471,92668,94592,97356,100686,104657,105948,112256
 "18037","Dubois, IN",3,CAINC4,70,"...","Proprietors' income 9/","Thousands of dollars",18175,15339,16647,19793,27438,20623,24264,26214,25292,27683,24464,24864,29351,27878,27193,53346,51170,57734,55721,39105,65777,57735,53712,58720,59742,54773,51068,73905,75510,97283,95104,109344,119989,116057,128921,140961,128510,124975,124867,152816,102620,156365,220130,199525,218335,208365,206488,154913,168733,173271,162074,211357,247163,291605
 "18037","Dubois, IN",3,CAINC4,71,"..."," Farm proprietors' income ","Thousands of dollars",5731,3260,3605,5414,11007,3684,6776,5950,3216,3870,538,-1957,3012,2256,-3402,19652,17033,23160,17117,2045,23854,18956,12668,12841,9433,4573,1285,23222,16304,20946,16019,27571,27776,16406,33956,42173,31957,28463,37605,42914,3666,17193,34931,23820,53900,52224,68358,14848,26723,24041,4691,34406,59150,104169
 "18037","Dubois, IN",3,CAINC4,72,"..."," Nonfarm proprietors' income ","Thousands of dollars",12444,12079,13042,14379,16431,16939,17488,20264,22076,23813,23926,26821,26339,25622,30595,33694,34137,34574,38604,37060,41923,38779,41044,45879,50309,50200,49783,50683,59206,76337,79085,81773,92213,99651,94965,98788,96553,96512,87262,109902,98954,139172,185199,175705,164435,156141,138130,140065,142010,149230,157383,176951,188013,187436
 "18037","Dubois, IN",3,CAINC4,7010,"...","Total employment ","Number of jobs",15785,15659,16301,17100,17794,18369,18156,18947,19934,20944,21578,21519,21464,20982,21861,22945,23817,24882,25574,26343,26861,27643,27895,28622,29661,30477,31951,32545,33109,34066,34678,35403,34685,33963,33541,33944,34378,34490,34710,34326,32874,32599,33052,33267,33591,34161,34851,35694,35685,35854,35570,34583,34546,35063
 "18037","Dubois, IN",3,CAINC4,7020,"..."," Wage and salary employment ","Number of jobs",12935,12761,13432,14099,14760,15235,14908,15708,16612,17549,17966,17660,17580,16973,17728,18809,19651,20757,21455,22303,22891,23443,23735,24569,25366,26278,27580,28206,28757,29474,30175,30750,30223,29545,29097,29280,29622,29641,29780,29335,27686,27384,27750,27982,28238,28613,29261,30133,30184,30302,30181,28980,28677,28817
 "18037","Dubois, IN",3,CAINC4,7040,"..."," Proprietors employment ","Number of jobs",2850,2898,2869,3001,3034,3134,3248,3239,3322,3395,3612,3859,3884,4009,4133,4136,4166,4125,4119,4040,3970,4200,4160,4053,4295,4199,4371,4339,4352,4592,4503,4653,4462,4418,4444,4664,4756,4849,4930,4991,5188,5215,5302,5285,5353,5548,5590,5561,5501,5552,5389,5603,5869,6246
 "18039","Elkhart, IN",3,CAINC4,10,"...","Personal income (thousands of dollars) ","Thousands of dollars",528236,552330,601971,683157,759373,749526,785862,908745,1021030,1141941,1203213,1226626,1352901,1442204,1645910,1883457,1992955,2159186,2346869,2540723,2729616,2802938,2856749,3138262,3346637,3614824,3806201,3968421,4127808,4489040,4776251,5023469,4932185,5120918,5326199,5637967,5902837,6132063,6299068,6172690,5644125,6038797,6424889,6921230,7174727,7728708,8096897,8436448,9114688,9449457,9438978,10211653,11692033,12117622
 "18039","Elkhart, IN",3,CAINC4,11,"..."," Nonfarm personal income 1/","Thousands of dollars",520534,545700,593660,675121,743645,741306,771825,893645,1010743,1137175,1199550,1218497,1346796,1440225,1646788,1868747,1978873,2145012,2329657,2531786,2705773,2782692,2845952,3119632,3328483,3599065,3796370,3946940,4102006,4463485,4763774,5006915,4904992,5099727,5289323,5587766,5867525,6106450,6263457,6135970,5632708,6003191,6358670,6858083,7059965,7610284,7991920,8370478,9030448,9372681,9384153,10118036,11559171,11917673
 "18039","Elkhart, IN",3,CAINC4,12,"..."," Farm income 2/","Thousands of dollars",7702,6630,8311,8036,15728,8220,14037,15100,10287,4766,3663,8129,6105,1979,-878,14710,14082,14174,17212,8937,23843,20246,10797,18630,18154,15759,9831,21481,25802,25555,12477,16554,27193,21191,36876,50201,35312,25613,35611,36720,11417,35606,66219,63147,114762,118424,104977,65970,84240,76776,54825,93617,132862,199949
 "18039","Elkhart, IN",3,CAINC4,20,"...","Population (persons) 3/","Number of persons",124600,126624,127025,129596,132290,132510,131484,131402,133567,135493,136687,137292,136836,138179,140286,144701,147287,148990,151167,153917,155813,156517,158141,160454,163510,166498,169869,172582,175274,177885,180645,183412,184708,184543,187149,189316,192242,195047,196304,197762,197514,197472,198387,199160,200474,201774,203430,204114,204843,206230,206985,206983,207066,206890
 "18039","Elkhart, IN",3,CAINC4,30,"...","Per capita personal income (dollars) 4/","Dollars",4239,4362,4739,5271,5740,5656,5977,6916,7644,8428,8803,8934,9887,10437,11733,13016,13531,14492,15525,16507,17519,17908,18065,19559,20467,21711,22407,22994,23551,25236,26440,27389,26703,27749,28460,29781,30705,31439,32088,31213,28576,30581,32386,34752,35789,38304,39802,41332,44496,45820,45602,49336,56465,58570
 "18039","Elkhart, IN",3,CAINC4,35,"...","Earnings by place of work ","Thousands of dollars",553986,565599,618998,722114,812542,766635,777066,957839,1099236,1252607,1290477,1232382,1338817,1405678,1694406,1965027,2064911,2256374,2494038,2715849,2831388,2843186,2865650,3197821,3449628,3781889,3953064,4068892,4206789,4609915,5012814,5232491,4961284,5261031,5522199,6132683,6434215,6660649,6664793,6043453,4937404,5511966,5780486,6509761,6982405,7651572,8128026,8698758,9774840,10070156,9631908,9843562,12185381,13030041
 "18039","Elkhart, IN",3,CAINC4,36,"...","Less: Contributions for government social insurance 5/","Thousands of dollars",38746,39107,44415,55043,70119,69608,68709,86525,101518,119592,126331,118426,137810,148234,179196,212635,228276,250771,273523,306591,319493,330838,336297,369889,399069,444647,468165,480126,495175,534681,576084,593743,558095,595357,627984,694627,736645,762377,762035,704073,595806,654089,616234,675221,815978,878659,933968,985768,1092724,1115986,1087636,1156963,1436551,1472238
 "18039","Elkhart, IN",3,CAINC4,37,"..."," Employee and self-employed contributions for government social insurance ","Thousands of dollars",19313,19603,22215,26871,34417,34115,34078,41276,46791,54579,59331,57496,68025,73491,87219,100666,110871,121730,133699,149194,156954,163623,167678,184388,199221,222693,234391,239934,247709,265813,286573,294417,282205,302107,315429,349012,368326,384338,385868,355556,303919,330122,264470,292609,406049,442907,470932,503755,566639,585816,570582,597749,734951,780868
 "18039","Elkhart, IN",3,CAINC4,38,"..."," Employer contributions for government social insurance ","Thousands of dollars",19433,19504,22200,28172,35702,35493,34631,45249,54727,65013,67000,60930,69785,74743,91977,111969,117405,129041,139824,157397,162539,167215,168619,185501,199848,221954,233774,240192,247466,268868,289511,299326,275890,293250,312555,345615,368319,378039,376167,348517,291887,323967,351764,382612,409929,435752,463036,482013,526085,530170,517054,559214,701600,691370
 "18039","Elkhart, IN",3,CAINC4,42,"...","Plus: Adjustment for residence 6/","Thousands of dollars",-83405,-84845,-97279,-119974,-137515,-128774,-132132,-176615,-211138,-251937,-260684,-245510,-264066,-281887,-355256,-409292,-427103,-465717,-514418,-562980,-572219,-558262,-557371,-627461,-673830,-743793,-765387,-779650,-799408,-880246,-968374,-1011425,-953677,-1032916,-1116958,-1353053,-1458639,-1589565,-1572066,-1359567,-918009,-1083426,-1119784,-1311067,-1454197,-1649077,-1777083,-1974732,-2430581,-2564825,-2350395,-2355997,-3374793,-3567370
 "18039","Elkhart, IN",3,CAINC4,45,"...","Equals: Net earnings by place of residence ","Thousands of dollars",431835,441647,477304,547097,604908,568253,576225,694699,786580,881078,903462,868446,936941,975557,1159954,1343100,1409532,1539886,1706097,1846278,1939676,1954086,1971982,2200471,2376729,2593449,2719512,2809116,2912206,3194988,3468356,3627323,3449512,3632758,3777257,4085003,4238931,4308707,4330692,3979813,3423589,3774451,4044468,4523473,4712230,5123836,5416975,5738258,6251535,6389345,6193877,6330602,7374037,7990433
 "18039","Elkhart, IN",3,CAINC4,46,"...","Plus: Dividends, interest, and rent 7/","Thousands of dollars",67623,75883,83731,90643,101066,114582,122928,132572,147905,166552,186864,216552,260775,294608,311591,355604,380553,402139,418150,455775,536323,568633,569651,574834,589974,624458,675303,715364,759144,806053,794603,843377,857356,829076,864399,825642,863288,951407,1049061,1094389,931616,947785,1070162,1054664,1120507,1170678,1218463,1209718,1337904,1481772,1520736,1575002,1740496,1908227
 "18039","Elkhart, IN",3,CAINC4,47,"...","Plus: Personal current transfer receipts ","Thousands of dollars",28778,34800,40936,45417,53399,66691,86709,81474,86545,94311,112887,141628,155185,172039,174365,184753,202870,217161,222622,238670,253617,280219,315116,362957,379934,396917,411386,443941,456458,487999,513292,552769,625317,659084,684543,727322,800618,871949,919315,1098488,1288920,1316561,1310259,1343093,1341990,1434194,1461459,1488472,1525249,1578340,1724365,2306049,2577500,2218962
 "18039","Elkhart, IN",3,CAINC4,50,"...","Wages and salaries ","Thousands of dollars",455371,465591,505703,589119,655432,617571,614261,757856,862445,986992,1018772,966512,1053384,1111711,1327590,1525920,1600581,1736836,1923725,2096040,2168668,2179860,2184837,2408918,2583461,2866079,3024288,3120668,3253218,3548589,3832059,3954250,3753657,3961505,4141973,4603237,4810947,4950246,4965898,4501829,3742735,4113921,4277434,4723233,5031887,5504496,5871542,6369093,7225585,7355143,7008194,7181280,9142101,9799278
 "18039","Elkhart, IN",3,CAINC4,60,"...","Supplements to wages and salaries ","Thousands of dollars",51484,53653,60721,76226,86739,83860,87540,113038,139486,162280,165277,159641,179486,200500,256794,300709,326455,377325,411645,472819,498463,509409,534289,615020,676305,721154,728398,716509,717652,781048,879001,958536,890479,966877,1049603,1142879,1231810,1280588,1314073,1222051,937543,1035272,1061651,1195781,1243443,1391992,1436207,1518419,1662313,1736190,1630197,1650050,1963966,1980788
 "18039","Elkhart, IN",3,CAINC4,61,"..."," Employer contributions for employee pension and insurance funds 8/","Thousands of dollars",32051,34149,38521,48054,51037,48367,52909,67789,84759,97267,98277,98711,109701,125757,164817,188740,209050,248284,271821,315422,335924,342194,365670,429519,476457,499200,494624,476317,470186,512180,589490,659210,614589,673627,737048,797264,863491,902549,937906,873534,645656,711305,709887,813169,833514,956240,973171,1036406,1136228,1206020,1113143,1090836,1262366,1289418
 "18039","Elkhart, IN",3,CAINC4,62,"..."," Employer contributions for government social insurance ","Thousands of dollars",19433,19504,22200,28172,35702,35493,34631,45249,54727,65013,67000,60930,69785,74743,91977,111969,117405,129041,139824,157397,162539,167215,168619,185501,199848,221954,233774,240192,247466,268868,289511,299326,275890,293250,312555,345615,368319,378039,376167,348517,291887,323967,351764,382612,409929,435752,463036,482013,526085,530170,517054,559214,701600,691370
 "18039","Elkhart, IN",3,CAINC4,70,"...","Proprietors' income 9/","Thousands of dollars",47131,46355,52574,56769,70371,65204,75265,86945,97305,103335,106428,106229,105947,93467,110022,138398,137875,142213,158668,146990,164257,153917,146524,173883,189862,194656,200378,231715,235919,280278,301754,319705,317148,332649,330623,386567,391458,429815,384822,319573,257126,362773,441401,590747,707075,755084,820277,811246,886942,978823,993517,1012232,1079314,1249975
 "18039","Elkhart, IN",3,CAINC4,71,"..."," Farm proprietors' income ","Thousands of dollars",6309,5164,6823,6480,13853,5881,11530,12284,7206,2296,807,4988,2865,-1868,-4355,11492,11102,11650,14997,6294,20836,16607,7157,14652,13919,11782,6012,17858,21862,20652,7514,11277,21167,15272,30409,43213,28709,19428,28380,30456,4807,29017,60373,56408,107786,111089,99001,59865,76773,68602,48498,86855,126857,193075
 "18039","Elkhart, IN",3,CAINC4,72,"..."," Nonfarm proprietors' income ","Thousands of dollars",40822,41191,45751,50289,56518,59323,63735,74661,90099,101039,105621,101241,103082,95335,114377,126906,126773,130563,143671,140696,143421,137310,139367,159231,175943,182874,194366,213857,214057,259626,294240,308428,295981,317377,300214,343354,362749,410387,356442,289117,252319,333756,381028,534339,599289,643995,721276,751381,810169,910221,945019,925377,952457,1056900
 "18039","Elkhart, IN",3,CAINC4,7010,"...","Total employment ","Number of jobs",72889,71287,73110,80429,84783,77343,73077,82175,87444,93129,89398,80021,81375,82288,91798,100401,101827,106079,112993,118921,119871,117792,113810,117964,123339,129440,134046,133328,134160,140573,146242,147774,137494,137559,140019,148000,150927,153411,152218,140894,120624,126838,130770,136435,142367,148040,151729,154715,162365,166165,161305,153511,167144,173324
 "18039","Elkhart, IN",3,CAINC4,7020,"..."," Wage and salary employment ","Number of jobs",65482,63724,65425,72439,76418,68877,64534,73457,78362,83757,79843,70162,71379,71837,80886,88988,89780,93528,99757,105582,106527,103657,99494,103560,108777,114839,118883,117343,118465,122371,127953,128792,120185,120316,122621,129983,132001,133901,131777,120607,99975,106444,109736,115848,121391,126412,130305,133994,141222,144509,139898,131237,144181,148946
 "18039","Elkhart, IN",3,CAINC4,7040,"..."," Proprietors employment ","Number of jobs",7407,7563,7685,7990,8365,8466,8543,8718,9082,9372,9555,9859,9996,10451,10912,11413,12047,12551,13236,13339,13344,14135,14316,14404,14562,14601,15163,15985,15695,18202,18289,18982,17309,17243,17398,18017,18926,19510,20441,20287,20649,20394,21034,20587,20976,21628,21424,20721,21143,21656,21407,22274,22963,24378
 "18041","Fayette, IN",3,CAINC4,10,"...","Personal income (thousands of dollars) ","Thousands of dollars",89910,92632,100784,114374,139348,144328,147341,164918,177755,192099,209095,227206,246533,259678,279705,304269,313979,337519,348146,364065,395611,407858,410357,455869,494665,522223,517142,538690,572002,601186,614130,643834,657480,657022,657420,675628,670738,681635,698272,711572,692365,725602,760851,787096,798509,828961,825234,859004,887803,921131,944902,1026570,1107094,1110661
 "18041","Fayette, IN",3,CAINC4,11,"..."," Nonfarm personal income 1/","Thousands of dollars",85703,88926,96826,109424,129799,137375,139218,157867,173114,185220,203717,222661,244040,257350,279860,297329,308313,333622,342740,362107,390627,402685,410214,449965,491566,519156,517792,536151,569395,597883,611492,637862,649821,647168,648246,662810,663724,675212,694866,700296,680525,716624,748245,779153,776475,822012,827270,857280,885003,918249,942949,1018629,1092536,1099281
 "18041","Fayette, IN",3,CAINC4,12,"..."," Farm income 2/","Thousands of dollars",4207,3706,3958,4950,9549,6953,8123,7051,4641,6879,5378,4545,2493,2328,-155,6940,5666,3897,5406,1958,4984,5173,143,5904,3099,3067,-650,2539,2607,3303,2638,5972,7659,9854,9174,12818,7014,6423,3406,11276,11840,8978,12606,7943,22034,6949,-2036,1724,2800,2882,1953,7941,14558,11380
 "18041","Fayette, IN",3,CAINC4,20,"...","Population (persons) 3/","Number of persons",26075,26245,26484,27038,27517,27912,28096,28125,28105,27895,27918,28260,28151,27826,27943,27581,27131,26930,26587,25979,26255,26003,25955,26117,26170,26152,26153,26132,26045,25894,25730,25556,25263,25094,24953,24844,24700,24508,24413,24384,24247,24336,24210,24053,23977,23635,23627,23527,23462,23393,23450,23362,23376,23349
 "18041","Fayette, IN",3,CAINC4,30,"...","Per capita personal income (dollars) 4/","Dollars",3448,3530,3805,4230,5064,5171,5244,5864,6325,6887,7490,8040,8758,9332,10010,11032,11573,12533,13095,14014,15068,15685,15810,17455,18902,19969,19774,20614,21962,23217,23868,25193,26025,26182,26346,27195,27155,27813,28602,29182,28555,29816,31427,32723,33303,35073,34928,36511,37840,39376,40294,43942,47360,47568
 "18041","Fayette, IN",3,CAINC4,35,"...","Earnings by place of work ","Thousands of dollars",92539,92186,100486,117861,147714,148622,143249,165120,176588,189565,206933,208521,220686,225205,245723,263037,265676,294166,314278,330072,354345,354519,342735,383488,425213,448924,418414,434146,452900,457159,467987,480526,467309,472435,466134,462639,445789,416929,399502,353163,310495,312795,332830,336245,346930,342367,336769,350181,354818,376595,376676,385840,406196,406189
 "18041","Fayette, IN",3,CAINC4,36,"...","Less: Contributions for government social insurance 5/","Thousands of dollars",6187,6082,6919,8678,12395,13155,12163,14544,15598,17078,19503,19618,22644,23607,26343,28303,29200,32787,34003,37483,39802,40942,40608,44517,49904,53005,50415,51417,53216,52131,53221,54190,52591,53138,52948,52248,51547,49863,49049,44068,39536,39386,37144,37970,42512,43984,44849,45887,46645,49296,50394,52658,54582,55361
 "18041","Fayette, IN",3,CAINC4,37,"..."," Employee and self-employed contributions for government social insurance ","Thousands of dollars",3123,3116,3520,4248,5973,6429,6084,7010,7557,8212,9489,9750,11350,11854,12933,13613,14493,16304,17016,18872,20385,20982,20993,23035,25759,27549,26656,27168,28387,27952,28414,28669,27705,28198,28011,28039,27999,27469,27124,24693,22554,22745,19553,19852,24452,25234,25690,26686,27736,29819,30488,31950,33283,34853
 "18041","Fayette, IN",3,CAINC4,38,"..."," Employer contributions for government social insurance ","Thousands of dollars",3064,2966,3399,4430,6422,6726,6079,7534,8041,8866,10014,9868,11294,11753,13410,14690,14707,16483,16987,18611,19417,19960,19615,21482,24145,25456,23759,24249,24829,24179,24807,25521,24886,24940,24937,24209,23548,22394,21925,19375,16982,16641,17591,18118,18060,18750,19159,19201,18909,19477,19906,20708,21299,20508
 "18041","Fayette, IN",3,CAINC4,42,"...","Plus: Adjustment for residence 6/","Thousands of dollars",-14661,-14136,-16112,-19953,-25811,-26589,-25573,-29628,-32426,-34109,-38468,-38063,-39140,-39411,-43268,-42330,-40804,-47116,-49826,-51621,-53302,-48950,-42705,-46274,-51713,-50530,-36925,-33834,-29356,-20177,-14372,-7968,53,5454,10702,19723,27346,42966,58729,77980,81671,98426,109221,121726,128157,139865,141533,149702,161574,164402,173964,162977,171028,199585
 "18041","Fayette, IN",3,CAINC4,45,"...","Equals: Net earnings by place of residence ","Thousands of dollars",71691,71968,77455,89230,109508,108878,105513,120948,128564,138378,148962,150840,158902,162187,176112,192404,195672,214263,230449,240968,261241,264627,259422,292697,323596,345389,331074,348895,370328,384851,400394,418368,414771,424751,423888,430114,421588,410032,409182,387075,352630,371835,404907,420001,432575,438248,433453,453996,469747,491701,500246,496159,522642,550413
 "18041","Fayette, IN",3,CAINC4,46,"...","Plus: Dividends, interest, and rent 7/","Thousands of dollars",11617,13142,14650,16005,18812,21878,23729,26398,30340,32612,35442,42520,51316,56648,59511,64015,67944,70714,64121,66770,73036,75927,75661,74926,77453,80624,88923,89779,98747,108300,100297,105052,107994,89981,88137,90576,83298,93250,102897,111084,104045,104931,107364,104117,105249,114214,106681,110627,113348,115416,107510,114080,113682,121017
 "18041","Fayette, IN",3,CAINC4,47,"...","Plus: Personal current transfer receipts ","Thousands of dollars",6602,7522,8679,9139,11028,13572,18099,17572,18851,21109,24691,33846,36315,40843,44082,47850,50363,52542,53576,56327,61334,67304,75274,88246,93616,96210,97145,100016,102927,108035,113439,120414,134715,142290,145395,154938,165852,178353,186193,213413,235690,248836,248580,262978,260685,276499,285100,294381,304708,314014,337146,416331,470770,439231
 "18041","Fayette, IN",3,CAINC4,50,"...","Wages and salaries ","Thousands of dollars",73842,73988,80407,93711,115137,117779,110500,128494,139125,147519,163387,164374,176869,179966,196384,204349,207736,233058,244307,260663,273834,273315,265489,291018,321653,338668,325239,337789,353577,352303,359443,365506,345962,344182,337892,330923,318861,292962,286321,249156,216040,214521,224725,230046,230058,237579,242083,248894,250796,261397,262025,268222,282239,285174
 "18041","Fayette, IN",3,CAINC4,60,"...","Supplements to wages and salaries ","Thousands of dollars",8228,8443,9776,12293,15620,16489,16654,19934,21964,23150,26153,26825,29300,31415,35835,36762,37921,43044,49660,51668,57678,58964,60353,66911,76993,82162,70021,69510,68652,69818,74995,79218,83188,85442,86419,83907,84745,78565,77020,66180,56692,57782,59225,61221,59729,64841,63987,67679,66714,71131,68370,68807,68917,67202
 "18041","Fayette, IN",3,CAINC4,61,"..."," Employer contributions for employee pension and insurance funds 8/","Thousands of dollars",5164,5477,6377,7863,9198,9763,10575,12400,13923,14284,16139,16957,18006,19662,22425,22072,23214,26561,32673,33057,38261,39004,40738,45429,52848,56706,46262,45261,43823,45639,50188,53697,58302,60502,61482,59698,61197,56171,55095,46805,39710,41141,41634,43103,41669,46091,44828,48478,47805,51654,48464,48099,47618,46694
 "18041","Fayette, IN",3,CAINC4,62,"..."," Employer contributions for government social insurance ","Thousands of dollars",3064,2966,3399,4430,6422,6726,6079,7534,8041,8866,10014,9868,11294,11753,13410,14690,14707,16483,16987,18611,19417,19960,19615,21482,24145,25456,23759,24249,24829,24179,24807,25521,24886,24940,24937,24209,23548,22394,21925,19375,16982,16641,17591,18118,18060,18750,19159,19201,18909,19477,19906,20708,21299,20508
 "18041","Fayette, IN",3,CAINC4,70,"...","Proprietors' income 9/","Thousands of dollars",10469,9755,10303,11857,16957,14354,16095,16692,15499,18896,17393,17322,14517,13824,13504,21926,20019,18064,20311,17741,22833,22240,16893,25559,26567,28094,23154,26847,30671,35038,33549,35802,38159,42811,41823,47809,42183,45402,36161,37827,37763,40492,48880,44978,57143,39947,30699,33608,37308,44067,46281,48811,55040,53813
 "18041","Fayette, IN",3,CAINC4,71,"..."," Farm proprietors' income ","Thousands of dollars",3912,3383,3617,4580,9071,6355,7436,6251,3735,6031,4441,3556,1465,1189,-1221,5930,4725,3094,4709,1229,4238,4350,-621,5131,2297,2320,-1365,1869,1889,2519,1933,5304,6970,9246,8463,12002,6199,5614,2409,10425,10960,8121,11861,7096,21158,6027,-2788,954,1863,1856,1158,7089,13801,10515
 "18041","Fayette, IN",3,CAINC4,72,"..."," Nonfarm proprietors' income ","Thousands of dollars",6557,6372,6686,7277,7886,7999,8659,10441,11764,12865,12952,13766,13052,12635,14725,15996,15294,14970,15602,16512,18595,17890,17514,20428,24270,25774,24519,24978,28782,32519,31616,30498,31189,33565,33360,35807,35984,39788,33752,27402,26803,32371,37019,37882,35985,33920,33487,32654,35445,42211,45123,41722,41239,43298
 "18041","Fayette, IN",3,CAINC4,7010,"...","Total employment ","Number of jobs",13187,12555,13266,14217,16390,15808,14251,15241,15122,14918,15068,13915,13499,12909,13175,13136,12935,13490,13545,13808,14061,14166,13925,13857,14426,14387,14094,14142,14178,14079,13889,13761,12838,12387,11943,11555,11645,10937,10768,9799,9239,8995,8935,8872,8810,8955,8809,8967,8839,9022,8575,8219,8379,8540
 "18041","Fayette, IN",3,CAINC4,7020,"..."," Wage and salary employment ","Number of jobs",11473,10865,11530,12364,14429,13747,12137,13169,12991,12749,12911,11755,11358,10724,10985,10936,10704,11273,11327,11610,12003,12053,11667,11613,12195,12070,11695,11773,11757,11594,11447,11246,10526,10122,9743,9365,9444,8717,8405,7552,7079,6871,6834,6769,6717,6849,6800,7030,6840,6962,6615,6140,6281,6322
 "18041","Fayette, IN",3,CAINC4,7040,"..."," Proprietors employment ","Number of jobs",1714,1690,1736,1853,1961,2061,2114,2072,2131,2169,2157,2160,2141,2185,2190,2200,2231,2217,2218,2198,2058,2113,2258,2244,2231,2317,2399,2369,2421,2485,2442,2515,2312,2265,2200,2190,2201,2220,2363,2247,2160,2124,2101,2103,2093,2106,2009,1937,1999,2060,1960,2079,2098,2218
 "18043","Floyd, IN",3,CAINC4,10,"...","Personal income (thousands of dollars) ","Thousands of dollars",202153,209215,221196,242136,272715,299254,320177,356495,402523,454677,510779,571421,630298,669152,716705,775158,822044,875820,935461,1005709,1087335,1170701,1229322,1348439,1439330,1517015,1612905,1707919,1807338,1963746,2043184,2194468,2231601,2262300,2302354,2452792,2537669,2700973,2820177,2919341,2840453,2896943,3086656,3258190,3332583,3579118,3773234,3991176,4053390,4250309,4341158,4566920,4800464,4930089
 "18043","Floyd, IN",3,CAINC4,11,"..."," Nonfarm personal income 1/","Thousands of dollars",201046,208430,220044,241045,271064,298001,319445,354405,400852,453123,508647,569219,628646,666007,715706,773079,820848,875497,934680,1005409,1085677,1169685,1229055,1347442,1439023,1516621,1612544,1707155,1806494,1962229,2042702,2193243,2230845,2262274,2301753,2451961,2537535,2701157,2819685,2918805,2840971,2898006,3086788,3258142,3332367,3579753,3774364,3991757,4053813,4251031,4342001,4567179,4799874,4930047
 "18043","Floyd, IN",3,CAINC4,12,"..."," Farm income 2/","Thousands of dollars",1107,785,1152,1091,1651,1253,732,2090,1671,1554,2132,2202,1652,3145,999,2079,1196,323,781,300,1658,1016,267,997,307,394,361,764,844,1517,482,1225,756,26,601,831,134,-184,492,536,-518,-1063,-132,48,216,-635,-1130,-581,-423,-722,-843,-259,590,42
 "18043","Floyd, IN",3,CAINC4,20,"...","Population (persons) 3/","Number of persons",55246,55580,55509,56059,56868,57285,57023,57336,57890,59168,60516,61406,62074,62301,62337,62236,62042,61878,62205,62758,63137,64785,66052,66780,67666,68359,69074,69722,70432,70623,70792,70879,71441,71407,71219,71465,71905,72358,72876,73775,74284,74741,75165,75607,76524,76755,77326,77718,78109,79096,79988,80509,80606,80714
 "18043","Floyd, IN",3,CAINC4,30,"...","Per capita personal income (dollars) 4/","Dollars",3659,3764,3985,4319,4796,5224,5615,6218,6953,7685,8440,9306,10154,10741,11497,12455,13250,14154,15038,16025,17222,18071,18611,20192,21271,22192,23350,24496,25661,27806,28862,30961,31237,31682,32328,34322,35292,37328,38698,39571,38238,38760,41065,43094,43550,46630,48796,51355,51894,53736,54273,56726,59555,61081
 "18043","Floyd, IN",3,CAINC4,35,"...","Earnings by place of work ","Thousands of dollars",111955,113830,120263,131348,146034,155832,161752,182586,200575,224430,246549,265114,283623,295183,308535,346631,371879,401025,441332,472198,510842,556363,591273,651472,698940,754149,822803,848734,911404,1002817,1077483,1134767,1140361,1170789,1239123,1328266,1399470,1482228,1487391,1540616,1451962,1516826,1551152,1591081,1613636,1674948,1761663,1894873,1956198,2033627,2053109,2048617,2246882,2409356
 "18043","Floyd, IN",3,CAINC4,36,"...","Less: Contributions for government social insurance 5/","Thousands of dollars",7715,7760,8415,9704,12165,13801,14207,15887,17362,20002,22809,24522,28609,30449,31779,36338,39992,43436,46949,52416,56609,62947,68250,74765,80644,88811,96891,99229,106131,113413,121095,126662,127108,131346,140903,152840,163408,172604,175531,183472,175732,180573,162203,165676,189447,194681,205390,217770,225408,236172,245967,252189,273651,295913
 "18043","Floyd, IN",3,CAINC4,37,"..."," Employee and self-employed contributions for government social insurance ","Thousands of dollars",4123,4187,4557,5187,6451,7418,7673,8365,9036,10304,11764,12855,14946,16030,16588,18601,21099,23085,25241,28249,31193,34423,37410,40966,44397,48376,52927,53590,57297,60654,64436,66907,67682,70050,74617,80412,85954,91820,93780,98155,93937,95928,76493,78088,101313,105125,111061,118984,124203,130781,135476,139423,152087,165020
 "18043","Floyd, IN",3,CAINC4,38,"..."," Employer contributions for government social insurance ","Thousands of dollars",3592,3573,3858,4517,5714,6383,6534,7522,8326,9698,11045,11667,13663,14419,15191,17737,18893,20351,21708,24167,25416,28524,30840,33799,36247,40435,43964,45639,48834,52759,56659,59755,59426,61296,66286,72428,77454,80784,81751,85317,81795,84645,85710,87588,88134,89556,94329,98786,101205,105391,110491,112766,121564,130893
 "18043","Floyd, IN",3,CAINC4,42,"...","Plus: Adjustment for residence 6/","Thousands of dollars",58689,57691,57005,63901,74258,81921,83089,92462,111050,133898,155823,171942,186192,186464,204166,210185,221371,230711,249193,266291,281367,299161,310040,341751,364040,374519,378837,409878,416185,445155,468807,507564,525710,517358,503733,523732,512654,519752,569307,533249,529672,557275,609503,651178,674661,725608,745708,757668,804181,829561,873484,885875,906567,948154
 "18043","Floyd, IN",3,CAINC4,45,"...","Equals: Net earnings by place of residence ","Thousands of dollars",162929,163761,168853,185545,208127,223952,230634,259161,294263,338326,379563,412534,441206,451198,480922,520478,553258,588300,643576,686073,735600,792577,833063,918458,982336,1039857,1104749,1159383,1221458,1334559,1425195,1515669,1538963,1556801,1601953,1699158,1748716,1829376,1881167,1890393,1805902,1893528,1998452,2076583,2098850,2205875,2301981,2434771,2534971,2627016,2680626,2682303,2879798,3061597
 "18043","Floyd, IN",3,CAINC4,46,"...","Plus: Dividends, interest, and rent 7/","Thousands of dollars",23902,27204,30480,32890,37066,43004,48829,53557,60823,66290,75286,93521,113776,134217,144334,155789,163558,173721,174566,193394,215496,228410,232995,242700,257054,271138,300574,324651,355898,391464,373294,411946,391013,385494,374009,405341,408124,464972,512037,545048,499623,431887,512696,584717,636867,726138,793423,858573,799788,870354,858361,874187,777417,841636
 "18043","Floyd, IN",3,CAINC4,47,"...","Plus: Personal current transfer receipts ","Thousands of dollars",15322,18250,21863,23701,27522,32298,40714,43777,47437,50061,55930,65366,75316,83737,91449,98891,105228,113799,117319,126242,136239,149714,163264,187281,199940,206020,207582,223885,229982,237723,244695,266853,301625,320005,326392,348293,380829,406625,426973,483900,534928,571528,575508,596890,596866,647105,677830,697832,718631,752939,802171,1010430,1143249,1026856
 "18043","Floyd, IN",3,CAINC4,50,"...","Wages and salaries ","Thousands of dollars",85985,86889,90012,97634,106798,115204,119486,132087,144799,161912,178480,192322,210821,220923,228520,252531,270714,291306,318424,344397,365202,397229,424838,464387,496161,542066,590656,616002,659429,711116,763332,807794,820950,836809,887334,957977,1010333,1068258,1075678,1128882,1071224,1106584,1107641,1133170,1147063,1176353,1259431,1341985,1371546,1426690,1485805,1495630,1649690,1811874
 "18043","Floyd, IN",3,CAINC4,60,"...","Supplements to wages and salaries ","Thousands of dollars",8486,8944,9741,11296,12867,14224,15810,18013,20786,24326,27076,29746,33642,36764,40474,45999,51373,56974,62238,68218,76303,86173,95196,107860,117545,129184,136079,137859,143566,156867,172854,189189,193224,198701,215862,231654,251289,265747,269662,282477,257654,272099,276007,283228,279389,303150,307330,324968,326175,352815,360123,360874,374277,391751
 "18043","Floyd, IN",3,CAINC4,61,"..."," Employer contributions for employee pension and insurance funds 8/","Thousands of dollars",4894,5371,5883,6779,7153,7841,9276,10491,12460,14628,16031,18079,19979,22345,25283,28262,32480,36623,40530,44051,50887,57649,64356,74061,81298,88749,92115,92220,94732,104108,116195,129434,133798,137405,149576,159226,173835,184963,187911,197160,175859,187454,190297,195640,191255,213594,213001,226182,224970,247424,249632,248108,252713,260858
 "18043","Floyd, IN",3,CAINC4,62,"..."," Employer contributions for government social insurance ","Thousands of dollars",3592,3573,3858,4517,5714,6383,6534,7522,8326,9698,11045,11667,13663,14419,15191,17737,18893,20351,21708,24167,25416,28524,30840,33799,36247,40435,43964,45639,48834,52759,56659,59755,59426,61296,66286,72428,77454,80784,81751,85317,81795,84645,85710,87588,88134,89556,94329,98786,101205,105391,110491,112766,121564,130893
 "18043","Floyd, IN",3,CAINC4,70,"...","Proprietors' income 9/","Thousands of dollars",17484,17997,20510,22418,26369,26404,26456,32486,34990,38192,40993,43046,39160,37496,39541,48101,49792,52745,60670,59583,69337,72961,71239,79225,85234,82899,96068,94873,108409,134834,141297,137784,126187,135279,135927,138635,137848,148223,142051,129257,123084,138143,167504,174683,187184,195445,194902,227920,258477,254122,207181,192113,222915,205731
 "18043","Floyd, IN",3,CAINC4,71,"..."," Farm proprietors' income ","Thousands of dollars",574,228,587,505,965,387,-148,1146,689,851,1403,1474,973,2389,262,1339,447,-375,95,-289,1187,631,27,871,171,262,230,638,709,1077,-178,347,-451,-1293,-661,-307,-706,-759,70,205,-831,-1333,-336,-146,14,-847,-1301,-756,-636,-956,-1025,-451,420,-150
 "18043","Floyd, IN",3,CAINC4,72,"..."," Nonfarm proprietors' income ","Thousands of dollars",16910,17769,19923,21913,25404,26017,26604,31340,34301,37341,39590,41572,38187,35107,39279,46762,49345,53120,60575,59872,68150,72330,71212,78354,85063,82637,95838,94235,107700,133757,141475,137437,126638,136572,136588,138942,138554,148982,141981,129052,123915,139476,167840,174829,187170,196292,196203,228676,259113,255078,208206,192564,222495,205881
 "18043","Floyd, IN",3,CAINC4,7010,"...","Total employment ","Number of jobs",18405,17994,18109,18975,19617,19948,19571,20142,20476,21304,21425,21414,21676,21321,21480,22466,23172,24021,25071,25603,26126,27191,27872,28562,29915,31668,33125,33329,34233,35669,36065,36664,35618,35726,36892,38019,38839,39768,40097,39952,38568,38408,38269,38255,38932,38840,39676,40559,41626,42756,42630,40898,42357,44170
 "18043","Floyd, IN",3,CAINC4,7020,"..."," Wage and salary employment ","Number of jobs",15853,15249,15162,15720,16189,16340,15792,16225,16531,17411,17439,17274,17560,17051,17149,17986,18510,19215,20071,20758,21235,22112,22579,23200,24550,26048,27217,27172,27863,28799,29104,29433,28889,28934,29824,30739,31320,31986,31914,31820,30450,30549,30340,30347,30889,30608,31442,32018,32875,33555,33814,31707,32968,34094
 "18043","Floyd, IN",3,CAINC4,7040,"..."," Proprietors employment ","Number of jobs",2552,2745,2947,3255,3428,3608,3779,3917,3945,3893,3986,4140,4116,4270,4331,4480,4662,4806,5000,4845,4891,5079,5293,5362,5365,5620,5908,6157,6370,6870,6961,7231,6729,6792,7068,7280,7519,7782,8183,8132,8118,7859,7929,7908,8043,8232,8234,8541,8751,9201,8816,9191,9389,10076
 "18045","Fountain, IN",3,CAINC4,10,"...","Personal income (thousands of dollars) ","Thousands of dollars",62001,62303,71503,74909,96700,94328,109974,120549,124886,137621,147932,153111,170630,175998,175967,206729,208212,213145,218338,225505,255336,261375,254876,286593,302665,323791,329652,365782,375819,410687,407417,431999,433462,426247,439609,471673,481071,491146,517158,555398,525473,545656,580701,596671,625674,594175,582247,607860,624043,648878,663361,743521,822430,840915
 "18045","Fountain, IN",3,CAINC4,11,"..."," Nonfarm personal income 1/","Thousands of dollars",54742,58326,62255,67839,78160,85542,95217,105925,116903,129787,140519,151684,168438,174189,181061,197802,199704,207925,213102,226856,245959,256199,263879,279422,296638,316161,333170,352869,373470,406799,402773,424202,420185,418034,419905,442626,461640,475981,497556,520606,509283,527097,550043,575680,553132,571427,585940,590493,615111,638114,655641,714204,779470,803284
 "18045","Fountain, IN",3,CAINC4,12,"..."," Farm income 2/","Thousands of dollars",7259,3977,9248,7070,18540,8786,14757,14624,7983,7834,7413,1427,2192,1809,-5094,8927,8508,5220,5236,-1351,9377,5176,-9003,7171,6027,7630,-3518,12913,2349,3888,4644,7797,13277,8213,19704,29047,19431,15165,19602,34792,16190,18559,30658,20991,72542,22748,-3693,17367,8932,10764,7720,29317,42960,37631
 "18045","Fountain, IN",3,CAINC4,20,"...","Population (persons) 3/","Number of persons",18307,18280,18592,18530,19088,19065,19278,19403,19418,19662,19624,19118,19417,19185,18927,18764,18618,18344,18237,17928,17869,17798,17793,17814,17808,17849,17865,17977,17904,18015,18019,17929,17752,17825,17738,17578,17436,17459,17396,17356,17183,17279,17157,17116,16876,16684,16527,16445,16420,16414,16396,16483,16466,16574
 "18045","Fountain, IN",3,CAINC4,30,"...","Per capita personal income (dollars) 4/","Dollars",3387,3408,3846,4043,5066,4948,5705,6213,6431,6999,7538,8009,8788,9174,9297,11017,11183,11619,11972,12578,14289,14686,14325,16088,16996,18141,18452,20347,20991,22797,22610,24095,24418,23913,24783,26833,27591,28131,29729,32000,30581,31579,33846,34860,37075,35613,35230,36963,38005,39532,40459,45108,49947,50737
 "18045","Fountain, IN",3,CAINC4,35,"...","Earnings by place of work ","Thousands of dollars",42815,39523,45540,46887,63295,56831,66234,70744,68281,74984,78325,73981,83934,75422,67089,91282,88852,89717,93699,98125,117730,115096,99613,122682,133378,144342,147359,178595,187049,213959,224647,238647,232545,221123,231843,256103,261440,265041,278843,291916,246123,260742,288900,296079,329711,275813,236839,256607,257501,277922,282070,305916,343483,370789
 "18045","Fountain, IN",3,CAINC4,36,"...","Less: Contributions for government social insurance 5/","Thousands of dollars",2354,2357,2477,2879,3726,4222,4488,4878,5214,5988,6546,6657,8088,7487,7323,8624,8630,9126,9388,11052,12277,12710,12832,13384,14975,16182,17879,19113,20767,22316,22776,23567,24678,23985,24281,26232,28430,29107,30531,30786,28632,29890,28443,29901,32022,31616,30340,30489,32013,34087,35556,37655,40561,44822
 "18045","Fountain, IN",3,CAINC4,37,"..."," Employee and self-employed contributions for government social insurance ","Thousands of dollars",1322,1323,1397,1583,1996,2295,2415,2576,2723,3088,3412,3543,4296,4030,3931,4538,4748,5057,5294,6254,7068,7179,7367,7746,8640,9451,10525,11285,12339,13437,13872,14307,13634,13495,13673,14800,16012,16494,17336,17466,16232,16869,14401,14983,17879,17778,17189,17550,18504,20064,20903,22696,24478,27551
 "18045","Fountain, IN",3,CAINC4,38,"..."," Employer contributions for government social insurance ","Thousands of dollars",1032,1034,1080,1296,1730,1927,2073,2302,2491,2900,3134,3114,3792,3457,3392,4086,3882,4069,4094,4798,5209,5531,5465,5638,6335,6731,7354,7828,8428,8879,8904,9260,11044,10490,10608,11432,12418,12613,13195,13320,12400,13021,14042,14918,14143,13838,13151,12939,13509,14023,14653,14959,16083,17271
 "18045","Fountain, IN",3,CAINC4,42,"...","Plus: Adjustment for residence 6/","Thousands of dollars",7223,9103,10497,11731,14327,15609,17732,21476,24543,28179,31994,33431,32286,34745,37317,40976,43600,46873,50277,52534,54817,58206,64438,71132,73670,80643,79471,78342,78750,77733,70854,72580,73229,78998,83424,86726,87532,91731,90816,95399,94296,95432,100977,101844,107921,117908,131982,134262,135601,142162,141492,143477,147988,157878
 "18045","Fountain, IN",3,CAINC4,45,"...","Equals: Net earnings by place of residence ","Thousands of dollars",47684,46269,53560,55739,73896,68218,79478,87342,87610,97175,103773,100755,108132,102680,97083,123634,123822,127464,134588,139607,160270,160592,151219,180430,192073,208803,208951,237824,245032,269376,272725,287660,281096,276136,290986,316597,320542,327665,339128,356529,311787,326284,361434,368022,405610,362105,338481,360380,361089,385997,388006,411738,450910,483845
 "18045","Fountain, IN",3,CAINC4,46,"...","Plus: Dividends, interest, and rent 7/","Thousands of dollars",8521,9460,10393,11125,13327,15314,17567,19362,22521,24027,25790,30672,36960,43062,46213,49397,49496,49609,47847,49648,54207,57595,56854,54648,55285,57900,62230,66554,67032,73234,66497,73723,73852,66226,62085,66105,63092,59418,68439,79168,80194,77436,80358,84014,78690,81076,86496,84254,95783,90005,90555,98829,108684,116328
 "18045","Fountain, IN",3,CAINC4,47,"...","Plus: Personal current transfer receipts ","Thousands of dollars",5796,6574,7550,8045,9477,10796,12929,13845,14755,16419,18369,21684,25538,30256,32671,33698,34894,36072,35903,36250,40859,43188,46803,51515,55307,57088,58471,61404,63755,68077,68195,70616,78514,83885,86538,88971,97437,104063,109591,119701,133492,141936,138909,144635,141374,150994,157270,163226,167171,172876,184800,232954,262836,240742
 "18045","Fountain, IN",3,CAINC4,50,"...","Wages and salaries ","Thousands of dollars",27075,27254,27197,30130,33925,36667,38511,41855,44923,50009,52947,53404,60961,54076,51840,59059,57037,59540,61255,69303,75050,77684,75632,77846,85242,91143,101871,112904,126734,142590,146268,153547,154366,147003,146536,159711,169345,173136,181866,181609,162394,169510,179001,190594,176971,173340,163676,164079,173158,186133,192492,188011,207997,236550
 "18045","Fountain, IN",3,CAINC4,60,"...","Supplements to wages and salaries ","Thousands of dollars",3493,3634,3868,4546,5208,5707,6659,7219,8105,9155,9674,10289,12279,11732,11689,12774,12249,13099,14208,16454,18465,19174,19359,22385,24575,26626,27035,27683,30159,32336,34246,37176,41349,40891,42134,45379,50679,51984,55913,57104,47792,49318,51221,55592,50142,51817,48008,48014,50475,55793,54489,51800,54664,57623
 "18045","Fountain, IN",3,CAINC4,61,"..."," Employer contributions for employee pension and insurance funds 8/","Thousands of dollars",2461,2600,2788,3250,3478,3780,4586,4917,5614,6255,6540,7175,8487,8275,8297,8688,8367,9030,10114,11656,13256,13643,13894,16747,18240,19895,19681,19855,21731,23457,25342,27916,30305,30401,31526,33947,38261,39371,42718,43784,35392,36297,37179,40674,35999,37979,34857,35075,36966,41770,39836,36841,38581,40352
 "18045","Fountain, IN",3,CAINC4,62,"..."," Employer contributions for government social insurance ","Thousands of dollars",1032,1034,1080,1296,1730,1927,2073,2302,2491,2900,3134,3114,3792,3457,3392,4086,3882,4069,4094,4798,5209,5531,5465,5638,6335,6731,7354,7828,8428,8879,8904,9260,11044,10490,10608,11432,12418,12613,13195,13320,12400,13021,14042,14918,14143,13838,13151,12939,13509,14023,14653,14959,16083,17271
 "18045","Fountain, IN",3,CAINC4,70,"...","Proprietors' income 9/","Thousands of dollars",12247,8635,14475,12211,24162,14457,21064,21670,15253,15820,15704,10288,10694,9614,3560,19449,19566,17078,18236,12368,24215,18238,4622,22451,23561,26573,18453,38008,30156,39033,44133,47924,36830,33229,43173,51013,41416,39921,41064,53203,35937,41914,58678,49893,102598,50656,25155,44514,33868,35996,35089,66105,80822,76616
 "18045","Fountain, IN",3,CAINC4,71,"..."," Farm proprietors' income ","Thousands of dollars",6686,3353,8592,6365,17676,7677,13573,13300,6547,6685,6192,186,980,474,-6374,7684,7285,4108,4167,-2440,8305,4025,-10037,6156,4942,6609,-4490,12002,1343,2678,3479,6623,11952,6970,18248,27386,17813,13605,17729,33097,14308,16584,28800,18756,70224,20313,-5685,15328,6452,8043,5601,27056,40954,35353
 "18045","Fountain, IN",3,CAINC4,72,"..."," Nonfarm proprietors' income ","Thousands of dollars",5561,5282,5883,5846,6486,6780,7491,8370,8706,9135,9512,10102,9714,9140,9934,11765,12281,12970,14069,14808,15910,14213,14659,16295,18619,19964,22943,26006,28813,36355,40654,41301,24878,26259,24925,23627,23603,26316,23335,20106,21629,25330,29878,31137,32374,30343,30840,29186,27416,27953,29488,39049,39868,41263
 "18045","Fountain, IN",3,CAINC4,7010,"...","Total employment ","Number of jobs",7709,7557,7545,7681,7900,7762,7626,7753,7778,7845,7664,7399,7448,6868,6803,6903,6582,6507,6486,6738,6810,6867,6736,6642,6824,6991,7466,7456,7901,8390,8304,8401,8000,7705,7704,7718,8003,8180,8248,8087,7300,7364,7739,7874,7482,7365,6878,6520,6593,6915,6819,6514,6796,7172
 "18045","Fountain, IN",3,CAINC4,7020,"..."," Wage and salary employment ","Number of jobs",5476,5334,5369,5411,5717,5581,5411,5635,5659,5722,5574,5323,5397,4816,4675,4815,4520,4520,4558,4742,4823,4826,4677,4607,4819,4906,5301,5329,5678,6203,6163,6229,6095,5784,5737,5803,6058,6137,6167,6073,5279,5352,5607,5788,5366,5273,4838,4703,4842,5122,5126,4770,4927,5217
 "18045","Fountain, IN",3,CAINC4,7040,"..."," Proprietors employment ","Number of jobs",2233,2223,2176,2270,2183,2181,2215,2118,2119,2123,2090,2076,2051,2052,2128,2088,2062,1987,1928,1996,1987,2041,2059,2035,2005,2085,2165,2127,2223,2187,2141,2172,1905,1921,1967,1915,1945,2043,2081,2014,2021,2012,2132,2086,2116,2092,2040,1817,1751,1793,1693,1744,1869,1955
 "18047","Franklin, IN",3,CAINC4,10,"...","Personal income (thousands of dollars) ","Thousands of dollars",49378,50395,55699,62773,76197,79673,88388,99707,107971,120429,135407,150348,162853,175007,178408,205773,209857,218371,229974,245352,268125,283430,292607,323341,348113,375886,386176,429855,472515,525566,543892,585315,631780,626741,627877,682573,708333,776558,800291,832268,817955,857368,897643,915650,921432,928262,964421,973801,1008557,1031632,1059803,1164049,1275576,1282078
 "18047","Franklin, IN",3,CAINC4,11,"..."," Nonfarm personal income 1/","Thousands of dollars",43255,45588,50741,57442,67284,72938,79205,89984,101269,114126,129939,146502,158241,170102,182449,198084,206110,217257,226155,247419,264956,279107,293692,317049,344546,371857,387345,426646,470107,524084,542413,577381,620352,625606,615346,666000,697636,770069,799164,823337,805116,847905,885519,903328,894349,914530,963206,965646,999129,1023478,1050978,1143958,1250152,1259774
 "18047","Franklin, IN",3,CAINC4,12,"..."," Farm income 2/","Thousands of dollars",6123,4807,4958,5331,8913,6735,9183,9723,6702,6303,5468,3846,4612,4905,-4041,7689,3747,1114,3819,-2067,3169,4323,-1085,6292,3567,4029,-1169,3209,2408,1482,1479,7934,11428,1135,12531,16573,10697,6489,1127,8931,12839,9463,12124,12322,27083,13732,1215,8155,9428,8154,8825,20091,25424,22304
 "18047","Franklin, IN",3,CAINC4,20,"...","Population (persons) 3/","Number of persons",16972,17029,17434,17383,17789,17739,17894,18240,18688,18768,19191,19679,19908,19788,19856,19913,19852,19656,19606,19724,19597,19605,19721,19814,19917,20127,20854,21169,21330,21665,21981,22252,22315,22475,22700,22852,23049,23122,23276,23330,23195,23058,23044,23040,22987,23002,22963,22787,22716,22768,22779,22793,22857,23028
 "18047","Franklin, IN",3,CAINC4,30,"...","Per capita personal income (dollars) 4/","Dollars",2909,2959,3195,3611,4283,4491,4940,5466,5778,6417,7056,7640,8180,8844,8985,10334,10571,11110,11730,12439,13682,14457,14837,16319,17478,18676,18518,20306,22153,24259,24744,26304,28312,27886,27660,29869,30732,33585,34383,35674,35264,37183,38953,39742,40085,40356,41999,42735,44399,45311,46525,51070,55807,55675
 "18047","Franklin, IN",3,CAINC4,35,"...","Earnings by place of work ","Thousands of dollars",24319,23518,25529,27521,33638,31021,32864,37749,38055,40975,43344,44494,47002,48588,44447,60443,58192,59202,66914,69501,82848,86381,84303,93690,98214,107530,111710,125326,139935,159580,158603,176573,196612,193086,210721,223963,222575,233380,226304,230474,230731,223463,237479,244412,264640,276579,270823,281854,282427,284673,288475,318134,339973,356941
 "18047","Franklin, IN",3,CAINC4,36,"...","Less: Contributions for government social insurance 5/","Thousands of dollars",1175,1213,1387,1581,1946,2035,1956,2275,2518,2879,3280,3574,4032,4290,4626,5083,5507,5994,6475,7601,8733,9262,9779,10004,10887,12193,13353,14280,15784,16992,17077,17887,20002,20905,21878,23166,24071,26579,27446,27745,27453,26025,24528,24749,28468,31108,31888,33125,33989,35640,36536,41602,43264,47215
 "18047","Franklin, IN",3,CAINC4,37,"..."," Employee and self-employed contributions for government social insurance ","Thousands of dollars",698,718,806,913,1103,1195,1171,1319,1434,1622,1839,2035,2294,2491,2677,2919,3232,3506,3798,4535,5198,5397,5823,6023,6709,7445,8140,8439,9332,10133,10004,10447,11469,12079,12582,13444,14138,16434,16955,17070,17008,16493,14381,14683,18003,19490,19987,20967,21794,23084,23715,27053,28396,31545
 "18047","Franklin, IN",3,CAINC4,38,"..."," Employer contributions for government social insurance ","Thousands of dollars",477,495,581,668,843,840,785,956,1084,1257,1441,1539,1738,1799,1949,2164,2275,2488,2677,3066,3535,3865,3956,3981,4178,4748,5213,5841,6452,6859,7073,7440,8533,8826,9296,9722,9933,10145,10491,10675,10445,9532,10147,10066,10465,11618,11901,12158,12195,12556,12821,14549,14868,15670
 "18047","Franklin, IN",3,CAINC4,42,"...","Plus: Adjustment for residence 6/","Thousands of dollars",16423,16823,18636,22163,27496,30858,33459,39226,44652,51369,59969,65887,69303,71289,76023,82474,85661,89948,96099,103315,107515,111810,115622,131120,146478,155662,157263,171181,185727,208120,228066,232887,239581,242998,225745,254131,270229,300656,320153,321128,303048,339599,355437,365032,347130,353438,354810,357886,370724,375229,384737,392546,422905,432742
 "18047","Franklin, IN",3,CAINC4,45,"...","Equals: Net earnings by place of residence ","Thousands of dollars",39567,39128,42778,48103,59188,59844,64367,74700,80189,89465,100033,106807,112273,115587,115844,137834,138346,143156,156538,165215,181630,188929,190146,214806,233805,250999,255620,282227,309878,350708,369592,391573,416191,415179,414588,454928,468733,507457,519011,523857,506326,537037,568388,584695,583302,598909,593745,606615,619162,624262,636676,669078,719614,742468
 "18047","Franklin, IN",3,CAINC4,46,"...","Plus: Dividends, interest, and rent 7/","Thousands of dollars",6134,7165,8205,9114,10922,12570,14115,15478,17907,19760,22526,27375,32929,39067,41141,44945,47100,49811,47599,52691,56581,59144,61349,60580,61390,68649,71624,85062,97853,112995,109574,123894,136691,124234,125321,128563,129243,148864,151064,159804,145808,144818,153529,149125,154885,153813,170298,164542,177376,186176,189170,190042,208165,223835
 "18047","Franklin, IN",3,CAINC4,47,"...","Plus: Personal current transfer receipts ","Thousands of dollars",3677,4102,4716,5556,6087,7259,9906,9529,9875,11204,12848,16166,17651,20353,21423,22994,24411,25404,25837,27446,29914,35357,41112,47955,52918,56238,58932,62566,64784,61863,64726,69848,78898,87328,87968,99082,110357,120237,130216,148607,165821,175513,175726,181830,183245,175540,200378,202644,212019,221194,233957,304929,347797,315775
 "18047","Franklin, IN",3,CAINC4,50,"...","Wages and salaries ","Thousands of dollars",11573,12057,13485,14284,15603,15189,14431,16805,19001,21121,23656,25969,27577,28626,30292,32167,34096,37057,40584,44745,50565,54069,54951,55288,58002,63904,69144,76523,84061,89778,93004,99122,116791,121078,124854,130259,130381,135112,139238,142278,137955,125484,129195,130097,136730,152388,156019,162048,165575,172155,173828,189587,194536,213533
 "18047","Franklin, IN",3,CAINC4,60,"...","Supplements to wages and salaries ","Thousands of dollars",1297,1353,1564,1725,2013,2102,2123,2503,2878,3343,3827,4250,4676,5060,5573,6486,7128,7980,8907,9858,11801,12882,13546,14282,15055,16579,17445,18771,20404,21600,22644,26060,30278,30348,33108,34622,36248,37747,38490,40237,37121,35531,37045,37446,38500,46686,45234,46117,45604,48652,49111,52099,51694,54103
 "18047","Franklin, IN",3,CAINC4,61,"..."," Employer contributions for employee pension and insurance funds 8/","Thousands of dollars",820,858,983,1057,1170,1262,1338,1547,1794,2086,2386,2711,2938,3261,3624,4322,4853,5492,6230,6792,8266,9017,9590,10301,10877,11831,12232,12930,13952,14741,15571,18620,21745,21522,23812,24900,26315,27602,27999,29562,26676,25999,26898,27380,28035,35068,33333,33959,33409,36096,36290,37550,36826,38433
 "18047","Franklin, IN",3,CAINC4,62,"..."," Employer contributions for government social insurance ","Thousands of dollars",477,495,581,668,843,840,785,956,1084,1257,1441,1539,1738,1799,1949,2164,2275,2488,2677,3066,3535,3865,3956,3981,4178,4748,5213,5841,6452,6859,7073,7440,8533,8826,9296,9722,9933,10145,10491,10675,10445,9532,10147,10066,10465,11618,11901,12158,12195,12556,12821,14549,14868,15670
 "18047","Franklin, IN",3,CAINC4,70,"...","Proprietors' income 9/","Thousands of dollars",11449,10108,10480,11512,16022,13730,16310,18441,16176,16511,15861,14275,14749,14902,8582,21790,16968,14165,17423,14898,20482,19430,15806,24120,25157,27047,25121,30032,35470,48202,42955,51391,49543,41660,52759,59082,55946,60521,48576,47959,55655,62448,71239,76869,89410,77505,69570,73689,71248,63866,65536,76448,93743,89305
 "18047","Franklin, IN",3,CAINC4,71,"..."," Farm proprietors' income ","Thousands of dollars",5839,4507,4651,5008,8513,6236,8571,8964,5789,5461,4492,2771,3464,3592,-5205,6631,2789,311,3120,-2795,2431,3520,-1815,5559,2771,3276,-1892,2520,1648,677,784,7304,10803,606,11912,15866,9992,5799,255,7954,11600,8031,10681,10463,25156,11710,-441,6458,7369,5894,7063,18212,23757,20414
 "18047","Franklin, IN",3,CAINC4,72,"..."," Nonfarm proprietors' income ","Thousands of dollars",5610,5601,5829,6504,7509,7494,7739,9477,10387,11050,11369,11504,11285,11310,13787,15159,14179,13854,14303,17693,18051,15910,17621,18561,22386,23771,27013,27512,33822,47525,42171,44087,38740,41054,40847,43216,45954,54722,48321,40005,44055,54417,60558,66406,64254,65795,70011,67231,63879,57972,58473,58236,69986,68891
 "18047","Franklin, IN",3,CAINC4,7010,"...","Total employment ","Number of jobs",4466,4330,4446,4456,4576,4475,4247,4448,4591,4717,4841,4909,4953,4858,4997,5010,5005,5060,5111,5214,5342,5413,5591,5687,5805,6011,6257,6626,6805,6943,6873,7038,8228,7468,7562,7745,7737,7863,7905,7931,7633,7249,7380,7183,7432,8023,7879,8389,8134,7826,7834,7933,8046,8448
 "18047","Franklin, IN",3,CAINC4,7020,"..."," Wage and salary employment ","Number of jobs",2618,2525,2623,2566,2638,2537,2266,2408,2499,2573,2700,2758,2772,2688,2758,2781,2770,2867,2948,3074,3264,3336,3436,3478,3540,3733,3907,4291,4466,4529,4574,4698,5050,5037,5145,5250,5134,5163,5140,5177,4872,4443,4545,4417,4647,5159,5064,4950,4711,4832,4890,4864,4913,5161
 "18047","Franklin, IN",3,CAINC4,7040,"..."," Proprietors employment ","Number of jobs",1848,1805,1823,1890,1938,1938,1981,2040,2092,2144,2141,2151,2181,2170,2239,2229,2235,2193,2163,2140,2078,2077,2155,2209,2265,2278,2350,2335,2339,2414,2299,2340,3178,2431,2417,2495,2603,2700,2765,2754,2761,2806,2835,2766,2785,2864,2815,3439,3423,2994,2944,3069,3133,3287
 "18049","Fulton, IN",3,CAINC4,10,"...","Personal income (thousands of dollars) ","Thousands of dollars",58935,60271,71213,77426,97596,95957,103051,118542,120897,132387,152022,155077,170068,173266,179813,214435,221238,230757,246137,255267,280369,287156,289091,320501,341678,362385,378954,408778,434848,454943,453253,485670,492281,496287,513282,545377,555546,575864,607244,652298,619319,658181,706660,736597,758286,757126,760331,768382,789895,830059,854853,935974,1013063,1017922
 "18049","Fulton, IN",3,CAINC4,11,"..."," Nonfarm personal income 1/","Thousands of dollars",52790,55410,63774,70233,79806,89098,88956,102068,112303,124817,142730,154958,169224,173357,186302,205309,214183,225219,237283,255005,265405,276411,286828,310865,332685,350279,375750,394080,420015,447108,453625,479412,486817,493794,505779,527210,547726,572479,595911,630190,616690,640330,675251,711458,680640,717625,751511,746979,777010,817698,847746,907297,960510,969321
 "18049","Fulton, IN",3,CAINC4,12,"..."," Farm income 2/","Thousands of dollars",6145,4861,7439,7193,17790,6859,14095,16474,8594,7570,9292,119,844,-91,-6489,9126,7055,5538,8854,262,14964,10745,2263,9636,8993,12106,3204,14698,14833,7835,-372,6258,5464,2493,7503,18167,7820,3385,11333,22108,2629,17851,31409,25139,77646,39501,8820,21403,12885,12361,7107,28677,52553,48601
 "18049","Fulton, IN",3,CAINC4,20,"...","Population (persons) 3/","Number of persons",16989,17102,17742,17995,18207,18243,18312,18345,18542,19134,19273,19324,19241,19114,18922,18814,18840,18585,18538,18616,18795,18871,18909,19031,19319,19479,19628,19896,20081,20283,20448,20549,20509,20464,20379,20466,20540,20563,20571,20670,20772,20828,20788,20735,20593,20703,20568,20412,20324,20458,20427,20469,20380,20327
 "18049","Fulton, IN",3,CAINC4,30,"...","Per capita personal income (dollars) 4/","Dollars",3469,3524,4014,4303,5360,5260,5628,6462,6520,6919,7888,8025,8839,9065,9503,11398,11743,12416,13277,13712,14917,15217,15289,16841,17686,18604,19307,20546,21655,22430,22166,23635,24003,24252,25187,26648,27047,28005,29519,31558,29815,31601,33994,35524,36823,36571,36967,37644,38865,40574,41849,45726,49709,50077
 "18049","Fulton, IN",3,CAINC4,35,"...","Earnings by place of work ","Thousands of dollars",43180,42189,51941,56178,73549,69040,67974,81338,78283,86241,99511,93936,100446,94497,98968,128327,133152,138236,154840,162554,177810,183470,180484,205034,216810,231782,236506,255749,274035,279331,276504,290812,281124,289284,296844,315736,319897,321930,337273,349716,305899,343965,374238,394113,430162,400131,385135,401041,414200,443515,455343,469198,508871,532045
 "18049","Fulton, IN",3,CAINC4,36,"...","Less: Contributions for government social insurance 5/","Thousands of dollars",2496,2524,3131,3639,4727,5523,4617,5657,6057,7022,8384,8775,10071,9770,10788,12420,13507,14264,15406,17836,18002,19704,20682,22511,24127,25701,27429,27965,29964,30423,31081,31728,31118,32560,33304,34738,36925,38068,39586,40149,37718,39084,36502,38548,42021,42941,44299,43991,45706,48351,50387,51464,53435,57210
 "18049","Fulton, IN",3,CAINC4,37,"..."," Employee and self-employed contributions for government social insurance ","Thousands of dollars",1373,1385,1689,1927,2460,2927,2546,2968,3137,3603,4308,4570,5258,5189,5636,6398,7164,7610,8352,9583,9959,10691,11325,12299,13212,14223,15222,15458,16508,16740,16928,17207,16899,17748,18034,18801,20044,21064,21937,22439,21243,22115,18469,19459,23691,24316,25191,25520,27016,29034,30291,30807,32322,35103
 "18049","Fulton, IN",3,CAINC4,38,"..."," Employer contributions for government social insurance ","Thousands of dollars",1123,1139,1442,1712,2267,2596,2071,2689,2920,3419,4076,4205,4813,4581,5152,6022,6343,6654,7054,8253,8043,9013,9357,10212,10915,11478,12207,12507,13456,13683,14153,14521,14219,14812,15270,15937,16881,17004,17649,17710,16475,16969,18033,19089,18330,18625,19108,18471,18690,19317,20096,20657,21113,22107
 "18049","Fulton, IN",3,CAINC4,42,"...","Plus: Adjustment for residence 6/","Thousands of dollars",4822,5153,4951,5890,6610,7009,9032,10294,12241,13965,14568,15063,15269,16045,16349,18154,18441,20227,21273,20172,24038,23766,25607,28310,31442,36732,39907,42888,44739,52547,58227,61814,63906,66195,72027,80541,83375,86948,92536,95902,91373,90167,92929,88570,93403,99998,112683,102430,103685,107099,108320,106164,110282,118977
 "18049","Fulton, IN",3,CAINC4,45,"...","Equals: Net earnings by place of residence ","Thousands of dollars",45506,44818,53761,58429,75432,70526,72389,85975,84467,93184,105695,100224,105644,100772,104529,134061,138086,144199,160707,164890,183846,187532,185409,210833,224125,242813,248984,270672,288810,301455,303650,320898,313912,322919,335567,361539,366347,370810,390223,405469,359554,395048,430665,444135,481544,457188,453519,459480,472179,502263,513276,523898,565718,593812
 "18049","Fulton, IN",3,CAINC4,46,"...","Plus: Dividends, interest, and rent 7/","Thousands of dollars",8565,9818,11063,12115,13936,15673,18428,19947,22929,24723,29193,34219,40333,44680,45615,50080,51380,53242,51518,53988,58644,58468,58724,59784,63073,61742,70903,74737,80929,86343,81291,88942,94694,83755,83904,84823,80326,85549,95094,105865,102874,99761,112499,124547,111486,124016,124304,125885,129128,131855,132924,144624,146379,157708
 "18049","Fulton, IN",3,CAINC4,47,"...","Plus: Personal current transfer receipts ","Thousands of dollars",4864,5635,6389,6882,8228,9758,12234,12620,13501,14480,17134,20634,24091,27814,29669,30294,31772,33316,33912,36389,37879,41156,44958,49884,54480,57830,59067,63369,65109,67145,68312,75830,83675,89613,93811,99015,108873,119505,121927,140964,156891,163372,163496,167915,165256,175922,182508,183017,188588,195941,208653,267452,300966,266402
 "18049","Fulton, IN",3,CAINC4,50,"...","Wages and salaries ","Thousands of dollars",26883,27618,33245,36538,41546,46619,38865,47578,51396,57529,66893,69918,75079,70927,77186,85617,91277,95239,102917,115956,114395,124193,127240,138467,146477,154584,166137,172987,185628,188326,194070,199996,195928,202681,205161,213379,223314,226507,235722,237307,217533,226072,234798,250123,240966,245862,254639,249970,257052,268955,277605,280637,293697,312463
 "18049","Fulton, IN",3,CAINC4,60,"...","Supplements to wages and salaries ","Thousands of dollars",2833,3012,3648,4336,5196,5932,5449,6852,7820,9003,10592,11409,12619,12676,14931,16945,18234,20037,21876,25455,26251,29137,31047,35178,37990,39829,40255,40300,41911,42617,45322,48197,46857,49031,51659,53494,57600,58926,61760,62442,55010,57952,60394,63925,60731,65455,64663,64219,65880,71165,71039,70644,70631,71488
 "18049","Fulton, IN",3,CAINC4,61,"..."," Employer contributions for employee pension and insurance funds 8/","Thousands of dollars",1710,1873,2206,2624,2929,3336,3378,4163,4900,5584,6516,7204,7806,8095,9779,10923,11891,13383,14822,17202,18208,20124,21690,24966,27075,28351,28048,27793,28455,28934,31169,33676,32638,34219,36389,37557,40719,41922,44111,44732,38535,40983,42361,44836,42401,46830,45555,45748,47190,51848,50943,49987,49518,49381
 "18049","Fulton, IN",3,CAINC4,62,"..."," Employer contributions for government social insurance ","Thousands of dollars",1123,1139,1442,1712,2267,2596,2071,2689,2920,3419,4076,4205,4813,4581,5152,6022,6343,6654,7054,8253,8043,9013,9357,10212,10915,11478,12207,12507,13456,13683,14153,14521,14219,14812,15270,15937,16881,17004,17649,17710,16475,16969,18033,19089,18330,18625,19108,18471,18690,19317,20096,20657,21113,22107
 "18049","Fulton, IN",3,CAINC4,70,"...","Proprietors' income 9/","Thousands of dollars",13464,11559,15048,15304,26807,16489,23660,26908,19067,19709,22026,12609,12748,10894,6851,25765,23641,22960,30047,21143,37164,30140,22197,31389,32343,37369,30114,42462,46496,48388,37112,42619,38339,37572,40024,48863,38983,36497,39791,49967,33356,59941,79046,80065,128465,88814,65833,86852,91268,103395,106699,117917,144543,148094
 "18049","Fulton, IN",3,CAINC4,71,"..."," Farm proprietors' income ","Thousands of dollars",5793,4475,7030,6751,17253,6162,13252,15414,7314,6493,8105,-1137,-407,-1534,-7893,7715,5615,4182,7497,-1171,13500,9118,758,8101,7439,10721,1947,13570,13667,6416,-1777,4794,3813,892,5776,16323,6104,1811,9528,20362,599,15633,29267,22477,74885,36603,6453,18980,9937,9128,4594,25994,50169,45888
 "18049","Fulton, IN",3,CAINC4,72,"..."," Nonfarm proprietors' income ","Thousands of dollars",7671,7084,8018,8553,9554,10327,10408,11494,11753,13216,13921,13746,13155,12428,14744,18050,18026,18778,22550,22314,23664,21022,21439,23288,24904,26648,28167,28892,32829,41972,38889,37825,34526,36680,34248,32540,32879,34686,30263,29605,32757,44308,49779,57588,53580,52211,59380,67872,81331,94267,102105,91923,94374,102206
 "18049","Fulton, IN",3,CAINC4,7010,"...","Total employment ","Number of jobs",7697,7528,7902,8173,8623,8762,7959,8574,8747,8845,9120,8924,8724,8225,8624,9056,9096,9067,9221,9600,9445,9686,9705,9793,10088,10249,10871,10929,11049,11138,11154,11073,10334,10229,10139,10178,10352,10361,10420,10081,9488,9564,9811,9842,9686,9561,9529,9411,9506,9766,9586,9353,9380,9632
 "18049","Fulton, IN",3,CAINC4,7020,"..."," Wage and salary employment ","Number of jobs",5099,5011,5385,5566,5951,6113,5372,6009,6192,6301,6640,6479,6324,5807,6124,6549,6547,6537,6670,7041,6932,7084,7099,7199,7428,7606,8144,8106,8174,8092,8089,7934,7501,7437,7315,7307,7411,7398,7390,7162,6551,6684,6913,7096,6899,6787,6771,6685,6729,6916,6871,6524,6534,6646
 "18049","Fulton, IN",3,CAINC4,7040,"..."," Proprietors employment ","Number of jobs",2598,2517,2517,2607,2672,2649,2587,2565,2555,2544,2480,2445,2400,2418,2500,2507,2549,2530,2551,2559,2513,2602,2606,2594,2660,2643,2727,2823,2875,3046,3065,3139,2833,2792,2824,2871,2941,2963,3030,2919,2937,2880,2898,2746,2787,2774,2758,2726,2777,2850,2715,2829,2846,2986
 "18051","Gibson, IN",3,CAINC4,10,"...","Personal income (thousands of dollars) ","Thousands of dollars",102463,105140,120409,132348,159437,166291,189476,209800,228369,250917,273152,304990,336105,359005,361129,406890,419227,437624,451250,465811,494531,509025,515549,562649,570551,593497,612134,657541,679937,702350,737809,791904,852267,888710,962825,1005468,1009958,1042304,1056539,1119977,1072845,1133131,1192229,1231323,1322436,1339512,1341112,1388056,1434208,1491995,1532446,1667849,1777597,1813261
 "18051","Gibson, IN",3,CAINC4,11,"..."," Nonfarm personal income 1/","Thousands of dollars",94724,101474,111094,123078,139650,151406,168691,191154,219558,241361,268018,300014,335579,359478,371106,396879,411611,427515,440496,455036,478323,499509,514984,549138,559019,587563,607184,629801,664089,690696,727914,770425,828977,879948,943695,969382,991159,1028116,1041071,1079731,1049745,1101667,1143852,1206509,1242413,1310894,1340047,1369874,1414048,1472030,1513637,1625481,1716145,1761095
 "18051","Gibson, IN",3,CAINC4,12,"..."," Farm income 2/","Thousands of dollars",7739,3666,9315,9270,19787,14885,20785,18646,8811,9556,5134,4976,526,-473,-9977,10011,7616,10109,10754,10775,16208,9516,565,13511,11532,5934,4950,27740,15848,11654,9895,21479,23290,8762,19130,36086,18799,14188,15468,40246,23100,31464,48377,24814,80023,28618,1065,18182,20160,19965,18809,42368,61452,52166
 "18051","Gibson, IN",3,CAINC4,20,"...","Population (persons) 3/","Number of persons",30425,30526,30953,30770,31626,31591,31771,31703,32292,32703,33065,33266,33634,33806,33760,33510,32975,32631,32370,32176,32231,31878,31794,31776,31983,32002,31975,32000,31993,32101,32294,32491,32647,32684,32934,33198,33268,33429,33290,33331,33345,33526,33430,33361,33244,33407,33255,33192,33175,32992,33001,33055,32954,32993
 "18051","Gibson, IN",3,CAINC4,30,"...","Per capita personal income (dollars) 4/","Dollars",3368,3444,3890,4301,5041,5264,5964,6618,7072,7673,8261,9168,9993,10620,10697,12142,12713,13411,13940,14477,15343,15968,16215,17707,17839,18546,19144,20548,21253,21879,22847,24373,26106,27191,29235,30287,30358,31180,31737,33602,32174,33799,35663,36909,39780,40097,40328,41819,43232,45223,46436,50457,53942,54959
 "18051","Gibson, IN",3,CAINC4,35,"...","Earnings by place of work ","Thousands of dollars",64446,62767,72887,81370,101240,100452,114260,127497,138221,154342,156892,167865,180499,182574,178033,208143,214603,230671,248951,255155,267453,276058,274565,303223,304262,304972,303444,340012,349138,415988,457157,546398,623580,707254,841946,951340,986572,1017380,1025946,1028661,953975,1052326,1106536,1189982,1339252,1373526,1388880,1460663,1483842,1552893,1589179,1593460,1737016,1822073
 "18051","Gibson, IN",3,CAINC4,36,"...","Less: Contributions for government social insurance 5/","Thousands of dollars",4024,4152,4621,5545,7131,7926,8579,9997,11862,13540,14713,15905,19015,19739,20066,21737,23223,24947,26503,28425,29462,32024,33416,34878,35525,36842,37210,38364,40591,47051,49642,56520,69629,80849,95432,106066,110681,114792,115986,114511,110772,120844,111064,121620,149659,159087,165018,169182,170092,177650,186112,196153,214225,215311
 "18051","Gibson, IN",3,CAINC4,37,"..."," Employee and self-employed contributions for government social insurance ","Thousands of dollars",2190,2278,2527,2965,3709,4112,4438,5009,5821,6615,7261,7945,9534,10041,10178,10835,11914,12809,13759,14871,15770,16773,17593,18487,19017,19850,20118,20684,21957,25430,27675,31703,36120,41856,48752,54196,57720,60161,61288,60634,58138,62923,50465,54803,76827,81448,83980,86776,88666,93437,97026,98333,105688,112614
 "18051","Gibson, IN",3,CAINC4,38,"..."," Employer contributions for government social insurance ","Thousands of dollars",1834,1874,2094,2580,3422,3814,4141,4988,6041,6925,7452,7960,9481,9698,9888,10902,11309,12138,12744,13554,13692,15251,15823,16391,16508,16992,17092,17680,18634,21621,21967,24817,33509,38993,46680,51870,52961,54631,54698,53877,52634,57921,60599,66817,72832,77639,81038,82406,81426,84213,89086,97820,108537,102697
 "18051","Gibson, IN",3,CAINC4,42,"...","Plus: Adjustment for residence 6/","Thousands of dollars",16986,17910,19581,21037,23726,25764,28557,32005,34349,36975,48220,52254,53072,58747,59462,67344,67500,66943,64866,67844,70932,76324,78962,87447,91904,106894,107628,111975,116114,75378,69405,29562,15057,-16192,-70383,-132347,-160191,-177337,-191277,-179452,-159346,-194920,-213419,-269255,-305142,-346374,-369735,-396703,-392496,-407273,-418072,-395682,-448135,-457991
 "18051","Gibson, IN",3,CAINC4,45,"...","Equals: Net earnings by place of residence ","Thousands of dollars",77408,76525,87847,96862,117835,118290,134238,149505,160708,177777,190399,204214,214556,221582,217429,253750,258880,272667,287314,294574,308923,320358,320111,355792,360641,375024,373862,413623,424661,444315,476920,519440,569008,610213,676131,712927,715700,725251,718683,734698,683857,736562,782053,799107,884451,868065,854127,894778,921254,967970,984995,1001625,1074656,1148771
 "18051","Gibson, IN",3,CAINC4,46,"...","Plus: Dividends, interest, and rent 7/","Thousands of dollars",14991,16931,18822,20375,23505,26851,30127,33567,39268,42193,47614,59598,74161,85800,88542,95402,100503,101196,98636,103678,112620,111200,112068,113098,113187,114836,133548,135099,143877,143343,139597,146012,141911,130637,132213,134953,123069,130505,142355,164435,156420,151872,166539,179647,180771,194251,197555,199094,211323,210810,215786,231924,221381,238484
 "18051","Gibson, IN",3,CAINC4,47,"...","Plus: Personal current transfer receipts ","Thousands of dollars",10064,11684,13740,15111,18097,21150,25111,26728,28393,30947,35139,41178,47388,51623,55158,57738,59844,63761,65300,67559,72988,77467,83370,93759,96723,103637,104724,108819,111399,114692,121292,126452,141348,147860,154481,157588,171189,186548,195501,220844,232568,244697,243637,252569,257214,277196,289430,294184,301631,313215,331665,434300,481560,426006
 "18051","Gibson, IN",3,CAINC4,50,"...","Wages and salaries ","Thousands of dollars",42613,44378,47581,54421,61475,64946,71099,81818,97353,107840,113576,124007,139363,142351,142691,148585,155423,165788,176462,182327,186141,200372,205164,214368,214535,218173,220329,228831,244683,295787,328647,391988,446938,519786,617342,697241,734053,751186,757768,734627,702881,774373,805850,886445,962340,1026805,1065844,1111282,1131175,1178067,1206738,1179433,1277167,1371406
 "18051","Gibson, IN",3,CAINC4,60,"...","Supplements to wages and salaries ","Thousands of dollars",4958,5200,5757,6936,8008,8554,9986,11749,14652,17049,18081,20117,22675,24440,26358,28431,30782,33943,37220,38085,40902,45676,48954,53333,54427,54996,53726,54372,55625,65827,75401,91658,112174,132579,162263,176752,187570,195244,197528,197736,177426,190127,193312,213800,227069,251451,257789,268760,269621,284415,286620,297090,311433,304641
 "18051","Gibson, IN",3,CAINC4,61,"..."," Employer contributions for employee pension and insurance funds 8/","Thousands of dollars",3124,3326,3663,4356,4586,4740,5845,6761,8611,10124,10629,12157,13194,14742,16470,17529,19473,21805,24476,24531,27210,30425,33131,36942,37919,38004,36634,36692,36991,44206,53434,66841,78665,93586,115583,124882,134609,140613,142830,143859,124792,132206,132713,146983,154237,173812,176751,186354,188195,200202,197534,199270,202896,201944
 "18051","Gibson, IN",3,CAINC4,62,"..."," Employer contributions for government social insurance ","Thousands of dollars",1834,1874,2094,2580,3422,3814,4141,4988,6041,6925,7452,7960,9481,9698,9888,10902,11309,12138,12744,13554,13692,15251,15823,16391,16508,16992,17092,17680,18634,21621,21967,24817,33509,38993,46680,51870,52961,54631,54698,53877,52634,57921,60599,66817,72832,77639,81038,82406,81426,84213,89086,97820,108537,102697
 "18051","Gibson, IN",3,CAINC4,70,"...","Proprietors' income 9/","Thousands of dollars",16875,13189,19549,20013,31757,26952,33175,33930,26216,29453,25235,23741,18461,15783,8984,31127,28398,30940,35269,34743,40410,30010,20447,35522,35300,31803,29389,56809,48830,54374,53109,62752,64468,54889,62341,77347,64949,70950,70650,96298,73668,87826,107374,89737,149843,95270,65247,80621,83046,90411,95821,116937,148416,146026
 "18051","Gibson, IN",3,CAINC4,71,"..."," Farm proprietors' income ","Thousands of dollars",6796,2617,8200,8055,18291,12938,18713,16327,6294,7591,3041,2838,-1561,-2788,-12215,7777,5361,7981,8616,8630,14139,7332,-1355,11648,9365,3749,2719,25506,13273,8947,7578,19407,21258,7084,17154,33813,16559,12001,12800,36792,18306,25556,42051,16364,71259,19434,-6485,10435,10816,9664,10727,33752,53821,43573
 "18051","Gibson, IN",3,CAINC4,72,"..."," Nonfarm proprietors' income ","Thousands of dollars",10079,10572,11349,11958,13466,14014,14462,17603,19922,21862,22194,20903,20022,18571,21199,23350,23037,22959,26653,26113,26271,22678,21802,23874,25935,28054,26670,31303,35557,45427,45531,43345,43210,47805,45187,43534,48390,58949,57850,59506,55362,62270,65323,73373,78584,75836,71732,70186,72230,80747,85094,83185,94595,102453
 "18051","Gibson, IN",3,CAINC4,7010,"...","Total employment ","Number of jobs",11034,10829,10964,11712,12258,12034,11965,12532,13416,13806,13571,13522,13428,12946,12930,13245,13409,13496,13869,13805,13909,14086,14127,14336,14230,14024,14167,14244,14335,15335,15876,17009,16385,17297,18915,19288,19760,20035,19954,19697,19330,20489,21325,22231,23439,23922,24411,24665,24661,25095,25311,24726,24993,25694
 "18051","Gibson, IN",3,CAINC4,7020,"..."," Wage and salary employment ","Number of jobs",7884,7690,7837,8495,9047,8881,8855,9324,10135,10463,10249,10181,10149,9619,9515,9757,9821,9936,10174,10386,10609,10860,10894,11178,11067,10853,10868,10928,10946,11564,12186,13228,13455,14364,16049,16434,16807,17055,16928,16602,16257,17434,18239,19107,20236,20713,21275,21609,21632,22100,22399,21706,21906,22437
 "18051","Gibson, IN",3,CAINC4,7040,"..."," Proprietors employment ","Number of jobs",3150,3139,3127,3217,3211,3153,3110,3208,3281,3343,3322,3341,3279,3327,3415,3488,3588,3560,3695,3419,3300,3226,3233,3158,3163,3171,3299,3316,3389,3771,3690,3781,2930,2933,2866,2854,2953,2980,3026,3095,3073,3055,3086,3124,3203,3209,3136,3056,3029,2995,2912,3020,3087,3257
 "18053","Grant, IN",3,CAINC4,10,"...","Personal income (thousands of dollars) ","Thousands of dollars",290740,296703,330610,366423,418290,428633,458061,512218,569798,616520,659001,694533,754775,778689,834687,914542,978543,989307,1004479,1081285,1169923,1211552,1246550,1305037,1367120,1438768,1465599,1516953,1559890,1581171,1642802,1687528,1750451,1790537,1817162,1814101,1801815,1878028,1948927,2086055,2084636,2137530,2213974,2326980,2355821,2414895,2480422,2475406,2497580,2623505,2601114,2820022,3109139,3176166
 "18053","Grant, IN",3,CAINC4,11,"..."," Nonfarm personal income 1/","Thousands of dollars",283175,291378,322083,360190,401021,418165,443891,499075,559681,605598,648518,687721,753402,774393,838220,908096,970663,984784,995987,1076654,1158992,1198678,1236832,1296294,1352168,1428072,1462709,1506986,1542531,1577011,1640630,1680360,1740354,1788670,1805913,1787720,1786817,1865279,1934913,2052974,2056547,2120383,2181693,2292035,2281899,2374834,2469786,2450703,2486791,2607257,2589237,2795623,3064192,3136288
 "18053","Grant, IN",3,CAINC4,12,"..."," Farm income 2/","Thousands of dollars",7565,5325,8527,6233,17269,10468,14170,13143,10117,10922,10483,6812,1373,4296,-3533,6446,7880,4523,8492,4631,10931,12874,9718,8743,14952,10696,2890,9967,17359,4160,2172,7168,10097,1867,11249,26381,14998,12749,14014,33081,28089,17147,32281,34945,73922,40061,10636,24703,10789,16248,11877,24399,44947,39878
 "18053","Grant, IN",3,CAINC4,20,"...","Population (persons) 3/","Number of persons",83261,83858,83433,84052,84080,83309,83264,82753,82487,82090,81204,80718,79672,78249,77560,77491,76730,75848,75105,74570,74461,74215,74401,74483,74307,74360,74483,74309,73964,73902,73740,73325,72905,72425,72113,71479,70803,70448,70012,70250,70195,69939,69795,69402,69307,68927,68209,67516,67278,67137,66980,66475,66203,66022
 "18053","Grant, IN",3,CAINC4,30,"...","Per capita personal income (dollars) 4/","Dollars",3492,3538,3963,4359,4975,5145,5501,6190,6908,7510,8115,8604,9474,9951,10762,11802,12753,13043,13374,14500,15712,16325,16754,17521,18398,19349,19677,20414,21090,21396,22278,23014,24010,24723,25199,25379,25448,26658,27837,29695,29698,30563,31721,33529,33991,35036,36365,36664,37123,39077,38834,42422,46964,48108
 "18053","Grant, IN",3,CAINC4,35,"...","Earnings by place of work ","Thousands of dollars",275207,273468,302867,342805,394108,388910,397431,459883,518169,557857,591855,579558,623970,625605,678605,752348,818217,807282,821688,893786,972881,1013508,1019099,1046000,1084620,1140553,1139124,1160563,1187921,1185761,1245751,1254428,1246482,1284091,1309350,1301629,1271714,1322453,1345003,1401294,1388517,1428663,1497386,1543353,1596847,1603374,1631840,1616321,1570216,1665340,1663334,1694367,1850257,2014616
 "18053","Grant, IN",3,CAINC4,36,"...","Less: Contributions for government social insurance 5/","Thousands of dollars",18131,17808,20195,24588,31945,33377,32861,38987,44558,49112,54135,52806,61946,62730,70701,79342,88032,87336,87168,97471,106542,114457,116940,119293,124616,133540,134893,135335,137459,136347,142646,141792,142741,148724,152098,149988,150721,158709,162152,169103,169687,173692,160751,164847,186610,189574,195246,193211,192775,204219,208968,217815,230946,246378
 "18053","Grant, IN",3,CAINC4,37,"..."," Employee and self-employed contributions for government social insurance ","Thousands of dollars",9139,9065,10258,12163,15667,16380,16338,18882,21290,23249,25995,25805,30569,31131,34405,37881,43345,43348,43794,49679,54935,58701,60445,61588,64352,69142,70563,70520,72046,71257,74537,74058,73999,77510,78921,78491,79151,84253,86566,90167,90656,92818,76193,77715,99788,101884,105504,104849,105496,113171,115208,120348,127957,140122
 "18053","Grant, IN",3,CAINC4,38,"..."," Employer contributions for government social insurance ","Thousands of dollars",8992,8743,9937,12425,16278,16997,16523,20105,23268,25863,28140,27001,31377,31599,36296,41461,44687,43988,43374,47792,51607,55756,56495,57705,60264,64398,64330,64815,65413,65090,68109,67734,68742,71214,73177,71497,71570,74456,75586,78936,79031,80874,84558,87132,86822,87690,89742,88362,87279,91048,93760,97467,102989,106256
 "18053","Grant, IN",3,CAINC4,42,"...","Plus: Adjustment for residence 6/","Thousands of dollars",-19600,-18967,-20988,-25846,-28916,-27555,-27792,-33348,-39711,-41097,-43020,-39127,-43412,-45681,-52748,-56665,-65906,-60249,-58186,-66067,-72864,-78558,-74244,-66834,-62511,-60573,-53390,-50264,-46422,-34378,-37170,-29899,-32796,-41122,-43289,-30650,-22638,-28718,-26058,-28772,-48756,-66241,-78546,-89308,-73242,-69584,-66219,-53881,-41091,-48083,-50706,-46906,-42255,-44195
 "18053","Grant, IN",3,CAINC4,45,"...","Equals: Net earnings by place of residence ","Thousands of dollars",237476,236693,261684,292371,333247,327978,336778,387548,433900,467648,494700,487625,518612,517194,555156,616341,664279,659697,676334,730248,793475,820493,827915,859873,897493,946440,950841,974964,1004040,1015036,1065935,1082737,1070945,1094245,1113963,1120991,1098355,1135026,1156793,1203419,1170074,1188730,1258089,1289198,1336995,1344216,1370375,1369229,1336350,1413038,1403660,1429646,1577056,1724043
 "18053","Grant, IN",3,CAINC4,46,"...","Plus: Dividends, interest, and rent 7/","Thousands of dollars",33588,37094,41124,43861,50111,57422,64159,69060,77299,84738,91147,108505,130020,146418,156977,171454,179112,184952,179700,193532,211454,209811,218978,213970,223086,238021,253952,264898,273613,274384,266464,274559,312418,306822,300679,268734,246606,253137,288582,310264,287324,286498,291257,335328,312005,317247,328344,315353,343776,364760,320611,312149,332638,350028
 "18053","Grant, IN",3,CAINC4,47,"...","Plus: Personal current transfer receipts ","Thousands of dollars",19676,22916,27802,30191,34932,43233,57124,55610,58599,64134,73154,98403,106143,115077,122554,126747,135152,144658,148445,157505,164994,181248,199657,231194,246541,254307,260806,277091,282237,291751,310403,330232,367088,389470,402520,424376,456854,489865,503552,572372,627238,662302,664628,702454,706821,753432,781703,790824,817454,845707,876843,1078227,1199445,1102095
 "18053","Grant, IN",3,CAINC4,50,"...","Wages and salaries ","Thousands of dollars",225291,223869,244381,278675,311434,310628,310495,362755,413278,442123,469983,459954,503025,499008,544166,592941,644917,631430,636822,693634,740518,775490,776898,787571,810072,862074,871799,888343,903169,897963,947949,943646,933644,960143,971805,950992,933149,969336,988811,1013416,1000493,1032825,1068294,1100859,1094361,1105004,1142015,1147273,1146803,1213000,1230192,1233793,1310795,1415282
 "18053","Grant, IN",3,CAINC4,60,"...","Supplements to wages and salaries ","Thousands of dollars",27232,27669,31979,38112,43649,45560,49159,57333,67104,73407,79371,80386,88453,91958,102707,112057,122610,126195,128485,141973,157403,168209,175728,189403,195722,204817,197644,196926,194484,195021,210150,217038,224253,237507,244365,239867,242261,251482,259737,266260,252982,263805,266542,283894,277478,296081,291093,296348,292031,311776,308628,308344,317906,326496
 "18053","Grant, IN",3,CAINC4,61,"..."," Employer contributions for employee pension and insurance funds 8/","Thousands of dollars",18240,18926,22042,25687,27371,28563,32636,37228,43836,47544,51231,53385,57076,60359,66411,70596,77923,82207,85111,94181,105796,112453,119233,131698,135458,140419,133314,132111,129071,129931,142041,149304,155511,166293,171188,168370,170691,177026,184151,187324,173951,182931,181984,196762,190656,208391,201351,207986,204752,220728,214868,210877,214917,220240
 "18053","Grant, IN",3,CAINC4,62,"..."," Employer contributions for government social insurance ","Thousands of dollars",8992,8743,9937,12425,16278,16997,16523,20105,23268,25863,28140,27001,31377,31599,36296,41461,44687,43988,43374,47792,51607,55756,56495,57705,60264,64398,64330,64815,65413,65090,68109,67734,68742,71214,73177,71497,71570,74456,75586,78936,79031,80874,84558,87132,86822,87690,89742,88362,87279,91048,93760,97467,102989,106256
 "18053","Grant, IN",3,CAINC4,70,"...","Proprietors' income 9/","Thousands of dollars",22684,21930,26507,26018,39025,32722,37777,39795,37787,42327,42501,39218,32492,34639,31732,47350,50690,49657,56381,58179,74960,69809,66473,69026,78826,73662,69681,75294,90268,92777,87652,93744,88585,86441,93180,110770,96304,101635,96455,121618,135042,132033,162550,158600,225008,202289,198732,172700,131382,140564,124514,152230,221556,272838
 "18053","Grant, IN",3,CAINC4,71,"..."," Farm proprietors' income ","Thousands of dollars",6985,4710,7900,5577,16502,9496,13063,11830,8618,9679,8932,5009,-604,1909,-5670,4487,6074,2978,7104,3047,9201,10838,7732,6620,12828,8833,1221,8489,15861,2442,554,5569,8364,271,9428,24353,13052,10896,11819,30969,25641,14484,29690,31725,70586,36559,7766,21762,7226,12331,8812,21132,42049,36603
 "18053","Grant, IN",3,CAINC4,72,"..."," Nonfarm proprietors' income ","Thousands of dollars",15699,17220,18607,20441,22523,23226,24714,27965,29169,32648,33569,34209,33096,32730,37402,42863,44616,46679,49277,55132,65759,58971,58741,62406,65998,64829,68460,66805,74407,90335,87098,88175,80221,86170,83752,86417,83252,90739,84636,90649,109401,117549,132860,126875,154422,165730,190966,150938,124156,128233,115702,131098,179507,236235
 "18053","Grant, IN",3,CAINC4,7010,"...","Total employment ","Number of jobs",38377,36645,37436,38652,41388,39908,37343,38987,39765,40800,40116,37359,36739,35538,35617,36683,37165,36340,36059,36665,37989,38863,38265,38221,38128,38739,39110,39125,38732,38464,38410,38119,37365,36854,36101,35114,34839,34419,35195,35239,34141,34283,34321,35123,35254,35370,35323,34724,35040,35373,34819,34172,34496,35623
 "18053","Grant, IN",3,CAINC4,7020,"..."," Wage and salary employment ","Number of jobs",33998,32138,32794,33741,36294,34809,32306,34070,34873,35961,35214,32340,31848,30552,30602,31775,32332,31688,31513,31998,33155,33897,33226,33277,33227,33724,33898,33817,33396,33047,33145,32677,32065,31675,30907,29870,29367,29096,29567,29817,28696,28902,28868,29703,29923,30039,29991,29541,29708,30031,29653,28752,28830,29612
 "18053","Grant, IN",3,CAINC4,7040,"..."," Proprietors employment ","Number of jobs",4379,4507,4642,4911,5094,5099,5037,4917,4892,4839,4902,5019,4891,4986,5015,4908,4833,4652,4546,4667,4834,4966,5039,4944,4901,5015,5212,5308,5336,5417,5265,5442,5300,5179,5194,5244,5472,5323,5628,5422,5445,5381,5453,5420,5331,5331,5332,5183,5332,5342,5166,5420,5666,6011
 "18055","Greene, IN",3,CAINC4,10,"...","Personal income (thousands of dollars) ","Thousands of dollars",83237,86195,96879,107147,124495,126495,144627,160727,175230,197470,215285,241560,264680,282586,290201,333309,343528,357886,374010,392835,432295,457928,483809,527589,545432,570484,584654,618035,652621,694748,702494,734259,751718,762600,799889,837733,864858,893045,940929,1005087,1002527,1033811,1077551,1097894,1091520,1136617,1144408,1164874,1207984,1247198,1304955,1413400,1549405,1579149
 "18055","Greene, IN",3,CAINC4,11,"..."," Nonfarm personal income 1/","Thousands of dollars",78299,82391,91298,103888,114563,122367,135519,150738,166591,187347,208125,236229,261707,281131,299011,328364,340308,354674,370056,394010,428794,456593,486474,524678,541414,568579,582716,608542,643586,692033,700641,726924,744301,761498,787710,819319,849259,881174,926360,980863,980073,1013212,1047222,1072210,1039272,1099840,1120739,1144453,1183681,1226840,1283383,1381535,1504588,1526689
 "18055","Greene, IN",3,CAINC4,12,"..."," Farm income 2/","Thousands of dollars",4938,3804,5581,3259,9932,4128,9108,9989,8639,10123,7160,5331,2973,1455,-8810,4945,3220,3212,3954,-1175,3501,1335,-2665,2911,4018,1905,1938,9493,9035,2715,1853,7335,7417,1102,12179,18414,15599,11871,14569,24224,22454,20599,30329,25684,52248,36777,23669,20421,24303,20358,21572,31865,44817,52460
 "18055","Greene, IN",3,CAINC4,20,"...","Population (persons) 3/","Number of persons",26873,26967,27580,28608,28699,29042,29317,29633,29756,30047,30461,30451,30524,30289,30077,30239,30162,30007,30129,29948,30176,30487,30960,31338,31940,32220,32567,32793,32968,33230,33035,33191,33195,33052,33287,33384,33320,33223,33020,32977,32995,33170,32857,32629,32289,32060,31701,31373,31201,30999,30858,30804,30826,31006
 "18055","Greene, IN",3,CAINC4,30,"...","Per capita personal income (dollars) 4/","Dollars",3097,3196,3513,3745,4338,4356,4933,5424,5889,6572,7068,7933,8671,9330,9649,11022,11389,11927,12414,13117,14326,15020,15627,16835,17077,17706,17952,18847,19796,20907,21265,22122,22646,23073,24030,25094,25956,26880,28496,30478,30384,31167,32795,33648,33805,35453,36100,37130,38716,40233,42289,45884,50263,50930
 "18055","Greene, IN",3,CAINC4,35,"...","Earnings by place of work ","Thousands of dollars",40769,40928,45388,48176,59827,56474,64994,76143,82676,93270,95162,96905,98305,102606,98976,128851,134653,139780,157124,159559,176158,183175,191396,217625,226258,237014,244924,257539,274923,293762,295616,287440,287521,296059,307683,325699,341984,347346,363738,357490,361056,354861,366241,356837,371437,384098,367097,362902,386868,398430,403128,421649,463800,490002
 "18055","Greene, IN",3,CAINC4,36,"...","Less: Contributions for government social insurance 5/","Thousands of dollars",2572,2683,2964,3492,4353,4848,5068,5964,6671,7668,8387,8726,9840,10776,11339,13345,14484,15014,16554,18433,20017,21373,22952,25240,26593,28769,30244,30508,32707,35069,35641,33734,32916,34725,35654,37361,40474,41901,44462,43474,44189,42531,37938,37472,41646,45438,45135,45217,48258,50749,51601,54469,58047,61859
 "18055","Greene, IN",3,CAINC4,37,"..."," Employee and self-employed contributions for government social insurance ","Thousands of dollars",1468,1529,1686,1961,2380,2640,2788,3166,3471,3944,4344,4609,5208,5742,6022,6954,7792,8168,9055,10226,11369,11912,13057,14337,15097,16269,16923,16831,17814,18531,18545,17723,18297,19424,19872,21003,22881,24174,25710,25208,25594,24859,20819,20732,24856,26693,26784,27299,29203,31124,31866,33479,35799,38812
 "18055","Greene, IN",3,CAINC4,38,"..."," Employer contributions for government social insurance ","Thousands of dollars",1104,1154,1278,1531,1973,2208,2280,2798,3200,3724,4043,4117,4632,5034,5317,6391,6692,6846,7499,8207,8648,9461,9895,10903,11496,12500,13321,13677,14893,16538,17096,16011,14619,15301,15782,16358,17593,17727,18752,18266,18595,17672,17119,16740,16790,18745,18351,17918,19055,19625,19735,20990,22248,23047
 "18055","Greene, IN",3,CAINC4,42,"...","Plus: Adjustment for residence 6/","Thousands of dollars",23285,23252,26060,30534,31259,31627,32901,35559,39757,45711,52512,60582,67995,70674,75203,82163,81807,85158,87203,96707,106971,116641,126368,133244,135943,148312,152664,160650,173219,181796,192884,213482,213930,218588,234621,246566,250645,262014,269975,297979,285475,298087,316942,325475,314003,319602,331523,340635,355979,370233,404819,414829,435782,481409
 "18055","Greene, IN",3,CAINC4,45,"...","Equals: Net earnings by place of residence ","Thousands of dollars",61482,61497,68484,75218,86733,83253,92827,105738,115762,131313,139287,148761,156460,162504,162840,197669,201976,209924,227773,237833,263112,278443,294812,325629,335608,356557,367344,387681,415435,440489,452859,467188,468535,479922,506650,534904,552155,567459,589251,611995,602342,610417,645245,644840,643794,658262,653485,658320,694589,717914,756346,782009,841535,909552
 "18055","Greene, IN",3,CAINC4,46,"...","Plus: Dividends, interest, and rent 7/","Thousands of dollars",12801,14223,16099,17977,20473,22972,26583,28775,33000,37010,42009,52780,64010,72360,76843,83240,85888,89607,86657,92674,102241,106588,109584,111708,116250,116357,116925,123933,128065,139469,129729,137294,136750,129386,132353,129879,127104,125502,144985,157707,149872,158421,167053,171287,165348,180009,183151,190076,184270,188120,192042,189520,200989,210176
 "18055","Greene, IN",3,CAINC4,47,"...","Plus: Personal current transfer receipts ","Thousands of dollars",8954,10475,12296,13952,17289,20270,25217,26214,26468,29147,33989,40019,44210,47722,50518,52400,55664,58355,59580,62328,66942,72897,79413,90252,93574,97570,100385,106421,109121,114790,119906,129777,146433,153292,160886,172950,185599,200084,206693,235385,250313,264973,265253,281767,282378,298346,307772,316478,329125,341164,356567,441871,506881,459421
 "18055","Greene, IN",3,CAINC4,50,"...","Wages and salaries ","Thousands of dollars",25471,26746,28441,32321,35724,37325,39494,46873,53095,59278,63282,65835,69239,73857,77072,88262,93639,95506,106810,114002,121317,128941,134400,147981,150943,159995,165951,169017,178631,191248,196417,189864,194335,204041,207491,214907,229174,230110,247397,234876,238812,225420,218856,215715,215487,237051,235372,233692,251040,261932,261731,268245,289061,305181
 "18055","Greene, IN",3,CAINC4,60,"...","Supplements to wages and salaries ","Thousands of dollars",3075,3277,3566,4262,4846,5315,6105,7484,8691,10296,11353,12079,12913,14494,15658,18224,19854,21648,25264,24697,27720,30539,33112,37913,40123,42194,43460,44409,47703,52094,55427,54130,50419,52335,54082,56399,59782,61366,64489,64462,62626,61580,61329,61081,59232,68005,64845,65510,68071,74088,74335,75875,78349,79553
 "18055","Greene, IN",3,CAINC4,61,"..."," Employer contributions for employee pension and insurance funds 8/","Thousands of dollars",1971,2123,2288,2731,2873,3107,3825,4686,5491,6572,7310,7962,8281,9460,10341,11833,13162,14802,17765,16490,19072,21078,23217,27010,28627,29694,30139,30732,32810,35556,38331,38119,35800,37034,38300,40041,42189,43639,45737,46196,44031,43908,44210,44341,42442,49260,46494,47592,49016,54463,54600,54885,56101,56506
 "18055","Greene, IN",3,CAINC4,62,"..."," Employer contributions for government social insurance ","Thousands of dollars",1104,1154,1278,1531,1973,2208,2280,2798,3200,3724,4043,4117,4632,5034,5317,6391,6692,6846,7499,8207,8648,9461,9895,10903,11496,12500,13321,13677,14893,16538,17096,16011,14619,15301,15782,16358,17593,17727,18752,18266,18595,17672,17119,16740,16790,18745,18351,17918,19055,19625,19735,20990,22248,23047
 "18055","Greene, IN",3,CAINC4,70,"...","Proprietors' income 9/","Thousands of dollars",12223,10905,13381,11593,19257,13834,19395,21786,20890,23696,20527,18991,16153,14255,6246,22365,21160,22626,25050,20860,27121,23695,23884,31731,35192,34825,35513,44113,48589,50420,43772,43446,42767,39683,46110,54393,53028,55870,51852,58152,59618,67861,86056,80041,96718,79042,66880,63700,67757,62410,67062,77529,96390,105268
 "18055","Greene, IN",3,CAINC4,71,"..."," Farm proprietors' income ","Thousands of dollars",4326,3188,4984,2668,9282,3340,8185,8865,7323,9031,5983,4114,1785,104,-10095,3677,1950,2029,2778,-2513,2036,-386,-4343,1118,1723,-581,-724,6735,5707,-1014,-1533,4103,3985,-1982,8661,14478,11801,8246,10242,20473,18469,16585,26745,21535,47952,32258,19996,16675,19694,15332,17696,27723,41132,48220
 "18055","Greene, IN",3,CAINC4,72,"..."," Nonfarm proprietors' income ","Thousands of dollars",7897,7717,8397,8925,9975,10494,11210,12921,13567,14665,14544,14877,14368,14151,16341,18688,19210,20597,22272,23373,25085,24081,28227,30613,33469,35406,36237,37378,42882,51434,45305,39343,38782,41665,37449,39915,41227,47624,41610,37679,41149,51276,59311,58506,48766,46784,46884,47025,48063,47078,49366,49806,55258,57048
 "18055","Greene, IN",3,CAINC4,7010,"...","Total employment ","Number of jobs",8023,8093,8353,8816,8969,8881,8690,9192,9610,9912,9826,9505,9385,9323,9615,10075,10238,10365,10946,11044,11189,11412,11484,11897,12129,12368,12565,12406,12455,12952,12828,12612,12236,12204,11803,11670,11758,11686,11797,11380,11615,11310,11108,10916,10821,11165,10904,10720,10807,10856,10703,10586,10763,10970
 "18055","Greene, IN",3,CAINC4,7020,"..."," Wage and salary employment ","Number of jobs",5351,5436,5595,5926,6089,6006,5742,6289,6525,6664,6682,6440,6280,6172,6309,6715,6795,6908,7414,7587,7809,7958,8055,8347,8520,8563,8707,8579,8546,8751,8783,8485,8494,8531,8191,8032,8054,7955,8062,7771,7822,7542,7305,7229,7086,7396,7222,7064,7136,7222,7165,6868,7040,7065
 "18055","Greene, IN",3,CAINC4,7040,"..."," Proprietors employment ","Number of jobs",2672,2657,2758,2890,2880,2875,2948,2903,3085,3248,3144,3065,3105,3151,3306,3360,3443,3457,3532,3457,3380,3454,3429,3550,3609,3805,3858,3827,3909,4201,4045,4127,3742,3673,3612,3638,3704,3731,3735,3609,3793,3768,3803,3687,3735,3769,3682,3656,3671,3634,3538,3718,3723,3905
 "18057","Hamilton, IN",3,CAINC4,10,"...","Personal income (thousands of dollars) ","Thousands of dollars",233750,242406,282547,330350,402549,448317,507654,579581,663673,770261,904167,1025881,1152422,1211520,1340090,1539510,1719695,1888053,2114229,2406966,2704893,2967949,3243233,3733397,4093616,4587226,4946679,5513605,6101329,6906102,7489230,8423475,9087529,9228260,9488526,10445064,11224514,12507927,13460441,14556258,14173000,15120687,16448092,17612649,18260467,19537175,20760833,21978659,23237333,24856451,26309601,28069488,32135791,34943598
 "18057","Hamilton, IN",3,CAINC4,11,"..."," Nonfarm personal income 1/","Thousands of dollars",226369,238027,274907,324181,384129,440039,490089,566318,654479,760817,897054,1018813,1148451,1206298,1340166,1531398,1712293,1882943,2106109,2403641,2694939,2957721,3243768,3726531,4082939,4577321,4942319,5498994,6086436,6894222,7481444,8411408,9074870,9219391,9473505,10423887,11207427,12493450,13439388,14526662,14148823,15089710,16415341,17574935,18192736,19491051,20737819,21941702,23206049,24833531,26284894,28037305,32097695,34907717
 "18057","Hamilton, IN",3,CAINC4,12,"..."," Farm income 2/","Thousands of dollars",7381,4379,7640,6169,18420,8278,17565,13263,9194,9444,7113,7068,3971,5222,-76,8112,7402,5110,8120,3325,9954,10228,-535,6866,10677,9905,4360,14611,14893,11880,7786,12067,12659,8869,15021,21177,17087,14477,21053,29596,24177,30977,32751,37714,67731,46124,23014,36957,31284,22920,24707,32183,38096,35881
 "18057","Hamilton, IN",3,CAINC4,20,"...","Population (persons) 3/","Number of persons",53123,54768,55708,58091,61726,64550,67542,70195,72974,77207,80682,82472,84070,84584,85258,87565,89274,92022,96478,100959,104817,110348,116070,121545,128379,135444,142413,149683,157245,165629,175348,185221,194664,204721,215152,225319,235039,244738,253725,261974,269394,276593,283889,290713,298290,304682,310840,318930,326433,334364,342222,348966,357330,364921
 "18057","Hamilton, IN",3,CAINC4,30,"...","Per capita personal income (dollars) 4/","Dollars",4400,4426,5072,5687,6522,6945,7516,8257,9095,9977,11207,12439,13708,14323,15718,17581,19263,20517,21914,23841,25806,26896,27942,30716,31887,33868,34735,36835,38801,41696,42711,45478,46683,45077,44102,46357,47756,51107,53051,55564,52611,54668,57938,60584,61217,64123,66789,68914,71186,74339,76879,80436,89933,95757
 "18057","Hamilton, IN",3,CAINC4,35,"...","Earnings by place of work ","Thousands of dollars",97521,101412,114976,136470,173930,188845,211987,246255,285901,335180,379954,402683,430720,457469,531497,633981,719202,822321,982503,1130045,1248554,1424077,1595536,1869947,2124932,2668348,2596220,2893739,3120257,3585813,3944667,4507242,4992253,5142887,5278560,5684656,6032510,6750130,7276716,7377567,7044654,7582911,7906202,8287108,9079617,9901627,10658303,11286181,11777779,12348465,12865400,13733429,15644239,17215831
 "18057","Hamilton, IN",3,CAINC4,36,"...","Less: Contributions for government social insurance 5/","Thousands of dollars",5749,6188,7022,9065,12368,15331,16107,19278,22726,27781,33342,35582,41338,45195,52991,63269,74004,85898,101814,121170,132957,157526,180576,210556,239509,297940,299257,327432,352140,392075,434425,486436,523530,541721,577325,625462,673655,743874,818970,846061,805632,830825,761632,796890,994503,1075999,1161377,1216907,1279274,1337193,1404067,1503410,1671266,1852138
 "18057","Hamilton, IN",3,CAINC4,37,"..."," Employee and self-employed contributions for government social insurance ","Thousands of dollars",3278,3499,3969,5007,6667,8390,8955,10374,12029,14477,17334,18855,22000,24169,27767,32635,39518,46146,54650,64698,72104,85448,99533,115399,131615,168003,161611,176140,188114,208491,227887,257010,282564,292823,304964,329707,352257,397130,435343,448192,423870,439713,351548,367898,524871,572428,619243,651211,688115,724522,763809,826905,933299,1037533
 "18057","Hamilton, IN",3,CAINC4,38,"..."," Employer contributions for government social insurance ","Thousands of dollars",2471,2689,3053,4058,5701,6941,7152,8904,10697,13304,16008,16727,19338,21026,25224,30634,34486,39752,47164,56472,60853,72078,81043,95157,107894,129937,137646,151292,164026,183584,206538,229426,240966,248898,272361,295755,321398,346744,383627,397869,381762,391112,410084,428992,469632,503571,542134,565696,591159,612671,640258,676505,737967,814605
 "18057","Hamilton, IN",3,CAINC4,42,"...","Plus: Adjustment for residence 6/","Thousands of dollars",101194,98468,117457,138343,162992,181766,200312,229343,261642,301412,360363,418203,472272,483215,511789,582130,639358,689326,735941,800962,886426,928892,1010274,1181323,1220348,1074682,1373084,1527991,1726065,1898376,2108457,2327335,2378998,2493438,2614450,2806449,3091995,3461783,3636001,4087645,4204058,4473141,5026082,5499830,5401817,5519206,5597591,6005933,6395930,6869363,7206351,7582885,8184383,9367939
 "18057","Hamilton, IN",3,CAINC4,45,"...","Equals: Net earnings by place of residence ","Thousands of dollars",192966,193692,225411,265748,324554,355280,396192,456320,524817,608811,706975,785304,861654,895489,990295,1152842,1284556,1425749,1616630,1809837,2002023,2195443,2425234,2840714,3105771,3445090,3670047,4094298,4494182,5092114,5618699,6348141,6847721,7094604,7315685,7865643,8450850,9468039,10093747,10619151,10443080,11225227,12170652,12990048,13486931,14344834,15094517,16075207,16894435,17880635,18667684,19812904,22157356,24731632
 "18057","Hamilton, IN",3,CAINC4,46,"...","Plus: Dividends, interest, and rent 7/","Thousands of dollars",30225,36399,42646,48046,57719,69054,80424,88988,100885,118731,147588,177743,219721,237281,264249,293708,335121,354356,387649,476343,566576,614303,634908,682174,763346,894534,1015895,1140710,1311862,1498051,1528788,1691598,1804664,1661662,1666047,2013255,2137313,2328285,2584278,2952025,2655269,2713707,3066133,3376114,3467886,3768392,4142888,4273276,4620661,5121811,5606397,5508765,6756537,7448403
 "18057","Hamilton, IN",3,CAINC4,47,"...","Plus: Personal current transfer receipts ","Thousands of dollars",10559,12315,14490,16556,20276,23983,31038,34273,37971,42719,49604,62834,71047,78750,85546,92960,100018,107948,109950,120786,136294,158203,183091,210509,224499,247602,260737,278597,295285,315937,341743,383736,435144,471994,506794,566166,636351,711603,782416,985082,1074651,1181753,1211307,1246487,1305650,1423949,1523428,1630176,1722237,1854005,2035520,2747819,3221898,2763563
 "18057","Hamilton, IN",3,CAINC4,50,"...","Wages and salaries ","Thousands of dollars",60529,66662,72815,88614,106459,127045,134652,157969,187026,222710,260079,276451,300842,324664,380204,436794,496778,570245,689740,803659,868781,990183,1100671,1284728,1466064,1860088,1808043,2017117,2221666,2522530,2852550,3212973,3420797,3486509,3729781,4067177,4327085,4684603,5228179,5388081,5102848,5298915,5514214,5804229,6422987,6919255,7528055,7917806,8400974,8733177,9118984,9547380,10703256,12010545
 "18057","Hamilton, IN",3,CAINC4,60,"...","Supplements to wages and salaries ","Thousands of dollars",6605,7348,8271,10763,13200,15740,17910,21258,26330,32493,38373,41570,45857,52698,64603,74782,87354,102840,121085,142910,161756,189311,214519,259655,298256,361945,369504,400871,433253,496293,554194,638329,700235,720879,781175,836770,917490,1008406,1113287,1161631,1079351,1132170,1153957,1224369,1311006,1472033,1526246,1597776,1663447,1779582,1821784,1881660,2028594,2172357
 "18057","Hamilton, IN",3,CAINC4,61,"..."," Employer contributions for employee pension and insurance funds 8/","Thousands of dollars",4134,4659,5218,6705,7499,8799,10758,12354,15633,19189,22365,24843,26519,31672,39379,44148,52868,63088,73921,86438,100903,117233,133476,164498,190362,232008,231858,249579,269227,312709,347656,408903,459269,471981,508814,541015,596092,661662,729660,763762,697589,741058,743873,795377,841374,968462,984112,1032080,1072288,1166911,1181526,1205155,1290627,1357752
 "18057","Hamilton, IN",3,CAINC4,62,"..."," Employer contributions for government social insurance ","Thousands of dollars",2471,2689,3053,4058,5701,6941,7152,8904,10697,13304,16008,16727,19338,21026,25224,30634,34486,39752,47164,56472,60853,72078,81043,95157,107894,129937,137646,151292,164026,183584,206538,229426,240966,248898,272361,295755,321398,346744,383627,397869,381762,391112,410084,428992,469632,503571,542134,565696,591159,612671,640258,676505,737967,814605
 "18057","Hamilton, IN",3,CAINC4,70,"...","Proprietors' income 9/","Thousands of dollars",30387,27402,33890,37093,54271,46060,59425,67028,72545,79977,81502,84662,84021,80107,86690,122405,135070,149236,171678,183476,218017,244583,280346,325564,360612,446315,418673,475751,465338,566990,537923,655940,871221,935499,767604,780709,787935,1057121,935250,827855,862455,1151826,1238031,1258510,1345624,1510339,1604002,1770599,1713358,1835706,1924632,2304389,2912389,3032929
 "18057","Hamilton, IN",3,CAINC4,71,"..."," Farm proprietors' income ","Thousands of dollars",6423,3357,6589,5059,17091,6595,15708,11118,6789,7494,4988,4853,1748,2735,-2641,5420,4560,2342,5272,142,6576,6308,-4299,2859,5899,5013,-645,9609,8997,3992,-524,3046,1877,-1863,2248,6256,2277,-4,3567,16966,13055,21849,26256,32206,62031,40126,18136,31979,25169,16246,19558,26682,33199,30257
 "18057","Hamilton, IN",3,CAINC4,72,"..."," Nonfarm proprietors' income ","Thousands of dollars",23964,24045,27301,32034,37180,39465,43717,55910,65756,72483,76514,79809,82273,77372,89331,116985,130510,146894,166406,183334,211441,238275,284645,322705,354713,441302,419318,466142,456341,562998,538447,652894,869344,937362,765356,774453,785658,1057125,931683,810889,849400,1129977,1211775,1226304,1283593,1470213,1585866,1738620,1688189,1819460,1905074,2277707,2879190,3002672
 "18057","Hamilton, IN",3,CAINC4,7010,"...","Total employment ","Number of jobs",14388,15042,15905,17731,19848,21670,22343,24118,26258,28418,29605,30009,30624,31559,33609,36757,39729,43015,47929,49859,52480,57297,61258,65775,71422,76682,81454,85437,90981,96511,105003,109634,111251,114337,121850,127852,136380,143924,155003,158223,155399,155751,160833,164693,172720,181087,191009,198509,205823,211980,213371,214089,227213,242614
 "18057","Hamilton, IN",3,CAINC4,7020,"..."," Wage and salary employment ","Number of jobs",10473,10940,11559,12933,14614,16088,16136,17620,19447,21445,22676,22384,22672,22961,24668,26970,28945,31284,34960,37904,40297,43832,46745,50703,54851,59684,63738,66879,70916,75282,80671,84169,87071,88739,93992,98074,103716,109780,117948,120031,115357,115797,119103,123081,130214,136738,144361,149131,153075,155697,158517,153586,162358,172624
 "18057","Hamilton, IN",3,CAINC4,7040,"..."," Proprietors employment ","Number of jobs",3915,4102,4346,4798,5234,5582,6207,6498,6811,6973,6929,7625,7952,8598,8941,9787,10784,11731,12969,11955,12183,13465,14513,15072,16571,16998,17716,18558,20065,21229,24332,25465,24180,25598,27858,29778,32664,34144,37055,38192,40042,39954,41730,41612,42506,44349,46648,49378,52748,56283,54854,60503,64855,69990
 "18059","Hancock, IN",3,CAINC4,10,"...","Personal income (thousands of dollars) ","Thousands of dollars",135892,137772,154079,169269,202270,218281,237904,271576,308622,351806,395716,437848,474942,491088,515203,573863,614704,649103,693664,753661,825393,886737,944728,1036783,1142256,1217728,1309693,1413297,1481204,1612698,1753159,1915919,1923922,1949912,2000724,2150383,2293698,2483500,2579755,2694606,2593367,2740462,2855032,3004088,3042561,3109121,3284589,3460745,3624459,3869181,4052687,4434667,4836683,5115843
 "18059","Hancock, IN",3,CAINC4,11,"..."," Nonfarm personal income 1/","Thousands of dollars",130426,133706,147209,164743,189017,209487,227724,259537,299294,339892,384599,429224,469152,485210,515364,566470,604621,643793,686039,748697,813451,875239,939963,1028353,1127884,1208906,1307560,1398580,1465147,1607765,1751794,1904142,1911517,1947392,1984529,2125368,2279415,2470376,2563057,2670302,2563232,2729002,2824216,2987869,2988810,3087940,3286478,3452271,3613508,3855679,4041945,4410001,4800578,5089582
 "18059","Hancock, IN",3,CAINC4,12,"..."," Farm income 2/","Thousands of dollars",5466,4066,6870,4526,13253,8794,10180,12039,9328,11914,11117,8624,5790,5878,-161,7393,10083,5310,7625,4964,11942,11498,4765,8430,14372,8822,2133,14717,16057,4933,1365,11777,12405,2520,16195,25015,14283,13124,16698,24304,30135,11460,30816,16219,53751,21181,-1889,8474,10951,13502,10742,24666,36105,26261
 "18059","Hancock, IN",3,CAINC4,20,"...","Population (persons) 3/","Number of persons",34243,35126,35204,36653,38448,39553,40117,40743,41376,42139,43170,43960,43949,44049,44062,43872,43703,43564,44174,44697,45129,45686,46338,47245,47911,49092,50477,51490,52563,53791,54745,55710,56729,58223,59606,60922,63045,65402,67115,68107,69183,70260,70443,70721,71184,72017,72745,74159,75474,77023,78732,80187,81855,83070
 "18059","Hancock, IN",3,CAINC4,30,"...","Per capita personal income (dollars) 4/","Dollars",3968,3922,4377,4618,5261,5519,5930,6666,7459,8349,9166,9960,10807,11149,11693,13080,14065,14900,15703,16862,18290,19409,20388,21945,23841,24805,25946,27448,28180,29981,32024,34391,33914,33490,33566,35297,36382,37973,38438,39564,37486,39005,40530,42478,42742,43172,45152,46667,48023,50234,51474,55304,59088,61585
 "18059","Hancock, IN",3,CAINC4,35,"...","Earnings by place of work ","Thousands of dollars",55006,57756,66099,70827,89233,91262,98599,111730,123240,140527,156723,164129,166313,172039,177098,202742,219855,237516,265049,283702,327826,360711,376798,411718,455116,459665,489475,549827,616454,682949,766621,822033,800519,835010,877861,977759,1008466,1072238,1114035,1148581,1069185,1103119,1189723,1246915,1371806,1361135,1391006,1482780,1604055,1671865,1829154,1902784,2043291,2242244
 "18059","Hancock, IN",3,CAINC4,36,"...","Less: Contributions for government social insurance 5/","Thousands of dollars",3269,3516,4025,4770,6208,7195,7642,8578,9648,11203,13201,14239,15792,16829,17668,19773,21819,24334,26557,30006,34288,38760,41910,45176,49515,51773,56020,60007,66142,72003,79895,83917,87499,93194,97661,109182,115123,123933,128178,132043,124766,128749,121187,127764,155169,159673,165125,174915,187708,197663,215238,230622,245485,269737
 "18059","Hancock, IN",3,CAINC4,37,"..."," Employee and self-employed contributions for government social insurance ","Thousands of dollars",1849,1986,2250,2622,3355,3931,4175,4577,5102,5869,6905,7523,8418,9037,9435,10419,11850,13264,14624,16568,19087,21490,23460,25340,28140,29423,31815,34065,38106,41362,46012,48039,47206,50203,52343,58318,61824,67132,70846,73677,68944,70853,59356,62501,85531,87369,91447,97115,105755,111795,122229,129912,139240,154821
 "18059","Hancock, IN",3,CAINC4,38,"..."," Employer contributions for government social insurance ","Thousands of dollars",1420,1530,1775,2148,2853,3264,3467,4001,4546,5334,6296,6716,7374,7792,8233,9354,9969,11070,11933,13438,15201,17270,18450,19836,21375,22350,24205,25942,28036,30641,33883,35878,40293,42991,45318,50864,53299,56801,57332,58366,55822,57896,61831,65263,69638,72304,73678,77800,81953,85868,93009,100710,106245,114916
 "18059","Hancock, IN",3,CAINC4,42,"...","Plus: Adjustment for residence 6/","Thousands of dollars",60915,56471,60879,68841,78696,87002,90534,106278,125362,146580,167494,181869,200094,196810,206548,229524,246300,258708,274585,299502,315822,335225,368148,408661,456324,508228,535473,551169,530686,562387,620894,683955,696184,677386,667306,728444,811449,884639,891071,882321,858900,935566,916698,970255,884714,923699,1006966,1061291,1074686,1155094,1147521,1268792,1384064,1560202
 "18059","Hancock, IN",3,CAINC4,45,"...","Equals: Net earnings by place of residence ","Thousands of dollars",112652,110711,122953,134898,161721,171069,181491,209430,238954,275904,311016,331759,350615,352020,365978,412493,444336,471890,513077,553198,609360,657176,703036,775203,861925,916120,968928,1040989,1080998,1173333,1307620,1422071,1409204,1419202,1447506,1597021,1704792,1832944,1876928,1898859,1803319,1909936,1985234,2089406,2101351,2125161,2232847,2369156,2491033,2629296,2761437,2940954,3181870,3532709
 "18059","Hancock, IN",3,CAINC4,46,"...","Plus: Dividends, interest, and rent 7/","Thousands of dollars",16215,18953,21789,23988,27760,31921,37195,41224,47383,51032,57004,69738,84416,94393,99555,108547,113110,117025,119123,133876,145082,152487,155121,161392,174684,189168,221108,245211,268042,294483,294036,326236,327172,327278,337777,315731,326140,359598,386433,415905,371984,377632,413634,443205,454603,472359,504540,517333,535887,607655,609670,618003,643267,689801
 "18059","Hancock, IN",3,CAINC4,47,"...","Plus: Personal current transfer receipts ","Thousands of dollars",7025,8108,9337,10383,12789,15291,19218,20922,22285,24870,27696,36351,39911,44675,49670,52823,57258,60188,61464,66587,70951,77074,86571,100188,105647,112440,119657,127097,132164,144882,151503,167612,187546,203432,215441,237631,262766,290958,316394,379842,418064,452894,456164,471477,486607,511601,547202,574256,597539,632230,681580,875710,1011546,893333
 "18059","Hancock, IN",3,CAINC4,50,"...","Wages and salaries ","Thousands of dollars",36165,39467,43654,48608,55158,60349,64723,71968,81264,91359,104507,113992,117812,122524,127375,138617,149049,165157,183437,196287,221529,241296,257448,274137,296028,306760,338336,377412,424249,471012,519857,547067,562669,590108,610478,686543,711229,751965,786194,808356,744293,767813,809604,853920,938231,953876,1002349,1069110,1164127,1205345,1323306,1352187,1457984,1625759
 "18059","Hancock, IN",3,CAINC4,60,"...","Supplements to wages and salaries ","Thousands of dollars",3727,4184,4849,5720,6783,7597,8765,9873,11785,13775,16218,18201,19354,21102,23315,25832,28821,32884,36185,39510,47192,54246,59590,67315,72522,74202,76411,82403,87535,96597,108029,118053,122878,132108,143875,159148,170039,180700,187540,195209,175888,182684,190029,202412,210708,229208,225713,239456,256341,278449,312478,321651,328159,350035
 "18059","Hancock, IN",3,CAINC4,61,"..."," Employer contributions for employee pension and insurance funds 8/","Thousands of dollars",2307,2654,3074,3572,3930,4333,5298,5872,7239,8441,9922,11485,11980,13310,15082,16478,18852,21814,24252,26072,31991,36976,41140,47479,51147,51852,52206,56461,59499,65956,74146,82175,82585,89117,98557,108284,116740,123899,130208,136843,120066,124788,128198,137149,141070,156904,152035,161656,174388,192581,219469,220941,221914,235119
 "18059","Hancock, IN",3,CAINC4,62,"..."," Employer contributions for government social insurance ","Thousands of dollars",1420,1530,1775,2148,2853,3264,3467,4001,4546,5334,6296,6716,7374,7792,8233,9354,9969,11070,11933,13438,15201,17270,18450,19836,21375,22350,24205,25942,28036,30641,33883,35878,40293,42991,45318,50864,53299,56801,57332,58366,55822,57896,61831,65263,69638,72304,73678,77800,81953,85868,93009,100710,106245,114916
 "18059","Hancock, IN",3,CAINC4,70,"...","Proprietors' income 9/","Thousands of dollars",15114,14105,17596,16499,27292,23316,25111,29889,30191,35393,35998,31936,29147,28413,26408,38293,41985,39475,45427,47905,59105,65169,59760,70266,86566,78703,74728,90012,104670,115340,138735,156913,114972,112794,123508,132068,127198,139573,140301,145016,149004,152622,190090,190583,222867,178051,162944,174214,183587,188071,193370,228946,257148,266450
 "18059","Hancock, IN",3,CAINC4,71,"..."," Farm proprietors' income ","Thousands of dollars",5189,3754,6534,4154,12782,8181,9321,10864,7815,10501,9580,7025,4169,4097,-1800,5823,8574,3930,6287,3512,10410,9754,3106,6692,12502,7044,406,13071,14243,2580,-1079,9138,9313,-551,13110,21998,11744,11050,14604,22205,27639,8701,28121,12842,50251,17505,-4890,5407,7210,9402,7557,21262,33081,22816
 "18059","Hancock, IN",3,CAINC4,72,"..."," Nonfarm proprietors' income ","Thousands of dollars",9925,10351,11062,12345,14510,15135,15790,19025,22376,24892,26418,24911,24978,24316,28208,32470,33411,35545,39140,44393,48695,55415,56654,63574,74064,71659,74322,76941,90427,112760,139814,147775,105659,113345,110398,110070,115454,128523,125697,122811,121365,143921,161969,177741,172616,160546,167834,168807,176377,178669,185813,207684,224067,243634
 "18059","Hancock, IN",3,CAINC4,7010,"...","Total employment ","Number of jobs",8693,8973,9440,9908,10731,10888,10855,11379,11916,12497,13037,13263,12902,12675,12809,13339,13946,14783,15666,15373,16392,17354,17538,18250,18667,19332,20020,20801,22087,22798,24036,24474,23950,24803,25855,27400,28333,29443,29862,30119,28832,29031,29621,30077,31408,32034,32201,33435,34384,35687,36911,36607,37829,39985
 "18059","Hancock, IN",3,CAINC4,7020,"..."," Wage and salary employment ","Number of jobs",6193,6350,6726,7073,7717,7802,7744,8151,8563,9056,9449,9495,9057,8794,8877,9121,9408,9974,10498,10908,11830,12411,12432,12901,13294,13633,14251,14895,15706,16115,16811,16973,17551,18174,18886,20058,20503,21170,21152,21472,20029,20466,20804,21573,22657,23090,23173,24886,25352,26421,27895,26963,27507,28982
 "18059","Hancock, IN",3,CAINC4,7040,"..."," Proprietors employment ","Number of jobs",2500,2623,2714,2835,3014,3086,3111,3228,3353,3441,3588,3768,3845,3881,3932,4218,4538,4809,5168,4465,4562,4943,5106,5349,5373,5699,5769,5906,6381,6683,7225,7501,6399,6629,6969,7342,7830,8273,8710,8647,8803,8565,8817,8504,8751,8944,9028,8549,9032,9266,9016,9644,10322,11003
 "18061","Harrison, IN",3,CAINC4,10,"...","Personal income (thousands of dollars) ","Thousands of dollars",63514,65446,72737,82734,97669,107494,115247,134910,153663,171754,193661,214839,237694,254366,267661,303839,324971,347552,370269,396649,428946,453360,464565,513657,545225,587019,624053,670256,712225,779134,835198,910247,954045,971033,989244,1106006,1127684,1242206,1283249,1343505,1305557,1312814,1361766,1402274,1405517,1458687,1508402,1561811,1612045,1682403,1788668,1927622,2102387,2160018
 "18061","Harrison, IN",3,CAINC4,11,"..."," Nonfarm personal income 1/","Thousands of dollars",58935,62298,69320,79001,91388,103904,112946,129328,147848,168068,190513,213842,235836,249859,270701,293100,315071,338262,364879,396324,419866,447944,463953,508394,540360,583256,621390,665096,709598,772761,832306,899353,938909,964451,973848,1091338,1120857,1234159,1274106,1338130,1302056,1312550,1358764,1400462,1391543,1451773,1499607,1557221,1603244,1673194,1784350,1913270,2082277,2130418
 "18061","Harrison, IN",3,CAINC4,12,"..."," Farm income 2/","Thousands of dollars",4579,3148,3417,3733,6281,3590,2301,5582,5815,3686,3148,997,1858,4507,-3040,10739,9900,9290,5390,325,9080,5416,612,5263,4865,3763,2663,5160,2627,6373,2892,10894,15136,6582,15396,14668,6827,8047,9143,5375,3501,264,3002,1812,13974,6914,8795,4590,8801,9209,4318,14352,20110,29600
 "18061","Harrison, IN",3,CAINC4,20,"...","Population (persons) 3/","Number of persons",20331,20512,20990,21671,22523,23215,23761,24379,25651,26007,26884,27404,27857,28041,28082,28130,28614,28653,29109,29522,29756,29902,30275,30338,30820,31268,31778,32305,33003,33424,33984,34569,34863,35408,35934,36736,37354,37766,38142,38628,39148,39304,39068,38800,38694,38771,39033,39069,39099,39454,39645,39662,39817,39851
 "18061","Harrison, IN",3,CAINC4,30,"...","Per capita personal income (dollars) 4/","Dollars",3124,3191,3465,3818,4336,4630,4850,5534,5991,6604,7204,7840,8533,9071,9531,10801,11357,12130,12720,13436,14415,15162,15345,16931,17691,18774,19638,20748,21581,23311,24576,26331,27366,27424,27529,30107,30189,32892,33644,34781,33349,33402,34856,36141,36324,37623,38644,39976,41230,42642,45117,48601,52801,54202
 "18061","Harrison, IN",3,CAINC4,35,"...","Earnings by place of work ","Thousands of dollars",28882,28517,31917,36362,43724,45520,46386,57796,63162,66671,72296,72644,76078,81542,82247,104241,111699,122652,135610,144708,161208,166000,167993,191140,202613,221333,238468,254541,281419,321418,394379,442959,475696,503240,523815,562035,530306,574349,572110,562356,510986,526777,535081,536670,529380,549871,553865,574992,601907,624973,638846,665078,729150,780437
 "18061","Harrison, IN",3,CAINC4,36,"...","Less: Contributions for government social insurance 5/","Thousands of dollars",1627,1692,1977,2394,3090,3699,3884,4608,4985,5602,6444,6681,7468,7899,8611,9612,10768,12079,13571,15687,16971,18621,19771,21835,23310,26137,28369,29373,32634,35816,43970,47304,51411,55440,57482,61150,60165,63348,65511,66453,62398,64241,58142,56833,63486,66590,67762,71178,74412,76790,79623,84374,90753,97723
 "18061","Harrison, IN",3,CAINC4,37,"..."," Employee and self-employed contributions for government social insurance ","Thousands of dollars",930,976,1127,1336,1701,2053,2143,2445,2627,2942,3368,3576,4018,4338,4687,5182,5979,6741,7727,8957,9746,10353,11062,12176,13163,14682,15953,16491,18353,19831,24121,26093,28034,30413,31388,34063,33631,36908,37764,38229,35414,36011,29384,29543,36126,37967,38688,40862,43216,45807,47399,50243,54433,59137
 "18061","Harrison, IN",3,CAINC4,38,"..."," Employer contributions for government social insurance ","Thousands of dollars",697,716,850,1058,1389,1646,1741,2163,2358,2660,3076,3105,3450,3561,3924,4430,4789,5338,5844,6730,7225,8268,8709,9659,10147,11455,12416,12882,14281,15985,19849,21211,23377,25027,26094,27087,26534,26440,27747,28224,26984,28230,28758,27290,27360,28623,29074,30316,31196,30983,32224,34131,36320,38586
 "18061","Harrison, IN",3,CAINC4,42,"...","Plus: Adjustment for residence 6/","Thousands of dollars",23280,23365,25145,29292,34185,38629,40497,46309,55586,67033,78067,87081,94987,95234,102555,109937,116795,123227,133285,142698,150819,161811,165910,182298,194089,208881,216586,232339,237754,250679,234376,239499,241148,233996,249525,277634,311561,350357,356345,369498,350389,359866,382382,415580,436314,441632,480976,497046,505474,529368,563050,571848,610324,662647
 "18061","Harrison, IN",3,CAINC4,45,"...","Equals: Net earnings by place of residence ","Thousands of dollars",50535,50190,55085,63260,74819,80450,82999,99497,113763,128102,143919,153044,163597,168877,176191,204566,217726,233800,255324,271719,295056,309190,314132,351603,373392,404077,426685,457507,486539,536281,584785,635154,665433,681796,715858,778519,781702,861358,862944,865401,798977,822402,859321,895417,902208,924913,967079,1000860,1032969,1077551,1122273,1152552,1248721,1345361
 "18061","Harrison, IN",3,CAINC4,46,"...","Plus: Dividends, interest, and rent 7/","Thousands of dollars",7878,9210,10580,11691,13937,16353,18838,20897,24369,26564,29954,37915,45953,53472,57330,62399,67259,71298,71260,79082,83796,88758,88882,93130,97394,103583,115614,123338,131731,142754,146253,160718,160567,153333,130824,172276,175468,193250,218214,244575,249931,212341,221891,217137,210891,222494,216341,227238,231966,240862,252619,269749,286318,306706
 "18061","Harrison, IN",3,CAINC4,47,"...","Plus: Personal current transfer receipts ","Thousands of dollars",5101,6046,7072,7783,8913,10691,13410,14516,15531,17088,19788,23880,28144,32017,34140,36874,39986,42454,43685,45848,50094,55412,61551,68924,74439,79359,81754,89411,93955,100099,104160,114375,128045,135904,142562,155211,170514,187598,202091,233529,256649,278071,280554,289720,292418,311280,324982,333713,347110,363990,413776,505321,567348,507951
 "18061","Harrison, IN",3,CAINC4,50,"...","Wages and salaries ","Thousands of dollars",17968,18706,21110,24153,27535,31412,32715,38193,41399,44926,50232,51872,54040,56269,60531,64849,70237,77666,86679,96631,103844,114656,118976,131422,138056,154165,168931,177479,197190,221995,280837,306227,331981,356948,365277,376873,359048,360479,380666,384087,361805,368295,368474,361414,356528,374868,385860,409146,426296,439425,445391,452990,496214,533431
 "18061","Harrison, IN",3,CAINC4,60,"...","Supplements to wages and salaries ","Thousands of dollars",1807,1942,2301,2777,3287,3836,4374,5288,6109,6981,7889,8348,8982,9791,11177,12243,13905,15843,17688,19995,22577,25658,27993,32393,34841,38649,40236,41758,44500,50387,61895,70464,74335,81368,85827,87923,85456,85706,91072,92213,84849,88721,89462,88972,87960,97767,95843,101714,104137,110267,114491,117971,121061,125701
 "18061","Harrison, IN",3,CAINC4,61,"..."," Employer contributions for employee pension and insurance funds 8/","Thousands of dollars",1110,1226,1451,1719,1898,2190,2633,3125,3751,4321,4813,5243,5532,6230,7253,7813,9116,10505,11844,13265,15352,17390,19284,22734,24694,27194,27820,28876,30219,34402,42046,49253,50958,56341,59733,60836,58922,59266,63325,63989,57865,60491,60704,61682,60600,69144,66769,71398,72941,79284,82267,83840,84741,87115
 "18061","Harrison, IN",3,CAINC4,62,"..."," Employer contributions for government social insurance ","Thousands of dollars",697,716,850,1058,1389,1646,1741,2163,2358,2660,3076,3105,3450,3561,3924,4430,4789,5338,5844,6730,7225,8268,8709,9659,10147,11455,12416,12882,14281,15985,19849,21211,23377,25027,26094,27087,26534,26440,27747,28224,26984,28230,28758,27290,27360,28623,29074,30316,31196,30983,32224,34131,36320,38586
 "18061","Harrison, IN",3,CAINC4,70,"...","Proprietors' income 9/","Thousands of dollars",9107,7869,8506,9432,12902,10272,9297,14315,15654,14764,14175,12424,13056,15482,10539,27149,27557,29143,31243,28082,34787,25686,21024,27325,29716,28519,29301,35304,39729,49036,51647,66268,69380,64924,72711,97239,85802,128164,100372,86056,64332,69761,77145,86284,84892,77236,72162,64132,71474,75281,78964,94117,111875,121305
 "18061","Harrison, IN",3,CAINC4,71,"..."," Farm proprietors' income ","Thousands of dollars",4125,2595,2784,3000,5331,2298,930,4047,4141,2401,1753,-454,437,2882,-4633,9114,8234,7701,3787,-1921,6281,1763,-3225,859,815,598,209,3327,1156,4738,1381,9421,13591,5185,13802,12882,5080,6364,7105,3496,1408,-1928,959,-649,11425,4235,6608,2354,6070,6217,2000,11877,17911,27088
 "18061","Harrison, IN",3,CAINC4,72,"..."," Nonfarm proprietors' income ","Thousands of dollars",4982,5274,5722,6432,7571,7974,8367,10268,11513,12363,12422,12878,12619,12600,15172,18035,19323,21442,27456,30003,28506,23923,24249,26466,28901,27921,29092,31977,38573,44298,50266,56847,55789,59739,58909,84357,80722,121800,93267,82560,62924,71689,76186,86933,73467,73001,65554,61778,65404,69064,76964,82240,93964,94217
 "18061","Harrison, IN",3,CAINC4,7010,"...","Total employment ","Number of jobs",6172,6185,6429,6934,7261,7518,7539,8233,8502,8677,8914,8754,8635,8533,8789,9033,9437,9990,10679,11051,11061,11161,11229,11293,11619,12351,12831,13365,13858,14161,16084,16995,17748,18204,18044,18004,17655,17587,17903,17618,17093,16755,16474,16128,16032,16033,16028,15778,15995,16062,15762,15224,15559,16085
 "18061","Harrison, IN",3,CAINC4,7020,"..."," Wage and salary employment ","Number of jobs",3793,3745,4067,4383,4690,4959,4876,5351,5507,5563,5770,5566,5375,5284,5370,5463,5663,6081,6558,6964,7067,7222,7319,7514,7877,8515,8825,9010,9417,10115,12042,12869,12745,13200,13105,12938,12494,12391,12515,12212,11578,11544,11235,10962,10805,10828,10855,11004,11193,11257,11131,10476,10711,10998
 "18061","Harrison, IN",3,CAINC4,7040,"..."," Proprietors employment ","Number of jobs",2379,2440,2362,2551,2571,2559,2663,2882,2995,3114,3144,3188,3260,3249,3419,3570,3774,3909,4121,4087,3994,3939,3910,3779,3742,3836,4006,4355,4441,4046,4042,4126,5003,5004,4939,5066,5161,5196,5388,5406,5515,5211,5239,5166,5227,5205,5173,4774,4802,4805,4631,4748,4848,5087
 "18063","Hendricks, IN",3,CAINC4,10,"...","Personal income (thousands of dollars) ","Thousands of dollars",208364,214325,242615,271733,317500,344208,379496,432993,490748,560392,644636,722564,789120,819615,851000,942731,1018905,1089443,1173186,1264047,1378254,1495409,1573404,1718416,1851470,2015533,2131432,2307505,2464528,2777922,2986801,3354815,3528112,3659086,3877637,4067434,4322621,4797864,5124080,5519909,5418162,5577261,5923971,6199006,6437070,6697356,7075011,7458521,7863817,8361834,8715454,9352229,10368123,10997447
 "18063","Hendricks, IN",3,CAINC4,11,"..."," Nonfarm personal income 1/","Thousands of dollars",201203,210646,235850,265763,303718,338512,366581,417644,479705,548587,634283,712175,780790,808946,852450,935440,1011368,1083560,1165048,1261733,1366626,1483206,1571948,1709791,1839585,2008938,2129430,2298199,2455305,2772004,2981655,3345232,3513430,3653589,3864366,4045981,4314925,4790555,5112888,5508296,5374960,5549589,5894595,6197244,6377754,6700449,7088423,7456580,7860451,8356558,8713827,9337888,10339834,10974143
 "18063","Hendricks, IN",3,CAINC4,12,"..."," Farm income 2/","Thousands of dollars",7161,3679,6765,5970,13782,5696,12915,15349,11043,11805,10353,10389,8330,10669,-1450,7291,7537,5883,8138,2314,11628,12203,1456,8625,11885,6595,2002,9306,9223,5918,5146,9583,14682,5497,13271,21453,7696,7309,11192,11613,43202,27672,29376,1762,59316,-3093,-13412,1941,3366,5276,1627,14341,28289,23304
 "18063","Hendricks, IN",3,CAINC4,20,"...","Population (persons) 3/","Number of persons",52576,54123,54799,56045,58423,59866,61355,63138,64885,66356,67999,69958,70419,71090,71151,71106,71560,72177,73367,74026,74909,76107,77754,79933,82582,84875,87494,90332,93446,97037,100514,105378,110144,115206,119340,124115,128082,132350,137267,140710,143944,146002,148927,151215,154264,156793,158958,161804,165225,168599,172023,175575,179555,182534
 "18063","Hendricks, IN",3,CAINC4,30,"...","Per capita personal income (dollars) 4/","Dollars",3963,3960,4427,4848,5435,5750,6185,6858,7563,8445,9480,10329,11206,11529,11960,13258,14238,15094,15991,17076,18399,19649,20236,21498,22420,23747,24361,25545,26374,28627,29715,31836,32032,31761,32492,32771,33749,36251,37329,39229,37641,38200,39778,40995,41728,42715,44509,46096,47595,49596,50664,53266,57743,60249
 "18063","Hendricks, IN",3,CAINC4,35,"...","Earnings by place of work ","Thousands of dollars",73307,80508,95650,105065,126840,130963,150922,179396,197466,223671,247256,257961,264992,272132,273512,315010,353196,392824,446545,483625,542073,577787,579663,641454,713084,765638,801786,906988,963865,1113262,1213103,1397639,1472250,1573980,1681086,1838882,1946907,2159609,2283663,2441946,2478074,2590745,2733331,2880709,2972812,3087863,3420252,3653255,3976303,4298386,4557762,4933956,5478968,6080860
 "18063","Hendricks, IN",3,CAINC4,36,"...","Less: Contributions for government social insurance 5/","Thousands of dollars",5342,6131,7182,8376,10478,12420,13467,15986,18410,20962,24183,24920,27869,29011,29697,34512,40742,47016,52244,60873,67218,70705,69587,75320,82881,91546,96959,106903,113758,126172,137427,154579,159875,173835,190004,211183,227559,251693,265720,288028,292685,303440,285615,301192,347648,367118,408096,428025,464457,503044,542710,601031,662023,730842
 "18063","Hendricks, IN",3,CAINC4,37,"..."," Employee and self-employed contributions for government social insurance ","Thousands of dollars",2812,3159,3698,4298,5244,5781,6298,7199,7990,9264,10879,11641,13245,14212,14705,16593,20036,22851,25613,29761,33425,35925,37022,40328,45027,49740,52101,57179,60462,67152,72160,81546,85783,92955,100244,109717,118094,132996,141557,152784,153432,158519,130776,138262,181135,192193,213116,226012,247517,269821,289664,317572,352053,393187
 "18063","Hendricks, IN",3,CAINC4,38,"..."," Employer contributions for government social insurance ","Thousands of dollars",2530,2972,3484,4078,5234,6639,7169,8787,10420,11698,13304,13279,14624,14799,14992,17919,20706,24165,26631,31112,33793,34780,32565,34992,37854,41806,44858,49724,53296,59020,65267,73033,74092,80880,89760,101466,109465,118697,124163,135244,139253,144921,154839,162930,166513,174925,194980,202013,216940,233223,253046,283459,309970,337655
 "18063","Hendricks, IN",3,CAINC4,42,"...","Plus: Adjustment for residence 6/","Thousands of dollars",107974,101739,109819,125800,144326,160437,164830,184998,218282,250986,295403,334001,366492,366884,382609,418522,441589,464416,493867,533063,572815,609205,671612,725886,764700,821520,876269,903845,973108,1094179,1201093,1327202,1394483,1418099,1484514,1528259,1618311,1783369,1887265,1971083,1808261,1786698,1913095,1971875,2096609,2142618,2120147,2187423,2208771,2255810,2292412,2198756,2275046,2529052
 "18063","Hendricks, IN",3,CAINC4,45,"...","Equals: Net earnings by place of residence ","Thousands of dollars",175939,176116,198287,222489,260688,278980,302285,348408,397338,453695,518476,567042,603615,610005,626424,699020,754043,810224,888168,955815,1047670,1116287,1181688,1292020,1394903,1495612,1581096,1703930,1823215,2081269,2276769,2570262,2706858,2818244,2975596,3155958,3337659,3691285,3905208,4125001,3993650,4074003,4360811,4551392,4721773,4863363,5132303,5412653,5720617,6051152,6307464,6531681,7091991,7879070
 "18063","Hendricks, IN",3,CAINC4,46,"...","Plus: Dividends, interest, and rent 7/","Thousands of dollars",22861,26907,31138,34503,38891,44247,50901,55927,63216,72765,86980,106130,128118,145227,155403,170286,183055,192110,195426,214069,225883,262233,262076,278621,294726,346868,365603,402446,428333,473365,474242,518390,519630,512508,547602,531832,557569,628665,702271,765747,732616,751070,793247,862522,903247,946188,1013998,1064065,1114446,1214154,1224440,1241448,1422975,1546814
 "18063","Hendricks, IN",3,CAINC4,47,"...","Plus: Personal current transfer receipts ","Thousands of dollars",9564,11302,13190,14741,17921,20981,26310,28658,30194,33932,39180,49392,57387,64383,69173,73425,81807,87109,89592,94163,104701,116889,129640,147775,161841,173053,184733,201129,212980,223288,235790,266163,301624,328334,354439,379644,427393,477914,516601,629161,691896,752188,769913,785092,812050,887805,928710,981803,1028754,1096528,1183550,1579100,1853157,1571563
 "18063","Hendricks, IN",3,CAINC4,50,"...","Wages and salaries ","Thousands of dollars",48908,57936,66855,74479,82116,90581,100036,117189,133331,151226,171417,181409,191321,195383,201464,218095,244012,270276,303024,336730,366316,394844,402765,437250,483703,524920,561592,627148,669498,737144,815333,928042,994273,1074592,1176488,1324126,1400511,1535006,1626533,1764234,1794762,1867265,1989027,2107976,2125945,2243270,2513959,2670225,2917475,3159694,3356632,3630400,4089553,4641146
 "18063","Hendricks, IN",3,CAINC4,60,"...","Supplements to wages and salaries ","Thousands of dollars",5423,6717,7901,9275,10606,12744,15096,18525,22015,25332,28544,30680,32790,35508,38670,44013,51988,61509,70393,73879,82738,90453,91859,104555,116254,124653,130211,142898,150379,168197,192874,223500,232189,251059,276644,314652,344980,372333,402190,434837,437266,460993,477433,504559,505508,553184,584742,627813,670614,740394,761062,809579,868386,931404
 "18063","Hendricks, IN",3,CAINC4,61,"..."," Employer contributions for employee pension and insurance funds 8/","Thousands of dollars",2893,3745,4417,5197,5372,6105,7927,9738,11595,13634,15240,17401,18166,20709,23678,26094,31282,37344,43762,42767,48945,55673,59294,69563,78400,82847,85353,93174,97083,109177,127607,150467,158097,170179,186884,213186,235515,253636,278027,299593,298013,316072,322594,341629,338995,378259,389762,425800,453674,507171,508016,526120,558416,593749
 "18063","Hendricks, IN",3,CAINC4,62,"..."," Employer contributions for government social insurance ","Thousands of dollars",2530,2972,3484,4078,5234,6639,7169,8787,10420,11698,13304,13279,14624,14799,14992,17919,20706,24165,26631,31112,33793,34780,32565,34992,37854,41806,44858,49724,53296,59020,65267,73033,74092,80880,89760,101466,109465,118697,124163,135244,139253,144921,154839,162930,166513,174925,194980,202013,216940,233223,253046,283459,309970,337655
 "18063","Hendricks, IN",3,CAINC4,70,"...","Proprietors' income 9/","Thousands of dollars",18976,15855,20894,21311,34118,27638,35790,43682,42120,47113,47295,45872,40881,41241,33378,52902,57196,61039,73128,73016,93019,92490,85039,99649,113127,116065,109983,136942,143988,207921,204896,246097,245788,248329,227954,200104,201416,252270,254940,242875,246046,262487,266871,268174,341359,291409,321551,355217,388214,398298,440068,493977,521029,508310
 "18063","Hendricks, IN",3,CAINC4,71,"..."," Farm proprietors' income ","Thousands of dollars",6358,2791,5820,4942,12493,4029,11076,13217,8636,9845,8195,8110,6059,8053,-3920,4893,5166,3708,6022,52,9297,9593,-979,6115,9461,4555,271,7871,7849,4174,3365,7684,12485,3330,10876,18843,5215,4984,8464,8800,39775,23799,25505,-3163,54210,-8450,-17802,-2556,-2088,-721,-3058,9347,23859,18286
 "18063","Hendricks, IN",3,CAINC4,72,"..."," Nonfarm proprietors' income ","Thousands of dollars",12618,13064,15074,16369,21625,23609,24714,30465,33484,37268,39100,37762,34822,33188,37298,48009,52030,57331,67106,72964,83722,82897,86018,93534,103666,111510,109712,129071,136139,203747,201531,238413,233303,244999,217078,181261,196201,247286,246476,234075,206271,238688,241366,271337,287149,299859,339353,357773,390302,399019,443126,484630,497170,490024
 "18063","Hendricks, IN",3,CAINC4,7010,"...","Total employment ","Number of jobs",12084,12799,13442,14431,15166,15500,15992,16763,17615,18410,19044,19444,19243,19400,19790,20692,21850,23466,24940,25727,26688,27702,28240,28919,30613,32135,33364,35584,37597,40981,44555,47565,45320,47796,50401,54335,57137,60187,63476,66003,67518,67997,70776,72892,74601,77405,83934,88597,92594,96947,98629,100812,106395,113503
 "18063","Hendricks, IN",3,CAINC4,7020,"..."," Wage and salary employment ","Number of jobs",8554,9205,9711,10322,10850,11096,11534,12264,12926,13609,14123,14346,14292,14029,14196,14703,15384,16610,17548,18486,19399,20060,20243,20922,22225,23116,24074,25879,27285,28895,30685,33109,35053,37439,39462,42994,44847,47315,49685,52085,53637,54239,56388,58495,59832,62164,68146,71221,73947,77134,79089,79802,83516,89039
 "18063","Hendricks, IN",3,CAINC4,7040,"..."," Proprietors employment ","Number of jobs",3530,3594,3731,4109,4316,4404,4458,4499,4689,4801,4921,5098,4951,5371,5594,5989,6466,6856,7392,7241,7289,7642,7997,7997,8388,9019,9290,9705,10312,12086,13870,14456,10267,10357,10939,11341,12290,12872,13791,13918,13881,13758,14388,14397,14769,15241,15788,17376,18647,19813,19540,21010,22879,24464
 "18065","Henry, IN",3,CAINC4,10,"...","Personal income (thousands of dollars) ","Thousands of dollars",186678,189344,211574,233864,279554,287545,297029,346800,375564,402444,423356,460599,473098,481702,511771,574562,598199,621396,645471,687120,745315,781634,796801,854131,893660,955858,988014,1030360,1085474,1139829,1161659,1241601,1248486,1280998,1327777,1325158,1329006,1383287,1435270,1493413,1436013,1433038,1499424,1548665,1576902,1619320,1645327,1700225,1753438,1823237,1894083,2068956,2259915,2271779
 "18065","Henry, IN",3,CAINC4,11,"..."," Nonfarm personal income 1/","Thousands of dollars",179880,184670,204681,227717,265402,278673,288280,334484,369043,393009,418722,456306,473431,480685,516683,568907,594130,619387,637065,686316,737414,772794,792528,844417,883621,945709,986717,1019163,1072938,1132451,1158941,1233723,1238478,1282841,1313162,1300473,1314324,1370566,1417848,1465815,1409396,1415609,1463093,1527055,1515682,1591493,1643175,1688198,1737590,1807057,1879801,2041654,2217283,2235885
 "18065","Henry, IN",3,CAINC4,12,"..."," Farm income 2/","Thousands of dollars",6798,4674,6893,6147,14152,8872,8749,12316,6521,9435,4634,4293,-333,1017,-4912,5655,4069,2009,8406,804,7901,8840,4273,9714,10039,10149,1297,11197,12536,7378,2718,7878,10008,-1843,14615,24685,14682,12721,17422,27598,26617,17429,36331,21610,61220,27827,2152,12027,15848,16180,14282,27302,42632,35894
 "18065","Henry, IN",3,CAINC4,20,"...","Population (persons) 3/","Number of persons",52311,52686,53041,53073,53487,53528,53699,53671,53967,53834,53627,53199,52538,51424,50543,50222,49657,49034,48630,48433,48221,48162,48239,48669,48736,48940,49172,49085,48964,48782,48529,48469,48397,48258,48145,48184,48064,48375,48030,49420,49305,49552,49331,49315,49130,49258,49118,48889,48802,48915,48817,48903,49036,48915
 "18065","Henry, IN",3,CAINC4,30,"...","Per capita personal income (dollars) 4/","Dollars",3569,3594,3989,4406,5227,5372,5531,6462,6959,7476,7894,8658,9005,9367,10125,11440,12047,12673,13273,14187,15456,16229,16518,17550,18337,19531,20093,20991,22169,23366,23937,25616,25797,26545,27579,27502,27651,28595,29883,30219,29125,28920,30395,31404,32097,32874,33497,34777,35930,37274,38800,42307,46087,46443
 "18065","Henry, IN",3,CAINC4,35,"...","Earnings by place of work ","Thousands of dollars",120002,117716,132120,148753,184509,178864,168470,212622,225708,236630,234943,227076,222544,218974,236291,280187,292167,301026,324422,339016,365677,376560,380279,414737,442308,490193,509503,530873,572497,606113,630423,669604,641605,662465,696433,667299,631855,646971,666384,667610,611953,591657,625083,633914,676447,657910,637728,670558,711089,754587,763396,806932,869285,925518
 "18065","Henry, IN",3,CAINC4,36,"...","Less: Contributions for government social insurance 5/","Thousands of dollars",7493,7506,8574,10513,14423,15209,14257,17809,19335,20745,21642,20783,22601,22606,24945,29066,31284,32540,34023,37998,40973,42871,44549,47601,51373,56609,59601,59650,63578,64959,67557,69927,72834,76180,78260,75639,74495,77611,80797,80595,75614,72893,67010,69062,79178,81303,82097,84703,89372,95533,98082,103862,109694,118767
 "18065","Henry, IN",3,CAINC4,37,"..."," Employee and self-employed contributions for government social insurance ","Thousands of dollars",4039,4042,4605,5442,7412,7907,7415,9067,9754,10376,10971,10801,11841,11958,12966,14808,16299,17021,18064,20234,22228,23091,24145,25726,27916,31600,34095,34318,36807,38070,39590,41040,39467,41876,43308,41629,41294,43573,45486,45716,42761,41816,35310,36236,45568,46677,47594,49745,52960,57182,58832,62139,65894,72412
 "18065","Henry, IN",3,CAINC4,38,"..."," Employer contributions for government social insurance ","Thousands of dollars",3454,3464,3969,5071,7011,7302,6842,8742,9581,10369,10671,9982,10760,10648,11979,14258,14985,15519,15959,17764,18745,19780,20404,21875,23457,25009,25506,25332,26771,26889,27967,28887,33367,34304,34952,34010,33201,34038,35311,34879,32853,31077,31700,32826,33610,34626,34503,34958,36412,38351,39250,41723,43800,46355
 "18065","Henry, IN",3,CAINC4,42,"...","Plus: Adjustment for residence 6/","Thousands of dollars",36906,36517,40246,44079,49994,53857,55960,62601,72156,81131,89769,90522,97168,93140,99824,113307,121085,127924,132882,145993,159442,168681,171288,176338,179903,187306,189282,190862,193818,201874,208724,217499,235678,238678,241680,276520,295424,319862,322094,314750,293158,289023,307780,328013,329973,343719,368662,374880,386940,379101,408086,401904,435599,464044
 "18065","Henry, IN",3,CAINC4,45,"...","Equals: Net earnings by place of residence ","Thousands of dollars",149415,146727,163792,182319,220080,217512,210173,257414,278529,297016,303070,296815,297111,289508,311170,364428,381968,396410,423281,447011,484146,502370,507018,543474,570838,620890,639184,662085,702737,743028,771590,817176,804449,824963,859853,868180,852784,889222,907681,901765,829497,807787,865853,892865,927242,920326,924293,960735,1008657,1038155,1073400,1104974,1195190,1270795
 "18065","Henry, IN",3,CAINC4,46,"...","Plus: Dividends, interest, and rent 7/","Thousands of dollars",23423,26076,28574,30556,35203,40354,46589,50741,57572,60353,65978,81408,98823,109893,115534,121307,124309,128629,123972,128781,139497,147726,145402,141358,144722,151086,165523,177703,187450,202137,193281,204242,212131,208753,215633,188687,180748,183172,202941,220426,202379,199038,214017,215266,198825,217585,221613,226430,225013,246263,246305,251969,254630,267240
 "18065","Henry, IN",3,CAINC4,47,"...","Plus: Personal current transfer receipts ","Thousands of dollars",13840,16541,19208,20989,24271,29679,40267,38645,39463,45075,54308,82376,77164,82301,85067,88827,91922,96357,98218,111328,121672,131538,144381,169299,178100,183882,183307,190572,195287,194664,196788,220183,231906,247282,252291,268291,295474,310893,324648,371222,404137,426213,419554,440534,450835,481409,499421,513060,519768,538819,574378,712013,810095,733744
 "18065","Henry, IN",3,CAINC4,50,"...","Wages and salaries ","Thousands of dollars",88239,88763,98083,112060,135060,134713,123878,156318,169714,174872,176245,168302,169894,164324,180058,204981,215842,222307,234880,250876,264399,272730,277137,295362,315164,354959,382897,395082,425348,442969,466409,483775,463164,484219,498989,463114,441485,453027,471577,464895,423237,406563,411807,425453,433026,442938,451376,467299,495850,529609,539690,549931,594714,652115
 "18065","Henry, IN",3,CAINC4,60,"...","Supplements to wages and salaries ","Thousands of dollars",12007,11944,14350,16888,20270,20246,20306,25700,29617,30155,31765,31128,30984,31905,36907,42160,45488,49248,50217,57091,60335,63354,67548,77383,82038,86688,84010,82966,85640,90418,97705,105352,109068,115029,121172,117989,118405,118699,123891,124777,110386,107275,108432,111981,110540,120760,118399,123227,130099,142438,141790,144083,146467,152174
 "18065","Henry, IN",3,CAINC4,61,"..."," Employer contributions for employee pension and insurance funds 8/","Thousands of dollars",8553,8480,10381,11817,13259,12944,13464,16958,20036,19786,21094,21146,20224,21257,24928,27902,30503,33729,34258,39327,41590,43574,47144,55508,58581,61679,58504,57634,58869,63529,69738,76465,75701,80725,86220,83979,85204,84661,88580,89898,77533,76198,76732,79155,76930,86134,83896,88269,93687,104087,102540,102360,102667,105819
 "18065","Henry, IN",3,CAINC4,62,"..."," Employer contributions for government social insurance ","Thousands of dollars",3454,3464,3969,5071,7011,7302,6842,8742,9581,10369,10671,9982,10760,10648,11979,14258,14985,15519,15959,17764,18745,19780,20404,21875,23457,25009,25506,25332,26771,26889,27967,28887,33367,34304,34952,34010,33201,34038,35311,34879,32853,31077,31700,32826,33610,34626,34503,34958,36412,38351,39250,41723,43800,46355
 "18065","Henry, IN",3,CAINC4,70,"...","Proprietors' income 9/","Thousands of dollars",19756,17009,19687,19805,29179,23905,24286,30604,26377,31603,26933,27646,21666,22745,19326,33046,30837,29471,39325,31049,40943,40476,35594,41992,45106,48546,42596,52825,61509,72726,66309,80477,69373,63217,76272,86196,71965,75245,70916,77938,78330,77819,104844,96480,132881,94212,67953,80032,85140,82540,81916,112918,128104,121229
 "18065","Henry, IN",3,CAINC4,71,"..."," Farm proprietors' income ","Thousands of dollars",6186,3978,6139,5312,13097,7483,7166,10437,4359,7602,2659,2255,-2352,-1233,-6899,3855,2424,615,7169,-739,6101,6613,2016,7205,7445,7805,-851,9250,10466,5102,693,5986,8038,-3566,12437,22031,11931,9919,13866,24386,23088,13763,32921,17529,56990,23388,-1480,8306,11329,11215,10408,23172,38969,31742
 "18065","Henry, IN",3,CAINC4,72,"..."," Nonfarm proprietors' income ","Thousands of dollars",13570,13031,13548,14493,16082,16422,17120,20167,22018,24001,24274,25391,24018,23978,26225,29191,28413,28856,32156,31788,34842,33863,33578,34787,37661,40741,43447,43575,51043,67624,65616,74491,61335,66783,63835,64165,60034,65326,57050,53552,55242,64056,71923,78951,75891,70824,69433,71726,73811,71325,71508,89746,89135,89487
 "18065","Henry, IN",3,CAINC4,7010,"...","Total employment ","Number of jobs",18334,17753,18100,18487,19837,19741,18704,19735,19863,19776,19391,18004,17215,16510,16834,17635,17768,17815,18267,18113,18241,18357,18271,18216,18743,19308,19775,19977,20313,20583,20626,20651,19987,19650,19688,19398,19044,19031,19218,18848,17866,17128,17059,17120,17227,17240,17221,17162,17608,17835,17831,17506,17874,18557
 "18065","Henry, IN",3,CAINC4,7020,"..."," Wage and salary employment ","Number of jobs",14442,14032,14329,14665,15906,15653,14502,15473,15614,15564,15223,13850,13151,12490,12788,13505,13524,13527,13845,13930,14162,14185,14031,14083,14461,14996,15276,15473,15819,15643,15708,15597,15306,15029,15156,14885,14451,14445,14361,14241,13334,12755,12575,12746,12832,12852,12833,12977,13283,13604,13650,13072,13253,13673
 "18065","Henry, IN",3,CAINC4,7040,"..."," Proprietors employment ","Number of jobs",3892,3721,3771,3822,3931,4088,4202,4262,4249,4212,4168,4154,4064,4020,4046,4130,4244,4288,4422,4183,4079,4172,4240,4133,4282,4312,4499,4504,4494,4940,4918,5054,4681,4621,4532,4513,4593,4586,4857,4607,4532,4373,4484,4374,4395,4388,4388,4185,4325,4231,4181,4434,4621,4884
 "18067","Howard, IN",3,CAINC4,10,"...","Personal income (thousands of dollars) ","Thousands of dollars",323343,331938,384616,429095,498639,506802,529985,603238,672470,739370,782926,839818,887814,883158,974902,1113513,1209608,1233443,1253311,1366317,1471323,1515587,1552191,1661647,1769267,1882652,1976484,2039310,2078446,2204366,2308768,2400913,2349385,2390772,2446933,2518996,2557356,2637853,2755872,2708825,2527979,2582551,2733026,2849175,2895357,3020715,3109118,3160214,3241632,3401685,3479246,3661971,3963612,3960413
 "18067","Howard, IN",3,CAINC4,11,"..."," Nonfarm personal income 1/","Thousands of dollars",316121,326858,376976,423314,480756,497111,512477,592499,666770,729986,775574,838465,887819,880448,976893,1106438,1201062,1226802,1243558,1360822,1460988,1502589,1543515,1649399,1753512,1866140,1968575,2017465,2057932,2192520,2301725,2387437,2334267,2381251,2432329,2494492,2542131,2627698,2744233,2683934,2517355,2579081,2712400,2823235,2833727,2986463,3105254,3145161,3231546,3388067,3472630,3642371,3928745,3932010
 "18067","Howard, IN",3,CAINC4,12,"..."," Farm income 2/","Thousands of dollars",7222,5080,7640,5781,17883,9691,17508,10739,5700,9384,7352,1353,-5,2710,-1991,7075,8546,6641,9753,5495,10335,12998,8676,12248,15755,16512,7909,21845,20514,11846,7043,13476,15118,9521,14604,24504,15225,10155,11639,24891,10624,3470,20626,25940,61630,34252,3864,15053,10086,13618,6616,19600,34867,28403
 "18067","Howard, IN",3,CAINC4,20,"...","Population (persons) 3/","Number of persons",81918,83353,83904,84832,85745,87215,86906,86700,87123,87248,87305,86774,86098,85004,84532,84671,84459,83768,82308,80994,80751,80976,81924,82537,83271,83584,83905,84656,84669,84361,84772,84940,84909,84563,84538,84291,84382,83943,83743,83472,82701,82775,82919,83059,83057,83020,82855,82965,82960,83087,83500,83588,83642,83574
 "18067","Howard, IN",3,CAINC4,30,"...","Per capita personal income (dollars) 4/","Dollars",3947,3982,4584,5058,5815,5811,6098,6958,7719,8474,8968,9678,10312,10390,11533,13151,14322,14725,15227,16869,18220,18716,18947,20132,21247,22524,23556,24089,24548,26130,27235,28266,27669,28272,28945,29885,30307,31424,32909,32452,30568,31200,32960,34303,34860,36385,37525,38091,39075,40941,41668,43810,47388,47388
 "18067","Howard, IN",3,CAINC4,35,"...","Earnings by place of work ","Thousands of dollars",347002,344273,407732,466275,553818,543180,538360,656972,751820,836823,875549,863696,921928,868581,991281,1172043,1293641,1295768,1311970,1455916,1544543,1554645,1596640,1727741,1873443,2059964,2137222,2184680,2196171,2339504,2507585,2571598,2463857,2515127,2545789,2652883,2631478,2672906,2696430,2415123,2008953,2031221,2182824,2278799,2405149,2495564,2539783,2597450,2644276,2682006,2718045,2545957,2610211,2741860
 "18067","Howard, IN",3,CAINC4,36,"...","Less: Contributions for government social insurance 5/","Thousands of dollars",23103,22733,27903,34537,46926,48464,46757,58907,67991,77815,84319,83180,95940,91592,106423,128577,143969,143515,143223,163395,173296,180308,187804,199092,218365,240029,236695,229036,227438,232284,245559,248837,281622,288975,293301,301613,301859,311050,314759,286416,246960,246773,234507,242322,290561,302791,313018,314801,314743,321853,336697,332955,337480,345542
 "18067","Howard, IN",3,CAINC4,37,"..."," Employee and self-employed contributions for government social insurance ","Thousands of dollars",11699,11619,14166,16880,22827,23885,23020,28252,32211,36468,40162,40281,46931,44902,51140,60277,69194,69701,70112,79594,85726,89553,93731,99288,107913,121853,129783,132216,134005,140131,149850,151254,142603,147173,148455,154833,155445,160458,163263,148788,129278,130372,108580,112242,150779,157193,162432,165389,171015,176319,182257,176457,180080,192635
 "18067","Howard, IN",3,CAINC4,38,"..."," Employer contributions for government social insurance ","Thousands of dollars",11404,11114,13737,17657,24099,24579,23737,30655,35780,41347,44157,42899,49009,46690,55283,68300,74775,73814,73111,83801,87570,90755,94073,99804,110452,118176,106912,96820,93433,92153,95709,97583,139019,141802,144846,146780,146414,150592,151496,137628,117682,116401,125927,130080,139782,145598,150586,149412,143728,145534,154440,156498,157400,152907
 "18067","Howard, IN",3,CAINC4,42,"...","Plus: Adjustment for residence 6/","Thousands of dollars",-56013,-52896,-65921,-78852,-94878,-94141,-92491,-124706,-152531,-174283,-185636,-187632,-197215,-176894,-208022,-250029,-278525,-271605,-267045,-302451,-317319,-304114,-319740,-359591,-404640,-467548,-505926,-525716,-528344,-568732,-627794,-648040,-594994,-599341,-596494,-619465,-604357,-613805,-593371,-467475,-323174,-321120,-361812,-379039,-418004,-427875,-428239,-439771,-444905,-359724,-375459,-284826,-232375,-249200
 "18067","Howard, IN",3,CAINC4,45,"...","Equals: Net earnings by place of residence ","Thousands of dollars",267886,268644,313908,352886,412014,400575,399112,473359,531298,584725,605594,592884,628773,600095,676836,793437,871147,880648,901702,990070,1053928,1070223,1089096,1169058,1250438,1352387,1394601,1429928,1440389,1538488,1634232,1674721,1587241,1626811,1655994,1731805,1725262,1748051,1788300,1661232,1438819,1463328,1586505,1657438,1696584,1764898,1798526,1842878,1884628,2000429,2005889,1928176,2040356,2147118
 "18067","Howard, IN",3,CAINC4,46,"...","Plus: Dividends, interest, and rent 7/","Thousands of dollars",37315,41170,45197,48118,54917,62950,70449,77332,87137,94161,102400,123720,149813,161674,172690,192089,205398,212340,206544,220631,246190,255533,253120,251811,267068,272532,317705,327592,348834,368647,358631,385757,377490,360718,368893,335704,339454,351744,402083,404424,381966,378791,402052,422822,413140,427829,451018,443588,456784,467353,491041,494829,533381,580350
 "18067","Howard, IN",3,CAINC4,47,"...","Plus: Personal current transfer receipts ","Thousands of dollars",18142,22124,25511,28091,31708,43277,60424,52547,54035,60484,74932,123214,109228,121389,125376,127987,133063,140455,145065,155616,171205,189831,209975,240778,251761,257733,264178,281790,289223,297231,315905,340435,384654,403243,422046,451487,492640,538058,565489,643169,707194,740432,744469,768915,785633,827988,859574,873748,900220,933903,982316,1238966,1389875,1232945
 "18067","Howard, IN",3,CAINC4,50,"...","Wages and salaries ","Thousands of dollars",286539,285025,335618,384922,449370,447102,429442,534041,612716,678853,711716,703355,754268,701157,801387,942331,1038686,1030384,1040465,1148182,1213762,1215241,1241713,1316373,1419615,1602184,1715449,1765923,1791294,1893812,2027274,2053001,1920187,1945523,1956160,2041867,2017547,2058359,2085552,1844916,1547597,1554953,1661356,1719096,1800348,1878577,1951424,1983161,2036278,2053375,2101738,1935189,1965901,2115645
 "18067","Howard, IN",3,CAINC4,60,"...","Supplements to wages and salaries ","Thousands of dollars",35673,35493,44519,54024,62543,62261,66339,82938,99804,110455,118489,122206,132068,130077,152337,176371,198710,208816,209005,248750,262250,267627,285618,331126,362417,372222,344432,322777,302158,328500,354777,383551,431286,454968,470385,478999,493882,500979,508156,462936,368692,374774,389839,410039,421253,460319,461642,474640,473782,486267,481576,465147,454227,449667
 "18067","Howard, IN",3,CAINC4,61,"..."," Employer contributions for employee pension and insurance funds 8/","Thousands of dollars",24269,24379,30782,36367,38444,37682,42602,52283,64024,69108,74332,79307,83059,83387,97054,108071,123935,135002,135894,164949,174680,176872,191545,231322,251965,254046,237520,225957,208725,236347,259068,285968,292267,313166,325539,332219,347468,350387,356660,325308,251010,258373,263912,279959,281471,314721,311056,325228,330054,340733,327136,308649,296827,296760
 "18067","Howard, IN",3,CAINC4,62,"..."," Employer contributions for government social insurance ","Thousands of dollars",11404,11114,13737,17657,24099,24579,23737,30655,35780,41347,44157,42899,49009,46690,55283,68300,74775,73814,73111,83801,87570,90755,94073,99804,110452,118176,106912,96820,93433,92153,95709,97583,139019,141802,144846,146780,146414,150592,151496,137628,117682,116401,125927,130080,139782,145598,150586,149412,143728,145534,154440,156498,157400,152907
 "18067","Howard, IN",3,CAINC4,70,"...","Proprietors' income 9/","Thousands of dollars",24790,23755,27595,27329,41905,33817,42579,39993,39300,47515,45344,38135,35592,37347,37557,53341,56245,56568,62500,58984,68531,71777,69309,80242,91411,85558,77341,95980,102719,117192,125534,135046,112384,114636,119244,132017,120049,113568,102722,107271,92664,101494,131629,149664,183548,156668,126717,139649,134216,142364,134731,145621,190083,176548
 "18067","Howard, IN",3,CAINC4,71,"..."," Farm proprietors' income ","Thousands of dollars",6639,4440,6967,5053,16985,8536,16171,9123,3803,7788,5659,-365,-1690,869,-3698,5457,7019,5293,8510,4073,8776,11158,6873,10307,13747,14680,6212,20291,18861,9900,5181,11606,13047,7576,12444,22152,13014,8096,9253,22544,7864,432,17636,22190,57738,30173,513,11615,5936,9044,3032,15781,31485,24594
 "18067","Howard, IN",3,CAINC4,72,"..."," Nonfarm proprietors' income ","Thousands of dollars",18151,19315,20628,22276,24920,25281,26408,30870,35497,39727,39685,38500,37282,36478,41255,47884,49226,51275,53990,54911,59755,60619,62436,69935,77664,70878,71129,75689,83858,107292,120353,123440,99337,107060,106800,109865,107035,105472,93469,84727,84800,101062,113993,127474,125810,126495,126204,128034,128280,133320,131699,129840,158598,151954
 "18067","Howard, IN",3,CAINC4,7010,"...","Total employment ","Number of jobs",44623,42282,44735,46840,50105,47441,43959,47377,49509,50886,49709,45809,46275,42641,43455,47020,47707,47674,48068,48902,49968,50562,50375,52015,53683,53788,56546,56874,56082,56595,57213,57398,54466,53874,52400,51985,51577,51183,50586,48135,43131,44467,45454,46385,47549,48287,48491,49709,49764,48917,47870,45863,45316,45315
 "18067","Howard, IN",3,CAINC4,7020,"..."," Wage and salary employment ","Number of jobs",40147,37818,39973,41800,44925,42262,38890,42228,44327,45760,44666,40772,41197,37743,38413,41812,42289,42114,42254,43188,44239,44406,44088,45586,47265,47197,49644,49922,49132,49573,50370,50305,47786,47090,45655,45062,44378,43853,42954,40879,35745,37186,37987,39025,40217,41018,41258,42450,42524,41837,41001,38700,37858,37354
 "18067","Howard, IN",3,CAINC4,7040,"..."," Proprietors employment ","Number of jobs",4476,4464,4762,5040,5180,5179,5069,5149,5182,5126,5043,5037,5078,4898,5042,5208,5418,5560,5814,5714,5729,6156,6287,6429,6418,6591,6902,6952,6950,7022,6843,7093,6680,6784,6745,6923,7199,7330,7632,7256,7386,7281,7467,7360,7332,7269,7233,7259,7240,7080,6869,7163,7458,7961
 "18069","Huntington, IN",3,CAINC4,10,"...","Personal income (thousands of dollars) ","Thousands of dollars",124016,128987,141875,152599,180407,190087,205421,227922,249894,271858,298436,311119,334551,343924,356718,406854,428455,468503,505031,531080,573181,598040,602704,663288,704546,747281,771143,820115,885320,921032,948576,987806,1007493,1006894,1036267,1085330,1096656,1148118,1174513,1212032,1150978,1186660,1265422,1302631,1329292,1349353,1378216,1389223,1434731,1496622,1529590,1652628,1848775,1890945
 "18069","Huntington, IN",3,CAINC4,11,"..."," Nonfarm personal income 1/","Thousands of dollars",118907,123567,133307,146740,162426,178414,191311,215569,238078,261312,285504,302768,331738,339523,360793,399928,424153,461108,494346,527609,561949,586013,599439,655581,691030,734983,765672,804965,863733,911433,945107,978340,995670,1005196,1022931,1059800,1083048,1134681,1156232,1181327,1124281,1166926,1237299,1267285,1260192,1307608,1354726,1373627,1426368,1483612,1524778,1632965,1807110,1843205
 "18069","Huntington, IN",3,CAINC4,12,"..."," Farm income 2/","Thousands of dollars",5109,5420,8568,5859,17981,11673,14110,12353,11816,10546,12932,8351,2813,4401,-4075,6926,4302,7395,10685,3471,11232,12027,3265,7707,13516,12298,5471,15150,21587,9599,3469,9466,11823,1698,13336,25530,13608,13437,18281,30705,26697,19734,28123,35346,69100,41745,23490,15596,8363,13010,4812,19663,41665,47740
 "18069","Huntington, IN",3,CAINC4,20,"...","Population (persons) 3/","Number of persons",34905,35005,35213,35149,35616,35643,35392,35528,35555,35701,35834,35545,35265,34638,34261,34491,34796,34664,35035,35452,35498,35503,35851,35920,36363,36643,37100,37351,37648,37847,38024,38068,37877,37992,37875,37768,37650,37601,37447,37244,37205,37121,37197,37033,36858,36719,36652,36451,36413,36429,36747,36646,36792,36834
 "18069","Huntington, IN",3,CAINC4,30,"...","Per capita personal income (dollars) 4/","Dollars",3553,3685,4029,4341,5065,5333,5804,6415,7028,7615,8328,8753,9487,9929,10412,11796,12313,13516,14415,14980,16147,16845,16811,18466,19375,20394,20786,21957,23516,24336,24947,25948,26599,26503,27360,28737,29128,30534,31365,32543,30936,31967,34019,35175,36065,36748,37603,38112,39402,41083,41625,45097,50249,51337
 "18069","Huntington, IN",3,CAINC4,35,"...","Earnings by place of work ","Thousands of dollars",85275,86533,94918,101711,122801,126113,134182,150054,161831,176226,191855,188843,192175,189984,192968,236243,241908,274159,310692,325158,354395,366654,358263,413807,461560,486375,513966,546066,569707,574571,584321,583201,593563,606347,637873,686787,683949,691060,701214,711642,640708,662188,715312,731903,772346,771385,767256,764849,773846,801074,799840,821825,910143,973586
 "18069","Huntington, IN",3,CAINC4,36,"...","Less: Contributions for government social insurance 5/","Thousands of dollars",5731,5728,6298,7364,9212,10551,10829,12513,13563,15431,17186,17322,19584,19545,20700,24600,25826,29202,32352,35830,38394,40736,41454,46834,52221,56024,60379,62406,63972,64816,66274,65036,66937,69683,72754,77814,80328,81298,82853,83331,76873,79628,76413,76138,87151,90372,92243,92962,95452,98469,100505,105534,112695,120883
 "18069","Huntington, IN",3,CAINC4,37,"..."," Employee and self-employed contributions for government social insurance ","Thousands of dollars",3011,3047,3349,3830,4711,5386,5611,6278,6732,7583,8555,8797,10030,10157,10607,12350,13419,15146,16867,18790,20513,21496,22041,24733,27357,29376,31765,32786,33917,34156,34813,33990,35050,36786,38179,40763,41998,42957,43966,44533,41346,42670,35923,36177,46681,48140,49341,50158,52222,55068,56405,59854,64192,69768
 "18069","Huntington, IN",3,CAINC4,38,"..."," Employer contributions for government social insurance ","Thousands of dollars",2720,2681,2949,3534,4501,5165,5218,6235,6831,7848,8631,8525,9554,9388,10093,12250,12407,14056,15485,17040,17881,19240,19413,22101,24864,26648,28614,29620,30055,30660,31461,31046,31887,32897,34575,37051,38330,38341,38887,38798,35527,36958,40490,39961,40470,42232,42902,42804,43230,43401,44100,45680,48503,51115
 "18069","Huntington, IN",3,CAINC4,42,"...","Plus: Adjustment for residence 6/","Thousands of dollars",17591,17996,19473,22460,24995,26410,26083,30336,35809,40145,44951,44781,47933,45840,47548,50149,57901,61126,63459,72028,77299,84088,91498,89531,80912,88450,80497,84229,119053,133908,157416,174331,174483,175270,169939,159813,159795,177131,162163,144098,135873,133913,137066,148704,146671,147201,155429,162711,177395,194002,208891,198233,203248,226169
 "18069","Huntington, IN",3,CAINC4,45,"...","Equals: Net earnings by place of residence ","Thousands of dollars",97135,98801,108093,116807,138584,141972,149436,167877,184077,200940,219620,216302,220524,216279,219816,261792,273983,306083,341799,361356,393300,410006,408307,456504,490251,518801,534084,567889,624788,643663,675463,692496,701109,711934,735058,768786,763416,786893,780524,772409,699708,716473,775965,804469,831866,828214,830442,834598,855789,896607,908226,914524,1000696,1078872
 "18069","Huntington, IN",3,CAINC4,46,"...","Plus: Dividends, interest, and rent 7/","Thousands of dollars",16822,18605,20323,21688,25209,29095,32595,35473,40424,42465,46120,56077,68401,74804,80543,87654,93630,99419,100326,104109,109737,113778,112333,114230,116776,127367,133940,143930,149787,157672,150866,163464,160571,139990,139561,147141,148379,161174,181282,195219,179029,185869,203793,207477,206293,216067,223126,224099,241448,246625,248847,254475,299508,322555
 "18069","Huntington, IN",3,CAINC4,47,"...","Plus: Personal current transfer receipts ","Thousands of dollars",10059,11581,13459,14104,16614,19020,23390,24572,25393,28453,32696,38740,45626,52841,56359,57408,60842,63001,62906,65615,70144,74256,82064,92554,97519,101113,103119,108296,110745,119697,122247,131846,145813,154970,161648,169403,184861,200051,212707,244404,272241,284318,285664,290685,291133,305072,324648,330526,337494,353390,372517,483629,548571,489518
 "18069","Huntington, IN",3,CAINC4,50,"...","Wages and salaries ","Thousands of dollars",64399,64817,68372,75327,82212,89784,93585,106638,115381,127306,137255,138540,146323,143101,149561,172523,177405,199857,223903,240019,252996,264412,263310,299907,330360,352966,383359,403636,415484,424116,434496,429565,433605,446653,461973,491533,497300,500012,508295,510720,461415,476224,506815,507659,518665,537504,554580,559521,577487,594889,597566,600357,648676,704138
 "18069","Huntington, IN",3,CAINC4,60,"...","Supplements to wages and salaries ","Thousands of dollars",7225,7463,8198,9780,11100,12690,13942,16281,18442,20673,22419,23259,25216,25909,28913,34349,36815,42146,48375,53483,59277,62948,65208,78700,89020,93346,96275,96733,95872,97643,103944,108502,105918,111736,118120,124496,130109,132482,136120,137615,121248,126940,132930,137077,134610,148343,148325,150235,149216,153566,153002,153062,160410,162370
 "18069","Huntington, IN",3,CAINC4,61,"..."," Employer contributions for employee pension and insurance funds 8/","Thousands of dollars",4505,4782,5249,6246,6599,7525,8724,10046,11611,12825,13788,14734,15662,16521,18820,22099,24408,28090,32890,36443,41396,43708,45795,56599,64156,66698,67661,67113,65817,66983,72483,77456,74031,78839,83545,87445,91779,94141,97233,98817,85721,89982,92440,97116,94140,106111,105423,107431,105986,110165,108902,107382,111907,111255
 "18069","Huntington, IN",3,CAINC4,62,"..."," Employer contributions for government social insurance ","Thousands of dollars",2720,2681,2949,3534,4501,5165,5218,6235,6831,7848,8631,8525,9554,9388,10093,12250,12407,14056,15485,17040,17881,19240,19413,22101,24864,26648,28614,29620,30055,30660,31461,31046,31887,32897,34575,37051,38330,38341,38887,38798,35527,36958,40490,39961,40470,42232,42902,42804,43230,43401,44100,45680,48503,51115
 "18069","Huntington, IN",3,CAINC4,70,"...","Proprietors' income 9/","Thousands of dollars",13651,14253,18348,16604,29489,23639,26655,27135,28008,28247,32181,27044,20636,20974,14494,29371,27688,32156,38414,31656,42122,39294,29745,35200,42180,40063,34332,45697,58351,52812,45881,45134,54040,47958,57780,70758,56540,58566,56799,63307,58045,59024,75567,87167,119071,85538,64351,55093,47143,52619,49272,68406,101057,107078
 "18069","Huntington, IN",3,CAINC4,71,"..."," Farm proprietors' income ","Thousands of dollars",4676,4955,8091,5354,17355,10891,13133,11113,10303,9169,11400,6723,1147,2516,-5849,5192,2593,5813,9133,1842,9583,10205,1584,6002,11379,10008,3014,12594,18560,5971,-59,5874,7794,-2113,9304,21376,9939,10253,14839,27602,23286,16188,24823,31393,65004,37446,19974,11999,3984,8207,1072,15670,38121,43711
 "18069","Huntington, IN",3,CAINC4,72,"..."," Nonfarm proprietors' income ","Thousands of dollars",8975,9298,10257,11250,12134,12748,13522,16022,17705,19078,20781,20321,19489,18458,20343,24179,25095,26343,29281,29814,32539,29089,28161,29198,30801,30055,31318,33103,39791,46841,45940,39260,46246,50071,48476,49382,46601,48313,41960,35705,34759,42836,50744,55774,54067,48092,44377,43094,43159,44412,48200,52736,62936,63367
 "18069","Huntington, IN",3,CAINC4,7010,"...","Total employment ","Number of jobs",15023,14462,14411,15242,15840,16024,15773,16347,16701,17071,16746,16035,15657,14929,15074,16113,16274,16840,17795,18260,18723,18840,18229,19008,20138,20474,21988,22402,22213,21579,21426,21187,20802,20513,20267,20561,20611,20330,20450,19939,18459,18557,18920,18766,18988,19179,19196,18732,18474,18367,18139,17741,18288,18920
 "18069","Huntington, IN",3,CAINC4,7020,"..."," Wage and salary employment ","Number of jobs",11811,11285,11262,11839,12382,12557,12351,12874,13250,13648,13299,12534,12193,11484,11558,12617,12778,13410,14388,14799,15268,15345,14691,15584,16668,16889,18253,18609,18336,17702,17649,17299,16860,16624,16401,16617,16490,16207,16165,15820,14304,14462,14940,14791,14868,15049,15217,15089,14775,14633,14559,13943,14375,14779
 "18069","Huntington, IN",3,CAINC4,7040,"..."," Proprietors employment ","Number of jobs",3212,3177,3149,3403,3458,3467,3422,3473,3451,3423,3447,3501,3464,3445,3516,3496,3496,3430,3407,3461,3455,3495,3538,3424,3470,3585,3735,3793,3877,3877,3777,3888,3942,3889,3866,3944,4121,4123,4285,4119,4155,4095,3980,3975,4120,4130,3979,3643,3699,3734,3580,3798,3913,4141
 "18071","Jackson, IN",3,CAINC4,10,"...","Personal income (thousands of dollars) ","Thousands of dollars",116812,119815,131127,140620,163254,175708,184380,208508,227896,260862,290151,305843,341119,350558,359947,420917,431801,455949,481748,497826,537068,570677,583827,637844,673307,721484,758048,790794,822851,880035,933147,988923,1044569,1040955,1078854,1160489,1201131,1268205,1322045,1400325,1422117,1469360,1540430,1611334,1625076,1699271,1742347,1737862,1770147,1897209,1940437,2045631,2235916,2286235
 "18071","Jackson, IN",3,CAINC4,11,"..."," Nonfarm personal income 1/","Thousands of dollars",108534,113984,122771,132604,148930,165933,173268,195202,219663,252340,284656,302282,335879,347095,367048,402685,415527,440298,469706,491232,521672,559820,581082,624940,664178,711368,750979,769936,809781,868851,921686,969418,1022046,1028653,1051776,1123693,1168075,1234363,1281213,1349047,1388053,1440114,1504765,1573026,1567453,1651452,1697296,1721192,1754393,1880100,1930754,2018812,2196914,2229286
 "18071","Jackson, IN",3,CAINC4,12,"..."," Farm income 2/","Thousands of dollars",8278,5831,8356,8016,14324,9775,11112,13306,8233,8522,5495,3561,5240,3463,-7101,18232,16274,15651,12042,6594,15396,10857,2745,12904,9129,10116,7069,20858,13070,11184,11461,19505,22523,12302,27078,36796,33056,33842,40832,51278,34064,29246,35665,38308,57623,47819,45051,16670,15754,17109,9683,26819,39002,56949
 "18071","Jackson, IN",3,CAINC4,20,"...","Population (persons) 3/","Number of persons",32970,33119,32961,33360,34040,34251,34564,34704,34960,35428,36000,36623,36941,37145,37022,37145,37138,37074,37144,37215,37498,37839,38309,38567,39034,39333,40184,40375,40802,40860,41159,41428,41343,41335,41403,41417,41683,41725,41693,41705,41798,42634,43174,43453,44118,44600,44986,45301,45462,45786,46136,46461,46285,46300
 "18071","Jackson, IN",3,CAINC4,30,"...","Per capita personal income (dollars) 4/","Dollars",3543,3618,3978,4215,4796,5130,5334,6008,6519,7363,8060,8351,9234,9438,9723,11332,11627,12298,12970,13377,14323,15082,15240,16539,17249,18343,18864,19586,20167,21538,22672,23871,25266,25183,26057,28020,28816,30394,31709,33577,34024,34465,35680,37082,36835,38100,38731,38363,38937,41436,42059,44029,48308,49379
 "18071","Jackson, IN",3,CAINC4,35,"...","Earnings by place of work ","Thousands of dollars",82330,81445,89619,97045,112722,116695,114309,132268,144956,172490,192294,193717,209287,210179,207166,257765,269399,299830,325099,340744,380205,419591,430130,474397,499047,545975,591406,608220,636805,692029,755303,802608,856678,861503,898289,956368,972226,993997,1009596,1009290,931328,961317,1001151,1065813,1123362,1188134,1246958,1282694,1313091,1410772,1477822,1509349,1619968,1733917
 "18071","Jackson, IN",3,CAINC4,36,"...","Less: Contributions for government social insurance 5/","Thousands of dollars",5149,5252,5842,6785,8547,9743,9246,10752,12279,15151,17944,18292,21141,21859,22610,25747,27613,31140,33811,37381,41168,47455,50256,53643,57448,63609,69611,69308,73115,78024,84501,87351,93048,95390,99187,105450,108502,111232,112826,113332,108374,111104,103210,109263,129324,137589,145439,152197,155571,164716,177325,186390,196541,206083
 "18071","Jackson, IN",3,CAINC4,37,"..."," Employee and self-employed contributions for government social insurance ","Thousands of dollars",2693,2749,3066,3475,4359,5015,4839,5458,6159,7489,8909,9221,10741,11180,11456,12863,14279,16152,17693,19644,21869,24725,26296,28008,30012,33366,36586,36450,38694,41045,44380,46069,48585,50072,51553,54518,56381,58395,59373,59842,57162,58584,47695,50185,66991,71253,74785,78585,81173,87624,93503,97941,104185,111471
 "18071","Jackson, IN",3,CAINC4,38,"..."," Employer contributions for government social insurance ","Thousands of dollars",2456,2503,2776,3310,4188,4728,4407,5294,6120,7662,9035,9071,10400,10679,11154,12884,13334,14988,16118,17737,19299,22730,23960,25635,27436,30243,33025,32858,34421,36979,40121,41282,44463,45318,47634,50932,52121,52837,53453,53490,51212,52520,55515,59078,62333,66336,70654,73612,74398,77092,83822,88449,92356,94612
 "18071","Jackson, IN",3,CAINC4,42,"...","Plus: Adjustment for residence 6/","Thousands of dollars",15560,16490,17121,17690,20621,23751,23433,28133,31674,33642,36565,32475,36109,30788,33031,38881,31803,22618,24050,20224,10382,-220,-1285,1517,6164,3447,-2745,-831,-3298,-6746,-15526,-18252,-28155,-28185,-31063,-30202,-20925,-1692,1833,15994,78295,100745,101861,98847,82070,58017,35670,-2060,-10300,-26554,-38150,-81940,-85766,-82482
 "18071","Jackson, IN",3,CAINC4,45,"...","Equals: Net earnings by place of residence ","Thousands of dollars",92741,92683,100898,107950,124796,130703,128496,149649,164351,190981,210915,207900,224255,219108,217587,270899,273589,291308,315338,323587,349419,371916,378589,422271,447763,485813,519050,538081,560392,607259,655276,697005,735475,737928,768039,820716,842799,881073,898603,911952,901249,950958,999802,1055397,1076108,1108562,1137189,1128437,1147220,1219502,1262347,1241019,1337661,1445352
 "18071","Jackson, IN",3,CAINC4,46,"...","Plus: Dividends, interest, and rent 7/","Thousands of dollars",15431,17022,18565,19789,23126,26888,30542,32940,37464,41074,45981,57093,70033,78886,85519,91506,95228,98026,97584,101854,109781,115134,113587,112676,117173,125204,123773,128363,134073,142544,140111,145872,150229,135506,140099,156549,158377,168752,197892,225824,225303,202666,221729,229143,220746,241561,242264,247710,258171,300805,275326,277064,301218,315635
 "18071","Jackson, IN",3,CAINC4,47,"...","Plus: Personal current transfer receipts ","Thousands of dollars",8640,10110,11664,12881,15332,18117,25342,25919,26081,28807,33255,40850,46831,52564,56841,58512,62984,66615,68826,72385,77868,83627,91651,102897,108371,110467,115225,124350,128386,130232,137760,146046,158865,167521,170716,183224,199955,218380,225550,262549,295565,315736,318899,326794,328222,349148,362894,361715,364756,376902,402764,527548,597037,525248
 "18071","Jackson, IN",3,CAINC4,50,"...","Wages and salaries ","Thousands of dollars",59319,60825,65320,70974,77531,84318,80541,92498,106193,126974,146677,150165,162195,164934,167413,183787,192883,215683,235986,253200,276057,314151,326658,349153,369830,405559,449447,454770,486113,526384,576185,602773,612590,620863,640351,683124,692850,704129,717708,715151,674768,689865,715187,764220,801702,859078,910142,960656,987692,1059218,1122290,1126240,1207710,1299512
 "18071","Jackson, IN",3,CAINC4,60,"...","Supplements to wages and salaries ","Thousands of dollars",7139,7357,8007,9513,10566,11551,11480,13386,15978,19830,23163,24711,27158,29024,30797,34079,36772,42229,46596,50959,58507,69250,75703,86327,92475,100070,103797,101702,103692,112861,127240,139063,153579,156970,166678,180105,189686,191979,199537,197621,177859,184946,188453,202947,209174,229798,239745,254063,260517,279922,285272,287123,295719,299649
 "18071","Jackson, IN",3,CAINC4,61,"..."," Employer contributions for employee pension and insurance funds 8/","Thousands of dollars",4683,4854,5231,6203,6378,6823,7073,8092,9858,12168,14128,15640,16758,18345,19643,21195,23438,27241,30478,33222,39208,46520,51743,60692,65039,69827,70772,68844,69271,75882,87119,97781,109116,111652,119044,129173,137565,139142,146084,144131,126647,132426,132938,143869,146841,163462,169091,180451,186119,202830,201450,198674,203363,205037
 "18071","Jackson, IN",3,CAINC4,62,"..."," Employer contributions for government social insurance ","Thousands of dollars",2456,2503,2776,3310,4188,4728,4407,5294,6120,7662,9035,9071,10400,10679,11154,12884,13334,14988,16118,17737,19299,22730,23960,25635,27436,30243,33025,32858,34421,36979,40121,41282,44463,45318,47634,50932,52121,52837,53453,53490,51212,52520,55515,59078,62333,66336,70654,73612,74398,77092,83822,88449,92356,94612
 "18071","Jackson, IN",3,CAINC4,70,"...","Proprietors' income 9/","Thousands of dollars",15872,13263,16292,16558,24625,20826,22288,26384,22785,25686,22454,18841,19934,16221,8956,39899,39744,41918,42517,36585,45641,36190,27769,38917,36742,40346,38162,51748,47000,52784,51878,60772,90509,83670,91260,93139,89690,97889,92351,96518,78701,86506,97511,98646,112486,99258,97071,67975,64882,71632,70260,95986,116539,134756
 "18071","Jackson, IN",3,CAINC4,71,"..."," Farm proprietors' income ","Thousands of dollars",7332,4876,7423,7079,13246,8479,9420,11048,5373,6031,2449,67,1573,-1108,-11459,13945,11977,11672,8132,2372,11030,5924,-1875,8096,2601,2801,-971,12334,2652,692,3007,12451,16165,7575,21017,29265,25083,25571,30241,42419,25002,20470,27996,29670,48667,38426,37345,8770,6197,6589,1455,18046,31228,48165
 "18071","Jackson, IN",3,CAINC4,72,"..."," Nonfarm proprietors' income ","Thousands of dollars",8540,8387,8869,9479,11379,12347,12868,15336,17412,19655,20005,18774,18361,17329,20415,25954,27767,30246,34385,34213,34611,30266,29644,30821,34141,37545,39133,39414,44348,52092,48871,48321,74344,76095,70243,63874,64607,72318,62110,54099,53699,66036,69515,68976,63819,60832,59726,59205,58685,65043,68805,77940,85311,86591
 "18071","Jackson, IN",3,CAINC4,7010,"...","Total employment ","Number of jobs",14213,13752,14064,14317,14974,14951,13876,14656,15351,16636,17278,16940,16764,16405,16295,16832,17016,17753,18313,18957,19482,20672,20762,21600,22154,23002,24653,24259,24337,24695,25685,26175,25664,25411,25413,25831,25750,25684,25771,24750,23215,23463,23654,24015,24735,25197,25493,25704,26088,26498,26644,26249,27655,28651
 "18071","Jackson, IN",3,CAINC4,7020,"..."," Wage and salary employment ","Number of jobs",11315,10893,11114,11210,11784,11746,10654,11405,12004,13210,13862,13498,13310,12977,12782,13243,13307,13990,14433,15098,15708,16790,16935,17609,18117,18903,20140,19653,19779,20161,21188,21575,21418,21128,21167,21536,21372,21388,21354,20406,18854,19225,19376,19827,20489,20905,21286,21792,22103,22556,22849,22217,23431,24181
 "18071","Jackson, IN",3,CAINC4,7040,"..."," Proprietors employment ","Number of jobs",2898,2859,2950,3107,3190,3205,3222,3251,3347,3426,3416,3442,3454,3428,3513,3589,3709,3763,3880,3859,3774,3882,3827,3991,4037,4099,4513,4606,4558,4534,4497,4600,4246,4283,4246,4295,4378,4296,4417,4344,4361,4238,4278,4188,4246,4292,4207,3912,3985,3942,3795,4032,4224,4470
 "18073","Jasper, IN",3,CAINC4,10,"...","Personal income (thousands of dollars) ","Thousands of dollars",72610,71079,84404,89468,125345,122809,143721,157299,166069,186805,206910,223076,260842,287702,269267,287581,304303,302241,324051,324015,370615,382693,383671,433940,463502,509177,537465,593484,650550,708784,726665,785856,802402,799931,832466,902388,938260,1002138,1105568,1158284,1054698,1130506,1230954,1275813,1371604,1383039,1368415,1387510,1391790,1450850,1516981,1672817,1860243,1934819
 "18073","Jasper, IN",3,CAINC4,11,"..."," Nonfarm personal income 1/","Thousands of dollars",55829,60669,68346,78287,94621,105510,116191,132636,151148,172700,195238,218904,255077,285603,271723,286454,293258,293452,304488,324161,346626,365966,386447,419667,449776,491497,532468,568818,625812,691008,714722,769985,781044,785345,814958,851114,888849,960344,1020121,1075709,1045309,1083850,1152653,1195396,1201430,1251928,1305392,1326275,1338175,1408436,1475484,1588882,1733505,1803263
 "18073","Jasper, IN",3,CAINC4,12,"..."," Farm income 2/","Thousands of dollars",16781,10410,16058,11181,30724,17299,27530,24663,14921,14105,11672,4172,5765,2099,-2456,1127,11045,8789,19563,-146,23989,16727,-2776,14273,13726,17680,4997,24666,24738,17776,11943,15871,21358,14586,17508,51274,49411,41794,85447,82575,9389,46656,78301,80417,170174,131111,63023,61235,53615,42414,41497,83935,126738,131556
 "18073","Jasper, IN",3,CAINC4,20,"...","Population (persons) 3/","Number of persons",20279,20537,20973,21419,22304,22488,22872,23359,24387,24691,25472,26282,26803,26571,26098,25802,25511,25153,24771,24635,24906,24905,25344,25811,26415,27178,27691,28181,28669,29140,29607,30334,30417,30664,31133,31503,31763,32419,32894,33155,33278,33485,33367,33385,33269,33309,33234,33101,33074,32942,33049,32892,33113,33281
 "18073","Jasper, IN",3,CAINC4,30,"...","Per capita personal income (dollars) 4/","Dollars",3581,3461,4024,4177,5620,5461,6284,6734,6810,7566,8123,8488,9732,10828,10318,11146,11928,12016,13082,13153,14881,15366,15139,16812,17547,18735,19409,21060,22692,24323,24544,25907,26380,26087,26739,28645,29539,30912,33610,34935,31694,33762,36891,38215,41228,41521,41175,41917,42081,44043,45901,50858,56179,58136
 "18073","Jasper, IN",3,CAINC4,35,"...","Earnings by place of work ","Thousands of dollars",49177,45708,55145,56322,86105,75460,87747,93762,91593,101895,109846,117170,151845,189450,149249,168938,182218,175003,197785,194481,232674,232189,220675,251055,269416,301833,306936,349399,374422,409052,424982,468141,471327,465143,489878,560141,579169,613998,678427,667581,571707,614849,672151,707793,844181,816924,778746,792584,782154,784683,782630,855480,945807,997157
 "18073","Jasper, IN",3,CAINC4,36,"...","Less: Contributions for government social insurance 5/","Thousands of dollars",2201,2355,2702,3341,4684,5209,5357,6192,6823,8031,9387,10940,15474,20432,15950,18007,18631,17873,18959,21446,23386,24649,26063,27541,29906,33868,36333,38489,41233,44276,46557,50554,50368,50962,54230,59762,62721,67223,70726,70870,67677,66603,61563,66599,80524,79492,81138,83420,86477,87005,87493,93255,97286,103884
 "18073","Jasper, IN",3,CAINC4,37,"..."," Employee and self-employed contributions for government social insurance ","Thousands of dollars",1205,1305,1484,1788,2448,2770,2836,3152,3428,3997,4678,5485,7685,10135,8075,8940,9586,9428,10105,11482,12606,13292,14155,14860,16222,18311,19437,20447,21928,23589,24648,26549,26794,27211,28759,31178,33041,35897,37926,38115,36754,36233,30099,31661,42825,43325,45105,46282,47693,49320,49951,53790,56983,61665
 "18073","Jasper, IN",3,CAINC4,38,"..."," Employer contributions for government social insurance ","Thousands of dollars",996,1050,1218,1553,2236,2439,2521,3040,3395,4034,4709,5455,7789,10297,7875,9067,9045,8445,8854,9964,10780,11357,11908,12681,13684,15557,16896,18042,19305,20687,21909,24005,23574,23751,25471,28584,29680,31326,32800,32755,30923,30370,31464,34938,37699,36167,36033,37138,38784,37685,37542,39465,40303,42219
 "18073","Jasper, IN",3,CAINC4,42,"...","Plus: Adjustment for residence 6/","Thousands of dollars",11097,11031,12583,15219,18002,22169,24742,29559,36727,44502,51801,49520,43793,25069,34876,31659,32708,34320,36064,38546,39912,45970,55429,65995,74516,83890,89800,97057,119488,135006,138750,143717,143369,150920,157760,149227,163784,170226,185495,202704,181075,208926,237502,224132,203369,209678,221492,219493,222349,257611,297731,283809,322460,386260
 "18073","Jasper, IN",3,CAINC4,45,"...","Equals: Net earnings by place of residence ","Thousands of dollars",58073,54384,65026,68200,99423,92420,107132,117129,121497,138366,152260,155750,180164,194087,168175,182590,196295,191450,214890,211581,249200,253510,250041,289509,314026,351855,360403,407967,452677,499782,517175,561304,564328,565101,593408,649606,680232,717001,793196,799415,685105,757172,848090,865326,967026,947110,919100,928657,918026,955289,992868,1046034,1170981,1279533
 "18073","Jasper, IN",3,CAINC4,46,"...","Plus: Dividends, interest, and rent 7/","Thousands of dollars",9502,10919,12388,13698,17037,19671,23575,25528,29366,31792,35480,43090,52472,62163,65522,67222,68828,69526,67172,69356,73679,78585,77529,82654,84426,89084,103641,107155,115712,120472,118174,128061,129069,115753,115647,119825,116255,127395,144366,162038,153889,139954,149092,168179,160480,178568,178461,179071,181675,190366,199358,206803,215650,234919
 "18073","Jasper, IN",3,CAINC4,47,"...","Plus: Personal current transfer receipts ","Thousands of dollars",5035,5776,6990,7570,8885,10718,13014,14642,15206,16647,19170,24236,28206,31452,35570,37769,39180,41265,41989,43078,47736,50598,56101,61777,65050,68238,73421,78362,82161,88530,91316,96491,109005,119077,123411,132957,141773,157742,168006,196831,215704,233380,233772,242308,244098,257361,270854,279782,292089,305195,324755,419980,473612,420367
 "18073","Jasper, IN",3,CAINC4,50,"...","Wages and salaries ","Thousands of dollars",25396,27321,30110,35168,43664,46757,47683,53760,59385,66222,75371,88157,117080,153390,117722,127839,129148,122096,129951,142867,153205,158102,162964,172089,185940,206544,222273,236237,250427,266411,282277,304164,320152,318839,335615,370694,384215,408130,431414,430198,401940,391837,401660,441849,477951,461629,476694,489625,512929,512805,506570,518903,537947,568475
 "18073","Jasper, IN",3,CAINC4,60,"...","Supplements to wages and salaries ","Thousands of dollars",2351,2617,3039,3746,4804,5239,5917,7047,8217,9773,11289,13508,17468,22458,20338,23098,24691,25357,26823,29745,33451,35413,37531,41904,45718,50590,53239,56901,59770,64494,69252,76088,76550,76822,82468,91104,96297,104730,110601,110680,102219,103076,105693,113756,120536,123855,120746,126615,127766,131838,131416,137112,134936,133884
 "18073","Jasper, IN",3,CAINC4,61,"..."," Employer contributions for employee pension and insurance funds 8/","Thousands of dollars",1355,1567,1821,2193,2568,2800,3396,4007,4822,5739,6580,8053,9679,12161,12463,14031,15646,16912,17969,19781,22671,24056,25623,29223,32034,35033,36343,38859,40465,43807,47343,52083,52976,53071,56997,62520,66617,73404,77801,77925,71296,72706,74229,78818,82837,87688,84713,89477,88982,94153,93874,97647,94633,91665
 "18073","Jasper, IN",3,CAINC4,62,"..."," Employer contributions for government social insurance ","Thousands of dollars",996,1050,1218,1553,2236,2439,2521,3040,3395,4034,4709,5455,7789,10297,7875,9067,9045,8445,8854,9964,10780,11357,11908,12681,13684,15557,16896,18042,19305,20687,21909,24005,23574,23751,25471,28584,29680,31326,32800,32755,30923,30370,31464,34938,37699,36167,36033,37138,38784,37685,37542,39465,40303,42219
 "18073","Jasper, IN",3,CAINC4,70,"...","Proprietors' income 9/","Thousands of dollars",21430,15770,21996,17408,37637,23464,34147,32955,23991,25900,23186,15505,17297,13602,11189,18001,28379,27550,41011,21869,46018,38674,20180,37062,37758,44699,31424,56261,64225,78147,73453,87889,74625,69482,71795,98343,98657,101138,136412,126703,67548,119936,164798,152188,245694,231440,181306,176344,141459,140040,144644,199465,272924,294798
 "18073","Jasper, IN",3,CAINC4,71,"..."," Farm proprietors' income ","Thousands of dollars",14749,8152,13656,8583,27555,13131,23143,19803,9701,10098,7600,200,2073,-1843,-6071,-2312,7736,5819,16734,-3203,20819,13140,-6143,10777,9884,13998,1413,21219,20889,12464,6186,9504,13648,6850,7457,38696,36188,28197,68201,67921,-5997,31247,64310,64154,153317,113436,48510,46353,35642,22609,25964,67374,112062,115011
 "18073","Jasper, IN",3,CAINC4,72,"..."," Nonfarm proprietors' income ","Thousands of dollars",6681,7618,8340,8825,10082,10333,11004,13152,14290,15802,15586,15305,15224,15445,17260,20313,20643,21731,24277,25072,25199,25534,26323,26285,27874,30701,30011,35042,43336,65683,67267,78385,60977,62632,64338,59647,62469,72941,68211,58782,73545,88689,100488,88034,92377,118004,132796,129991,105817,117431,118680,132091,160862,179787
 "18073","Jasper, IN",3,CAINC4,7010,"...","Total employment ","Number of jobs",7992,8055,8241,8745,9485,9578,9326,9528,9751,10031,10091,10467,10978,11674,10854,11117,10935,10763,11002,11074,11404,11534,11475,11603,12234,13045,13571,13885,14176,15005,15451,15937,15036,14872,14991,15867,16279,16793,17093,16690,15988,15390,15381,15734,16279,16035,15954,16071,16167,15793,15481,15325,15545,15747
 "18073","Jasper, IN",3,CAINC4,7020,"..."," Wage and salary employment ","Number of jobs",5333,5376,5578,5924,6662,6747,6548,6780,6996,7282,7313,7642,8159,8801,7898,8178,7998,7878,8130,8438,8780,8764,8753,8922,9456,10142,10485,10706,10980,11014,11373,11715,11700,11579,11692,12524,12773,13077,13255,12892,12225,11783,11742,12203,12780,12541,12493,12701,12738,12412,12251,11918,12054,12054
 "18073","Jasper, IN",3,CAINC4,7040,"..."," Proprietors employment ","Number of jobs",2659,2679,2663,2821,2823,2831,2778,2748,2755,2749,2778,2825,2819,2873,2956,2939,2937,2885,2872,2636,2624,2770,2722,2681,2778,2903,3086,3179,3196,3991,4078,4222,3336,3293,3299,3343,3506,3716,3838,3798,3763,3607,3639,3531,3499,3494,3461,3370,3429,3381,3230,3407,3491,3693
 "18075","Jay, IN",3,CAINC4,10,"...","Personal income (thousands of dollars) ","Thousands of dollars",77716,78572,88021,96055,113624,116576,125804,137753,148411,160007,170343,182682,196527,207122,211801,242034,240606,248289,259758,265355,286643,298213,300235,320444,333696,356997,369855,392948,414022,427622,441191,467784,482635,481959,520673,556184,556019,581518,603358,653908,589438,631869,685782,718838,744155,780844,804554,736402,777396,795608,769227,863611,991599,1088991
 "18075","Jay, IN",3,CAINC4,11,"..."," Nonfarm personal income 1/","Thousands of dollars",73395,75974,82328,91637,102350,108734,115484,127491,140490,156435,167898,180088,196177,203616,214152,229695,233190,238544,248542,263279,277061,287500,293389,309514,321951,343746,365091,379410,398401,414845,431024,449972,462308,475656,490517,507461,526616,554669,570888,598758,565253,588259,607816,629987,612920,647409,664687,671749,693614,702304,711543,769791,827629,833253
 "18075","Jay, IN",3,CAINC4,12,"..."," Farm income 2/","Thousands of dollars",4321,2598,5693,4418,11274,7842,10320,10262,7921,3572,2445,2594,350,3506,-2351,12339,7416,9745,11216,2076,9582,10713,6846,10930,11745,13251,4764,13538,15621,12777,10167,17812,20327,6303,30156,48723,29403,26849,32470,55150,24185,43610,77966,88851,131235,133435,139867,64653,83782,93304,57684,93820,163970,255738
 "18075","Jay, IN",3,CAINC4,20,"...","Population (persons) 3/","Number of persons",23507,23633,23919,24340,24139,24035,24363,24321,24081,23838,23651,23225,23119,22705,22155,22130,21967,21756,21706,21665,21581,21538,21621,21765,21743,21727,21762,21757,21723,21781,21806,21792,21726,21713,21681,21651,21595,21564,21580,21467,21399,21180,21343,21358,21284,21157,21163,21054,20917,20764,20492,20476,20309,20198
 "18075","Jay, IN",3,CAINC4,30,"...","Per capita personal income (dollars) 4/","Dollars",3306,3325,3680,3946,4707,4850,5164,5664,6163,6712,7202,7866,8501,9122,9560,10937,10953,11412,11967,12248,13282,13846,13886,14723,15347,16431,16995,18061,19059,19633,20233,21466,22215,22197,24015,25689,25748,26967,27959,30461,27545,29833,32131,33657,34963,36907,38017,34977,37166,38317,37538,42177,48826,53916
 "18075","Jay, IN",3,CAINC4,35,"...","Earnings by place of work ","Thousands of dollars",58328,56434,64629,71509,85659,84883,88788,98414,105132,114124,118035,120114,123488,126368,121295,143987,137539,140773,152030,152975,170799,181450,185143,199266,207560,223947,234295,250764,262960,265001,277125,291098,303479,311383,338048,372847,370274,391269,404189,432882,362173,404358,454985,484658,519732,537847,547401,473143,507993,515507,472630,513625,607831,732772
 "18075","Jay, IN",3,CAINC4,36,"...","Less: Contributions for government social insurance 5/","Thousands of dollars",3731,3695,4171,5003,6344,6978,7093,8030,8854,10380,11241,11356,12798,12987,13054,14226,14272,14470,15241,16972,18391,19910,21083,22037,23098,25065,27307,27557,28429,28326,29678,30240,31576,34372,35092,37215,40007,42698,44389,45459,41348,43006,40218,41304,46203,48301,47464,47632,49678,50203,50070,52203,55124,59362
 "18075","Jay, IN",3,CAINC4,37,"..."," Employee and self-employed contributions for government social insurance ","Thousands of dollars",1967,1962,2212,2596,3273,3586,3651,4027,4365,5055,5532,5704,6487,6702,6674,7163,7450,7626,8123,9096,10010,10608,11325,11894,12568,13775,15195,15392,16095,15909,16626,16826,17279,18826,19181,20418,21876,23491,24418,25074,22976,23845,19869,20445,25436,26393,26673,26986,28383,29064,29143,30515,32296,35220
 "18075","Jay, IN",3,CAINC4,38,"..."," Employer contributions for government social insurance ","Thousands of dollars",1764,1733,1959,2407,3071,3392,3442,4003,4489,5325,5709,5652,6311,6285,6380,7063,6822,6844,7118,7876,8381,9302,9758,10143,10530,11290,12112,12165,12334,12417,13052,13414,14297,15546,15911,16797,18131,19207,19971,20385,18372,19161,20349,20859,20767,21908,20791,20646,21295,21139,20927,21688,22828,24142
 "18075","Jay, IN",3,CAINC4,42,"...","Plus: Adjustment for residence 6/","Thousands of dollars",7800,8410,7888,8084,8896,8987,7401,8905,10320,10855,11524,10318,11560,10589,16027,19991,22611,24887,26683,30126,29605,26117,25838,27792,30820,35638,35756,36834,41765,47926,50994,53661,50987,48968,54533,55682,52593,50115,48356,40405,36866,35012,31922,28316,27729,29792,34386,35259,36311,40538,45838,47766,50343,52354
 "18075","Jay, IN",3,CAINC4,45,"...","Equals: Net earnings by place of residence ","Thousands of dollars",62397,61149,68346,74590,88211,86892,89096,99289,106598,114599,118318,119076,122250,123970,124268,149752,145878,151190,163472,166129,182013,187657,189898,205021,215282,234520,242744,260041,276296,284601,298441,314519,322890,325979,357489,391314,382860,398686,408156,427828,357691,396364,446689,471670,501258,519338,534323,460770,494626,505842,468398,509188,603050,725764
 "18075","Jay, IN",3,CAINC4,46,"...","Plus: Dividends, interest, and rent 7/","Thousands of dollars",9074,10388,11645,12740,15096,17407,20058,21592,24668,26577,30152,36414,43684,48677,49985,53978,54096,54490,52969,55002,57885,59225,54875,54696,55236,55543,57273,60632,63324,64727,62538,68116,67491,59109,62180,60463,57671,56560,66040,79656,72169,70977,73441,76230,73741,81086,84283,86316,88520,89501,90367,87487,83993,87168
 "18075","Jay, IN",3,CAINC4,47,"...","Plus: Personal current transfer receipts ","Thousands of dollars",6245,7035,8030,8725,10317,12277,16650,16872,17145,18831,21873,27192,30593,34475,37548,38304,40632,42609,43317,44224,46745,51331,55462,60727,63178,66934,69838,72275,74402,78294,80212,85149,92254,96871,101004,104407,115488,126272,129162,146424,159578,164528,165652,170938,169156,180420,185948,189316,194250,200265,210462,266936,304556,276059
 "18075","Jay, IN",3,CAINC4,50,"...","Wages and salaries ","Thousands of dollars",43145,43085,46767,53128,58798,61143,62160,69737,76896,87247,91175,91651,96125,95640,94086,99206,97418,97459,103744,111110,118728,128107,132309,137354,141183,153081,167148,173268,179643,181913,190448,198075,199100,215011,215529,226464,237125,251364,262383,267679,239614,251019,259283,267427,265342,278594,276136,277656,292118,293049,286854,286437,304455,332928
 "18075","Jay, IN",3,CAINC4,60,"...","Supplements to wages and salaries ","Thousands of dollars",5354,5437,6245,7642,8676,9277,9502,10734,12551,14269,15119,15688,16849,17295,17600,18887,19719,20054,22376,24998,27679,30454,32821,36287,38258,40020,40770,41367,40412,40811,44360,47008,51653,54898,56380,59530,64671,68325,72614,75930,64364,67381,69273,74628,72570,79917,75050,75492,77474,78417,74645,74746,76168,79619
 "18075","Jay, IN",3,CAINC4,61,"..."," Employer contributions for employee pension and insurance funds 8/","Thousands of dollars",3590,3704,4286,5235,5605,5885,6060,6731,8062,8944,9410,10036,10538,11010,11220,11824,12897,13210,15258,17122,19298,21152,23063,26144,27728,28730,28658,29202,28078,28394,31308,33594,37356,39352,40469,42733,46540,49118,52643,55545,45992,48220,48924,53769,51803,58009,54259,54846,56179,57278,53718,53058,53340,55477
 "18075","Jay, IN",3,CAINC4,62,"..."," Employer contributions for government social insurance ","Thousands of dollars",1764,1733,1959,2407,3071,3392,3442,4003,4489,5325,5709,5652,6311,6285,6380,7063,6822,6844,7118,7876,8381,9302,9758,10143,10530,11290,12112,12165,12334,12417,13052,13414,14297,15546,15911,16797,18131,19207,19971,20385,18372,19161,20349,20859,20767,21908,20791,20646,21295,21139,20927,21688,22828,24142
 "18075","Jay, IN",3,CAINC4,70,"...","Proprietors' income 9/","Thousands of dollars",9829,7912,11617,10739,18185,14463,17126,17943,15685,12608,11741,12775,10514,13433,9609,25894,20402,23260,25910,16867,24392,22889,20013,25625,28119,30846,26377,36129,42905,42277,42317,46015,52726,41474,66139,86853,68478,71580,69192,89273,58195,85958,126429,142603,181820,179336,196215,119995,138401,144041,111131,152442,227208,320225
 "18075","Jay, IN",3,CAINC4,71,"..."," Farm proprietors' income ","Thousands of dollars",3931,2174,5245,3935,10657,7061,9355,9033,6406,2249,1009,1103,-1128,1841,-4075,10498,5415,7722,9038,-138,7422,8394,4777,8877,9630,11334,2991,11915,13914,10745,8193,15799,18082,4175,27644,45829,26524,24021,28967,51925,20592,39844,74512,84720,126964,128933,136219,60943,79190,88312,53863,89727,160321,251510
 "18075","Jay, IN",3,CAINC4,72,"..."," Nonfarm proprietors' income ","Thousands of dollars",5898,5738,6372,6804,7528,7402,7771,8910,9279,10359,10732,11672,11642,11592,13684,15396,14987,15538,16872,17005,16970,14495,15236,16748,18489,19512,23386,24214,28991,31532,34124,30216,34644,37299,38495,41024,41954,47559,40225,37348,37603,46114,51917,57883,54856,50403,59996,59052,59211,55729,57268,62715,66887,68715
 "18075","Jay, IN",3,CAINC4,7010,"...","Total employment ","Number of jobs",10350,10038,10238,10663,11113,10885,10344,10504,10757,11117,10770,10375,9993,9543,9221,9378,9493,9052,9334,9535,9576,9902,9855,10042,10152,10482,11009,11348,11198,10652,10552,10554,10611,11009,10780,10966,11227,11406,11594,11573,10843,10901,10982,10814,10829,10930,10725,10521,10470,10288,9980,9556,9711,9970
 "18075","Jay, IN",3,CAINC4,7020,"..."," Wage and salary employment ","Number of jobs",7883,7437,7642,8044,8390,8229,7827,7961,8226,8594,8312,7987,7644,7221,6823,6970,7043,6614,6862,7067,7201,7510,7453,7554,7640,7936,8375,8759,8534,8201,8088,8058,7938,8406,8162,8398,8597,8802,8835,8867,8091,8240,8226,8157,8145,8232,7997,7928,7915,7693,7414,6937,7120,7281
 "18075","Jay, IN",3,CAINC4,7040,"..."," Proprietors employment ","Number of jobs",2467,2601,2596,2619,2723,2656,2517,2543,2531,2523,2458,2388,2349,2322,2398,2408,2450,2438,2472,2468,2375,2392,2402,2488,2512,2546,2634,2589,2664,2451,2464,2496,2673,2603,2618,2568,2630,2604,2759,2706,2752,2661,2756,2657,2684,2698,2728,2593,2555,2595,2566,2619,2591,2689
 "18077","Jefferson, IN",3,CAINC4,10,"...","Personal income (thousands of dollars) ","Thousands of dollars",82204,89197,96728,104372,121684,132647,139446,156317,172577,198379,214099,235255,258777,285948,303840,310198,315149,327476,348825,372968,410636,453190,468483,507529,524293,548613,565942,594725,616279,644554,668278,707050,763316,776751,815215,871551,904476,947908,981736,1052578,1013139,1067260,1117931,1159636,1161581,1192192,1245007,1251620,1279516,1347394,1436878,1552529,1666776,1694501
 "18077","Jefferson, IN",3,CAINC4,11,"..."," Nonfarm personal income 1/","Thousands of dollars",78068,85831,92005,101585,115926,126997,134253,150077,167104,193650,210715,232471,257340,279925,307281,305286,307050,325865,347430,371945,407760,450212,466018,503137,521024,546104,565445,592621,611780,641269,668172,701956,753641,778037,811371,863429,902528,947125,981034,1047385,1016947,1059714,1105792,1157456,1150370,1188818,1249040,1253760,1281324,1349633,1438500,1546881,1660625,1693263
 "18077","Jefferson, IN",3,CAINC4,12,"..."," Farm income 2/","Thousands of dollars",4136,3366,4723,2787,5758,5650,5193,6240,5473,4729,3384,2784,1437,6023,-3441,4912,8099,1611,1395,1023,2876,2978,2465,4392,3269,2509,497,2104,4499,3285,106,5094,9675,-1286,3844,8122,1948,783,702,5193,-3808,7546,12139,2180,11211,3374,-4033,-2140,-1808,-2239,-1622,5648,6151,1238
 "18077","Jefferson, IN",3,CAINC4,20,"...","Population (persons) 3/","Number of persons",26755,26957,27068,27825,28197,28530,28746,28837,29014,29662,30269,30417,30342,30558,30804,30384,29149,28932,29288,29469,29664,29830,29968,30270,30460,30642,30753,30953,31278,31333,31590,31706,31887,31871,31779,31787,31998,32287,32140,32586,32558,32423,32392,32659,32711,32820,32809,32860,32723,32960,33155,33100,33119,32946
 "18077","Jefferson, IN",3,CAINC4,30,"...","Per capita personal income (dollars) 4/","Dollars",3072,3309,3574,3751,4315,4649,4851,5421,5948,6688,7073,7734,8529,9358,9864,10209,10812,11319,11910,12656,13843,15192,15633,16767,17213,17904,18403,19214,19703,20571,21155,22300,23938,24372,25653,27418,28267,29359,30546,32302,31118,32917,34513,35507,35510,36325,37947,38089,39101,40880,43338,46904,50327,51433
 "18077","Jefferson, IN",3,CAINC4,35,"...","Earnings by place of work ","Thousands of dollars",79131,83557,87535,92604,105326,110614,109330,123716,139698,173192,184676,193584,226926,281307,327896,243198,235191,236650,261016,278208,307519,325931,337371,368469,382058,398550,410903,422108,437719,445241,469463,495880,521563,537838,559668,594159,608689,632321,629065,635659,589607,622154,648157,676166,703865,712798,727515,734670,743655,790492,824341,850733,905566,966816
 "18077","Jefferson, IN",3,CAINC4,36,"...","Less: Contributions for government social insurance 5/","Thousands of dollars",4447,4746,5152,6051,7700,8524,8342,9631,11071,14794,16509,17207,22366,28371,34881,24296,23389,24406,26760,30000,33295,36225,38047,41201,43320,46270,48369,48900,50328,50281,52660,54447,56825,60008,62760,66530,70325,73295,73587,74493,71768,72886,66639,70253,81862,83002,86326,86222,87473,91789,95790,101366,108309,115620
 "18077","Jefferson, IN",3,CAINC4,37,"..."," Employee and self-employed contributions for government social insurance ","Thousands of dollars",2365,2525,2721,3133,3938,4424,4353,4865,5507,7167,8051,8569,11123,14040,16876,12018,12081,12682,13945,15670,17604,19016,20178,21723,22822,24390,25778,26232,27052,26848,28080,28949,30185,31980,33157,35148,37017,39145,39690,40353,38983,39706,32449,34057,44394,45394,47044,47727,49168,52573,54736,58464,62406,68351
 "18077","Jefferson, IN",3,CAINC4,38,"..."," Employer contributions for government social insurance ","Thousands of dollars",2082,2221,2431,2918,3762,4100,3989,4766,5564,7627,8458,8638,11243,14331,18005,12278,11308,11724,12815,14330,15691,17209,17869,19478,20498,21880,22591,22668,23276,23433,24580,25498,26640,28028,29603,31382,33308,34150,33897,34140,32785,33180,34190,36196,37468,37608,39282,38495,38305,39216,41054,42902,45903,47269
 "18077","Jefferson, IN",3,CAINC4,42,"...","Plus: Adjustment for residence 6/","Thousands of dollars",-10266,-9998,-9117,-8051,-6566,-5046,-3437,-3736,-6366,-14988,-16685,-17798,-35663,-68489,-99157,-24887,-17057,-11527,-12935,-15787,-21130,-4418,-4121,-7431,-8032,-6730,-8271,-7456,-4094,-315,-1321,-5835,9031,16649,29036,34346,38542,41005,60944,76528,63600,77745,85930,83837,72654,70054,83372,86308,85498,91780,120089,107222,110347,111862
 "18077","Jefferson, IN",3,CAINC4,45,"...","Equals: Net earnings by place of residence ","Thousands of dollars",64418,68813,73266,78502,91060,97044,97551,110349,122261,143410,151482,158579,168897,184447,193858,194015,194745,200717,221321,232421,253094,285288,295203,319837,330706,345550,354263,365752,383297,394645,415482,435598,473769,494479,525944,561975,576906,600031,616422,637694,581439,627013,667448,689750,694657,699850,724561,734756,741680,790483,848640,856589,907604,963058
 "18077","Jefferson, IN",3,CAINC4,46,"...","Plus: Dividends, interest, and rent 7/","Thousands of dollars",11138,12802,14452,15734,18182,20922,23791,25922,29470,31965,36209,43747,53527,60935,65144,67430,70386,72427,72030,79100,90317,94087,93274,94637,98201,103828,113134,120676,125239,133891,131080,142776,145872,131182,132673,141445,141613,147220,155426,173385,166377,160562,174339,176685,175905,180476,192521,183619,188890,192976,199794,206328,214272,229822
 "18077","Jefferson, IN",3,CAINC4,47,"...","Plus: Personal current transfer receipts ","Thousands of dollars",6648,7582,9010,10136,12442,14681,18104,20046,20846,23004,26408,32929,36353,40566,44838,48753,50018,54332,55474,61447,67225,73815,80006,93055,95386,99235,98545,108297,107743,116018,121716,128676,143675,151090,156598,168131,185957,200657,209888,241499,265323,279685,276144,293201,291019,311866,327925,333245,348946,363935,388444,489612,544900,501621
 "18077","Jefferson, IN",3,CAINC4,50,"...","Wages and salaries ","Thousands of dollars",59001,62694,64126,69171,76345,80400,78143,88205,101412,129633,140003,147359,177715,221282,264784,180766,170195,176512,195072,209793,228731,243030,248533,268677,278379,292961,305599,310745,321253,322248,339983,355900,368780,385291,401116,426164,444723,459750,459468,460604,433993,439511,448255,474011,491026,497268,520596,523200,529674,548474,562586,565473,611881,665707
 "18077","Jefferson, IN",3,CAINC4,60,"...","Supplements to wages and salaries ","Thousands of dollars",6925,7740,8579,9587,10907,11924,12632,14420,16831,21137,23308,25394,29917,36861,46527,35390,35125,37418,41552,44518,51126,56080,59769,68391,72325,75192,73191,71429,71474,72868,82062,88883,95816,102487,109011,116538,123933,130819,131348,132767,120061,123028,124876,130979,132244,141107,141551,144138,143529,152204,153297,154593,159175,161297
 "18077","Jefferson, IN",3,CAINC4,61,"..."," Employer contributions for employee pension and insurance funds 8/","Thousands of dollars",4843,5519,6148,6669,7145,7824,8643,9654,11267,13510,14850,16756,18674,22530,28522,23112,23817,25694,28737,30188,35435,38871,41900,48913,51827,53312,50600,48761,48198,49435,57482,63385,69176,74459,79408,85156,90625,96669,97451,98627,87276,89848,90686,94783,94776,103499,102269,105643,105224,112988,112243,111691,113272,114028
 "18077","Jefferson, IN",3,CAINC4,62,"..."," Employer contributions for government social insurance ","Thousands of dollars",2082,2221,2431,2918,3762,4100,3989,4766,5564,7627,8458,8638,11243,14331,18005,12278,11308,11724,12815,14330,15691,17209,17869,19478,20498,21880,22591,22668,23276,23433,24580,25498,26640,28028,29603,31382,33308,34150,33897,34140,32785,33180,34190,36196,37468,37608,39282,38495,38305,39216,41054,42902,45903,47269
 "18077","Jefferson, IN",3,CAINC4,70,"...","Proprietors' income 9/","Thousands of dollars",13205,13123,14830,13846,18074,18290,18555,21091,21455,22422,21365,20831,19294,23164,16585,27042,29871,22720,24392,23897,27662,26821,29069,31401,31354,30397,32113,39934,44992,50125,47418,51097,56967,50060,49541,51457,40033,41752,38249,42288,35553,59615,75026,71176,80595,74423,65368,67332,70452,89814,108458,130667,134510,139812
 "18077","Jefferson, IN",3,CAINC4,71,"..."," Farm proprietors' income ","Thousands of dollars",3771,2989,4344,2399,5309,5092,4504,5366,4411,3821,2437,1835,544,5031,-4385,3957,7127,678,444,-65,1679,1568,1079,2907,1771,1177,-716,1017,3379,2170,-788,4356,9025,-1757,3283,7473,1291,121,-125,4398,-4717,6577,11234,1085,10077,2180,-5002,-3126,-3023,-3562,-2639,4558,5179,119
 "18077","Jefferson, IN",3,CAINC4,72,"..."," Nonfarm proprietors' income ","Thousands of dollars",9434,10134,10486,11447,12765,13198,14051,15725,17044,18601,18928,18996,18750,18133,20970,23085,22744,22042,23948,23962,25983,25253,27990,28494,29583,29220,32829,38917,41613,47955,48206,46741,47942,51817,46258,43984,38742,41631,38374,37890,40270,53038,63792,70091,70518,72243,70370,70458,73475,93376,111097,126109,129331,139693
 "18077","Jefferson, IN",3,CAINC4,7010,"...","Total employment ","Number of jobs",12596,12658,12394,12871,13264,13326,12730,13146,13569,14732,14950,14414,14887,15933,16997,14212,13711,13942,14347,14885,15602,16038,15986,16489,16770,17080,17441,17310,17491,17467,17419,17634,17042,17162,17038,17346,17384,17351,17257,16829,16043,15914,15979,16413,16545,16319,16678,16607,16659,16701,16745,16130,16678,17310
 "18077","Jefferson, IN",3,CAINC4,7020,"..."," Wage and salary employment ","Number of jobs",10189,10264,9978,10285,10703,10683,10022,10423,10771,11872,12124,11591,12090,13144,14089,11320,10802,11085,11503,11992,12754,13087,12946,13524,13617,13850,14072,13847,13903,13590,13678,13810,13701,13989,13992,14323,14401,14315,14125,13752,12976,12915,12920,13347,13494,13251,13524,13379,13360,13443,13508,12837,13288,13736
 "18077","Jefferson, IN",3,CAINC4,7040,"..."," Proprietors employment ","Number of jobs",2407,2394,2416,2586,2561,2643,2708,2723,2798,2860,2826,2823,2797,2789,2908,2892,2909,2857,2844,2893,2848,2951,3040,2965,3153,3230,3369,3463,3588,3877,3741,3824,3341,3173,3046,3023,2983,3036,3132,3077,3067,2999,3059,3066,3051,3068,3154,3228,3299,3258,3237,3293,3390,3574
 "18079","Jennings, IN",3,CAINC4,10,"...","Personal income (thousands of dollars) ","Thousands of dollars",53526,54747,59840,64279,75748,83379,90101,107416,116374,133019,148805,158405,173891,181750,192301,229745,235619,245684,258601,289505,317560,334105,348433,400601,438351,466146,483957,522856,543703,577368,580227,618423,629066,633112,647986,692399,714449,751084,781761,810164,785931,811960,849391,908123,923606,956151,980359,997916,1038020,1087695,1136988,1229577,1341358,1354168
 "18079","Jennings, IN",3,CAINC4,11,"..."," Nonfarm personal income 1/","Thousands of dollars",51032,53438,58023,62905,71807,79997,85252,99632,111308,127539,145144,155746,172245,180862,195771,221402,228035,239953,253999,287746,311099,329597,345927,396798,436254,462948,482744,515113,538396,574430,578959,615209,627275,634432,643547,682169,705564,743254,770179,794554,774976,805612,839569,896774,897357,940140,972729,990581,1027694,1077648,1124494,1208317,1315933,1325790
 "18079","Jennings, IN",3,CAINC4,12,"..."," Farm income 2/","Thousands of dollars",2494,1309,1817,1374,3941,3382,4849,7784,5066,5480,3661,2659,1646,888,-3470,8343,7584,5731,4602,1759,6461,4508,2506,3803,2097,3198,1213,7743,5307,2938,1268,3214,1791,-1320,4439,10230,8885,7830,11582,15610,10955,6348,9822,11349,26249,16011,7630,7335,10326,10047,12494,21260,25425,28378
 "18079","Jennings, IN",3,CAINC4,20,"...","Population (persons) 3/","Number of persons",19226,19518,19963,20617,21030,21372,21828,22047,22267,22457,22828,22858,22826,23022,23072,23169,23263,23104,23179,23505,23607,23670,23837,24131,24651,25090,25574,26054,26454,26945,27196,27747,27932,28131,28012,28202,28352,28320,28502,28480,28546,28483,28162,28165,28260,27958,27881,27723,27733,27703,27720,27581,27507,27536
 "18079","Jennings, IN",3,CAINC4,30,"...","Per capita personal income (dollars) 4/","Dollars",2784,2805,2998,3118,3602,3901,4128,4872,5226,5923,6519,6930,7618,7895,8335,9916,10128,10634,11157,12317,13452,14115,14617,16601,17782,18579,18924,20068,20553,21428,21335,22288,22521,22506,23132,24551,25199,26521,27428,28447,27532,28507,30161,32243,32682,34200,35162,35996,37429,39263,41017,44581,48764,49178
 "18079","Jennings, IN",3,CAINC4,35,"...","Earnings by place of work ","Thousands of dollars",29399,30183,33949,36574,43642,45938,50093,62251,63536,72224,75619,75996,80477,82414,85738,107772,112971,120323,124898,134839,154333,157982,160180,172607,188209,209524,233979,260555,273284,290778,314197,337390,326267,323751,338919,354453,361402,376822,388485,385727,362634,373520,381107,394266,411300,405252,404182,402489,425604,450648,476128,491894,511139,558140
 "18079","Jennings, IN",3,CAINC4,36,"...","Less: Contributions for government social insurance 5/","Thousands of dollars",1969,2109,2385,2727,3479,3979,4202,5074,5388,6267,6957,6986,8101,8535,9184,10404,11282,12234,12626,14616,16389,17220,17952,19126,21306,24009,27170,29244,30991,32713,35432,37490,37269,37847,39510,40770,42742,45052,46541,46429,44928,46196,42287,42994,49348,49935,51141,51183,53845,56977,60263,63035,64052,69879
 "18079","Jennings, IN",3,CAINC4,37,"..."," Employee and self-employed contributions for government social insurance ","Thousands of dollars",1053,1117,1255,1431,1780,2009,2134,2517,2662,3094,3468,3579,4174,4460,4793,5354,5971,6552,6858,8004,9147,9596,10175,10860,12067,13604,15385,16260,17168,17737,19004,19933,19647,20051,20759,21458,22456,24242,25168,25347,24667,25290,20720,21270,27174,27627,28300,28703,30507,32943,34702,36007,37147,40931
 "18079","Jennings, IN",3,CAINC4,38,"..."," Employer contributions for government social insurance ","Thousands of dollars",916,992,1130,1296,1699,1970,2068,2557,2726,3173,3489,3407,3927,4075,4391,5050,5311,5682,5768,6612,7242,7624,7777,8266,9239,10405,11785,12984,13823,14976,16428,17557,17622,17796,18751,19312,20286,20810,21373,21082,20261,20906,21567,21724,22174,22308,22841,22480,23338,24034,25561,27028,26905,28948
 "18079","Jennings, IN",3,CAINC4,42,"...","Plus: Adjustment for residence 6/","Thousands of dollars",15781,14739,14830,15665,17979,20772,18553,23363,28980,34748,42085,42688,46943,43886,46128,56687,54445,54434,63449,65106,64058,69695,75966,88159,100972,108149,108434,108624,119987,130678,129582,138593,131520,134161,135111,152267,155299,157677,158050,154476,130299,135521,155879,178031,179968,196224,204920,218561,222350,231464,237295,227239,257396,266809
 "18079","Jennings, IN",3,CAINC4,45,"...","Equals: Net earnings by place of residence ","Thousands of dollars",43211,42813,46394,49512,58142,62731,64444,80540,87128,100705,110747,111698,119319,117765,122682,154055,156134,162523,175721,185329,202002,210457,218194,241640,267875,293664,315243,339935,362280,388743,408347,438493,420518,420065,434520,465950,473959,489447,499994,493774,448005,462845,494699,529303,541920,551541,557961,569867,594109,625135,653160,656098,704483,755070
 "18079","Jennings, IN",3,CAINC4,46,"...","Plus: Dividends, interest, and rent 7/","Thousands of dollars",5780,6588,7416,8137,9737,11337,13267,14289,16075,17436,20495,24386,29063,34495,37797,41643,43874,46221,45223,49735,52751,55018,54868,54349,56893,58788,62766,66376,67777,69958,67975,72464,77438,73031,69700,71355,67983,76226,90405,97011,93613,94756,99380,105026,107570,107612,117246,115658,119546,126698,126230,128047,128069,134873
 "18079","Jennings, IN",3,CAINC4,47,"...","Plus: Personal current transfer receipts ","Thousands of dollars",4535,5346,6030,6630,7869,9311,12390,12587,13171,14878,17563,22321,25509,29490,31822,34047,35611,36940,37657,54441,62807,68630,75371,104612,113583,113694,105948,116545,113646,118667,103905,107466,131110,140016,143766,155094,172507,185411,191362,219379,244313,254359,255312,273794,274116,296998,305152,312391,324365,335862,357598,445432,508806,464225
 "18079","Jennings, IN",3,CAINC4,50,"...","Wages and salaries ","Thousands of dollars",20433,22157,24511,26543,30197,32547,34582,41917,45111,50882,55064,55395,59717,61476,65337,72359,76948,82351,85987,94154,104024,107135,107973,114304,126620,141592,160702,178171,189359,204792,225062,239287,238657,238824,245719,252790,257930,270655,279254,274747,261178,268346,268739,274674,279134,283266,291010,291957,307919,323109,337827,345773,356142,395888
 "18079","Jennings, IN",3,CAINC4,60,"...","Supplements to wages and salaries ","Thousands of dollars",2295,2569,3242,3698,4337,4811,5292,6516,7201,8359,9430,9731,11023,11976,13336,14998,16408,18277,19040,21778,24767,26165,27018,30441,34159,37527,40207,42639,44017,47453,54227,59904,60568,58913,62825,66146,68649,69351,73265,72576,66518,70426,69922,72539,70242,74693,74426,75773,78391,84727,84596,84310,84931,89457
 "18079","Jennings, IN",3,CAINC4,61,"..."," Employer contributions for employee pension and insurance funds 8/","Thousands of dollars",1379,1577,2112,2402,2638,2841,3224,3959,4475,5186,5941,6324,7096,7901,8945,9948,11097,12595,13272,15166,17525,18541,19241,22175,24920,27122,28422,29655,30194,32477,37799,42347,42946,41117,44074,46834,48363,48541,51892,51494,46257,49520,48355,50815,48068,52385,51585,53293,55053,60693,59035,57282,58026,60509
 "18079","Jennings, IN",3,CAINC4,62,"..."," Employer contributions for government social insurance ","Thousands of dollars",916,992,1130,1296,1699,1970,2068,2557,2726,3173,3489,3407,3927,4075,4391,5050,5311,5682,5768,6612,7242,7624,7777,8266,9239,10405,11785,12984,13823,14976,16428,17557,17622,17796,18751,19312,20286,20810,21373,21082,20261,20906,21567,21724,22174,22308,22841,22480,23338,24034,25561,27028,26905,28948
 "18079","Jennings, IN",3,CAINC4,70,"...","Proprietors' income 9/","Thousands of dollars",6671,5457,6196,6333,9108,8580,10219,13818,11224,12983,11125,10870,9737,8962,7065,20415,19615,19695,19871,18907,25542,24682,25189,27862,27430,30405,33070,39745,39908,38533,34908,38199,27042,26014,30375,35517,34823,36816,35966,38404,34938,34748,42446,47053,61924,47293,38746,34759,39294,42812,53705,61811,70066,72795
 "18079","Jennings, IN",3,CAINC4,71,"..."," Farm proprietors' income ","Thousands of dollars",2313,990,1372,793,3131,2200,3453,6052,2994,3799,1996,1076,246,-605,-4938,6833,6011,4209,3039,241,5039,3057,1276,2662,560,1467,-694,5725,2837,214,-1161,944,-579,-3403,1867,7130,5716,4648,7632,12291,7500,2924,6742,7801,22570,12150,4466,4090,6401,5724,9115,17657,22233,24771
 "18079","Jennings, IN",3,CAINC4,72,"..."," Nonfarm proprietors' income ","Thousands of dollars",4358,4467,4824,5540,5977,6380,6766,7766,8230,9184,9129,9794,9491,9567,12003,13582,13604,15486,16832,18666,20503,21625,23913,25200,26870,28938,33764,34020,37071,38319,36069,37255,27621,29417,28508,28387,29107,32168,28334,26113,27438,31824,35704,39252,39354,35143,34280,30669,32893,37088,44590,44154,47833,48024
 "18079","Jennings, IN",3,CAINC4,7010,"...","Total employment ","Number of jobs",5637,5705,5907,6100,6493,6682,6739,7324,7279,7489,7563,7294,7281,7224,7346,7673,7768,7925,8074,8428,8819,8875,8576,8654,9229,9855,10930,11411,11467,11370,11734,11961,11890,11247,11362,11428,11233,11211,11383,10806,10132,10271,10324,10261,10209,10251,10249,10166,10230,10536,10569,10322,10593,10973
 "18079","Jennings, IN",3,CAINC4,7020,"..."," Wage and salary employment ","Number of jobs",4122,4171,4375,4511,4830,4945,4932,5494,5419,5617,5659,5339,5319,5174,5167,5455,5492,5636,5726,6258,6623,6567,6253,6337,6804,7356,8317,8675,8763,8896,9331,9505,9192,8719,8905,8929,8690,8744,8800,8322,7700,7864,7818,7825,7801,7846,7883,7796,7852,8168,8229,7921,8075,8323
 "18079","Jennings, IN",3,CAINC4,7040,"..."," Proprietors employment ","Number of jobs",1515,1534,1532,1589,1663,1737,1807,1830,1860,1872,1904,1955,1962,2050,2179,2218,2276,2289,2348,2170,2196,2308,2323,2317,2425,2499,2613,2736,2704,2474,2403,2456,2698,2528,2457,2499,2543,2467,2583,2484,2432,2407,2506,2436,2408,2405,2366,2370,2378,2368,2340,2401,2518,2650
 "18081","Johnson, IN",3,CAINC4,10,"...","Personal income (thousands of dollars) ","Thousands of dollars",225637,229148,262419,292508,340730,377987,410344,464344,521557,600018,690655,782750,868755,898294,964007,1064451,1163656,1243428,1334500,1445350,1592362,1725122,1801683,1972888,2126926,2293459,2455692,2618270,2800706,3143692,3304629,3552051,3702388,3797596,3916408,4102860,4329960,4653446,4928701,5213819,5048515,5268069,5554004,5892377,6033691,6263701,6581640,6885595,7166623,7566920,7975679,8494055,9385226,9833398
 "18081","Johnson, IN",3,CAINC4,11,"..."," Nonfarm personal income 1/","Thousands of dollars",220123,225359,257047,287089,326242,366481,399428,451211,515624,591767,683752,777373,864436,897095,968959,1060920,1157414,1242393,1332381,1443614,1584532,1717151,1799890,1962060,2116947,2286425,2451384,2610029,2791872,3139275,3302665,3547006,3696167,3797278,3906820,4084272,4318622,4644600,4917317,5191288,5024253,5255877,5539197,5881587,5993254,6262081,6594039,6889003,7171018,7569013,7981005,8486268,9365358,9821586
 "18081","Johnson, IN",3,CAINC4,12,"..."," Farm income 2/","Thousands of dollars",5514,3789,5372,5419,14488,11506,10916,13133,5933,8251,6903,5377,4319,1199,-4952,3531,6242,1035,2119,1736,7830,7971,1793,10828,9979,7034,4308,8241,8834,4417,1964,5045,6221,318,9588,18588,11338,8846,11384,22531,24262,12192,14807,10790,40437,1620,-12399,-3408,-4395,-2093,-5326,7787,19868,11812
 "18081","Johnson, IN",3,CAINC4,20,"...","Population (persons) 3/","Number of persons",58432,61391,62214,63840,65414,66863,69047,70155,71614,73548,75217,77564,78689,79572,79841,80738,81706,82909,84512,85255,86752,88615,91898,93599,96597,98905,101628,104697,107088,109709,113173,115756,117843,120447,122202,124192,126769,130512,133933,136933,138584,140304,141926,143829,145927,147763,149815,152584,155009,157605,159809,162224,164418,165782
 "18081","Johnson, IN",3,CAINC4,30,"...","Per capita personal income (dollars) 4/","Dollars",3862,3733,4218,4582,5209,5653,5943,6619,7283,8158,9182,10092,11040,11289,12074,13184,14242,14998,15791,16953,18355,19468,19605,21078,22019,23189,24164,25008,26153,28655,29200,30686,31418,31529,32049,33036,34156,35655,36800,38076,36429,37548,39133,40968,41347,42390,43932,45127,46234,48012,49908,52360,57081,59315
 "18081","Johnson, IN",3,CAINC4,35,"...","Earnings by place of work ","Thousands of dollars",96088,96969,117591,128944,153142,168976,176253,202502,224468,253097,280545,297875,319676,325663,354533,408014,456643,490820,535783,584905,649323,718434,735975,829758,915033,1006202,1093951,1178392,1224439,1358357,1445796,1549722,1634924,1725985,1789410,1858804,1925429,2044370,2099280,2117563,2019105,2085965,2274091,2506324,2665766,2722391,2850388,2999259,3187676,3518156,3690231,3924123,4307467,4644471
 "18081","Johnson, IN",3,CAINC4,36,"...","Less: Contributions for government social insurance 5/","Thousands of dollars",5987,6131,7620,8874,11384,13662,14192,16147,18562,21498,24967,26798,31356,33117,36375,41685,47727,52275,56557,63771,70652,80023,84756,94080,104703,117310,127565,135065,141507,151227,160232,169240,180331,192652,203552,212626,225619,239878,247362,251821,241754,247034,236472,258524,307774,319832,338120,353337,375176,413525,436927,475939,514717,557533
 "18081","Johnson, IN",3,CAINC4,37,"..."," Employee and self-employed contributions for government social insurance ","Thousands of dollars",3337,3426,4245,4844,6124,7455,7757,8635,9757,11157,12959,14122,16508,17642,19130,21543,25265,27784,30352,34493,38824,44039,46521,51391,57364,64772,70823,74703,76834,82469,87092,91756,96679,103283,108128,112882,119515,128820,134293,137213,131997,134302,114540,124081,165827,172682,182251,191973,205827,228281,241205,261703,285072,311978
 "18081","Johnson, IN",3,CAINC4,38,"..."," Employer contributions for government social insurance ","Thousands of dollars",2650,2705,3375,4030,5260,6207,6435,7512,8805,10341,12008,12676,14848,15475,17245,20142,22462,24491,26205,29278,31828,35984,38235,42689,47339,52538,56742,60362,64673,68758,73140,77484,83652,89369,95424,99744,106104,111058,113069,114608,109757,112732,121932,134443,141947,147150,155869,161364,169349,185244,195722,214236,229645,245555
 "18081","Johnson, IN",3,CAINC4,42,"...","Plus: Adjustment for residence 6/","Thousands of dollars",97670,94717,102404,117713,134418,146713,155883,176333,200917,238916,283257,320889,350299,352841,365066,402600,427059,457109,498423,539152,578862,614310,652823,703496,747755,793352,834990,867945,946567,1079434,1155179,1226041,1265608,1260215,1281242,1395145,1492079,1603495,1711702,1821452,1712974,1771500,1817569,1856429,1848484,1919254,1973652,2055183,2107850,2094431,2186466,2095052,2273884,2526146
 "18081","Johnson, IN",3,CAINC4,45,"...","Equals: Net earnings by place of residence ","Thousands of dollars",187771,185555,212375,237783,276176,302027,317944,362688,406823,470515,538835,591966,638619,645387,683224,768929,835975,895654,977649,1060286,1157533,1252721,1304042,1439174,1558085,1682244,1801376,1911272,2029499,2286564,2440743,2606523,2720201,2793548,2867100,3041323,3191889,3407987,3563620,3687194,3490325,3610431,3855188,4104229,4206476,4321813,4485920,4701105,4920350,5199062,5439770,5543236,6066634,6613084
 "18081","Johnson, IN",3,CAINC4,46,"...","Plus: Dividends, interest, and rent 7/","Thousands of dollars",25462,29098,32823,35704,41578,48779,55856,62918,72983,81947,97314,122023,151088,161875,182735,192307,216957,230542,235924,255396,294098,315414,319938,330680,350310,378674,416526,454912,506580,567932,551503,597818,595732,589375,610560,591830,621156,674743,755270,795342,750894,784348,822237,886066,901823,944094,1042011,1092122,1116998,1179072,1249025,1275989,1383775,1537457
 "18081","Johnson, IN",3,CAINC4,47,"...","Plus: Personal current transfer receipts ","Thousands of dollars",12404,14495,17221,19021,22976,27181,36544,38738,41751,47556,54506,68761,79048,91032,98048,103215,110724,117232,120927,129668,140731,156987,177703,203034,218531,232541,237790,252086,264627,289196,312383,347710,386455,414673,438748,469707,516915,570716,609811,731283,807296,873290,876579,902082,925392,997794,1053709,1092368,1129275,1188786,1286884,1674830,1934817,1682857
 "18081","Johnson, IN",3,CAINC4,50,"...","Wages and salaries ","Thousands of dollars",65995,68058,84277,91434,101798,115886,119489,134631,156296,174489,196130,210593,231115,239093,259618,289948,324080,351502,386056,418060,456468,499368,524614,583603,646929,708280,767789,826723,887671,941973,1009213,1076194,1132416,1195934,1256758,1306851,1362343,1432518,1475270,1492317,1417372,1453898,1563682,1712790,1810602,1877274,2011911,2134259,2277396,2507760,2622622,2765513,3035969,3343406
 "18081","Johnson, IN",3,CAINC4,60,"...","Supplements to wages and salaries ","Thousands of dollars",7350,7653,9216,10862,12444,14761,16726,19237,23188,26703,31507,34500,38298,40837,47557,54789,64354,72100,74873,82508,93595,105937,115648,134711,149028,161836,167115,173603,183210,199137,215810,239423,258479,275891,298619,310415,331245,349177,363824,369533,338949,350199,372546,412416,425565,463124,474201,502744,528064,587445,601754,629515,661843,700082
 "18081","Johnson, IN",3,CAINC4,61,"..."," Employer contributions for employee pension and insurance funds 8/","Thousands of dollars",4700,4948,5841,6832,7184,8554,10291,11725,14383,16362,19499,21824,23450,25362,30312,34647,41892,47609,48668,53230,61767,69953,77413,92022,101689,109298,110373,113241,118537,130379,142670,161939,174827,186522,203195,210671,225141,238119,250755,254925,229192,237467,250614,277973,283618,315974,318332,341380,358715,402201,406032,415279,432198,454527
 "18081","Johnson, IN",3,CAINC4,62,"..."," Employer contributions for government social insurance ","Thousands of dollars",2650,2705,3375,4030,5260,6207,6435,7512,8805,10341,12008,12676,14848,15475,17245,20142,22462,24491,26205,29278,31828,35984,38235,42689,47339,52538,56742,60362,64673,68758,73140,77484,83652,89369,95424,99744,106104,111058,113069,114608,109757,112732,121932,134443,141947,147150,155869,161364,169349,185244,195722,214236,229645,245555
 "18081","Johnson, IN",3,CAINC4,70,"...","Proprietors' income 9/","Thousands of dollars",22743,21258,24098,26648,38900,38329,40038,48634,44984,51905,52908,52782,50263,45733,47358,63277,68209,67218,74854,84337,99260,113129,95713,111444,119076,136086,159047,178066,153558,217247,220773,234105,244029,254160,234033,241538,231841,262675,260186,255713,262784,281868,337863,381118,429599,381993,364276,362256,382216,422951,465855,529095,609655,600983
 "18081","Johnson, IN",3,CAINC4,71,"..."," Farm proprietors' income ","Thousands of dollars",4904,3169,4762,4803,13756,10630,9950,12019,4681,7196,5613,3903,2729,-714,-6662,1945,4744,-293,866,69,5807,5384,-889,7792,6728,4001,1444,5575,5894,835,-1546,1447,2137,-3592,5356,14102,7238,5144,7214,19116,20837,8934,12033,7746,37286,-1689,-15102,-6173,-7763,-5785,-8196,4724,17149,8719
 "18081","Johnson, IN",3,CAINC4,72,"..."," Nonfarm proprietors' income ","Thousands of dollars",17839,18089,19336,21845,25144,27699,30088,36615,40303,44709,47295,48879,47534,46447,54020,61332,63465,67511,73988,84268,93453,107745,96602,103652,112348,132085,157603,172491,147664,216412,222319,232658,241892,257752,228677,227436,224603,257531,252972,236597,241947,272934,325830,373372,392313,383682,379378,368429,389979,428736,474051,524371,592506,592264
 "18081","Johnson, IN",3,CAINC4,7010,"...","Total employment ","Number of jobs",16221,16399,18164,18698,20060,21085,21053,22239,24020,24885,25831,26179,26360,26560,27424,29201,31021,32228,34146,34925,36581,37703,38128,39537,41613,44384,46378,48163,50109,52392,55770,57430,53682,54672,55784,56815,58033,59933,61416,60988,59056,59146,61347,63860,66277,67318,69074,71537,74353,77767,79293,79495,84375,89554
 "18081","Johnson, IN",3,CAINC4,7020,"..."," Wage and salary employment ","Number of jobs",12711,12685,14194,14369,15332,16226,16100,16999,18485,19181,19983,20098,20283,20138,20856,22365,23872,24841,26409,27624,29198,29906,29922,31170,33048,35078,36898,38491,39774,40738,41558,42606,42722,43449,44276,44609,45042,46438,46808,46471,44267,44422,46246,48691,50943,51557,53132,55185,57166,59644,61631,60247,63490,67173
 "18081","Johnson, IN",3,CAINC4,7040,"..."," Proprietors employment ","Number of jobs",3510,3714,3970,4329,4728,4859,4953,5240,5535,5704,5848,6081,6077,6422,6568,6836,7149,7387,7737,7301,7383,7797,8206,8367,8565,9306,9480,9672,10335,11654,14212,14824,10960,11223,11508,12206,12991,13495,14608,14517,14789,14724,15101,15169,15334,15761,15942,16352,17187,18123,17662,19248,20885,22381
 "18083","Knox, IN",3,CAINC4,10,"...","Personal income (thousands of dollars) ","Thousands of dollars",127098,132753,147960,161294,191431,197270,222665,245348,262915,292748,324861,354695,395489,431037,448037,491987,498304,508280,521993,549139,593696,617338,641567,706109,736943,755301,796381,830413,861600,900336,915075,960178,985513,982145,1017460,1077876,1083419,1142460,1189214,1287590,1264743,1327069,1382634,1428089,1485997,1518107,1495302,1527996,1563546,1595416,1623862,1787708,1935565,1936158
 "18083","Knox, IN",3,CAINC4,11,"..."," Nonfarm personal income 1/","Thousands of dollars",114870,126082,136833,151737,169276,184269,203327,224839,252072,281320,318593,353397,395193,429215,450658,482713,488220,497834,507264,533938,569796,604473,633330,680296,709025,735241,774545,793321,831400,878788,887091,923962,946688,964140,982778,1030829,1052922,1118118,1145301,1228605,1221270,1279009,1326575,1401266,1390571,1468324,1473886,1488761,1523055,1561224,1597230,1731851,1853627,1851335
 "18083","Knox, IN",3,CAINC4,12,"..."," Farm income 2/","Thousands of dollars",12228,6671,11127,9557,22155,13001,19338,20509,10843,11428,6268,1298,296,1822,-2621,9274,10084,10446,14729,15201,23900,12865,8237,25813,27918,20060,21836,37092,30200,21548,27984,36216,38825,18005,34682,47047,30497,24342,43913,58985,43473,48060,56059,26823,95426,49783,21416,39235,40491,34192,26632,55857,81938,84823
 "18083","Knox, IN",3,CAINC4,20,"...","Population (persons) 3/","Number of persons",41582,41563,41942,42280,41836,41530,41039,41442,40930,40988,41568,41979,42453,42285,42344,42319,42040,41327,40865,40391,40375,39782,39821,40109,40155,40158,40050,39909,40003,39715,39438,39195,38840,38832,38580,38712,38543,38399,38325,38497,38499,38388,38446,37927,37986,37869,37648,37207,36886,36395,36370,36248,35964,35789
 "18083","Knox, IN",3,CAINC4,30,"...","Per capita personal income (dollars) 4/","Dollars",3057,3194,3528,3815,4576,4750,5426,5920,6424,7142,7815,8449,9316,10194,10581,11626,11853,12299,12774,13596,14705,15518,16111,17605,18352,18808,19885,20808,21538,22670,23203,24497,25374,25292,26373,27843,28109,29752,31030,33447,32851,34570,35963,37654,39120,40088,39718,41067,42389,43836,44648,49319,53820,54099
 "18083","Knox, IN",3,CAINC4,35,"...","Earnings by place of work ","Thousands of dollars",97789,99201,109356,117922,140147,138098,149570,167177,175845,199022,218630,226531,247303,262508,275988,313171,319665,324523,334825,353775,381113,392939,411739,463651,496008,519695,546846,560544,583343,615034,638624,666780,667644,671715,694933,739313,734907,784680,816567,904797,865170,916711,958816,980339,1057008,1052204,1011897,1047869,1058797,1092022,1096845,1158756,1226552,1272453
 "18083","Knox, IN",3,CAINC4,36,"...","Less: Contributions for government social insurance 5/","Thousands of dollars",5986,6389,6991,8089,10091,11323,11614,13173,14714,17156,20264,21391,25284,27334,28981,32181,33329,33932,34062,37629,40041,43458,46749,50412,54313,58953,62300,61558,64804,67044,68609,70046,69979,73075,74664,78573,81357,87210,90004,98418,97407,100509,91462,95681,109926,114514,113771,116290,118420,122712,125282,132912,138354,144753
 "18083","Knox, IN",3,CAINC4,37,"..."," Employee and self-employed contributions for government social insurance ","Thousands of dollars",3221,3453,3772,4309,5285,5983,6175,6777,7473,8631,10211,10942,12972,14073,14828,16228,17388,17851,18185,20366,22098,23518,25503,27353,29490,31746,33565,32766,34677,35922,36578,37188,37499,39328,39924,42257,43835,47460,49089,53805,52677,54249,44148,45951,59466,61806,61419,62785,64267,67311,69283,72857,76228,80557
 "18083","Knox, IN",3,CAINC4,38,"..."," Employer contributions for government social insurance ","Thousands of dollars",2765,2936,3219,3780,4806,5340,5439,6396,7241,8525,10053,10449,12312,13261,14153,15953,15941,16081,15877,17263,17943,19940,21246,23059,24823,27207,28735,28792,30127,31122,32031,32858,32480,33747,34740,36316,37522,39750,40915,44613,44730,46260,47314,49730,50460,52708,52352,53505,54153,55401,55999,60055,62126,64196
 "18083","Knox, IN",3,CAINC4,42,"...","Plus: Adjustment for residence 6/","Thousands of dollars",2794,2466,2652,3438,3618,3983,5504,6140,7833,8036,8359,9715,8750,8385,7409,6923,5635,5652,9725,9819,9155,10329,8785,6391,1391,-2357,-6090,-5242,-6786,-5338,-6970,-5783,-6241,-6580,-2072,3078,6954,2301,1785,-29323,-28873,-32065,-40034,-47237,-47247,-41936,-48385,-60148,-53582,-58599,-53426,-60526,-63836,-67398
 "18083","Knox, IN",3,CAINC4,45,"...","Equals: Net earnings by place of residence ","Thousands of dollars",94597,95278,105017,113271,133674,130758,143460,160144,168964,189902,206725,214855,230769,243559,254416,287913,291971,296243,310488,325965,350227,359810,373775,419630,443086,458385,478456,493744,511753,542652,563045,590951,591424,592060,618197,663818,660504,699771,728348,777056,738890,784137,827320,837421,899835,895754,849741,871431,886795,910711,918137,965318,1024362,1060302
 "18083","Knox, IN",3,CAINC4,46,"...","Plus: Dividends, interest, and rent 7/","Thousands of dollars",18579,21375,24141,26554,31058,35722,41919,45666,52055,57706,66646,79537,96311,113864,114676,121207,120254,122035,119433,125247,136425,140740,139433,140721,143254,147240,164625,172384,182924,189395,175040,180241,185865,170375,173928,177984,169213,171622,186758,198820,190400,189524,203816,221370,216524,218497,231561,231094,242455,236701,235827,242304,261893,274840
 "18083","Knox, IN",3,CAINC4,47,"...","Plus: Personal current transfer receipts ","Thousands of dollars",13922,16100,18802,21469,26699,30790,37286,39538,41896,45140,51490,60303,68409,73614,78945,82867,86079,90002,92072,97927,107044,116788,128359,145758,150603,149676,153300,164285,166923,168289,176990,188986,208224,219710,225335,236074,253702,271067,274108,311714,335453,353408,351498,369298,369638,403856,414000,425471,434296,448004,469898,580086,649310,601016
 "18083","Knox, IN",3,CAINC4,50,"...","Wages and salaries ","Thousands of dollars",67927,73294,77275,84149,92129,98034,101376,113445,127227,143394,163695,175028,193028,204327,214518,230344,233114,233966,236314,247725,259282,279879,294686,318682,340375,366164,385658,388300,403292,416605,428669,438421,450485,466537,474476,493368,498491,533241,550453,608195,600969,620702,642084,673360,683278,709789,710483,731175,743239,768089,779977,796009,838032,884403
 "18083","Knox, IN",3,CAINC4,60,"...","Supplements to wages and salaries ","Thousands of dollars",6882,7751,8681,10145,11483,12445,13816,15966,18606,22206,25772,28516,33231,36773,40540,44008,45619,47732,48306,50766,55956,62661,68280,78693,85574,92133,94969,95903,98221,102210,109834,117311,118646,122877,130000,137146,143133,152893,159365,170705,160087,169518,174261,183136,181242,198129,192638,200838,202501,217542,213065,219131,217948,219000
 "18083","Knox, IN",3,CAINC4,61,"..."," Employer contributions for employee pension and insurance funds 8/","Thousands of dollars",4117,4815,5462,6365,6677,7105,8377,9570,11365,13681,15719,18067,20919,23512,26387,28055,29678,31651,32429,33503,38013,42721,47034,55634,60751,64926,66234,67111,68094,71088,77803,84453,86166,89130,95260,100830,105611,113143,118450,126092,115357,123258,126947,133406,130782,145421,140286,147333,148348,162141,157066,159076,155822,154804
 "18083","Knox, IN",3,CAINC4,62,"..."," Employer contributions for government social insurance ","Thousands of dollars",2765,2936,3219,3780,4806,5340,5439,6396,7241,8525,10053,10449,12312,13261,14153,15953,15941,16081,15877,17263,17943,19940,21246,23059,24823,27207,28735,28792,30127,31122,32031,32858,32480,33747,34740,36316,37522,39750,40915,44613,44730,46260,47314,49730,50460,52708,52352,53505,54153,55401,55999,60055,62126,64196
 "18083","Knox, IN",3,CAINC4,70,"...","Proprietors' income 9/","Thousands of dollars",22980,18156,23400,23628,36535,27619,34378,37766,30012,33422,29163,22987,21044,21408,20930,38819,40932,42825,50205,55284,65875,50399,48773,66276,70059,61398,66219,76341,81830,96219,100121,111048,98513,82301,90457,108799,93283,98546,106749,125897,104114,126491,142471,123843,192488,144286,108776,115856,113057,106391,103803,143616,170572,169050
 "18083","Knox, IN",3,CAINC4,71,"..."," Farm proprietors' income ","Thousands of dollars",10535,4829,9214,7515,19636,9811,15911,16642,6593,8028,2661,-2370,-3263,-2131,-6311,5716,6628,7327,11758,11739,20059,8275,3704,20898,22594,15015,16987,32508,25106,15586,22348,30639,32661,12289,28150,39762,23529,17743,36087,52105,36080,40537,49195,18742,87055,40990,14225,31874,31541,24367,18982,47692,74691,76587
 "18083","Knox, IN",3,CAINC4,72,"..."," Nonfarm proprietors' income ","Thousands of dollars",12445,13327,14186,16113,16899,17808,18467,21124,23419,25394,26502,25357,24307,23539,27241,33103,34304,35498,38447,43545,45816,42124,45069,45378,47465,46383,49232,43833,56724,80633,77773,80409,65852,70012,62307,69037,69754,80803,70662,73792,68034,85954,93276,105101,105433,103296,94551,83982,81516,82024,84821,95924,95881,92463
 "18083","Knox, IN",3,CAINC4,7010,"...","Total employment ","Number of jobs",17349,17713,17680,17933,18217,18039,17521,18044,18437,18936,19498,19559,19470,19477,19901,20530,20274,20018,19844,20117,20381,20657,20845,21293,22082,22376,23119,23760,22868,22592,22532,22751,22161,21974,21899,21632,21431,21986,22288,22456,21677,21706,21677,22304,22497,22812,22854,22709,22415,22733,22355,21751,22222,22396
 "18083","Knox, IN",3,CAINC4,7020,"..."," Wage and salary employment ","Number of jobs",13335,13657,13616,13914,14263,14137,13683,14122,14543,15089,15665,15670,15457,15266,15530,16212,15991,15920,15818,16013,16486,16853,17010,17537,18306,18652,19253,19948,19053,18938,18808,18930,18755,18649,18595,18252,18061,18566,18766,18934,18172,18262,18233,18818,18971,19130,19122,19068,18956,19294,18992,18243,18540,18508
 "18083","Knox, IN",3,CAINC4,7040,"..."," Proprietors employment ","Number of jobs",4014,4056,4064,4019,3954,3902,3838,3922,3894,3847,3833,3889,4013,4211,4371,4318,4283,4098,4026,4104,3895,3804,3835,3756,3776,3724,3866,3812,3815,3654,3724,3821,3406,3325,3304,3380,3370,3420,3522,3522,3505,3444,3444,3486,3526,3682,3732,3641,3459,3439,3363,3508,3682,3888
 "18085","Kosciusko, IN",3,CAINC4,10,"...","Personal income (thousands of dollars) ","Thousands of dollars",179944,190851,207919,232963,273314,289512,312657,357173,403550,445393,490610,528449,588196,623830,670739,770833,807040,869460,928608,1002167,1122997,1160337,1180266,1296049,1343689,1435611,1550347,1629366,1697709,1855829,1905032,2010725,2042409,2122801,2220227,2344585,2407451,2447600,2561877,2644010,2521767,2678115,2854293,3003200,3159186,3296695,3635222,3402485,3588314,3745409,3870680,4174128,4541756,4656130
 "18085","Kosciusko, IN",3,CAINC4,11,"..."," Nonfarm personal income 1/","Thousands of dollars",167590,180662,197373,223410,252408,275284,290449,338768,390582,440350,487095,525805,584556,619927,672201,747714,792157,848851,906505,993861,1098558,1139672,1170062,1281829,1329120,1418196,1540948,1601663,1663307,1826032,1884637,1987316,2015267,2103564,2188021,2303531,2384991,2425849,2532568,2615343,2506285,2645542,2790161,2941543,3037955,3200355,3557672,3363593,3536252,3692116,3839871,4108022,4422412,4498796
 "18085","Kosciusko, IN",3,CAINC4,12,"..."," Farm income 2/","Thousands of dollars",12354,10189,10546,9553,20906,14228,22208,18405,12968,5043,3515,2644,3640,3903,-1462,23119,14883,20609,22103,8306,24439,20665,10204,14220,14569,17415,9399,27703,34402,29797,20395,23409,27142,19237,32206,41054,22460,21751,29309,28667,15482,32573,64132,61657,121231,96340,77550,38892,52062,53293,30809,66106,119344,157334
 "18085","Kosciusko, IN",3,CAINC4,20,"...","Population (persons) 3/","Number of persons",47411,48227,49004,49936,51965,52998,53804,54562,56185,57648,58662,59644,59872,59725,60091,61524,62597,63115,63546,64362,65291,65421,65604,66304,67349,68655,69961,70902,71875,72786,73276,74211,74756,74861,75176,75447,75934,76358,76832,77091,77263,77364,77481,77844,78219,78839,79126,79438,79906,80363,80441,80155,80323,80826
 "18085","Kosciusko, IN",3,CAINC4,30,"...","Per capita personal income (dollars) 4/","Dollars",3795,3957,4243,4665,5260,5463,5811,6546,7183,7726,8363,8860,9824,10445,11162,12529,12893,13776,14613,15571,17200,17736,17991,19547,19951,20911,22160,22981,23620,25497,25998,27095,27321,28357,29534,31076,31705,32054,33344,34297,32639,34617,36839,38580,40389,41816,45942,42832,44907,46606,48118,52076,56544,57607
 "18085","Kosciusko, IN",3,CAINC4,35,"...","Earnings by place of work ","Thousands of dollars",144668,150718,161055,180325,212441,220724,231428,267965,304395,334654,361058,380700,418692,438811,474322,557537,580827,637546,696566,761314,845596,884032,889655,967655,998615,1068520,1169645,1217254,1259576,1386110,1443169,1510552,1556521,1622741,1741540,1892386,1960321,1940755,2089616,2090026,1961260,2086831,2221517,2290501,2508513,2617700,3008906,2625326,2710388,2871378,2971013,3015435,3116437,3293872
 "18085","Kosciusko, IN",3,CAINC4,36,"...","Less: Contributions for government social insurance 5/","Thousands of dollars",8856,9325,10350,12446,16086,18304,18264,21981,25617,29745,33216,35409,41826,44938,48967,56617,61412,67348,72700,83671,91094,100039,103446,110922,115157,124923,137933,140338,144470,157098,163271,169536,167440,176478,189120,206174,216862,217771,232735,236653,224293,233958,217008,223546,275830,287921,322281,295312,304155,321158,338032,346611,350272,364560
 "18085","Kosciusko, IN",3,CAINC4,37,"..."," Employee and self-employed contributions for government social insurance ","Thousands of dollars",4719,4973,5505,6473,8255,9460,9523,11108,12723,14683,16675,17992,21393,23042,24822,27981,31201,34288,37228,42742,47408,51448,53525,57345,59662,64641,71080,72682,74983,80326,83228,85685,87714,93011,99139,107297,112700,113439,121839,123704,117988,122916,100020,103231,143267,150110,172967,154813,160655,171154,180318,185727,190039,200715
 "18085","Kosciusko, IN",3,CAINC4,38,"..."," Employer contributions for government social insurance ","Thousands of dollars",4137,4352,4845,5973,7831,8844,8741,10873,12894,15062,16541,17417,20433,21896,24145,28636,30211,33060,35472,40929,43686,48591,49921,53577,55495,60282,66853,67656,69487,76772,80043,83851,79726,83467,89981,98877,104162,104332,110896,112949,106305,111042,116988,120315,132563,137811,149314,140499,143500,150004,157714,160884,160233,163845
 "18085","Kosciusko, IN",3,CAINC4,42,"...","Plus: Adjustment for residence 6/","Thousands of dollars",8233,7831,9583,12321,14892,14374,14387,18975,22198,27476,30535,27175,27316,24626,30976,34730,34693,35677,37502,34581,31988,23151,24348,30300,40394,50222,40885,45512,52050,50533,63114,65990,40792,33200,10891,-7305,-26505,-24498,-75892,-119392,-134359,-126452,-126150,-99907,-115646,-111466,-194992,-77463,-40392,-54045,-89694,-81281,14730,42110
 "18085","Kosciusko, IN",3,CAINC4,45,"...","Equals: Net earnings by place of residence ","Thousands of dollars",144045,149224,160288,180200,211247,216794,227551,264959,300976,332385,358377,372466,404182,418499,456331,535650,554108,605875,661368,712224,786490,807144,810557,887033,923852,993819,1072597,1122428,1167156,1279545,1343012,1407006,1429873,1479463,1563311,1678907,1716954,1698486,1780989,1733981,1602608,1726421,1878359,1967048,2117037,2218313,2491633,2252551,2365841,2496175,2543287,2587543,2780895,2971422
 "18085","Kosciusko, IN",3,CAINC4,46,"...","Plus: Dividends, interest, and rent 7/","Thousands of dollars",25035,29045,32802,36194,42138,48862,55549,60341,68764,75437,87348,100913,120773,137213,142379,158945,170854,175924,178295,195031,231207,238739,242483,264129,263358,278226,306350,324516,341589,378185,354034,376660,367144,382741,383365,374921,373185,402287,413424,478802,429044,434774,461058,510551,516797,518673,560284,550419,598647,600417,646144,689780,740852,799550
 "18085","Kosciusko, IN",3,CAINC4,47,"...","Plus: Personal current transfer receipts ","Thousands of dollars",10864,12582,14829,16569,19929,23856,29557,31873,33810,37571,44885,55070,63241,68118,72029,76238,82078,87661,88945,94912,105300,114454,127226,144887,156479,163566,171400,182422,188964,198099,207986,227059,245392,260597,273551,290757,317312,346827,367464,431227,490115,516920,514876,525601,525352,559709,583305,599515,623826,648817,681249,896805,1020009,885158
 "18085","Kosciusko, IN",3,CAINC4,50,"...","Wages and salaries ","Thousands of dollars",103348,110402,117645,133033,149846,162533,162564,193123,224190,250673,269616,289518,321210,338619,361971,406892,433632,472488,516919,581480,622269,665341,674434,724968,745057,797865,888643,921907,955960,1049501,1086665,1131760,1125341,1173241,1261469,1381169,1440404,1417953,1542888,1546246,1443740,1517669,1597408,1654049,1785718,1865477,2193416,1926771,1980058,2079707,2146555,2123743,2171159,2284305
 "18085","Kosciusko, IN",3,CAINC4,60,"...","Supplements to wages and salaries ","Thousands of dollars",11564,12498,13746,16736,19466,21596,22995,27850,34323,39202,42213,46965,53724,59219,66595,76343,82851,93847,103422,118261,130920,140791,148235,168100,176104,188542,205841,198357,195223,223158,244977,269072,283873,298970,330916,361495,395250,395439,435904,441197,414880,435214,444207,455635,476355,519975,595133,526033,529431,571048,571693,564228,554969,556198
 "18085","Kosciusko, IN",3,CAINC4,61,"..."," Employer contributions for employee pension and insurance funds 8/","Thousands of dollars",7427,8146,8901,10763,11635,12752,14254,16977,21429,24140,25672,29548,33291,37323,42450,47707,52640,60787,67950,77332,87234,92200,98314,114523,120609,128260,138988,130701,125736,146386,164934,185221,204147,215503,240935,262618,291088,291107,325008,328248,308575,324172,327219,335320,343792,382164,445819,385534,385931,421044,413979,403344,394736,392353
 "18085","Kosciusko, IN",3,CAINC4,62,"..."," Employer contributions for government social insurance ","Thousands of dollars",4137,4352,4845,5973,7831,8844,8741,10873,12894,15062,16541,17417,20433,21896,24145,28636,30211,33060,35472,40929,43686,48591,49921,53577,55495,60282,66853,67656,69487,76772,80043,83851,79726,83467,89981,98877,104162,104332,110896,112949,106305,111042,116988,120315,132563,137811,149314,140499,143500,150004,157714,160884,160233,163845
 "18085","Kosciusko, IN",3,CAINC4,70,"...","Proprietors' income 9/","Thousands of dollars",29756,27818,29664,30556,43129,36595,45869,46992,45882,44779,49229,44217,43758,40973,45756,74302,64344,71211,76225,61573,92407,77900,66986,74587,77454,82113,75161,96990,108393,113451,111527,109720,147307,150530,149155,149722,124667,127363,110824,102583,102640,133948,179902,180817,246440,232248,220357,172522,200899,220623,252765,327464,390309,453369
 "18085","Kosciusko, IN",3,CAINC4,71,"..."," Farm proprietors' income ","Thousands of dollars",11032,8404,8363,6916,17435,9360,17115,12791,6986,531,-1528,-2718,-1755,-2368,-7433,17248,9006,15130,16669,2170,17806,12900,2668,6156,5505,8542,627,19138,24686,19172,10961,14622,18070,11320,23201,31001,12842,12659,18637,18733,4180,20427,52393,47200,106254,80631,64662,25677,36085,35698,17025,51407,106314,142624
 "18085","Kosciusko, IN",3,CAINC4,72,"..."," Nonfarm proprietors' income ","Thousands of dollars",18724,19414,21301,23640,25694,27235,28754,34201,38896,44248,50757,46935,45513,43341,53189,57054,55338,56081,59556,59403,74601,65000,64318,68431,71949,73571,74534,77852,83707,94279,100566,95098,129237,139210,125954,118721,111825,114704,92187,83850,98460,113521,127509,133617,140186,151617,155695,146845,164814,184925,235740,276057,283995,310745
 "18085","Kosciusko, IN",3,CAINC4,7010,"...","Total employment ","Number of jobs",22677,22845,23371,25030,26631,27016,26195,27479,29032,29758,29735,29260,29349,29049,29725,31301,31670,32918,34363,35355,36746,36848,36825,37392,37877,39048,42372,42815,42498,42155,43018,43947,43180,43108,43385,44105,45841,45933,45940,46244,44003,44470,45152,45763,46957,47718,48022,48798,49402,50638,50377,48398,48488,49545
 "18085","Kosciusko, IN",3,CAINC4,7020,"..."," Wage and salary employment ","Number of jobs",17432,17605,17955,19331,20718,20924,20028,21298,22839,23590,23538,22982,23101,22717,22976,24514,24789,26035,27394,28672,29978,29774,29791,30409,30609,31596,34370,34375,34021,34301,35233,35917,34822,35011,35336,35914,37291,37481,37050,37362,35138,35757,36195,37056,38295,38875,39059,39616,40116,41281,41243,38865,38519,38969
 "18085","Kosciusko, IN",3,CAINC4,7040,"..."," Proprietors employment ","Number of jobs",5245,5240,5416,5699,5913,6092,6167,6181,6193,6168,6197,6278,6248,6332,6749,6787,6881,6883,6969,6683,6768,7074,7034,6983,7268,7452,8002,8440,8477,7854,7785,8030,8358,8097,8049,8191,8550,8452,8890,8882,8865,8713,8957,8707,8662,8843,8963,9182,9286,9357,9134,9533,9969,10576
 "18087","Lagrange, IN",3,CAINC4,10,"...","Personal income (thousands of dollars) ","Thousands of dollars",62833,67319,75427,87577,103787,96877,107279,126481,138352,154733,172924,180054,202324,214179,227262,269639,284409,309274,326819,342465,379657,390272,396086,437228,461918,508041,540938,566809,598068,640222,676689,693891,733806,760565,798114,854349,887273,929871,958844,947168,864273,971384,1075606,1176549,1269629,1352726,1393452,1448305,1594475,1672557,1652242,1807624,2140301,2280995
 "18087","Lagrange, IN",3,CAINC4,11,"..."," Nonfarm personal income 1/","Thousands of dollars",53630,58667,66096,76827,86906,87595,93515,109501,124757,142502,159247,168461,189048,198701,224029,250788,266516,288617,307502,331537,355374,363348,374123,410410,437904,489037,527635,545027,574882,620866,664253,682101,725457,753190,773248,824136,868439,908658,930691,922339,848699,937286,1014753,1102461,1150885,1227755,1284827,1372483,1502403,1585533,1584939,1713879,2001809,2093476
 "18087","Lagrange, IN",3,CAINC4,12,"..."," Farm income 2/","Thousands of dollars",9203,8652,9331,10750,16881,9282,13764,16980,13595,12231,13677,11593,13276,15478,3233,18851,17893,20657,19317,10928,24283,26924,21963,26818,24014,19004,13303,21782,23186,19356,12436,11790,8349,7375,24866,30213,18834,21213,28153,24829,15574,34098,60853,74088,118744,124971,108625,75822,92072,87024,67303,93745,138492,187519
 "18087","Lagrange, IN",3,CAINC4,20,"...","Population (persons) 3/","Number of persons",20572,20905,21121,21860,22749,23567,23878,24035,24543,25117,25564,25667,26080,26504,26929,27140,27669,28122,28602,28967,29259,29559,29808,30387,30961,31504,32314,32762,33495,34106,34706,34892,35299,35453,35711,36017,36283,36613,36931,37181,37119,37169,37518,37749,38216,38603,38827,39372,39538,39756,40145,40530,40538,40866
 "18087","Lagrange, IN",3,CAINC4,30,"...","Per capita personal income (dollars) 4/","Dollars",3054,3220,3571,4006,4562,4111,4493,5262,5637,6160,6764,7015,7758,8081,8439,9935,10279,10998,11426,11823,12976,13203,13288,14389,14919,16126,16740,17301,17855,18772,19498,19887,20788,21453,22349,23721,24454,25397,25963,25475,23284,26134,28669,31168,33222,35042,35889,36785,40328,42071,41157,44600,52797,55816
 "18087","Lagrange, IN",3,CAINC4,35,"...","Earnings by place of work ","Thousands of dollars",50647,54659,61594,73041,84465,67485,72647,91123,98615,109029,116531,112661,130055,134852,146383,180625,186259,200315,214129,222477,252288,263520,266297,295218,321768,361654,403742,416458,440196,476024,527138,519585,540604,570967,600776,633786,665149,692779,685194,630743,526995,608530,685491,788528,891517,946048,975973,993391,1115346,1190627,1136435,1164104,1457644,1686045
 "18087","Lagrange, IN",3,CAINC4,36,"...","Less: Contributions for government social insurance 5/","Thousands of dollars",2879,3142,3702,4674,5640,5102,5147,6595,7652,8916,9657,9444,11682,12234,14592,16924,17970,19277,20570,22931,24863,26676,27942,30492,34000,40122,46358,46917,49273,53100,59878,58653,56439,60181,62921,66821,72002,74894,74089,69737,58867,64467,62419,70775,86640,91502,95793,100263,111627,118014,114554,120509,150165,163585
 "18087","Lagrange, IN",3,CAINC4,37,"..."," Employee and self-employed contributions for government social insurance ","Thousands of dollars",1471,1620,1895,2334,2881,2681,2714,3305,3720,4319,4782,4770,5927,6248,7358,8389,9228,10024,10820,12187,13394,14221,15019,16357,18186,21121,23874,23918,25293,26846,29931,29079,30582,32507,33531,35384,38255,40312,40073,37710,32565,35114,29978,33485,45911,48567,51056,53712,60229,64604,63175,64709,79161,90163
 "18087","Lagrange, IN",3,CAINC4,38,"..."," Employer contributions for government social insurance ","Thousands of dollars",1408,1522,1807,2340,2759,2421,2433,3290,3932,4597,4875,4674,5755,5986,7234,8535,8742,9253,9750,10744,11469,12455,12923,14135,15814,19001,22484,22999,23980,26254,29947,29574,25857,27674,29390,31437,33747,34582,34016,32027,26302,29353,32441,37290,40729,42935,44737,46551,51398,53410,51379,55800,71004,73422
 "18087","Lagrange, IN",3,CAINC4,42,"...","Plus: Adjustment for residence 6/","Thousands of dollars",3084,1965,1496,1511,3603,8658,9187,10514,12821,15999,19665,22378,20645,20867,21090,24529,27847,35640,38188,42107,41638,37485,35891,41657,42143,40927,30595,34982,36785,38449,30541,43399,48204,51992,55510,66383,66154,70481,78028,75159,73767,95998,107325,109661,114080,122417,128912,153719,173049,155845,168712,212171,212839,190485
 "18087","Lagrange, IN",3,CAINC4,45,"...","Equals: Net earnings by place of residence ","Thousands of dollars",50852,53482,59388,69878,82428,71041,76687,95042,103784,116112,126539,125595,139018,143485,152881,188230,196136,216678,231747,241653,269063,274329,274246,306383,329911,362459,387979,404523,427708,461373,497801,504331,532369,562778,593365,633348,659301,688366,689133,636165,541895,640061,730397,827414,918957,976963,1009092,1046847,1176768,1228458,1190593,1255766,1520318,1712945
 "18087","Lagrange, IN",3,CAINC4,46,"...","Plus: Dividends, interest, and rent 7/","Thousands of dollars",8129,9380,10625,11755,14010,16067,17909,19107,21627,24090,28765,33242,39298,44525,47931,52764,56625,59115,61719,65444,71974,74325,75427,78380,76772,86477,92149,97865,103465,107737,105352,111210,112295,102270,105076,113758,110766,112333,130465,145529,130778,135318,150154,155937,158594,171858,170636,182667,193344,211589,213734,216045,231071,245857
 "18087","Lagrange, IN",3,CAINC4,47,"...","Plus: Personal current transfer receipts ","Thousands of dollars",3852,4457,5414,5944,7349,9769,12683,12332,12941,14531,17620,21217,24008,26169,26450,28645,31648,33481,33353,35368,38620,41618,46413,52465,55235,59105,60810,64421,66895,71112,73536,78350,89142,95517,99673,107243,117206,129172,139246,165474,191600,196005,195055,193198,192078,203905,213724,218791,224363,232510,247915,335813,388912,322193
 "18087","Lagrange, IN",3,CAINC4,50,"...","Wages and salaries ","Thousands of dollars",33689,37561,42504,50622,53991,45965,46218,58311,66810,74856,79262,78247,90418,93220,109037,122842,127220,134224,143470,154518,164561,174014,178271,194268,214749,249476,290840,297843,314076,339459,388274,379351,355200,373664,389360,415827,442741,452257,448757,409963,335943,369081,398094,461276,503841,533291,562449,595459,678914,716283,679124,678352,863754,977170
 "18087","Lagrange, IN",3,CAINC4,60,"...","Supplements to wages and salaries ","Thousands of dollars",3934,4471,5333,6934,7770,6337,6400,8625,10496,12097,13149,13584,17109,18191,22032,24295,25549,27089,29353,31755,35526,38747,42063,47851,54647,62952,70549,68690,69665,76081,87985,92523,87731,93556,101333,107350,117545,122005,124620,119112,90697,98184,104582,122411,129608,145469,148272,154584,166800,179287,169427,168844,201395,212817
 "18087","Lagrange, IN",3,CAINC4,61,"..."," Employer contributions for employee pension and insurance funds 8/","Thousands of dollars",2526,2949,3526,4594,5011,3916,3967,5335,6564,7500,8274,8910,11354,12205,14798,15760,16807,17836,19603,21011,24057,26292,29140,33716,38833,43951,48065,45691,45685,49827,58038,62949,61874,65882,71943,75913,83798,87423,90604,87085,64395,68831,72141,85121,88879,102534,103535,108033,115402,125877,118048,113044,130391,139395
 "18087","Lagrange, IN",3,CAINC4,62,"..."," Employer contributions for government social insurance ","Thousands of dollars",1408,1522,1807,2340,2759,2421,2433,3290,3932,4597,4875,4674,5755,5986,7234,8535,8742,9253,9750,10744,11469,12455,12923,14135,15814,19001,22484,22999,23980,26254,29947,29574,25857,27674,29390,31437,33747,34582,34016,32027,26302,29353,32441,37290,40729,42935,44737,46551,51398,53410,51379,55800,71004,73422
 "18087","Lagrange, IN",3,CAINC4,70,"...","Proprietors' income 9/","Thousands of dollars",13024,12627,13757,15485,22704,15183,20029,24187,21309,22076,24120,20830,22528,23441,15314,33488,33490,39002,41306,36204,52201,50759,45963,53099,52372,49226,42353,49925,56455,60484,50879,47711,97673,103747,110083,110609,104863,118517,111817,101668,100355,141265,182815,204841,258068,267288,265252,243348,269632,295057,287884,316908,392495,496058
 "18087","Lagrange, IN",3,CAINC4,71,"..."," Farm proprietors' income ","Thousands of dollars",7999,7204,7699,8883,14511,6070,10389,13250,9604,9161,10111,7666,9236,10635,-1466,14149,13113,16152,14810,5435,18017,19245,14254,18306,14763,10265,4942,13875,14402,10622,5518,6170,3427,3911,20634,25185,13739,16134,21848,18754,8504,26379,53330,64734,109057,114806,100297,67294,81732,75653,58421,84273,130092,178002
 "18087","Lagrange, IN",3,CAINC4,72,"..."," Nonfarm proprietors' income ","Thousands of dollars",5025,5423,6058,6602,8193,9113,9640,10937,11705,12915,14009,13164,13292,12806,16780,19339,20377,22850,26496,30769,34184,31514,31709,34793,37609,38961,37411,36050,42053,49862,45361,41541,94246,99836,89449,85424,91124,102383,89969,82914,91851,114886,129485,140107,149011,152482,164955,176054,187900,219404,229463,232635,262403,318056
 "18087","Lagrange, IN",3,CAINC4,7010,"...","Total employment ","Number of jobs",8432,8815,9168,10027,10651,9315,9032,9862,10337,10625,10404,10129,10540,10455,11268,12003,12235,12360,13064,13190,13690,14164,14157,14561,15279,16271,17745,17517,17977,17852,17994,17882,17947,17871,17894,18291,18704,19012,18980,18409,16734,17501,18344,19444,20492,20923,21445,22114,22675,23408,22747,21856,23584,25109
 "18087","Lagrange, IN",3,CAINC4,7020,"..."," Wage and salary employment ","Number of jobs",5826,6206,6527,7298,7789,6462,6244,7105,7602,7898,7640,7315,7655,7436,8161,8727,8731,8687,9155,9467,9963,10130,10085,10451,11002,12022,13182,12818,13138,13430,13684,13484,12725,12752,12838,13117,13348,13598,13450,12587,10733,11318,11814,12806,13530,13913,14224,14481,15214,15799,15299,14206,15813,17044
 "18087","Lagrange, IN",3,CAINC4,7040,"..."," Proprietors employment ","Number of jobs",2606,2609,2641,2729,2862,2853,2788,2757,2735,2727,2764,2814,2885,3019,3107,3276,3504,3673,3909,3723,3727,4034,4072,4110,4277,4249,4563,4699,4839,4422,4310,4398,5222,5119,5056,5174,5356,5414,5530,5822,6001,6183,6530,6638,6962,7010,7221,7633,7461,7609,7448,7650,7771,8065
 "18089","Lake, IN",3,CAINC4,10,"...","Personal income (thousands of dollars) ","Thousands of dollars",2114665,2213512,2317010,2537721,2826605,3139824,3337317,3698706,4124670,4591206,5056072,5258103,5754182,5774290,5816852,6083439,6279425,6349334,6704592,7273474,7871270,8269819,8483395,8964658,9378715,9868049,10318507,10882748,11369511,12060270,12597250,13120994,13159897,13279977,13768226,14224549,14830862,15719798,16424319,17173245,16490235,16990627,17723090,18402934,18337764,18856231,19535880,20048999,20692128,21758118,22416840,23837938,26200210,26546880
 "18089","Lake, IN",3,CAINC4,11,"..."," Nonfarm personal income 1/","Thousands of dollars",2110289,2210938,2312642,2535129,2817782,3135374,3327908,3687440,4115574,4580124,5042712,5250226,5745263,5764761,5814568,6071433,6269074,6343123,6696466,7272888,7860892,8262857,8487870,8958374,9373787,9860136,10314513,10876092,11355401,12046593,12587945,13113079,13150259,13273895,13758048,14207022,14821136,15709284,16409382,17155668,16484679,16988639,17710141,18383007,18284878,18829254,19526738,20037390,20688176,21753390,22410407,23822608,26178119,26528083
 "18089","Lake, IN",3,CAINC4,12,"..."," Farm income 2/","Thousands of dollars",4376,2574,4368,2592,8823,4450,9409,11266,9096,11082,13360,7877,8919,9529,2284,12006,10351,6211,8126,586,10378,6962,-4475,6284,4928,7913,3994,6656,14110,13677,9305,7915,9638,6082,10178,17527,9726,10514,14937,17577,5556,1988,12949,19927,52886,26977,9142,11609,3952,4728,6433,15330,22091,18797
 "18089","Lake, IN",3,CAINC4,20,"...","Population (persons) 3/","Number of persons",543707,547373,551074,547068,547762,544179,540576,539895,534962,532219,530614,521635,515344,508830,499963,493763,487819,477296,471842,472081,474169,476462,479214,481130,482735,483801,484553,484425,484848,484887,484792,484514,484454,484520,485596,487405,489530,491432,493403,495479,495789,496251,496428,496018,495518,495977,493992,493269,492798,493981,496431,498932,499327,499689
 "18089","Lake, IN",3,CAINC4,30,"...","Per capita personal income (dollars) 4/","Dollars",3889,4044,4205,4639,5160,5770,6174,6851,7710,8627,9529,10080,11166,11348,11635,12321,12872,13303,14209,15407,16600,17357,17703,18633,19428,20397,21295,22465,23450,24872,25985,27081,27164,27409,28353,29184,30296,31988,33288,34660,33261,34238,35701,37101,37007,38018,39547,40645,41989,44046,45156,47778,52471,53127
 "18089","Lake, IN",3,CAINC4,35,"...","Earnings by place of work ","Thousands of dollars",2036823,2060384,2086767,2297956,2590985,2866753,2961471,3335198,3795128,4297239,4767024,4656399,4980712,4708420,4564971,4604532,4692429,4608407,4988107,5514270,5949976,6234994,6418753,6699647,6891139,7257704,7350250,7777655,8109201,8696978,9057476,9170242,8920714,8932927,9429763,9947134,10231177,10743714,11037595,11501412,10673592,11296552,11917793,12596646,12399926,12496839,12543836,12721782,13062638,13777765,13816616,13624048,15319122,16126165
 "18089","Lake, IN",3,CAINC4,36,"...","Less: Contributions for government social insurance 5/","Thousands of dollars",140087,141085,148261,171670,225105,260505,266285,300565,341841,398771,457200,442437,508409,492052,483262,501970,521801,514735,544059,623891,674555,729769,763821,776140,810107,866115,888972,932588,970396,1029029,1045128,1053841,1030772,1036580,1097803,1149609,1203245,1253398,1295963,1363265,1281424,1331281,1241687,1309395,1472933,1468578,1486316,1493668,1540361,1614433,1653072,1670319,1821739,1934922
 "18089","Lake, IN",3,CAINC4,37,"..."," Employee and self-employed contributions for government social insurance ","Thousands of dollars",71104,71381,75351,86079,111431,128052,129737,145459,163783,189399,220458,217569,253231,243097,235185,240094,257137,255480,272549,313178,343257,370912,389853,398224,415766,444010,457685,479544,494499,519632,537450,539015,533540,541667,571043,603244,628239,663076,690392,725611,680677,705309,577651,606564,774139,779616,788812,798386,830088,881507,901655,919131,1016019,1085063
 "18089","Lake, IN",3,CAINC4,38,"..."," Employer contributions for government social insurance ","Thousands of dollars",68983,69704,72910,85591,113674,132453,136548,155106,178058,209372,236742,224868,255178,248955,248077,261876,264664,259255,271510,310713,331298,358857,373968,377916,394341,422105,431287,453044,475897,509397,507678,514826,497232,494913,526760,546365,575006,590322,605571,637654,600747,625972,664036,702831,698794,688962,697504,695282,710273,732926,751417,751188,805720,849859
 "18089","Lake, IN",3,CAINC4,42,"...","Plus: Adjustment for residence 6/","Thousands of dollars",-101999,-75713,-53921,-59230,-72676,-86797,-87431,-116740,-165789,-223702,-280170,-233430,-214399,-119010,-68188,24922,61407,146746,143695,138702,115881,146827,107760,144430,252897,275879,492577,507394,495599,488474,684281,849901,970895,1043244,994760,1001126,1126088,1188489,1315042,1090268,1051033,850577,703160,470488,813556,845306,1160972,1371542,1555630,1616913,1930985,2066301,1928625,2280975
 "18089","Lake, IN",3,CAINC4,45,"...","Equals: Net earnings by place of residence ","Thousands of dollars",1794737,1843586,1884585,2067056,2293204,2519451,2607755,2917893,3287498,3674766,4029654,3980532,4257904,4097358,4013521,4127484,4232035,4240418,4587743,5029081,5391302,5652052,5762692,6067937,6333929,6667468,6953855,7352461,7634404,8156423,8696629,8966302,8860837,8939591,9326720,9798651,10154020,10678805,11056674,11228415,10443201,10815848,11379266,11757739,11740549,11873567,12218492,12599656,13077907,13780245,14094529,14020030,15426008,16472218
 "18089","Lake, IN",3,CAINC4,46,"...","Plus: Dividends, interest, and rent 7/","Thousands of dollars",194797,219499,241342,259732,290426,335879,376034,403166,442370,482676,532080,649732,797634,893242,943917,1031146,1090486,1106555,1098944,1194952,1337227,1393218,1389166,1386418,1451948,1540308,1691960,1776307,1952497,2074583,1988433,2136791,2084868,2014239,2035395,1904046,1939734,2133475,2342473,2505117,2269524,2175926,2373010,2526991,2502185,2636146,2811434,2806615,2838946,3005400,3094323,3112159,3216318,3438907
 "18089","Lake, IN",3,CAINC4,47,"...","Plus: Personal current transfer receipts ","Thousands of dollars",125131,150427,191083,210933,242975,284494,353528,377647,394802,433764,494338,627839,698644,783690,859414,924809,956904,1002361,1017905,1049441,1142741,1224549,1331537,1510303,1592838,1660273,1672692,1753980,1782610,1829264,1912188,2017901,2214192,2326147,2406111,2521852,2737108,2907518,3025172,3439713,3777510,3998853,3970814,4118204,4095030,4346518,4505954,4642728,4775275,4972473,5227988,6705749,7557884,6635755
 "18089","Lake, IN",3,CAINC4,50,"...","Wages and salaries ","Thousands of dollars",1719590,1739907,1753640,1924634,2160479,2395674,2429543,2738121,3099724,3520020,3905162,3796046,4056420,3783568,3634174,3652974,3724644,3626635,3883821,4307828,4603634,4847119,4974752,5053776,5209457,5491685,5636002,5937761,6244087,6642771,6663650,6818605,6823212,6780033,7143906,7440144,7656289,7921669,8233146,8642855,8002157,8308264,8811801,9392647,9272935,9217656,9318442,9374446,9661428,10044585,10253676,10026034,11068464,11926285
 "18089","Lake, IN",3,CAINC4,60,"...","Supplements to wages and salaries ","Thousands of dollars",216198,223865,228564,264305,299583,341151,391503,431415,506672,571829,643113,656819,717185,731182,724673,699975,710872,719213,810661,903612,999321,1056899,1119179,1275912,1291675,1364953,1290299,1310355,1387945,1443397,1496829,1578442,1538914,1549099,1661106,1717539,1810413,1922922,1977870,2078634,1911445,1998177,2057999,2183453,2157390,2255677,2195469,2240643,2263921,2397214,2410055,2366646,2443490,2524297
 "18089","Lake, IN",3,CAINC4,61,"..."," Employer contributions for employee pension and insurance funds 8/","Thousands of dollars",147215,154161,155654,178714,185909,208698,254955,276309,328614,362457,406371,431951,462007,482227,476596,438099,446208,459958,539151,592899,668023,698042,745211,897996,897334,942848,859012,857311,912048,934000,989151,1063616,1041682,1054186,1134346,1171174,1235407,1332600,1372299,1440980,1310698,1372205,1393963,1480622,1458596,1566715,1497965,1545361,1553648,1664288,1658638,1615458,1637770,1674438
 "18089","Lake, IN",3,CAINC4,62,"..."," Employer contributions for government social insurance ","Thousands of dollars",68983,69704,72910,85591,113674,132453,136548,155106,178058,209372,236742,224868,255178,248955,248077,261876,264664,259255,271510,310713,331298,358857,373968,377916,394341,422105,431287,453044,475897,509397,507678,514826,497232,494913,526760,546365,575006,590322,605571,637654,600747,625972,664036,702831,698794,688962,697504,695282,710273,732926,751417,751188,805720,849859
 "18089","Lake, IN",3,CAINC4,70,"...","Proprietors' income 9/","Thousands of dollars",101035,96612,104563,109017,130923,129928,140425,165662,188732,205390,218749,203534,207107,193670,206124,251583,256913,262559,293625,302830,347021,330976,324822,369959,390007,401066,423949,529539,477169,610810,896997,773195,558588,603795,624751,789451,764475,899123,826579,779923,759990,990111,1047993,1020546,969601,1023506,1029925,1106693,1137289,1335966,1152885,1231368,1807168,1675583
 "18089","Lake, IN",3,CAINC4,71,"..."," Farm proprietors' income ","Thousands of dollars",3205,1340,3113,1281,7246,2484,7423,9156,6919,9483,11433,5692,6621,6723,-315,9537,7976,4117,6188,-1460,8300,4661,-6591,4125,2468,5475,1554,4254,11365,10234,5832,4268,5423,1993,5781,12919,5568,6804,10797,14099,1995,-1461,9961,16578,49411,23331,6162,8558,245,656,3259,11944,19086,15385
 "18089","Lake, IN",3,CAINC4,72,"..."," Nonfarm proprietors' income ","Thousands of dollars",97830,95272,101450,107736,123677,127444,133002,156506,181813,195907,207316,197842,200486,186947,206439,242046,248937,258442,287437,304290,338721,326315,331413,365834,387539,395591,422395,525285,465804,600576,891165,768927,553165,601802,618970,776532,758907,892319,815782,765824,757995,991572,1038032,1003968,920190,1000175,1023763,1098135,1137044,1335310,1149626,1219424,1788082,1660198
 "18089","Lake, IN",3,CAINC4,7010,"...","Total employment ","Number of jobs",232118,230297,222807,224162,234571,237946,229074,234543,243140,249418,255007,239687,233668,218113,209471,206431,205212,200244,208230,219405,225009,229195,229072,225911,227634,229920,230997,235144,241123,244047,245524,242902,239993,235501,237858,238475,242114,244626,248619,247704,238189,236304,241757,244118,242916,242199,242920,243612,245569,247718,247499,237805,247476,257144
 "18089","Lake, IN",3,CAINC4,7020,"..."," Wage and salary employment ","Number of jobs",216579,214448,206767,207068,216849,220013,211138,216424,224720,231178,236672,220896,214896,198978,189864,186650,185157,180154,187946,198130,203936,206946,206460,203344,204495,206264,205967,209514,215037,217740,218794,214925,211089,206039,207728,206498,207567,208666,209599,208945,198419,196647,199591,202899,201640,199638,199586,200760,201950,202492,203321,190069,194662,200724
 "18089","Lake, IN",3,CAINC4,7040,"..."," Proprietors employment ","Number of jobs",15539,15849,16040,17094,17722,17933,17936,18119,18420,18240,18335,18791,18772,19135,19607,19781,20055,20090,20284,21275,21073,22249,22612,22567,23139,23656,25030,25630,26086,26307,26730,27977,28904,29462,30130,31977,34547,35960,39020,38759,39770,39657,42166,41219,41276,42561,43334,42852,43619,45226,44178,47736,52814,56420
 "18091","LaPorte, IN",3,CAINC4,10,"...","Personal income (thousands of dollars) ","Thousands of dollars",390305,405753,430233,472811,539615,588706,640124,706083,783754,889401,980689,1062854,1153295,1165358,1181509,1276027,1334552,1388251,1462539,1564484,1705269,1778428,1818156,1956071,2028405,2132943,2225093,2327193,2465392,2591524,2617574,2772164,2842732,2886660,2968025,3033914,3140806,3305548,3452769,3649785,3454449,3572824,3799757,3993382,4028068,4110092,4174462,4292650,4424111,4611182,4707917,5050741,5528009,5582895
 "18091","LaPorte, IN",3,CAINC4,11,"..."," Nonfarm personal income 1/","Thousands of dollars",382717,400086,419773,465737,523378,580415,623196,690087,774989,875574,971002,1058213,1147575,1164635,1190025,1266049,1326084,1380656,1448611,1559707,1683172,1757750,1815526,1937082,2014549,2114125,2211537,2305192,2441681,2572922,2608515,2759103,2823576,2876275,2945376,2993368,3119138,3280224,3427516,3619839,3440169,3541010,3749539,3939475,3908180,4038485,4148528,4253497,4395460,4587098,4686687,5001387,5459300,5520099
 "18091","LaPorte, IN",3,CAINC4,12,"..."," Farm income 2/","Thousands of dollars",7588,5667,10460,7074,16237,8291,16928,15996,8765,13827,9687,4641,5720,723,-8516,9978,8468,7595,13928,4777,22097,20678,2630,18989,13856,18818,13556,22001,23711,18602,9059,13061,19156,10385,22649,40546,21668,25324,25253,29946,14280,31814,50218,53907,119888,71607,25934,39153,28651,24084,21230,49354,68709,62796
 "18091","LaPorte, IN",3,CAINC4,20,"...","Population (persons) 3/","Number of persons",104429,105461,106310,106744,107134,107180,107353,107604,108496,108807,109142,108657,108515,108140,107230,106976,106680,105696,105806,105941,106502,107257,108151,108928,109461,109620,109571,109783,109774,109954,110028,110121,110077,109555,109027,108914,109541,109641,110846,111267,111465,111523,111650,111902,112292,112877,112237,111937,111815,112250,112414,112276,112486,111675
 "18091","LaPorte, IN",3,CAINC4,30,"...","Per capita personal income (dollars) 4/","Dollars",3738,3847,4047,4429,5037,5493,5963,6562,7224,8174,8985,9782,10628,10776,11018,11928,12510,13134,13823,14768,16012,16581,16811,17957,18531,19458,20307,21198,22459,23569,23790,25174,25825,26349,27223,27856,28672,30149,31149,32802,30991,32037,34033,35686,35871,36412,37193,38349,39566,41080,41880,44985,49144,49992
 "18091","LaPorte, IN",3,CAINC4,35,"...","Earnings by place of work ","Thousands of dollars",320396,325527,337223,369956,420324,445093,462003,509234,560654,638114,688475,723712,757235,749343,758230,830384,879414,925051,996016,1079764,1162077,1214893,1239913,1339334,1388990,1465324,1507814,1555186,1656904,1758969,1799087,1909900,1940910,1958125,1968475,2051358,2105798,2175241,2244498,2277913,2148605,2194423,2290359,2359780,2444741,2462739,2423332,2463533,2503018,2597743,2584513,2647968,2876740,2991981
 "18091","LaPorte, IN",3,CAINC4,36,"...","Less: Contributions for government social insurance 5/","Thousands of dollars",22102,22456,23782,27838,35558,40261,40208,45038,50054,58176,65577,69332,77837,79295,81529,89348,96368,102005,107304,123643,131127,139609,146180,154983,162404,172869,179301,182094,192651,200631,206167,216581,220586,225364,226940,236104,248550,256478,266812,272192,260421,260177,239064,243383,279392,286425,288776,290850,299175,311935,319215,331980,354148,374692
 "18091","LaPorte, IN",3,CAINC4,37,"..."," Employee and self-employed contributions for government social insurance ","Thousands of dollars",11329,11501,12200,14022,17756,20118,20364,22229,24492,28222,32094,34409,39079,39959,40539,43600,48372,51340,54536,62381,67327,72003,75844,80192,84495,90424,94570,95868,101802,105359,107566,112468,114817,117830,118192,122981,128916,134941,141214,144669,139059,138476,112750,115305,149042,153367,155066,157608,163354,172540,176134,186219,200476,213525
 "18091","LaPorte, IN",3,CAINC4,38,"..."," Employer contributions for government social insurance ","Thousands of dollars",10773,10955,11582,13816,17802,20143,19844,22809,25562,29954,33483,34923,38758,39336,40990,45748,47996,50665,52768,61262,63800,67606,70336,74791,77909,82445,84731,86226,90849,95272,98601,104113,105769,107534,108748,113123,119634,121537,125598,127523,121362,121701,126314,128078,130350,133058,133710,133242,135821,139395,143081,145761,153672,161167
 "18091","LaPorte, IN",3,CAINC4,42,"...","Plus: Adjustment for residence 6/","Thousands of dollars",19506,20794,24105,31250,40068,50675,59369,71727,88834,106904,128351,126985,135856,125490,108903,111613,111823,103385,108724,113211,119488,119409,118611,126091,128006,142006,144695,154641,154283,164043,163766,156338,171118,191571,225802,225436,260518,296171,316575,340268,242039,294357,347560,383838,389094,379320,444196,476369,512617,522624,588597,525779,570349,670563
 "18091","LaPorte, IN",3,CAINC4,45,"...","Equals: Net earnings by place of residence ","Thousands of dollars",317800,323865,337546,373368,424834,455507,481164,535923,599434,686842,751249,781365,815254,795538,785604,852649,894869,926431,997436,1069332,1150438,1194693,1212344,1310442,1354592,1434461,1473208,1527733,1618536,1722381,1756686,1849657,1891442,1924332,1967337,2040690,2117766,2214934,2294261,2345989,2130223,2228603,2398855,2500235,2554443,2555634,2578752,2649052,2716460,2808432,2853895,2841767,3092941,3287852
 "18091","LaPorte, IN",3,CAINC4,46,"...","Plus: Dividends, interest, and rent 7/","Thousands of dollars",47222,52362,57107,61092,70270,81867,91172,98545,110281,121496,135847,166784,203993,216469,226401,251421,260553,269651,267914,289872,333449,345227,347170,348895,358009,373466,421014,448289,485347,498480,476515,516620,506684,490358,510332,475172,460239,488881,527319,582069,520998,488167,553445,621128,589443,612735,621503,643394,677374,727454,700527,723767,758170,812727
 "18091","LaPorte, IN",3,CAINC4,47,"...","Plus: Personal current transfer receipts ","Thousands of dollars",25283,29526,35580,38351,44511,51332,67788,71615,74039,81063,93593,114705,134048,153351,169504,171957,179130,192169,197189,205280,221382,238508,258642,296734,315804,325016,330871,351171,361509,370663,384373,405887,444606,471970,490356,518052,562801,601733,631189,721727,803228,856054,847457,872019,884182,941723,974207,1000204,1030277,1075296,1153495,1485207,1676898,1482316
 "18091","LaPorte, IN",3,CAINC4,50,"...","Wages and salaries ","Thousands of dollars",256645,264148,268005,295994,327934,355418,357692,393291,437536,494879,540563,575072,600627,596377,602757,640882,678073,710387,755781,827578,871712,910615,941401,993961,1029776,1085887,1127940,1160905,1227416,1284947,1329877,1407626,1436400,1447960,1445940,1496836,1544294,1577050,1636646,1664202,1569276,1563632,1608193,1642835,1666192,1697705,1714799,1733658,1780534,1853798,1885362,1902121,2064587,2187286
 "18091","LaPorte, IN",3,CAINC4,60,"...","Supplements to wages and salaries ","Thousands of dollars",28595,29852,31016,36797,41979,46365,49728,55484,64721,75202,84004,92669,99910,104799,110645,119274,131303,143837,155318,174719,191437,203257,217856,244209,254479,264919,259942,259976,267787,281911,300833,329159,336573,341308,353328,365940,388699,399176,414771,424429,387958,396044,401833,413415,407041,437519,423303,431915,439317,467774,467147,468215,477023,490180
 "18091","LaPorte, IN",3,CAINC4,61,"..."," Employer contributions for employee pension and insurance funds 8/","Thousands of dollars",17822,18897,19434,22981,24177,26222,29884,32675,39159,45248,50521,57746,61152,65463,69655,73526,83307,93172,102550,113457,127637,135651,147520,169418,176570,182474,175211,173750,176938,186639,202232,225046,230804,233774,244580,252817,269065,277639,289173,296906,266596,274343,275519,285337,276691,304461,289593,298673,303496,328379,324066,322454,323351,329013
 "18091","LaPorte, IN",3,CAINC4,62,"..."," Employer contributions for government social insurance ","Thousands of dollars",10773,10955,11582,13816,17802,20143,19844,22809,25562,29954,33483,34923,38758,39336,40990,45748,47996,50665,52768,61262,63800,67606,70336,74791,77909,82445,84731,86226,90849,95272,98601,104113,105769,107534,108748,113123,119634,121537,125598,127523,121362,121701,126314,128078,130350,133058,133710,133242,135821,139395,143081,145761,153672,161167
 "18091","LaPorte, IN",3,CAINC4,70,"...","Proprietors' income 9/","Thousands of dollars",35156,31527,38202,37165,50411,43310,54583,60459,58397,68033,63908,55971,56698,48167,44828,70228,70038,70827,84917,77467,98928,101021,80656,101164,104735,114518,119932,134305,161701,192111,168377,173115,167937,168857,169207,188582,172805,199015,193081,189282,191371,234747,280333,303530,371508,327515,285230,297960,283167,276171,232004,277632,335130,314515
 "18091","LaPorte, IN",3,CAINC4,71,"..."," Farm proprietors' income ","Thousands of dollars",5754,3749,8515,5046,13819,5277,13869,12730,5377,11328,6811,1496,2485,-3105,-12091,6499,5019,4399,10772,987,17803,15456,-2590,13255,7966,13519,8712,17624,19108,13404,4288,8467,14240,5957,16806,33166,13823,17181,14803,21188,5270,22999,42414,45029,110685,61952,18009,31028,18829,13269,12763,40328,60709,53766
 "18091","LaPorte, IN",3,CAINC4,72,"..."," Nonfarm proprietors' income ","Thousands of dollars",29402,27778,29687,32119,36592,38033,40714,47729,53020,56705,57097,54475,54213,51272,56919,63729,65019,66428,74145,76480,81125,85565,83246,87909,96769,100999,111220,116681,142593,178707,164089,164648,153697,162900,152401,155416,158982,181834,178278,168094,186101,211748,237919,258501,260823,265563,267221,266932,264338,262902,219241,237304,274421,260749
 "18091","LaPorte, IN",3,CAINC4,7010,"...","Total employment ","Number of jobs",45962,45672,44103,45366,47958,48730,46388,47203,48332,50502,50703,49332,48011,46152,45219,46096,47280,48106,49835,51945,53294,53683,53728,53920,54837,55637,57043,56722,57371,58248,58957,59904,58597,57873,56936,56940,57596,57499,57995,57095,54442,53241,53919,53671,53437,53506,53301,53133,53194,53329,53240,51421,52792,54682
 "18091","LaPorte, IN",3,CAINC4,7020,"..."," Wage and salary employment ","Number of jobs",40585,40261,38723,39808,42180,42870,40460,41250,42277,44438,44648,43178,41883,39832,38782,39566,40609,41370,42951,45024,46400,46425,46261,46454,47366,48161,49149,48865,49667,50056,50252,50869,50536,49969,48629,48349,48704,48553,48499,47804,45205,44014,44090,44099,43636,43682,43484,43374,43337,43455,43485,41041,41726,42910
 "18091","LaPorte, IN",3,CAINC4,7040,"..."," Proprietors employment ","Number of jobs",5377,5411,5380,5558,5778,5860,5928,5953,6055,6064,6055,6154,6128,6320,6437,6530,6671,6736,6884,6921,6894,7258,7467,7466,7471,7476,7894,7857,7704,8192,8705,9035,8061,7904,8307,8591,8892,8946,9496,9291,9237,9227,9829,9572,9801,9824,9817,9759,9857,9874,9755,10380,11066,11772
 "18093","Lawrence, IN",3,CAINC4,10,"...","Personal income (thousands of dollars) ","Thousands of dollars",133874,132371,149910,170565,188589,195309,214646,238929,260812,291211,326297,356985,389628,399445,422989,473338,498974,527117,552618,590471,634291,658246,694495,749731,791038,847332,887169,924467,982477,1021632,1043719,1116048,1117686,1138951,1169440,1214561,1247055,1315734,1364896,1420618,1372302,1422558,1489867,1533779,1526714,1599469,1649250,1704332,1762521,1845939,1929431,2103020,2321905,2366223
 "18093","Lawrence, IN",3,CAINC4,11,"..."," Nonfarm personal income 1/","Thousands of dollars",131583,130424,147736,167542,182962,191554,210249,233324,257217,289650,324463,357614,390187,397685,427468,470629,498793,527696,551842,591949,631699,657202,694344,747797,790023,846991,889622,924706,981472,1022208,1046436,1115575,1117342,1142054,1166392,1208405,1244174,1313260,1362134,1414608,1369071,1419619,1480934,1530854,1513520,1591911,1647679,1701002,1757309,1841585,1925435,2094266,2307935,2351342
 "18093","Lawrence, IN",3,CAINC4,12,"..."," Farm income 2/","Thousands of dollars",2291,1947,2174,3023,5627,3755,4397,5605,3595,1561,1834,-629,-559,1760,-4479,2709,181,-579,776,-1478,2592,1044,151,1934,1015,341,-2453,-239,1005,-576,-2717,473,344,-3103,3048,6156,2881,2474,2762,6010,3231,2939,8933,2925,13194,7558,1571,3330,5212,4354,3996,8754,13970,14881
 "18093","Lawrence, IN",3,CAINC4,20,"...","Population (persons) 3/","Number of persons",37944,38258,39378,39887,40528,41122,41092,41398,41572,41912,42259,42429,42161,41832,41840,41935,41942,41952,41910,42062,42568,42934,43060,43364,43914,44450,45045,45352,45575,45828,45840,45915,45965,46039,46178,46106,46233,46165,46300,46233,46138,46094,46089,46022,45757,45467,45341,45287,45278,45328,45014,45012,45045,45222
 "18093","Lawrence, IN",3,CAINC4,30,"...","Per capita personal income (dollars) 4/","Dollars",3528,3460,3807,4276,4653,4750,5224,5772,6274,6948,7721,8414,9241,9549,10110,11287,11897,12565,13186,14038,14901,15332,16129,17289,18013,19063,19695,20384,21557,22293,22769,24307,24316,24739,25325,26343,26973,28501,29479,30727,29743,30862,32326,33327,33366,35179,36374,37634,38927,40724,42863,46721,51546,52325
 "18093","Lawrence, IN",3,CAINC4,35,"...","Earnings by place of work ","Thousands of dollars",88457,81723,92051,104601,118689,119031,128696,150778,167547,191895,220948,225506,230201,221094,234686,273378,294637,316377,340163,370679,393576,397493,419587,450252,490572,540160,559440,561824,602823,608836,620701,661345,629673,651791,656091,662021,666120,698766,691869,674248,590485,617826,652149,660033,674010,684406,708304,735432,771618,825012,851796,874082,923909,953809
 "18093","Lawrence, IN",3,CAINC4,36,"...","Less: Contributions for government social insurance 5/","Thousands of dollars",5782,5416,6292,7504,9590,10315,11039,12839,14449,17307,20665,21271,23336,22780,24963,28745,31862,34456,36130,40863,43317,45185,48798,51074,56628,62289,65442,64949,68702,68397,69114,72263,72502,75497,75914,76863,79166,84029,84270,83107,75340,77554,72682,73977,84645,86468,90763,93840,98401,105637,109854,114877,120022,125457
 "18093","Lawrence, IN",3,CAINC4,37,"..."," Employee and self-employed contributions for government social insurance ","Thousands of dollars",3133,2929,3398,3975,5010,5429,5767,6598,7321,8647,10352,10804,11988,11772,12651,14433,16470,17825,18973,21541,23302,24230,26182,27472,30374,34045,36154,35882,38164,37674,38251,39959,38601,40640,40947,41738,43171,46117,46668,46352,42309,43709,36820,37327,47186,48488,50728,52953,56066,60875,63489,67401,70729,74958
 "18093","Lawrence, IN",3,CAINC4,38,"..."," Employer contributions for government social insurance ","Thousands of dollars",2649,2487,2894,3529,4580,4886,5272,6241,7128,8660,10313,10467,11348,11008,12312,14312,15392,16631,17157,19322,20015,20955,22616,23602,26254,28244,29288,29067,30538,30723,30863,32304,33901,34857,34967,35125,35995,37912,37602,36755,33031,33845,35862,36650,37459,37980,40035,40887,42335,44762,46365,47476,49293,50499
 "18093","Lawrence, IN",3,CAINC4,42,"...","Plus: Adjustment for residence 6/","Thousands of dollars",24830,25156,28350,32520,32661,32111,30939,32590,34146,35337,35037,39724,49588,51002,54881,60595,59351,61191,64010,66658,72676,78349,86963,97156,94631,97329,106203,117852,126412,140332,153292,168201,172883,176624,199705,221885,230607,243216,261899,273093,276441,294464,318286,323116,318331,337144,351007,362176,374097,382854,415172,431116,489059,557639
 "18093","Lawrence, IN",3,CAINC4,45,"...","Equals: Net earnings by place of residence ","Thousands of dollars",107505,101463,114109,129617,141760,140827,148596,170529,187244,209925,235320,243959,256453,249316,264604,305228,322126,343112,368043,396474,422935,430657,457752,496334,528575,575200,600201,614727,660533,680771,704879,757283,730054,752918,779882,807043,817561,857953,869498,864234,791586,834736,897753,909172,907696,935082,968548,1003768,1047314,1102229,1157114,1190321,1292946,1385991
 "18093","Lawrence, IN",3,CAINC4,46,"...","Plus: Dividends, interest, and rent 7/","Thousands of dollars",15516,17686,20368,22871,25816,29208,32269,35121,39985,43543,48492,61441,74678,84219,89457,96180,101197,103571,102284,107768,119517,125890,125834,127876,127773,133580,145670,154771,164476,174679,167894,175623,183854,170074,166703,169811,171355,180545,205952,223146,211317,203669,209304,222085,213422,232379,232815,240135,236934,247349,253508,266992,292454,311993
 "18093","Lawrence, IN",3,CAINC4,47,"...","Plus: Personal current transfer receipts ","Thousands of dollars",10853,13222,15433,18077,21013,25274,33781,33279,33583,37743,42485,51585,58497,65910,68928,71930,75651,80434,82291,86229,91839,101699,110909,125521,134690,138552,141298,154969,157468,166182,170946,183142,203778,215959,222855,237707,258139,277236,289446,333238,369399,384153,382810,402522,405596,432008,447887,460429,478273,496361,518809,645707,736505,668239
 "18093","Lawrence, IN",3,CAINC4,50,"...","Wages and salaries ","Thousands of dollars",66067,61889,69763,79102,87506,88458,94796,110924,125241,145839,169643,174562,177933,167165,180268,202151,219146,232273,245117,267633,279689,285058,302556,316002,345651,386145,411994,413348,439171,445722,452445,475403,463598,479634,476579,480939,483656,507126,504076,490517,426999,441356,461275,468600,474560,485987,515909,537539,566398,604375,628085,636699,671970,705556
 "18093","Lawrence, IN",3,CAINC4,60,"...","Supplements to wages and salaries ","Thousands of dollars",7970,7493,8847,10594,11996,12432,14740,17258,20319,24001,29128,31563,32985,32500,36845,40665,45085,50756,55504,63111,66854,68320,74815,87727,94622,102407,96183,91983,96501,96791,101586,110036,109808,115214,118144,119710,124808,130086,130682,128189,107922,111714,115076,118723,118337,126165,127296,133548,139675,152706,152436,153175,155672,155338
 "18093","Lawrence, IN",3,CAINC4,61,"..."," Employer contributions for employee pension and insurance funds 8/","Thousands of dollars",5321,5006,5953,7065,7416,7546,9468,11017,13191,15341,18815,21096,21637,21492,24533,26353,29693,34125,38347,43789,46839,47365,52199,64125,68368,74163,66895,62916,65963,66068,70723,77732,75907,80357,83177,84585,88813,92174,93080,91434,74891,77869,79214,82073,80878,88185,87261,92661,97340,107944,106071,105699,106379,104839
 "18093","Lawrence, IN",3,CAINC4,62,"..."," Employer contributions for government social insurance ","Thousands of dollars",2649,2487,2894,3529,4580,4886,5272,6241,7128,8660,10313,10467,11348,11008,12312,14312,15392,16631,17157,19322,20015,20955,22616,23602,26254,28244,29288,29067,30538,30723,30863,32304,33901,34857,34967,35125,35995,37912,37602,36755,33031,33845,35862,36650,37459,37980,40035,40887,42335,44762,46365,47476,49293,50499
 "18093","Lawrence, IN",3,CAINC4,70,"...","Proprietors' income 9/","Thousands of dollars",14420,12341,13441,14905,19187,18141,19160,22596,21987,22055,22177,19381,19283,21429,17573,30562,30406,33348,39542,39935,47033,44115,42216,46523,50299,51608,51263,56493,67151,66323,66670,75906,56267,56943,61368,61372,57656,61554,57111,55542,55564,64756,75798,72710,81113,72254,65099,64345,65545,67931,71275,84208,96267,92915
 "18093","Lawrence, IN",3,CAINC4,71,"..."," Farm proprietors' income ","Thousands of dollars",1900,1540,1762,2595,5135,3135,3692,4778,2657,782,1074,-1344,-1193,1107,-5149,2003,-559,-1308,20,-2264,1790,164,-661,1117,135,-510,-3301,-1069,103,-1645,-3757,-591,-835,-4219,1900,5003,1887,1632,1887,5112,2145,1724,7725,1393,11607,5892,206,1930,3512,2487,2543,7202,12593,13320
 "18093","Lawrence, IN",3,CAINC4,72,"..."," Nonfarm proprietors' income ","Thousands of dollars",12520,10801,11679,12310,14052,15006,15468,17818,19330,21273,21103,20725,20476,20322,22722,28559,30965,34656,39522,42199,45243,43951,42877,45406,50164,52118,54564,57562,67048,67968,70427,76497,57102,61162,59468,56369,55769,59922,55224,50430,53419,63032,68073,71317,69506,66362,64893,62415,62033,65444,68732,77006,83674,79595
 "18093","Lawrence, IN",3,CAINC4,7010,"...","Total employment ","Number of jobs",13228,12438,13042,13731,14353,14089,13915,14616,15016,15929,16786,16288,15598,14887,14965,15570,16027,16390,17390,18018,18629,18706,18641,19090,19878,20871,22226,22079,22526,22140,21891,22063,21311,20821,20395,20253,20271,20603,20304,19466,18189,18072,18448,18471,18746,18726,18812,18819,19376,19715,19563,19054,19617,19768
 "18093","Lawrence, IN",3,CAINC4,7020,"..."," Wage and salary employment ","Number of jobs",10832,9937,10414,10937,11391,11026,10730,11354,11716,12611,13367,12738,12079,11291,11337,11846,12172,12473,13339,13917,14575,14503,14415,14664,15458,16156,17135,16845,17276,16823,16655,16709,16255,15900,15503,15415,15301,15542,15126,14479,13217,13296,13574,13676,13971,13839,13965,14246,14617,14950,14958,14147,14528,14386
 "18093","Lawrence, IN",3,CAINC4,7040,"..."," Proprietors employment ","Number of jobs",2396,2501,2628,2794,2962,3063,3185,3262,3300,3318,3419,3550,3519,3596,3628,3724,3855,3917,4051,4101,4054,4203,4226,4426,4420,4715,5091,5234,5250,5317,5236,5354,5056,4921,4892,4838,4970,5061,5178,4987,4972,4776,4874,4795,4775,4887,4847,4573,4759,4765,4605,4907,5089,5382
 "18095","Madison, IN",3,CAINC4,10,"...","Personal income (thousands of dollars) ","Thousands of dollars",503569,500203,575492,624893,731284,763151,819469,923630,1022963,1114226,1198459,1278527,1369563,1352598,1460051,1654152,1736009,1786916,1794487,1944496,2110780,2136199,2211586,2323997,2446598,2662065,2778278,2859559,2978732,3084912,3188773,3390016,3448539,3497132,3532949,3552916,3591279,3730058,3814559,3849537,3752804,3808271,3936184,4108376,4175201,4301135,4417514,4535504,4677723,4862197,5037033,5494472,6035585,6121584
 "18095","Madison, IN",3,CAINC4,11,"..."," Nonfarm personal income 1/","Thousands of dollars",495509,494891,566280,619142,712611,751864,800782,907087,1011446,1098742,1184870,1268110,1362444,1346865,1459446,1638671,1721089,1777288,1780236,1938641,2095936,2123197,2205887,2313285,2431132,2648916,2775082,2841762,2959929,3071819,3180189,3376233,3428897,3487438,3516398,3523966,3574611,3714783,3792903,3810156,3722742,3779861,3884853,4071031,4090576,4257018,4410101,4514182,4668761,4849306,5026974,5469635,5997752,6091592
 "18095","Madison, IN",3,CAINC4,12,"..."," Farm income 2/","Thousands of dollars",8060,5312,9212,5751,18673,11287,18687,16543,11517,15484,13589,10417,7119,5733,605,15481,14920,9628,14251,5855,14844,13002,5699,10712,15466,13149,3196,17797,18803,13093,8584,13783,19642,9694,16551,28950,16668,15275,21656,39381,30062,28410,51331,37345,84625,44117,7413,21322,8962,12891,10059,24837,37833,29992
 "18095","Madison, IN",3,CAINC4,20,"...","Population (persons) 3/","Number of persons",137370,139034,141493,141972,140949,140694,139552,140034,139414,139530,139163,138818,136436,134754,133763,133000,132650,132091,131268,130707,130372,130922,131776,131988,132610,133554,133759,133945,133762,133208,133334,133213,132920,132433,131740,131366,130871,131240,131203,131537,131599,131632,131070,130319,130479,129966,129673,129643,129791,129878,129826,130195,130979,131744
 "18095","Madison, IN",3,CAINC4,30,"...","Per capita personal income (dollars) 4/","Dollars",3666,3598,4067,4402,5188,5424,5872,6596,7338,7986,8612,9210,10038,10038,10915,12437,13087,13528,13670,14877,16190,16317,16783,17608,18450,19932,20771,21349,22269,23159,23916,25448,25944,26407,26818,27046,27441,28422,29074,29266,28517,28931,30031,31526,31999,33094,34067,34985,36040,37437,38798,42202,46081,46466
 "18095","Madison, IN",3,CAINC4,35,"...","Earnings by place of work ","Thousands of dollars",468208,444208,516667,561009,670769,674286,690630,796692,881833,956819,1004722,950721,1019395,961281,1060197,1245280,1321268,1351212,1344114,1478557,1608596,1601187,1594639,1650305,1696743,1879602,1920667,1915354,1928791,1940651,1969987,2014474,1999236,2037156,2032545,2051827,2018807,2023393,1974048,1919263,1893636,1942601,2018276,2073276,2090779,2115655,2149286,2228424,2300644,2419924,2465353,2556656,2699811,2776748
 "18095","Madison, IN",3,CAINC4,36,"...","Less: Contributions for government social insurance 5/","Thousands of dollars",32852,30634,37013,43304,59314,62085,61624,73245,82149,91489,99311,93315,107987,103854,115616,138087,148274,151674,148186,168517,181942,188609,190438,194931,202864,225569,232177,228470,228161,227616,230338,231510,228421,235328,236213,238546,241963,245465,241352,237339,237017,239427,220170,226200,253062,261044,270376,278296,289957,304867,314176,333134,346250,360493
 "18095","Madison, IN",3,CAINC4,37,"..."," Employee and self-employed contributions for government social insurance ","Thousands of dollars",16423,15618,18693,21179,28640,30510,30576,35051,38677,42672,47138,45503,53256,51732,56756,66072,73161,75778,74731,85977,94814,96685,98609,101013,104819,117973,122321,119856,120709,118970,120674,121722,121403,125689,125803,128115,130216,133518,132961,131077,131439,133066,110152,113041,141501,145816,151399,156857,164966,175911,181319,192149,201511,213267
 "18095","Madison, IN",3,CAINC4,38,"..."," Employer contributions for government social insurance ","Thousands of dollars",16429,15016,18320,22125,30674,31575,31048,38194,43472,48817,52173,47812,54731,52122,58860,72015,75113,75896,73455,82540,87128,91924,91829,93918,98045,107596,109856,108614,107452,108646,109664,109788,107018,109639,110410,110431,111747,111947,108391,106262,105578,106361,110018,113159,111561,115228,118977,121439,124991,128956,132857,140985,144739,147226
 "18095","Madison, IN",3,CAINC4,42,"...","Plus: Adjustment for residence 6/","Thousands of dollars",-26504,-21721,-26069,-24339,-30284,-24466,-19952,-21410,-19625,-15259,-6639,12564,8829,14475,6404,-7261,-8567,-5746,4955,923,-5500,-3598,70954,87853,142820,159806,173732,224119,297215,350892,428838,521357,548053,545538,557550,569886,591943,632333,663607,630640,517539,486290,494358,544147,605335,618062,637540,665449,685242,693829,776060,758934,890517,1081016
 "18095","Madison, IN",3,CAINC4,45,"...","Equals: Net earnings by place of residence ","Thousands of dollars",408852,391853,453585,493366,581171,587735,609054,702037,780059,850071,898772,869970,920237,871902,950985,1099932,1164427,1193792,1200883,1310963,1421154,1408980,1475155,1543227,1636699,1813839,1862222,1911003,1997845,2063927,2168487,2304321,2318868,2347366,2353882,2383167,2368787,2410261,2396303,2312564,2174158,2189464,2292464,2391223,2443052,2472673,2516450,2615577,2695929,2808886,2927237,2982456,3244078,3497271
 "18095","Madison, IN",3,CAINC4,46,"...","Plus: Dividends, interest, and rent 7/","Thousands of dollars",60699,67695,74694,79997,89920,102651,114218,124657,141085,152202,167491,208634,255501,268740,285713,316039,328400,337077,331949,354028,388143,404036,378160,377792,381419,403204,465609,472808,492983,521831,499498,530492,519881,501818,505100,456268,449159,494669,547200,556279,508457,485078,506993,536254,529008,553651,578655,568783,596918,623821,620494,650514,680131,728546
 "18095","Madison, IN",3,CAINC4,47,"...","Plus: Personal current transfer receipts ","Thousands of dollars",34018,40655,47213,51530,60193,72765,96197,96936,101819,111953,132196,199923,193825,211956,223353,238181,243182,256047,261655,279505,301483,323183,358271,402978,428480,445022,450447,475748,487904,499154,520788,555203,609790,647948,673967,713481,773333,825128,871056,980694,1070189,1133729,1136727,1180899,1203141,1274811,1322409,1351144,1384876,1429490,1489302,1861502,2111376,1895767
 "18095","Madison, IN",3,CAINC4,50,"...","Wages and salaries ","Thousands of dollars",391355,372223,430332,466779,550309,556440,555720,642766,714507,772035,811694,765338,827510,778027,857524,994986,1054994,1078327,1061114,1173303,1258602,1252095,1237607,1264808,1292555,1442757,1474361,1453790,1453384,1469206,1498423,1514636,1483805,1507425,1495316,1497558,1472005,1472707,1445392,1395499,1378027,1391256,1428813,1469095,1445333,1488399,1561784,1614485,1686448,1765115,1798158,1848995,1951076,2041099
 "18095","Madison, IN",3,CAINC4,60,"...","Supplements to wages and salaries ","Thousands of dollars",40127,39070,46836,55002,66403,69332,76335,90024,103587,113253,120808,115849,128162,124537,143674,167409,183453,193841,195974,216900,241682,252834,264883,285263,294830,321576,321058,311097,304810,308448,320509,337235,339242,351047,359910,360817,366369,366279,356060,351189,335847,348105,345044,357768,348835,379337,375638,392068,403028,433213,434683,442165,446620,447599
 "18095","Madison, IN",3,CAINC4,61,"..."," Employer contributions for employee pension and insurance funds 8/","Thousands of dollars",23698,24054,28516,32877,35729,37757,45287,51830,60115,64436,68635,68037,73431,72415,84814,95394,108340,117945,122519,134360,154554,160910,173054,191345,196785,213980,211202,202483,197358,199802,210845,227447,232224,241408,249500,250386,254622,254332,247669,244927,230269,241744,235026,244609,237274,264109,256661,270629,278037,304257,301826,301180,301881,300373
 "18095","Madison, IN",3,CAINC4,62,"..."," Employer contributions for government social insurance ","Thousands of dollars",16429,15016,18320,22125,30674,31575,31048,38194,43472,48817,52173,47812,54731,52122,58860,72015,75113,75896,73455,82540,87128,91924,91829,93918,98045,107596,109856,108614,107452,108646,109664,109788,107018,109639,110410,110431,111747,111947,108391,106262,105578,106361,110018,113159,111561,115228,118977,121439,124991,128956,132857,140985,144739,147226
 "18095","Madison, IN",3,CAINC4,70,"...","Proprietors' income 9/","Thousands of dollars",36726,32915,39499,39228,54057,48514,58575,63902,63739,71531,72220,69534,63723,58717,58999,82885,82821,79044,87026,88354,108312,96258,92149,100234,109358,115269,125248,150467,170597,162997,151055,162603,176189,178684,177319,193452,180433,184407,172596,172575,179762,203240,244419,246413,296611,247919,211864,221871,211168,221596,232512,265496,302115,288050
 "18095","Madison, IN",3,CAINC4,71,"..."," Farm proprietors' income ","Thousands of dollars",7291,4446,8276,4719,17359,9581,16783,14317,8986,13376,11148,7736,4276,2468,-2423,12607,12192,7222,12022,3252,11949,9540,2278,7006,11294,9045,-909,13747,14235,8034,3995,9388,15048,5582,11767,23473,11259,9999,15258,33810,24113,22381,45835,30899,77941,37105,1670,15440,1822,5047,3939,18305,32039,23423
 "18095","Madison, IN",3,CAINC4,72,"..."," Nonfarm proprietors' income ","Thousands of dollars",29435,28469,31223,34509,36698,38933,41792,49585,54753,58155,61072,61798,59447,56249,61422,70278,70629,71822,75004,85102,96363,86718,89871,93228,98064,106224,126157,136720,156362,154963,147060,153215,161141,173102,165552,169979,169174,174408,157338,138765,155649,180859,198584,215514,218670,210814,210194,206431,209346,216549,228573,247191,270076,264627
 "18095","Madison, IN",3,CAINC4,7010,"...","Total employment ","Number of jobs",61243,58048,60272,60827,64403,63015,59722,61565,63243,64327,63615,58204,58022,54148,55696,58107,58729,59001,58938,59631,60422,60407,59948,60302,59760,60950,62172,61872,61333,59518,58355,58868,59314,58183,57439,56838,56497,55597,54450,54056,53258,52687,52512,52434,51771,51809,52487,52969,53774,54130,53826,52722,54406,55165
 "18095","Madison, IN",3,CAINC4,7020,"..."," Wage and salary employment ","Number of jobs",54153,50699,52628,52868,56044,54640,51502,53312,54913,56036,55212,49564,49470,45398,46775,49292,49984,50513,50581,51067,52107,51593,51137,51216,50532,51454,52195,51668,50967,50280,49452,49646,49102,48200,47345,46658,46020,44884,43127,43186,42467,42089,41658,41760,41020,41089,41726,42362,42754,43004,42993,41176,42148,42136
 "18095","Madison, IN",3,CAINC4,7040,"..."," Proprietors employment ","Number of jobs",7090,7349,7644,7959,8359,8375,8220,8253,8330,8291,8403,8640,8552,8750,8921,8815,8745,8488,8357,8564,8315,8814,8811,9086,9228,9496,9977,10204,10366,9238,8903,9222,10212,9983,10094,10180,10477,10713,11323,10870,10791,10598,10854,10674,10751,10720,10761,10607,11020,11126,10833,11546,12258,13029
 "18097","Marion, IN",3,CAINC4,10,"...","Personal income (thousands of dollars) ","Thousands of dollars",3327832,3512236,3735842,4034260,4425718,4811419,5123023,5580936,6166691,6811898,7398641,8040127,8801675,9150194,9739377,10689542,11481612,12263380,13045992,14131349,15370855,16500331,17107190,18229234,19062129,20036535,20692892,21510395,22492440,24683979,25557063,27761152,28479715,28851290,29115018,30010486,30634427,32037644,32120806,34017685,35275010,37794683,40686416,41915923,41563831,42630466,44510387,45808191,46690204,49476399,53374742,58426998,64434913,64469236
 "18097","Marion, IN",3,CAINC4,11,"..."," Nonfarm personal income 1/","Thousands of dollars",3324949,3510438,3731217,4031239,4418681,4806686,5117777,5574457,6161601,6807559,7393410,8034964,8797622,9145033,9734449,10684125,11475471,12257707,13038730,14125973,15363009,16495067,17103811,18224267,19055299,20028727,20685172,21500287,22480549,24673629,25548964,27752515,28472093,28844366,29108006,30002832,30627597,32032857,32115307,34008543,35261356,37778404,40673870,41901589,41543144,42614241,44498647,45798862,46684537,49470335,53370198,58420426,64426966,64462282
 "18097","Marion, IN",3,CAINC4,12,"..."," Farm income 2/","Thousands of dollars",2883,1798,4625,3021,7037,4733,5246,6479,5090,4339,5231,5163,4053,5161,4928,5417,6141,5673,7262,5376,7846,5264,3379,4967,6830,7808,7720,10108,11891,10350,8099,8637,7622,6924,7012,7654,6830,4787,5499,9142,13654,16279,12546,14334,20687,16225,11740,9329,5667,6064,4544,6572,7947,6954
 "18097","Marion, IN",3,CAINC4,20,"...","Population (persons) 3/","Number of persons",782988,793990,795924,796549,791248,792802,782636,777970,774809,773313,768426,765690,765556,765821,767029,772161,775501,778277,783740,787432,793207,800138,811733,821811,829671,836709,842076,847195,851337,854106,857461,860832,865662,866210,868576,870378,873310,878515,883591,889504,898394,904858,912575,922252,933531,940660,945714,952724,959016,968269,973834,976631,971647,969466
 "18097","Marion, IN",3,CAINC4,30,"...","Per capita personal income (dollars) 4/","Dollars",4250,4424,4694,5065,5593,6069,6546,7174,7959,8809,9628,10500,11497,11948,12698,13844,14805,15757,16646,17946,19378,20622,21075,22182,22976,23947,24574,25390,26420,28900,29806,32249,32899,33308,33520,34480,35079,36468,36353,38243,39265,41769,44584,45450,44523,45320,47065,48081,48686,51098,54809,59825,66315,66500
 "18097","Marion, IN",3,CAINC4,35,"...","Earnings by place of work ","Thousands of dollars",3534808,3626549,3850414,4228418,4692868,5065493,5280891,5848080,6576705,7359217,8143422,8624838,9299162,9427344,9963155,11056370,11940786,12802966,13800033,14959521,15987603,17070047,18104171,19341323,20295975,21187949,22199280,23381301,24951278,27441050,29249844,31695721,32540206,32802860,33209061,34787835,36039846,37767358,38376194,40222117,40819089,43287201,46137765,47670383,48091095,48871325,50859595,52930745,54282688,57291812,61905138,64471291,70348758,74861406
 "18097","Marion, IN",3,CAINC4,36,"...","Less: Contributions for government social insurance 5/","Thousands of dollars",239195,241956,265836,309548,396027,443671,454492,513241,579091,667973,767059,805806,936208,965503,1027753,1165514,1281361,1381472,1476112,1647632,1765211,1953730,2097982,2223256,2338118,2490872,2617585,2725467,2898826,3120295,3296170,3513168,3569866,3622239,3702782,3891050,4066487,4253770,4340410,4512664,4445406,4500655,4138460,4317207,5011568,5128404,5321693,5466303,5657648,5899253,6262753,6494693,6984751,7578502
 "18097","Marion, IN",3,CAINC4,37,"..."," Employee and self-employed contributions for government social insurance ","Thousands of dollars",119755,121559,133343,151918,194652,219837,225786,247638,275400,314803,365576,391416,459938,476192,501786,558350,631646,684074,735757,825826,892737,985572,1063065,1123385,1186441,1258082,1323115,1384077,1479827,1588786,1686432,1801085,1852401,1882178,1911773,2001511,2084911,2194626,2248375,2379881,2386346,2423914,1965049,2025085,2665673,2730560,2845563,2936983,3041934,3194261,3423293,3603272,3921511,4259053
 "18097","Marion, IN",3,CAINC4,38,"..."," Employer contributions for government social insurance ","Thousands of dollars",119440,120397,132493,157630,201375,223834,228706,265603,303691,353170,401483,414390,476270,489311,525967,607164,649715,697398,740355,821806,872474,968158,1034917,1099871,1151677,1232790,1294470,1341390,1418999,1531509,1609738,1712083,1717465,1740061,1791009,1889539,1981576,2059144,2092035,2132783,2059060,2076741,2173411,2292122,2345895,2397844,2476130,2529320,2615714,2704992,2839460,2891421,3063240,3319449
 "18097","Marion, IN",3,CAINC4,42,"...","Plus: Adjustment for residence 6/","Thousands of dollars",-606948,-588745,-649114,-745930,-852617,-948718,-1009493,-1146890,-1329614,-1546267,-1813799,-2039801,-2224187,-2222120,-2295414,-2566897,-2756494,-2943142,-3156504,-3402328,-3671353,-3890323,-4270629,-4663848,-4968751,-5115723,-5614401,-6061695,-6607358,-7340182,-8022222,-8706500,-9033327,-9123823,-9361565,-9997281,-10697846,-11661602,-12137543,-12768678,-12346360,-12820468,-13606752,-14300696,-14236564,-14560991,-14840023,-15665933,-16296764,-17022010,-17863736,-18037117,-19654930,-22324252
 "18097","Marion, IN",3,CAINC4,45,"...","Equals: Net earnings by place of residence ","Thousands of dollars",2688665,2795848,2935464,3172940,3444224,3673104,3816906,4187949,4668000,5144977,5562564,5779231,6138767,6239721,6639988,7323959,7902931,8478352,9167417,9909561,10551039,11225994,11735560,12454219,12989106,13581354,13967294,14594139,15445094,16980573,17931452,19476053,19937013,20056798,20144714,20899504,21275513,21851986,21898241,22940775,24027323,25966078,28392553,29052480,28842963,29181930,30697879,31798509,32328276,34370549,37778649,39939481,43709077,44958652
 "18097","Marion, IN",3,CAINC4,46,"...","Plus: Dividends, interest, and rent 7/","Thousands of dollars",445930,488171,527235,558823,618985,708080,765774,812487,889088,1000587,1077330,1318535,1619420,1767622,1860707,2069441,2207386,2326519,2388269,2633908,3094863,3414666,3315111,3400843,3563422,3848483,4106957,4236599,4286750,4908533,4690613,5109070,5033626,5048748,5064494,5045480,4978218,5523541,5361782,5412429,4898594,4820785,5217211,5680458,5477131,5754357,5982307,6146004,6448874,6879000,6922593,7099529,7702267,8348968
 "18097","Marion, IN",3,CAINC4,47,"...","Plus: Personal current transfer receipts ","Thousands of dollars",193237,228217,273143,302497,362509,430235,540343,580500,609603,666334,758747,942361,1043488,1142851,1238682,1296142,1371295,1458509,1490306,1587880,1724953,1859671,2056519,2374172,2509601,2606698,2618641,2679657,2760596,2794873,2934998,3176029,3509076,3745744,3905810,4065502,4380696,4662117,4860783,5664481,6349093,7007820,7076652,7182985,7243737,7694179,7830201,7863678,7913054,8226850,8673500,11387988,13023569,11161616
 "18097","Marion, IN",3,CAINC4,50,"...","Wages and salaries ","Thousands of dollars",2990277,3066827,3227779,3527799,3902232,4215659,4344772,4784114,5324153,5961090,6593876,7015945,7578611,7669029,8015326,8822356,9492368,10129360,10964681,11836357,12598946,13416172,14162432,14993616,15738048,16400690,17368624,18263500,19521883,21375610,22582761,23812835,24359375,24320625,24584833,25869889,26743347,28099124,28771257,29388440,28053420,28551734,29700174,31152007,31781270,32511313,33897540,35149694,36716300,38218536,39904033,40341600,43531112,48099448
 "18097","Marion, IN",3,CAINC4,60,"...","Supplements to wages and salaries ","Thousands of dollars",333879,350251,393985,455534,511567,563697,632754,708238,823490,933815,1046189,1136697,1244434,1313438,1441927,1609361,1773898,1952636,2055356,2244901,2490772,2734516,2982845,3298357,3468787,3610210,3682180,3780143,3902451,4301570,4570122,5042161,5230190,5325418,5502347,5764996,6065831,6368383,6541446,6743673,6335838,6571716,6675900,7055534,7074850,7552979,7474663,7739962,7941506,8444026,8686260,8661205,9017831,9496344
 "18097","Marion, IN",3,CAINC4,61,"..."," Employer contributions for employee pension and insurance funds 8/","Thousands of dollars",214439,229854,261492,297904,310192,339863,404048,442635,519799,580645,644706,722307,768164,824127,915960,1002197,1124183,1255238,1315001,1423095,1618298,1766358,1947928,2198486,2317110,2377420,2387710,2438753,2483452,2770061,2960384,3330078,3512725,3585357,3711338,3875457,4084255,4309239,4449411,4610890,4276778,4494975,4502489,4763412,4728955,5155135,4998533,5210642,5325792,5739034,5846800,5769784,5954591,6176895
 "18097","Marion, IN",3,CAINC4,62,"..."," Employer contributions for government social insurance ","Thousands of dollars",119440,120397,132493,157630,201375,223834,228706,265603,303691,353170,401483,414390,476270,489311,525967,607164,649715,697398,740355,821806,872474,968158,1034917,1099871,1151677,1232790,1294470,1341390,1418999,1531509,1609738,1712083,1717465,1740061,1791009,1889539,1981576,2059144,2092035,2132783,2059060,2076741,2173411,2292122,2345895,2397844,2476130,2529320,2615714,2704992,2839460,2891421,3063240,3319449
 "18097","Marion, IN",3,CAINC4,70,"...","Proprietors' income 9/","Thousands of dollars",210652,209471,228650,245085,279069,286137,303365,355728,429062,464312,503357,472196,476117,444877,505902,624653,674520,720970,779996,878263,897885,919359,958894,1049350,1089140,1177049,1148476,1337658,1526944,1763870,2096961,2840725,2950641,3156817,3121881,3152950,3230668,3299851,3063491,4090004,6429831,8163751,9761691,9462842,9234975,8807033,9487392,10041089,9624882,10629250,13314845,15468486,17799815,17265614
 "18097","Marion, IN",3,CAINC4,71,"..."," Farm proprietors' income ","Thousands of dollars",1640,374,3073,1291,4868,1871,2505,3744,2481,2598,3292,3094,1976,2742,2638,3188,3957,3684,5347,3259,5602,2678,910,2355,3201,3664,3087,5130,5807,3173,1220,1723,-47,-268,-190,685,1131,283,1206,5364,9583,12114,8732,9832,16023,11326,7739,5237,680,598,296,2036,3919,2371
 "18097","Marion, IN",3,CAINC4,72,"..."," Nonfarm proprietors' income ","Thousands of dollars",209012,209097,225577,243794,274201,284266,300860,351984,426581,461714,500065,469102,474141,442135,503264,621465,670563,717286,774649,875004,892283,916681,957984,1046995,1085939,1173385,1145389,1332528,1521137,1760697,2095741,2839002,2950688,3157085,3122071,3152265,3229537,3299568,3062285,4084640,6420248,8151637,9752959,9453010,9218952,8795707,9479653,10035852,9624202,10628652,13314549,15466450,17795896,17263243
 "18097","Marion, IN",3,CAINC4,7010,"...","Total employment ","Number of jobs",453945,443225,437430,448306,467477,473744,457163,466055,478855,497039,509476,502139,495501,481710,484038,506201,520630,537233,553250,574348,594724,608260,609833,611411,623507,635202,650546,658477,669490,685568,694536,710622,711242,698768,691869,696090,701641,707402,714532,712775,681825,681334,693044,705986,713191,723001,731805,741927,752985,762671,771239,736470,766068,802109
 "18097","Marion, IN",3,CAINC4,7020,"..."," Wage and salary employment ","Number of jobs",421021,409831,402685,410574,428318,434600,418544,427547,439945,458762,469910,460584,453763,438460,439738,460901,473984,489895,504730,524035,544440,555342,555573,558455,569323,579795,591342,597801,609394,624364,637782,651272,640780,628216,619268,620810,624391,627008,628715,625965,593108,591189,597464,611649,617478,624435,631714,641385,646869,653002,662876,621569,640377,667536
 "18097","Marion, IN",3,CAINC4,7040,"..."," Proprietors employment ","Number of jobs",32924,33394,34745,37732,39159,39144,38619,38508,38910,38277,39566,41555,41738,43250,44300,45300,46646,47338,48520,50313,50284,52918,54260,52956,54184,55407,59204,60676,60096,61204,56754,59350,70462,70552,72601,75280,77250,80394,85817,86810,88717,90145,95580,94337,95713,98566,100091,100542,106116,109669,108363,114901,125691,134573
 "18099","Marshall, IN",3,CAINC4,10,"...","Personal income (thousands of dollars) ","Thousands of dollars",126114,132982,146023,161230,194434,200711,223311,248937,271297,293478,322078,337006,370142,387998,408674,469197,485359,525596,564155,584847,646414,683847,691805,743700,792350,850826,891701,933103,981979,1050040,1077874,1116741,1120325,1146384,1200417,1274164,1284203,1369139,1423874,1474860,1393766,1482377,1565344,1604110,1672269,1714259,1741146,1787456,1861573,1910719,1950623,2139460,2377368,2438168
 "18099","Marshall, IN",3,CAINC4,11,"..."," Nonfarm personal income 1/","Thousands of dollars",119343,126976,137869,155078,176546,192996,206542,232814,259953,289403,313832,334590,367301,388044,416684,462245,482846,518133,554611,580459,631868,670400,688993,730634,779318,835386,883190,915969,962457,1035226,1073084,1113271,1113239,1147275,1190743,1252393,1268461,1355469,1403615,1449471,1387787,1466253,1526519,1585809,1597518,1669802,1727629,1759082,1829667,1882416,1926704,2088027,2305497,2363636
 "18099","Marshall, IN",3,CAINC4,12,"..."," Farm income 2/","Thousands of dollars",6771,6006,8154,6152,17888,7715,16769,16123,11344,4075,8246,2416,2841,-46,-8010,6952,2513,7463,9544,4388,14546,13447,2812,13066,13032,15440,8511,17134,19522,14814,4790,3470,7086,-891,9674,21771,15742,13670,20259,25389,5979,16124,38825,18301,74751,44457,13517,28374,31906,28303,23919,51433,71871,74532
 "18099","Marshall, IN",3,CAINC4,20,"...","Population (persons) 3/","Number of persons",34782,35218,36182,36743,36863,37478,37802,37947,38019,38576,38523,39318,39887,39942,40070,40823,41183,41059,41513,41805,42057,42224,42719,42852,43135,43572,43992,44347,44419,44504,44922,45243,45534,45518,45923,46288,46549,46851,46871,47012,47126,46999,46937,46937,46901,46909,46714,46591,46390,46259,46139,46076,46175,46332
 "18099","Marshall, IN",3,CAINC4,30,"...","Per capita personal income (dollars) 4/","Dollars",3626,3776,4036,4388,5275,5355,5907,6560,7136,7608,8361,8571,9280,9714,10199,11493,11785,12801,13590,13990,15370,16196,16194,17355,18369,19527,20270,21041,22107,23594,23994,24683,24604,25185,26140,27527,27588,29223,30379,31372,29575,31541,33350,34176,35655,36544,37272,38365,40129,41305,42277,46433,51486,52624
 "18099","Marshall, IN",3,CAINC4,35,"...","Earnings by place of work ","Thousands of dollars",81421,84785,93901,105532,132225,130061,143049,163689,177123,193106,210628,204825,218226,219671,240010,290853,297300,332776,368651,371294,412415,439470,448679,494152,539261,601878,622761,648945,683687,720386,752730,759737,734574,732149,750164,807975,823177,862941,889461,892868,802491,856425,932530,932620,1006478,1037860,1015527,1051124,1053932,1078283,1089305,1142784,1254374,1358999
 "18099","Marshall, IN",3,CAINC4,36,"...","Less: Contributions for government social insurance 5/","Thousands of dollars",4988,5256,5922,7268,9575,10804,10991,12912,14609,17150,18887,18811,21588,22574,25331,29787,31687,35160,38240,40307,43850,48539,51640,55081,60793,68517,71650,73542,76723,79257,82512,82821,81438,82331,84227,90642,94672,99467,102454,103877,96976,99966,94874,97505,113478,120485,122343,123928,124547,128159,130945,137159,148120,160222
 "18099","Marshall, IN",3,CAINC4,37,"..."," Employee and self-employed contributions for government social insurance ","Thousands of dollars",2741,2879,3229,3866,5011,5718,5843,6642,7319,8500,9512,9686,11157,11738,12997,14941,16376,18246,19998,21310,23599,25769,27546,29317,32259,36312,38607,39242,41247,42516,44587,44540,43062,43898,44711,47953,50001,53468,55272,56159,52575,54043,45217,46137,60046,63518,64677,66259,67489,70537,72703,76696,82924,90609
 "18099","Marshall, IN",3,CAINC4,38,"..."," Employer contributions for government social insurance ","Thousands of dollars",2247,2377,2693,3402,4564,5086,5148,6270,7290,8650,9375,9125,10431,10836,12334,14846,15311,16914,18242,18997,20251,22770,24094,25764,28534,32205,33043,34300,35476,36741,37925,38281,38376,38433,39516,42689,44671,45999,47182,47718,44401,45923,49657,51368,53432,56967,57666,57669,57058,57622,58242,60463,65196,69613
 "18099","Marshall, IN",3,CAINC4,42,"...","Plus: Adjustment for residence 6/","Thousands of dollars",22308,22206,22918,24772,26435,27895,27899,30751,33538,35717,38976,41237,43795,44473,45625,50681,54835,58107,63135,76711,79117,83883,79392,75922,74529,60028,61989,60230,59856,80611,80055,95507,106193,128632,150553,183147,173246,180409,180427,162648,145005,157829,159662,172346,174377,174668,196127,214133,253523,267869,261965,261979,311466,327605
 "18099","Marshall, IN",3,CAINC4,45,"...","Equals: Net earnings by place of residence ","Thousands of dollars",98741,101735,110897,123036,149085,147152,159957,181528,196052,211673,230717,227251,240433,241570,260304,311747,320448,355723,393546,407698,447682,474814,476431,514993,552997,593389,613100,635633,666820,721740,750273,772423,759329,778450,816490,900480,901751,943883,967434,951639,850520,914288,997318,1007461,1067377,1092043,1089311,1141329,1182908,1217993,1220325,1267604,1417720,1526382
 "18099","Marshall, IN",3,CAINC4,46,"...","Plus: Dividends, interest, and rent 7/","Thousands of dollars",18252,20610,22761,24579,29304,34569,39125,42921,49360,53113,57828,69246,83564,95258,94986,102577,106945,109019,108861,113438,127041,131048,128876,131664,135686,146940,166782,178884,193228,197707,189431,196437,199115,196590,206042,185727,179297,197760,218167,244594,227490,235070,241579,258972,262898,265128,282093,266343,295531,293462,308789,325931,342116,366690
 "18099","Marshall, IN",3,CAINC4,47,"...","Plus: Personal current transfer receipts ","Thousands of dollars",9121,10637,12365,13615,16045,18990,24229,24488,25885,28692,33533,40509,46145,51170,53384,54873,57966,60854,61748,63711,71691,77985,86498,97043,103667,110497,111819,118586,121931,130593,138170,147881,161881,171344,177885,187957,203155,227496,238273,278627,315756,333019,326447,337677,341994,357088,369742,379784,383134,399264,421509,545925,617532,545096
 "18099","Marshall, IN",3,CAINC4,50,"...","Wages and salaries ","Thousands of dollars",55861,59925,64511,75012,86474,92927,94384,109813,123844,141264,151344,150682,161817,165620,182814,208151,216191,238262,262642,266612,285233,311525,325361,348962,381661,429731,449493,473260,496426,517558,549632,550979,526579,524785,530954,568805,580742,601636,621543,626060,574265,595295,631908,653715,674571,721492,741795,758298,762404,776285,787775,800746,878232,961093
 "18099","Marshall, IN",3,CAINC4,60,"...","Supplements to wages and salaries ","Thousands of dollars",6372,7018,7977,10004,11797,12955,14207,16892,20066,23349,25425,26488,29398,31836,36900,42267,44918,51357,57118,58550,65230,72278,78427,89359,99092,110518,107542,106789,107161,113032,123418,129081,130508,131752,136024,142489,152299,158045,165789,169106,146894,153919,161171,169137,168732,190275,188079,192708,189271,196870,194487,195706,202699,212229
 "18099","Marshall, IN",3,CAINC4,61,"..."," Employer contributions for employee pension and insurance funds 8/","Thousands of dollars",4125,4641,5284,6602,7233,7869,9059,10622,12776,14699,16050,17363,18967,21000,24566,27421,29607,34443,38876,39553,44979,49508,54333,63595,70558,78313,74499,72489,71685,76291,85493,90800,92132,93319,96508,99800,107628,112046,118607,121388,102493,107996,111514,117769,115300,133308,130413,135039,132213,139248,136245,135243,137503,142616
 "18099","Marshall, IN",3,CAINC4,62,"..."," Employer contributions for government social insurance ","Thousands of dollars",2247,2377,2693,3402,4564,5086,5148,6270,7290,8650,9375,9125,10431,10836,12334,14846,15311,16914,18242,18997,20251,22770,24094,25764,28534,32205,33043,34300,35476,36741,37925,38281,38376,38433,39516,42689,44671,45999,47182,47718,44401,45923,49657,51368,53432,56967,57666,57669,57058,57622,58242,60463,65196,69613
 "18099","Marshall, IN",3,CAINC4,70,"...","Proprietors' income 9/","Thousands of dollars",19188,17842,21413,20516,33954,24179,34458,36984,33213,28493,33859,27655,27011,22215,20296,40435,36191,43157,48891,46132,61952,55667,44891,55831,58508,61629,65726,68896,80100,89796,79680,79677,77487,75612,83186,96681,90136,103260,102129,97702,81332,107211,139451,109768,163175,126093,85653,100118,102257,105128,107043,146332,173443,185677
 "18099","Marshall, IN",3,CAINC4,71,"..."," Farm proprietors' income ","Thousands of dollars",5987,5156,7268,5204,16722,6232,15073,14099,9002,2102,6004,-11,370,-2959,-10615,4570,304,5581,7857,2554,12630,11272,760,10931,10626,13079,6160,14832,16913,11659,1694,278,3492,-4340,6009,17949,12278,10578,16812,21968,1924,11640,34427,12791,69041,38466,8618,23358,25806,21608,18708,45869,66933,68924
 "18099","Marshall, IN",3,CAINC4,72,"..."," Nonfarm proprietors' income ","Thousands of dollars",13201,12686,14145,15312,17232,17947,19385,22885,24211,26391,27855,27666,26641,25174,30911,35865,35887,37576,41034,43578,49322,44395,44131,44900,47882,48550,59566,54064,63187,78137,77986,79399,73995,79952,77177,78732,77858,92682,85317,75734,79408,95571,105024,96977,94134,87627,77035,76760,76451,83520,88335,100463,106510,116753
 "18099","Marshall, IN",3,CAINC4,7010,"...","Total employment ","Number of jobs",14560,14599,14842,16069,16870,17104,16271,17179,17893,18460,18419,17503,17468,17273,18185,19248,19288,20119,21211,20762,21229,22218,22117,22526,23624,25291,25969,26075,26304,25577,26163,25901,24942,24093,23854,24498,24670,24716,25008,24786,23039,23191,23606,23976,24314,25130,25164,25346,24828,24487,24302,23529,24365,25258
 "18099","Marshall, IN",3,CAINC4,7020,"..."," Wage and salary employment ","Number of jobs",10704,10837,11037,12027,12746,12933,12108,13148,13807,14334,14256,13268,13264,13093,13831,14812,14722,15508,16484,16097,16660,17457,17578,17969,18983,20652,21070,21159,21217,20674,21250,20855,19786,19078,18803,19314,19423,19467,19577,19375,17568,17825,18182,18537,18904,19752,19924,19987,19468,19005,19071,18183,18713,19277
 "18099","Marshall, IN",3,CAINC4,7040,"..."," Proprietors employment ","Number of jobs",3856,3762,3805,4042,4124,4171,4163,4031,4086,4126,4163,4235,4204,4180,4354,4436,4566,4611,4727,4665,4569,4761,4539,4557,4641,4639,4899,4916,5087,4903,4913,5046,5156,5015,5051,5184,5247,5249,5431,5411,5471,5366,5424,5439,5410,5378,5240,5359,5360,5482,5231,5346,5652,5981
 "18101","Martin, IN",3,CAINC4,10,"...","Personal income (thousands of dollars) ","Thousands of dollars",33695,34557,38614,43957,46746,47359,51808,56432,60134,68056,72766,78030,87265,92564,97343,112584,116804,124082,129745,135622,147902,151475,158736,174817,178874,183759,191009,208295,216854,227904,234832,246052,261298,259420,280026,291001,297563,306996,318569,332533,322225,338258,355702,340924,337654,349419,362360,358196,373272,386912,401349,441420,488296,516337
 "18101","Martin, IN",3,CAINC4,11,"..."," Nonfarm personal income 1/","Thousands of dollars",31748,33433,36829,41998,42784,44894,48923,53406,58296,65547,70437,77570,86693,90736,98886,108384,112805,119450,125124,134614,143378,147191,154554,169029,173146,180178,188296,200336,212562,223805,233177,241499,257039,257921,271778,279996,289656,300182,309511,314735,308155,317531,322299,325356,314233,332175,344202,354566,367482,380244,400207,429608,471821,483183
 "18101","Martin, IN",3,CAINC4,12,"..."," Farm income 2/","Thousands of dollars",1947,1124,1785,1959,3962,2465,2885,3026,1838,2509,2329,460,572,1828,-1543,4200,3999,4632,4621,1008,4524,4284,4182,5788,5728,3581,2713,7959,4292,4099,1655,4553,4259,1499,8248,11005,7907,6814,9058,17798,14070,20727,33403,15568,23421,17244,18158,3630,5790,6668,1142,11812,16475,33154
 "18101","Martin, IN",3,CAINC4,20,"...","Population (persons) 3/","Number of persons",10949,11051,11428,11138,11175,11137,11247,11163,11170,11192,11199,11016,11056,10868,10731,10754,10788,10728,10811,10705,10442,10364,10358,10430,10436,10551,10490,10603,10547,10477,10394,10360,10311,10341,10309,10361,10323,10344,10334,10304,10300,10354,10303,10256,10145,10123,10072,10017,9982,9970,9917,9803,9799,9803
 "18101","Martin, IN",3,CAINC4,30,"...","Per capita personal income (dollars) 4/","Dollars",3077,3127,3379,3947,4183,4252,4606,5055,5384,6081,6498,7083,7893,8517,9071,10469,10827,11566,12001,12669,14164,14615,15325,16761,17140,17416,18209,19645,20561,21753,22593,23750,25342,25087,27163,28086,28825,29679,30827,32272,31284,32669,34524,33241,33283,34517,35977,35759,37395,38808,40471,45029,49831,52671
 "18101","Martin, IN",3,CAINC4,35,"...","Earnings by place of work ","Thousands of dollars",91889,88609,96364,117699,114149,106458,112009,114784,119872,132979,139556,152028,172440,175697,185946,215464,223607,232993,234227,252936,279629,295883,323991,344576,315675,308706,328981,350376,358234,364405,372082,396691,400934,407093,455791,490691,508919,529369,544877,582886,597755,645162,692212,677410,655664,673782,690207,701627,742389,776409,840497,886882,909470,1037095
 "18101","Martin, IN",3,CAINC4,36,"...","Less: Contributions for government social insurance 5/","Thousands of dollars",1859,1973,2231,2644,2819,3156,3657,4100,4318,4830,5243,5734,6952,7140,10079,11570,13857,15296,16447,19086,21926,24580,27742,29954,28429,28745,31419,33384,35382,36096,37741,40145,39994,40985,45388,49725,52014,55305,57685,62884,65387,70449,65900,66976,73197,76129,77860,79437,84155,87816,95108,100659,101304,113748
 "18101","Martin, IN",3,CAINC4,37,"..."," Employee and self-employed contributions for government social insurance ","Thousands of dollars",791,812,898,998,1105,1247,1343,1483,1586,1854,2025,2165,2684,2820,4215,4828,6089,6786,7416,8737,10122,11186,12491,13322,12916,13285,14537,15392,16449,16686,17482,18426,19031,19530,21656,23747,25113,26775,27935,30424,31351,33758,26974,27506,34966,36269,37322,38209,40903,42902,46647,49904,50561,56670
 "18101","Martin, IN",3,CAINC4,38,"..."," Employer contributions for government social insurance ","Thousands of dollars",1068,1161,1333,1646,1714,1909,2314,2617,2732,2976,3218,3569,4268,4320,5864,6742,7768,8510,9031,10349,11804,13394,15251,16632,15513,15460,16882,17992,18933,19410,20259,21719,20963,21455,23732,25978,26901,28530,29750,32460,34036,36691,38926,39470,38231,39860,40538,41228,43252,44914,48461,50755,50743,57078
 "18101","Martin, IN",3,CAINC4,42,"...","Plus: Adjustment for residence 6/","Thousands of dollars",-63536,-60441,-64996,-81697,-76799,-69717,-72647,-71470,-74152,-80866,-84444,-95945,-110627,-112414,-119087,-134690,-137518,-140501,-134869,-148433,-163577,-178720,-198100,-205565,-173730,-164978,-177541,-185971,-186069,-185424,-184715,-199937,-191411,-197150,-223906,-246694,-259561,-270367,-280059,-312568,-337755,-371238,-408135,-413540,-385775,-401528,-406725,-422127,-445193,-463708,-512118,-535184,-538927,-616314
 "18101","Martin, IN",3,CAINC4,45,"...","Equals: Net earnings by place of residence ","Thousands of dollars",26494,26195,29137,33358,34531,33585,35705,39214,41402,47283,49869,50349,54861,56143,56780,69204,72232,77196,82911,85417,94126,92583,98149,109057,113516,114983,120021,131021,136783,142885,149626,156609,169529,168958,186497,194272,197344,203697,207133,207434,194613,203475,218177,196894,196692,196125,205622,200063,213041,224885,233271,251039,269239,307033
 "18101","Martin, IN",3,CAINC4,46,"...","Plus: Dividends, interest, and rent 7/","Thousands of dollars",4346,4862,5511,6267,7020,7785,8720,9357,10656,11984,13136,15928,19153,21582,24735,26919,27345,28222,28293,30894,33391,36907,36483,37695,37174,38871,40650,43916,46502,49472,47821,49206,47985,45189,45663,46712,46027,45662,51989,57657,54943,56045,59217,62325,60274,65503,65928,67568,66633,65140,63592,63620,68472,73156
 "18101","Martin, IN",3,CAINC4,47,"...","Plus: Personal current transfer receipts ","Thousands of dollars",2855,3500,3966,4332,5195,5989,7383,7861,8076,8789,9761,11753,13251,14839,15828,16461,17227,18664,18541,19311,20385,21985,24104,28065,28184,29905,30338,33358,33569,35547,37385,40237,43784,45273,47866,50017,54192,57637,59447,67442,72669,78738,78308,81705,80688,87791,90810,90565,93598,96887,104486,126761,150585,136148
 "18101","Martin, IN",3,CAINC4,50,"...","Wages and salaries ","Thousands of dollars",73501,70453,73031,89308,84546,79549,83048,84528,89058,98493,103558,114436,130063,131266,140447,157703,162379,170243,175169,190617,205219,218729,239706,252376,229130,225006,243314,256241,263263,267634,274822,294640,283866,289649,320196,347648,362158,376373,391415,417563,432552,463119,484869,484820,461043,478241,486604,501044,530200,550366,595944,620702,627238,709989
 "18101","Martin, IN",3,CAINC4,60,"...","Supplements to wages and salaries ","Thousands of dollars",13896,14614,18792,23644,22765,21526,23132,23640,25034,27320,29007,32645,37309,38453,42304,47818,50906,51277,47017,52715,60229,66434,73569,78858,71760,70432,73274,76068,77563,78685,81776,87235,87438,90055,100096,109136,114378,120675,124217,131598,135778,144838,158359,162463,157253,164231,168894,179685,187732,199229,217738,226927,233842,262263
 "18101","Martin, IN",3,CAINC4,61,"..."," Employer contributions for employee pension and insurance funds 8/","Thousands of dollars",12828,13453,17459,21998,21051,19617,20818,21023,22302,24344,25789,29076,33041,34133,36440,41076,43138,42767,37986,42366,48425,53040,58318,62226,56247,54972,56392,58076,58630,59275,61517,65516,66475,68600,76364,83158,87477,92145,94467,99138,101742,108147,119433,122993,119022,124371,128356,138457,144480,154315,169277,176172,183099,205185
 "18101","Martin, IN",3,CAINC4,62,"..."," Employer contributions for government social insurance ","Thousands of dollars",1068,1161,1333,1646,1714,1909,2314,2617,2732,2976,3218,3569,4268,4320,5864,6742,7768,8510,9031,10349,11804,13394,15251,16632,15513,15460,16882,17992,18933,19410,20259,21719,20963,21455,23732,25978,26901,28530,29750,32460,34036,36691,38926,39470,38231,39860,40538,41228,43252,44914,48461,50755,50743,57078
 "18101","Martin, IN",3,CAINC4,70,"...","Proprietors' income 9/","Thousands of dollars",4492,3542,4541,4747,6838,5383,5829,6616,5780,7166,6991,4947,5068,5978,3195,9943,10322,11473,12041,9604,14181,10720,10716,13342,14785,13268,12393,18067,17408,18086,15484,14816,29630,27389,35499,33907,32383,32321,29245,33725,29425,37205,48984,30127,37368,31310,34709,20898,24457,26814,26815,39253,48390,64843
 "18101","Martin, IN",3,CAINC4,71,"..."," Farm proprietors' income ","Thousands of dollars",1786,965,1634,1814,3799,2281,2648,2721,1463,2169,1980,114,244,1475,-1935,3748,3489,4094,4028,360,3840,3502,3430,5003,4979,2952,2177,7515,3872,3591,1162,4051,3693,965,7630,10318,7240,6175,8274,17089,13304,19949,32710,14756,22581,16360,17440,2900,4892,5690,389,11005,15758,32327
 "18101","Martin, IN",3,CAINC4,72,"..."," Nonfarm proprietors' income ","Thousands of dollars",2706,2577,2907,2933,3039,3102,3181,3895,4317,4997,5011,4833,4824,4503,5130,6195,6833,7379,8013,9244,10341,7218,7286,8339,9806,10316,10216,10552,13536,14495,14322,10765,25937,26424,27869,23589,25143,26146,20971,16636,16121,17256,16274,15371,14787,14950,17269,17998,19565,21124,26426,28248,32632,32516
 "18101","Martin, IN",3,CAINC4,7010,"...","Total employment ","Number of jobs",10724,9691,9111,9981,9188,8311,8064,7587,7560,7673,7607,7746,7759,7666,7805,8196,8615,8673,8647,8929,8983,9256,9204,9257,9021,8665,8716,8852,8750,8755,8700,8709,8597,8171,8317,8735,8489,8515,8296,8485,8537,8775,8846,8856,8656,8524,8617,8682,8831,8960,9439,9628,9858,10051
 "18101","Martin, IN",3,CAINC4,7020,"..."," Wage and salary employment ","Number of jobs",9852,8796,8226,9049,8228,7336,7060,6547,6479,6550,6495,6636,6659,6626,6693,7061,7446,7489,7451,7705,7826,8086,8041,8084,7797,7403,7407,7527,7390,7356,7382,7362,7109,6732,6958,7334,7190,7253,7054,7279,7355,7594,7669,7663,7474,7318,7383,7466,7633,7767,8259,8393,8593,8732
 "18101","Martin, IN",3,CAINC4,7040,"..."," Proprietors employment ","Number of jobs",872,895,885,932,960,975,1004,1040,1081,1123,1112,1110,1100,1040,1112,1135,1169,1184,1196,1224,1157,1170,1163,1173,1224,1262,1309,1325,1360,1399,1318,1347,1488,1439,1359,1401,1299,1262,1242,1206,1182,1181,1177,1193,1182,1206,1234,1216,1198,1193,1180,1235,1265,1319
 "18103","Miami, IN",3,CAINC4,10,"...","Personal income (thousands of dollars) ","Thousands of dollars",152717,157470,174935,193643,225358,230271,246073,267815,284146,313352,334762,348902,378645,388510,410304,458927,482398,500292,517070,525260,566680,577645,586330,615040,625689,623721,614072,654284,685268,727169,747022,807987,825663,822050,846922,907750,916270,946379,954922,992090,920605,948868,1002354,1049101,1081299,1134777,1131769,1151429,1197177,1225683,1251795,1334970,1469358,1438852
 "18103","Miami, IN",3,CAINC4,11,"..."," Nonfarm personal income 1/","Thousands of dollars",143767,151278,164845,187506,206721,219440,226262,251451,272510,299240,321269,344029,376333,386703,412981,448063,471719,490568,501658,521457,553743,566809,583333,606932,613262,613563,612266,639857,668195,716579,746805,799134,813019,815532,829274,878647,894836,927732,938967,963123,907311,929711,969159,1013889,1010939,1080474,1112853,1122983,1161968,1193558,1221550,1296141,1398154,1380484
 "18103","Miami, IN",3,CAINC4,12,"..."," Farm income 2/","Thousands of dollars",8950,6192,10090,6137,18637,10831,19811,16364,11636,14112,13493,4873,2312,1807,-2677,10864,10679,9724,15412,3803,12937,10836,2997,8108,12427,10158,1806,14427,17073,10590,217,8853,12644,6518,17648,29103,21434,18647,15955,28967,13294,19157,33195,35212,70360,54303,18916,28446,35209,32125,30245,38829,71204,58368
 "18103","Miami, IN",3,CAINC4,20,"...","Population (persons) 3/","Number of persons",39177,39165,39041,40177,40569,40872,40757,40660,40376,40427,40175,39665,38958,38470,38163,38213,38103,38045,37730,37147,37155,36924,37375,37426,36924,35142,33401,33682,34632,35117,35559,36184,36475,37019,37251,37120,37445,37745,37580,37281,37127,36826,36736,36686,36390,36348,36345,36431,36346,36152,36046,35913,36032,35674
 "18103","Miami, IN",3,CAINC4,30,"...","Per capita personal income (dollars) 4/","Dollars",3898,4021,4481,4820,5555,5634,6038,6587,7037,7751,8333,8796,9719,10099,10751,12010,12660,13150,13704,14140,15252,15644,15688,16433,16945,17749,18385,19425,19787,20707,21008,22330,22636,22206,22736,24454,24470,25073,25410,26611,24796,25766,27285,28597,29714,31220,31140,31606,32938,33904,34728,37172,40779,40333
 "18103","Miami, IN",3,CAINC4,35,"...","Earnings by place of work ","Thousands of dollars",117110,119146,130501,144009,166090,166840,174473,186041,190174,207170,218470,216671,231945,234553,243622,278165,290912,310852,328532,321703,348243,358951,359296,371978,368288,348366,313739,333404,360483,382238,393676,435976,456565,453875,473408,513602,518634,520986,517245,526698,472767,480505,519901,540232,574168,573215,559562,580638,600190,612937,605811,618968,685322,677475
 "18103","Miami, IN",3,CAINC4,36,"...","Less: Contributions for government social insurance 5/","Thousands of dollars",7572,8143,8955,10409,11957,13373,13711,15364,16162,17399,19023,19404,22167,22751,24575,27335,29113,31658,32535,34579,36209,38465,40081,41012,40898,39509,36950,37654,40493,43094,45046,48275,50434,51237,52526,56573,60034,61230,62058,62619,59036,58385,55396,56947,64861,66661,69876,70951,73003,75383,75319,77925,80926,83471
 "18103","Miami, IN",3,CAINC4,37,"..."," Employee and self-employed contributions for government social insurance ","Thousands of dollars",3513,3664,3917,4520,5265,5578,5617,6210,6603,7313,8131,8483,9862,10305,11069,12253,13487,14675,15212,16427,17839,18762,19547,20070,20457,20566,19901,20057,21541,22562,23694,25183,26502,27140,27712,29853,31258,32059,32680,33166,31320,31264,26500,27247,34527,35526,37124,38104,39721,41733,42049,44156,46392,48592
 "18103","Miami, IN",3,CAINC4,38,"..."," Employer contributions for government social insurance ","Thousands of dollars",4059,4479,5038,5889,6692,7795,8094,9154,9559,10086,10892,10921,12305,12446,13506,15082,15626,16983,17323,18152,18370,19703,20534,20942,20441,18943,17049,17597,18952,20532,21352,23092,23932,24097,24814,26720,28776,29171,29378,29453,27716,27121,28896,29700,30334,31135,32752,32847,33282,33650,33270,33769,34534,34879
 "18103","Miami, IN",3,CAINC4,42,"...","Plus: Adjustment for residence 6/","Thousands of dollars",10545,9076,12577,15405,19815,19147,19412,28063,35699,41146,44025,43243,43188,36972,44121,53341,59246,55151,54958,64783,67453,62835,65643,74558,86895,105722,122640,128731,130548,140323,152695,155175,145479,149206,147101,153020,152142,166525,159175,141387,101525,111471,115510,123555,139258,154933,156654,158819,168773,174833,186079,165574,160959,195945
 "18103","Miami, IN",3,CAINC4,45,"...","Equals: Net earnings by place of residence ","Thousands of dollars",120083,120079,134123,149005,173948,172614,180174,198740,209711,230917,243472,240510,252966,248774,263168,304171,321045,334345,350955,351907,379487,383321,384858,405524,414285,414579,399429,424481,450538,479467,501325,542876,551610,551844,567983,610049,610742,626281,614362,605466,515256,533591,580015,606840,648565,661487,646340,668506,695960,712387,716571,706617,765355,789949
 "18103","Miami, IN",3,CAINC4,46,"...","Plus: Dividends, interest, and rent 7/","Thousands of dollars",22606,25811,27651,30647,35120,38864,42336,44285,48320,53656,58802,67155,79700,87600,91561,97688,100801,103391,102819,107928,116501,119563,119461,116307,112971,109843,110801,119133,122140,132486,126132,137212,134017,121672,122637,131258,126322,123481,138900,153320,145194,145552,151924,167040,157702,170697,176443,170846,179762,182639,185284,179367,190232,198900
 "18103","Miami, IN",3,CAINC4,47,"...","Plus: Personal current transfer receipts ","Thousands of dollars",10028,11580,13161,13991,16290,18793,23563,24790,26115,28779,32488,41237,45979,52136,55575,57068,60552,62556,63296,65425,70692,74761,82011,93209,98433,99299,103842,110670,112590,115216,119565,127899,140036,148534,156302,166443,179206,196617,201660,233304,260155,269725,270415,275221,275032,302593,308986,312077,321455,330657,349940,448986,513771,450003
 "18103","Miami, IN",3,CAINC4,50,"...","Wages and salaries ","Thousands of dollars",84176,88416,92702,105809,112923,119342,117045,128200,134843,145578,155256,159915,173688,176661,183834,197600,206409,221468,229710,232787,241648,253897,258224,264427,259585,245734,225534,233584,251796,272235,286437,310051,315428,315282,321380,344720,355318,357847,363794,364401,336216,329040,345165,355839,358308,365224,384117,391071,401048,410641,406713,412400,435689,441413
 "18103","Miami, IN",3,CAINC4,60,"...","Supplements to wages and salaries ","Thousands of dollars",17421,18035,20484,24156,26233,28464,28807,30834,32151,34199,36267,37560,42440,44792,48737,53042,57376,62372,64565,65526,68998,71652,75009,76650,73050,68252,58246,58727,61724,66902,73105,82865,86712,86924,92530,99475,105287,106341,108542,108492,97392,97995,102688,106188,105714,113487,114534,118443,118304,123211,121026,119822,122638,120758
 "18103","Miami, IN",3,CAINC4,61,"..."," Employer contributions for employee pension and insurance funds 8/","Thousands of dollars",13362,13556,15446,18267,19541,20669,20713,21680,22592,24113,25375,26639,30135,32346,35231,37960,41750,45389,47242,47374,50628,51949,54475,55708,52609,49309,41197,41130,42772,46370,51753,59773,62780,62827,67716,72755,76511,77170,79164,79039,69676,70874,73792,76488,75380,82352,81782,85596,85022,89561,87756,86053,88104,85879
 "18103","Miami, IN",3,CAINC4,62,"..."," Employer contributions for government social insurance ","Thousands of dollars",4059,4479,5038,5889,6692,7795,8094,9154,9559,10086,10892,10921,12305,12446,13506,15082,15626,16983,17323,18152,18370,19703,20534,20942,20441,18943,17049,17597,18952,20532,21352,23092,23932,24097,24814,26720,28776,29171,29378,29453,27716,27121,28896,29700,30334,31135,32752,32847,33282,33650,33270,33769,34534,34879
 "18103","Miami, IN",3,CAINC4,70,"...","Proprietors' income 9/","Thousands of dollars",15513,12695,17315,14044,26934,19034,28621,27007,23180,27393,26947,19196,15817,13100,11051,27523,27127,27012,34257,23390,37597,33402,26063,30901,35653,34380,29959,41093,46963,43101,34134,43060,54425,51669,59498,69407,58029,56798,44909,53805,39159,53470,72048,78205,110146,94504,60911,71124,80838,79085,78072,86746,126995,115304
 "18103","Miami, IN",3,CAINC4,71,"..."," Farm proprietors' income ","Thousands of dollars",8284,5491,9379,5396,17758,9726,18591,14950,10041,12820,12027,3290,686,-83,-4517,9010,8794,7939,13617,1878,10955,8608,907,5945,9868,7539,-894,11703,13903,7332,-2491,6505,10432,4768,15497,26526,18786,15967,12594,25983,10054,15831,30166,31634,66654,50406,15747,25211,31237,27789,26898,35249,68020,54715
 "18103","Miami, IN",3,CAINC4,72,"..."," Nonfarm proprietors' income ","Thousands of dollars",7229,7204,7936,8648,9176,9308,10030,12057,13139,14573,14920,15906,15131,13183,15568,18513,18333,19073,20640,21512,26642,24794,25156,24956,25785,26841,30853,29390,33060,35769,36625,36555,43993,46901,44001,42881,39243,40831,32315,27822,29105,37639,41882,46571,43492,44098,45164,45913,49601,51296,51174,51497,58975,60589
 "18103","Miami, IN",3,CAINC4,7010,"...","Total employment ","Number of jobs",18271,17678,17318,18093,18195,18010,17056,17395,17390,17264,17027,16333,15946,15319,15336,15720,16042,16354,16309,16368,16589,16635,16403,16178,15692,14952,13816,13941,14301,14500,14644,15131,15121,14824,14760,14847,15056,14848,14686,14414,13302,12979,13234,13346,13313,13436,13445,13402,13341,13517,13115,12716,12881,12929
 "18103","Miami, IN",3,CAINC4,7020,"..."," Wage and salary employment ","Number of jobs",15328,14795,14451,15126,15257,15028,14063,14336,14335,14220,14019,13334,13032,12368,12258,12647,12948,13301,13270,13238,13407,13368,13114,12838,12458,11762,10514,10553,10860,11127,11434,11841,11697,11465,11380,11466,11714,11470,11302,11110,10116,9809,9967,10080,10088,10131,10195,10338,10226,10266,10020,9434,9537,9419
 "18103","Miami, IN",3,CAINC4,7040,"..."," Proprietors employment ","Number of jobs",2943,2883,2867,2967,2938,2982,2993,3059,3055,3044,3008,2999,2914,2951,3078,3073,3094,3053,3039,3130,3182,3267,3289,3340,3234,3190,3302,3388,3441,3373,3210,3290,3424,3359,3380,3381,3342,3378,3384,3304,3186,3170,3267,3266,3225,3305,3250,3064,3115,3251,3095,3282,3344,3510
 "18105","Monroe, IN",3,CAINC4,10,"...","Personal income (thousands of dollars) ","Thousands of dollars",243648,264804,303959,332118,368000,397084,430553,487050,547571,624418,684729,771689,864935,924363,994774,1085490,1162565,1259705,1351983,1465604,1612054,1731429,1822544,1953977,2036872,2126026,2241606,2380290,2541792,2706255,2816402,2982707,3028601,3074689,3227638,3429273,3548024,3779381,3918154,4238465,4223948,4300980,4572452,4764967,4780326,5019221,5279510,5559733,5878131,6151725,6394047,6770492,7384606,7602108
 "18105","Monroe, IN",3,CAINC4,11,"..."," Nonfarm personal income 1/","Thousands of dollars",242596,264273,303276,331270,365896,395895,429323,485213,546561,623481,684138,772399,865941,924615,997260,1086464,1164886,1261889,1353608,1468045,1611863,1731303,1822843,1952713,2035880,2125156,2240831,2378800,2540703,2704908,2815416,2981302,3027171,3073651,3225903,3427038,3545881,3777965,3916008,4235005,4221210,4298674,4569043,4764576,4776236,5018026,5280995,5559854,5878628,6152259,6394147,6769405,7381442,7601655
 "18105","Monroe, IN",3,CAINC4,12,"..."," Farm income 2/","Thousands of dollars",1052,531,683,848,2104,1189,1230,1837,1010,937,591,-710,-1006,-252,-2486,-974,-2321,-2184,-1625,-2441,191,126,-299,1264,992,870,775,1490,1089,1347,986,1405,1430,1038,1735,2235,2143,1416,2146,3460,2738,2306,3409,391,4090,1195,-1485,-121,-497,-534,-100,1087,3164,453
 "18105","Monroe, IN",3,CAINC4,20,"...","Population (persons) 3/","Number of persons",81933,85470,87186,90506,90693,92422,89832,91670,94678,96776,97116,99207,100684,101721,102108,102014,102123,102951,104098,105324,107794,109384,110204,111690,113319,115084,116197,117115,118316,119308,120325,120872,121696,122628,124514,126359,128121,130677,132514,134401,136198,138372,139261,139722,139512,140034,140071,140704,140749,140470,140375,139571,140135,139745
 "18105","Monroe, IN",3,CAINC4,30,"...","Per capita personal income (dollars) 4/","Dollars",2974,3098,3486,3670,4058,4296,4793,5313,5784,6452,7051,7779,8591,9087,9742,10641,11384,12236,12988,13915,14955,15829,16538,17495,17975,18474,19291,20324,21483,22683,23407,24677,24887,25073,25922,27139,27693,28922,29568,31536,31013,31083,32834,34103,34265,35843,37692,39514,41763,43794,45550,48509,52696,54400
 "18105","Monroe, IN",3,CAINC4,35,"...","Earnings by place of work ","Thousands of dollars",220934,235428,274121,296010,327044,342979,345887,402987,452294,513438,554131,607865,670617,707906,768269,842813,903680,995001,1093412,1187379,1284730,1378230,1463659,1586968,1665637,1751759,1835049,1937763,2075722,2194689,2310364,2453960,2461426,2552259,2687911,2790426,2888811,2990647,3083659,3182757,3205912,3245214,3380555,3513535,3542718,3682159,3900973,4086514,4336434,4529245,4728471,4880391,5243272,5598700
 "18105","Monroe, IN",3,CAINC4,36,"...","Less: Contributions for government social insurance 5/","Thousands of dollars",15211,16007,19387,22200,28205,31043,31012,36212,40299,46985,52584,57274,68320,73290,79265,87709,95239,105165,113288,128866,139357,153860,164928,177424,187175,201208,210954,221291,236274,246304,256787,270312,266585,276974,293156,305070,320972,333876,347994,360330,363579,363644,330285,342200,395510,409832,432716,445171,470910,486241,511428,544265,583987,625060
 "18105","Monroe, IN",3,CAINC4,37,"..."," Employee and self-employed contributions for government social insurance ","Thousands of dollars",7784,8248,9871,11089,14001,15699,15780,17937,19886,23092,25983,28751,34430,37169,39819,43362,48718,54208,58719,66731,72809,79996,86354,92883,98322,104551,109587,114096,122806,126113,131454,138118,138665,144267,151698,157373,164356,172649,180895,185954,187741,187671,150027,155567,205862,213282,226327,235332,250201,261305,275260,291739,315294,339463
 "18105","Monroe, IN",3,CAINC4,38,"..."," Employer contributions for government social insurance ","Thousands of dollars",7427,7759,9516,11111,14204,15344,15232,18275,20413,23893,26601,28523,33890,36121,39446,44347,46521,50957,54569,62135,66548,73864,78574,84541,88853,96657,101367,107195,113468,120191,125333,132194,127920,132707,141458,147697,156616,161227,167099,174376,175838,175973,180258,186633,189648,196550,206389,209839,220709,224936,236168,252526,268693,285597
 "18105","Monroe, IN",3,CAINC4,42,"...","Plus: Adjustment for residence 6/","Thousands of dollars",-12296,-13001,-16867,-15352,-15855,-14371,-6581,-10226,-10373,-10145,-5530,-7684,-10121,-13541,-21535,-22718,-22131,-29407,-40584,-47099,-53456,-56822,-66316,-82749,-100270,-127518,-140343,-157879,-181622,-200447,-218924,-250401,-255957,-261271,-282457,-280805,-278472,-278219,-277362,-268286,-248230,-238962,-236025,-231837,-223499,-232407,-260543,-263661,-280586,-278401,-299542,-332406,-393398,-404665
 "18105","Monroe, IN",3,CAINC4,45,"...","Equals: Net earnings by place of residence ","Thousands of dollars",193427,206420,237867,258458,282984,297565,308294,356549,401622,456308,496017,542907,592176,621075,667469,732386,786310,860429,939540,1011414,1091917,1167548,1232415,1326795,1378192,1423033,1483752,1558593,1657826,1747938,1834653,1933247,1938884,2014014,2112298,2204551,2289367,2378552,2458303,2554141,2594103,2642608,2814245,2939498,2923709,3039920,3207714,3377682,3584938,3764603,3917501,4003720,4265887,4568975
 "18105","Monroe, IN",3,CAINC4,46,"...","Plus: Dividends, interest, and rent 7/","Thousands of dollars",36039,41602,46854,51645,57974,66529,76275,84609,96270,111238,122943,151746,185409,206583,223359,243561,259937,279293,285080,315862,366213,396419,404238,420543,440190,476719,522293,562305,613066,658896,659240,705072,718184,668023,706117,793688,786448,888481,919457,1047144,944252,904207,1001322,1047925,1076797,1129890,1189517,1257876,1345580,1393641,1426238,1414610,1587359,1679343
 "18105","Monroe, IN",3,CAINC4,47,"...","Plus: Personal current transfer receipts ","Thousands of dollars",14182,16782,19238,22015,27042,32990,45984,45892,49679,56872,65769,77036,87350,96705,103946,109543,116318,119983,127363,138328,153924,167462,185891,206639,218490,226274,235561,259392,270900,299421,322509,344388,371533,392652,409223,431034,472209,512348,540394,637180,685593,754165,756885,777544,779820,849411,882279,924175,947613,993481,1050308,1352162,1531360,1353790
 "18105","Monroe, IN",3,CAINC4,50,"...","Wages and salaries ","Thousands of dollars",179648,192512,223449,238218,259018,271165,269232,310864,348938,396200,429958,475255,526227,554300,597872,642911,684350,749497,820690,890210,958174,1035188,1095423,1172590,1224428,1299114,1366851,1455341,1536965,1631364,1701148,1799951,1803773,1854740,1950466,2016235,2081360,2157111,2256934,2345531,2371970,2373594,2448064,2519880,2562692,2641504,2809529,2908564,3070506,3163624,3301735,3469875,3777511,4086376
 "18105","Monroe, IN",3,CAINC4,60,"...","Supplements to wages and salaries ","Thousands of dollars",18595,20405,25532,29726,33517,36541,38798,45859,52157,60744,67169,76106,87772,98190,110398,121556,134492,150711,166253,185239,208561,231172,252325,285476,302389,322101,332441,345675,358440,381217,416696,455258,469479,494959,543635,574841,608060,630043,660538,686942,679859,697093,718869,731519,722380,792846,804058,833257,873562,941058,961910,993081,1018493,1054992
 "18105","Monroe, IN",3,CAINC4,61,"..."," Employer contributions for employee pension and insurance funds 8/","Thousands of dollars",11168,12646,16016,18615,19313,21197,23566,27584,31744,36851,40568,47583,53882,62069,70952,77209,87971,99754,111684,123104,142013,157308,173751,200935,213536,225444,231074,238480,244972,261026,291363,323064,341559,362252,402177,427144,451444,468816,493439,512566,504021,521120,538611,544886,532732,596296,597669,623418,652853,716122,725742,740555,749800,769395
 "18105","Monroe, IN",3,CAINC4,62,"..."," Employer contributions for government social insurance ","Thousands of dollars",7427,7759,9516,11111,14204,15344,15232,18275,20413,23893,26601,28523,33890,36121,39446,44347,46521,50957,54569,62135,66548,73864,78574,84541,88853,96657,101367,107195,113468,120191,125333,132194,127920,132707,141458,147697,156616,161227,167099,174376,175838,175973,180258,186633,189648,196550,206389,209839,220709,224936,236168,252526,268693,285597
 "18105","Monroe, IN",3,CAINC4,70,"...","Proprietors' income 9/","Thousands of dollars",22691,22511,25140,28066,34509,35273,37857,46264,51199,56494,57004,56504,56618,55416,59999,78346,84838,94793,106469,111930,117995,111870,115911,128902,138820,130544,135757,136747,180317,182108,192520,198751,188174,202560,193810,199350,199391,203493,166187,150284,154083,174527,213622,262136,257646,247809,287386,344693,392366,424563,464826,417435,447268,457332
 "18105","Monroe, IN",3,CAINC4,71,"..."," Farm proprietors' income ","Thousands of dollars",899,378,534,701,1943,997,978,1502,591,576,226,-1064,-1336,-598,-2846,-1364,-2752,-2620,-2095,-2929,-313,-428,-821,735,445,354,275,1019,586,508,-34,172,-128,-612,30,510,633,112,760,2348,1649,1299,2581,-484,3180,239,-2265,-916,-1470,-1599,-920,208,2383,-443
 "18105","Monroe, IN",3,CAINC4,72,"..."," Nonfarm proprietors' income ","Thousands of dollars",21792,22133,24606,27365,32566,34276,36879,44762,50608,55918,56778,57568,57954,56014,62845,79710,87590,97413,108564,114859,118308,112298,116732,128167,138375,130190,135482,135728,179731,181600,192554,198579,188302,203172,193780,198840,198758,203381,165427,147936,152434,173228,211041,262620,254466,247570,289651,345609,393836,426162,465746,417227,444885,457775
 "18105","Monroe, IN",3,CAINC4,7010,"...","Total employment ","Number of jobs",36966,37215,40833,42438,43879,43639,41361,44055,45214,46726,47684,49638,50146,50839,51635,53576,55385,57360,60079,62386,63693,64999,65294,66740,68306,70011,71990,74269,75361,75861,77500,78464,79307,79258,81699,82868,83531,84506,86452,86479,86342,85340,85784,85436,85281,86327,86971,88070,89835,91519,92379,89687,91905,95835
 "18105","Monroe, IN",3,CAINC4,7020,"..."," Wage and salary employment ","Number of jobs",33919,34048,37384,38574,39651,39117,36518,39040,39892,41188,41891,43504,43946,44158,44515,46120,47494,49136,51428,53736,55458,56810,56920,58502,59904,61506,62742,64820,66299,66603,68426,69021,67588,67294,69514,70100,70262,70882,72195,72297,71988,71194,71418,71135,70682,71290,71755,72292,73407,74774,76418,73085,74500,77253
 "18105","Monroe, IN",3,CAINC4,7040,"..."," Proprietors employment ","Number of jobs",3047,3167,3449,3864,4228,4522,4843,5015,5322,5538,5793,6134,6200,6681,7120,7456,7891,8224,8651,8650,8235,8189,8374,8238,8402,8505,9248,9449,9062,9258,9074,9443,11719,11964,12185,12768,13269,13624,14257,14182,14354,14146,14366,14301,14599,15037,15216,15778,16428,16745,15961,16602,17405,18582
 "18107","Montgomery, IN",3,CAINC4,10,"...","Personal income (thousands of dollars) ","Thousands of dollars",117926,122788,135705,147608,181474,182569,213914,230855,245760,277392,304755,314385,340594,358196,371282,426897,441601,456237,470759,498221,556719,580449,597727,673219,719017,764598,759213,815632,844046,877021,873726,934607,976404,967488,973879,1056210,1073847,1123804,1174603,1245693,1209164,1275574,1321861,1320276,1393119,1397519,1435161,1452745,1445631,1497946,1544180,1690768,1876052,1911453
 "18107","Montgomery, IN",3,CAINC4,11,"..."," Nonfarm personal income 1/","Thousands of dollars",108604,115814,123354,135913,151906,169163,187536,209505,231713,260053,290670,310958,337400,357887,379205,410534,425937,446046,454365,492467,539024,560055,598324,652180,691748,740658,751265,786181,822020,861520,864831,920402,956911,951666,949073,1014264,1045276,1096855,1133042,1194838,1169370,1243851,1258104,1296205,1297267,1374450,1442608,1434249,1432540,1482574,1538856,1658269,1814215,1855144
 "18107","Montgomery, IN",3,CAINC4,12,"..."," Farm income 2/","Thousands of dollars",9322,6974,12351,11695,29568,13406,26378,21350,14047,17339,14085,3427,3194,309,-7923,16363,15664,10191,16394,5754,17695,20394,-597,21039,27269,23940,7948,29451,22026,15501,8895,14205,19493,15822,24806,41946,28571,26949,41561,50855,39794,31723,63757,24071,95852,23069,-7447,18496,13091,15372,5324,32499,61837,56309
 "18107","Montgomery, IN",3,CAINC4,20,"...","Population (persons) 3/","Number of persons",33794,33953,34279,34634,35046,35201,35406,35395,35495,35638,35625,35475,35298,35160,35152,34972,35033,34731,34410,34383,34617,34491,34870,35325,35840,36254,36641,36889,37109,37334,37545,37601,37793,37782,37634,37795,38105,38040,38172,38204,38180,38086,38290,38090,38014,37989,38045,37991,38052,37921,37904,37942,38061,38273
 "18107","Montgomery, IN",3,CAINC4,30,"...","Per capita personal income (dollars) 4/","Dollars",3490,3616,3959,4262,5178,5186,6042,6522,6924,7784,8555,8862,9649,10188,10562,12207,12605,13136,13681,14490,16082,16829,17142,19058,20062,21090,20720,22110,22745,23491,23271,24856,25836,25607,25878,27946,28181,29543,30771,32606,31670,33492,34522,34662,36648,36787,37723,38239,37991,39502,40739,44562,49291,49943
 "18107","Montgomery, IN",3,CAINC4,35,"...","Earnings by place of work ","Thousands of dollars",95608,97768,106710,116039,144734,140812,163672,176180,184296,210498,228173,220961,232321,235253,250409,305993,318923,335195,356576,391252,442583,470018,482214,554880,593761,640084,617014,661457,684574,690695,689902,732549,765224,783917,781226,834790,845093,876802,885847,903251,824512,853162,895712,893445,979932,953760,980429,987990,978399,1002659,1001229,1052660,1140599,1241023
 "18107","Montgomery, IN",3,CAINC4,36,"...","Less: Contributions for government social insurance 5/","Thousands of dollars",5910,6200,6687,7810,9957,11655,12369,14055,15330,17844,20292,20994,23814,24862,27395,31670,33781,36562,37686,44092,48328,52999,57440,62626,66978,73707,72994,75327,78425,79256,79478,83087,84320,86973,86896,92771,96227,100477,99947,101496,94838,95536,86853,89704,103473,108119,114802,113523,115828,119769,122638,128630,134588,148067
 "18107","Montgomery, IN",3,CAINC4,37,"..."," Employee and self-employed contributions for government social insurance ","Thousands of dollars",3158,3316,3578,4096,5140,5999,6385,7069,7639,8794,10154,10550,12062,12714,13792,15554,17083,18453,19162,22501,25198,27186,29686,32282,34496,37923,37972,38943,40717,40664,40769,42456,44121,45840,45466,47978,49995,52848,53136,54370,50776,51780,41640,43060,55748,58430,61831,61412,62627,65507,67181,70689,74556,82794
 "18107","Montgomery, IN",3,CAINC4,38,"..."," Employer contributions for government social insurance ","Thousands of dollars",2752,2884,3109,3714,4817,5656,5984,6986,7691,9050,10138,10444,11752,12148,13603,16116,16698,18109,18524,21591,23130,25813,27754,30344,32482,35784,35022,36384,37708,38592,38709,40631,40199,41133,41430,44793,46232,47629,46811,47126,44062,43756,45213,46644,47725,49689,52971,52111,53201,54262,55457,57941,60032,65273
 "18107","Montgomery, IN",3,CAINC4,42,"...","Plus: Adjustment for residence 6/","Thousands of dollars",2145,1946,2905,3639,4640,5609,5888,6989,9372,11367,14236,16401,15788,12344,7368,3260,468,-4148,-8180,-20319,-26760,-34307,-35173,-39719,-40275,-43735,-33913,-32155,-28599,-18364,-9871,-5824,-6505,-16395,-9807,385,-2081,2102,15824,20866,49121,69833,67433,51958,51697,48654,47470,47315,45599,52209,69187,69052,89195,78174
 "18107","Montgomery, IN",3,CAINC4,45,"...","Equals: Net earnings by place of residence ","Thousands of dollars",91843,93514,102928,111868,139417,134766,157191,169114,178338,204021,222117,216368,224295,222735,230382,277583,285610,294485,310710,326841,367495,382712,389601,452535,486508,522642,510107,553975,577550,593075,600553,643638,674399,680549,684523,742404,746785,778427,801724,822621,778795,827459,876292,855699,928156,894295,913097,921782,908170,935099,947778,993082,1095206,1171130
 "18107","Montgomery, IN",3,CAINC4,46,"...","Plus: Dividends, interest, and rent 7/","Thousands of dollars",17309,19254,21080,22551,26257,29924,35487,38251,43448,46759,51699,61373,73344,87755,89072,94983,98355,101362,98446,106498,117244,119280,121681,121335,129108,136517,139566,147969,147911,159521,143902,151954,151351,129897,128121,140868,139174,144447,162486,183281,164471,161530,165002,174155,175155,188840,194998,191392,192143,202849,209229,215439,228714,244738
 "18107","Montgomery, IN",3,CAINC4,47,"...","Plus: Personal current transfer receipts ","Thousands of dollars",8774,10020,11697,13189,15800,17879,21236,23490,23974,26612,30939,36644,42955,47706,51828,54331,57636,60390,61603,64882,71980,78457,86445,99349,103401,105439,109540,113688,118585,124425,129271,139015,150654,157042,161235,172938,187888,200930,210393,239791,265898,286585,280567,290422,289808,314384,327066,339571,345318,359998,387173,482247,552132,495585
 "18107","Montgomery, IN",3,CAINC4,50,"...","Wages and salaries ","Thousands of dollars",70069,74796,77079,84663,93229,103403,110837,124411,134495,150378,164147,172265,181871,186025,202243,227211,237700,255404,265334,300826,325821,351113,375171,410726,434325,472420,467475,489312,511530,521795,524513,553621,550232,562244,558518,599194,611987,634552,629836,630879,572956,575005,593195,615661,621447,647008,688921,693487,715398,743753,752158,761225,807958,904783
 "18107","Montgomery, IN",3,CAINC4,60,"...","Supplements to wages and salaries ","Thousands of dollars",7072,7580,8151,9732,11218,12781,14854,16915,19216,22331,24709,26568,28768,31136,35441,40431,43572,48269,51955,58919,66793,73820,81394,95151,101683,110855,105086,106036,108387,109418,114246,124450,123812,129915,134644,143017,152602,157659,159967,160779,142514,145112,146600,153263,151216,164733,168207,170827,172954,183001,178537,182467,186786,196452
 "18107","Montgomery, IN",3,CAINC4,61,"..."," Employer contributions for employee pension and insurance funds 8/","Thousands of dollars",4320,4696,5042,6018,6401,7125,8870,9929,11525,13281,14571,16124,17016,18988,21838,24315,26874,30160,33431,37328,43663,48007,53640,64807,69201,75071,70064,69652,70679,70826,75537,83819,83613,88782,93214,98224,106370,110030,113156,113653,98452,101356,101387,106619,103491,115044,115236,118716,119753,128739,123080,124526,126754,131179
 "18107","Montgomery, IN",3,CAINC4,62,"..."," Employer contributions for government social insurance ","Thousands of dollars",2752,2884,3109,3714,4817,5656,5984,6986,7691,9050,10138,10444,11752,12148,13603,16116,16698,18109,18524,21591,23130,25813,27754,30344,32482,35784,35022,36384,37708,38592,38709,40631,40199,41133,41430,44793,46232,47629,46811,47126,44062,43756,45213,46644,47725,49689,52971,52111,53201,54262,55457,57941,60032,65273
 "18107","Montgomery, IN",3,CAINC4,70,"...","Proprietors' income 9/","Thousands of dollars",18467,15392,21480,21644,40287,24628,37981,34854,30585,37789,39317,22128,21682,18092,12725,38351,37651,31522,39287,31507,49969,45085,25649,49003,57753,56809,44453,66109,64657,59482,51143,54478,91180,91758,88064,92579,80504,84591,96044,111593,109042,133045,155917,124521,207269,142019,123301,123676,90047,75905,70534,108968,145855,139788
 "18107","Montgomery, IN",3,CAINC4,71,"..."," Farm proprietors' income ","Thousands of dollars",8700,6303,11655,10952,28660,12246,24975,19612,11979,15478,11841,883,457,-2950,-10860,13649,13158,8035,14454,3319,14850,16856,-4189,17039,23361,20631,5121,27083,19706,11947,4786,9418,13529,9633,18490,35661,23210,22480,37020,46797,35340,27091,59419,18872,90459,17414,-12083,13745,7334,9039,374,27223,57159,51018
 "18107","Montgomery, IN",3,CAINC4,72,"..."," Nonfarm proprietors' income ","Thousands of dollars",9767,9089,9825,10692,11627,12382,13006,15242,18606,22311,27476,21245,21225,21042,23585,24702,24493,23487,24833,28188,35119,28229,29838,31964,34392,36178,39332,39026,44951,47535,46357,45060,77651,82125,69574,56918,57294,62111,59024,64796,73702,105954,96498,105649,116810,124605,135384,109931,82713,66866,70160,81745,88696,88770
 "18107","Montgomery, IN",3,CAINC4,7010,"...","Total employment ","Number of jobs",14991,14650,14672,15178,15495,15801,15657,16101,16314,16859,17176,16618,16287,15966,16504,17489,17805,18139,18680,19831,20303,20757,20976,22137,22819,23608,23494,23378,23441,22821,22243,22600,22146,21643,21303,21502,21774,21629,21486,20865,19629,19552,19544,19847,19976,20279,20834,20489,20459,20555,20151,19871,20125,20937
 "18107","Montgomery, IN",3,CAINC4,7020,"..."," Wage and salary employment ","Number of jobs",11300,11106,10993,11439,11877,12146,12063,12538,12755,13322,13742,13251,12912,12579,13024,13985,14260,14606,15135,16167,16675,17096,17331,18496,19133,19965,19631,19404,19461,18919,18313,18559,18065,17822,17586,17789,17897,17731,17328,16755,15528,15461,15454,15720,15743,16019,16639,16265,16255,16296,16063,15636,15695,16251
 "18107","Montgomery, IN",3,CAINC4,7040,"..."," Proprietors employment ","Number of jobs",3691,3544,3679,3739,3618,3655,3594,3563,3559,3537,3434,3367,3375,3387,3480,3504,3545,3533,3545,3664,3628,3661,3645,3641,3686,3643,3863,3974,3980,3902,3930,4041,4081,3821,3717,3713,3877,3898,4158,4110,4101,4091,4090,4127,4233,4260,4195,4224,4204,4259,4088,4235,4430,4686
 "18109","Morgan, IN",3,CAINC4,10,"...","Personal income (thousands of dollars) ","Thousands of dollars",151601,152928,170291,187444,219480,239690,259748,293854,325314,370120,423055,471993,517326,533104,563603,620329,658467,698792,749708,806019,870087,927397,985354,1069362,1145298,1231462,1306172,1416845,1502395,1639377,1722624,1822320,1882464,1907998,1969841,2083757,2131200,2239386,2292916,2379547,2333459,2409026,2525236,2572870,2611247,2670096,2732679,2840125,2932354,3059079,3196346,3419057,3777410,3875931
 "18109","Morgan, IN",3,CAINC4,11,"..."," Nonfarm personal income 1/","Thousands of dollars",146653,150247,165201,183522,208279,230874,250681,283491,320239,364045,418991,469406,513291,532261,568986,617341,654855,698069,746995,805520,865102,924444,985561,1066145,1142334,1229934,1304927,1409011,1496361,1636496,1720902,1818644,1879342,1910344,1961811,2067318,2116702,2222741,2274572,2359728,2302778,2389805,2505747,2567119,2577951,2663857,2732905,2832220,2921279,3049109,3188464,3402631,3751540,3853095
 "18109","Morgan, IN",3,CAINC4,12,"..."," Farm income 2/","Thousands of dollars",4948,2681,5090,3922,11201,8816,9067,10363,5075,6075,4064,2587,4035,843,-5383,2988,3612,723,2713,499,4985,2953,-207,3217,2964,1528,1245,7834,6034,2881,1722,3676,3122,-2346,8030,16439,14498,16645,18344,19819,30681,19221,19489,5751,33296,6239,-226,7905,11075,9970,7882,16426,25870,22836
 "18109","Morgan, IN",3,CAINC4,20,"...","Population (persons) 3/","Number of persons",43114,44247,44519,45470,46645,47342,48134,48471,49816,50647,51213,52174,52761,52650,52748,53448,53858,54189,54514,54525,55081,56215,57058,58318,59116,60489,61489,62709,64128,64870,66098,66838,66884,67266,67729,67795,68037,68308,68354,68964,68583,69165,69372,69428,69705,69971,70148,70336,70628,71013,71421,71848,72260,72236
 "18109","Morgan, IN",3,CAINC4,30,"...","Per capita personal income (dollars) 4/","Dollars",3516,3456,3825,4122,4705,5063,5396,6062,6530,7308,8261,9047,9805,10125,10685,11606,12226,12895,13753,14783,15796,16497,17269,18337,19374,20358,21242,22594,23428,25272,26062,27265,28145,28365,29084,30736,31324,32784,33545,34504,34024,34830,36401,37058,37461,38160,38956,40379,41518,43078,44754,47587,52275,53657
 "18109","Morgan, IN",3,CAINC4,35,"...","Earnings by place of work ","Thousands of dollars",51217,50469,56941,60520,75548,79642,85731,100916,108052,122662,137587,144810,153624,153789,163865,191236,203128,221435,255411,275967,299679,323869,332681,355415,385239,410370,434883,469699,484345,526564,556561,589551,621345,641539,673608,724336,736688,775236,783695,789259,772613,778372,821814,854732,896376,884226,894398,992891,1012789,997116,1020894,1074818,1152456,1207094
 "18109","Morgan, IN",3,CAINC4,36,"...","Less: Contributions for government social insurance 5/","Thousands of dollars",3106,3162,3550,4094,5212,6165,6648,7760,8774,10235,12219,13082,14875,15694,17100,19449,21172,23633,26825,30592,33000,36784,38811,40916,44739,48855,51918,54532,56677,60865,63569,66594,68090,71249,75198,81471,85778,90432,92165,94154,91286,91245,84943,89257,102701,106329,110493,123490,126658,125352,129010,139454,147812,157482
 "18109","Morgan, IN",3,CAINC4,37,"..."," Employee and self-employed contributions for government social insurance ","Thousands of dollars",1767,1821,2034,2317,2915,3487,3739,4247,4708,5433,6469,7054,8043,8560,9266,10335,11570,12916,14645,16771,18451,20253,21547,22788,25023,27375,29157,30434,31300,32873,34437,35820,37959,39818,41969,45242,47722,50901,52522,54044,52656,52933,45197,47446,60111,62055,64109,71257,74132,75411,77920,84687,90339,98130
 "18109","Morgan, IN",3,CAINC4,38,"..."," Employer contributions for government social insurance ","Thousands of dollars",1339,1341,1516,1777,2297,2678,2909,3513,4066,4802,5750,6028,6832,7134,7834,9114,9602,10717,12180,13821,14549,16531,17264,18128,19716,21480,22761,24098,25377,27992,29132,30774,30131,31431,33229,36229,38056,39531,39643,40110,38630,38312,39746,41811,42590,44274,46384,52233,52526,49941,51090,54767,57473,59352
 "18109","Morgan, IN",3,CAINC4,42,"...","Plus: Adjustment for residence 6/","Thousands of dollars",78146,76508,83340,94104,105611,114951,118949,133257,152692,175117,202519,223539,241805,241154,248962,272484,291492,307871,327043,349410,374621,394805,431085,472685,508347,554960,599107,653912,708104,778963,833816,870119,879829,866658,871895,926482,944083,969104,976596,959749,897019,915634,962235,987711,976070,992069,1006412,996949,1046571,1149162,1206499,1206898,1316716,1448567
 "18109","Morgan, IN",3,CAINC4,45,"...","Equals: Net earnings by place of residence ","Thousands of dollars",126257,123815,136731,150530,175947,188428,198032,226413,251970,287544,327887,355267,380554,379249,395727,444271,473448,505673,555629,594785,641300,681890,724955,787184,848847,916475,982072,1069079,1135772,1244662,1326808,1393076,1433084,1436948,1470305,1569347,1594993,1653908,1668126,1654854,1578346,1602761,1699106,1753186,1769745,1769966,1790317,1866350,1932702,2020926,2098383,2142262,2321360,2498179
 "18109","Morgan, IN",3,CAINC4,46,"...","Plus: Dividends, interest, and rent 7/","Thousands of dollars",15747,18011,20339,22081,25741,30165,34671,37661,42513,47422,54011,65417,79266,90734,98550,104309,109454,113829,114459,127428,137551,143592,147675,151342,158292,168400,173809,186957,199747,217544,209369,223610,225704,228271,244041,244359,234802,258368,276787,314823,303933,317596,330301,308938,314457,335043,351827,361932,374345,383235,400022,402400,440659,473607
 "18109","Morgan, IN",3,CAINC4,47,"...","Plus: Personal current transfer receipts ","Thousands of dollars",9597,11102,13221,14833,17792,21097,27045,29780,30831,35154,41157,51309,57506,63121,69326,71749,75565,79290,79620,83806,91236,101915,112724,130836,138159,146587,150291,160809,166876,177171,186447,205634,223676,242779,255495,270051,301405,327110,348003,409870,451180,488669,495829,510746,527045,565087,590535,611843,625307,654918,697941,874395,1015391,904145
 "18109","Morgan, IN",3,CAINC4,50,"...","Wages and salaries ","Thousands of dollars",33506,34249,37050,39910,44496,49554,53803,62446,71087,80369,93424,100839,107547,111430,119715,132892,141911,157796,182354,199573,210513,232345,239787,250934,270993,287047,302773,320466,335417,368817,386007,409187,413169,426575,443942,478975,493018,514866,521070,528991,504883,500034,515538,537027,546853,568356,603610,690454,705778,679779,690584,719400,773759,824602
 "18109","Morgan, IN",3,CAINC4,60,"...","Supplements to wages and salaries ","Thousands of dollars",3525,3733,4191,4783,5505,6294,7436,8911,10643,12505,14568,15951,17432,19226,21658,24758,27618,31486,36598,39936,44476,50922,54558,60022,65921,70201,71984,73930,75968,84202,91467,100104,100706,104138,111470,120413,127331,132911,136424,138749,126700,129865,132396,137542,137245,149481,150466,168707,170700,172717,172568,179844,182372,185711
 "18109","Morgan, IN",3,CAINC4,61,"..."," Employer contributions for employee pension and insurance funds 8/","Thousands of dollars",2186,2392,2675,3006,3208,3616,4527,5398,6577,7703,8818,9923,10600,12092,13824,15644,18016,20769,24418,26115,29927,34391,37294,41894,46205,48721,49223,49832,50591,56210,62335,69330,70575,72707,78241,84184,89275,93380,96781,98639,88070,91553,92650,95731,94655,105207,104082,116474,118174,122776,121478,125077,124899,126359
 "18109","Morgan, IN",3,CAINC4,62,"..."," Employer contributions for government social insurance ","Thousands of dollars",1339,1341,1516,1777,2297,2678,2909,3513,4066,4802,5750,6028,6832,7134,7834,9114,9602,10717,12180,13821,14549,16531,17264,18128,19716,21480,22761,24098,25377,27992,29132,30774,30131,31431,33229,36229,38056,39531,39643,40110,38630,38312,39746,41811,42590,44274,46384,52233,52526,49941,51090,54767,57473,59352
 "18109","Morgan, IN",3,CAINC4,70,"...","Proprietors' income 9/","Thousands of dollars",14186,12487,15700,15827,25547,23794,24492,29559,26322,29788,29595,28020,28645,23133,22492,33586,33599,32153,36459,36458,44690,40602,38336,44459,48325,53122,60126,75303,72960,73545,79087,80260,107470,110826,118196,124948,116339,127459,126201,121519,141030,148473,173880,180163,212278,166389,140322,133730,136311,144620,157742,175574,196325,196781
 "18109","Morgan, IN",3,CAINC4,71,"..."," Farm proprietors' income ","Thousands of dollars",4472,2171,4565,3362,10523,7957,8005,9010,3424,4640,2534,1024,2523,-861,-7004,1397,2047,-698,1361,-982,3428,1172,-1899,1443,1077,-226,-414,6281,4338,1054,120,2202,1627,-3633,6424,14492,12480,14597,15734,17314,27783,16082,16477,2032,29443,2190,-3530,4527,6953,5454,4377,12684,22547,19048
 "18109","Morgan, IN",3,CAINC4,72,"..."," Nonfarm proprietors' income ","Thousands of dollars",9714,10316,11135,12465,15024,15837,16487,20549,22898,25148,27061,26996,26122,23994,29496,32189,31552,32851,35098,37440,41262,39430,40235,43016,47248,53348,60540,69022,68622,72491,78967,78058,105843,114459,111772,110456,103859,112862,110467,104205,113247,132391,157403,178131,182835,164199,143852,129203,129358,139166,153365,162890,173778,177733
 "18109","Morgan, IN",3,CAINC4,7010,"...","Total employment ","Number of jobs",9730,9619,9971,10350,10731,10939,11252,12024,12780,13341,13714,13562,13336,13531,14021,14541,14913,15436,16532,16834,17312,18128,17986,18157,18799,19392,20239,20518,21097,19758,19980,20480,22591,22481,22719,23361,23319,23464,23610,23075,22103,21874,22164,22638,22647,22907,23333,24720,25093,24771,24054,23915,24683,25210
 "18109","Morgan, IN",3,CAINC4,7020,"..."," Wage and salary employment ","Number of jobs",6881,6754,6974,7082,7424,7579,7834,8453,9098,9585,9917,9692,9460,9491,9681,10231,10634,11242,12396,12655,13195,13807,13690,13832,14334,14673,14967,15006,15251,15553,15926,16289,16178,16065,16105,16582,16611,16751,16660,16234,15531,15382,15514,16058,16047,16081,16569,17595,17701,17197,17018,16463,16834,16872
 "18109","Morgan, IN",3,CAINC4,7040,"..."," Proprietors employment ","Number of jobs",2849,2865,2997,3268,3307,3360,3418,3571,3682,3756,3797,3870,3876,4040,4340,4310,4279,4194,4136,4179,4117,4321,4296,4325,4465,4719,5272,5512,5846,4205,4054,4191,6413,6416,6614,6779,6708,6713,6950,6841,6572,6492,6650,6580,6600,6826,6764,7125,7392,7574,7036,7452,7849,8338
 "18111","Newton, IN",3,CAINC4,10,"...","Personal income (thousands of dollars) ","Thousands of dollars",43135,40510,49036,49057,67312,68089,77320,88014,94267,106004,125577,122055,139264,143688,137232,155032,166671,158368,173707,172591,199537,209398,198400,228838,241002,264616,265221,296842,297003,307380,316189,330057,338425,342486,353451,397049,402510,418221,443074,480838,432700,441279,487388,495156,550924,531025,520156,517206,520282,547744,568756,630458,704960,714562
 "18111","Newton, IN",3,CAINC4,11,"..."," Nonfarm personal income 1/","Thousands of dollars",35164,36657,40743,45432,54389,58960,64926,75121,86262,97932,111123,121421,134393,140524,144068,150813,155171,158268,162775,175019,184987,200770,207690,224082,239755,258477,266481,279005,284503,294641,300975,315660,321174,324684,331888,359758,374492,396468,405866,425581,412405,417525,440913,455883,454274,465726,479520,487884,502011,522912,550092,589200,631304,640970
 "18111","Newton, IN",3,CAINC4,12,"..."," Farm income 2/","Thousands of dollars",7971,3853,8293,3625,12923,9129,12394,12893,8005,8072,14454,634,4871,3164,-6836,4219,11500,100,10932,-2428,14550,8628,-9290,4756,1247,6139,-1260,17837,12500,12739,15214,14397,17251,17802,21563,37291,28018,21753,37208,55257,20295,23754,46475,39273,96650,65299,40636,29322,18271,24832,18664,41258,73656,73592
 "18111","Newton, IN",3,CAINC4,20,"...","Population (persons) 3/","Number of persons",11606,11681,12076,12051,12573,12895,13240,13516,14075,14247,14316,14833,14759,14454,14192,14108,13969,13738,13485,13509,13504,13570,13730,13827,13910,13977,14268,14426,14523,14595,14596,14525,14358,14343,14446,14386,14485,14326,14374,14348,14207,14231,14073,14023,13999,14050,13925,13946,13963,13895,13878,13786,13793,13823
 "18111","Newton, IN",3,CAINC4,30,"...","Per capita personal income (dollars) 4/","Dollars",3717,3468,4061,4071,5354,5280,5840,6512,6697,7440,8772,8229,9436,9941,9670,10989,11931,11528,12881,12776,14776,15431,14450,16550,17326,18932,18589,20577,20451,21061,21663,22723,23570,23878,24467,27600,27788,29193,30825,33513,30457,31008,34633,35310,39355,37795,37354,37086,37261,39420,40983,45732,51110,51694
 "18111","Newton, IN",3,CAINC4,35,"...","Earnings by place of work ","Thousands of dollars",28582,24497,30618,27843,41659,36983,40953,47554,47896,52719,62402,52032,58221,58083,49723,68652,80340,71748,86652,80312,102053,102907,86868,110111,110122,120753,117713,135801,139787,152418,155878,160180,164454,170863,179143,209074,199326,206986,224723,240174,185384,193278,224091,218324,272841,242462,222329,210846,201071,213786,211986,239335,279499,292152
 "18111","Newton, IN",3,CAINC4,36,"...","Less: Contributions for government social insurance 5/","Thousands of dollars",1421,1434,1585,1833,2452,2522,2569,3117,3576,4070,4558,4888,5466,5714,5850,6792,7441,7734,8104,9166,9788,10801,11193,12083,12614,13438,14012,13747,14617,15574,15690,15929,16490,17227,18121,20259,20306,22212,23246,23291,21471,22031,20176,20398,22642,23595,23618,23948,24505,25083,25719,26144,26904,29876
 "18111","Newton, IN",3,CAINC4,37,"..."," Employee and self-employed contributions for government social insurance ","Thousands of dollars",782,784,867,976,1278,1341,1371,1594,1790,2037,2286,2501,2816,2996,3023,3449,3896,4096,4318,4932,5375,5845,6121,6593,6932,7431,7832,7617,8152,8538,8530,8744,8891,9309,9690,10671,10860,12210,12675,12877,11732,11884,10004,10023,12343,12514,12936,13125,13580,14357,14773,14776,15670,17119
 "18111","Newton, IN",3,CAINC4,38,"..."," Employer contributions for government social insurance ","Thousands of dollars",639,650,718,857,1174,1181,1198,1523,1786,2033,2272,2387,2650,2718,2827,3343,3545,3638,3786,4234,4413,4956,5072,5490,5682,6007,6180,6130,6465,7036,7160,7185,7599,7918,8431,9588,9446,10002,10571,10414,9739,10147,10172,10375,10299,11081,10682,10823,10925,10726,10946,11368,11234,12757
 "18111","Newton, IN",3,CAINC4,42,"...","Plus: Adjustment for residence 6/","Thousands of dollars",6676,6891,7927,9947,11958,15151,16986,19841,23738,28801,34133,35446,39001,38574,34968,34531,34916,33915,36758,40431,43664,47107,50796,54432,63493,73923,79783,91092,84098,83262,88506,91625,93812,92187,94175,100593,111020,113827,110690,115100,110386,108672,117424,123199,137179,132722,141570,148180,159412,167286,180611,176607,190616,209629
 "18111","Newton, IN",3,CAINC4,45,"...","Equals: Net earnings by place of residence ","Thousands of dollars",33837,29954,36960,35957,51165,49612,55370,64278,68058,77450,91977,82590,91756,90943,78841,96391,107815,97929,115306,111577,135929,139213,126471,152460,161001,181238,183484,213146,209268,220106,228694,235876,241776,245823,255197,289408,290040,298601,312167,331983,274299,279919,321339,321125,387378,351589,340281,335078,335978,355989,366878,389798,443211,471905
 "18111","Newton, IN",3,CAINC4,46,"...","Plus: Dividends, interest, and rent 7/","Thousands of dollars",6083,6880,7780,8540,10796,12269,14486,15334,17380,18817,22564,26234,32028,35596,39495,38477,37518,38026,35950,37501,38713,41806,40895,41191,41377,43049,42366,42991,45853,44278,43438,46228,44821,41611,40256,43493,41213,43248,50019,57752,59696,54761,60831,67232,58041,61248,60679,60759,61339,64494,68300,71645,68424,74047
 "18111","Newton, IN",3,CAINC4,47,"...","Plus: Personal current transfer receipts ","Thousands of dollars",3215,3676,4296,4560,5351,6208,7464,8402,8829,9737,11036,13231,15480,17149,18896,20164,21338,22413,22451,23513,24895,28379,31034,35187,38624,40329,39371,40705,41882,42996,44057,47953,51828,55052,57998,64148,71257,76372,80888,91103,98705,106599,105218,106799,105505,118188,119196,121369,122965,127261,133578,169015,193325,168610
 "18111","Newton, IN",3,CAINC4,50,"...","Wages and salaries ","Thousands of dollars",15294,15838,16847,18446,21900,21496,22030,26414,30628,33029,36074,38911,40659,41744,42653,47691,51041,52377,55263,59959,62670,68638,69313,74591,76472,79735,82783,83629,89132,97232,99937,104465,105561,109376,114806,128317,125964,135114,139013,139433,125248,128643,129405,132827,131610,134983,136588,138409,140871,144897,142926,145263,150933,163726
 "18111","Newton, IN",3,CAINC4,60,"...","Supplements to wages and salaries ","Thousands of dollars",1533,1647,1866,2226,2820,2821,3021,3751,4525,5229,5755,6309,6756,7206,7917,9049,10114,11117,11880,13268,14504,16073,16992,20018,20742,21697,21370,20713,21712,23996,25260,26665,27189,28293,29968,32623,34094,35712,37029,35751,31687,32852,33606,34658,32231,35590,34067,34793,35104,36882,36612,37849,35857,37615
 "18111","Newton, IN",3,CAINC4,61,"..."," Employer contributions for employee pension and insurance funds 8/","Thousands of dollars",894,997,1148,1369,1646,1640,1823,2228,2739,3196,3483,3922,4106,4488,5090,5706,6569,7479,8094,9034,10091,11117,11920,14528,15060,15690,15190,14583,15247,16960,18100,19480,19590,20375,21537,23035,24648,25710,26458,25337,21948,22705,23434,24283,21932,24509,23385,23970,24179,26156,25666,26481,24623,24858
 "18111","Newton, IN",3,CAINC4,62,"..."," Employer contributions for government social insurance ","Thousands of dollars",639,650,718,857,1174,1181,1198,1523,1786,2033,2272,2387,2650,2718,2827,3343,3545,3638,3786,4234,4413,4956,5072,5490,5682,6007,6180,6130,6465,7036,7160,7185,7599,7918,8431,9588,9446,10002,10571,10414,9739,10147,10172,10375,10299,11081,10682,10823,10925,10726,10946,11368,11234,12757
 "18111","Newton, IN",3,CAINC4,70,"...","Proprietors' income 9/","Thousands of dollars",11755,7012,11905,7171,16939,12666,15902,17389,12743,14461,20573,6812,10806,9133,-847,11912,19185,8254,19509,7085,24879,18196,563,15502,12908,19321,13560,31459,28943,31190,30681,29050,31704,33194,34369,48134,39268,36160,48681,64990,28449,31783,61080,50839,109000,71889,51674,37644,25096,32007,32448,56223,92709,90811
 "18111","Newton, IN",3,CAINC4,71,"..."," Farm proprietors' income ","Thousands of dollars",7223,2941,7247,2416,11363,7000,10043,10159,4917,5604,11886,-1932,2445,489,-9486,1502,8649,-2677,8046,-5307,11799,5747,-11803,2318,-1559,3335,-4101,15010,9262,8191,10224,8815,10461,10945,13468,27950,18811,12798,26378,45138,8795,11409,34470,24457,81286,49207,27385,15706,1912,6755,4422,26089,60231,58541
 "18111","Newton, IN",3,CAINC4,72,"..."," Nonfarm proprietors' income ","Thousands of dollars",4532,4071,4658,4755,5576,5666,5859,7230,7826,8857,8687,8744,8361,8644,8639,10410,10536,10931,11463,12392,13080,12449,12366,13184,14467,15986,17661,16449,19681,22999,20457,20235,21243,22249,20901,20184,20457,23362,22303,19852,19654,20374,26610,26382,27714,22682,24289,21938,23184,25252,28026,30134,32478,32270
 "18111","Newton, IN",3,CAINC4,7010,"...","Total employment ","Number of jobs",4917,4866,5016,5267,5714,5197,4963,5283,5671,5726,5497,5392,5140,5063,5102,5247,5481,5448,5433,5409,5392,5521,5376,5506,5547,5563,5715,5564,5751,5625,5434,5566,5658,5528,5555,5814,5921,6143,6083,5758,5344,5307,5279,5257,5113,5096,5010,5013,4958,4987,4837,4804,4942,5019
 "18111","Newton, IN",3,CAINC4,7020,"..."," Wage and salary employment ","Number of jobs",3392,3377,3527,3702,4188,3659,3438,3769,4101,4094,3925,3876,3646,3519,3538,3712,3957,3964,3984,4076,4038,4151,4055,4169,4161,4152,4222,4087,4256,4439,4339,4456,4323,4262,4275,4520,4560,4746,4636,4290,3912,3899,3875,3887,3757,3761,3687,3641,3578,3606,3510,3415,3447,3451
 "18111","Newton, IN",3,CAINC4,7040,"..."," Proprietors employment ","Number of jobs",1525,1489,1489,1565,1526,1538,1525,1514,1570,1632,1572,1516,1494,1544,1564,1535,1524,1484,1449,1333,1354,1370,1321,1337,1386,1411,1493,1477,1495,1186,1095,1110,1335,1266,1280,1294,1361,1397,1447,1468,1432,1408,1404,1370,1356,1335,1323,1372,1380,1381,1327,1389,1495,1568
 "18113","Noble, IN",3,CAINC4,10,"...","Personal income (thousands of dollars) ","Thousands of dollars",107054,110063,119265,135507,160283,162864,173700,198694,220548,243351,268331,285586,312106,318051,347805,406374,421838,450479,489415,524536,571042,591273,610108,669253,721220,784631,827831,881871,936652,1009569,1049316,1104245,1116773,1118514,1143171,1189448,1225719,1242159,1299640,1344832,1302329,1361919,1471410,1540912,1586604,1665168,1701268,1729006,1815680,1898608,1941089,2086026,2313103,2377318
 "18113","Noble, IN",3,CAINC4,11,"..."," Nonfarm personal income 1/","Thousands of dollars",100828,104835,113403,129564,146641,155982,161431,186831,212235,238711,264138,282353,311208,318023,350755,394924,414326,440871,478480,516996,557910,577963,604789,661859,712246,778151,823467,872057,921880,995599,1046808,1099243,1111734,1117923,1131166,1172942,1217279,1236514,1293972,1337851,1292155,1353429,1446034,1515328,1524878,1619779,1681741,1708816,1786651,1869751,1922742,2046662,2247338,2302905
 "18113","Noble, IN",3,CAINC4,12,"..."," Farm income 2/","Thousands of dollars",6226,5228,5862,5943,13642,6882,12269,11863,8313,4640,4193,3233,898,28,-2950,11450,7512,9608,10935,7540,13132,13310,5319,7394,8974,6480,4364,9814,14772,13970,2508,5002,5039,591,12005,16506,8440,5645,5668,6981,10174,8490,25376,25584,61726,45389,19527,20190,29029,28857,18347,39364,65765,74413
 "18113","Noble, IN",3,CAINC4,20,"...","Population (persons) 3/","Number of persons",31109,31356,31416,32295,33037,33481,33515,33756,34138,34578,35358,35412,35211,35344,35383,35883,36593,36786,37291,37220,37674,38067,38574,39161,40179,41015,42081,43043,43814,44774,45733,46640,47110,46884,46917,46996,47292,47470,47419,47561,47574,47445,47246,47101,47113,47198,47298,47176,47081,47308,47520,47453,47419,47367
 "18113","Noble, IN",3,CAINC4,30,"...","Per capita personal income (dollars) 4/","Dollars",3441,3510,3796,4196,4852,4864,5183,5886,6460,7038,7589,8065,8864,8999,9830,11325,11528,12246,13124,14093,15157,15532,15817,17090,17950,19130,19672,20488,21378,22548,22944,23676,23706,23857,24366,25310,25918,26167,27408,28276,27375,28705,31144,32715,33677,35280,35969,36650,38565,40133,40848,43960,48780,50189
 "18113","Noble, IN",3,CAINC4,35,"...","Earnings by place of work ","Thousands of dollars",75315,74262,78373,89822,109202,106440,107186,126282,139614,152137,166360,171327,185073,180950,207668,260967,267978,285064,321662,350580,393412,405257,404978,464135,515654,594391,621814,677343,700356,754101,771943,829538,836439,842524,868680,881568,897874,889602,897075,865017,776070,822588,906195,933047,1009387,1070171,1086695,1069174,1099770,1178853,1199598,1162141,1248154,1355986
 "18113","Noble, IN",3,CAINC4,36,"...","Less: Contributions for government social insurance 5/","Thousands of dollars",4702,4690,5105,6229,8186,8934,8395,10193,11670,13488,15318,15814,18661,18733,21906,26705,28474,30199,33420,37846,42194,44847,46397,52058,58260,68034,71632,76702,78425,82364,83810,89129,92061,93676,96058,98274,102209,103009,104176,101372,92679,97634,94499,96906,114057,122289,125746,124303,126934,134580,139213,137633,143729,151449
 "18113","Noble, IN",3,CAINC4,37,"..."," Employee and self-employed contributions for government social insurance ","Thousands of dollars",2487,2484,2707,3227,4173,4619,4398,5170,5818,6666,7652,8041,9536,9623,10996,13085,14353,15263,17053,19420,21877,23128,24104,26856,29882,35267,37474,40291,41502,43771,45292,47919,47917,49030,49940,50989,53020,53926,54832,54064,49826,51865,43676,44859,59721,64136,66606,66399,68783,74247,77029,75936,79819,87286
 "18113","Noble, IN",3,CAINC4,38,"..."," Employer contributions for government social insurance ","Thousands of dollars",2215,2206,2398,3002,4013,4315,3997,5023,5852,6822,7666,7773,9125,9110,10910,13620,14121,14936,16367,18426,20317,21719,22293,25202,28378,32767,34158,36411,36923,38593,38518,41210,44144,44646,46118,47285,49189,49083,49344,47308,42853,45769,50823,52047,54336,58153,59140,57904,58151,60333,62184,61697,63910,64163
 "18113","Noble, IN",3,CAINC4,42,"...","Plus: Adjustment for residence 6/","Thousands of dollars",16134,17426,19933,23702,26134,26348,27493,33570,39515,46018,50040,47091,48134,46272,46705,49044,52706,59548,61229,64430,60193,61649,70194,69810,67578,52327,55940,42794,63294,80041,102110,83306,74894,79009,75231,93425,104791,104719,125183,127089,134624,144983,148255,174573,162120,151346,159219,177932,227291,211802,203213,248615,320361,354788
 "18113","Noble, IN",3,CAINC4,45,"...","Equals: Net earnings by place of residence ","Thousands of dollars",86747,86998,93201,107295,127150,123854,126284,149659,167459,184667,201082,202604,214546,208489,232467,283306,292210,314413,349471,377164,411411,422059,428775,481887,524972,578684,606122,643435,685225,751778,790243,823715,819272,827857,847853,876719,900456,891312,918082,890734,818015,869937,959951,1010714,1057450,1099228,1120168,1122803,1200127,1256075,1263598,1273123,1424786,1559325
 "18113","Noble, IN",3,CAINC4,46,"...","Plus: Dividends, interest, and rent 7/","Thousands of dollars",12799,14468,16067,17453,20429,23614,26220,28228,32000,35142,39795,48267,58102,63823,67508,73954,78789,82947,86461,91376,97335,99902,103081,100892,104991,108739,120330,129060,137567,142259,136461,150203,150707,134675,132572,141113,137155,141730,165758,194109,183667,181895,200867,209395,209439,225716,222845,241127,243460,254169,262684,258198,269699,282113
 "18113","Noble, IN",3,CAINC4,47,"...","Plus: Personal current transfer receipts ","Thousands of dollars",7508,8597,9997,10759,12704,15396,21196,20807,21089,23542,27454,34715,39458,45739,47830,49114,50839,53119,53483,55996,62296,69312,78252,86474,91257,97208,101379,109376,113860,115532,122612,130327,146794,155982,162746,171616,188108,209117,215800,259989,300647,310087,310592,320803,319715,340224,358255,365076,372093,388364,414807,554705,618618,535880
 "18113","Noble, IN",3,CAINC4,50,"...","Wages and salaries ","Thousands of dollars",54828,55089,57350,66247,75604,78777,73804,89008,102083,114218,125638,130233,143698,140450,161677,191448,200417,210391,235346,256945,283868,293914,297291,335731,373336,436716,467451,513858,529553,558109,582740,628716,610465,614821,623906,635813,642656,640351,643853,617562,549875,589284,623593,646540,673988,726251,750585,748175,770963,813987,829007,786643,828255,889608
 "18113","Noble, IN",3,CAINC4,60,"...","Supplements to wages and salaries ","Thousands of dollars",6655,6777,7315,9096,10734,11407,11318,14046,17051,19325,21500,23110,26506,27499,33389,39233,41660,46250,52733,60301,69064,72898,76347,94451,105872,118458,117196,119287,117355,123931,130380,145191,153247,159088,168183,168079,177035,177170,181914,176005,145288,154888,164577,173934,174152,196604,196414,194055,198073,212760,210078,199840,205668,204179
 "18113","Noble, IN",3,CAINC4,61,"..."," Employer contributions for employee pension and insurance funds 8/","Thousands of dollars",4440,4571,4917,6094,6721,7092,7321,9023,11199,12503,13834,15337,17381,18389,22479,25613,27539,31314,36366,41875,48747,51179,54054,69249,77494,85691,83038,82876,80432,85338,91862,103981,109103,114442,122065,120794,127846,128087,132570,128697,102435,109119,113754,121887,119816,138451,137274,136151,139922,152427,147894,138143,141758,140016
 "18113","Noble, IN",3,CAINC4,62,"..."," Employer contributions for government social insurance ","Thousands of dollars",2215,2206,2398,3002,4013,4315,3997,5023,5852,6822,7666,7773,9125,9110,10910,13620,14121,14936,16367,18426,20317,21719,22293,25202,28378,32767,34158,36411,36923,38593,38518,41210,44144,44646,46118,47285,49189,49083,49344,47308,42853,45769,50823,52047,54336,58153,59140,57904,58151,60333,62184,61697,63910,64163
 "18113","Noble, IN",3,CAINC4,70,"...","Proprietors' income 9/","Thousands of dollars",13832,12396,13708,14479,22864,16256,22064,23228,20480,18594,19222,17984,14869,13001,12602,30286,25901,28423,33583,33334,40480,38445,31340,33953,36446,39217,37167,44198,53448,72061,58823,55631,72727,68615,76591,77676,78183,72081,71308,71450,80907,78416,118025,112573,161247,147316,139696,126944,130734,152106,160513,175658,214231,262199
 "18113","Noble, IN",3,CAINC4,71,"..."," Farm proprietors' income ","Thousands of dollars",5589,4536,5137,5163,12654,5639,10940,10380,6696,3296,2589,1427,-1041,-2262,-5057,9429,5544,7802,9167,5551,10987,10807,2896,4816,6297,4031,2066,7677,12518,11128,-396,1914,1466,-2896,8180,12415,4650,2172,1648,2784,5062,2730,19626,18273,54141,37438,13004,13503,20936,19952,11384,31936,59181,66974
 "18113","Noble, IN",3,CAINC4,72,"..."," Nonfarm proprietors' income ","Thousands of dollars",8243,7860,8571,9316,10210,10617,11124,12848,13784,15298,16633,16557,15910,15263,17659,20857,20357,20621,24416,27783,29493,27638,28444,29137,30149,35186,35101,36521,40930,60933,59219,53717,71261,71511,68411,65261,73533,69909,69660,68666,75845,75686,98399,94300,107106,109878,126692,113441,109798,132154,149129,143722,155050,195225
 "18113","Noble, IN",3,CAINC4,7010,"...","Total employment ","Number of jobs",12907,12574,12491,13461,14264,13937,12734,13722,14494,15077,15168,14728,14860,14198,15276,16882,17386,17525,18601,19012,19931,19966,19456,21128,22241,23989,24570,25395,25545,26775,26852,28014,25595,25094,24852,24951,25177,24845,24893,23560,21107,21750,22697,22912,23335,23995,24459,23920,24075,24599,24592,22900,23291,23731
 "18113","Noble, IN",3,CAINC4,7020,"..."," Wage and salary employment ","Number of jobs",9877,9568,9517,10265,11026,10764,9653,10633,11405,11997,12007,11468,11694,10968,11925,13434,13807,13877,14839,15493,16439,16391,15868,17476,18447,20102,20691,21483,21611,21676,21708,22703,21414,20916,20634,20600,20641,20301,20168,18929,16486,17178,18071,18319,18639,19243,19606,19002,19065,19539,19577,17696,17792,17954
 "18113","Noble, IN",3,CAINC4,7040,"..."," Proprietors employment ","Number of jobs",3030,3006,2974,3196,3238,3173,3081,3089,3089,3080,3161,3260,3166,3230,3351,3448,3579,3648,3762,3519,3492,3575,3588,3652,3794,3887,3879,3912,3934,5099,5144,5311,4181,4178,4218,4351,4536,4544,4725,4631,4621,4572,4626,4593,4696,4752,4853,4918,5010,5060,5015,5204,5499,5777
 "18115","Ohio, IN",3,CAINC4,10,"...","Personal income (thousands of dollars) ","Thousands of dollars",13134,13417,14903,16676,19164,20867,22486,25566,28695,32275,36873,40701,44446,49546,49538,53855,57194,58086,60260,63960,69225,72610,77288,82985,87573,95959,104394,111085,117803,126020,125396,137436,245768,243666,228717,236437,243851,227162,253177,272244,294314,311793,234048,211675,203424,212209,222072,222997,227876,234374,245659,292175,319610,332882
 "18115","Ohio, IN",3,CAINC4,11,"..."," Nonfarm personal income 1/","Thousands of dollars",12051,12581,13858,15785,17704,19382,21270,23659,27312,31437,35781,39915,43649,47148,50108,53381,56475,59170,61638,65854,69990,73071,77090,81981,86991,94932,103745,110607,116121,123896,125360,136562,244884,244739,228520,235534,243561,226970,252771,271404,294361,312143,233911,211795,201917,211955,222846,223417,228113,234594,245782,291596,318429,332455
 "18115","Ohio, IN",3,CAINC4,12,"..."," Farm income 2/","Thousands of dollars",1083,836,1045,891,1460,1485,1216,1907,1383,838,1092,786,797,2398,-570,474,719,-1084,-1378,-1894,-765,-461,198,1004,582,1027,649,478,1682,2124,36,874,884,-1073,197,903,290,192,406,840,-47,-350,137,-120,1507,254,-774,-420,-237,-220,-123,579,1181,427
 "18115","Ohio, IN",3,CAINC4,20,"...","Population (persons) 3/","Number of persons",4279,4290,4365,4646,4673,4818,4896,4991,5148,5339,5225,5120,5133,5208,5199,5156,5320,5207,5310,5358,5304,5333,5364,5342,5498,5517,5491,5520,5523,5556,5579,5582,5633,5735,5779,5868,5943,6022,5992,6069,6134,6086,6060,6071,6005,5983,5909,5930,5897,5913,5945,5922,5992,6114
 "18115","Ohio, IN",3,CAINC4,30,"...","Per capita personal income (dollars) 4/","Dollars",3069,3128,3414,3589,4101,4331,4593,5122,5574,6045,7057,7949,8659,9513,9528,10445,10751,11155,11348,11937,13051,13615,14409,15534,15928,17393,19012,20124,21330,22682,22476,24621,43630,42488,39577,40293,41032,37722,42253,44858,47981,51231,38622,34867,33876,35469,37582,37605,38643,39637,41322,49337,53339,54446
 "18115","Ohio, IN",3,CAINC4,35,"...","Earnings by place of work ","Thousands of dollars",4583,4665,5361,5633,6399,6535,6478,7637,7352,7594,8427,8260,8630,10505,8642,10755,12098,10411,10556,11196,13035,13018,14373,15994,16282,18047,19147,32862,65942,75366,69109,75610,179073,184234,171107,166615,163907,140700,155072,164341,182803,190054,114645,86351,69544,71468,75025,72578,77792,69050,68969,89378,101355,108563
 "18115","Ohio, IN",3,CAINC4,36,"...","Less: Contributions for government social insurance 5/","Thousands of dollars",244,266,307,353,412,448,466,497,504,583,659,677,760,814,887,1010,1178,1196,1228,1399,1525,1556,1684,1786,1887,2115,2289,3840,7516,8331,7947,8492,13357,13850,13812,13661,13683,12548,13995,14849,14506,13973,9682,8288,8354,8756,8847,8745,9587,8762,9203,9978,10757,11789
 "18115","Ohio, IN",3,CAINC4,37,"..."," Employee and self-employed contributions for government social insurance ","Thousands of dollars",151,163,187,212,240,270,279,291,297,340,381,399,448,495,542,609,720,745,784,920,1032,1004,1089,1157,1257,1390,1523,2299,4171,4556,4313,4607,9920,10161,9939,9956,10048,8861,10195,11018,10903,10126,5617,4714,4967,5163,5389,5370,5845,5649,5860,6712,7344,8269
 "18115","Ohio, IN",3,CAINC4,38,"..."," Employer contributions for government social insurance ","Thousands of dollars",93,103,120,141,172,178,187,206,207,243,278,278,312,319,345,401,458,451,444,479,493,552,595,629,630,725,766,1541,3345,3775,3634,3885,3437,3689,3873,3705,3635,3687,3800,3831,3603,3847,4065,3574,3387,3593,3458,3375,3742,3113,3343,3266,3413,3520
 "18115","Ohio, IN",3,CAINC4,42,"...","Plus: Adjustment for residence 6/","Thousands of dollars",6055,5862,6314,7369,8583,9385,9992,11636,14478,17218,19604,21801,22909,24071,24232,25764,26851,28572,31351,33504,35917,37066,39610,43645,46935,52160,56562,48830,24922,23283,27803,31777,39651,33885,31597,41196,49093,53501,61369,63321,60600,67961,62420,64460,69730,72863,78349,80166,78089,87800,96466,103173,109020,122984
 "18115","Ohio, IN",3,CAINC4,45,"...","Equals: Net earnings by place of residence ","Thousands of dollars",10394,10261,11368,12649,14570,15472,16004,18776,21326,24229,27372,29384,30779,33762,31987,35509,37771,37787,40679,43301,47427,48528,52299,57853,61330,68092,73420,77852,83348,90318,88965,98895,205367,204269,188892,194150,199317,181653,202446,212813,228897,244042,167383,142523,130920,135575,144527,143999,146294,148088,156232,182573,199618,219758
 "18115","Ohio, IN",3,CAINC4,46,"...","Plus: Dividends, interest, and rent 7/","Thousands of dollars",1521,1765,1965,2157,2492,2819,3207,3410,3828,4295,5211,6389,7756,8911,9962,10511,11036,11389,10528,11308,11837,12293,12327,12276,12347,13119,16523,17691,19064,19608,19996,20578,20588,16904,17119,18099,18091,16750,19260,24257,25172,24915,25534,25809,27079,26992,28556,27850,30150,31656,32413,34080,33155,34711
 "18115","Ohio, IN",3,CAINC4,47,"...","Plus: Personal current transfer receipts ","Thousands of dollars",1219,1391,1570,1870,2102,2576,3275,3380,3541,3751,4290,4928,5911,6873,7589,7835,8387,8910,9053,9351,9961,11789,12662,12856,13896,14748,14451,15542,15391,16094,16435,17963,19813,22493,22706,24188,26443,28759,31471,35174,40245,42836,41131,43343,45425,49642,48989,51148,51432,54630,57014,75522,86837,78413
 "18115","Ohio, IN",3,CAINC4,50,"...","Wages and salaries ","Thousands of dollars",2292,2599,2915,3208,3334,3366,3446,3644,3779,4222,4730,4900,5169,5324,5737,6330,7140,6992,7070,7335,7550,8113,8624,8974,9112,10137,10475,22113,49363,55592,53448,57744,52368,57317,59117,55970,54857,55901,56425,56671,53117,50863,51861,51114,44685,45402,45194,45026,50753,46168,45780,43047,46260,48330
 "18115","Ohio, IN",3,CAINC4,60,"...","Supplements to wages and salaries ","Thousands of dollars",237,280,336,383,420,430,481,523,563,668,748,800,895,949,1063,1218,1429,1449,1497,1604,1765,1905,2135,2397,2458,2690,2755,4563,8587,10118,9948,11044,9007,9940,10457,10328,10271,10703,11323,11626,11040,11499,11987,11320,10885,11969,11158,11809,12371,12555,11691,11456,11514,11219
 "18115","Ohio, IN",3,CAINC4,61,"..."," Employer contributions for employee pension and insurance funds 8/","Thousands of dollars",144,177,216,242,248,252,294,317,356,425,470,522,583,630,718,817,971,998,1053,1125,1272,1353,1540,1768,1828,1965,1989,3022,5242,6343,6314,7159,5570,6251,6584,6623,6636,7016,7523,7795,7437,7652,7922,7746,7498,8376,7700,8434,8629,9442,8348,8190,8101,7699
 "18115","Ohio, IN",3,CAINC4,62,"..."," Employer contributions for government social insurance ","Thousands of dollars",93,103,120,141,172,178,187,206,207,243,278,278,312,319,345,401,458,451,444,479,493,552,595,629,630,725,766,1541,3345,3775,3634,3885,3437,3689,3873,3705,3635,3687,3800,3831,3603,3847,4065,3574,3387,3593,3458,3375,3742,3113,3343,3266,3413,3520
 "18115","Ohio, IN",3,CAINC4,70,"...","Proprietors' income 9/","Thousands of dollars",2054,1786,2110,2042,2645,2739,2551,3470,3010,2704,2949,2560,2566,4232,1842,3207,3529,1970,1989,2257,3720,3000,3614,4623,4712,5220,5917,6186,7992,9656,5713,6822,117698,116977,101533,100317,98779,74096,87324,96044,118646,127692,50797,23917,13974,14097,18673,15743,14668,10327,11498,34875,43581,49014
 "18115","Ohio, IN",3,CAINC4,71,"..."," Farm proprietors' income ","Thousands of dollars",953,697,905,743,1271,1252,992,1680,1159,680,891,549,539,2076,-857,209,479,-1295,-1572,-2114,-1009,-750,-87,693,269,745,386,240,1434,1897,-127,760,807,-1097,152,837,206,104,275,703,-218,-547,-60,-369,1248,-17,-996,-647,-512,-524,-360,323,955,174
 "18115","Ohio, IN",3,CAINC4,72,"..."," Nonfarm proprietors' income ","Thousands of dollars",1101,1089,1205,1299,1374,1487,1559,1790,1851,2024,2058,2011,2027,2156,2699,2998,3050,3265,3561,4371,4729,3750,3701,3930,4443,4475,5531,5946,6558,7759,5840,6062,116891,118074,101381,99480,98573,73992,87049,95341,118864,128239,50857,24286,12726,14114,19669,16390,15180,10851,11858,34552,42626,48840
 "18115","Ohio, IN",3,CAINC4,7010,"...","Total employment ","Number of jobs",1095,1103,1132,1150,1108,1056,1098,1115,1123,1161,1196,1183,1182,1182,1195,1278,1377,1430,1507,1253,1288,1234,1259,1269,1263,1309,1326,1753,2843,2964,2808,2746,2560,2477,2403,2363,2367,2331,2358,2304,2242,2176,2269,2197,2305,2180,2095,2089,2045,2063,1976,1787,1788,1803
 "18115","Ohio, IN",3,CAINC4,7020,"..."," Wage and salary employment ","Number of jobs",629,654,691,693,655,595,596,572,564,588,625,608,604,583,593,615,643,632,624,626,640,631,662,664,658,671,669,1064,2184,2279,2210,2152,1971,1934,1878,1803,1816,1767,1793,1764,1668,1606,1641,1610,1713,1623,1525,1521,1478,1445,1370,1128,1148,1135
 "18115","Ohio, IN",3,CAINC4,7040,"..."," Proprietors employment ","Number of jobs",466,449,441,457,453,461,502,543,559,573,571,575,578,599,602,663,734,798,883,627,648,603,597,605,605,638,657,689,659,685,598,594,589,543,525,560,551,564,565,540,574,570,628,587,592,557,570,568,567,618,606,659,640,668
 "18117","Orange, IN",3,CAINC4,10,"...","Personal income (thousands of dollars) ","Thousands of dollars",50932,52097,57848,60362,70064,75851,82279,91361,98108,111916,125079,136165,149709,157645,163214,188238,195979,202609,215656,222498,241047,246096,255741,277532,295578,314681,327413,343690,366880,396369,401787,425375,427012,422688,431388,450988,462082,493793,529842,568078,559998,571289,599840,634279,610698,621848,648652,665389,709741,728988,745769,804766,872251,897238
 "18117","Orange, IN",3,CAINC4,11,"..."," Nonfarm personal income 1/","Thousands of dollars",48475,50471,55825,58063,65252,72938,79143,85877,95398,108227,121047,134514,147147,154346,166100,185156,193383,199950,212156,221600,237016,243272,256237,274821,293373,313420,326541,340813,363780,391117,399566,419095,420935,420914,423706,442341,455288,487758,524827,559120,557640,568966,593930,632981,605939,616222,634449,663081,701491,720260,744990,792102,851682,857480
 "18117","Orange, IN",3,CAINC4,12,"..."," Farm income 2/","Thousands of dollars",2457,1626,2023,2299,4812,2913,3136,5484,2710,3689,4032,1651,2562,3299,-2886,3082,2596,2659,3500,898,4031,2824,-496,2711,2205,1261,872,2877,3100,5252,2221,6280,6077,1774,7682,8647,6794,6035,5015,8958,2358,2323,5910,1298,4759,5626,14203,2308,8250,8728,779,12664,20569,39758
 "18117","Orange, IN",3,CAINC4,20,"...","Population (persons) 3/","Number of persons",16971,16989,17164,17567,17618,17652,17682,18098,18159,18113,18353,18691,18705,18747,18641,18696,18804,18677,18606,18526,18389,18417,18513,18443,18536,18597,18706,18913,19028,19152,19308,19316,19373,19439,19622,19624,19744,19666,19868,19837,19931,19817,19967,19787,19894,19850,19730,19590,19552,19727,19837,19848,19812,19623
 "18117","Orange, IN",3,CAINC4,30,"...","Per capita personal income (dollars) 4/","Dollars",3001,3067,3370,3436,3977,4297,4653,5048,5403,6179,6815,7285,8004,8409,8756,10068,10422,10848,11591,12010,13108,13362,13814,15048,15946,16921,17503,18172,19281,20696,20809,22022,22042,21744,21985,22981,23404,25109,26668,28637,28097,28828,30042,32055,30698,31327,32876,33966,36300,36954,37595,40546,44026,45724
 "18117","Orange, IN",3,CAINC4,35,"...","Earnings by place of work ","Thousands of dollars",36129,36364,40703,38763,46253,50113,51243,58175,61187,71521,79679,81001,85434,87002,88575,111152,118204,121709,140168,144241,156507,155276,156793,171434,186291,200898,204113,205227,223079,240246,240293,246463,237370,235227,244290,254433,261337,289120,323871,339344,324908,337182,354360,373499,371553,361553,379615,388509,427121,432740,428504,421955,450269,502007
 "18117","Orange, IN",3,CAINC4,36,"...","Less: Contributions for government social insurance 5/","Thousands of dollars",2277,2313,2685,2649,3385,4116,4189,4615,5116,6140,7108,7443,8359,8572,9275,11295,12385,12808,14623,15606,16782,17239,17989,19263,21250,23499,24319,23951,25962,27234,27437,27927,26856,27294,28247,29627,31747,35545,40814,42500,42046,42421,39132,40800,45060,45251,47099,48545,51058,51953,52542,53950,57536,62587
 "18117","Orange, IN",3,CAINC4,37,"..."," Employee and self-employed contributions for government social insurance ","Thousands of dollars",1254,1288,1474,1464,1846,2258,2284,2435,2656,3131,3628,3872,4379,4619,4936,5850,6609,6895,7863,8609,9397,9555,10200,10777,11846,13015,13418,13094,14115,14525,14561,14568,14423,14773,15162,15981,16879,19059,21589,22781,22694,22999,18865,19680,24526,24483,25261,26784,28700,29729,30363,31961,33937,37221
 "18117","Orange, IN",3,CAINC4,38,"..."," Employer contributions for government social insurance ","Thousands of dollars",1023,1025,1211,1185,1539,1858,1905,2180,2460,3009,3480,3571,3980,3953,4339,5445,5776,5913,6760,6997,7385,7684,7789,8486,9404,10484,10901,10857,11847,12709,12876,13359,12433,12521,13085,13646,14868,16486,19225,19719,19352,19422,20267,21120,20534,20768,21838,21761,22358,22224,22179,21989,23599,25366
 "18117","Orange, IN",3,CAINC4,42,"...","Plus: Adjustment for residence 6/","Thousands of dollars",5762,5203,5493,8537,8598,8039,9065,10417,12018,13855,15285,16709,17204,15989,16831,16926,16686,17939,16342,17848,16937,18041,20849,21794,22910,26041,30783,35154,37931,41669,46877,52645,52782,53568,54233,54422,53904,49525,36760,32311,24328,23203,24100,21974,20933,22160,26447,22954,28358,34004,37213,37375,36612,34589
 "18117","Orange, IN",3,CAINC4,45,"...","Equals: Net earnings by place of residence ","Thousands of dollars",39614,39254,43511,44651,51466,54036,56119,63977,68089,79236,87856,90267,94279,94419,96131,116783,122505,126840,141887,146483,156662,156078,159653,173965,187951,203440,210577,216430,235048,254681,259733,271181,263296,261501,270276,279228,283494,303100,319817,329155,307190,317964,339328,354673,347426,338462,358963,362918,404421,414791,413175,405380,429345,474009
 "18117","Orange, IN",3,CAINC4,46,"...","Plus: Dividends, interest, and rent 7/","Thousands of dollars",5847,6480,7142,7706,9176,10709,12458,13338,15116,16559,18710,23427,28598,33091,35307,38440,39249,40583,39324,40769,44473,46255,48203,48028,48505,49936,55167,58964,63114,69915,67944,73991,74561,67795,63705,68237,64314,68462,81749,93909,90904,83681,87003,96330,84534,90789,91803,97995,98013,97582,99046,96306,103997,111131
 "18117","Orange, IN",3,CAINC4,47,"...","Plus: Personal current transfer receipts ","Thousands of dollars",5471,6363,7195,8005,9422,11106,13702,14046,14903,16121,18513,22471,26832,30135,31776,33015,34225,35186,34445,35246,39912,43763,47885,55539,59122,61305,61669,68296,68718,71773,74110,80203,89155,93392,97407,103523,114274,122231,128276,145014,161904,169644,173509,183276,178738,192597,197886,204476,207307,216615,233548,303080,338909,312098
 "18117","Orange, IN",3,CAINC4,50,"...","Wages and salaries ","Thousands of dollars",24991,25609,28883,26085,29646,34216,34724,38067,42483,49414,55547,57726,60954,61659,65552,77529,83159,84620,98077,99009,105009,106275,106256,115469,126137,136945,140825,140177,152140,161762,164884,171012,166617,166792,170275,178669,183989,203071,235380,248282,243576,245000,246589,253444,250392,255364,266965,282754,290796,294499,297740,286767,314350,345558
 "18117","Orange, IN",3,CAINC4,60,"...","Supplements to wages and salaries ","Thousands of dollars",2490,2708,3154,2877,3643,4432,4858,5588,6579,7961,9384,10058,11011,10968,12490,14764,16220,17332,20024,21437,23788,24645,25762,29975,33546,36244,35177,34939,36718,38447,40897,43370,39438,39768,41968,43828,46766,50471,58078,60157,56164,57633,58110,61611,59893,63960,64509,65789,66250,68820,68696,68752,70338,72813
 "18117","Orange, IN",3,CAINC4,61,"..."," Employer contributions for employee pension and insurance funds 8/","Thousands of dollars",1467,1683,1943,1692,2104,2574,2953,3408,4119,4952,5904,6487,7031,7015,8151,9319,10444,11419,13264,14440,16403,16961,17973,21489,24142,25760,24276,24082,24871,25738,28021,30011,27005,27247,28883,30182,31898,33985,38853,40438,36812,38211,37843,40491,39359,43192,42671,44028,43892,46596,46517,46763,46739,47447
 "18117","Orange, IN",3,CAINC4,62,"..."," Employer contributions for government social insurance ","Thousands of dollars",1023,1025,1211,1185,1539,1858,1905,2180,2460,3009,3480,3571,3980,3953,4339,5445,5776,5913,6760,6997,7385,7684,7789,8486,9404,10484,10901,10857,11847,12709,12876,13359,12433,12521,13085,13646,14868,16486,19225,19719,19352,19422,20267,21120,20534,20768,21838,21761,22358,22224,22179,21989,23599,25366
 "18117","Orange, IN",3,CAINC4,70,"...","Proprietors' income 9/","Thousands of dollars",8648,8047,8666,9801,12964,11465,11661,14520,12125,14146,14748,13217,13469,14375,10533,18859,18825,19757,22067,23795,27710,24356,24775,25990,26608,27709,28111,30111,34221,40037,34512,32081,31315,28667,32047,31936,30582,35578,30413,30905,25168,34549,49661,58444,61268,42229,48141,39966,70075,69421,62068,66436,65581,83636
 "18117","Orange, IN",3,CAINC4,71,"..."," Farm proprietors' income ","Thousands of dollars",2038,1198,1599,1869,4285,2281,2406,4599,1666,2800,3105,724,1669,2328,-3747,2273,1826,1963,2825,88,3122,1719,-1597,1500,875,-12,-372,1678,1765,3888,1087,5306,5166,1066,6641,7237,5216,4322,2731,6822,-54,-241,3467,-1689,1660,2377,11539,-424,4940,5090,-2064,9631,17879,36715
 "18117","Orange, IN",3,CAINC4,72,"..."," Nonfarm proprietors' income ","Thousands of dollars",6610,6849,7067,7932,8679,9184,9255,9921,10459,11346,11643,12493,11800,12047,14280,16586,16999,17794,19242,23707,24588,22637,26372,24490,25733,27721,28483,28433,32456,36149,33425,26775,26149,27601,25406,24699,25366,31256,27682,24083,25222,34790,46194,60133,59608,39852,36602,40390,65135,64331,64132,56805,47702,46921
 "18117","Orange, IN",3,CAINC4,7010,"...","Total employment ","Number of jobs",6952,6862,7126,6414,6793,7075,6934,7188,7459,7869,8214,7915,7694,7300,7651,8218,8377,8287,8752,8829,8896,8805,8626,8837,9252,9628,9538,9476,9630,9356,9106,9079,9138,8728,8539,8574,8787,9097,10223,10138,10068,10082,9868,9977,10084,9914,10112,10297,10283,10185,10283,9590,9874,10165
 "18117","Orange, IN",3,CAINC4,7020,"..."," Wage and salary employment ","Number of jobs",5391,5299,5456,4715,5118,5367,5138,5285,5563,5965,6290,5955,5783,5427,5651,6206,6344,6266,6718,6866,6978,6802,6586,6828,7245,7541,7434,7272,7442,7623,7495,7445,7090,6802,6618,6663,6795,7108,8233,8169,7940,7915,7680,7827,7903,7766,7982,8112,8066,7927,8083,7292,7499,7672
 "18117","Orange, IN",3,CAINC4,7040,"..."," Proprietors employment ","Number of jobs",1561,1563,1670,1699,1675,1708,1796,1903,1896,1904,1924,1960,1911,1873,2000,2012,2033,2021,2034,1963,1918,2003,2040,2009,2007,2087,2104,2204,2188,1733,1611,1634,2048,1926,1921,1911,1992,1989,1990,1969,2128,2167,2188,2150,2181,2148,2130,2185,2217,2258,2200,2298,2375,2493
 "18119","Owen, IN",3,CAINC4,10,"...","Personal income (thousands of dollars) ","Thousands of dollars",32254,31158,35703,40395,49304,52365,55538,64458,72608,82831,93635,104179,118037,124669,130314,148240,159041,171945,182862,195399,217900,231546,249606,278016,294585,318956,334292,355878,374838,406181,436760,478941,498017,514725,538821,555092,564174,579465,603582,619449,620065,647122,664223,686683,675926,698376,732030,761327,788618,825657,867436,946525,1044473,1061369
 "18119","Owen, IN",3,CAINC4,11,"..."," Nonfarm personal income 1/","Thousands of dollars",29579,29926,33678,37990,44513,49541,53130,60956,70071,80667,91316,103936,117068,124425,134395,147459,158480,172470,182998,197112,216184,231720,251186,276730,293629,317796,335082,354541,373351,408178,439357,479657,497986,516251,537233,549855,561221,578329,601330,615135,614693,639062,654670,684151,660535,695429,734495,759699,786022,822522,866658,938914,1032134,1051778
 "18119","Owen, IN",3,CAINC4,12,"..."," Farm income 2/","Thousands of dollars",2675,1232,2025,2405,4791,2824,2408,3502,2537,2164,2319,243,969,244,-4081,781,561,-525,-136,-1713,1716,-174,-1580,1286,956,1160,-790,1337,1487,-1997,-2597,-716,31,-1526,1588,5237,2953,1136,2252,4314,5372,8060,9553,2532,15391,2947,-2465,1628,2596,3135,778,7611,12339,9591
 "18119","Owen, IN",3,CAINC4,20,"...","Population (persons) 3/","Number of persons",12105,12186,12526,13047,13618,13796,14133,14274,15143,15450,15925,15850,15853,15799,15929,15931,16023,16092,16399,16787,17062,17389,17779,18441,19076,19594,20078,20679,20955,21219,21445,21837,21954,22079,22321,22190,21975,21871,21838,21763,21642,21578,21549,21475,21305,21214,21067,21189,21115,21263,21312,21314,21432,21482
 "18119","Owen, IN",3,CAINC4,30,"...","Per capita personal income (dollars) 4/","Dollars",2665,2557,2850,3096,3621,3796,3930,4516,4795,5361,5880,6573,7446,7891,8181,9305,9926,10685,11151,11640,12771,13316,14039,15076,15443,16278,16650,17210,17888,19142,20367,21933,22685,23313,24140,25015,25673,26495,27639,28463,28651,29990,30824,31976,31726,32921,34748,35930,37349,38831,40702,44409,48734,49407
 "18119","Owen, IN",3,CAINC4,35,"...","Earnings by place of work ","Thousands of dollars",13532,11874,13316,14990,19506,18856,18526,21538,22656,25322,27697,26665,30017,29164,27460,37051,42242,47892,56137,59922,70992,72571,77750,90313,98947,106594,115253,126139,135416,148625,169055,179874,179257,190626,205251,220672,228990,240448,257962,270317,277841,284729,287319,283227,290252,286536,293703,304700,320956,333193,360340,374629,430917,479192
 "18119","Owen, IN",3,CAINC4,36,"...","Less: Contributions for government social insurance 5/","Thousands of dollars",736,725,779,915,1174,1382,1404,1546,1722,2035,2309,2430,2891,2935,3087,3555,4221,4921,5681,6621,7492,8050,9005,10130,11277,12422,13543,14337,15448,16393,18458,19117,18932,20422,21961,23658,25311,27615,29801,31638,32290,32023,28468,28813,32597,33730,34668,36334,38434,39966,43859,46806,52873,59439
 "18119","Owen, IN",3,CAINC4,37,"..."," Employee and self-employed contributions for government social insurance ","Thousands of dollars",453,453,491,566,705,842,847,909,991,1153,1302,1400,1654,1730,1837,2123,2579,3024,3485,4007,4692,4892,5481,6076,6786,7465,8208,8508,9029,9570,10623,10914,10951,11790,12696,13603,14485,16052,17428,18275,18578,18585,15401,15579,19168,19821,20679,21399,22856,24140,26130,28269,31580,35808
 "18119","Owen, IN",3,CAINC4,38,"..."," Employer contributions for government social insurance ","Thousands of dollars",283,272,288,349,469,540,557,637,731,882,1007,1030,1237,1205,1250,1432,1642,1897,2196,2614,2800,3158,3524,4054,4491,4957,5335,5829,6419,6823,7835,8203,7981,8632,9265,10055,10826,11563,12373,13363,13712,13438,13067,13234,13429,13909,13989,14935,15578,15826,17729,18537,21293,23631
 "18119","Owen, IN",3,CAINC4,42,"...","Plus: Adjustment for residence 6/","Thousands of dollars",11336,10663,12660,14670,16981,18644,18750,23534,28440,34159,39490,45063,48985,49747,53468,59013,60805,64690,68712,72956,79896,85511,93894,102014,107379,118357,127292,134484,145309,157262,167428,188613,188883,188336,192212,182502,178721,174681,164819,146904,132172,135159,143002,154754,150322,151860,164354,175437,187907,195679,195316,201851,206912,207254
 "18119","Owen, IN",3,CAINC4,45,"...","Equals: Net earnings by place of residence ","Thousands of dollars",24132,21812,25197,28745,35313,36118,35872,43526,49374,57446,64878,69298,76111,75976,77841,92509,98826,107661,119168,126257,143396,150032,162639,182197,195049,212529,229002,246286,265277,289494,318025,349370,349208,358540,375502,379516,382400,387514,392980,385583,377723,387865,401853,409168,407977,404666,423389,443803,470429,488906,511797,529674,584956,627007
 "18119","Owen, IN",3,CAINC4,46,"...","Plus: Dividends, interest, and rent 7/","Thousands of dollars",4330,5045,5725,6307,7522,8793,10074,10976,12696,13923,15825,19655,23984,28197,30396,32352,35214,37824,36788,40749,44105,46848,47756,50038,49926,54337,52322,53322,50766,54094,52978,56916,62328,65214,67273,72173,68915,66948,78279,84553,78274,84206,86442,93256,85206,96797,101791,106867,103650,112379,115919,120703,112545,119493
 "18119","Owen, IN",3,CAINC4,47,"...","Plus: Personal current transfer receipts ","Thousands of dollars",3792,4301,4781,5343,6469,7454,9592,9956,10538,11462,12932,15226,17942,20496,22077,23379,25001,26460,26906,28393,30399,34666,39211,45781,49610,52090,52968,56270,58795,62593,65757,72655,86481,90971,96046,103403,112859,125003,132323,149313,164068,175051,175928,184259,182743,196913,206850,210657,214539,224372,239720,296148,346972,314869
 "18119","Owen, IN",3,CAINC4,50,"...","Wages and salaries ","Thousands of dollars",7139,6834,7082,7865,9064,10040,10274,11479,13042,15089,16686,17613,19741,19386,19871,21768,25008,28631,33569,38340,40949,44549,49047,56139,61952,66337,70887,78021,84846,90488,103969,107910,112713,121175,129945,139327,143859,150601,164307,175347,178957,178051,175868,179092,177573,183975,194440,200887,212234,215986,237165,243244,279904,322439
 "18119","Owen, IN",3,CAINC4,60,"...","Supplements to wages and salaries ","Thousands of dollars",754,720,806,941,1151,1325,1465,1668,1955,2388,2726,2930,3373,3476,3800,4338,5259,6179,7358,8560,9740,10871,12345,14814,16539,17983,19251,20603,21707,24392,28524,31728,33089,35330,38831,41931,46707,49272,54773,58547,59537,59688,58364,58137,55431,60401,62836,65507,67571,72847,78121,80501,88860,96112
 "18119","Owen, IN",3,CAINC4,61,"..."," Employer contributions for employee pension and insurance funds 8/","Thousands of dollars",471,448,518,592,682,785,908,1031,1224,1506,1719,1900,2136,2271,2550,2906,3617,4282,5162,5946,6940,7713,8821,10760,12048,13026,13916,14774,15288,17569,20689,23525,25108,26698,29566,31876,35881,37709,42400,45184,45825,46250,45297,44903,42002,46492,48847,50572,51993,57021,60392,61964,67567,72481
 "18119","Owen, IN",3,CAINC4,62,"..."," Employer contributions for government social insurance ","Thousands of dollars",283,272,288,349,469,540,557,637,731,882,1007,1030,1237,1205,1250,1432,1642,1897,2196,2614,2800,3158,3524,4054,4491,4957,5335,5829,6419,6823,7835,8203,7981,8632,9265,10055,10826,11563,12373,13363,13712,13438,13067,13234,13429,13909,13989,14935,15578,15826,17729,18537,21293,23631
 "18119","Owen, IN",3,CAINC4,70,"...","Proprietors' income 9/","Thousands of dollars",5639,4320,5428,6184,9291,7491,6787,8391,7659,7845,8285,6122,6903,6302,3789,10945,11975,13082,15210,13022,20303,17151,16358,19360,20456,22274,25115,27515,28863,33745,36562,40236,33455,34121,36475,39414,38424,40575,38882,36423,39347,46990,53087,45998,57248,42160,36427,38306,41151,44360,45054,50884,62153,60641
 "18119","Owen, IN",3,CAINC4,71,"..."," Farm proprietors' income ","Thousands of dollars",2548,1095,1886,2257,4612,2597,2101,3084,1998,1691,1829,-246,508,-268,-4599,251,20,-1017,-603,-2170,1278,-621,-1967,930,507,675,-1316,783,834,-2740,-3298,-1417,-719,-2228,888,4557,2366,651,1738,3746,4648,7219,8721,1475,14300,1796,-3395,683,1420,1861,-190,6571,11413,8511
 "18119","Owen, IN",3,CAINC4,72,"..."," Nonfarm proprietors' income ","Thousands of dollars",3091,3225,3542,3927,4679,4894,4686,5307,5661,6154,6456,6368,6395,6570,8388,10694,11955,14099,15813,15192,19025,17772,18325,18430,19949,21599,26431,26732,28029,36485,39860,41653,34174,36349,35587,34857,36058,39924,37144,32677,34699,39771,44366,44523,42948,40364,39822,37623,39731,42499,45244,44313,50740,52130
 "18119","Owen, IN",3,CAINC4,7010,"...","Total employment ","Number of jobs",3040,2900,2886,2984,3148,3186,3203,3454,3603,3749,3836,3824,3867,3877,3893,4044,4293,4547,4999,5088,5142,5277,5334,5524,5835,5977,6177,6463,6734,6722,6809,7013,7165,7186,7150,7169,7363,7573,7944,7981,7845,7666,7508,7478,7470,7504,7471,7249,7447,7786,7896,7866,8097,8676
 "18119","Owen, IN",3,CAINC4,7020,"..."," Wage and salary employment ","Number of jobs",1701,1572,1548,1572,1703,1758,1718,1831,1924,2023,2102,2068,2122,2013,2022,2083,2228,2398,2730,2966,3109,3168,3211,3468,3714,3804,3925,4152,4345,4409,4640,4799,4785,4903,4915,4936,5057,5173,5381,5519,5438,5211,5076,5032,4901,4884,4852,4822,4960,5225,5447,5271,5487,5947
 "18119","Owen, IN",3,CAINC4,7040,"..."," Proprietors employment ","Number of jobs",1339,1328,1338,1412,1445,1428,1485,1623,1679,1726,1734,1756,1745,1864,1871,1961,2065,2149,2269,2122,2033,2109,2123,2056,2121,2173,2252,2311,2389,2313,2169,2214,2380,2283,2235,2233,2306,2400,2563,2462,2407,2455,2432,2446,2569,2620,2619,2427,2487,2561,2449,2595,2610,2729
 "18121","Parke, IN",3,CAINC4,10,"...","Personal income (thousands of dollars) ","Thousands of dollars",46998,49750,54599,58880,73299,74069,86261,95336,101235,111573,123650,133552,146619,152037,155133,171697,176068,179768,186739,194457,216918,229891,235233,259367,270416,280322,286807,300487,316871,329775,338112,368126,379685,379453,385993,407061,408828,415487,437310,466411,456810,481299,501094,507409,536124,528396,531709,559157,582606,599200,631090,703248,795259,819759
 "18121","Parke, IN",3,CAINC4,11,"..."," Nonfarm personal income 1/","Thousands of dollars",40620,45860,49644,53198,61236,67547,75243,83929,93212,103911,117032,133287,145580,152450,158154,168703,173733,179002,184439,195418,210174,222337,235401,249803,263967,273308,284203,293813,311221,326871,335313,363215,373737,378680,376540,392287,400933,411620,426533,450275,444596,466222,479838,500193,492672,518325,537095,552626,580223,595753,630423,687870,766325,795081
 "18121","Parke, IN",3,CAINC4,12,"..."," Farm income 2/","Thousands of dollars",6378,3890,4955,5682,12063,6522,11018,11407,8023,7662,6618,265,1039,-413,-3021,2994,2335,766,2300,-961,6744,7554,-168,9564,6449,7014,2604,6674,5650,2904,2799,4911,5948,773,9453,14774,7895,3867,10777,16136,12214,15077,21256,7216,43452,10071,-5386,6531,2383,3447,667,15378,28934,24678
 "18121","Parke, IN",3,CAINC4,20,"...","Population (persons) 3/","Number of persons",14631,14658,14877,15124,15574,15536,15623,15868,16086,16161,16199,16430,16629,16528,16335,16102,15797,15668,15495,15464,15476,15412,15565,15736,15973,16022,16232,16492,16730,17033,17253,17179,17202,17274,17515,17460,17396,17376,17449,17488,17326,17261,16993,16958,17002,16935,16606,16501,16398,16381,16252,16155,16486,16369
 "18121","Parke, IN",3,CAINC4,30,"...","Per capita personal income (dollars) 4/","Dollars",3212,3394,3670,3893,4706,4768,5521,6008,6293,6904,7633,8129,8817,9199,9497,10663,11146,11474,12052,12575,14016,14916,15113,16482,16930,17496,17669,18220,18940,19361,19597,21429,22072,21967,22038,23314,23501,23912,25062,26670,26366,27884,29488,29922,31533,31201,32019,33886,35529,36579,38832,43531,48238,50080
 "18121","Parke, IN",3,CAINC4,35,"...","Earnings by place of work ","Thousands of dollars",24495,23701,27285,29527,38300,34190,40406,43960,42219,44651,46249,42696,46438,44944,44527,54245,55120,55777,61816,63458,76277,81834,75553,90401,92195,98458,95480,104572,106188,115941,124267,134383,141311,141068,146264,154164,148322,149761,164830,172500,165106,171097,184528,175946,213808,188000,179381,202653,206582,212500,230639,266172,309686,338266
 "18121","Parke, IN",3,CAINC4,36,"...","Less: Contributions for government social insurance 5/","Thousands of dollars",1199,1313,1524,1709,2119,2388,2536,2789,2945,3256,3623,3907,4505,4677,4791,5306,5686,6005,6443,7337,8053,8629,9054,9589,10268,11068,11272,11637,11860,12716,13543,14107,14370,14980,15274,16146,16863,17736,19170,19681,19342,18794,17272,17306,19880,20650,21401,22881,24016,24141,25468,26540,29049,32050
 "18121","Parke, IN",3,CAINC4,37,"..."," Employee and self-employed contributions for government social insurance ","Thousands of dollars",723,787,903,1008,1215,1396,1473,1559,1613,1784,1981,2167,2497,2630,2702,2952,3213,3377,3655,4246,4820,5069,5330,5672,6135,6620,6870,6999,7187,7571,7935,8288,8627,9030,9073,9553,9986,10703,11547,11860,11600,11525,9956,10007,12340,12896,13389,14257,15073,15720,16780,17008,18831,21445
 "18121","Parke, IN",3,CAINC4,38,"..."," Employer contributions for government social insurance ","Thousands of dollars",476,526,621,701,904,992,1063,1230,1332,1472,1642,1740,2008,2047,2089,2354,2473,2628,2788,3091,3233,3560,3724,3917,4133,4448,4402,4638,4673,5145,5608,5819,5743,5950,6201,6593,6877,7033,7623,7821,7742,7269,7316,7299,7540,7754,8012,8624,8943,8421,8688,9532,10218,10605
 "18121","Parke, IN",3,CAINC4,42,"...","Plus: Adjustment for residence 6/","Thousands of dollars",12791,14762,14358,15172,17871,20196,22342,26081,30768,36525,43085,48691,50035,50480,50739,53911,55828,58169,60188,61829,66086,69844,78866,84993,92072,93150,100528,101515,109758,106023,109845,117002,114062,114358,117286,120369,121133,121565,119719,117433,107034,112982,117444,126396,126096,128758,132608,134831,139511,144918,149536,144030,154993,173121
 "18121","Parke, IN",3,CAINC4,45,"...","Equals: Net earnings by place of residence ","Thousands of dollars",36087,37150,40119,42990,54052,51998,60212,67252,70042,77920,85711,87480,91968,90747,90475,102850,105262,107941,115561,117950,134310,143049,145365,165805,173999,180540,184736,194450,204086,209248,220569,237278,241003,240446,248276,258387,252592,253590,265379,270252,252798,265285,284700,285036,320024,296108,290588,314603,322077,333277,354707,383662,435630,479337
 "18121","Parke, IN",3,CAINC4,46,"...","Plus: Dividends, interest, and rent 7/","Thousands of dollars",6025,7005,7880,8647,10326,11832,13896,14986,17179,18548,20883,26023,31957,36048,37071,40405,40981,41031,40159,44001,47047,48691,47858,46993,49106,50731,51742,52934,57217,59601,54863,61748,62470,57884,53752,58469,57501,56013,62981,73860,72714,75174,76914,80131,76282,79986,84458,81500,93862,92509,92998,99083,102983,109323
 "18121","Parke, IN",3,CAINC4,47,"...","Plus: Personal current transfer receipts ","Thousands of dollars",4886,5595,6600,7243,8921,10239,12153,13098,14014,15105,17056,20049,22694,25242,27587,28442,29825,30796,31019,32506,35561,38151,42010,46569,47311,49051,50329,53103,55568,60926,62680,69100,76212,81123,83965,90205,98735,105884,108950,122299,131298,140840,139480,142242,139818,152302,156663,163054,166667,173414,183385,220503,256646,231099
 "18121","Parke, IN",3,CAINC4,50,"...","Wages and salaries ","Thousands of dollars",11926,13347,15179,16081,17635,18517,19576,21755,23407,24758,26839,29301,31642,32361,32530,34999,36918,38951,42016,45074,47218,50809,52533,55006,57958,61426,61244,64993,64969,71797,77056,81033,80699,83011,84961,89555,89660,92277,100509,103961,99702,95596,96689,97239,99351,101391,106535,114518,118971,114771,118718,126204,137890,145717
 "18121","Parke, IN",3,CAINC4,60,"...","Supplements to wages and salaries ","Thousands of dollars",1222,1429,1736,1975,2265,2472,2798,3208,3595,3955,4381,4855,5391,5760,6215,6813,7496,8281,9021,9638,10484,11611,12390,13811,14850,16185,15736,16257,15958,18109,21124,22573,23191,23485,25068,26497,27460,27690,30166,31259,29335,28965,29925,29314,28853,31745,31152,33446,34411,35750,35829,37525,38502,38701
 "18121","Parke, IN",3,CAINC4,61,"..."," Employer contributions for employee pension and insurance funds 8/","Thousands of dollars",746,903,1115,1274,1361,1480,1735,1978,2263,2483,2739,3115,3383,3713,4126,4459,5023,5653,6233,6547,7251,8051,8666,9894,10717,11737,11334,11619,11285,12964,15516,16754,17448,17535,18867,19904,20583,20657,22543,23438,21593,21696,22609,22015,21313,23991,23140,24822,25468,27329,27141,27993,28284,28096
 "18121","Parke, IN",3,CAINC4,62,"..."," Employer contributions for government social insurance ","Thousands of dollars",476,526,621,701,904,992,1063,1230,1332,1472,1642,1740,2008,2047,2089,2354,2473,2628,2788,3091,3233,3560,3724,3917,4133,4448,4402,4638,4673,5145,5608,5819,5743,5950,6201,6593,6877,7033,7623,7821,7742,7269,7316,7299,7540,7754,8012,8624,8943,8421,8688,9532,10218,10605
 "18121","Parke, IN",3,CAINC4,70,"...","Proprietors' income 9/","Thousands of dollars",11347,8925,10370,11471,18400,13201,18032,18997,15217,15938,15029,8540,9405,6823,5782,12433,10706,8545,10779,8746,18575,19414,10630,21584,19387,20847,18500,23322,25261,26035,26087,30777,37421,34572,36235,38112,31202,29794,34155,37280,36069,46536,57914,49393,85604,54864,41694,54689,53200,61979,76092,102443,133294,153848
 "18121","Parke, IN",3,CAINC4,71,"..."," Farm proprietors' income ","Thousands of dollars",5856,3307,4331,5001,11226,5425,9739,9872,6243,6111,4913,-1527,-792,-2450,-4817,1358,823,-563,1049,-2321,5321,5938,-1696,7976,4757,5433,1104,5266,4108,1267,1393,3649,4697,-270,8216,13345,6475,2473,9063,14585,10512,13311,19621,5257,41419,7937,-7130,4746,210,1063,-1187,13400,27179,22680
 "18121","Parke, IN",3,CAINC4,72,"..."," Nonfarm proprietors' income ","Thousands of dollars",5491,5618,6039,6470,7174,7776,8293,9125,8974,9827,10116,10067,10197,9273,10599,11075,9883,9108,9730,11067,13254,13476,12326,13608,14630,15414,17396,18056,21153,24768,24694,27128,32724,34842,28019,24767,24727,27321,25092,22695,25557,33225,38293,44136,44185,46927,48824,49943,52990,60916,77279,89043,106115,131168
 "18121","Parke, IN",3,CAINC4,7010,"...","Total employment ","Number of jobs",4701,4742,4898,4990,5067,5000,4895,5032,4998,4819,4830,4843,4859,4790,4855,4809,4806,4853,4913,4852,4882,4952,4858,4945,5126,5259,5235,5452,5330,5617,5677,5688,5625,5475,5484,5439,5482,5548,5728,5646,5453,5397,5433,5356,5425,5452,5521,5765,5770,5751,5685,5651,5876,6044
 "18121","Parke, IN",3,CAINC4,7020,"..."," Wage and salary employment ","Number of jobs",2800,2909,3061,3073,3199,3150,3061,3144,3148,2995,3038,3082,3100,2962,2962,2973,3020,3158,3299,3353,3372,3400,3404,3479,3585,3699,3612,3723,3578,3830,3903,3886,3806,3728,3750,3738,3718,3684,3839,3795,3556,3437,3435,3343,3369,3381,3412,3553,3573,3510,3497,3412,3585,3652
 "18121","Parke, IN",3,CAINC4,7040,"..."," Proprietors employment ","Number of jobs",1901,1833,1837,1917,1868,1850,1834,1888,1850,1824,1792,1761,1759,1828,1893,1836,1786,1695,1614,1499,1510,1552,1454,1466,1541,1560,1623,1729,1752,1787,1774,1802,1819,1747,1734,1701,1764,1864,1889,1851,1897,1960,1998,2013,2056,2071,2109,2212,2197,2241,2188,2239,2291,2392
 "18123","Perry, IN",3,CAINC4,10,"...","Personal income (thousands of dollars) ","Thousands of dollars",55685,56850,61385,67734,76275,81157,88991,100100,114250,133632,144806,156849,173342,178616,185806,205686,210619,213868,219777,231795,248569,257767,264478,282747,296165,308163,319958,340347,364862,395942,408326,435463,452665,458816,472711,491955,501129,518923,534786,554871,538963,552382,585189,592601,609989,648574,663818,672937,694169,710441,718181,759506,843099,848842
 "18123","Perry, IN",3,CAINC4,11,"..."," Nonfarm personal income 1/","Thousands of dollars",54336,56004,60523,66560,74241,80181,87186,98621,113523,132300,144132,157537,172959,177771,188402,206449,212388,215912,221812,235003,248937,258460,265783,281591,294579,306693,319518,338522,363555,396023,410699,435658,453590,461375,471223,488189,496794,516197,530560,547011,533965,544919,572986,586687,600451,639402,656524,667619,686616,703173,713200,750294,828149,826898
 "18123","Perry, IN",3,CAINC4,12,"..."," Farm income 2/","Thousands of dollars",1349,846,862,1174,2034,976,1805,1479,727,1332,674,-688,383,845,-2596,-763,-1769,-2044,-2035,-3208,-368,-693,-1305,1156,1586,1470,440,1825,1307,-81,-2373,-195,-925,-2559,1488,3766,4335,2726,4226,7860,4998,7463,12203,5914,9538,9172,7294,5318,7553,7268,4981,9212,14950,21944
 "18123","Perry, IN",3,CAINC4,20,"...","Population (persons) 3/","Number of persons",18919,19054,19116,19303,19292,19255,19045,19117,18965,19089,19432,19348,19315,19258,19370,19331,19420,19336,19228,19201,19082,19107,19017,18889,18948,18933,19018,19038,19175,19137,18939,18865,18893,18903,18963,19148,19260,19202,19379,19340,19331,19411,19430,19378,19427,19346,19327,19013,19015,19106,19190,19151,19317,19183
 "18123","Perry, IN",3,CAINC4,30,"...","Per capita personal income (dollars) 4/","Dollars",2943,2984,3211,3509,3954,4215,4673,5236,6024,7000,7452,8107,8974,9275,9592,10640,10845,11061,11430,12072,13026,13491,13907,14969,15630,16277,16824,17877,19028,20690,21560,23083,23959,24272,24928,25692,26019,27024,27596,28690,27881,28457,30118,30581,31399,33525,34347,35394,36506,37184,37425,39659,43645,44250
 "18123","Perry, IN",3,CAINC4,35,"...","Earnings by place of work ","Thousands of dollars",47633,45600,48372,52642,58186,57805,56925,64477,74861,89892,90161,87215,93493,90749,93020,104784,104954,106100,111054,119652,127984,131441,134301,146704,156874,163495,165140,170289,186680,208043,221840,234649,247466,262299,277975,293094,302826,306079,312597,315265,305481,323371,341203,341196,361387,387701,396135,402321,416424,423118,425247,404301,461125,493097
 "18123","Perry, IN",3,CAINC4,36,"...","Less: Contributions for government social insurance 5/","Thousands of dollars",3110,2946,3253,3760,4705,5032,4798,5551,6608,8202,8543,8286,9481,9255,9792,11084,11413,11617,12008,13633,14353,15004,15752,16816,18014,19259,19855,20094,21947,23795,25311,26326,27317,29097,31221,33190,34615,35348,35891,36328,36127,38083,35240,35881,41408,44217,45754,46546,47380,48570,49504,49612,53840,57026
 "18123","Perry, IN",3,CAINC4,37,"..."," Employee and self-employed contributions for government social insurance ","Thousands of dollars",1659,1600,1757,1978,2458,2682,2588,2879,3309,4023,4268,4275,4915,4915,5135,5697,6084,6256,6520,7478,8106,8383,8813,9400,10206,10752,11047,11060,12053,13021,13807,14240,15103,16135,17024,18064,18882,19502,19973,20287,20072,21002,17430,17824,23081,24846,25575,26280,27118,28298,28960,28586,31368,34053
 "18123","Perry, IN",3,CAINC4,38,"..."," Employer contributions for government social insurance ","Thousands of dollars",1451,1346,1496,1782,2247,2350,2210,2672,3299,4179,4275,4011,4566,4340,4657,5387,5329,5361,5488,6155,6247,6621,6939,7416,7808,8507,8808,9034,9894,10774,11504,12086,12214,12962,14197,15126,15733,15846,15918,16041,16055,17081,17810,18057,18327,19371,20179,20266,20262,20272,20544,21026,22472,22973
 "18123","Perry, IN",3,CAINC4,42,"...","Plus: Adjustment for residence 6/","Thousands of dollars",-813,175,324,1167,2533,4925,7865,10922,13609,16835,23364,29521,32181,32723,33380,34664,34938,36830,37802,39440,41609,41753,40137,42913,45610,48646,51163,54435,59881,66075,68694,73308,68917,66310,62545,58764,55629,58612,58880,58978,47963,40360,42958,43443,45169,46721,50834,46275,41523,46726,46028,48867,47451,48232
 "18123","Perry, IN",3,CAINC4,45,"...","Equals: Net earnings by place of residence ","Thousands of dollars",43710,42829,45443,50049,56014,57698,59992,69848,81862,98525,104982,108450,116193,114217,116608,128364,128479,131313,136848,145459,155240,158190,158686,172801,184470,192882,196448,204630,224614,250323,265223,281631,289066,299512,309299,318668,323840,329343,335586,337915,317317,325648,348921,348758,365148,390205,401215,402050,410567,421274,421771,403556,454736,484303
 "18123","Perry, IN",3,CAINC4,46,"...","Plus: Dividends, interest, and rent 7/","Thousands of dollars",6751,7794,8796,9680,11023,12647,14289,15787,18237,19657,22190,26998,32402,36874,39278,45520,48575,46955,46775,48527,52675,55501,57830,59067,56598,59347,66220,72961,77377,81270,77264,83327,83832,77733,79427,81898,77133,84822,89615,94067,87425,80822,91984,92125,95406,97178,96965,97146,104497,101628,98539,106870,107124,112910
 "18123","Perry, IN",3,CAINC4,47,"...","Plus: Personal current transfer receipts ","Thousands of dollars",5224,6227,7146,8005,9238,10812,14710,14465,14151,15450,17634,21401,24747,27525,29920,31802,33565,35600,36154,37809,40654,44076,47962,50879,55097,55934,57290,62756,62871,64349,65839,70505,79767,81571,83985,91389,100156,104758,109585,122889,134221,145912,144284,151718,149435,161191,165638,173741,179105,187539,197871,249080,281239,251629
 "18123","Perry, IN",3,CAINC4,50,"...","Wages and salaries ","Thousands of dollars",35367,34152,36037,39054,42710,42776,40646,46170,54583,66168,67054,65207,69924,66874,69870,77136,77669,78500,81881,88415,90314,93642,97026,103214,107055,114167,118292,121656,134181,146765,157507,165880,169633,180979,195796,211101,216073,218631,221204,221511,214519,230333,237432,245042,245860,263957,271022,278213,284927,289941,293231,283307,309283,334640
 "18123","Perry, IN",3,CAINC4,60,"...","Supplements to wages and salaries ","Thousands of dollars",3788,3849,4271,4987,5536,5805,5940,6898,8744,10636,10861,10860,11885,11978,13375,15070,15821,16467,17632,19148,20702,22042,23523,26426,28130,29950,30076,30282,32575,34868,39255,42510,43660,47065,51486,55426,58623,59570,62390,63934,57753,60513,62955,64560,63543,71302,71841,74092,74933,78240,76165,74302,76548,77080
 "18123","Perry, IN",3,CAINC4,61,"..."," Employer contributions for employee pension and insurance funds 8/","Thousands of dollars",2337,2503,2775,3205,3289,3455,3730,4226,5445,6457,6586,6849,7319,7638,8718,9683,10492,11106,12144,12993,14455,15421,16584,19010,20322,21443,21268,21248,22681,24094,27751,30424,31446,34103,37289,40300,42890,43724,46472,47893,41698,43432,45145,46503,45216,51931,51662,53826,54671,57968,55621,53276,54076,54107
 "18123","Perry, IN",3,CAINC4,62,"..."," Employer contributions for government social insurance ","Thousands of dollars",1451,1346,1496,1782,2247,2350,2210,2672,3299,4179,4275,4011,4566,4340,4657,5387,5329,5361,5488,6155,6247,6621,6939,7416,7808,8507,8808,9034,9894,10774,11504,12086,12214,12962,14197,15126,15733,15846,15918,16041,16055,17081,17810,18057,18327,19371,20179,20266,20262,20272,20544,21026,22472,22973
 "18123","Perry, IN",3,CAINC4,70,"...","Proprietors' income 9/","Thousands of dollars",8478,7599,8064,8601,9940,9224,10339,11409,11534,13088,12246,11148,11684,11897,9775,12578,11464,11133,11541,12089,16968,15757,13752,17064,21689,19378,16772,18351,19924,26410,25078,26259,34173,34255,30693,26567,28130,27878,29003,29820,33209,32525,40816,31594,51984,52442,53272,50016,56564,54937,55851,46692,75294,81377
 "18123","Perry, IN",3,CAINC4,71,"..."," Farm proprietors' income ","Thousands of dollars",1238,731,749,1060,1897,812,1625,1271,497,1134,400,-1030,2,340,-3044,-1185,-2154,-2366,-2310,-3472,-620,-943,-1516,967,1336,1189,122,1480,892,-516,-2754,-546,-1270,-2852,1121,3317,3861,2239,3588,7268,4342,6778,11581,5166,8763,8358,6634,4647,6729,6369,4290,8470,14292,21186
 "18123","Perry, IN",3,CAINC4,72,"..."," Nonfarm proprietors' income ","Thousands of dollars",7240,6868,7315,7541,8043,8412,8714,10138,11037,11954,11846,12178,11682,11557,12819,13763,13618,13499,13851,15561,17588,16700,15268,16097,20353,18189,16650,16871,19032,26926,27832,26805,35443,37107,29572,23250,24269,25639,25415,22552,28867,25747,29235,26428,43221,44084,46638,45369,49835,48568,51561,38222,61002,60191
 "18123","Perry, IN",3,CAINC4,7010,"...","Total employment ","Number of jobs",8024,7558,7461,7645,7763,7628,7139,7286,7756,8266,8190,7779,7567,7204,7301,7525,7427,7264,7394,7288,7257,7296,7221,7574,7767,7815,7866,7871,8098,8280,8313,8296,8097,8217,8313,8550,8551,8581,8730,8573,8223,8205,8445,8439,8524,8758,8748,8769,8629,8672,8591,8341,8299,8461
 "18123","Perry, IN",3,CAINC4,7020,"..."," Wage and salary employment ","Number of jobs",6733,6251,6160,6243,6341,6163,5617,5670,6126,6614,6498,6030,5804,5464,5517,5698,5540,5354,5410,5525,5582,5607,5577,5829,6019,5993,6079,6078,6230,6222,6372,6322,6200,6416,6569,6749,6681,6742,6782,6675,6224,6264,6463,6486,6561,6794,6831,6927,6806,6840,6836,6506,6508,6574
 "18123","Perry, IN",3,CAINC4,7040,"..."," Proprietors employment ","Number of jobs",1291,1307,1301,1402,1422,1465,1522,1616,1630,1652,1692,1749,1763,1740,1784,1827,1887,1910,1984,1763,1675,1689,1644,1745,1748,1822,1787,1793,1868,2058,1941,1974,1897,1801,1744,1801,1870,1839,1948,1898,1999,1941,1982,1953,1963,1964,1917,1842,1823,1832,1755,1835,1791,1887
 "18125","Pike, IN",3,CAINC4,10,"...","Personal income (thousands of dollars) ","Thousands of dollars",41365,40841,47503,51472,66204,70685,84333,91255,96327,93469,106393,117774,132291,143278,144029,161902,167062,170672,172885,173271,187253,199250,199231,211603,214826,222763,223734,247886,251084,259435,264697,281069,296539,294157,298395,326964,327654,345876,368009,397807,387672,399606,406754,427563,444800,446739,452518,456694,479243,493553,512441,546288,574690,579498
 "18125","Pike, IN",3,CAINC4,11,"..."," Nonfarm personal income 1/","Thousands of dollars",38330,40186,44955,48727,59753,65409,78400,85447,94083,92683,107115,117086,132328,142920,147043,158580,163989,166596,168826,172016,181106,197859,199518,207944,211950,221157,222720,237307,248111,256652,262509,275088,291442,295226,295927,319671,323501,345054,365827,384028,378926,387790,403720,411230,416572,434911,446402,451813,474765,488607,507030,536400,560101,560615
 "18125","Pike, IN",3,CAINC4,12,"..."," Farm income 2/","Thousands of dollars",3035,655,2548,2745,6451,5276,5933,5808,2244,786,-722,688,-37,358,-3014,3322,3073,4076,4059,1255,6147,1391,-287,3659,2876,1606,1014,10579,2973,2783,2188,5981,5097,-1069,2468,7293,4153,822,2182,13779,8746,11816,3034,16333,28228,11828,6116,4881,4478,4946,5411,9888,14589,18883
 "18125","Pike, IN",3,CAINC4,20,"...","Population (persons) 3/","Number of persons",12330,12261,12254,12452,12216,12342,12499,12789,12920,13107,13339,13453,13375,13348,13330,13359,13088,12986,12857,12795,12630,12481,12359,12398,12476,12520,12464,12506,12744,12826,12896,12826,12905,12984,12970,13047,12879,13016,13047,13047,12836,12712,12576,12583,12445,12427,12328,12287,12205,12273,12258,12247,12178,12168
 "18125","Pike, IN",3,CAINC4,30,"...","Per capita personal income (dollars) 4/","Dollars",3355,3331,3877,4134,5419,5727,6747,7135,7456,7131,7976,8754,9891,10734,10805,12119,12765,13143,13447,13542,14826,15964,16120,17068,17219,17793,17950,19821,19702,20227,20526,21914,22979,22655,23007,25060,25441,26573,28206,30490,30202,31435,32344,33979,35741,35949,36707,37169,39266,40215,41805,44606,47191,47625
 "18125","Pike, IN",3,CAINC4,35,"...","Earnings by place of work ","Thousands of dollars",25558,23260,28795,31390,46654,50587,78240,81654,84369,64540,80560,86832,98123,103448,95117,111028,113223,112962,110920,104409,110559,119052,114186,119394,114100,116784,112455,131782,130489,139674,141477,146467,161903,157100,165589,171500,156602,172959,180861,205371,205367,211020,214781,227215,257673,255832,219942,215656,250466,208665,213041,245972,220100,239917
 "18125","Pike, IN",3,CAINC4,36,"...","Less: Contributions for government social insurance 5/","Thousands of dollars",1600,1588,1915,2150,3547,4194,6620,6958,7509,5768,7504,7936,10011,10799,10322,11854,12439,12308,11775,11967,12251,14041,13876,13916,13658,14372,14182,15437,16154,17688,17692,17538,17880,18053,18872,19084,18042,20299,21405,22974,24101,24026,22515,22582,27803,29538,26277,26026,30888,25999,26560,30197,26944,29386
 "18125","Pike, IN",3,CAINC4,37,"..."," Employee and self-employed contributions for government social insurance ","Thousands of dollars",877,881,1048,1185,1820,2121,3289,3388,3622,2834,3749,4007,4997,5325,5063,5692,6164,6099,5939,6238,6500,7333,7339,7398,7243,7619,7500,7904,8217,8463,8488,8499,9628,9936,10307,10522,10240,11583,12284,13291,13788,13827,11709,11722,15798,16666,15033,14958,17494,15551,16007,17664,16038,17775
 "18125","Pike, IN",3,CAINC4,38,"..."," Employer contributions for government social insurance ","Thousands of dollars",723,707,867,965,1727,2073,3331,3570,3887,2934,3755,3929,5014,5474,5259,6162,6275,6209,5836,5729,5751,6708,6537,6518,6415,6753,6682,7533,7937,9225,9204,9039,8252,8117,8565,8562,7802,8716,9121,9683,10313,10199,10806,10860,12005,12872,11244,11068,13394,10448,10553,12533,10906,11611
 "18125","Pike, IN",3,CAINC4,42,"...","Plus: Adjustment for residence 6/","Thousands of dollars",7670,8194,8190,8811,7153,5805,-9320,-7112,-7030,6574,1547,411,-2279,-2757,2826,3576,4385,6917,11924,18192,21172,22457,24874,28633,35532,37840,40305,41218,43093,41479,44553,52161,47769,48773,47548,62332,75187,70212,75931,64282,52052,55960,53672,57984,47604,46992,75077,81412,67445,113464,118486,91182,117159,120741
 "18125","Pike, IN",3,CAINC4,45,"...","Equals: Net earnings by place of residence ","Thousands of dollars",31628,29866,35070,38051,50260,52198,62300,67584,69830,65346,74603,79307,85833,89892,87621,102750,105169,107571,111069,110634,119480,127468,125184,134111,135974,140252,138578,157563,157428,163465,168338,181090,191792,187820,194265,214748,213747,222872,235387,246679,233318,242954,245938,262617,277474,273286,268742,271042,287023,296130,304967,306957,310315,331272
 "18125","Pike, IN",3,CAINC4,46,"...","Plus: Dividends, interest, and rent 7/","Thousands of dollars",5147,5693,6181,6591,7802,9089,11070,12065,13892,14522,16316,20733,25655,30790,32079,33640,35751,35841,34793,35480,38112,39398,39438,37511,36376,38674,40003,42720,44659,47039,44877,46199,45806,41870,38790,41975,38814,42499,48862,55523,51391,49594,53939,55047,55942,57334,58916,58651,63232,62880,62610,65192,67544,71558
 "18125","Pike, IN",3,CAINC4,47,"...","Plus: Personal current transfer receipts ","Thousands of dollars",4590,5282,6252,6830,8142,9398,10963,11606,12605,13601,15474,17734,20803,22596,24329,25512,26142,27260,27023,27157,29661,32384,34609,39981,42476,43837,45153,47603,48997,48931,51482,53780,58941,64467,65340,70241,75093,80505,83760,95605,102963,107058,106877,109899,111384,116119,124860,127001,128988,134543,144864,174139,196831,176668
 "18125","Pike, IN",3,CAINC4,50,"...","Wages and salaries ","Thousands of dollars",16243,16106,18881,20943,30781,34614,58162,60622,65191,47795,61940,65574,76384,79183,74364,82270,84470,83148,79989,77153,78375,88044,86055,86377,81452,84603,81910,88993,91181,99611,99043,99138,111302,112010,117513,119495,110830,124633,131561,140361,146979,145959,155231,155051,170355,180849,156654,153532,186464,148956,150862,170651,145781,162101
 "18125","Pike, IN",3,CAINC4,60,"...","Supplements to wages and salaries ","Thousands of dollars",2340,2474,2834,3279,4352,5104,8418,9469,10526,9535,12394,14066,15705,18368,17572,17896,17786,19353,20044,16205,17172,19792,19794,20890,20737,21646,20775,22963,24586,27526,29677,30046,30019,29475,31460,32795,30553,36587,37241,39899,38821,40033,42207,41581,44894,48652,42475,44235,48023,42943,44043,50187,43620,42804
 "18125","Pike, IN",3,CAINC4,61,"..."," Employer contributions for employee pension and insurance funds 8/","Thousands of dollars",1617,1767,1967,2314,2625,3031,5087,5899,6639,6601,8639,10137,10691,12894,12313,11734,11511,13144,14208,10476,11421,13084,13257,14372,14322,14893,14093,15430,16649,18301,20473,21007,21767,21358,22895,24233,22751,27871,28120,30216,28508,29834,31401,30721,32889,35780,31231,33167,34629,32495,33490,37654,32714,31193
 "18125","Pike, IN",3,CAINC4,62,"..."," Employer contributions for government social insurance ","Thousands of dollars",723,707,867,965,1727,2073,3331,3570,3887,2934,3755,3929,5014,5474,5259,6162,6275,6209,5836,5729,5751,6708,6537,6518,6415,6753,6682,7533,7937,9225,9204,9039,8252,8117,8565,8562,7802,8716,9121,9683,10313,10199,10806,10860,12005,12872,11244,11068,13394,10448,10553,12533,10906,11611
 "18125","Pike, IN",3,CAINC4,70,"...","Proprietors' income 9/","Thousands of dollars",6975,4680,7080,7168,11521,10869,11660,11563,8652,7210,6226,7192,6034,5897,3181,10862,10967,10461,10887,11051,15012,11216,8337,12127,11911,10535,9770,19826,14722,12537,12757,17283,20582,15615,16616,19210,15219,11739,12059,25111,19567,25028,17343,30583,42424,26331,20813,17889,15979,16766,18136,25134,30699,35012
 "18125","Pike, IN",3,CAINC4,71,"..."," Farm proprietors' income ","Thousands of dollars",2769,387,2286,2482,6153,4919,5500,5265,1593,221,-1360,-5,-744,-465,-3813,2533,2275,3332,3319,495,5395,576,-1021,2926,2044,788,195,9776,2057,1845,1414,5314,4474,-1556,1889,6619,3479,153,1352,13030,7925,10966,2263,15423,27289,10838,5313,4062,3466,3846,4566,8983,13782,17949
 "18125","Pike, IN",3,CAINC4,72,"..."," Nonfarm proprietors' income ","Thousands of dollars",4206,4293,4794,4686,5368,5950,6160,6298,7059,6989,7586,7197,6778,6362,6994,8329,8692,7129,7568,10556,9617,10640,9358,9201,9867,9747,9575,10050,12665,10692,11343,11969,16108,17171,14727,12591,11740,11586,10707,12081,11642,14062,15080,15160,15135,15493,15500,13827,12513,12920,13570,16151,16917,17063
 "18125","Pike, IN",3,CAINC4,7010,"...","Total employment ","Number of jobs",3694,3607,3769,3923,4324,4655,5510,5566,5506,4734,5074,4939,5054,5036,4764,4954,5109,5095,5002,4833,4592,4628,4508,4390,4245,4376,4276,4262,4316,4302,4290,4210,4571,4502,4495,4432,4192,4396,4515,4546,4535,4486,4565,4534,4658,4758,4388,4449,4650,4197,4149,4263,3998,4161
 "18125","Pike, IN",3,CAINC4,7020,"..."," Wage and salary employment ","Number of jobs",2500,2448,2586,2666,3101,3443,4294,4400,4316,3516,3914,3828,3950,3949,3655,3746,3785,3683,3442,3447,3362,3437,3307,3207,3115,3203,3097,3068,3133,3302,3288,3196,3347,3365,3359,3299,3070,3219,3309,3335,3335,3282,3369,3410,3495,3571,3240,3259,3509,3042,3037,3099,2779,2885
 "18125","Pike, IN",3,CAINC4,7040,"..."," Proprietors employment ","Number of jobs",1194,1159,1183,1257,1223,1212,1216,1166,1190,1218,1160,1111,1104,1087,1109,1208,1324,1412,1560,1386,1230,1191,1201,1183,1130,1173,1179,1194,1183,1000,1002,1014,1224,1137,1136,1133,1122,1177,1206,1211,1200,1204,1196,1124,1163,1187,1148,1190,1141,1155,1112,1164,1219,1276
 "18127","Porter, IN",3,CAINC4,10,"...","Personal income (thousands of dollars) ","Thousands of dollars",364599,378697,409124,460448,538877,614262,686273,783893,904319,1050811,1203960,1279593,1429302,1457297,1470600,1570480,1673120,1731820,1883413,2088068,2340237,2538775,2662152,2871438,3048102,3305118,3533470,3793950,4048094,4323798,4433406,4668367,4716008,4745588,4920025,5349804,5580906,5984687,6359550,6678660,6254333,6439967,6975889,7339643,7419573,7632257,7850062,8078788,8524608,8990527,9326106,9746755,10684546,11109181
 "18127","Porter, IN",3,CAINC4,11,"..."," Nonfarm personal income 1/","Thousands of dollars",359559,375032,402840,456712,529070,610127,677094,775157,898379,1041305,1195940,1276780,1427129,1455856,1475794,1570993,1672757,1731002,1878589,2088712,2331531,2531868,2664458,2866134,3042387,3295193,3526433,3782169,4035892,4313412,4425492,4661605,4706015,4741852,4907152,5329019,5571090,5975519,6349800,6663019,6251533,6435638,6964890,7317463,7362726,7601205,7838978,8063603,8516418,8983222,9318562,9727787,10657830,11086543
 "18127","Porter, IN",3,CAINC4,12,"..."," Farm income 2/","Thousands of dollars",5040,3665,6284,3736,9807,4135,9179,8736,5940,9506,8020,2813,2173,1441,-5194,-513,363,818,4824,-644,8706,6907,-2306,5304,5715,9925,7037,11781,12202,10386,7914,6762,9993,3736,12873,20785,9816,9168,9750,15641,2800,4329,10999,22180,56847,31052,11084,15185,8190,7305,7544,18968,26716,22638
 "18127","Porter, IN",3,CAINC4,20,"...","Population (persons) 3/","Number of persons",84011,87564,89889,90838,94064,95884,98903,101791,106650,111597,116100,119984,120391,122754,123150,123118,122300,122330,123651,125059,127256,129319,131875,133842,135400,137095,139429,141475,143234,144522,145815,147137,148372,149992,151731,153664,156024,158595,160835,162538,163572,164548,165815,166248,167271,168205,168631,169038,170225,171541,172732,173295,174517,174791
 "18127","Porter, IN",3,CAINC4,30,"...","Per capita personal income (dollars) 4/","Dollars",4340,4325,4551,5069,5729,6406,6939,7701,8479,9416,10370,10665,11872,11872,11942,12756,13680,14157,15232,16697,18390,19632,20187,21454,22512,24108,25342,26817,28262,29918,30404,31728,31785,31639,32426,34815,35770,37736,39541,41090,38236,39137,42070,44149,44357,45375,46552,47793,50078,52410,53992,56244,61224,63557
 "18127","Porter, IN",3,CAINC4,35,"...","Earnings by place of work ","Thousands of dollars",221789,240712,263119,305738,367432,417067,466443,526002,607485,704540,802619,824213,901725,888782,858308,933424,994576,1018782,1117241,1221194,1375480,1481754,1546678,1701421,1776899,1973466,2056746,2203048,2258462,2412000,2468161,2501915,2507424,2541888,2618960,2806838,2912522,3116792,3276411,3403474,2981508,3200306,3394977,3597593,3678153,3769491,3818763,3914701,4060302,4319316,4466994,4312060,4774251,5198302
 "18127","Porter, IN",3,CAINC4,36,"...","Less: Contributions for government social insurance 5/","Thousands of dollars",14401,15599,17502,21640,29975,36440,40187,45271,52575,63016,74776,77087,90931,91847,89943,99797,108549,111315,117757,133719,149654,166898,178021,190088,203066,228424,241177,256122,260108,274869,279383,280838,284455,288305,299053,319984,337679,362328,383887,401990,358234,378517,351240,367319,427743,441411,450681,458402,476272,506956,529073,523863,570673,626311
 "18127","Porter, IN",3,CAINC4,37,"..."," Employee and self-employed contributions for government social insurance ","Thousands of dollars",7659,8258,9269,11289,15311,18655,20290,22699,26053,30759,36845,38548,45882,46190,44569,48569,54484,56413,60522,68900,78376,87508,93835,100081,106092,118916,126344,133461,135947,142114,144661,145265,148735,152383,157498,168578,177796,193045,205706,215782,192166,201776,166548,174854,228469,236371,241564,247639,260496,279891,292911,291562,321010,353451
 "18127","Porter, IN",3,CAINC4,38,"..."," Employer contributions for government social insurance ","Thousands of dollars",6742,7341,8233,10351,14664,17785,19897,22572,26522,32257,37931,38539,45049,45657,45374,51228,54065,54902,57235,64819,71278,79390,84186,90007,96974,109508,114833,122661,124161,132755,134722,135573,135720,135922,141555,151406,159883,169283,178181,186208,166068,176741,184692,192465,199274,205040,209117,210763,215776,227065,236162,232301,249663,272860
 "18127","Porter, IN",3,CAINC4,42,"...","Plus: Adjustment for residence 6/","Thousands of dollars",98568,88104,89856,97429,108461,123794,127417,158474,190692,229004,265380,266894,300171,299084,310987,311291,332498,346864,398149,475567,521278,576234,625375,641675,716204,740336,830865,884656,1023099,1102843,1153133,1266310,1260228,1233747,1264996,1449942,1512339,1577250,1629530,1703699,1689685,1643747,1803289,1884081,1888017,1852073,1920416,1974002,2132209,2205696,2292557,2396319,2517243,2721068
 "18127","Porter, IN",3,CAINC4,45,"...","Equals: Net earnings by place of residence ","Thousands of dollars",305956,313217,335473,381527,445918,504421,553673,639205,745602,870528,993223,1014020,1110965,1096019,1079352,1144918,1218525,1254331,1397633,1563042,1747104,1891090,1994032,2153008,2290037,2485378,2646434,2831582,3021453,3239974,3341911,3487387,3483197,3487330,3584903,3936796,4087182,4331714,4522054,4705183,4312959,4465536,4847026,5114355,5138427,5180153,5288498,5430301,5716239,6018056,6230478,6184516,6720821,7293059
 "18127","Porter, IN",3,CAINC4,46,"...","Plus: Dividends, interest, and rent 7/","Thousands of dollars",43924,47836,51420,54273,63164,74423,85172,92762,103819,117139,136317,168193,209224,233092,250363,273517,293348,303372,306718,336325,388322,425594,422373,440605,460945,504638,550352,599627,649944,689033,671075,726413,723692,714304,762884,795435,817088,907791,1050621,1063754,931102,898470,1045641,1096194,1126466,1208761,1255756,1286639,1403153,1492293,1511128,1516716,1669912,1800434
 "18127","Porter, IN",3,CAINC4,47,"...","Plus: Personal current transfer receipts ","Thousands of dollars",14719,17644,22231,24648,29795,35418,47428,51926,54898,63144,74420,97380,109113,128186,140885,152045,161247,174117,179062,188701,204811,222091,245747,277825,297120,315102,336684,362741,376697,394791,420420,454567,509119,543954,572238,617573,676636,745182,786875,909723,1010272,1075961,1083222,1129094,1154680,1243343,1305808,1361848,1405216,1480178,1584500,2045523,2293813,2015688
 "18127","Porter, IN",3,CAINC4,50,"...","Wages and salaries ","Thousands of dollars",172774,189945,204045,239605,285636,332649,362535,407929,473243,549092,629779,649715,713607,697158,665217,717050,765868,775645,832938,917040,1014105,1096764,1149678,1230637,1298478,1449347,1532858,1644017,1673417,1785980,1826952,1851621,1853631,1861209,1918143,2051988,2132129,2266905,2402007,2510858,2172852,2310384,2415448,2547850,2612632,2698128,2756545,2809030,2915541,3088222,3191706,3069722,3416295,3797857
 "18127","Porter, IN",3,CAINC4,60,"...","Supplements to wages and salaries ","Thousands of dollars",19865,23223,25573,32108,38901,45803,56793,63382,75833,88193,102441,110909,124677,131657,131093,136672,145459,153603,177776,196416,222374,240697,260632,321612,327737,366766,347697,360093,371485,383436,400922,421449,405287,419280,435572,463213,495562,524227,553885,581200,507559,536712,551773,585472,591542,642324,639031,658341,668097,723313,731089,709889,745517,791296
 "18127","Porter, IN",3,CAINC4,61,"..."," Employer contributions for employee pension and insurance funds 8/","Thousands of dollars",13123,15882,17340,21757,24237,28018,36896,40810,49311,55936,64510,72370,79628,86000,85719,85444,91394,98701,120541,131597,151096,161307,176446,231605,230763,257258,232864,237432,247324,250681,266200,285876,269567,283358,294017,311807,335679,354944,375704,394992,341491,359971,367081,393007,392268,437284,429914,447578,452321,496248,494927,477588,495854,518436
 "18127","Porter, IN",3,CAINC4,62,"..."," Employer contributions for government social insurance ","Thousands of dollars",6742,7341,8233,10351,14664,17785,19897,22572,26522,32257,37931,38539,45049,45657,45374,51228,54065,54902,57235,64819,71278,79390,84186,90007,96974,109508,114833,122661,124161,132755,134722,135573,135720,135922,141555,151406,159883,169283,178181,186208,166068,176741,184692,192465,199274,205040,209117,210763,215776,227065,236162,232301,249663,272860
 "18127","Porter, IN",3,CAINC4,70,"...","Proprietors' income 9/","Thousands of dollars",29150,27544,33501,34025,42895,38615,47115,54691,58409,67255,70399,63589,63441,59967,61998,79702,83249,89534,106527,107738,139001,144293,136368,149172,150684,157353,176191,198938,213560,242584,240287,228845,248506,261399,265245,291637,284831,325660,320519,311416,301097,353210,427756,464271,473979,429039,423187,447330,476664,507781,544199,532449,612439,609149
 "18127","Porter, IN",3,CAINC4,71,"..."," Farm proprietors' income ","Thousands of dollars",4436,3038,5657,3091,9053,3206,8171,7590,4679,8498,6907,1639,995,95,-6454,-1709,-781,-189,3895,-1715,7525,5505,-3682,3822,4178,8519,5728,10583,10921,8833,6397,5217,8238,2076,11000,18730,7894,7383,7685,13722,627,2009,8787,19478,54047,28110,8677,12721,5193,4019,4989,16239,24295,19888
 "18127","Porter, IN",3,CAINC4,72,"..."," Nonfarm proprietors' income ","Thousands of dollars",24714,24506,27844,30934,33842,35409,38944,47101,53730,58757,63492,61950,62446,59872,68452,81411,84030,89723,102632,109453,131476,138788,140050,145350,146506,148834,170463,188355,202639,233751,233890,223628,240268,259323,254245,272907,276937,318277,312834,297694,300470,351201,418969,444793,419932,400929,414510,434609,471471,503762,539210,516210,588144,589261
 "18127","Porter, IN",3,CAINC4,7010,"...","Total employment ","Number of jobs",28328,30362,30420,32971,36336,37886,39327,41152,43861,46534,48424,47487,47598,45781,44805,46513,47979,48452,50707,52333,54514,57734,59258,60599,61826,64491,66183,68032,68656,69002,69954,70248,70200,69297,69793,71181,73131,74907,77421,76835,73456,73883,75434,76038,77672,78974,79551,81040,81604,83990,84262,80575,83210,87895
 "18127","Porter, IN",3,CAINC4,7020,"..."," Wage and salary employment ","Number of jobs",24336,26169,26060,28262,31193,32364,33474,34965,37426,40061,41905,40745,40868,39004,37702,39069,40131,40271,42062,43954,46182,48656,49896,51217,52327,54449,55633,57119,57664,58773,59759,59614,58399,57362,57488,58221,59418,60765,62605,62358,58855,59515,60420,61125,62663,63504,63841,64341,64310,66188,67121,62324,63744,66968
 "18127","Porter, IN",3,CAINC4,7040,"..."," Proprietors employment ","Number of jobs",3992,4193,4360,4709,5143,5522,5853,6187,6435,6473,6519,6742,6730,6777,7103,7444,7848,8181,8645,8379,8332,9078,9362,9382,9499,10042,10550,10913,10992,10229,10195,10634,11801,11935,12305,12960,13713,14142,14816,14477,14601,14368,15014,14913,15009,15470,15710,16699,17294,17802,17141,18251,19466,20927
 "18129","Posey, IN",3,CAINC4,10,"...","Personal income (thousands of dollars) ","Thousands of dollars",75418,72012,83828,88330,110289,122313,139664,158524,174054,206349,222912,244498,262663,284579,292166,334531,361017,376441,392378,407373,430196,435810,438738,481589,510689,529340,549022,610847,632126,670010,691279,762902,859656,840773,831212,842692,850663,895123,916535,993451,948168,990007,1070846,1060838,1113201,1134886,1126809,1133663,1182057,1216615,1300513,1397747,1467039,1482974
 "18129","Posey, IN",3,CAINC4,11,"..."," Nonfarm personal income 1/","Thousands of dollars",68731,69063,76342,81981,96361,112663,125796,142824,164879,197144,214433,235374,258666,281237,296214,325911,353217,369998,387169,399052,418993,435527,443634,473731,504065,527029,545792,590880,622376,665907,685385,749905,844530,837001,812368,815725,836055,878713,896036,947974,917800,970398,1014659,1037886,1042260,1106800,1123838,1113458,1160357,1201285,1280388,1364448,1414147,1433124
 "18129","Posey, IN",3,CAINC4,12,"..."," Farm income 2/","Thousands of dollars",6687,2949,7486,6349,13928,9650,13868,15700,9175,9205,8479,9124,3997,3342,-4048,8620,7800,6443,5209,8321,11203,283,-4896,7858,6624,2311,3230,19967,9750,4103,5894,12997,15126,3772,18844,26967,14608,16410,20499,45477,30368,19609,56187,22952,70941,28086,2971,20205,21700,15330,20125,33299,52892,49850
 "18129","Posey, IN",3,CAINC4,20,"...","Population (persons) 3/","Number of persons",21472,21785,22136,22498,23079,23335,23526,23601,24496,25034,25726,26415,26365,26599,26659,26264,26466,26376,26074,26122,26009,26009,25988,26185,26342,26478,26657,26812,26938,27001,26924,27070,26933,26908,26736,26664,26488,26348,26229,26080,25941,25858,25683,25597,25533,25567,25570,25565,25492,25448,25318,25173,25129,25063
 "18129","Posey, IN",3,CAINC4,30,"...","Per capita personal income (dollars) 4/","Dollars",3512,3306,3787,3926,4779,5242,5937,6717,7105,8243,8665,9256,9963,10699,10959,12737,13641,14272,15049,15595,16540,16756,16882,18392,19387,19992,20596,22783,23466,24814,25675,28183,31918,31246,31090,31604,32115,33973,34944,38092,36551,38286,41695,41444,43599,44389,44068,44344,46370,47808,51367,55526,58380,59170
 "18129","Posey, IN",3,CAINC4,35,"...","Earnings by place of work ","Thousands of dollars",54228,49471,58583,60714,78379,87487,100243,113035,119369,148260,148154,151958,156856,169143,171292,212323,235133,253395,260149,268472,278961,274176,280515,319056,346185,356291,374985,415407,439076,462037,485110,511794,609998,584477,545990,553033,567476,597598,618147,680138,616117,648137,711621,689776,748426,702082,686260,678278,698849,755626,831536,860755,849191,891627
 "18129","Posey, IN",3,CAINC4,36,"...","Less: Contributions for government social insurance 5/","Thousands of dollars",3241,3141,3585,4022,5461,7036,7560,8584,9675,12743,13144,13426,15443,17302,17989,21777,24614,26702,26400,28129,29345,30971,32952,35506,39302,41066,43505,46198,49424,51585,53956,55782,59743,58868,55678,58197,61589,64396,66818,70930,66018,68850,63629,63758,73695,73553,75991,75252,77197,84420,90322,91941,92086,98327
 "18129","Posey, IN",3,CAINC4,37,"..."," Employee and self-employed contributions for government social insurance ","Thousands of dollars",1730,1696,1927,2128,2833,3613,3958,4378,4876,6261,6571,6850,7935,8855,9185,10714,12461,13595,14097,14937,15568,16311,17281,18691,20525,21737,22941,23882,25803,26949,28008,28825,33662,33378,30716,30997,32812,34892,36410,39007,36336,37842,30918,31283,40731,40790,41671,41012,42872,47249,51095,52440,52269,55737
 "18129","Posey, IN",3,CAINC4,38,"..."," Employer contributions for government social insurance ","Thousands of dollars",1511,1445,1658,1894,2628,3423,3602,4206,4799,6482,6573,6576,7508,8447,8804,11063,12153,13107,12303,13192,13777,14660,15671,16815,18777,19329,20564,22316,23621,24636,25948,26957,26081,25490,24962,27200,28777,29504,30408,31923,29682,31008,32711,32475,32964,32763,34320,34240,34325,37171,39227,39501,39817,42590
 "18129","Posey, IN",3,CAINC4,42,"...","Plus: Adjustment for residence 6/","Thousands of dollars",6354,5795,6966,8368,9785,9423,8957,12832,17956,19122,28491,36092,39194,37834,37514,35717,33029,33065,42974,44495,45637,52391,48191,48104,43691,48136,36707,45341,35335,40332,44231,72755,66339,78600,94578,92480,88834,88537,76119,57912,77755,83502,79048,79547,80471,115027,123111,127122,136594,114992,102867,93877,128913,131416
 "18129","Posey, IN",3,CAINC4,45,"...","Equals: Net earnings by place of residence ","Thousands of dollars",57341,52125,61964,65060,82703,89874,101640,117283,127650,154639,163501,174624,180607,189675,190817,226263,243548,259758,276723,284838,295253,295596,295754,331654,350574,363361,368187,414550,424987,450784,475385,528767,616594,604209,584890,587316,594721,621739,627448,667120,627854,662789,727040,705565,755202,743556,733380,730148,758246,786198,844081,862691,886018,924716
 "18129","Posey, IN",3,CAINC4,46,"...","Plus: Dividends, interest, and rent 7/","Thousands of dollars",12007,12900,13758,14314,17115,20049,22636,25045,29085,32774,38471,44591,52884,62222,66916,71470,78904,75548,73645,78785,86784,89728,87953,87425,92191,95512,108056,119079,129582,140118,134101,145062,147772,134826,139603,142292,131508,139472,148774,165208,147814,145660,161156,163739,164236,185363,178916,183046,196484,194351,205176,223268,222030,239682
 "18129","Posey, IN",3,CAINC4,47,"...","Plus: Personal current transfer receipts ","Thousands of dollars",6070,6987,8106,8956,10471,12390,15388,16196,17319,18936,20940,25283,29172,32682,34433,36798,38565,41135,42010,43750,48159,50486,55031,62510,67924,70467,72779,77218,77557,79108,81793,89073,95290,101738,106719,113084,124434,133912,140313,161123,172500,181558,182650,191534,193763,205967,214513,220469,227327,236066,251256,311788,358991,318576
 "18129","Posey, IN",3,CAINC4,50,"...","Wages and salaries ","Thousands of dollars",36887,36110,39555,41836,49495,60338,66842,74881,85061,108105,107621,110616,119504,130412,134367,158579,175188,188921,183215,189443,197444,204259,212656,231527,252544,261378,277246,296591,320714,339237,355508,372820,395017,386741,370040,395133,411533,425995,442443,461719,423673,438975,459965,462726,464856,459693,482883,483551,497969,540324,564568,569151,572802,610754
 "18129","Posey, IN",3,CAINC4,60,"...","Supplements to wages and salaries ","Thousands of dollars",4317,4265,4663,5286,6676,8567,10113,11298,13429,16873,17636,18481,20695,22908,25822,30815,35477,40196,39528,40391,45391,48034,52623,58621,64521,67083,68406,73184,76738,78475,83618,89820,101212,97114,99134,104040,111478,121013,122775,131484,120435,129221,131019,134001,134512,139380,139471,138907,137780,149309,155152,156041,144049,149109
 "18129","Posey, IN",3,CAINC4,61,"..."," Employer contributions for employee pension and insurance funds 8/","Thousands of dollars",2806,2820,3005,3392,4048,5144,6511,7092,8630,10391,11063,11905,13187,14461,17018,19752,23324,27089,27225,27199,31614,33374,36952,41806,45744,47754,47842,50868,53117,53839,57670,62863,75131,71624,74172,76840,82701,91509,92367,99561,90753,98213,98308,101526,101548,106617,105151,104667,103455,112138,115925,116540,104232,106519
 "18129","Posey, IN",3,CAINC4,62,"..."," Employer contributions for government social insurance ","Thousands of dollars",1511,1445,1658,1894,2628,3423,3602,4206,4799,6482,6573,6576,7508,8447,8804,11063,12153,13107,12303,13192,13777,14660,15671,16815,18777,19329,20564,22316,23621,24636,25948,26957,26081,25490,24962,27200,28777,29504,30408,31923,29682,31008,32711,32475,32964,32763,34320,34240,34325,37171,39227,39501,39817,42590
 "18129","Posey, IN",3,CAINC4,70,"...","Proprietors' income 9/","Thousands of dollars",13024,9096,14365,13592,22208,18582,23288,26856,20879,23282,22897,22861,16657,15823,11103,22929,24468,24278,37406,38638,36126,21883,15236,28908,29120,27830,29333,45632,41624,44325,45984,49154,113769,100622,76816,53860,44465,50590,52929,86935,72009,79941,120637,93049,149058,103009,63906,55820,63100,65993,111816,135563,132340,131764
 "18129","Posey, IN",3,CAINC4,71,"..."," Farm proprietors' income ","Thousands of dollars",6100,2321,6837,5664,13101,8601,12649,14215,7427,7744,6670,7031,1737,587,-6520,6330,5658,4581,3496,6393,9119,-2145,-7238,5367,3985,-133,923,17820,7417,1451,3441,10611,12560,1433,16227,24095,11885,13855,17518,42627,27071,16031,52767,18747,66587,23504,-755,16403,17027,10231,16193,29097,49154,45553
 "18129","Posey, IN",3,CAINC4,72,"..."," Nonfarm proprietors' income ","Thousands of dollars",6924,6775,7528,7928,9107,9981,10639,12641,13452,15538,16227,15830,14920,15236,17623,16599,18810,19697,33910,32245,27007,24028,22474,23541,25135,27963,28410,27812,34207,42874,42543,38543,101209,99189,60589,29765,32580,36735,35411,44308,44938,63910,67870,74302,82471,79505,64661,39417,46073,55762,95623,106466,83186,86211
 "18129","Posey, IN",3,CAINC4,7010,"...","Total employment ","Number of jobs",8228,7711,7927,8172,8723,9252,9332,9578,9829,10628,10198,10069,9948,10024,9999,10663,11106,11401,11122,10954,11241,11218,11002,11301,11390,11690,11856,12087,12311,13196,13410,13562,11877,11529,11158,11184,11440,11580,11774,11895,11623,11772,11703,11811,11740,11355,11374,11745,11791,12088,12118,11922,12020,12475
 "18129","Posey, IN",3,CAINC4,7020,"..."," Wage and salary employment ","Number of jobs",5960,5598,5663,5798,6386,6933,7076,7280,7466,8216,7737,7545,7415,7436,7308,7932,8314,8641,8266,8304,8609,8584,8473,8722,8916,9135,9333,9632,9730,9827,10071,10139,9751,9436,9066,9093,9288,9347,9428,9487,9274,9336,9342,9350,9202,8829,8813,8957,9016,9383,9503,9200,9210,9502
 "18129","Posey, IN",3,CAINC4,7040,"..."," Proprietors employment ","Number of jobs",2268,2113,2264,2374,2337,2319,2256,2298,2363,2412,2461,2524,2533,2588,2691,2731,2792,2760,2856,2650,2632,2634,2529,2579,2474,2555,2523,2455,2581,3369,3339,3423,2126,2093,2092,2091,2152,2233,2346,2408,2349,2436,2361,2461,2538,2526,2561,2788,2775,2705,2615,2722,2810,2973
 "18131","Pulaski, IN",3,CAINC4,10,"...","Personal income (thousands of dollars) ","Thousands of dollars",40573,41281,47787,49539,67210,63113,80032,89220,92480,95843,111325,110765,119698,125955,124724,145184,153766,157743,175834,175291,202520,211470,197373,222327,230877,244879,247827,275216,298259,305938,303917,319399,323575,320548,327052,369851,370205,389300,421433,456821,413988,445658,486174,492913,526360,513226,498231,511663,510257,529637,552931,614445,668188,686720
 "18131","Pulaski, IN",3,CAINC4,11,"..."," Nonfarm personal income 1/","Thousands of dollars",33849,36238,39039,43931,50681,56514,62211,70304,77943,86233,97843,105724,115613,123626,131112,140403,144748,150805,157725,169714,180447,189927,193056,206237,216433,230041,241730,253888,271841,288010,294399,308922,309198,313813,316874,339747,348788,369136,387982,411739,400149,407090,431227,445797,430592,451301,463938,469841,481896,505621,530444,570474,600706,617856
 "18131","Pulaski, IN",3,CAINC4,12,"..."," Farm income 2/","Thousands of dollars",6724,5043,8748,5608,16529,6599,17821,18916,14537,9610,13482,5041,4085,2329,-6388,4781,9018,6938,18109,5577,22073,21543,4317,16090,14444,14838,6097,21328,26418,17928,9518,10477,14377,6735,10178,30104,21417,20164,33451,45082,13839,38568,54947,47116,95768,61925,34293,41822,28361,24016,22487,43971,67482,68864
 "18131","Pulaski, IN",3,CAINC4,20,"...","Population (persons) 3/","Number of persons",12547,12543,12648,12883,12781,12963,13084,13178,12990,13268,13107,13231,13097,13161,13128,13261,13118,13079,12779,12674,12692,12802,12934,13125,13195,13288,13434,13421,13559,13673,13754,13605,13627,13606,13634,13667,13682,13713,13724,13646,13548,13323,13240,13031,12971,12957,12858,12680,12605,12589,12475,12523,12370,12485
 "18131","Pulaski, IN",3,CAINC4,30,"...","Per capita personal income (dollars) 4/","Dollars",3234,3291,3778,3845,5259,4869,6117,6770,7119,7224,8494,8372,9139,9570,9501,10948,11722,12061,13760,13831,15957,16519,15260,16939,17497,18429,18448,20506,21997,22375,22097,23477,23745,23559,23988,27062,27058,28389,30708,33477,30557,33450,36720,37826,40580,39610,38749,40352,40481,42071,44323,49065,54017,55004
 "18131","Pulaski, IN",3,CAINC4,35,"...","Earnings by place of work ","Thousands of dollars",25132,23966,28957,28781,42585,35079,47936,54783,54244,53789,64286,57597,58377,58805,55498,76354,83739,88124,107974,106485,128267,135390,121871,140002,143497,154789,150792,169886,186347,188366,188978,191474,192548,193335,201760,233977,231643,235538,251665,266009,224098,257981,287188,287321,327874,303056,282696,290976,293668,304778,316473,344897,370975,410709
 "18131","Pulaski, IN",3,CAINC4,36,"...","Less: Contributions for government social insurance 5/","Thousands of dollars",1282,1311,1446,1731,2217,2602,2709,3253,3593,4098,4882,5024,5598,5936,6421,7605,8124,8799,9693,11293,12021,13132,13753,14278,15041,16422,17071,17299,18336,19075,19872,19967,20175,21345,22153,23897,24783,25570,26284,26780,25991,26572,24726,25501,28183,29745,30763,30858,32749,34100,36144,38310,38114,43650
 "18131","Pulaski, IN",3,CAINC4,37,"..."," Employee and self-employed contributions for government social insurance ","Thousands of dollars",710,733,806,952,1190,1399,1462,1682,1829,2076,2480,2615,2930,3149,3368,3898,4292,4662,5137,6008,6508,7015,7406,7737,8194,9001,9477,9520,10203,10492,10950,10941,10937,11586,11941,12832,13469,14136,14652,15063,14460,14783,12428,12733,15616,16195,16802,17065,18146,19416,20457,21760,22133,25138
 "18131","Pulaski, IN",3,CAINC4,38,"..."," Employer contributions for government social insurance ","Thousands of dollars",572,578,640,779,1027,1203,1247,1571,1764,2022,2402,2409,2668,2787,3053,3707,3832,4137,4556,5285,5513,6117,6347,6541,6847,7421,7594,7779,8133,8583,8922,9026,9238,9759,10212,11065,11314,11434,11632,11717,11531,11789,12298,12768,12567,13550,13961,13793,14603,14684,15687,16550,15981,18512
 "18131","Pulaski, IN",3,CAINC4,42,"...","Plus: Adjustment for residence 6/","Thousands of dollars",5820,6099,6437,7379,8548,9389,9335,10659,11862,13684,15176,15370,16872,15922,13616,14086,13715,12646,12019,12347,12468,11014,11643,14457,17305,18548,20008,21107,22452,24817,26509,29708,29109,28461,28652,29581,30964,35001,38784,40257,31610,33093,34389,35445,38535,37252,39007,42056,41395,43902,44019,43592,49054,44889
 "18131","Pulaski, IN",3,CAINC4,45,"...","Equals: Net earnings by place of residence ","Thousands of dollars",29670,28754,33948,34429,48916,41866,54562,62189,62513,63375,74580,67943,69651,68791,62693,82835,89330,91971,110300,107539,128714,133272,119761,140181,145761,156915,153729,173694,190463,194108,195615,201215,201482,200451,208259,239661,237824,244969,264165,279486,229717,264502,296851,297265,338226,310563,290940,302174,302314,314580,324348,350179,381915,411948
 "18131","Pulaski, IN",3,CAINC4,46,"...","Plus: Dividends, interest, and rent 7/","Thousands of dollars",7247,8152,8991,9767,11932,13773,16240,17372,19838,21565,24372,28015,32811,38141,41347,40830,42529,43379,43012,44633,48197,50405,46694,47089,47780,49715,54810,58967,63704,67468,61214,67189,66159,59279,56563,62550,60198,64697,74130,83817,82818,74360,83270,84682,78748,87260,86856,82918,81494,83202,91201,92048,90693,97911
 "18131","Pulaski, IN",3,CAINC4,47,"...","Plus: Personal current transfer receipts ","Thousands of dollars",3656,4375,4848,5343,6362,7474,9230,9659,10129,10903,12373,14807,17236,19023,20684,21519,21907,22393,22522,23119,25609,27793,30918,35057,37336,38249,39288,42555,44092,44362,47088,50995,55934,60818,62230,67640,72183,79634,83138,93518,101453,106796,106053,110966,109386,115403,120435,126571,126449,131855,137382,172218,195580,176861
 "18131","Pulaski, IN",3,CAINC4,50,"...","Wages and salaries ","Thousands of dollars",14132,14390,15226,17346,19684,22114,23279,27844,31210,33935,39360,40575,42230,43668,46686,53743,56233,60340,67417,75566,78912,85380,87468,89968,92848,100629,103947,108089,114641,121475,126604,127594,131275,135770,139892,150246,155440,158187,160482,163084,154458,157575,164765,172690,169282,178947,188106,189578,201537,210586,218390,224495,225202,259927
 "18131","Pulaski, IN",3,CAINC4,60,"...","Supplements to wages and salaries ","Thousands of dollars",1492,1588,1776,2175,2535,2913,3287,3948,4565,5117,6033,6303,6856,7587,8591,10021,10793,12774,14158,16429,17924,19831,21299,23617,24539,26670,25741,26012,26994,28482,30180,31456,31982,33695,36007,38926,41579,41680,42754,43113,39899,41099,42987,45154,42990,47803,48540,49499,52542,56431,56299,56434,55376,59968
 "18131","Pulaski, IN",3,CAINC4,61,"..."," Employer contributions for employee pension and insurance funds 8/","Thousands of dollars",920,1010,1136,1396,1508,1710,2040,2377,2801,3095,3631,3894,4188,4800,5538,6314,6961,8637,9602,11144,12411,13714,14952,17076,17692,19249,18147,18233,18861,19899,21258,22430,22744,23936,25795,27861,30265,30246,31122,31396,28368,29310,30689,32386,30423,34253,34579,35706,37939,41747,40612,39884,39395,41456
 "18131","Pulaski, IN",3,CAINC4,62,"..."," Employer contributions for government social insurance ","Thousands of dollars",572,578,640,779,1027,1203,1247,1571,1764,2022,2402,2409,2668,2787,3053,3707,3832,4137,4556,5285,5513,6117,6347,6541,6847,7421,7594,7779,8133,8583,8922,9026,9238,9759,10212,11065,11314,11434,11632,11717,11531,11789,12298,12768,12567,13550,13961,13793,14603,14684,15687,16550,15981,18512
 "18131","Pulaski, IN",3,CAINC4,70,"...","Proprietors' income 9/","Thousands of dollars",9508,7988,11955,9260,20366,10052,21370,22991,18469,14737,18893,10719,9291,7550,221,12590,16713,15010,26399,14490,31431,30179,13104,26417,26110,27490,21104,35785,44712,38409,32194,32424,29291,23870,25861,44805,34624,35671,48429,59812,29741,59307,79436,69477,115602,76306,46050,51899,39589,37761,41784,63968,90397,90814
 "18131","Pulaski, IN",3,CAINC4,71,"..."," Farm proprietors' income ","Thousands of dollars",5874,4099,7742,4512,15173,4839,15860,16620,11924,7505,11335,2938,2113,233,-8617,2353,6345,4201,15136,2518,19051,18266,1353,13117,10762,10935,1949,17041,21349,12281,4376,5525,9178,2039,4961,24380,15940,14995,27349,39114,6853,30916,47428,37720,86019,51708,25893,33200,17972,12555,13486,34383,58988,59308
 "18131","Pulaski, IN",3,CAINC4,72,"..."," Nonfarm proprietors' income ","Thousands of dollars",3634,3889,4213,4748,5193,5213,5510,6371,6545,7232,7558,7781,7178,7317,8838,10237,10368,10809,11263,11972,12380,11913,11751,13300,15348,16555,19155,18744,23363,26128,27818,26899,20113,21831,20900,20425,18684,20676,21080,20698,22888,28391,32008,31757,29583,24598,20157,18699,21617,25206,28298,29585,31409,31506
 "18131","Pulaski, IN",3,CAINC4,7010,"...","Total employment ","Number of jobs",4874,4824,4840,5069,5224,5253,5192,5405,5409,5404,5534,5423,5271,5226,5327,5607,5660,5868,6094,6022,6024,6278,6276,6251,6338,6519,6664,6724,6866,7033,6923,6832,6723,6673,6618,6656,6729,6707,6715,6548,6313,6303,6451,6425,6346,6321,6281,6326,6429,6556,6568,6386,6389,6697
 "18131","Pulaski, IN",3,CAINC4,7020,"..."," Wage and salary employment ","Number of jobs",2824,2777,2869,3076,3224,3258,3223,3475,3533,3577,3728,3634,3524,3504,3568,3801,3781,3957,4108,4246,4363,4532,4574,4541,4600,4749,4889,4882,5002,5104,5051,4923,4896,4859,4810,4914,4940,4894,4916,4781,4554,4567,4634,4731,4625,4665,4627,4665,4778,4925,4944,4739,4770,5012
 "18131","Pulaski, IN",3,CAINC4,7040,"..."," Proprietors employment ","Number of jobs",2050,2047,1971,1993,2000,1995,1969,1930,1876,1827,1806,1789,1747,1722,1759,1806,1879,1911,1986,1776,1661,1746,1702,1710,1738,1770,1775,1842,1864,1929,1872,1909,1827,1814,1808,1742,1789,1813,1799,1767,1759,1736,1817,1694,1721,1656,1654,1661,1651,1631,1624,1647,1619,1685
 "18133","Putnam, IN",3,CAINC4,10,"...","Personal income (thousands of dollars) ","Thousands of dollars",84981,84368,96902,107280,128599,134764,152830,167959,179111,196991,223719,241541,264374,275417,285995,326705,346971,367770,373354,367395,413114,440340,464228,506652,538513,577723,615650,656467,687876,733035,777760,819260,828439,828823,852909,927991,941573,980330,1029231,1069023,1042723,1073020,1121444,1139461,1189409,1202292,1231668,1293345,1341678,1387639,1440603,1558151,1721268,1764144
 "18133","Putnam, IN",3,CAINC4,11,"..."," Nonfarm personal income 1/","Thousands of dollars",77791,80734,89178,98690,111271,124041,134832,152188,170127,190987,215664,238527,259606,274533,292088,319144,340422,363533,366467,367197,405225,433547,464214,499852,531398,571943,613150,643052,680900,728652,778026,816892,825135,829859,845603,908939,932246,975601,1020826,1055762,1022996,1053998,1090380,1133136,1136456,1198542,1243832,1290433,1339499,1384571,1439421,1544078,1694620,1743859
 "18133","Putnam, IN",3,CAINC4,12,"..."," Farm income 2/","Thousands of dollars",7190,3634,7724,8590,17328,10723,17998,15771,8984,6004,8055,3014,4768,884,-6093,7561,6549,4237,6887,198,7889,6793,14,6800,7115,5780,2500,13415,6976,4383,-266,2368,3304,-1036,7306,19052,9327,4729,8405,13261,19727,19022,31064,6325,52953,3750,-12164,2912,2179,3068,1182,14073,26648,20285
 "18133","Putnam, IN",3,CAINC4,20,"...","Population (persons) 3/","Number of persons",26770,26997,27219,27527,26959,27121,27235,27806,27962,28249,28664,29196,29264,29268,29299,29430,29183,29717,29560,29407,29890,30458,30965,31500,32044,32814,33294,33789,34455,35090,35657,36180,36382,36525,37145,37516,37780,37768,38189,38325,38052,37884,37771,37480,37258,37139,36996,36677,36856,36863,36857,36679,37016,37301
 "18133","Putnam, IN",3,CAINC4,30,"...","Per capita personal income (dollars) 4/","Dollars",3174,3125,3560,3897,4770,4969,5612,6040,6406,6973,7805,8273,9034,9410,9761,11101,11889,12376,12630,12493,13821,14457,14992,16084,16805,17606,18491,19428,19964,20890,21812,22644,22771,22692,22962,24736,24923,25957,26951,27894,27403,28324,29691,30402,31924,32373,33292,35263,36403,37643,39086,42481,46501,47295
 "18133","Putnam, IN",3,CAINC4,35,"...","Earnings by place of work ","Thousands of dollars",63979,59728,67814,73916,88990,88508,97530,105949,106814,116537,131723,132248,140533,141751,146920,177945,194033,210819,205315,184852,218095,235421,248501,279160,301228,328431,346184,362184,375269,396855,429811,483815,474697,482369,507508,533411,527013,534505,560313,558260,541325,550080,581237,608223,670109,639257,655190,715426,743189,765100,775471,783456,820765,844563
 "18133","Putnam, IN",3,CAINC4,36,"...","Less: Contributions for government social insurance 5/","Thousands of dollars",3999,3913,4325,4922,6147,7049,7177,8161,8826,10264,11925,12457,14276,14965,16074,18237,20438,22635,20210,20560,23589,26187,28827,31452,34248,38241,40813,41005,43334,45379,49489,55049,54136,55837,58414,60153,62558,64836,67462,67202,64820,65017,60531,65884,76938,78302,82423,87039,90890,93009,96603,99865,102571,106101
 "18133","Putnam, IN",3,CAINC4,37,"..."," Employee and self-employed contributions for government social insurance ","Thousands of dollars",2128,2102,2323,2622,3231,3707,3768,4163,4449,5104,5953,6322,7251,7771,8290,9258,10663,11841,11500,11262,13032,14221,15743,17122,18678,20678,22161,22180,23382,24031,26052,28662,28322,29356,30536,31543,32482,34411,36159,36276,35007,35242,29108,31211,40791,41865,44047,46909,49436,51549,53237,54280,56306,59770
 "18133","Putnam, IN",3,CAINC4,38,"..."," Employer contributions for government social insurance ","Thousands of dollars",1871,1811,2002,2300,2916,3342,3409,3998,4377,5160,5972,6135,7025,7194,7784,8979,9775,10794,8710,9298,10557,11966,13084,14330,15570,17563,18652,18825,19952,21348,23437,26387,25814,26481,27878,28610,30076,30425,31303,30926,29813,29775,31423,34673,36147,36437,38376,40130,41454,41460,43366,45585,46265,46331
 "18133","Putnam, IN",3,CAINC4,42,"...","Plus: Adjustment for residence 6/","Thousands of dollars",5821,6730,8709,11553,14349,16896,19793,24149,30328,36957,43483,48606,51086,49451,49967,53805,55990,57734,66030,73712,75046,79636,85894,87440,93287,101199,115050,127973,140337,152428,172379,153060,157891,155194,148860,183247,193161,207772,201340,204922,182502,187163,191093,182228,178716,192075,191513,186238,187583,196314,224689,244928,301437,367530
 "18133","Putnam, IN",3,CAINC4,45,"...","Equals: Net earnings by place of residence ","Thousands of dollars",65801,62545,72198,80547,97192,98355,110146,121937,128316,143230,163281,168397,177343,176237,180813,213513,229585,245918,251135,238004,269552,288870,305568,335148,360267,391389,420421,449152,472272,503904,552701,581826,578452,581726,597954,656505,657616,677441,694191,695980,659007,672226,711799,724567,771887,753030,764280,814625,839882,868405,903557,928519,1019631,1105992
 "18133","Putnam, IN",3,CAINC4,46,"...","Plus: Dividends, interest, and rent 7/","Thousands of dollars",12668,14221,15694,16909,19752,22776,25515,27420,31181,32672,36540,44189,52982,62166,65198,71516,73662,76075,75550,80534,88790,91945,92529,96103,99132,103416,110617,117595,120417,129932,122492,126181,128233,116949,119257,126246,123488,129149,148055,161041,149937,149494,156005,160228,163156,172980,179168,184946,192695,197777,203538,204508,224276,239928
 "18133","Putnam, IN",3,CAINC4,47,"...","Plus: Personal current transfer receipts ","Thousands of dollars",6512,7602,9010,9824,11655,13633,17169,18602,19614,21089,23898,28955,34049,37014,39984,41676,43724,45777,46669,48857,54772,59525,66131,75401,79114,82918,84612,89720,95187,99199,102567,111253,121754,130148,135698,145240,160469,173740,186985,212002,233779,251300,253640,254666,254366,276282,288220,293774,309101,321457,333508,425124,477361,418224
 "18133","Putnam, IN",3,CAINC4,50,"...","Wages and salaries ","Thousands of dollars",45992,45231,47944,51374,55829,61142,61872,69866,75889,84777,95457,100288,106548,110367,117776,129606,142512,156506,147390,134810,153097,168145,181713,198693,214744,237985,253287,257406,271558,288810,316754,355652,348844,355498,367796,378647,381906,390008,403921,396667,378500,381617,394951,430693,448027,453903,484109,520562,546570,558120,569223,569143,589178,619866
 "18133","Putnam, IN",3,CAINC4,60,"...","Supplements to wages and salaries ","Thousands of dollars",4556,4615,5125,5828,6654,7727,8490,9842,11057,12941,14872,16025,16909,18083,20355,23019,25876,29285,26274,26628,32163,36871,41405,47508,51518,56998,58673,57886,59812,65251,73396,83936,83918,85860,92537,97820,101223,99846,105849,105781,99073,100938,104813,114176,112201,119849,122333,133900,138329,147857,146305,143097,142571,140523
 "18133","Putnam, IN",3,CAINC4,61,"..."," Employer contributions for employee pension and insurance funds 8/","Thousands of dollars",2685,2804,3123,3528,3738,4385,5081,5844,6680,7781,8900,9890,9884,10889,12571,14040,16101,18491,17564,17330,21606,24905,28321,33178,35948,39435,40021,39061,39860,43903,49959,57549,58104,59379,64659,69210,71147,69421,74546,74855,69260,71163,73390,79503,76054,83412,83957,93770,96875,106397,102939,97512,96306,94192
 "18133","Putnam, IN",3,CAINC4,62,"..."," Employer contributions for government social insurance ","Thousands of dollars",1871,1811,2002,2300,2916,3342,3409,3998,4377,5160,5972,6135,7025,7194,7784,8979,9775,10794,8710,9298,10557,11966,13084,14330,15570,17563,18652,18825,19952,21348,23437,26387,25814,26481,27878,28610,30076,30425,31303,30926,29813,29775,31423,34673,36147,36437,38376,40130,41454,41460,43366,45585,46265,46331
 "18133","Putnam, IN",3,CAINC4,70,"...","Proprietors' income 9/","Thousands of dollars",13431,9882,14745,16714,26507,19639,27168,26241,19868,18819,21394,15935,17076,13301,8789,25320,25645,25028,31651,23414,32835,30405,25383,32959,34966,33448,34224,46892,43899,42794,39661,44227,41935,41011,47175,56944,43884,44651,50543,55812,63752,67525,81473,63354,109881,65505,48748,60964,58290,59123,59943,71216,89016,84174
 "18133","Putnam, IN",3,CAINC4,71,"..."," Farm proprietors' income ","Thousands of dollars",6387,2756,6804,7603,16137,9175,16327,13881,6912,4360,6304,1222,3014,-1062,-7831,5958,5055,2940,5691,-1216,6283,4855,-1931,4680,5044,3986,919,12053,5631,2856,-1682,990,1824,-2388,5662,17101,7345,2742,5930,10996,17201,16364,28568,3310,49827,464,-14846,169,-1166,-599,-1667,11030,23947,17205
 "18133","Putnam, IN",3,CAINC4,72,"..."," Nonfarm proprietors' income ","Thousands of dollars",7044,7126,7941,9111,10370,10464,10841,12360,12956,14459,15090,14713,14062,14363,16620,19362,20590,22088,25960,24630,26552,25550,27314,28279,29922,29462,33305,34839,38268,39938,41343,43237,40111,43399,41513,39843,36539,41909,44613,44816,46551,51161,52905,60044,60054,65041,63594,60795,59456,59722,61610,60186,65069,66969
 "18133","Putnam, IN",3,CAINC4,7010,"...","Total employment ","Number of jobs",10797,10050,10058,10228,10669,10887,10511,10970,11170,11568,11835,11372,11264,10992,11301,11679,12161,12747,11811,12094,12991,13592,14062,14906,15491,16162,16402,16363,16465,16084,16575,17309,17430,17194,17459,17501,17334,17323,17519,17173,16357,16223,16528,17051,17487,17400,17622,18340,18778,18802,18584,17490,17475,17535
 "18133","Putnam, IN",3,CAINC4,7020,"..."," Wage and salary employment ","Number of jobs",8086,7463,7471,7545,7937,8236,7879,8339,8456,8785,9078,8625,8505,8229,8498,8846,9267,9851,8864,9163,10083,10605,11031,11785,12232,12854,12965,12765,12841,13050,13570,14232,13604,13394,13718,13665,13420,13424,13514,13295,12539,12408,12686,13248,13540,13316,13578,14353,14757,14693,14690,13504,13347,13190
 "18133","Putnam, IN",3,CAINC4,7040,"..."," Proprietors employment ","Number of jobs",2711,2587,2587,2683,2732,2651,2632,2631,2714,2783,2757,2747,2759,2763,2803,2833,2894,2896,2947,2931,2908,2987,3031,3121,3259,3308,3437,3598,3624,3034,3005,3077,3826,3800,3741,3836,3914,3899,4005,3878,3818,3815,3842,3803,3947,4084,4044,3987,4021,4109,3894,3986,4128,4345
 "18135","Randolph, IN",3,CAINC4,10,"...","Personal income (thousands of dollars) ","Thousands of dollars",104917,107579,117544,125047,150670,157473,162935,171783,191968,211129,220715,237348,251868,264946,278171,326080,341709,351663,366326,374292,400131,417668,420850,442589,459857,495245,510895,538527,571154,599427,597292,646961,658164,651650,674656,694480,681732,684437,717711,765529,747901,777485,840208,841182,874909,900236,937840,925091,905836,921805,947902,1057065,1242272,1257281
 "18135","Randolph, IN",3,CAINC4,11,"..."," Nonfarm personal income 1/","Thousands of dollars",97108,102047,109324,118337,132768,144176,149380,162368,185829,203581,216856,232199,253554,262625,283564,317455,333855,348800,358252,373623,393709,409253,413160,433840,449475,482328,509685,526692,555104,589885,593538,633729,640677,648276,654775,657954,662219,672509,699962,734540,723017,750267,787821,798758,789721,847604,926071,904938,879847,896827,927880,1020960,1170832,1194514
 "18135","Randolph, IN",3,CAINC4,12,"..."," Farm income 2/","Thousands of dollars",7809,5532,8220,6710,17902,13297,13555,9415,6139,7548,3859,5149,-1686,2321,-5393,8625,7854,2863,8074,669,6422,8415,7690,8749,10382,12917,1210,11835,16050,9542,3754,13232,17487,3374,19881,36526,19513,11928,17749,30989,24884,27218,52387,42424,85188,52632,11769,20153,25989,24978,20022,36105,71440,62767
 "18135","Randolph, IN",3,CAINC4,20,"...","Population (persons) 3/","Number of persons",28909,29003,29457,29641,29875,29826,29769,29782,30181,29759,30122,29934,29618,29143,28706,28673,28489,28198,27749,27400,27288,27110,27158,27024,27143,27132,27351,27465,27479,27478,27427,27363,27166,26989,26763,26582,26517,26415,26223,26300,26240,26177,26056,25904,25685,25420,25245,25217,25062,24899,24713,24409,24437,24437
 "18135","Randolph, IN",3,CAINC4,30,"...","Per capita personal income (dollars) 4/","Dollars",3629,3709,3990,4219,5043,5280,5473,5768,6361,7095,7327,7929,8504,9091,9690,11372,11994,12471,13201,13660,14663,15406,15496,16378,16942,18253,18679,19608,20785,21815,21778,23644,24227,24145,25209,26126,25709,25911,27370,29108,28502,29701,32246,32473,34063,35414,37150,36685,36144,37022,38356,43306,50836,51450
 "18135","Randolph, IN",3,CAINC4,35,"...","Earnings by place of work ","Thousands of dollars",81219,81102,89101,97658,120272,123232,119480,127465,150305,168265,169020,169138,168769,166148,175338,219910,231221,232997,249474,244917,253715,251499,234497,238194,248146,267457,277295,290846,295831,300298,304858,337022,338001,332316,356830,367080,342095,330687,343088,363007,353726,374835,423026,412771,466085,465512,489866,458117,416632,417783,427291,468585,613728,652193
 "18135","Randolph, IN",3,CAINC4,36,"...","Less: Contributions for government social insurance 5/","Thousands of dollars",4912,5025,5569,6673,8579,9711,9244,10372,12648,14598,15452,15319,17201,16849,18664,22360,24094,24827,25717,26958,27596,27669,26405,26558,27798,29864,32299,32124,32070,32284,33222,35170,36290,37373,38066,38196,38652,39010,40303,41501,41464,42648,39930,40717,46514,48530,51854,50498,47801,49016,50492,55509,65183,70053
 "18135","Randolph, IN",3,CAINC4,37,"..."," Employee and self-employed contributions for government social insurance ","Thousands of dollars",2651,2726,3014,3501,4463,5083,4869,5327,6345,7226,7767,7837,8866,8781,9524,11173,12410,12904,13509,14251,14986,15088,14677,14883,15612,17036,18667,18453,18568,18532,18995,20084,19989,20669,21316,21471,21658,21977,22916,23801,23710,24365,20766,20820,26430,28082,31019,29912,28503,29659,30625,33549,39594,43556
 "18135","Randolph, IN",3,CAINC4,38,"..."," Employer contributions for government social insurance ","Thousands of dollars",2261,2299,2555,3172,4116,4628,4375,5045,6303,7372,7685,7482,8335,8068,9140,11187,11684,11923,12208,12707,12610,12581,11728,11675,12186,12828,13632,13671,13502,13752,14227,15086,16301,16704,16750,16725,16994,17033,17387,17700,17754,18283,19164,19897,20084,20448,20835,20586,19298,19357,19867,21960,25589,26497
 "18135","Randolph, IN",3,CAINC4,42,"...","Plus: Adjustment for residence 6/","Thousands of dollars",5833,5749,5254,3324,3178,2894,2802,2372,-3012,-5028,-3133,-2529,1134,4248,5590,5767,8234,13473,17214,26520,34494,47000,61473,71300,77384,88246,90097,94171,113191,127716,125599,130467,129998,129972,131919,134565,136773,139662,140833,137605,121011,117474,119785,123155,120138,126945,133425,139437,151923,155256,161060,160071,158979,169471
 "18135","Randolph, IN",3,CAINC4,45,"...","Equals: Net earnings by place of residence ","Thousands of dollars",82140,81826,88786,94309,114871,116415,113038,119465,134645,148639,150435,151290,152702,153547,162264,203317,215361,221643,240971,244479,260613,270830,269565,282936,297732,325839,335093,352893,376952,395730,397235,432319,431709,424915,450683,463449,440216,431339,443618,459111,433273,449661,502881,495209,539709,543927,571437,547056,520754,524023,537859,573147,707524,751611
 "18135","Randolph, IN",3,CAINC4,46,"...","Plus: Dividends, interest, and rent 7/","Thousands of dollars",14459,16008,17426,18635,21618,24546,28484,30559,34979,37682,41066,48706,57895,65994,68406,73825,76063,77365,72425,75278,80686,82154,81491,78772,77387,78788,85864,91809,97850,99547,97090,102647,103452,94815,90004,92036,86508,88976,103774,114017,102375,105225,113375,118235,106417,118599,120086,121171,121265,126365,124998,129676,130580,137417
 "18135","Randolph, IN",3,CAINC4,47,"...","Plus: Personal current transfer receipts ","Thousands of dollars",8318,9745,11332,12103,14181,16512,21413,21759,22344,24808,29214,37352,41271,45405,47501,48938,50285,52655,52930,54535,58832,64684,69794,80881,84738,90618,89938,93825,96352,104150,102967,111995,123003,131920,133969,138995,155008,164122,170319,192401,212253,222599,223952,227738,228783,237710,246317,256864,263817,271417,285045,354242,404168,368253
 "18135","Randolph, IN",3,CAINC4,50,"...","Wages and salaries ","Thousands of dollars",56852,58429,62203,70673,78961,85270,80562,90020,111032,124084,126634,125051,130453,123855,134835,156875,164645,166808,174900,175888,175854,170796,157760,157372,163258,173942,190419,194694,191793,193174,205514,221697,226134,229380,227333,226829,220867,220046,225046,228362,226372,233620,240268,249330,254291,259999,269343,269732,259056,266714,269582,289115,349544,369457
 "18135","Randolph, IN",3,CAINC4,60,"...","Supplements to wages and salaries ","Thousands of dollars",7329,7568,8542,10248,11770,13085,13361,14789,19566,21767,22936,23747,24759,24837,28263,32979,35481,38028,40145,41879,42138,41594,39320,41362,44040,45926,46624,46426,44566,45431,49609,54324,58366,60224,61645,61055,61571,61970,64969,66828,63383,65996,67504,69993,68515,74155,72696,72858,70225,73797,72627,76462,85518,86380
 "18135","Randolph, IN",3,CAINC4,61,"..."," Employer contributions for employee pension and insurance funds 8/","Thousands of dollars",5068,5269,5987,7076,7654,8457,8986,9744,13263,14395,15251,16265,16424,16769,19123,21792,23797,26105,27937,29172,29528,29013,27592,29687,31854,33098,32992,32755,31064,31679,35382,39238,42065,43520,44895,44330,44577,44937,47582,49128,45629,47713,48340,50096,48431,53707,51861,52272,50927,54440,52760,54502,59929,59883
 "18135","Randolph, IN",3,CAINC4,62,"..."," Employer contributions for government social insurance ","Thousands of dollars",2261,2299,2555,3172,4116,4628,4375,5045,6303,7372,7685,7482,8335,8068,9140,11187,11684,11923,12208,12707,12610,12581,11728,11675,12186,12828,13632,13671,13502,13752,14227,15086,16301,16704,16750,16725,16994,17033,17387,17700,17754,18283,19164,19897,20084,20448,20835,20586,19298,19357,19867,21960,25589,26497
 "18135","Randolph, IN",3,CAINC4,70,"...","Proprietors' income 9/","Thousands of dollars",17038,15105,18356,16737,29541,24877,25557,22656,19707,22414,19450,20340,13557,17456,12240,30056,31095,28161,34429,27150,35723,39109,37417,39460,40848,47589,40252,49726,59472,61693,49735,61001,53501,42712,67852,79196,59657,48671,53073,67817,63971,75219,115254,93448,143279,131358,147827,115527,87351,77272,85082,103008,178666,196356
 "18135","Randolph, IN",3,CAINC4,71,"..."," Farm proprietors' income ","Thousands of dollars",7338,4999,7639,6065,17060,12210,12235,7754,4118,5796,1978,3210,-3600,192,-7370,6726,5971,1114,6323,-1234,4433,6155,5552,6512,7970,10635,-994,9727,13740,7085,1623,11298,15555,1756,17862,34099,17028,9422,14615,27766,20966,22804,47935,36741,79291,46457,6687,14933,19710,18043,14567,30294,66298,56997
 "18135","Randolph, IN",3,CAINC4,72,"..."," Nonfarm proprietors' income ","Thousands of dollars",9700,10106,10717,10672,12481,12667,13322,14902,15589,16618,17472,17130,17157,17264,19610,23330,25124,27047,28106,28384,31290,32954,31865,32948,32878,36954,41246,39999,45732,54608,48112,49703,37946,40956,49990,45097,42629,39249,38458,40051,43005,52415,67319,56707,63988,84901,141140,100594,67641,59229,70515,72714,112368,139359
 "18135","Randolph, IN",3,CAINC4,7010,"...","Total employment ","Number of jobs",12919,12730,12816,13353,14197,14360,13341,13379,14444,14851,14304,13612,13055,12362,12679,13216,13257,13264,13145,12876,12638,12035,11204,11096,11211,11459,12049,12092,11757,11267,11296,11475,11629,11382,11070,10739,10528,10379,10537,10362,10116,10125,10388,10288,10290,10249,10224,9984,9741,9653,9401,9377,10323,10408
 "18135","Randolph, IN",3,CAINC4,7020,"..."," Wage and salary employment ","Number of jobs",9519,9361,9409,9845,10553,10634,9671,9770,10835,11230,10775,10131,9643,8891,9080,9710,9817,9983,9975,9839,9749,9162,8428,8351,8401,8578,9058,9024,8575,8382,8467,8614,8433,8345,8016,7712,7476,7346,7437,7350,7186,7245,7348,7419,7403,7389,7397,7218,7050,6965,6795,6667,7565,7524
 "18135","Randolph, IN",3,CAINC4,7040,"..."," Proprietors employment ","Number of jobs",3400,3369,3407,3508,3644,3726,3670,3609,3609,3621,3529,3481,3412,3471,3599,3506,3440,3281,3170,3037,2889,2873,2776,2745,2810,2881,2991,3068,3182,2885,2829,2861,3196,3037,3054,3027,3052,3033,3100,3012,2930,2880,3040,2869,2887,2860,2827,2766,2691,2688,2606,2710,2758,2884
 "18137","Ripley, IN",3,CAINC4,10,"...","Personal income (thousands of dollars) ","Thousands of dollars",71538,73794,82466,86665,103910,109101,119130,135526,147356,163219,179005,194641,211096,225262,242773,277515,292613,304215,327595,354167,382160,405591,417212,458356,490882,517651,511475,529172,549850,588525,606175,640199,719374,758470,768754,816160,847507,891975,940136,1008682,944243,970628,1007712,1007339,1027321,1063925,1060099,1092152,1140120,1178126,1212000,1333026,1471402,1467601
 "18137","Ripley, IN",3,CAINC4,11,"..."," Nonfarm personal income 1/","Thousands of dollars",66379,70377,76393,81856,94112,102998,112652,124588,139320,156977,174897,192725,211059,224846,248300,274966,289044,302126,325611,354030,379312,403986,418517,451415,486860,511354,509821,522350,545608,584821,602457,628749,703758,752561,756620,797780,832212,883468,931269,993816,931863,960332,993724,984669,982933,1037429,1055349,1078514,1126986,1166354,1196057,1305393,1438164,1439680
 "18137","Ripley, IN",3,CAINC4,12,"..."," Farm income 2/","Thousands of dollars",5159,3417,6073,4809,9798,6103,6478,10938,8036,6242,4108,1916,37,416,-5527,2549,3569,2089,1984,137,2848,1605,-1305,6941,4022,6297,1654,6822,4242,3704,3718,11450,15616,5909,12134,18380,15295,8507,8867,14866,12380,10296,13988,22670,44388,26496,4750,13638,13134,11772,15943,27633,33238,27921
 "18137","Ripley, IN",3,CAINC4,20,"...","Population (persons) 3/","Number of persons",21119,21204,21679,21988,22429,22930,23520,23739,24032,24089,24510,24428,24498,24319,24404,24612,24413,24230,24202,24176,24488,24687,24956,25125,25492,25751,25934,26047,26131,26082,26329,26654,27130,27421,27615,27849,28040,28352,28361,28605,28716,28828,28713,28569,28470,28569,28654,28746,28819,28968,28959,28968,29017,29087
 "18137","Ripley, IN",3,CAINC4,30,"...","Per capita personal income (dollars) 4/","Dollars",3387,3480,3804,3941,4633,4758,5065,5709,6132,6776,7303,7968,8617,9263,9948,11276,11986,12555,13536,14650,15606,16429,16718,18243,19256,20102,19722,20316,21042,22564,23023,24019,26516,27660,27838,29307,30225,31461,33149,35262,32882,33670,35096,35260,36084,37241,36997,37993,39561,40670,41852,46017,50708,50456
 "18137","Ripley, IN",3,CAINC4,35,"...","Earnings by place of work ","Thousands of dollars",53012,53042,58906,60225,73716,74328,81464,94178,99481,111273,121240,128880,134879,144933,155561,185550,198939,206971,235696,262836,284181,308173,320155,353730,394682,424427,417651,433240,456785,491534,529443,550347,644963,706555,685018,692343,684354,700848,691491,713713,671880,746816,800043,744091,766083,774625,750367,779372,798959,793026,818158,865633,926650,879872
 "18137","Ripley, IN",3,CAINC4,36,"...","Less: Contributions for government social insurance 5/","Thousands of dollars",3275,3409,3762,4181,5494,6224,6859,7719,8363,9869,11454,12494,14282,15524,17262,19970,21586,22672,25425,29583,31920,35445,37935,40515,46024,50133,50284,51071,54337,58748,62517,64479,67503,76492,73652,74522,76902,78397,78524,81478,77499,86089,82732,73876,84905,87992,87771,90216,91964,91686,95447,102170,107483,103222
 "18137","Ripley, IN",3,CAINC4,37,"..."," Employee and self-employed contributions for government social insurance ","Thousands of dollars",1780,1836,2026,2222,2890,3292,3582,3892,4195,4888,5690,6264,7235,7994,8761,9970,11176,11821,13427,15476,16839,18722,20120,21626,24490,26496,26440,26307,27679,29107,31037,31435,35598,40442,38767,39309,39950,40793,41268,42832,40855,44950,37112,34307,44656,46378,46595,47992,49638,50430,52545,55242,58496,56953
 "18137","Ripley, IN",3,CAINC4,38,"..."," Employer contributions for government social insurance ","Thousands of dollars",1495,1573,1736,1959,2604,2932,3277,3827,4168,4981,5764,6230,7047,7530,8501,10000,10410,10851,11998,14107,15081,16723,17815,18889,21534,23637,23844,24764,26658,29641,31480,33044,31905,36050,34885,35213,36952,37604,37256,38646,36644,41139,45620,39569,40249,41614,41176,42224,42326,41256,42902,46928,48987,46269
 "18137","Ripley, IN",3,CAINC4,42,"...","Plus: Adjustment for residence 6/","Thousands of dollars",4805,5287,6209,7977,8757,9528,8402,9973,12712,13952,14639,14167,14722,10909,9447,8697,7229,7534,5297,-1309,-2625,-5948,-10812,-9753,-19552,-17796,-17039,-23303,-31116,-34856,-49278,-49645,-69277,-80176,-47895,-27239,-3199,3528,45235,54747,28373,-20736,-54210,-21179,-22503,-16191,-9873,-8108,-3650,21375,24898,13985,9324,75585
 "18137","Ripley, IN",3,CAINC4,45,"...","Equals: Net earnings by place of residence ","Thousands of dollars",54542,54920,61353,64021,76979,77632,83007,96432,103830,115356,124425,130553,135319,140318,147746,174277,184582,191833,215568,231944,249636,266780,271408,303462,329106,356498,350328,358866,371332,397930,417648,436223,508183,549887,563471,590582,604253,625979,658202,686982,622754,639991,663101,649036,658675,670442,652723,681048,703345,722715,747609,777448,828491,852235
 "18137","Ripley, IN",3,CAINC4,46,"...","Plus: Dividends, interest, and rent 7/","Thousands of dollars",10992,12004,12917,13655,16164,18762,20317,22046,25243,28223,32348,37500,44610,50735,57121,63340,66052,68136,66966,75156,80001,83979,86223,89464,94377,93258,93055,97673,105232,109673,105025,112474,109681,101525,93341,110975,117585,128114,137693,155532,139504,140045,153260,159818,167791,172718,181736,176771,193535,201524,202083,215019,255028,274457
 "18137","Ripley, IN",3,CAINC4,47,"...","Plus: Personal current transfer receipts ","Thousands of dollars",6004,6870,8196,8989,10767,12707,15806,17048,18283,19640,22232,26588,31167,34209,37906,39898,41979,44246,45061,47067,52523,54832,59581,65430,67399,67895,68092,72633,73286,80922,83502,91502,101510,107058,111942,114603,125669,137882,144241,166168,181985,190592,191351,198485,200855,220765,225640,234333,243240,253887,262308,340559,387883,340909
 "18137","Ripley, IN",3,CAINC4,50,"...","Wages and salaries ","Thousands of dollars",36771,38925,41063,42388,49598,53416,59183,64764,70065,79939,90850,99072,106136,115771,126321,141073,149079,154474,174051,199506,213920,229323,241242,256134,287671,306502,304042,311356,332456,362663,391752,414383,456388,516381,488947,493270,494523,507945,509151,525208,496282,555179,596578,537293,542304,563869,564735,578307,592921,586265,601221,636389,674975,644817
 "18137","Ripley, IN",3,CAINC4,60,"...","Supplements to wages and salaries ","Thousands of dollars",3369,3661,4024,4458,5323,5979,7125,8109,9308,11107,12894,14342,15562,17409,20216,23238,25526,28089,31531,38043,43626,48420,51817,56730,64791,70160,69802,75454,78904,82636,91530,100886,131123,139982,141136,138721,136151,145360,140259,142966,129749,142288,148048,138146,137724,144817,141929,146312,147262,148510,149834,154073,158897,146425
 "18137","Ripley, IN",3,CAINC4,61,"..."," Employer contributions for employee pension and insurance funds 8/","Thousands of dollars",1874,2088,2288,2499,2719,3047,3848,4282,5140,6126,7130,8112,8515,9879,11715,13238,15116,17238,19533,23936,28545,31697,34002,37841,43257,46523,45958,50690,52246,52995,60050,67842,99218,103932,106251,103508,99199,107756,103003,104320,93105,101149,102428,98577,97475,103203,100753,104088,104936,107254,106932,107145,109910,100156
 "18137","Ripley, IN",3,CAINC4,62,"..."," Employer contributions for government social insurance ","Thousands of dollars",1495,1573,1736,1959,2604,2932,3277,3827,4168,4981,5764,6230,7047,7530,8501,10000,10410,10851,11998,14107,15081,16723,17815,18889,21534,23637,23844,24764,26658,29641,31480,33044,31905,36050,34885,35213,36952,37604,37256,38646,36644,41139,45620,39569,40249,41614,41176,42224,42326,41256,42902,46928,48987,46269
 "18137","Ripley, IN",3,CAINC4,70,"...","Proprietors' income 9/","Thousands of dollars",12872,10456,13819,13379,18795,14933,15156,21305,20108,20227,17496,15466,13181,11753,9024,21239,24334,24408,30114,25287,26635,30430,27096,40866,42220,47765,43807,46430,45425,46235,46161,35078,57452,50192,54935,60352,53680,47543,42081,45539,45849,49349,55417,68652,86055,65939,43703,54753,58776,58251,67103,75171,92778,88630
 "18137","Ripley, IN",3,CAINC4,71,"..."," Farm proprietors' income ","Thousands of dollars",4636,2864,5508,4217,9087,5215,5610,10051,7162,5615,3286,928,-1063,-955,-6802,1323,2369,997,925,-1116,1435,-105,-3017,5074,2006,4377,-204,5055,2283,1273,1290,8915,12709,3091,8979,14915,11996,5410,5216,11660,8945,6805,10821,18951,40531,22450,1445,10259,9013,7254,12435,23888,29913,24133
 "18137","Ripley, IN",3,CAINC4,72,"..."," Nonfarm proprietors' income ","Thousands of dollars",8236,7592,8311,9162,9708,9718,9546,11254,12946,14612,14210,14538,14244,12708,15826,19916,21965,23411,29189,26403,25200,30535,30113,35792,40214,43388,44011,41375,43142,44962,44871,26163,44743,47101,45956,45437,41684,42133,36865,33879,36904,42544,44596,49701,45524,43489,42258,44494,49763,50997,54668,51283,62865,64497
 "18137","Ripley, IN",3,CAINC4,7010,"...","Total employment ","Number of jobs",8947,9047,9092,9122,9539,9743,9901,10136,10400,10836,11217,11005,10773,10925,11396,11718,11720,12073,12738,13176,13573,14063,13938,14012,14383,14926,15600,15421,15487,16037,16121,16872,17683,18350,17943,18204,18086,17476,17337,17144,16146,17121,17705,16517,16459,16518,16442,16368,16519,16003,16244,15714,15617,15343
 "18137","Ripley, IN",3,CAINC4,7020,"..."," Wage and salary employment ","Number of jobs",6204,6204,6253,6226,6598,6821,7038,7206,7363,7704,8157,7978,7752,7805,8153,8480,8455,8847,9517,10090,10580,10994,10986,11072,11430,11914,12323,12181,12224,12662,13051,13740,14810,14901,14479,14625,14411,13852,13549,13343,12282,13361,13892,12736,12565,12655,12598,13051,13229,12508,12895,12151,11888,11409
 "18137","Ripley, IN",3,CAINC4,7040,"..."," Proprietors employment ","Number of jobs",2743,2843,2839,2896,2941,2922,2863,2930,3037,3132,3060,3027,3021,3120,3243,3238,3265,3226,3221,3086,2993,3069,2952,2940,2953,3012,3277,3240,3263,3375,3070,3132,2873,3449,3464,3579,3675,3624,3788,3801,3864,3760,3813,3781,3894,3863,3844,3317,3290,3495,3349,3563,3729,3934
 "18139","Rush, IN",3,CAINC4,10,"...","Personal income (thousands of dollars) ","Thousands of dollars",70784,70453,76291,82279,105802,105099,114468,125596,128858,143487,150334,159923,176244,179715,183737,212359,221907,226518,233873,234994,257870,275227,279430,310419,335020,356924,353832,389523,409465,417436,432661,468963,483495,465512,487902,520610,524342,528698,543129,571593,552701,565170,609176,623546,672558,662680,642432,680203,716015,737518,759514,818747,915864,918466
 "18139","Rush, IN",3,CAINC4,11,"..."," Nonfarm personal income 1/","Thousands of dollars",59044,61336,65380,70575,79928,87102,95782,105676,115965,127588,139957,156070,172285,179416,189917,200854,210260,218457,220700,230093,246671,264543,277310,297658,320173,344403,351430,372593,390084,409636,424905,452196,461037,460523,458591,475526,492666,502463,515499,518184,507486,526550,547813,580193,586095,619986,640586,659816,692862,716397,738482,783566,853014,867753
 "18139","Rush, IN",3,CAINC4,12,"..."," Farm income 2/","Thousands of dollars",11740,9117,10911,11704,25874,17997,18686,19920,12893,15899,10377,3853,3959,299,-6180,11505,11647,8061,13173,4901,11199,10684,2120,12761,14847,12521,2402,16930,19381,7800,7756,16767,22458,4989,29311,45084,31676,26235,27630,53409,45215,38620,61363,43353,86463,42694,1846,20387,23153,21121,21032,35181,62850,50713
 "18139","Rush, IN",3,CAINC4,20,"...","Population (persons) 3/","Number of persons",20380,20315,20184,20790,20702,20537,20344,20255,20320,20308,19732,19563,19357,19229,18843,18762,18686,18239,18060,17919,18105,18156,18190,18285,18433,18531,18436,18380,18472,18366,18352,18194,18145,18034,18090,17869,17826,17723,17756,17543,17461,17385,17297,17129,17032,16890,16763,16692,16716,16719,16698,16767,16699,16673
 "18139","Rush, IN",3,CAINC4,30,"...","Per capita personal income (dollars) 4/","Dollars",3473,3468,3780,3958,5111,5118,5627,6201,6341,7066,7619,8175,9105,9346,9751,11319,11876,12419,12950,13114,14243,15159,15362,16977,18175,19261,19192,21193,22167,22729,23576,25776,26646,25813,26971,29135,29414,29831,30588,32582,31653,32509,35219,36403,39488,39235,38324,40750,42834,44113,45485,48831,54845,55087
 "18139","Rush, IN",3,CAINC4,35,"...","Earnings by place of work ","Thousands of dollars",42444,40848,43828,47223,65431,61237,65737,72495,69684,78402,77294,75800,82777,77894,74151,98999,104904,104025,111120,107209,120285,131023,129037,148809,161022,170823,166957,193904,207991,211439,225974,249540,265637,248455,269005,293460,292000,291430,290981,296974,276121,280386,309926,306992,354168,332019,303002,319872,331561,345922,352411,358001,411889,416305
 "18139","Rush, IN",3,CAINC4,36,"...","Less: Contributions for government social insurance 5/","Thousands of dollars",2111,2177,2325,2650,3340,3866,4180,4699,5056,5702,6358,6772,8000,8064,8286,9197,10011,10293,10422,11421,12373,13829,14823,15707,17078,18663,19652,20769,21939,23229,24497,25725,26535,26654,26737,28204,29955,30528,30913,28858,27845,28505,25972,27162,31204,34033,35340,35120,36017,38033,39124,39578,42091,44849
 "18139","Rush, IN",3,CAINC4,37,"..."," Employee and self-employed contributions for government social insurance ","Thousands of dollars",1174,1214,1300,1456,1808,2120,2275,2465,2616,2932,3269,3560,4212,4296,4373,4800,5375,5609,5693,6315,6942,7635,8227,8743,9540,10426,10948,11471,12133,12611,13306,13886,14586,14751,14794,15536,16549,17284,17631,16706,15958,16258,13507,14140,17876,19264,20001,20136,20964,22393,23108,23533,25341,27258
 "18139","Rush, IN",3,CAINC4,38,"..."," Employer contributions for government social insurance ","Thousands of dollars",937,963,1025,1194,1532,1746,1905,2234,2440,2770,3089,3212,3788,3768,3913,4397,4636,4684,4729,5106,5431,6194,6596,6964,7538,8237,8704,9298,9806,10618,11191,11839,11949,11903,11943,12668,13406,13244,13282,12152,11887,12247,12465,13022,13328,14769,15339,14984,15053,15640,16016,16045,16750,17591
 "18139","Rush, IN",3,CAINC4,42,"...","Plus: Adjustment for residence 6/","Thousands of dollars",15797,15118,15920,17308,19211,19875,19105,22004,24921,27812,31015,32777,34257,33956,36611,40570,41977,45694,48356,51992,56164,60080,63576,71720,81475,90497,92602,96549,102552,104622,108832,114876,108907,108020,107439,105474,101160,100952,99670,99260,92781,96068,104226,119425,125999,128433,131403,143019,152251,160354,166713,169081,177523,195923
 "18139","Rush, IN",3,CAINC4,45,"...","Equals: Net earnings by place of residence ","Thousands of dollars",56130,53789,57423,61881,81302,77246,80662,89800,89549,100512,101951,101805,109034,103786,102476,130372,136870,139426,149054,147780,164076,177274,177790,204822,225419,242657,239907,269684,288604,292832,310309,338691,348009,329821,349707,370730,363205,361854,359738,367376,341057,347949,388180,399255,448963,426419,399065,427771,447795,468243,480000,487504,547321,567379
 "18139","Rush, IN",3,CAINC4,46,"...","Plus: Dividends, interest, and rent 7/","Thousands of dollars",9207,10579,11944,13114,15592,17557,20614,22194,25353,27218,30769,36270,43183,49038,52163,52125,52984,53967,51815,52685,55961,57393,57231,55751,57468,59621,59015,62490,62396,63942,58877,62980,60921,57343,56941,63306,67837,68404,77671,85720,80181,77307,82907,83523,82346,88332,87998,92824,103788,98654,99705,102332,109656,117624
 "18139","Rush, IN",3,CAINC4,47,"...","Plus: Personal current transfer receipts ","Thousands of dollars",5447,6085,6924,7284,8908,10296,13192,13602,13956,15757,17614,21848,24027,26891,29098,29862,32053,33125,33004,34529,37833,40560,44409,49846,52133,54646,54910,57349,58465,60662,63475,67292,74565,78348,81254,86574,93300,98440,105720,118497,131463,139914,138089,140768,141249,147929,155369,159608,164432,170621,179809,228911,258887,233463
 "18139","Rush, IN",3,CAINC4,50,"...","Wages and salaries ","Thousands of dollars",23610,24365,24729,26795,29788,32587,35206,39441,43081,46404,50573,54204,59971,59555,60485,64535,68716,69305,71356,74240,78962,87263,91499,96246,102716,110506,117922,126874,134395,146336,153279,162295,167255,165428,162596,171426,177649,176974,177864,165346,156230,160044,161475,170998,174906,193024,203269,202749,207652,220144,224932,216275,232485,246193
 "18139","Rush, IN",3,CAINC4,60,"...","Supplements to wages and salaries ","Thousands of dollars",2442,2606,2797,3236,3692,4144,4916,5577,6310,7070,7819,8672,9938,10416,11125,11989,13277,13948,14958,15614,17593,20131,22184,25254,27152,29615,29859,31078,32463,34962,38457,42694,42667,42829,43035,45300,48250,48508,49561,47588,43228,44285,44724,46449,46369,53161,53843,54621,55468,59886,59787,57572,59084,59487
 "18139","Rush, IN",3,CAINC4,61,"..."," Employer contributions for employee pension and insurance funds 8/","Thousands of dollars",1505,1643,1772,2042,2160,2398,3011,3343,3870,4300,4730,5460,6150,6648,7212,7592,8641,9264,10229,10508,12162,13937,15588,18290,19614,21378,21155,21780,22657,24344,27266,30855,30718,30926,31092,32632,34844,35264,36279,35436,31341,32038,32259,33427,33041,38392,38504,39637,40415,44246,43771,41527,42334,41896
 "18139","Rush, IN",3,CAINC4,62,"..."," Employer contributions for government social insurance ","Thousands of dollars",937,963,1025,1194,1532,1746,1905,2234,2440,2770,3089,3212,3788,3768,3913,4397,4636,4684,4729,5106,5431,6194,6596,6964,7538,8237,8704,9298,9806,10618,11191,11839,11949,11903,11943,12668,13406,13244,13282,12152,11887,12247,12465,13022,13328,14769,15339,14984,15053,15640,16016,16045,16750,17591
 "18139","Rush, IN",3,CAINC4,70,"...","Proprietors' income 9/","Thousands of dollars",16392,13877,16302,17192,31951,24506,25615,27477,20293,24928,18902,12924,12868,7923,2541,22475,22911,20772,24806,17355,23730,23629,15354,27309,31154,30702,19176,35952,41133,30141,34238,44551,55715,40198,63374,76734,66101,65948,63556,84040,76663,76057,103727,89545,132893,85834,45890,62502,68441,65892,67692,84154,120320,110625
 "18139","Rush, IN",3,CAINC4,71,"..."," Farm proprietors' income ","Thousands of dollars",10996,8315,10079,10816,24786,16616,17094,18002,10655,14015,8242,1547,1600,-2449,-8804,8963,9182,5868,11138,2714,8932,8130,-272,10283,12132,9920,-123,14517,16676,4709,4896,13994,19454,2259,26353,41965,28862,23725,24809,50700,42085,35233,58095,39308,82272,38298,-1756,16696,18678,16199,17192,31081,59214,46592
 "18139","Rush, IN",3,CAINC4,72,"..."," Nonfarm proprietors' income ","Thousands of dollars",5396,5562,6223,6376,7165,7890,8521,9475,9638,10913,10660,11377,11268,10372,11345,13512,13729,14904,13668,14641,14798,15499,15626,17026,19022,20782,19299,21435,24457,25432,29342,30557,36261,37939,37021,34769,37239,42223,38747,33340,34578,40824,45632,50237,50621,47536,47646,45806,49763,49693,50500,53073,61106,64033
 "18139","Rush, IN",3,CAINC4,7010,"...","Total employment ","Number of jobs",7477,7366,7206,7250,7376,7333,7300,7378,7390,7503,7371,7326,7317,7051,7068,7082,7165,7173,7215,7054,7152,7350,7434,7585,7809,8011,8261,8504,8691,8343,8367,8421,8614,8283,7943,7961,8182,8150,8083,7474,7161,7016,7064,6999,7129,7436,7504,7574,7582,7680,7559,7268,7467,7598
 "18139","Rush, IN",3,CAINC4,7020,"..."," Wage and salary employment ","Number of jobs",4849,4755,4628,4679,4828,4816,4880,5044,5078,5193,5107,5096,5127,4882,4852,4867,4925,4954,5003,4890,5101,5261,5319,5425,5639,5803,6068,6260,6371,6390,6435,6459,6461,6163,5881,5873,6008,5975,5789,5275,4958,4889,4864,4878,4923,5200,5243,5236,5259,5354,5319,4961,5129,5149
 "18139","Rush, IN",3,CAINC4,7040,"..."," Proprietors employment ","Number of jobs",2628,2611,2578,2571,2548,2517,2420,2334,2312,2310,2264,2230,2190,2169,2216,2215,2240,2219,2212,2164,2051,2089,2115,2160,2170,2208,2193,2244,2320,1953,1932,1962,2153,2120,2062,2088,2174,2175,2294,2199,2203,2127,2200,2121,2206,2236,2261,2338,2323,2326,2240,2307,2338,2449
 "18141","St. Joseph, IN",3,CAINC4,10,"...","Personal income (thousands of dollars) ","Thousands of dollars",918259,951447,1010178,1115898,1238690,1340222,1435059,1579988,1739420,1935363,2126352,2309484,2545029,2657557,2822722,3125482,3293142,3492336,3711969,3965478,4220692,4392713,4505828,4850296,5148981,5449974,5711792,5980576,6258910,6774476,7025472,7313805,7527311,7751369,7851937,8279334,8561738,9107343,9440260,9624003,9068828,9309833,9846151,10283484,10395911,10899623,11598044,11653968,12194837,12771040,12902557,13654333,15067647,15432451
 "18141","St. Joseph, IN",3,CAINC4,11,"..."," Nonfarm personal income 1/","Thousands of dollars",915337,949578,1005533,1111352,1228298,1333948,1421548,1566141,1730857,1922375,2115320,2305203,2544611,2655786,2826110,3116758,3287104,3482763,3698575,3958443,4204911,4376436,4499668,4836389,5139339,5436173,5705912,5967263,6242248,6759923,7019689,7305268,7515783,7743859,7838022,8255940,8550372,9094831,9420398,9606566,9052685,9296807,9816016,10259117,10330246,10865242,11590392,11638835,12183898,12760754,12895337,13634095,15028190,15399833
 "18141","St. Joseph, IN",3,CAINC4,12,"..."," Farm income 2/","Thousands of dollars",2922,1869,4645,4546,10392,6274,13511,13847,8563,12988,11032,4281,418,1771,-3388,8724,6038,9573,13394,7035,15781,16277,6160,13907,9642,13801,5880,13313,16662,14553,5783,8537,11528,7510,13915,23394,11366,12512,19862,17437,16143,13026,30135,24367,65665,34381,7652,15133,10939,10286,7220,20238,39457,32618
 "18141","St. Joseph, IN",3,CAINC4,20,"...","Population (persons) 3/","Number of persons",244521,244781,243930,245661,243636,242039,240830,239363,239947,241837,242123,241352,239750,238741,238063,239673,240428,240900,242223,243656,246137,247666,249397,251724,255475,257794,260072,261774,263125,263845,264952,265845,265502,265090,264762,264541,264863,265496,266045,267282,266827,266828,266874,266843,267573,268528,269192,270791,271084,271942,272791,272672,272341,272234
 "18141","St. Joseph, IN",3,CAINC4,30,"...","Per capita personal income (dollars) 4/","Dollars",3755,3887,4141,4542,5084,5537,5959,6601,7249,8003,8782,9569,10615,11132,11857,13041,13697,14497,15325,16275,17148,17736,18067,19268,20155,21141,21962,22846,23787,25676,26516,27512,28351,29241,29657,31297,32325,34303,35484,36007,33988,34891,36894,38538,38853,40590,43085,43037,44985,46962,47298,50076,55326,56688
 "18141","St. Joseph, IN",3,CAINC4,35,"...","Earnings by place of work ","Thousands of dollars",779396,786520,813893,910674,1015285,1093641,1137417,1259436,1389234,1545131,1708869,1778927,1902600,1953369,2038199,2287880,2417330,2580317,2803650,2992885,3150702,3294543,3401295,3652796,3888384,4140468,4364536,4532273,4760037,5168885,5477408,5695538,5828914,5990539,6146522,6465152,6560974,6854610,7026347,7103432,6663064,6745912,7143093,7369550,7526078,7818780,8252357,8394091,8614246,8949219,9250351,9104060,9787099,10443935
 "18141","St. Joseph, IN",3,CAINC4,36,"...","Less: Contributions for government social insurance 5/","Thousands of dollars",53304,53209,56883,67755,86760,97511,99182,111663,124226,142587,163845,169688,195859,204345,214558,244830,263314,281903,302281,334404,353010,380492,400255,425420,455263,494803,526609,539458,567423,599402,627949,646945,650905,671228,696457,731868,754950,785296,809322,833511,788666,781916,720548,737728,842791,875895,922777,941867,967335,1005515,1049513,1069805,1143573,1217630
 "18141","St. Joseph, IN",3,CAINC4,37,"..."," Employee and self-employed contributions for government social insurance ","Thousands of dollars",27507,27685,29661,34424,43931,50136,51195,55888,61022,69063,80074,84893,98911,103848,107566,120474,133445,143540,155589,172568,184956,198639,209990,223203,239771,258129,273727,280605,291944,307631,323976,332465,344487,355705,366879,385203,396774,416553,431783,443764,418052,412864,336037,344205,448216,466075,492477,502223,520872,545310,569149,580884,624486,671842
 "18141","St. Joseph, IN",3,CAINC4,38,"..."," Employer contributions for government social insurance ","Thousands of dollars",25797,25524,27222,33331,42829,47375,47987,55775,63204,73524,83771,84795,96948,100497,106992,124356,129869,138363,146692,161836,168054,181853,190265,202217,215492,236674,252882,258853,275479,291771,303973,314480,306418,315523,329578,346665,358176,368743,377539,389747,370614,369052,384511,393523,394575,409820,430300,439644,446463,460205,480364,488921,519087,545788
 "18141","St. Joseph, IN",3,CAINC4,42,"...","Plus: Adjustment for residence 6/","Thousands of dollars",3257,5472,11303,18298,22413,12167,12300,25998,36654,49860,40071,27375,23804,23997,52361,57470,52902,57350,60974,61095,48895,18697,-3769,15959,6860,10268,-11011,-16200,-74419,-102871,-96404,-140649,-169003,-136236,-120974,-7712,74305,107953,124468,18869,-164890,-114998,-177293,-131313,-2322,51461,119440,36696,279372,274500,12621,13408,226981,266452
 "18141","St. Joseph, IN",3,CAINC4,45,"...","Equals: Net earnings by place of residence ","Thousands of dollars",729349,738783,768313,861217,950938,1008297,1050535,1173771,1301662,1452404,1585095,1636614,1730545,1773021,1876002,2100520,2206918,2355764,2562343,2719576,2846587,2932748,2997271,3243335,3439981,3655933,3826916,3976615,4118195,4466612,4753055,4907944,5009006,5183075,5329091,5725572,5880329,6177267,6341493,6288790,5709508,5848998,6245252,6500509,6680965,6994346,7449020,7488920,7926283,8218204,8213459,8047663,8870507,9492757
 "18141","St. Joseph, IN",3,CAINC4,46,"...","Plus: Dividends, interest, and rent 7/","Thousands of dollars",124383,137000,147692,156601,173183,197661,220457,233071,255854,283591,314484,396689,493764,529925,565885,629068,665604,688987,690454,755274,846127,884987,878843,888761,959747,1007888,1089316,1166020,1277083,1432264,1356694,1434345,1453646,1448091,1367016,1349264,1384826,1534899,1646472,1662118,1523498,1504379,1663577,1797877,1725611,1787181,1947871,1917307,1963753,2160839,2156806,2276504,2450331,2666680
 "18141","St. Joseph, IN",3,CAINC4,47,"...","Plus: Personal current transfer receipts ","Thousands of dollars",64527,75664,94173,98080,114569,134264,164067,173146,181904,199368,226773,276181,320720,354611,380835,395894,420620,447585,459172,490628,527978,574978,629714,718200,749253,786153,795560,837941,863632,875600,915723,971516,1064659,1120203,1155830,1204498,1296583,1395177,1452295,1673095,1835822,1956456,1937322,1985098,1989335,2118096,2201153,2247741,2304801,2391997,2532292,3330166,3746809,3273014
 "18141","St. Joseph, IN",3,CAINC4,50,"...","Wages and salaries ","Thousands of dollars",646112,651731,666573,743548,824857,895367,912890,1004299,1103315,1223144,1356248,1414911,1521821,1559837,1610156,1783035,1877304,1994501,2160914,2320123,2417010,2523905,2605688,2768762,2944188,3138583,3341986,3422214,3632982,3838334,4007712,4179755,4220299,4294469,4433039,4643760,4705633,4867415,5028825,5152943,4869806,4830150,4988306,5095129,5115872,5311911,5618863,5847176,6000257,6232414,6472096,6431865,6998642,7525329
 "18141","St. Joseph, IN",3,CAINC4,60,"...","Supplements to wages and salaries ","Thousands of dollars",71130,72392,77652,91594,102685,112921,126394,141932,164560,185746,209710,223652,244413,264804,288109,322522,348628,381572,404262,437550,472671,508521,545881,606627,652427,695589,715238,718703,753840,817098,862832,928897,924099,959440,1014833,1067742,1111794,1155248,1189391,1220744,1124000,1144597,1174214,1226281,1203360,1315406,1319636,1377109,1373785,1462384,1493395,1471306,1527748,1563205
 "18141","St. Joseph, IN",3,CAINC4,61,"..."," Employer contributions for employee pension and insurance funds 8/","Thousands of dollars",45333,46868,50430,58263,59856,65546,78407,86157,101356,112222,125939,138857,147465,164307,181117,198166,218759,243209,257570,275714,304617,326668,355616,404410,436935,458915,462356,459850,478361,525327,558859,614417,617681,643917,685255,721077,753618,786505,811852,830997,753386,775545,789703,832758,808785,905586,889336,937465,927322,1002179,1013031,982385,1008661,1017417
 "18141","St. Joseph, IN",3,CAINC4,62,"..."," Employer contributions for government social insurance ","Thousands of dollars",25797,25524,27222,33331,42829,47375,47987,55775,63204,73524,83771,84795,96948,100497,106992,124356,129869,138363,146692,161836,168054,181853,190265,202217,215492,236674,252882,258853,275479,291771,303973,314480,306418,315523,329578,346665,358176,368743,377539,389747,370614,369052,384511,393523,394575,409820,430300,439644,446463,460205,480364,488921,519087,545788
 "18141","St. Joseph, IN",3,CAINC4,70,"...","Proprietors' income 9/","Thousands of dollars",62154,62397,69668,75532,87743,85353,98133,113205,121359,136241,142911,140364,136366,128728,139934,182323,191398,204244,238474,235212,261021,262117,249726,277407,291769,306296,307312,391356,373215,513453,606864,586886,684516,736630,698650,753650,743547,831947,808131,729745,669258,771165,980573,1048140,1206846,1191463,1313858,1169806,1240204,1254421,1284860,1200889,1260709,1355401
 "18141","St. Joseph, IN",3,CAINC4,71,"..."," Farm proprietors' income ","Thousands of dollars",1747,598,3332,3149,8717,4127,11294,11438,6025,11094,8820,1830,-2122,-1268,-6358,5717,2968,6661,10469,3856,12468,12515,2614,10210,5740,10213,2533,10230,13311,10116,1125,3462,5518,1501,7653,16997,5716,7607,14602,12928,11405,8298,25882,19445,60561,29026,3262,10637,5488,4290,2535,15242,35028,27606
 "18141","St. Joseph, IN",3,CAINC4,72,"..."," Nonfarm proprietors' income ","Thousands of dollars",60407,61799,66336,72383,79026,81226,86839,101767,115334,125147,134091,138534,138488,129996,146292,176606,188430,197583,228005,231356,248553,249602,247112,267197,286029,296083,304779,381126,359904,503337,605739,583424,678998,735129,690997,736653,737831,824340,793529,716817,657853,762867,954691,1028695,1146285,1162437,1310596,1159169,1234716,1250131,1282325,1185647,1225681,1327795
 "18141","St. Joseph, IN",3,CAINC4,7010,"...","Total employment ","Number of jobs",107238,104506,101753,106449,112050,113949,110132,111850,115595,119443,121921,117816,116734,114087,114909,121695,123920,127229,132054,135717,137562,139395,139235,141098,143915,149000,153407,153856,157255,159357,158161,160079,158514,156257,155907,157526,157997,159018,160339,158367,150675,149665,152450,151435,151252,153910,157231,159829,161043,163219,164027,154191,156625,161256
 "18141","St. Joseph, IN",3,CAINC4,7020,"..."," Wage and salary employment ","Number of jobs",96814,93930,90794,94866,99938,101322,97131,99052,102708,106687,108998,104536,103532,100412,100931,107349,109082,112054,116396,119641,121724,122224,121408,123593,126730,131038,134209,134131,137509,139631,140656,141787,137303,135256,134902,135659,135285,135768,135867,134069,125962,125233,127194,126737,126573,128741,131847,134658,135080,136459,138012,126751,127275,129871
 "18141","St. Joseph, IN",3,CAINC4,7040,"..."," Proprietors employment ","Number of jobs",10424,10576,10959,11583,12112,12627,13001,12798,12887,12756,12923,13280,13202,13675,13978,14346,14838,15175,15658,16076,15838,17171,17827,17505,17185,17962,19198,19725,19746,19726,17505,18292,21211,21001,21005,21867,22712,23250,24472,24298,24713,24432,25256,24698,24679,25169,25384,25171,25963,26760,26015,27440,29350,31385
 "18143","Scott, IN",3,CAINC4,10,"...","Personal income (thousands of dollars) ","Thousands of dollars",53888,55311,59360,62684,74223,82494,86999,96242,106689,119260,134886,147816,160989,169531,178308,204504,212693,223282,236551,252056,262747,284581,292915,325535,346065,372655,391241,406985,423530,448497,482003,507183,524175,533684,546320,584020,600679,613589,633773,669349,660393,673943,697830,736461,753081,790214,810219,840668,857042,885359,920903,1002571,1081437,1087511
 "18143","Scott, IN",3,CAINC4,11,"..."," Nonfarm personal income 1/","Thousands of dollars",52245,54018,56924,60724,69822,78733,84671,93188,104825,118318,134186,147518,160774,169032,182260,203525,210673,222117,235963,250655,261471,283709,292429,323718,343857,370922,390556,402394,423023,447814,479016,502034,517872,529852,542744,575854,595705,611480,630862,665521,660206,672795,695381,732608,742434,786434,810998,838968,855944,885693,919021,999356,1074645,1084272
 "18143","Scott, IN",3,CAINC4,12,"..."," Farm income 2/","Thousands of dollars",1643,1293,2436,1960,4401,3761,2328,3054,1864,942,700,298,215,499,-3952,979,2020,1165,588,1401,1276,872,486,1817,2208,1733,685,4591,507,683,2987,5149,6303,3832,3576,8166,4974,2109,2911,3828,187,1148,2449,3853,10647,3780,-779,1700,1098,-334,1882,3215,6792,3239
 "18143","Scott, IN",3,CAINC4,20,"...","Population (persons) 3/","Number of persons",16922,17190,17545,17638,18328,18862,19397,19651,20022,20347,20445,20429,20411,20528,20616,20622,20587,20676,20972,20856,20921,21011,21242,21342,21715,21805,22027,22196,22330,22457,22693,23049,23332,23370,23638,23626,23889,23982,24137,24089,24165,24185,23977,23846,23938,23875,23956,24040,24207,24224,24362,24371,24437,24588
 "18143","Scott, IN",3,CAINC4,30,"...","Per capita personal income (dollars) 4/","Dollars",3184,3218,3383,3554,4050,4374,4485,4898,5329,5861,6598,7236,7887,8259,8649,9917,10331,10799,11279,12086,12559,13544,13789,15253,15937,17090,17762,18336,18967,19971,21240,22005,22466,22836,23112,24719,25145,25585,26257,27787,27328,27866,29104,30884,31460,33098,33821,34970,35405,36549,37801,41138,44254,44229
 "18143","Scott, IN",3,CAINC4,35,"...","Earnings by place of work ","Thousands of dollars",30210,31384,34331,35740,43283,46644,47320,50973,53874,58039,63183,66601,68640,69681,71973,88167,93989,99622,107613,114119,112246,123888,134678,153044,171863,188742,194935,208946,214025,229509,254850,273250,273297,279312,284685,311140,316939,310846,314338,315019,286089,291237,304762,329153,349577,376664,383548,419346,435827,456161,459832,472691,499867,502107
 "18143","Scott, IN",3,CAINC4,36,"...","Less: Contributions for government social insurance 5/","Thousands of dollars",1932,2016,2197,2480,3220,3796,3939,4203,4577,5169,5876,6232,6944,7147,7798,9149,9891,10661,11484,12795,12791,14185,15894,17830,20115,22481,23332,24664,25555,26875,29335,30838,30304,31467,32494,35587,37649,37615,38208,38912,36821,37098,34832,37120,43794,46937,48259,52095,54427,57446,58815,61795,64542,65817
 "18143","Scott, IN",3,CAINC4,37,"..."," Employee and self-employed contributions for government social insurance ","Thousands of dollars",1056,1103,1208,1342,1722,2042,2134,2232,2392,2685,3052,3301,3690,3870,4154,4792,5328,5758,6238,6959,7180,7915,8781,9803,11155,12472,13126,13449,14018,14442,15667,16390,16366,17120,17627,19142,20184,20481,21179,21610,20549,20811,17627,18677,24198,26128,27062,29223,30714,32763,33592,35058,37009,38368
 "18143","Scott, IN",3,CAINC4,38,"..."," Employer contributions for government social insurance ","Thousands of dollars",876,913,989,1138,1498,1754,1805,1971,2185,2484,2824,2931,3254,3277,3644,4357,4563,4903,5246,5836,5611,6270,7113,8027,8960,10009,10206,11215,11537,12433,13668,14448,13938,14347,14867,16445,17465,17134,17029,17302,16272,16287,17205,18443,19596,20809,21197,22872,23713,24683,25223,26737,27533,27449
 "18143","Scott, IN",3,CAINC4,42,"...","Plus: Adjustment for residence 6/","Thousands of dollars",15753,14670,13672,15037,17266,19395,17890,21660,26466,32768,39397,40073,44931,43966,47403,52347,52477,54864,61498,65651,70119,76168,70338,76364,76142,82871,93963,87992,96010,99404,106113,105702,109057,110124,114518,121456,123383,135251,137381,136409,128276,130957,133727,134245,135956,130797,136139,125858,120514,123914,144156,140389,157144,195250
 "18143","Scott, IN",3,CAINC4,45,"...","Equals: Net earnings by place of residence ","Thousands of dollars",44031,44038,45806,48297,57329,62243,61271,68430,75763,85638,96704,100442,106627,106500,111578,131365,136575,143825,157627,166975,169574,185871,189122,211578,227890,249132,265566,272274,284480,302038,331628,348114,352050,357969,366709,397009,402673,408482,413511,412516,377544,385096,403657,426278,441739,460524,471428,493109,501914,522629,545173,551285,592469,631540
 "18143","Scott, IN",3,CAINC4,46,"...","Plus: Dividends, interest, and rent 7/","Thousands of dollars",5351,6024,6744,7260,8573,10068,11817,12922,14805,16096,17766,21443,25604,30489,31724,36390,37480,38540,37716,41353,44031,45162,45923,46447,47322,48994,53893,57545,60633,65242,62632,65708,67709,66261,64175,67404,66851,64081,72483,85830,86157,83327,88106,92053,92956,92856,98991,101795,104762,103425,104473,109838,107470,113048
 "18143","Scott, IN",3,CAINC4,47,"...","Plus: Personal current transfer receipts ","Thousands of dollars",4506,5249,6810,7127,8321,10183,13911,14890,16121,17526,20416,25931,28758,32542,35006,36749,38638,40917,41208,43728,49142,53548,57870,67510,70853,74529,71782,77166,78417,81217,87743,93361,104416,109454,115436,119607,131155,141026,147779,171003,196692,205520,206067,218130,218386,236834,239800,245764,250366,259305,271257,341448,381498,342923
 "18143","Scott, IN",3,CAINC4,50,"...","Wages and salaries ","Thousands of dollars",21441,22633,23603,25008,28268,31569,33234,34931,38170,41636,45626,48268,50428,50840,55068,62910,66546,70999,77601,83518,80939,87744,96863,108870,120699,133111,136709,150296,156346,168336,185817,197355,193552,199153,202580,220598,225953,221903,224548,226458,209775,210393,218328,233252,242767,263427,275763,303789,319404,335212,340514,348400,371956,380575
 "18143","Scott, IN",3,CAINC4,60,"...","Supplements to wages and salaries ","Thousands of dollars",2336,2546,2772,3092,3598,4174,4672,5012,5676,6389,7261,7878,8718,9204,10465,12109,13243,14628,16018,17247,17853,20012,23125,26935,29964,32607,32388,33688,33995,37985,43354,47921,50942,52639,55383,60117,63705,62400,63906,64203,56194,56774,58748,62666,63186,72573,71190,80083,83801,90352,88775,91237,90740,90629
 "18143","Scott, IN",3,CAINC4,61,"..."," Employer contributions for employee pension and insurance funds 8/","Thousands of dollars",1460,1633,1783,1954,2100,2420,2867,3041,3491,3905,4437,4947,5464,5927,6821,7752,8680,9725,10772,11411,12242,13742,16012,18908,21004,22598,22182,22473,22458,25552,29686,33473,37004,38292,40516,43672,46240,45266,46877,46901,39922,40487,41543,44223,43590,51764,49993,57211,60088,65669,63552,64500,63207,63180
 "18143","Scott, IN",3,CAINC4,62,"..."," Employer contributions for government social insurance ","Thousands of dollars",876,913,989,1138,1498,1754,1805,1971,2185,2484,2824,2931,3254,3277,3644,4357,4563,4903,5246,5836,5611,6270,7113,8027,8960,10009,10206,11215,11537,12433,13668,14448,13938,14347,14867,16445,17465,17134,17029,17302,16272,16287,17205,18443,19596,20809,21197,22872,23713,24683,25223,26737,27533,27449
 "18143","Scott, IN",3,CAINC4,70,"...","Proprietors' income 9/","Thousands of dollars",6433,6205,7956,7640,11417,10901,9414,11030,10028,10014,10296,10455,9494,9637,6440,13148,14200,13995,13994,13354,13454,16132,14690,17239,21200,23024,25838,24962,23684,23188,25679,27974,28803,27520,26722,30425,27281,26543,25884,24358,20120,24070,27686,33235,43624,40664,36595,35474,32622,30597,30543,33054,37171,30903
 "18143","Scott, IN",3,CAINC4,71,"..."," Farm proprietors' income ","Thousands of dollars",1408,1006,2107,1582,3916,3100,1651,2329,1111,383,157,-208,-227,42,-4366,603,1658,851,292,1044,868,375,-12,1275,1673,1268,273,4233,146,270,2603,4771,5894,3461,3071,7515,4271,1364,1944,2988,-701,259,1650,2925,9684,2771,-1604,856,73,-1460,1007,2278,5959,2292
 "18143","Scott, IN",3,CAINC4,72,"..."," Nonfarm proprietors' income ","Thousands of dollars",5025,5199,5849,6058,7501,7801,7763,8701,8917,9631,10139,10663,9721,9595,10806,12545,12542,13144,13702,12310,12586,15757,14702,15964,19527,21756,25565,20729,23538,22918,23076,23203,22909,24059,23651,22910,23010,25179,23940,21370,20821,23811,26036,30310,33940,37893,38199,34618,32549,32057,29536,30776,31212,28611
 "18143","Scott, IN",3,CAINC4,7010,"...","Total employment ","Number of jobs",5261,5338,5487,5569,5875,5974,5951,5958,5830,5921,6097,6020,6110,5951,6134,6480,6617,6779,7010,7143,6911,7177,7510,8040,8589,9015,8975,9195,9218,8972,9418,9837,10150,9966,9868,10147,10268,10156,10080,9777,9021,8822,9128,9545,9676,9931,9957,10338,10531,10773,10516,10186,10224,10320
 "18143","Scott, IN",3,CAINC4,7020,"..."," Wage and salary employment ","Number of jobs",4066,4112,4193,4228,4449,4529,4494,4456,4282,4329,4502,4415,4527,4286,4415,4775,4924,5124,5370,5598,5498,5621,5949,6469,6992,7310,7102,7278,7296,7523,7989,8375,8029,7841,7755,8047,8039,7831,7717,7497,6786,6707,6934,7331,7537,7839,7986,8554,8764,8905,8759,8349,8238,8222
 "18143","Scott, IN",3,CAINC4,7040,"..."," Proprietors employment ","Number of jobs",1195,1226,1294,1341,1426,1445,1457,1502,1548,1592,1595,1605,1583,1665,1719,1705,1693,1655,1640,1545,1413,1556,1561,1571,1597,1705,1873,1917,1922,1449,1429,1462,2121,2125,2113,2100,2229,2325,2363,2280,2235,2115,2194,2214,2139,2092,1971,1784,1767,1868,1757,1837,1986,2098
 "18145","Shelby, IN",3,CAINC4,10,"...","Personal income (thousands of dollars) ","Thousands of dollars",136433,136559,152678,163918,193346,207868,222490,248998,269628,298787,335157,365652,396387,410313,429337,483799,506695,528904,555399,581469,647564,702602,716094,782456,832367,891140,906466,965728,1022525,1076291,1133272,1204026,1226585,1215103,1259732,1336660,1333571,1376926,1418594,1463402,1406058,1479176,1557802,1612088,1716993,1703415,1703242,1777588,1845287,1926669,1986470,2125128,2322184,2357553
 "18145","Shelby, IN",3,CAINC4,11,"..."," Nonfarm personal income 1/","Thousands of dollars",127356,132244,144476,158814,178287,195388,210658,234156,261584,288738,324889,357647,391371,406521,430975,470385,494726,526323,549568,579615,634828,688647,712744,767612,814797,879819,900680,946084,1004788,1068873,1127835,1187227,1207553,1208146,1236587,1301689,1309314,1356101,1398440,1421289,1360891,1450521,1516542,1586229,1648044,1685657,1712021,1768791,1834377,1917625,1979292,2098851,2271039,2313220
 "18145","Shelby, IN",3,CAINC4,12,"..."," Farm income 2/","Thousands of dollars",9077,4315,8202,5104,15059,12480,11832,14842,8044,10049,10268,8005,5016,3792,-1638,13414,11969,2581,5831,1854,12736,13955,3350,14844,17570,11321,5786,19644,17737,7418,5437,16799,19032,6957,23145,34971,24257,20825,20154,42113,45167,28655,41260,25859,68949,17758,-8779,8797,10910,9044,7178,26277,51145,44333
 "18145","Shelby, IN",3,CAINC4,20,"...","Population (persons) 3/","Number of persons",37474,37826,38152,39105,39577,39524,39535,39558,39707,39775,39932,39933,40032,39962,39865,39778,39773,40131,39984,39918,40066,40383,40736,41079,41678,42000,42488,42589,42866,42958,43159,43479,43746,43577,43385,43488,43482,43812,44086,44345,44551,44300,44299,44298,44393,44434,44435,44351,44505,44680,44933,45058,45025,44991
 "18145","Shelby, IN",3,CAINC4,30,"...","Per capita personal income (dollars) 4/","Dollars",3641,3610,4002,4192,4885,5259,5628,6295,6790,7512,8393,9157,9902,10268,10770,12162,12740,13179,13891,14567,16162,17398,17579,19048,19971,21218,21335,22676,23854,25054,26258,27692,28039,27884,29036,30736,30669,31428,32178,33000,31561,33390,35166,36392,38677,38336,38331,40080,41462,43122,44210,47164,51575,52401
 "18145","Shelby, IN",3,CAINC4,35,"...","Earnings by place of work ","Thousands of dollars",78946,75891,86456,92208,113334,117854,118873,141341,151319,169965,188378,192197,200081,196029,208146,253384,265806,279344,301523,310107,354087,395024,394224,442606,481733,520963,536144,562112,603083,646614,703481,750651,754526,766554,797623,832379,839084,864188,872772,854786,806895,850341,897965,937393,1090746,1068619,1055920,1118128,1146897,1200107,1227186,1203060,1271168,1361100
 "18145","Shelby, IN",3,CAINC4,36,"...","Less: Contributions for government social insurance 5/","Thousands of dollars",4811,4867,5432,6434,8308,9368,9342,11175,12569,14370,16712,17322,19747,19782,21440,25233,27228,29887,31372,34105,37908,43674,45779,49802,54360,60356,62902,63961,68983,73655,80491,83583,82718,85809,88254,91662,95026,99032,100637,100794,97791,100172,92971,98960,118590,123331,127982,132968,136213,141223,146782,145932,150767,162127
 "18145","Shelby, IN",3,CAINC4,37,"..."," Employee and self-employed contributions for government social insurance ","Thousands of dollars",2560,2615,2933,3391,4331,4960,5002,5753,6378,7236,8425,8843,10149,10317,11070,12709,14127,15563,16513,17958,20234,22961,24012,26067,28458,31711,33218,33659,36141,38174,41116,42663,43124,45088,46166,47905,49716,52518,53833,54197,52414,53711,43942,46482,63504,65987,67954,70769,73153,77655,80733,80141,83537,91006
 "18145","Shelby, IN",3,CAINC4,38,"..."," Employer contributions for government social insurance ","Thousands of dollars",2251,2252,2499,3043,3977,4408,4340,5422,6191,7134,8287,8479,9598,9465,10370,12524,13101,14324,14859,16147,17674,20713,21767,23735,25902,28645,29684,30302,32842,35481,39375,40920,39594,40721,42088,43757,45310,46514,46804,46597,45377,46461,49029,52478,55086,57344,60028,62199,63060,63568,66049,65791,67230,71121
 "18145","Shelby, IN",3,CAINC4,42,"...","Plus: Adjustment for residence 6/","Thousands of dollars",37723,37001,38693,42069,45943,49420,51378,54752,61420,68933,77817,84266,91358,91750,94523,102168,109355,114243,122771,133552,142537,150705,156076,165536,169706,181768,180483,198237,206673,207805,213814,220297,225918,214478,218406,235109,203668,207973,207906,211130,175099,175706,187447,190331,167916,144391,136987,143389,145796,148483,164433,183886,237457,248316
 "18145","Shelby, IN",3,CAINC4,45,"...","Equals: Net earnings by place of residence ","Thousands of dollars",111858,108025,119717,127843,150969,157906,160909,184918,200170,224528,249483,259141,271692,267997,281229,330319,347933,363700,392922,409554,458716,502055,504521,558340,597079,642375,653725,696388,740773,780764,836804,887365,897726,895223,927775,975826,947726,973129,980041,965122,884203,925875,992441,1028764,1140072,1089679,1064925,1128549,1156480,1207367,1244837,1241014,1357858,1447289
 "18145","Shelby, IN",3,CAINC4,46,"...","Plus: Dividends, interest, and rent 7/","Thousands of dollars",15729,18109,20680,22696,26319,29995,33905,37049,42255,45125,52213,62896,76032,87420,89170,94951,99445,103307,100370,105688,115053,120432,121368,120526,125622,131487,135138,144521,153735,165024,158687,168523,165972,147668,153559,166213,172114,173635,194690,216735,207516,212371,234284,236131,230858,240435,246277,246864,267262,279165,279889,291182,294240,312567
 "18145","Shelby, IN",3,CAINC4,47,"...","Plus: Personal current transfer receipts ","Thousands of dollars",8846,10425,12281,13379,16058,19967,27676,27031,27203,29134,33461,43615,48663,54896,58938,58529,59317,61897,62107,66227,73795,80115,90205,103590,109666,117278,117603,124819,128017,130503,137781,148138,162887,172212,178398,194621,213731,230162,243863,281545,314339,340930,331077,347193,346063,373301,392040,402175,421545,440137,461744,592932,670086,597697
 "18145","Shelby, IN",3,CAINC4,50,"...","Wages and salaries ","Thousands of dollars",55289,56374,59987,67282,75892,81500,81615,96215,108836,120339,135540,141322,150569,147330,156114,178275,188573,205208,217121,229409,251539,284307,294228,320656,346354,381276,398921,411391,447980,483680,524321,548315,542947,557534,568245,589019,601942,619843,628188,624520,595277,611953,631464,675077,708478,744421,794156,826789,847838,884449,904166,877361,911508,995951
 "18145","Shelby, IN",3,CAINC4,60,"...","Supplements to wages and salaries ","Thousands of dollars",5948,6202,6926,8306,9579,10522,11383,13773,16489,19065,21590,23243,25476,26318,29401,33906,36780,41254,44896,47304,54628,63413,68140,76924,84579,91911,92489,90908,95786,106591,120567,130704,128408,132067,138737,143704,152057,156077,161186,160876,145658,151052,154866,167081,168939,186341,188874,197480,202315,214352,211603,205960,206885,213679
 "18145","Shelby, IN",3,CAINC4,61,"..."," Employer contributions for employee pension and insurance funds 8/","Thousands of dollars",3697,3950,4427,5263,5602,6114,7043,8351,10298,11931,13303,14764,15878,16853,19031,21382,23679,26930,30037,31157,36954,42700,46373,53189,58677,63266,62805,60606,62944,71110,81192,89784,88814,91346,96649,99947,106747,109563,114382,114279,100281,104591,105837,114603,113853,128997,128846,135281,139255,150784,145554,140169,139655,142558
 "18145","Shelby, IN",3,CAINC4,62,"..."," Employer contributions for government social insurance ","Thousands of dollars",2251,2252,2499,3043,3977,4408,4340,5422,6191,7134,8287,8479,9598,9465,10370,12524,13101,14324,14859,16147,17674,20713,21767,23735,25902,28645,29684,30302,32842,35481,39375,40920,39594,40721,42088,43757,45310,46514,46804,46597,45377,46461,49029,52478,55086,57344,60028,62199,63060,63568,66049,65791,67230,71121
 "18145","Shelby, IN",3,CAINC4,70,"...","Proprietors' income 9/","Thousands of dollars",17709,13315,19543,16620,27863,25832,25875,31353,25994,30561,31248,27632,24036,22381,22631,41203,40453,32882,39506,33394,47920,47304,31856,45026,50800,47776,44734,59813,59317,56343,58593,71632,83171,76953,90641,99656,85085,88268,83398,69390,65960,87336,111635,95235,213329,137857,72890,93859,96744,101306,111417,119739,152775,151470
 "18145","Shelby, IN",3,CAINC4,71,"..."," Farm proprietors' income ","Thousands of dollars",8382,3608,7505,4399,14246,11483,10605,13294,6175,8390,8324,5848,2720,1123,-4057,11155,9838,690,4046,-233,10420,11181,612,11870,14340,8257,2833,16836,14629,3830,2072,13475,15414,3605,19571,31230,20880,17811,16819,38886,41403,24540,37231,20838,63741,12299,-13260,4201,5354,2926,2385,21169,46620,39226
 "18145","Shelby, IN",3,CAINC4,72,"..."," Nonfarm proprietors' income ","Thousands of dollars",9327,9707,12038,12221,13617,14349,15270,18059,19819,22171,22924,21784,21316,21258,26688,30048,30615,32192,35460,33627,37500,36123,31244,33156,36460,39519,41901,42977,44688,52513,56521,58157,67757,73348,71070,68426,64205,70457,66579,30504,24557,62796,74404,74397,149588,125558,86150,89658,91390,98380,109032,98570,106155,112244
 "18145","Shelby, IN",3,CAINC4,7010,"...","Total employment ","Number of jobs",13448,13143,13348,13977,14605,14646,14297,15035,15769,16051,16405,15936,15656,14876,15211,16211,16609,17398,17955,17654,18421,19400,19357,19117,19978,20778,21115,21108,21550,21716,22713,22813,22787,22295,22526,22909,22868,22892,22659,22197,21483,21301,21441,22059,22580,23070,23503,23975,24181,24440,24029,22985,23251,24037
 "18145","Shelby, IN",3,CAINC4,7020,"..."," Wage and salary employment ","Number of jobs",10205,9923,10091,10569,11089,11123,10806,11437,12172,12460,12869,12405,12088,11313,11532,12421,12664,13357,13772,13848,14737,15556,15352,15277,15892,16687,16722,16542,17094,17888,18826,18817,18354,17975,18218,18556,18430,18426,18013,17572,16819,16761,16848,17578,18007,18555,18876,19126,19332,19476,19278,18040,18021,18484
 "18145","Shelby, IN",3,CAINC4,7040,"..."," Proprietors employment ","Number of jobs",3243,3220,3257,3408,3516,3523,3491,3598,3597,3591,3536,3531,3568,3563,3679,3790,3945,4041,4183,3806,3684,3844,4005,3840,4086,4091,4393,4566,4456,3828,3887,3996,4433,4320,4308,4353,4438,4466,4646,4625,4664,4540,4593,4481,4573,4515,4627,4849,4849,4964,4751,4945,5230,5553
 "18147","Spencer, IN",3,CAINC4,10,"...","Personal income (thousands of dollars) ","Thousands of dollars",50904,51969,57065,62005,77438,79708,90387,99244,114718,132301,143977,153287,171541,185025,189714,218269,224205,236882,243737,259608,281528,290756,287130,315611,332409,356426,361796,397856,410373,454547,463482,502774,509035,518306,549666,582434,601712,638068,671616,719734,688553,709449,742142,751710,784877,802267,807660,813974,854444,879925,921007,973955,1067780,1083278
 "18147","Spencer, IN",3,CAINC4,11,"..."," Nonfarm personal income 1/","Thousands of dollars",46061,49191,52407,57194,66164,72477,80962,90913,106141,123810,138389,151960,169870,185531,195738,213305,219912,231340,240040,257611,273438,285070,287060,306024,324989,346750,356989,384241,400471,450578,464320,493178,499089,520826,538856,567813,590111,633633,663559,705148,676906,698187,721550,731653,742548,778102,799566,798473,837121,863840,906639,947946,1026403,1042772
 "18147","Spencer, IN",3,CAINC4,12,"..."," Farm income 2/","Thousands of dollars",4843,2778,4658,4811,11274,7231,9425,8331,8577,8491,5588,1327,1671,-506,-6024,4964,4293,5542,3697,1997,8090,5686,70,9587,7420,9676,4807,13615,9902,3969,-838,9596,9946,-2520,10810,14621,11601,4435,8057,14586,11647,11262,20592,20057,42329,24165,8094,15501,17323,16085,14368,26009,41377,40506
 "18147","Spencer, IN",3,CAINC4,20,"...","Population (persons) 3/","Number of persons",17050,17262,17856,17764,18162,17956,18022,18135,18361,18697,19349,19417,19599,19811,19952,19945,19824,19601,19602,19597,19492,19507,19516,19520,19586,19837,19964,20062,20156,20302,20378,20432,20465,20422,20529,20605,20896,20977,21032,20978,20992,20906,20921,20695,20636,20596,20438,20253,20160,20065,19916,19835,19875,19967
 "18147","Spencer, IN",3,CAINC4,30,"...","Per capita personal income (dollars) 4/","Dollars",2986,3011,3196,3490,4264,4439,5015,5473,6248,7076,7441,7894,8753,9340,9509,10944,11310,12085,12434,13247,14443,14905,14713,16169,16972,17968,18122,19831,20360,22389,22744,24607,24873,25380,26775,28267,28796,30418,31933,34309,32801,33935,35474,36323,38034,38953,39518,40190,42383,43854,46245,49103,53725,54253
 "18147","Spencer, IN",3,CAINC4,35,"...","Earnings by place of work ","Thousands of dollars",21168,20861,23801,25913,37371,35765,42024,47195,57922,73160,77522,75549,86725,96478,94450,117791,122407,132759,143659,160536,178251,171752,163706,184050,199623,219709,226165,248377,258235,302143,322226,354316,325499,324669,338557,340115,344223,361851,366041,375262,348235,360217,384665,398232,422576,423494,413542,421119,435597,450053,465056,467445,511298,535179
 "18147","Spencer, IN",3,CAINC4,36,"...","Less: Contributions for government social insurance 5/","Thousands of dollars",1110,1241,1359,1568,2160,2525,2865,3416,4271,5789,6666,6906,8619,10026,10336,11818,12632,13727,14830,17721,19179,19045,19160,20224,22393,24877,26664,27789,29600,34904,37511,39362,35343,36798,37579,37740,39187,41112,41669,42854,40151,41183,38138,39016,44507,46471,47518,47568,49297,50968,53787,55085,58385,62400
 "18147","Spencer, IN",3,CAINC4,37,"..."," Employee and self-employed contributions for government social insurance ","Thousands of dollars",670,740,806,916,1217,1437,1609,1845,2261,2973,3443,3621,4476,5227,5339,6031,6649,7215,7901,9369,10236,10237,10350,10963,12100,13373,14084,14611,15282,17590,18956,19912,18850,19737,19960,20085,20975,22631,23136,23832,22099,22475,18712,19343,24670,25848,26385,26699,27983,29534,31075,32016,34089,36807
 "18147","Spencer, IN",3,CAINC4,38,"..."," Employer contributions for government social insurance ","Thousands of dollars",440,501,553,652,943,1088,1256,1571,2010,2816,3223,3285,4143,4799,4997,5787,5983,6512,6929,8352,8943,8808,8810,9261,10293,11504,12580,13178,14318,17314,18555,19450,16493,17061,17619,17655,18212,18481,18533,19022,18052,18708,19426,19673,19837,20623,21133,20869,21314,21434,22712,23069,24296,25593
 "18147","Spencer, IN",3,CAINC4,42,"...","Plus: Adjustment for residence 6/","Thousands of dollars",19924,19609,20538,22327,23780,24916,24947,27995,30918,31514,34742,38311,38887,34018,36437,37924,38746,37478,36531,33117,32358,42055,42463,46051,45821,47488,42455,49009,49337,46952,40905,42112,68794,80420,94400,114335,128899,142222,155967,164044,151926,156724,156709,152536,151240,158299,164053,161920,172521,175366,190269,176230,190811,205608
 "18147","Spencer, IN",3,CAINC4,45,"...","Equals: Net earnings by place of residence ","Thousands of dollars",39982,39229,42980,46672,58991,58156,64106,71774,84569,98885,105598,106954,116993,120470,120551,143897,148521,156510,165360,175932,191430,194762,187009,209877,223051,242320,241956,269597,277972,314191,325620,357066,358950,368291,395378,416710,433935,462961,480339,496452,460010,475758,503236,511752,529309,535322,530077,535471,558821,574451,601538,588590,643724,678387
 "18147","Spencer, IN",3,CAINC4,46,"...","Plus: Dividends, interest, and rent 7/","Thousands of dollars",5936,6750,7512,8218,10029,11683,13514,14603,16795,18594,21159,25756,31259,38728,41753,45775,45978,48909,46754,50939,54429,57405,57239,56445,57648,60551,64297,69771,73328,79796,75481,79095,75511,69439,71977,77714,70654,70327,81499,96998,93822,92794,94380,93576,105164,105840,109490,104760,117784,120936,123126,132383,140307,151088
 "18147","Spencer, IN",3,CAINC4,47,"...","Plus: Personal current transfer receipts ","Thousands of dollars",4986,5990,6573,7115,8418,9869,12767,12867,13354,14822,17220,20577,23289,25827,27410,28597,29706,31463,31623,32737,35669,38589,42882,49289,51710,53555,55543,58488,59073,60560,62381,66613,74574,80576,82311,88010,97123,104780,109778,126284,134721,140897,144526,146382,150404,161105,168093,173743,177839,184538,196343,252982,283749,253803
 "18147","Spencer, IN",3,CAINC4,50,"...","Wages and salaries ","Thousands of dollars",11220,12866,13580,14957,18534,20764,24041,28343,35764,47851,53594,55533,64731,74564,75873,84251,88141,95024,102799,120047,128762,123848,123078,129528,141802,153834,165066,171012,183427,217740,236448,251000,228276,235762,239173,238320,239736,247999,252644,257581,242051,247193,253057,260897,261585,272543,279475,280797,293726,303458,317924,310098,334024,358421
 "18147","Spencer, IN",3,CAINC4,60,"...","Supplements to wages and salaries ","Thousands of dollars",1167,1371,1546,1841,2361,2682,3403,4174,5583,8109,9378,10085,11962,14323,15318,16868,17734,19867,21934,23917,27125,27043,27768,30890,34880,38353,40308,42801,45820,55492,59912,65952,54520,57222,59062,60002,61736,65609,67451,69365,63444,65593,66938,68562,67569,74405,74046,76465,76134,80846,82184,82592,85251,85295
 "18147","Spencer, IN",3,CAINC4,61,"..."," Employer contributions for employee pension and insurance funds 8/","Thousands of dollars",727,870,993,1189,1418,1594,2147,2603,3573,5293,6155,6800,7819,9524,10321,11081,11751,13355,15005,15565,18182,18235,18958,21629,24587,26849,27728,29623,31502,38178,41357,46502,38027,40161,41443,42347,43524,47128,48918,50343,45392,46885,47512,48889,47732,53782,52913,55596,54820,59412,59472,59523,60955,59702
 "18147","Spencer, IN",3,CAINC4,62,"..."," Employer contributions for government social insurance ","Thousands of dollars",440,501,553,652,943,1088,1256,1571,2010,2816,3223,3285,4143,4799,4997,5787,5983,6512,6929,8352,8943,8808,8810,9261,10293,11504,12580,13178,14318,17314,18555,19450,16493,17061,17619,17655,18212,18481,18533,19022,18052,18708,19426,19673,19837,20623,21133,20869,21314,21434,22712,23069,24296,25593
 "18147","Spencer, IN",3,CAINC4,70,"...","Proprietors' income 9/","Thousands of dollars",8781,6624,8675,9115,16476,12319,14580,14678,16575,17200,14550,9931,10032,7591,3259,16672,16532,17868,18926,16572,22364,20861,12860,23632,22941,27522,20791,34564,28988,28911,25866,37364,42703,31685,40322,41793,42751,48243,45946,48316,42740,47431,64670,68773,93422,76546,60021,63857,65737,65749,64948,74755,92023,91463
 "18147","Spencer, IN",3,CAINC4,71,"..."," Farm proprietors' income ","Thousands of dollars",4174,2014,3824,3882,10103,5688,7955,6878,7206,7576,4489,83,352,-2099,-7538,3473,2789,4142,2307,375,6297,3546,-2036,7307,5051,7527,2823,11797,7972,1720,-2976,7450,7599,-4720,8403,12023,9167,2177,5444,12224,9049,8564,18067,17023,39181,20864,5387,12726,13961,12388,11478,22927,38643,37414
 "18147","Spencer, IN",3,CAINC4,72,"..."," Nonfarm proprietors' income ","Thousands of dollars",4607,4610,4851,5233,6373,6631,6625,7800,9369,9624,10061,9848,9680,9690,10797,13199,13743,13726,16619,16197,16067,17315,14896,16325,17890,19995,17968,22767,21016,27191,28842,29914,35104,36405,31919,29770,33584,46066,40502,36092,33691,38867,46603,51750,54241,55682,54634,51131,51776,53361,53470,51828,53380,54049
 "18147","Spencer, IN",3,CAINC4,7010,"...","Total employment ","Number of jobs",4907,5075,5165,5304,5590,5708,5779,5978,6372,6770,6949,6774,7239,7467,7560,7930,8174,8311,8590,8920,9086,8893,8673,8748,9341,9732,9970,10015,10298,10930,10913,11201,10327,10281,10230,10211,10234,10255,10212,10116,9726,9635,9738,9935,9918,9962,10065,9814,9826,9816,9681,9218,9650,9889
 "18147","Spencer, IN",3,CAINC4,7020,"..."," Wage and salary employment ","Number of jobs",2775,2993,3041,3122,3449,3557,3632,3830,4222,4619,4804,4615,5078,5278,5274,5615,5806,5949,6188,6667,6916,6674,6495,6566,7045,7329,7598,7675,7888,8549,8578,8835,7948,7944,8109,7944,7822,7773,7743,7735,7363,7295,7315,7424,7336,7404,7530,7353,7382,7368,7326,6752,7163,7270
 "18147","Spencer, IN",3,CAINC4,7040,"..."," Proprietors employment ","Number of jobs",2132,2082,2124,2182,2141,2151,2147,2148,2150,2151,2145,2159,2161,2189,2286,2315,2368,2362,2402,2253,2170,2219,2178,2182,2296,2403,2372,2340,2410,2381,2335,2366,2379,2337,2121,2267,2412,2482,2469,2381,2363,2340,2423,2511,2582,2558,2535,2461,2444,2448,2355,2466,2487,2619
 "18149","Starke, IN",3,CAINC4,10,"...","Personal income (thousands of dollars) ","Thousands of dollars",56347,58261,63913,67652,84654,89958,103182,111936,118037,127433,144596,148857,164097,171951,169936,193970,203592,216217,231213,238602,265084,276643,280889,313003,323055,350069,356810,376762,399576,420377,432633,461572,475017,477674,487754,518854,527176,559310,583460,614656,604191,642569,667153,693257,725684,727938,734286,753902,767472,790226,808514,888926,979927,976058
 "18149","Starke, IN",3,CAINC4,11,"..."," Nonfarm personal income 1/","Thousands of dollars",52394,55471,58922,65085,74947,84269,91630,100708,111100,124173,139566,151689,165185,172669,176697,190517,199312,209717,219621,234222,250673,264423,271891,295894,312862,335677,351942,369992,392255,411543,428210,451791,465730,471094,478294,501094,519541,548396,568468,589501,582418,610468,641983,674216,678985,705356,723102,731779,752369,778220,799149,865467,948451,947581
 "18149","Starke, IN",3,CAINC4,12,"..."," Farm income 2/","Thousands of dollars",3953,2790,4991,2567,9707,5689,11552,11228,6937,3260,5030,-2832,-1088,-718,-6761,3453,4280,6500,11592,4380,14411,12220,8998,17109,10193,14392,4868,6770,7321,8834,4423,9781,9287,6580,9460,17760,7635,10914,14992,25155,21773,32101,25170,19041,46699,22582,11184,22123,15103,12006,9365,23459,31476,28477
 "18149","Starke, IN",3,CAINC4,20,"...","Population (persons) 3/","Number of persons",19171,19398,19983,20028,20664,20901,21034,21039,21238,21531,21978,21954,21737,21504,21440,21519,21515,21664,21863,22194,22449,22841,22832,22483,22216,22180,22524,23253,23615,23836,23538,23525,23217,23361,23336,23310,23394,23362,23260,23379,23343,23356,23213,23235,23248,23092,23026,23219,23172,23210,23299,23380,23378,23258
 "18149","Starke, IN",3,CAINC4,30,"...","Per capita personal income (dollars) 4/","Dollars",2939,3003,3198,3378,4097,4304,4905,5320,5558,5919,6579,6780,7549,7996,7926,9014,9463,9980,10576,10751,11808,12112,12302,13922,14542,15783,15841,16203,16920,17636,18380,19620,20460,20447,20901,22259,22535,23941,25084,26291,25883,27512,28740,29837,31215,31523,31889,32469,33121,34047,34702,38021,41917,41967
 "18149","Starke, IN",3,CAINC4,35,"...","Earnings by place of work ","Thousands of dollars",27132,27162,30957,31648,43571,43981,50571,53758,51786,52220,60100,52676,56044,55755,51260,68045,73586,83317,93650,93635,108473,109015,107516,126303,129428,143928,139496,144940,154474,159171,158765,168720,174332,175591,183613,202021,200284,211459,221738,222532,210634,232573,231982,233602,266508,247100,242815,257521,251097,258341,253794,272742,296439,304196
 "18149","Starke, IN",3,CAINC4,36,"...","Less: Contributions for government social insurance 5/","Thousands of dollars",1622,1692,1861,2177,2858,3443,3458,3768,3966,4405,5165,5221,5787,5846,5945,6759,7479,8401,8888,10235,11026,11564,11993,13238,14470,15821,16527,16742,17764,17791,18133,18525,18840,19460,20199,21756,23484,25180,26808,26439,25809,26838,25116,25431,29317,30069,31373,32303,33030,35124,35462,36257,38047,40572
 "18149","Starke, IN",3,CAINC4,37,"..."," Employee and self-employed contributions for government social insurance ","Thousands of dollars",924,965,1054,1219,1550,1863,1891,2006,2086,2320,2712,2807,3128,3233,3273,3672,4182,4668,4990,5740,6299,6486,6804,7497,8311,9177,9668,9674,10258,10119,10301,10432,10883,11339,11895,12910,13974,15368,16325,16164,15794,16296,14221,14479,17862,18367,18998,19716,20586,22122,22408,22743,24213,26427
 "18149","Starke, IN",3,CAINC4,38,"..."," Employer contributions for government social insurance ","Thousands of dollars",698,727,807,958,1308,1580,1567,1762,1880,2085,2453,2414,2659,2613,2672,3087,3297,3733,3898,4495,4727,5078,5189,5741,6159,6644,6859,7068,7506,7672,7832,8093,7957,8121,8304,8846,9510,9812,10483,10275,10015,10542,10895,10952,11455,11702,12375,12587,12444,13002,13054,13514,13834,14145
 "18149","Starke, IN",3,CAINC4,42,"...","Plus: Adjustment for residence 6/","Thousands of dollars",18025,17992,18192,20610,23076,25342,26358,30182,35365,41165,45461,47886,51187,51190,50381,54489,56705,58316,63304,67906,72796,77021,80528,87257,93340,103491,108934,115216,122472,132880,142398,150355,147086,145852,147385,152705,153971,157514,158061,161604,143535,151499,169223,184438,185344,193796,195743,197489,203213,211876,215187,209006,229149,250612
 "18149","Starke, IN",3,CAINC4,45,"...","Equals: Net earnings by place of residence ","Thousands of dollars",43535,43462,47288,50081,63789,65880,73471,80172,83185,88980,100396,95341,101444,101099,95696,115775,122812,133232,148066,151306,170243,174472,176051,200322,208298,231598,231903,243414,259182,274260,283030,300550,302578,301983,310799,332970,330771,343793,352991,357697,328360,357234,376089,392609,422535,410827,407185,422707,421280,435093,433519,445491,487541,514236
 "18149","Starke, IN",3,CAINC4,46,"...","Plus: Dividends, interest, and rent 7/","Thousands of dollars",7204,8061,8866,9571,11228,12947,15347,16631,19025,20811,24073,28486,33674,38170,38930,42146,42871,42923,42910,44848,48668,51392,49292,48139,48778,50215,53209,56761,60313,62301,59502,64237,65224,59654,56877,58770,55422,61924,69935,77758,77754,78301,85226,84640,82489,86333,85357,86430,89973,89720,94155,99002,102866,110893
 "18149","Starke, IN",3,CAINC4,47,"...","Plus: Personal current transfer receipts ","Thousands of dollars",5608,6738,7759,8000,9637,11131,14364,15133,15827,17642,20127,25030,28979,32682,35310,36049,37909,40062,40237,42448,46173,50779,55546,64542,65979,68256,71698,76587,80081,83816,90101,96785,107215,116037,120078,127114,140983,153593,160534,179201,198077,207034,205838,216008,220660,230778,241744,244765,256219,265413,280840,344433,389520,350929
 "18149","Starke, IN",3,CAINC4,50,"...","Wages and salaries ","Thousands of dollars",16538,17389,18525,20788,24570,28377,28611,30804,32774,34967,40010,40313,41587,40444,40553,44674,48043,53488,56838,63227,66933,69609,70295,76700,82480,88675,92013,95259,100758,102986,105196,108827,109278,110485,111553,117708,121172,124647,133847,129929,125643,131921,134620,136101,141969,145689,153936,157539,157674,166179,162532,166696,175304,186918
 "18149","Starke, IN",3,CAINC4,60,"...","Supplements to wages and salaries ","Thousands of dollars",1813,1983,2266,2681,3271,3860,4108,4456,4845,5435,6352,6591,7019,7214,7669,8687,9835,11288,12175,13654,15137,16144,16813,19324,21180,22872,23015,23132,23644,24272,26292,28068,28646,29230,30744,32379,34776,35598,38197,38371,35017,37254,38058,38948,39556,42787,43882,45469,44871,48203,46162,46366,45412,46019
 "18149","Starke, IN",3,CAINC4,61,"..."," Employer contributions for employee pension and insurance funds 8/","Thousands of dollars",1115,1256,1459,1723,1963,2280,2541,2694,2965,3350,3899,4177,4360,4601,4997,5600,6538,7555,8277,9159,10410,11066,11624,13583,15021,16228,16156,16064,16138,16600,18460,19975,20689,21109,22440,23533,25266,25786,27714,28096,25002,26712,27163,27996,28101,31085,31507,32882,32427,35201,33108,32852,31578,31874
 "18149","Starke, IN",3,CAINC4,62,"..."," Employer contributions for government social insurance ","Thousands of dollars",698,727,807,958,1308,1580,1567,1762,1880,2085,2453,2414,2659,2613,2672,3087,3297,3733,3898,4495,4727,5078,5189,5741,6159,6644,6859,7068,7506,7672,7832,8093,7957,8121,8304,8846,9510,9812,10483,10275,10015,10542,10895,10952,11455,11702,12375,12587,12444,13002,13054,13514,13834,14145
 "18149","Starke, IN",3,CAINC4,70,"...","Proprietors' income 9/","Thousands of dollars",8781,7790,10166,8179,15730,11744,17852,18498,14167,11818,13738,5772,7438,8097,3038,14684,15708,18541,24637,16754,26403,23262,20408,30279,25768,32381,24468,26549,30072,31913,27277,31825,36408,35876,41316,51934,44336,51214,49694,54232,49974,63398,59304,58553,84983,58624,44997,54513,48552,43959,45100,59680,75723,71259
 "18149","Starke, IN",3,CAINC4,71,"..."," Farm proprietors' income ","Thousands of dollars",3069,1892,4110,1679,8713,4461,10262,9791,5391,2098,3841,-4003,-2160,-1903,-7982,2163,2914,5164,10209,2922,12936,10587,7495,15583,8526,12811,3339,5314,5701,7025,2778,8210,7628,5092,7644,15609,5446,8723,12252,22905,19520,29961,23355,17054,44638,20419,9418,20317,12899,9592,7490,21457,29698,26453
 "18149","Starke, IN",3,CAINC4,72,"..."," Nonfarm proprietors' income ","Thousands of dollars",5712,5898,6056,6500,7017,7283,7590,8707,8776,9720,9897,9775,9598,10000,11020,12521,12794,13377,14428,13832,13467,12675,12913,14696,17242,19570,21129,21235,24371,24888,24499,23615,28780,30784,33672,36325,38890,42491,37442,31327,30454,33437,35949,41499,40345,38205,35579,34196,35653,34367,37610,38223,46025,44806
 "18149","Starke, IN",3,CAINC4,7010,"...","Total employment ","Number of jobs",5339,5425,5492,5807,6230,6486,6187,6154,6060,6049,6155,5986,5737,5455,5491,5663,5881,6170,6450,6444,6503,6580,6366,6503,6701,6884,7089,7150,7386,6866,6841,6930,7074,6841,6806,6903,7000,7170,7240,7035,6754,6779,6820,6622,6784,6762,6989,7353,7208,7154,6717,6612,6706,6809
 "18149","Starke, IN",3,CAINC4,7020,"..."," Wage and salary employment ","Number of jobs",3656,3711,3797,4066,4397,4667,4420,4402,4290,4260,4392,4234,4016,3716,3685,3841,4039,4332,4585,4771,4854,4837,4648,4796,4930,5065,5067,5104,5256,5032,4973,5002,4824,4690,4641,4689,4711,4792,4869,4775,4517,4643,4631,4602,4750,4741,4974,5161,4992,4974,4618,4402,4402,4393
 "18149","Starke, IN",3,CAINC4,7040,"..."," Proprietors employment ","Number of jobs",1683,1714,1695,1741,1833,1819,1767,1752,1770,1789,1763,1752,1721,1739,1806,1822,1842,1838,1865,1673,1649,1743,1718,1707,1771,1819,2022,2046,2130,1834,1868,1928,2250,2151,2165,2214,2289,2378,2371,2260,2237,2136,2189,2020,2034,2021,2015,2192,2216,2180,2099,2210,2304,2416
 "18151","Steuben, IN",3,CAINC4,10,"...","Personal income (thousands of dollars) ","Thousands of dollars",67348,69915,77000,87607,105522,111457,120649,139435,155319,171843,195669,207994,229950,241536,253636,303841,326135,364254,393661,434786,454880,464238,482787,527381,557565,607648,657943,687899,737791,816571,844570,878421,843262,851721,865403,915700,947414,996309,1029742,1066366,1026225,1064948,1141293,1205291,1226546,1279012,1287999,1342774,1416293,1499146,1553576,1662753,1858262,1897673
 "18151","Steuben, IN",3,CAINC4,11,"..."," Nonfarm personal income 1/","Thousands of dollars",63855,66514,73545,83154,96655,106439,114640,131623,149467,170000,194065,207975,230833,240884,257433,294862,321798,360124,386810,432975,448279,457266,480154,523390,554906,604588,656150,682829,730311,811282,843394,876603,843158,856081,860433,907889,942517,990855,1023352,1059503,1012199,1057360,1126340,1193642,1193834,1265137,1286318,1339066,1410934,1494805,1548583,1652277,1838169,1881440
 "18151","Steuben, IN",3,CAINC4,12,"..."," Farm income 2/","Thousands of dollars",3493,3401,3455,4453,8867,5018,6009,7812,5852,1843,1604,19,-883,652,-3797,8979,4337,4130,6851,1811,6601,6972,2633,3991,2659,3060,1793,5070,7480,5289,1176,1818,104,-4360,4970,7811,4897,5454,6390,6863,14026,7588,14953,11649,32712,13875,1681,3708,5359,4341,4993,10476,20093,16233
 "18151","Steuben, IN",3,CAINC4,20,"...","Population (persons) 3/","Number of persons",19892,20241,20733,21122,21695,22927,23002,23306,23829,24445,24862,24733,24832,24589,24501,24945,25314,25818,26583,27051,27323,27489,27879,28509,29072,29703,30696,31444,31846,32405,32867,33339,33556,33496,33789,33718,33926,34044,34004,34055,34194,34102,34030,34088,34267,34354,34301,34149,34163,34273,34424,34453,34666,34725
 "18151","Steuben, IN",3,CAINC4,30,"...","Per capita personal income (dollars) 4/","Dollars",3386,3454,3714,4148,4864,4861,5245,5983,6518,7030,7870,8410,9260,9823,10352,12180,12884,14109,14809,16073,16648,16888,17317,18499,19179,20457,21434,21877,23167,25199,25697,26348,25130,25428,25612,27158,27926,29265,30283,31313,30012,31228,33538,35358,35794,37230,37550,39321,41457,43741,45131,48261,53605,54649
 "18151","Steuben, IN",3,CAINC4,35,"...","Earnings by place of work ","Thousands of dollars",45911,45567,48938,55912,68876,69017,70838,85239,94212,102751,117265,119391,133381,135604,147717,198105,220650,259991,294921,341258,355033,361996,373739,408950,437448,482304,515855,526402,575691,634106,659278,668609,607332,616285,608548,622702,630107,622730,624164,607387,584754,607669,658378,696178,733938,754455,781371,793182,832684,890742,922574,934645,1049669,1127529
 "18151","Steuben, IN",3,CAINC4,36,"...","Less: Contributions for government social insurance 5/","Thousands of dollars",2760,2739,3055,3686,4939,5602,5616,6712,7595,8981,10651,11105,13564,13896,15507,19741,23143,27526,30707,37031,38208,40328,42786,46100,49806,55371,59137,59316,64581,69274,71681,71616,68058,69786,68791,71014,73791,73600,74660,73891,71085,73981,70576,74620,87032,91086,95863,96612,101364,108129,112698,117300,129879,140256
 "18151","Steuben, IN",3,CAINC4,37,"..."," Employee and self-employed contributions for government social insurance ","Thousands of dollars",1554,1549,1723,2019,2648,3034,3059,3530,3939,4588,5451,5745,7024,7316,8028,9967,11901,14068,15794,18922,19901,20778,22192,23965,25989,29224,31722,31977,34559,37107,38632,38679,35555,36761,36060,37093,38233,38649,39397,39272,37881,39215,33015,34795,45732,47850,50515,51500,54744,59230,62033,65141,71929,78460
 "18151","Steuben, IN",3,CAINC4,38,"..."," Employer contributions for government social insurance ","Thousands of dollars",1206,1190,1332,1667,2291,2568,2557,3182,3656,4393,5200,5360,6540,6580,7479,9774,11242,13458,14913,18109,18307,19550,20594,22135,23817,26147,27415,27339,30022,32167,33049,32937,32503,33025,32731,33921,35558,34951,35263,34619,33204,34766,37561,39825,41300,43236,45348,45112,46620,48899,50665,52159,57950,61796
 "18151","Steuben, IN",3,CAINC4,42,"...","Plus: Adjustment for residence 6/","Thousands of dollars",8987,9548,11054,13186,15312,17148,17744,21628,25686,29871,33715,33216,31542,28855,27441,25046,21675,17185,12543,2142,295,-3921,-2637,-91,882,282,2171,9148,6306,8485,15011,23031,34596,39936,50724,66781,75340,100687,106159,113373,86773,87066,90364,95599,88938,91718,73410,82161,97767,94237,88299,107315,93545,95686
 "18151","Steuben, IN",3,CAINC4,45,"...","Equals: Net earnings by place of residence ","Thousands of dollars",52138,52376,56937,65412,79249,80563,82966,100155,112303,123641,140329,141502,151359,150563,159651,203410,219182,249650,276757,306369,317120,317747,328316,362759,388524,427215,458889,476234,517416,573317,602608,620024,573870,586435,590481,618469,631656,649817,655663,646869,600442,620754,678166,717157,735844,755087,758918,778731,829087,876850,898175,924660,1013335,1082959
 "18151","Steuben, IN",3,CAINC4,46,"...","Plus: Dividends, interest, and rent 7/","Thousands of dollars",9914,11355,12712,13942,16379,19146,22376,23881,26702,29880,33983,40199,48210,55505,56376,61680,66048,70993,71586,80818,86908,90418,92241,92595,95002,101339,116313,122729,129956,147268,146998,153380,154142,141843,143087,160002,166674,180453,199566,215531,187682,194875,216323,233424,230902,247098,241685,268055,281399,302809,315740,303563,349190,371360
 "18151","Steuben, IN",3,CAINC4,47,"...","Plus: Personal current transfer receipts ","Thousands of dollars",5296,6184,7351,8253,9894,11748,15307,15399,16314,18322,21357,26293,30381,35468,37609,38751,40905,43611,45318,47599,50852,56073,62230,72027,74039,79094,82741,88936,90419,95986,94964,105017,115250,123443,131835,137229,149084,166039,174513,203966,238101,249319,246804,254710,259800,276827,287396,295988,305807,319487,339661,434530,495737,443354
 "18151","Steuben, IN",3,CAINC4,50,"...","Wages and salaries ","Thousands of dollars",31286,31372,33662,38142,44773,47867,47562,56827,64474,73334,84581,88593,101548,101933,111610,138463,159222,189223,214204,250925,254786,263748,273705,294745,314320,350520,379412,385688,430381,460921,483028,481249,442252,447812,435627,448460,453190,445300,452332,443897,420714,437184,462607,492873,513828,538990,571345,578691,610704,649974,671705,670784,753184,829079
 "18151","Steuben, IN",3,CAINC4,60,"...","Supplements to wages and salaries ","Thousands of dollars",3642,3637,4094,5011,6013,6504,6936,8585,10307,12011,14721,16059,18373,18791,22238,28642,34870,43749,48355,61308,63699,67377,71988,81203,86993,93048,92906,89894,95980,104324,109264,113495,107623,111378,112834,115463,121283,118715,121015,119571,108864,114588,120706,131399,133415,148743,149814,153554,156423,169491,171736,169846,181483,188926
 "18151","Steuben, IN",3,CAINC4,61,"..."," Employer contributions for employee pension and insurance funds 8/","Thousands of dollars",2436,2447,2762,3344,3722,3936,4379,5403,6651,7618,9521,10699,11833,12211,14759,18868,23628,30291,33442,43199,45392,47827,51394,59068,63176,66901,65491,62555,65958,72157,76215,80558,75120,78353,80103,81542,85725,83764,85752,84952,75660,79822,83145,91574,92115,105507,104466,108442,109803,120592,121071,117687,123533,127130
 "18151","Steuben, IN",3,CAINC4,62,"..."," Employer contributions for government social insurance ","Thousands of dollars",1206,1190,1332,1667,2291,2568,2557,3182,3656,4393,5200,5360,6540,6580,7479,9774,11242,13458,14913,18109,18307,19550,20594,22135,23817,26147,27415,27339,30022,32167,33049,32937,32503,33025,32731,33921,35558,34951,35263,34619,33204,34766,37561,39825,41300,43236,45348,45112,46620,48899,50665,52159,57950,61796
 "18151","Steuben, IN",3,CAINC4,70,"...","Proprietors' income 9/","Thousands of dollars",10983,10558,11182,12759,18090,14646,16340,19827,19431,17406,17963,14739,13460,14880,13869,31000,26558,27019,32362,29025,36548,30871,28046,33002,36135,38736,43537,50820,49330,68861,66986,73865,57457,57095,60087,58779,55634,58715,50817,43919,55176,55897,75065,71906,86695,66722,60212,60937,65557,71277,79133,94015,115002,109524
 "18151","Steuben, IN",3,CAINC4,71,"..."," Farm proprietors' income ","Thousands of dollars",3140,2998,3016,3964,8253,4204,5002,6529,4283,497,248,-1295,-2084,-630,-4985,7822,3202,3082,5824,712,5460,5691,1432,2750,1412,1957,799,4189,6573,4190,95,711,-1150,-5558,3426,5895,2877,3368,3722,4607,11682,5280,12929,9357,30335,11378,-354,1631,2813,1559,2843,8177,18049,13891
 "18151","Steuben, IN",3,CAINC4,72,"..."," Nonfarm proprietors' income ","Thousands of dollars",7843,7560,8166,8795,9837,10442,11338,13298,15148,16909,17715,16034,15544,15510,18854,23178,23356,23937,26538,28313,31088,25180,26614,30252,34723,36779,42738,46631,42757,64671,66891,73154,58607,62653,56661,52884,52757,55347,47095,39312,43494,50617,62136,62549,56360,55344,60566,59306,62744,69718,76290,85838,96953,95633
 "18151","Steuben, IN",3,CAINC4,7010,"...","Total employment ","Number of jobs",8005,7781,8167,8626,9351,9332,8930,9660,10238,10732,10972,10798,10939,10594,10908,12136,13115,14365,15626,17306,17330,17613,17542,18322,18780,20112,21208,21016,22009,22117,21944,22061,21106,20178,19807,20298,20206,19817,19908,19167,18373,18638,19117,19656,20138,20626,20790,20619,20736,21122,21312,20293,21131,22419
 "18151","Steuben, IN",3,CAINC4,7020,"..."," Wage and salary employment ","Number of jobs",5818,5664,5881,6279,6814,6858,6540,7173,7658,8084,8291,8062,8101,7726,8002,9274,10290,11628,12943,14466,14528,14640,14609,15313,15723,16870,17872,17562,18490,18954,18903,18909,17201,16304,15968,16263,16017,15571,15543,14944,14065,14424,14871,15566,16069,16487,16692,16649,16707,17065,17402,16159,16766,17784
 "18151","Steuben, IN",3,CAINC4,7040,"..."," Proprietors employment ","Number of jobs",2187,2117,2286,2347,2537,2474,2390,2487,2580,2648,2681,2736,2838,2868,2906,2862,2825,2737,2683,2840,2802,2973,2933,3009,3057,3242,3336,3454,3519,3163,3041,3152,3905,3874,3839,4035,4189,4246,4365,4223,4308,4214,4246,4090,4069,4139,4098,3970,4029,4057,3910,4134,4365,4635
 "18153","Sullivan, IN",3,CAINC4,10,"...","Personal income (thousands of dollars) ","Thousands of dollars",62585,67044,74421,78493,96101,97836,111297,121124,128829,145141,164467,185368,196441,207270,205384,231161,231297,240870,242373,252250,274005,284490,291687,325524,337476,354921,361300,382557,397722,414716,423831,444086,465265,459113,488694,513547,513919,528781,558977,602146,581891,611182,636212,650371,671920,667114,664655,679642,700966,728234,751155,812614,899327,891580
 "18153","Sullivan, IN",3,CAINC4,11,"..."," Nonfarm personal income 1/","Thousands of dollars",57931,63977,68508,73791,83295,91024,101085,111487,123375,139711,160805,180850,195255,204732,210091,225458,229813,235654,237712,249256,265441,281122,293476,314274,327240,346615,356642,369742,385626,404353,414571,430910,452217,458640,472620,490544,502883,521917,544361,581452,576617,599701,616949,632835,622592,650005,666402,670565,693270,719841,744971,793890,867399,860755
 "18153","Sullivan, IN",3,CAINC4,12,"..."," Farm income 2/","Thousands of dollars",4654,3067,5913,4702,12806,6812,10212,9637,5454,5430,3662,4518,1186,2538,-4707,5703,1484,5216,4661,2994,8564,3368,-1789,11250,10236,8306,4658,12815,12096,10363,9260,13176,13048,473,16074,23003,11036,6864,14616,20694,5274,11481,19263,17536,49328,17109,-1747,9077,7696,8393,6184,18724,31928,30825
 "18153","Sullivan, IN",3,CAINC4,20,"...","Population (persons) 3/","Number of persons",20094,19865,19930,20137,20365,19984,20268,20563,20974,20981,21007,21094,20998,20595,20287,20202,19966,19718,19470,19174,19049,18997,18994,19029,19342,20119,20574,20861,21565,21509,21758,21756,21771,21792,21801,21809,21689,21540,21558,21550,21483,21393,21246,21256,21215,21094,20998,20841,20859,20865,20814,20819,20781,20670
 "18153","Sullivan, IN",3,CAINC4,30,"...","Per capita personal income (dollars) 4/","Dollars",3115,3375,3734,3898,4719,4896,5491,5890,6142,6918,7829,8788,9355,10064,10124,11442,11585,12216,12449,13156,14384,14976,15357,17107,17448,17641,17561,18338,18443,19281,19479,20412,21371,21068,22416,23547,23695,24549,25929,27942,27086,28569,29945,30597,31672,31626,31653,32611,33605,34902,36089,39032,43276,43134
 "18153","Sullivan, IN",3,CAINC4,35,"...","Earnings by place of work ","Thousands of dollars",38311,39194,43081,43231,53673,50745,59002,64592,67351,81210,102867,122133,117471,118178,104253,124036,110568,110807,109225,116947,125009,131201,132547,153477,164041,177562,169357,192487,202064,211102,215346,226338,239178,232061,254104,266506,250945,251915,266806,289802,285595,329611,358524,373942,404039,381006,346331,340053,345567,362657,399277,395741,421497,440733
 "18153","Sullivan, IN",3,CAINC4,36,"...","Less: Contributions for government social insurance 5/","Thousands of dollars",2269,2432,2604,2811,3388,3912,4249,4767,5349,6825,9438,11423,12213,12310,11415,12670,11853,11464,11156,12745,13391,14888,15871,16697,18268,20271,19957,21386,22491,23214,23443,24256,24615,25276,26244,27222,27562,28336,29842,32055,33669,37144,35057,36955,42357,43321,41539,39993,41299,43348,48146,49061,50741,54174
 "18153","Sullivan, IN",3,CAINC4,37,"..."," Employee and self-employed contributions for government social insurance ","Thousands of dollars",1287,1379,1482,1609,1907,2204,2400,2625,2895,3555,4798,5755,6215,6335,5914,6505,6391,6268,6252,7298,7793,8355,8993,9484,10320,11420,11355,11941,12524,12700,12847,13113,13887,14363,14921,15503,15791,16434,17376,18591,19235,21150,17977,18694,23689,24135,23369,22688,23709,25273,27987,27846,28893,31299
 "18153","Sullivan, IN",3,CAINC4,38,"..."," Employer contributions for government social insurance ","Thousands of dollars",982,1053,1122,1202,1481,1708,1849,2142,2454,3270,4640,5668,5998,5975,5501,6165,5462,5196,4904,5447,5598,6533,6878,7213,7948,8851,8602,9445,9967,10514,10596,11143,10728,10913,11323,11719,11771,11902,12466,13464,14434,15994,17080,18261,18668,19186,18170,17305,17590,18075,20159,21215,21848,22875
 "18153","Sullivan, IN",3,CAINC4,42,"...","Plus: Adjustment for residence 6/","Thousands of dollars",9387,10772,11569,13342,15492,17070,17129,18857,20543,20376,13888,6785,12385,14339,21790,23382,32722,39308,44073,45211,50113,52401,54965,62067,58567,58363,66241,58872,58833,64723,72349,72152,75246,79937,87030,91950,101220,110341,115348,113506,89618,68858,58446,52587,49290,53198,72555,88906,91734,86952,67365,80485,91936,94195
 "18153","Sullivan, IN",3,CAINC4,45,"...","Equals: Net earnings by place of residence ","Thousands of dollars",45429,47534,52046,53762,65777,63903,71882,78682,82545,94761,107317,117495,117643,120207,114628,134748,131437,138651,142142,149413,161731,168714,171641,198847,204340,215654,215641,229973,238406,252611,264252,274234,289809,286722,314890,331234,324603,333920,352312,371253,341544,361325,381913,389574,410972,390883,377347,388966,396002,406261,418496,427165,462692,480754
 "18153","Sullivan, IN",3,CAINC4,46,"...","Plus: Dividends, interest, and rent 7/","Thousands of dollars",9253,10315,11363,12237,14371,16422,19068,20614,23616,26258,29569,36435,43862,49437,50799,54947,57068,57605,55283,56567,60716,62154,61339,60396,62728,64281,69124,72971,78268,79013,74150,79340,76036,68789,67493,69141,64864,66136,74078,80745,81495,79303,84692,84533,83204,88443,90749,88795,97310,104573,101004,100904,111470,117757
 "18153","Sullivan, IN",3,CAINC4,47,"...","Plus: Personal current transfer receipts ","Thousands of dollars",7903,9195,11012,12494,15953,17511,20347,21828,22668,24122,27581,31438,34936,37626,39957,41466,42792,44614,44948,46270,51558,53622,58707,66281,70408,74986,76535,79613,81048,83092,85429,90512,99420,103602,106311,113172,124452,128725,132587,150148,158852,170554,169607,176264,177744,187788,196559,201881,207654,217400,231655,284545,325165,293069
 "18153","Sullivan, IN",3,CAINC4,50,"...","Wages and salaries ","Thousands of dollars",24946,26931,27400,28157,29550,32207,35937,40287,45615,56062,75917,91846,91148,89664,81446,88251,79691,75414,73699,79135,81534,91365,95493,100238,108003,118448,115977,127753,133758,139224,140880,148307,151391,154194,157690,162307,159680,163039,171285,186197,198072,223055,238009,254032,257915,263531,251049,237075,244013,254996,288183,272955,281954,302578
 "18153","Sullivan, IN",3,CAINC4,60,"...","Supplements to wages and salaries ","Thousands of dollars",3488,3864,3924,4064,4295,4797,5847,6566,7513,9704,12852,15635,15400,16621,16142,17030,15994,16215,16260,16475,17986,21222,23200,25751,28762,31528,30381,32628,33992,35856,39471,42329,43956,43982,46042,48544,49597,51185,54059,57624,57363,63480,66830,69471,69114,74958,71029,69510,70122,75779,79505,79600,78676,79170
 "18153","Sullivan, IN",3,CAINC4,61,"..."," Employer contributions for employee pension and insurance funds 8/","Thousands of dollars",2506,2811,2802,2862,2814,3089,3998,4424,5059,6434,8212,9967,9402,10646,10641,10865,10532,11019,11356,11028,12388,14689,16322,18538,20814,22677,21779,23183,24025,25342,28875,31186,33228,33069,34719,36825,37826,39283,41593,44160,42929,47486,49750,51210,50446,55772,52859,52205,52532,57704,59346,58385,56828,56295
 "18153","Sullivan, IN",3,CAINC4,62,"..."," Employer contributions for government social insurance ","Thousands of dollars",982,1053,1122,1202,1481,1708,1849,2142,2454,3270,4640,5668,5998,5975,5501,6165,5462,5196,4904,5447,5598,6533,6878,7213,7948,8851,8602,9445,9967,10514,10596,11143,10728,10913,11323,11719,11771,11902,12466,13464,14434,15994,17080,18261,18668,19186,18170,17305,17590,18075,20159,21215,21848,22875
 "18153","Sullivan, IN",3,CAINC4,70,"...","Proprietors' income 9/","Thousands of dollars",9877,8399,11757,11010,19828,13741,17218,17739,14223,15444,14098,14652,10923,11893,6665,18755,14883,19178,19266,21337,25489,18614,13854,27488,27276,27586,22999,32106,34314,36022,34995,35702,43831,33885,50372,55655,41668,37691,41462,45981,30160,43076,53685,50439,77010,42517,24253,33468,31432,31882,31589,43186,60867,58985
 "18153","Sullivan, IN",3,CAINC4,71,"..."," Farm proprietors' income ","Thousands of dollars",4042,2414,5240,3992,11938,5725,9036,8305,3985,4230,2436,3314,49,1329,-5869,4537,310,4106,3547,1757,7249,1846,-3249,9707,8620,6827,3281,11548,10735,8580,7404,11173,10683,-1865,13557,20347,8634,4719,12239,18443,2695,8693,16567,14212,45877,13492,-4710,6040,4016,4343,3021,15352,28938,27437
 "18153","Sullivan, IN",3,CAINC4,72,"..."," Nonfarm proprietors' income ","Thousands of dollars",5835,5985,6517,7018,7890,8016,8182,9434,10238,11214,11662,11338,10874,10564,12534,14218,14573,15072,15719,19580,18240,16768,17103,17781,18656,20759,19718,20558,23579,27442,27591,24529,33148,35750,36815,35308,33034,32972,29223,27538,27465,34383,37118,36227,31133,29025,28963,27428,27416,27539,28568,27834,31929,31548
 "18153","Sullivan, IN",3,CAINC4,7010,"...","Total employment ","Number of jobs",7031,7041,6843,6844,6801,6844,6806,6832,6874,7167,7705,8063,7560,7232,7022,7008,6966,6915,6767,6787,6895,7117,7198,7273,7657,8118,8175,8322,8503,8348,8144,8146,8160,7963,7899,7911,7821,7828,7914,7885,8021,8303,8405,8398,8422,8542,8318,7949,7817,7831,7972,7633,7646,7874
 "18153","Sullivan, IN",3,CAINC4,7020,"..."," Wage and salary employment ","Number of jobs",4847,4884,4655,4553,4513,4602,4634,4652,4702,5001,5578,5955,5466,5126,4834,4827,4777,4773,4629,4728,4869,5106,5179,5250,5567,5934,6001,6150,6199,6166,6125,6096,6029,5962,5955,5966,5828,5798,5860,5912,6047,6355,6499,6532,6529,6560,6408,6109,6006,6037,6171,5757,5813,5964
 "18153","Sullivan, IN",3,CAINC4,7040,"..."," Proprietors employment ","Number of jobs",2184,2157,2188,2291,2288,2242,2172,2180,2172,2166,2127,2108,2094,2106,2188,2181,2189,2142,2138,2059,2026,2011,2019,2023,2090,2184,2174,2172,2304,2182,2019,2050,2131,2001,1944,1945,1993,2030,2054,1973,1974,1948,1906,1866,1893,1982,1910,1840,1811,1794,1801,1876,1833,1910
 "18155","Switzerland, IN",3,CAINC4,10,"...","Personal income (thousands of dollars) ","Thousands of dollars",18022,17798,19867,21410,24636,26819,28907,32785,36333,38950,41829,45449,50259,59868,59158,65412,68555,69975,74606,77882,88204,94086,100882,110882,120084,132074,135032,147447,165329,170540,178024,196519,219346,214281,219092,229290,232197,238410,250238,261491,252933,259470,270262,279170,283387,295244,300524,298424,313153,335657,349196,377846,409036,416314
 "18155","Switzerland, IN",3,CAINC4,11,"..."," Nonfarm personal income 1/","Thousands of dollars",15198,15977,17437,19339,22066,23961,25799,28713,31903,35938,40156,43808,49187,53947,59872,62645,64823,69566,74200,78973,87452,92066,99993,107832,118268,129471,134791,147632,162235,168205,179591,195521,215076,216683,217121,226365,230235,236476,247349,260539,252282,259063,269153,278777,279095,294653,301329,298257,312646,335023,348517,374994,405715,414035
 "18155","Switzerland, IN",3,CAINC4,12,"..."," Farm income 2/","Thousands of dollars",2824,1821,2430,2071,2570,2858,3108,4072,4430,3012,1673,1641,1072,5921,-714,2767,3732,409,406,-1091,752,2020,889,3050,1816,2603,241,-185,3094,2335,-1567,998,4270,-2402,1971,2925,1962,1934,2889,952,651,407,1109,393,4292,591,-805,167,507,634,679,2852,3321,2279
 "18155","Switzerland, IN",3,CAINC4,20,"...","Population (persons) 3/","Number of persons",6385,6323,6418,6427,6551,6642,6804,6992,6884,6963,6946,7174,7244,7371,7421,7195,7333,7491,7540,7462,7615,7763,7810,7977,8084,8105,8234,8349,8630,8812,8965,9129,9465,9711,9722,9863,10165,10151,10271,10387,10541,10693,10508,10241,10276,10148,10100,10037,9978,9947,9906,9742,9849,10006
 "18155","Switzerland, IN",3,CAINC4,30,"...","Per capita personal income (dollars) 4/","Dollars",2823,2815,3096,3331,3761,4038,4249,4689,5278,5594,6022,6335,6938,8122,7972,9091,9349,9341,9895,10437,11583,12120,12917,13900,14855,16295,16399,17660,19157,19353,19858,21527,23174,22066,22536,23247,22843,23486,24364,25175,23995,24265,25720,27260,27578,29094,29755,29732,31384,33745,35251,38785,41531,41606
 "18155","Switzerland, IN",3,CAINC4,35,"...","Earnings by place of work ","Thousands of dollars",10428,9416,10529,11280,12930,13573,13867,16754,18147,18687,18341,18617,19487,23126,18214,23780,25254,24195,26748,27590,32302,34294,37809,41515,44256,50130,51123,48857,55942,59585,59072,75665,105305,95526,96533,100853,101038,106468,112259,112659,106451,108995,112598,112700,114695,112866,112462,115256,119744,129775,123358,114808,122087,126587
 "18155","Switzerland, IN",3,CAINC4,36,"...","Less: Contributions for government social insurance 5/","Thousands of dollars",526,531,582,703,883,985,997,1173,1257,1477,1606,1663,1913,1847,2005,2299,2385,2622,2884,3272,3601,3745,4364,4536,5086,5730,6208,5871,6298,6509,6933,8306,11462,11076,10921,11410,12085,12699,13548,13810,13101,13733,12527,12053,13956,14117,14359,14715,15273,15996,15524,14903,15533,16533
 "18155","Switzerland, IN",3,CAINC4,37,"..."," Employee and self-employed contributions for government social insurance ","Thousands of dollars",301,305,335,395,485,546,548,621,657,763,839,876,1020,1003,1093,1221,1318,1458,1617,1870,2144,2160,2517,2623,2943,3307,3576,3372,3624,3725,3882,4663,6456,6347,6236,6509,6795,7308,7801,8098,7673,7748,6423,6423,7960,8073,8197,8453,8868,9724,9417,9255,9796,10616
 "18155","Switzerland, IN",3,CAINC4,38,"..."," Employer contributions for government social insurance ","Thousands of dollars",225,226,247,308,398,439,449,552,600,714,767,787,893,844,912,1078,1067,1164,1267,1402,1457,1585,1847,1913,2143,2423,2632,2499,2674,2784,3051,3643,5006,4729,4685,4901,5290,5391,5747,5712,5428,5985,6104,5630,5996,6044,6162,6262,6405,6272,6107,5648,5737,5917
 "18155","Switzerland, IN",3,CAINC4,42,"...","Plus: Adjustment for residence 6/","Thousands of dollars",3952,4204,4523,4997,5558,5932,6245,6866,7911,9303,10561,11463,13398,16002,17951,17280,18459,19997,22369,24509,26887,29880,30742,34976,40209,46582,48287,59948,68796,68530,75524,75219,66570,68711,72316,72819,71973,70535,69260,68596,63797,62335,67266,73019,73892,78236,82640,80697,83768,88924,101832,109133,122370,140011
 "18155","Switzerland, IN",3,CAINC4,45,"...","Equals: Net earnings by place of residence ","Thousands of dollars",13854,13089,14470,15574,17605,18520,19115,22447,24801,26513,27296,28417,30972,37281,34160,38761,41328,41570,46233,48827,55588,60429,64187,71955,79379,90982,93202,102934,118440,121606,127663,142578,160413,153161,157928,162262,160926,164304,167971,167445,157147,157597,167337,173666,174631,176985,180743,181238,188239,202703,209666,209038,228924,250065
 "18155","Switzerland, IN",3,CAINC4,46,"...","Plus: Dividends, interest, and rent 7/","Thousands of dollars",2211,2486,2766,2987,3734,4366,4959,5295,6022,6428,7407,8358,9554,11642,12583,13497,13651,14112,14079,14329,15670,16207,17040,17577,17272,17520,17910,18927,20673,21051,21020,21982,24280,23233,23215,26268,25898,26036,29570,34542,32355,33831,36056,36296,39799,41615,43980,41382,46285,51222,51752,50597,47553,49492
 "18155","Switzerland, IN",3,CAINC4,47,"...","Plus: Personal current transfer receipts ","Thousands of dollars",1957,2223,2631,2849,3297,3933,4833,5043,5510,6009,7126,8674,9733,10945,12415,13154,13576,14293,14294,14726,16946,17450,19655,21350,23433,23572,23920,25586,26216,27883,29341,31959,34653,37887,37949,40760,45373,48070,52697,59504,63431,68042,66869,69208,68957,76644,75801,75804,78629,81732,87778,118211,132559,116757
 "18155","Switzerland, IN",3,CAINC4,50,"...","Wages and salaries ","Thousands of dollars",5502,5508,5701,6582,7469,7771,7928,9389,10169,11495,12088,12701,13726,13150,13879,15421,15577,16954,18720,20073,21011,22299,25271,26166,28130,31042,33404,31395,33480,34465,37886,49890,76613,72855,70960,73307,75326,78680,82997,82864,78182,79670,80474,79629,78409,77566,79582,82228,85175,92548,84157,74207,77175,80434
 "18155","Switzerland, IN",3,CAINC4,60,"...","Supplements to wages and salaries ","Thousands of dollars",574,582,656,803,966,1030,1119,1342,1580,1897,2055,2179,2497,2493,2748,3091,3260,3682,4049,4464,5007,5442,6363,6967,7610,8494,8918,8335,8604,8990,10247,12276,14094,14065,14197,14704,15301,15907,17038,17309,16236,17214,17267,17082,16950,18185,17649,18699,19178,20478,19276,18459,18010,17992
 "18155","Switzerland, IN",3,CAINC4,61,"..."," Employer contributions for employee pension and insurance funds 8/","Thousands of dollars",349,356,409,495,568,591,670,790,980,1183,1288,1392,1604,1649,1836,2013,2193,2518,2782,3062,3550,3857,4516,5054,5467,6071,6286,5836,5930,6206,7196,8633,9088,9336,9512,9803,10011,10516,11291,11597,10808,11229,11163,11452,10954,12141,11487,12437,12773,14206,13169,12811,12273,12075
 "18155","Switzerland, IN",3,CAINC4,62,"..."," Employer contributions for government social insurance ","Thousands of dollars",225,226,247,308,398,439,449,552,600,714,767,787,893,844,912,1078,1067,1164,1267,1402,1457,1585,1847,1913,2143,2423,2632,2499,2674,2784,3051,3643,5006,4729,4685,4901,5290,5391,5747,5712,5428,5985,6104,5630,5996,6044,6162,6262,6405,6272,6107,5648,5737,5917
 "18155","Switzerland, IN",3,CAINC4,70,"...","Proprietors' income 9/","Thousands of dollars",4352,3326,4172,3895,4495,4772,4820,6023,6398,5295,4198,3737,3264,7483,1587,5268,6417,3559,3979,3053,6284,6553,6175,8382,8516,10594,8801,9127,13858,16130,10939,13499,14598,8606,11376,12842,10411,11881,12224,12486,12033,12111,14857,15989,19336,17115,15231,14329,15391,16749,19925,22142,26902,28161
 "18155","Switzerland, IN",3,CAINC4,71,"..."," Farm proprietors' income ","Thousands of dollars",2618,1593,2186,1807,2231,2425,2603,3459,3704,2383,989,924,367,5109,-1437,2091,3109,-121,-62,-1665,76,1188,40,2122,872,1749,-550,-900,2338,1606,-2121,572,3929,-2608,1608,2384,1309,1184,1820,43,-266,-454,393,-388,3484,-258,-1501,-543,-357,-312,-62,2062,2620,1483
 "18155","Switzerland, IN",3,CAINC4,72,"..."," Nonfarm proprietors' income ","Thousands of dollars",1734,1733,1986,2088,2264,2347,2217,2564,2694,2912,3209,2813,2897,2374,3024,3177,3308,3680,4041,4718,6208,5365,6135,6260,7644,8845,9351,10027,11520,14524,13060,12927,10669,11214,9768,10458,9102,10697,10404,12443,12299,12565,14464,16377,15852,17373,16732,14872,15748,17061,19987,20080,24282,26678
 "18155","Switzerland, IN",3,CAINC4,7010,"...","Total employment ","Number of jobs",2315,2276,2337,2382,2495,2397,2377,2497,2565,2676,2645,2555,2625,2500,2592,2628,2598,2715,2781,2735,2760,2781,2881,2862,2987,3031,3122,2934,2959,2860,2801,3100,3958,3552,3536,3467,3534,3466,3640,3590,3523,3553,3550,3545,3449,3362,3302,3339,3413,3549,3405,3124,3044,3087
 "18155","Switzerland, IN",3,CAINC4,7020,"..."," Wage and salary employment ","Number of jobs",1240,1221,1277,1322,1397,1361,1333,1424,1446,1510,1501,1435,1498,1406,1446,1476,1418,1536,1593,1642,1641,1636,1805,1760,1807,1874,1978,1782,1742,1713,1743,2058,2901,2613,2593,2568,2576,2570,2660,2611,2568,2581,2518,2473,2391,2310,2243,2286,2331,2337,2299,1937,1890,1890
 "18155","Switzerland, IN",3,CAINC4,7040,"..."," Proprietors employment ","Number of jobs",1075,1055,1060,1060,1098,1036,1044,1073,1119,1166,1144,1120,1127,1094,1146,1152,1180,1179,1188,1093,1119,1145,1076,1102,1180,1157,1144,1152,1217,1147,1058,1042,1057,939,943,899,958,896,980,979,955,972,1032,1072,1058,1052,1059,1053,1082,1212,1106,1187,1154,1197
 "18157","Tippecanoe, IN",3,CAINC4,10,"...","Personal income (thousands of dollars) ","Thousands of dollars",369747,401399,436129,472701,532272,577403,637419,691650,770571,874780,976297,1076238,1197662,1262680,1318192,1439149,1533151,1624168,1706162,1816276,2015363,2147981,2249891,2416966,2536354,2690734,2870744,2988006,3164335,3401313,3495230,3757326,3782530,3852251,3880431,4101757,4305378,4561903,4783436,5165127,5105036,5314254,5643486,5957031,5937632,6254230,6497697,6690797,7006344,7471487,7618600,7925549,8674110,8944819
 "18157","Tippecanoe, IN",3,CAINC4,11,"..."," Nonfarm personal income 1/","Thousands of dollars",360809,395250,426637,465201,513385,566604,612217,673160,760746,862264,960913,1065683,1183769,1249525,1318452,1423852,1515562,1613303,1697163,1817653,2004308,2137745,2259053,2404781,2523872,2673652,2867977,2964027,3148000,3394799,3492283,3752130,3773808,3846736,3869242,4076847,4287386,4546710,4761913,5124113,5083466,5285140,5598043,5935062,5859571,6227248,6500295,6677863,7002630,7464048,7614862,7903639,8628109,8910763
 "18157","Tippecanoe, IN",3,CAINC4,12,"..."," Farm income 2/","Thousands of dollars",8938,6149,9492,7500,18887,10799,25202,18490,9825,12516,15384,10555,13893,13155,-260,15297,17589,10865,8999,-1377,11055,10236,-9162,12185,12482,17082,2767,23979,16335,6514,2947,5196,8722,5515,11189,24910,17992,15193,21523,41014,21570,29114,45443,21969,78061,26982,-2598,12934,3714,7439,3738,21910,46001,34056
 "18157","Tippecanoe, IN",3,CAINC4,20,"...","Population (persons) 3/","Number of persons",107325,109509,110972,114333,113442,115562,115363,117166,118684,120135,121618,121958,122714,124167,124719,124819,125662,125958,126712,128267,130716,130799,133136,135051,137960,139722,142020,144268,145016,146180,147779,149359,151095,152348,154040,155832,158834,163010,166226,169039,171937,172891,174803,177186,179124,180682,182041,184643,184553,185908,186104,186369,187566,188717
 "18157","Tippecanoe, IN",3,CAINC4,30,"...","Per capita personal income (dollars) 4/","Dollars",3445,3665,3930,4134,4692,4996,5525,5903,6493,7282,8028,8825,9760,10169,10569,11530,12201,12895,13465,14160,15418,16422,16899,17897,18385,19258,20214,20711,21821,23268,23652,25156,25034,25286,25191,26322,27106,27985,28777,30556,29691,30738,32285,33620,33148,34615,35694,36236,37964,40189,40937,42526,46246,47398
 "18157","Tippecanoe, IN",3,CAINC4,35,"...","Earnings by place of work ","Thousands of dollars",351981,375715,400933,433602,490981,530743,567535,616928,693316,792993,888591,940797,1017361,1050691,1076877,1192921,1268384,1353092,1452899,1572871,1737215,1883498,1993344,2152271,2251566,2393112,2544812,2677267,2852257,3072823,3218959,3459657,3466224,3524392,3573100,3775113,3974387,4077743,4248911,4454860,4308915,4434727,4731335,4972982,5034451,5270312,5467168,5658878,5877203,6394099,6440469,6313821,6699091,7249964
 "18157","Tippecanoe, IN",3,CAINC4,36,"...","Less: Contributions for government social insurance 5/","Thousands of dollars",23556,25083,27559,31707,40527,47013,48600,53954,60896,71348,82850,87678,102320,107999,111652,124537,134156,144572,152303,173556,190484,212302,229572,242391,254992,273439,291886,300243,320275,337272,351077,370004,381393,387470,394948,417259,443600,457532,475568,497953,486264,492515,461221,483754,554879,583995,613417,624657,650655,701547,722457,736706,774304,833127
 "18157","Tippecanoe, IN",3,CAINC4,37,"..."," Employee and self-employed contributions for government social insurance ","Thousands of dollars",12082,12901,14105,15989,20261,23662,24495,26589,29913,34887,40740,43737,51323,54292,55646,60756,67406,72846,77270,88041,97494,108079,117075,123542,130146,140388,151756,156955,168079,177532,184667,195890,195722,199599,202434,212901,226093,234008,245344,257614,252196,254214,206956,217198,285443,300766,315361,324940,339878,371735,379172,383452,405693,442932
 "18157","Tippecanoe, IN",3,CAINC4,38,"..."," Employer contributions for government social insurance ","Thousands of dollars",11474,12182,13454,15718,20266,23351,24105,27365,30983,36461,42110,43941,50997,53707,56006,63781,66750,71726,75033,85515,92990,104223,112497,118849,124846,133051,140130,143288,152196,159740,166410,174114,185671,187871,192514,204358,217507,223524,230224,240339,234068,238301,254265,266556,269436,283229,298056,299717,310777,329812,343285,353254,368611,390195
 "18157","Tippecanoe, IN",3,CAINC4,42,"...","Plus: Adjustment for residence 6/","Thousands of dollars",-37499,-38957,-39184,-42059,-46386,-52076,-52071,-55723,-65588,-75466,-85906,-90602,-95588,-98876,-99411,-111064,-119369,-130556,-144533,-158526,-178946,-202291,-221811,-243595,-257319,-277209,-303349,-329034,-374129,-406849,-442373,-484584,-499826,-516963,-529737,-523431,-560190,-519754,-534040,-529803,-511771,-496885,-548817,-585837,-556312,-572379,-607327,-655072,-676623,-768230,-783706,-712706,-731680,-806223
 "18157","Tippecanoe, IN",3,CAINC4,45,"...","Equals: Net earnings by place of residence ","Thousands of dollars",290926,311675,334190,359836,404068,431654,466864,507251,566832,646179,719835,762517,819453,843816,865814,957320,1014859,1077964,1156063,1240789,1367785,1468905,1541961,1666285,1739255,1842464,1949577,2047990,2157853,2328702,2425509,2605069,2585005,2619959,2648415,2834423,2970597,3100457,3239303,3427104,3310880,3445327,3721297,3903391,3923260,4113938,4246424,4379149,4549925,4924322,4934306,4864409,5193107,5610614
 "18157","Tippecanoe, IN",3,CAINC4,46,"...","Plus: Dividends, interest, and rent 7/","Thousands of dollars",57509,65127,72349,78504,87519,99497,111648,122152,138205,154927,173050,213918,263462,290690,311010,333057,361020,379592,380256,395904,451880,467779,479524,491162,523569,563144,630055,633532,689664,727843,705863,755109,762353,767227,746844,751504,767888,848192,893202,966361,945590,931095,997686,1110065,1059969,1117954,1192358,1223148,1334295,1374771,1443960,1401980,1584139,1710643
 "18157","Tippecanoe, IN",3,CAINC4,47,"...","Plus: Personal current transfer receipts ","Thousands of dollars",21312,24597,29590,34361,40685,46252,58907,62247,65534,73674,83412,99803,114747,128174,141368,148772,157272,166612,169843,179583,195698,211297,228406,259519,273530,285126,291112,306484,316818,344768,363858,397148,435172,465065,485172,515830,566893,613254,650931,771662,848566,937832,924503,943575,954403,1022338,1058915,1088500,1122124,1172394,1240334,1659160,1896864,1623562
 "18157","Tippecanoe, IN",3,CAINC4,50,"...","Wages and salaries ","Thousands of dollars",281087,300127,315810,342249,376751,417160,431382,474740,540240,616004,692049,739707,801087,826299,846126,922058,977747,1048644,1125758,1227514,1335495,1450173,1541478,1626463,1699187,1817417,1957537,2052096,2209412,2364711,2465204,2595010,2610019,2623664,2652465,2808407,2962564,3033636,3152494,3275706,3176958,3217975,3435332,3594682,3619555,3803010,4015611,4144264,4316801,4723067,4761003,4702007,4972834,5493821
 "18157","Tippecanoe, IN",3,CAINC4,60,"...","Supplements to wages and salaries ","Thousands of dollars",30858,33276,36842,42506,48364,54988,61146,67782,80081,93531,106913,118040,131581,144043,155578,172564,188545,208774,226333,252452,287577,325166,359093,406034,426759,445095,449901,457028,475186,508072,550253,602483,637799,669034,696676,742150,796028,821130,855151,888008,831747,856340,904389,947008,932260,1025656,1040662,1079253,1123838,1230710,1241166,1224562,1241007,1296164
 "18157","Tippecanoe, IN",3,CAINC4,61,"..."," Employer contributions for employee pension and insurance funds 8/","Thousands of dollars",19384,21094,23388,26788,28098,31637,37041,40417,49098,57070,64803,74099,80584,90336,99572,108783,121795,137048,151300,166937,194587,220943,246596,287185,301913,312044,309771,313740,322990,348332,383843,428369,452128,481163,504162,537792,578521,597606,624927,647669,597679,618039,650124,680452,662824,742427,742606,779536,813061,900898,897881,871308,872396,905969
 "18157","Tippecanoe, IN",3,CAINC4,62,"..."," Employer contributions for government social insurance ","Thousands of dollars",11474,12182,13454,15718,20266,23351,24105,27365,30983,36461,42110,43941,50997,53707,56006,63781,66750,71726,75033,85515,92990,104223,112497,118849,124846,133051,140130,143288,152196,159740,166410,174114,185671,187871,192514,204358,217507,223524,230224,240339,234068,238301,254265,266556,269436,283229,298056,299717,310777,329812,343285,353254,368611,390195
 "18157","Tippecanoe, IN",3,CAINC4,70,"...","Proprietors' income 9/","Thousands of dollars",40036,42312,48281,48847,65866,58595,75007,74406,72995,83458,89629,83050,84693,80349,75173,98299,102092,95674,100808,92905,114143,108159,92773,119774,125620,130600,137374,168143,167659,200040,203502,262164,218406,231694,223959,224556,215795,222977,241266,291146,300210,360412,391614,431292,482636,441646,410895,435361,436564,440322,438300,387252,485250,459979
 "18157","Tippecanoe, IN",3,CAINC4,71,"..."," Farm proprietors' income ","Thousands of dollars",7790,4910,8206,6133,17251,8697,22764,15532,6356,9659,12279,7329,10726,9533,-3730,11868,14165,7701,5908,-4747,7535,6221,-12967,8188,8294,13237,-851,20598,12734,2205,-1272,878,3881,924,6052,19289,12698,10261,15759,35577,15370,22467,39069,14144,69949,18470,-9573,5787,-4948,-2087,-3698,13977,38962,26088
 "18157","Tippecanoe, IN",3,CAINC4,72,"..."," Nonfarm proprietors' income ","Thousands of dollars",32246,37402,40075,42714,48615,49898,52243,58874,66639,73799,77350,75721,73967,70816,78903,86431,87927,87973,94900,97652,106608,101938,105740,111586,117326,117363,138225,147545,154925,197835,204774,261286,214525,230770,217907,205267,203097,212716,225507,255569,284840,337945,352545,417148,412687,423176,420468,429574,441512,442409,441998,373275,446288,433891
 "18157","Tippecanoe, IN",3,CAINC4,7010,"...","Total employment ","Number of jobs",51130,52016,52467,53731,56078,57737,56876,58608,61105,63672,64312,64824,64729,64208,64186,66648,68077,69532,71575,74708,77323,79949,81084,82196,83670,85650,89144,90680,93009,95079,97170,98449,96459,96299,93866,94994,96891,99149,100868,101317,97900,97741,101655,104570,105050,107305,108608,110456,112362,115503,116966,111557,116150,122534
 "18157","Tippecanoe, IN",3,CAINC4,7020,"..."," Wage and salary employment ","Number of jobs",45868,46591,47018,47980,49914,51284,50186,52027,54187,56587,57108,57383,57290,56422,56238,58489,59633,60946,62770,65517,68334,70585,71227,72486,73647,75361,78518,79841,81933,83958,86046,86868,84549,84237,81660,82468,83779,85614,86536,86875,83278,83283,86785,89634,89688,91634,92853,94638,95582,98282,100067,93624,97036,102081
 "18157","Tippecanoe, IN",3,CAINC4,7040,"..."," Proprietors employment ","Number of jobs",5262,5425,5449,5751,6164,6453,6690,6581,6918,7085,7204,7441,7439,7786,7948,8159,8444,8586,8805,9191,8989,9364,9857,9710,10023,10289,10626,10839,11076,11121,11124,11581,11910,12062,12206,12526,13112,13535,14332,14442,14622,14458,14870,14936,15362,15671,15755,15818,16780,17221,16899,17933,19114,20453
 "18159","Tipton, IN",3,CAINC4,10,"...","Personal income (thousands of dollars) ","Thousands of dollars",61616,60450,70333,74285,95003,91857,103026,114656,123565,139487,148064,161793,173068,178768,190225,219308,233224,232408,239787,259175,276170,285095,291347,314949,336180,364579,368153,400034,416925,426018,447632,477770,480013,480793,488628,518372,507547,511683,532108,543766,518676,518846,563561,599499,637813,632837,624451,646772,653925,683688,696990,753206,794603,794208
 "18159","Tipton, IN",3,CAINC4,11,"..."," Nonfarm personal income 1/","Thousands of dollars",54577,56029,62385,68642,78451,82814,86637,100330,113376,125550,137475,151277,164577,169406,187174,205895,220814,223553,228454,248049,264859,271964,282328,302979,317932,348508,360844,378800,396007,415582,437712,460859,460049,466017,472122,491803,491574,496188,510891,516854,500789,506316,536992,563734,565208,588515,613665,628074,641160,667543,685727,729159,756255,759436
 "18159","Tipton, IN",3,CAINC4,12,"..."," Farm income 2/","Thousands of dollars",7039,4421,7948,5643,16552,9043,16389,14326,10189,13937,10589,10516,8491,9362,3051,13413,12410,8855,11333,11126,11311,13131,9019,11970,18248,16071,7309,21234,20918,10436,9920,16911,19964,14776,16506,26569,15973,15495,21217,26912,17887,12530,26569,35765,72605,44322,10786,18698,12765,16145,11263,24047,38348,34772
 "18159","Tipton, IN",3,CAINC4,20,"...","Population (persons) 3/","Number of persons",16595,16615,16606,16516,16731,16563,16878,16724,16855,16851,16906,16785,16613,16461,16198,16176,16241,16334,16262,16165,16063,16141,16093,16105,16298,16299,16364,16379,16365,16590,16559,16582,16508,16529,16511,16510,16411,16326,16257,16137,16046,15881,15835,15693,15592,15468,15326,15251,15252,15217,15265,15386,15393,15361
 "18159","Tipton, IN",3,CAINC4,30,"...","Per capita personal income (dollars) 4/","Dollars",3713,3638,4235,4498,5678,5546,6104,6856,7331,8278,8758,9639,10418,10860,11744,13558,14360,14228,14745,16033,17193,17663,18104,19556,20627,22368,22498,24424,25477,25679,27033,28813,29078,29088,29594,31397,30927,31342,32731,33697,32324,32671,35590,38202,40906,40913,40745,42408,42875,44929,45659,48954,51621,51703
 "18159","Tipton, IN",3,CAINC4,35,"...","Earnings by place of work ","Thousands of dollars",31972,30407,35629,35352,50323,44821,52845,57729,58365,67871,68371,69717,69633,70463,68494,83335,88958,86490,91225,98348,104706,109060,109931,121422,132934,139086,135357,154690,166576,170237,178227,192344,200399,210605,215036,231342,221777,219542,225389,233905,214515,221089,242801,265000,298888,292847,275496,282136,282578,396973,380971,394284,415650,435906
 "18159","Tipton, IN",3,CAINC4,36,"...","Less: Contributions for government social insurance 5/","Thousands of dollars",1741,1813,2003,2258,2923,3296,3311,3954,4344,4994,5552,5690,6373,6492,6887,7476,8376,8531,8654,9926,10758,11304,12040,13086,13843,15005,15592,15887,17273,18489,19173,19927,19910,21587,22111,23148,24091,24648,25055,25689,24681,25642,23821,25035,28242,30926,32922,32995,33913,46695,45886,46576,47246,50378
 "18159","Tipton, IN",3,CAINC4,37,"..."," Employee and self-employed contributions for government social insurance ","Thousands of dollars",960,997,1093,1218,1540,1742,1767,2038,2215,2530,2818,2943,3300,3427,3595,3872,4477,4614,4750,5470,6062,6217,6712,7221,7644,8272,8740,8902,9644,10113,10510,10789,11066,12030,12317,12913,13316,13810,14198,14660,14154,14650,12372,12904,15976,17255,18294,18519,19370,26108,25716,25837,26576,28830
 "18159","Tipton, IN",3,CAINC4,38,"..."," Employer contributions for government social insurance ","Thousands of dollars",781,816,910,1040,1383,1554,1544,1916,2129,2464,2734,2747,3073,3065,3292,3604,3899,3917,3904,4456,4696,5087,5328,5865,6199,6733,6852,6985,7629,8376,8663,9138,8844,9557,9794,10235,10775,10838,10857,11029,10527,10992,11449,12131,12266,13671,14628,14476,14543,20587,20170,20739,20670,21548
 "18159","Tipton, IN",3,CAINC4,42,"...","Plus: Adjustment for residence 6/","Thousands of dollars",19171,17748,20734,23883,27500,26856,25394,31584,37212,41764,44892,46331,50791,47548,55708,66566,73627,75209,77975,88285,94193,95407,99916,111649,120423,135652,143083,150632,151747,157688,174617,182363,172718,168288,169532,172511,167384,168743,168252,147071,124112,122137,136553,140283,144091,135469,128566,138538,142770,61419,83310,90161,90704,91154
 "18159","Tipton, IN",3,CAINC4,45,"...","Equals: Net earnings by place of residence ","Thousands of dollars",49402,46342,54360,56977,74900,68381,74928,85359,91233,104641,107711,110358,114051,111519,117315,142425,154209,153168,160546,176707,188141,193163,197807,219985,239514,259733,262848,289435,301050,309436,333671,354780,353207,357306,362457,380705,365070,363637,368586,355287,313946,317584,355533,380248,414737,397390,371140,387679,391435,411697,418395,437869,459108,476682
 "18159","Tipton, IN",3,CAINC4,46,"...","Plus: Dividends, interest, and rent 7/","Thousands of dollars",7800,8880,10049,11029,12938,14509,16600,18057,20658,22200,25499,30818,37602,43331,47039,49360,50496,49601,49332,51407,55109,56283,55768,53283,53274,58526,57940,60558,63831,62770,59475,63857,60035,54477,54193,57866,57422,55831,67478,75322,80267,72750,80809,90474,92283,98259,107967,111226,111346,115273,108726,106351,100438,109058
 "18159","Tipton, IN",3,CAINC4,47,"...","Plus: Personal current transfer receipts ","Thousands of dollars",4414,5228,5924,6279,7165,8967,11498,11240,11674,12646,14854,20617,21415,23918,25871,27523,28519,29639,29909,31061,32920,35649,37772,41681,43392,46320,47365,50041,52044,53812,54486,59133,66771,69010,71978,79801,85055,92215,96044,113157,124463,128512,127219,128777,130793,137188,145344,147867,151144,156718,169869,208986,235057,208468
 "18159","Tipton, IN",3,CAINC4,50,"...","Wages and salaries ","Thousands of dollars",19027,20153,21506,22998,26290,28133,28391,33610,36980,41039,44464,45755,47842,47764,50140,52349,57193,57105,58152,64012,67564,71059,73313,79994,84357,90234,92204,94514,103711,114641,117538,124712,125021,135220,136416,141695,145255,146162,148262,151151,142954,148436,152637,162552,162097,178337,191093,191580,198603,289262,273393,265291,271869,297959
 "18159","Tipton, IN",3,CAINC4,60,"...","Supplements to wages and salaries ","Thousands of dollars",1990,2149,2391,2737,3238,3545,3823,4550,5239,6040,6680,6943,7493,7910,8733,9278,10397,10701,11096,12286,13753,14909,16097,18498,20046,21773,21563,21902,23058,25430,27644,30255,31166,33717,35420,36860,38980,38743,39640,40469,36338,38027,38001,40841,40116,46282,47927,48341,49430,69342,66417,65698,65750,66665
 "18159","Tipton, IN",3,CAINC4,61,"..."," Employer contributions for employee pension and insurance funds 8/","Thousands of dollars",1209,1333,1481,1697,1855,1991,2279,2634,3110,3576,3946,4196,4420,4845,5441,5674,6498,6784,7192,7830,9057,9822,10769,12633,13847,15040,14711,14917,15429,17054,18981,21117,22322,24160,25626,26625,28205,27905,28783,29440,25811,27035,26552,28710,27850,32611,33299,33865,34887,48755,46247,44959,45080,45117
 "18159","Tipton, IN",3,CAINC4,62,"..."," Employer contributions for government social insurance ","Thousands of dollars",781,816,910,1040,1383,1554,1544,1916,2129,2464,2734,2747,3073,3065,3292,3604,3899,3917,3904,4456,4696,5087,5328,5865,6199,6733,6852,6985,7629,8376,8663,9138,8844,9557,9794,10235,10775,10838,10857,11029,10527,10992,11449,12131,12266,13671,14628,14476,14543,20587,20170,20739,20670,21548
 "18159","Tipton, IN",3,CAINC4,70,"...","Proprietors' income 9/","Thousands of dollars",10955,8105,11732,9617,20795,13143,20631,19569,16146,20792,17227,17019,14298,14789,9621,21708,21368,18684,21977,22050,23389,23092,20521,22930,28531,27079,21590,38274,39807,30166,33045,37377,44212,41668,43200,52787,37542,34637,37487,42285,35223,34626,52163,61607,96675,68228,36476,42215,34545,38369,41161,63295,78031,71282
 "18159","Tipton, IN",3,CAINC4,71,"..."," Farm proprietors' income ","Thousands of dollars",6232,3541,7022,4646,15312,7467,14704,12436,8125,12288,8462,7989,5693,5918,-138,10397,9572,6398,9129,8444,8253,9387,5257,7822,13836,11979,3467,17673,17017,6205,6221,13532,16501,11817,13010,22553,12040,11679,16617,22470,12706,6861,21015,28834,65415,36785,4601,12356,5098,7701,4652,16999,32102,27723
 "18159","Tipton, IN",3,CAINC4,72,"..."," Nonfarm proprietors' income ","Thousands of dollars",4723,4564,4710,4971,5483,5676,5927,7133,8021,8504,8765,9030,8605,8871,9759,11311,11796,12286,12848,13606,15136,13705,15264,15108,14695,15100,18123,20601,22790,23961,26824,23845,27711,29851,30190,30234,25502,22958,20870,19815,22517,27765,31148,32773,31260,31443,31875,29859,29447,30668,36509,46296,45929,43559
 "18159","Tipton, IN",3,CAINC4,7010,"...","Total employment ","Number of jobs",5545,5504,5626,5694,5898,5855,5673,5871,5899,5857,5800,5632,5483,5357,5369,5432,5669,5705,5770,5654,5761,5802,5788,5914,6048,6053,6200,6147,6339,6148,6170,6260,6377,6354,6337,6451,6545,6508,6496,6335,6100,6130,6030,6246,6326,6419,6591,6545,6564,7476,7605,7333,7491,7608
 "18159","Tipton, IN",3,CAINC4,7020,"..."," Wage and salary employment ","Number of jobs",3663,3743,3848,3890,4082,4018,3841,4007,4129,4168,4134,3980,3828,3723,3707,3709,3855,3842,3825,3902,4061,4026,4020,4158,4240,4294,4350,4296,4405,4604,4637,4697,4648,4708,4638,4624,4602,4531,4468,4363,4115,4176,4073,4352,4357,4555,4677,4650,4698,5537,5725,5338,5496,5508
 "18159","Tipton, IN",3,CAINC4,7040,"..."," Proprietors employment ","Number of jobs",1882,1761,1778,1804,1816,1837,1832,1864,1770,1689,1666,1652,1655,1634,1662,1723,1814,1863,1945,1752,1700,1776,1768,1756,1808,1759,1850,1851,1934,1544,1533,1563,1729,1646,1699,1827,1943,1977,2028,1972,1985,1954,1957,1894,1969,1864,1914,1895,1866,1939,1880,1995,1995,2100
 "18161","Union, IN",3,CAINC4,10,"...","Personal income (thousands of dollars) ","Thousands of dollars",24948,25031,26976,29561,38143,37537,40814,42917,43537,49968,53616,57958,62025,63858,64798,74949,77849,80323,84188,86509,92863,98006,100328,114392,121069,133984,137520,147615,149642,157934,162222,173292,172470,167476,180752,200368,201286,203237,202541,214107,210151,217384,225813,226157,246875,245900,240308,252611,260798,271315,279547,310755,341707,338309
 "18161","Union, IN",3,CAINC4,11,"..."," Nonfarm personal income 1/","Thousands of dollars",20239,20808,22295,24040,27356,29939,31504,34378,37980,41815,46951,51863,57369,61081,66109,70691,74106,78478,81009,85463,89665,94529,100188,109638,118504,129840,136547,140879,143624,155468,161011,170249,168188,170810,174921,189454,195136,198000,199585,205639,200526,208482,215689,220843,224220,239835,242597,248771,257253,267397,278307,301878,326975,325473
 "18161","Union, IN",3,CAINC4,12,"..."," Farm income 2/","Thousands of dollars",4709,4223,4681,5521,10787,7598,9310,8539,5557,8153,6665,6095,4656,2777,-1311,4258,3743,1845,3179,1046,3198,3477,140,4754,2565,4144,973,6736,6018,2466,1211,3043,4282,-3334,5831,10914,6150,5237,2956,8468,9625,8902,10124,5314,22655,6065,-2289,3840,3545,3918,1240,8877,14732,12836
 "18161","Union, IN",3,CAINC4,20,"...","Population (persons) 3/","Number of persons",6578,6603,6733,6641,6741,6681,6763,6796,6717,6890,6916,6869,6889,6887,6886,6976,7099,7031,6962,6988,6955,6987,7043,7140,7281,7316,7351,7342,7320,7275,7348,7343,7323,7366,7293,7291,7378,7432,7467,7428,7466,7536,7494,7349,7303,7242,7188,7147,7181,7066,7113,7081,7014,6952
 "18161","Union, IN",3,CAINC4,30,"...","Per capita personal income (dollars) 4/","Dollars",3793,3791,4007,4451,5658,5618,6035,6315,6482,7252,7752,8438,9003,9272,9410,10744,10966,11424,12093,12380,13352,14027,14245,16021,16628,18314,18708,20106,20443,21709,22077,23600,23552,22736,24784,27482,27282,27346,27125,28824,28148,28846,30133,30774,33805,33955,33432,35345,36318,38397,39301,43886,48718,48664
 "18161","Union, IN",3,CAINC4,35,"...","Earnings by place of work ","Thousands of dollars",13122,12867,14022,15451,21234,18853,21311,20583,18416,22541,22433,22943,22049,20567,18611,25125,25292,24977,27066,26453,29608,31911,31014,36577,38975,43602,41296,49845,54171,56592,55516,61501,62661,58022,72321,80695,77441,79913,77244,80910,77700,82344,84281,79962,97934,84758,78267,82893,82574,87306,87350,92762,103776,106894
 "18161","Union, IN",3,CAINC4,36,"...","Less: Contributions for government social insurance 5/","Thousands of dollars",546,558,617,694,822,953,1014,1000,1068,1219,1395,1507,1696,1794,1937,2059,2206,2393,2456,2752,2965,3193,3527,3641,4195,4572,4728,4890,5500,5859,5925,6309,6393,6804,7459,7989,8415,8858,8891,8845,8272,8647,7807,7762,8805,9118,9381,9431,9641,10174,10487,10748,11185,12207
 "18161","Union, IN",3,CAINC4,37,"..."," Employee and self-employed contributions for government social insurance ","Thousands of dollars",323,331,366,405,469,552,584,567,594,679,771,844,942,1014,1100,1167,1292,1408,1463,1666,1818,1913,2140,2226,2577,2888,2973,3044,3324,3522,3501,3674,3705,3936,4304,4605,4877,5151,5344,5364,5021,5213,4320,4348,5386,5621,5851,5943,6115,6555,6770,6969,7377,8116
 "18161","Union, IN",3,CAINC4,38,"..."," Employer contributions for government social insurance ","Thousands of dollars",223,227,251,289,353,401,430,433,474,540,624,663,754,780,837,892,914,985,993,1086,1147,1280,1387,1415,1618,1684,1755,1846,2176,2337,2424,2635,2688,2868,3155,3384,3538,3707,3547,3481,3251,3434,3487,3414,3419,3497,3530,3488,3526,3619,3717,3779,3808,4091
 "18161","Union, IN",3,CAINC4,42,"...","Plus: Adjustment for residence 6/","Thousands of dollars",7743,7774,8138,9111,10643,11184,10694,12869,14334,15763,17514,18100,20322,20405,21553,23466,24677,26741,29053,31389,33341,34158,36743,43543,48310,56637,62173,61935,59853,64411,69741,73462,68281,67378,62965,70802,71590,68472,64947,63697,61263,58127,65166,65836,70461,73282,74649,76652,84041,88444,90724,95335,102755,105578
 "18161","Union, IN",3,CAINC4,45,"...","Equals: Net earnings by place of residence ","Thousands of dollars",20319,20083,21543,23868,31055,29084,30991,32452,31682,37085,38552,39536,40675,39178,38227,46532,47763,49325,53663,55090,59984,62876,64230,76479,83090,95667,98741,106890,108524,115144,119332,128654,124549,118596,127827,143508,140616,139527,133300,135762,130691,131824,141640,138036,159590,148922,143535,150114,156974,165576,167587,177349,195346,200265
 "18161","Union, IN",3,CAINC4,46,"...","Plus: Dividends, interest, and rent 7/","Thousands of dollars",3059,3236,3461,3623,4602,5376,5812,6454,7591,8026,9628,11640,13933,16330,17409,18279,19304,19636,19011,19127,19988,20887,20582,20147,20093,19742,19302,20110,20342,21215,20769,20526,21462,20860,22883,24947,25542,26048,29422,32218,30808,30888,31452,31879,32706,34920,34510,37705,38087,37994,39679,40999,41971,44340
 "18161","Union, IN",3,CAINC4,47,"...","Plus: Personal current transfer receipts ","Thousands of dollars",1570,1712,1972,2070,2486,3077,4011,4011,4264,4857,5436,6782,7417,8350,9162,10138,10782,11362,11514,12292,12891,14243,15516,17766,17886,18575,19477,20615,20776,21575,22121,24112,26459,28020,30042,31913,35128,37662,39819,46127,48652,54672,52721,56242,54579,62058,62263,64792,65737,67745,72281,92407,104390,93704
 "18161","Union, IN",3,CAINC4,50,"...","Wages and salaries ","Thousands of dollars",5710,5837,6200,6586,6951,7577,8101,7850,8527,9305,10412,11356,12087,12535,13350,13499,14060,15080,15481,16254,17110,18618,19850,20208,22988,23481,24413,25832,30160,32389,33249,36247,37473,39445,42450,44921,45782,47457,46426,46203,42583,45450,44505,44584,44633,45279,46935,46840,47748,49569,50641,49823,52043,56158
 "18161","Union, IN",3,CAINC4,60,"...","Supplements to wages and salaries ","Thousands of dollars",579,610,688,791,864,954,1079,1067,1216,1390,1576,1758,1946,2131,2415,2579,2805,3091,3193,3350,3728,4331,4808,5162,5781,5944,6122,6454,7373,7977,8550,9693,10016,10469,11539,12309,13088,13473,13256,13423,12268,13062,13303,13170,12611,13468,13141,13413,13547,14707,14787,14590,14165,14679
 "18161","Union, IN",3,CAINC4,61,"..."," Employer contributions for employee pension and insurance funds 8/","Thousands of dollars",356,383,437,502,511,553,649,634,742,850,952,1095,1192,1351,1578,1687,1891,2106,2200,2264,2581,3051,3421,3747,4163,4260,4367,4608,5197,5640,6126,7058,7328,7601,8384,8925,9550,9766,9709,9942,9017,9628,9816,9756,9192,9971,9611,9925,10021,11088,11070,10811,10357,10588
 "18161","Union, IN",3,CAINC4,62,"..."," Employer contributions for government social insurance ","Thousands of dollars",223,227,251,289,353,401,430,433,474,540,624,663,754,780,837,892,914,985,993,1086,1147,1280,1387,1415,1618,1684,1755,1846,2176,2337,2424,2635,2688,2868,3155,3384,3538,3707,3547,3481,3251,3434,3487,3414,3419,3497,3530,3488,3526,3619,3717,3779,3808,4091
 "18161","Union, IN",3,CAINC4,70,"...","Proprietors' income 9/","Thousands of dollars",6833,6420,7134,8074,13419,10322,12131,11666,8673,11846,10445,9829,8016,5901,2846,9047,8427,6806,8392,6849,8770,8962,6356,11207,10206,14177,10761,17559,16638,16226,13717,15561,15172,8108,18332,23465,18571,18983,17562,21284,22849,23832,26473,22208,40690,26011,18191,22640,21279,23030,21922,28349,37568,36057
 "18161","Union, IN",3,CAINC4,71,"..."," Farm proprietors' income ","Thousands of dollars",4511,3987,4415,5219,10390,7070,8761,7940,4925,7644,6021,5339,3806,1770,-2207,3461,3033,1268,2693,520,2643,2846,-459,4136,1913,3537,394,6192,5428,1758,518,2334,3485,-4091,5052,10139,5488,4688,2389,7935,9022,8256,9525,4588,21904,5270,-2930,3186,2736,3040,569,8157,14090,12089
 "18161","Union, IN",3,CAINC4,72,"..."," Nonfarm proprietors' income ","Thousands of dollars",2322,2433,2719,2855,3029,3252,3370,3726,3748,4202,4424,4490,4210,4131,5053,5586,5394,5538,5699,6329,6127,6116,6815,7071,8293,10640,10367,11367,11210,14468,13199,13227,11687,12199,13280,13326,13083,14295,15173,13349,13827,15576,16948,17620,18786,20741,21121,19454,18543,19990,21353,20192,23478,23968
 "18161","Union, IN",3,CAINC4,7010,"...","Total employment ","Number of jobs",2101,2046,2062,2109,2184,2209,2171,2079,2080,2045,2083,2112,2085,2074,2165,2158,2146,2156,2141,2105,2088,2152,2203,2221,2322,2352,2419,2438,2566,2632,2636,2753,2558,2549,2602,2637,2632,2706,2630,2578,2505,2574,2532,2522,2531,2386,2314,2329,2295,2382,2392,2318,2384,2459
 "18161","Union, IN",3,CAINC4,7020,"..."," Wage and salary employment ","Number of jobs",1173,1129,1148,1177,1201,1228,1201,1119,1133,1108,1157,1197,1160,1148,1227,1240,1232,1273,1274,1270,1301,1397,1464,1424,1494,1473,1513,1528,1633,1641,1668,1763,1721,1625,1709,1723,1738,1780,1667,1627,1529,1578,1544,1528,1482,1465,1433,1430,1430,1471,1504,1385,1421,1451
 "18161","Union, IN",3,CAINC4,7040,"..."," Proprietors employment ","Number of jobs",928,917,914,932,983,981,970,960,947,937,926,915,925,926,938,918,914,883,867,835,787,755,739,797,828,879,906,910,933,991,968,990,837,924,893,914,894,926,963,951,976,996,988,994,1049,921,881,899,865,911,888,933,963,1008
 "18163","Vanderburgh, IN",3,CAINC4,10,"...","Personal income (thousands of dollars) ","Thousands of dollars",616467,659049,714385,766873,858981,933064,1002412,1107343,1268639,1418700,1546354,1685143,1862316,1961909,2050218,2269070,2390668,2493518,2558630,2764149,2966523,3170857,3263515,3503456,3660851,3785976,3909999,4138293,4326157,4712158,4766820,5000995,5113394,5259857,5408102,5560889,5770216,6115851,6110527,6430695,6406252,6921457,7359057,7614588,7050188,7356279,7587675,7600626,7851462,8097611,8501803,9129768,9984843,10170757
 "18163","Vanderburgh, IN",3,CAINC4,11,"..."," Nonfarm personal income 1/","Thousands of dollars",613738,658242,711204,764880,853234,928662,999049,1103843,1266442,1417621,1545246,1684456,1861842,1960683,2052303,2268257,2389540,2492501,2558233,2763849,2961150,3169113,3265375,3497424,3656559,3782756,3908545,4129950,4325111,4711846,4765031,4994230,5105336,5257363,5400425,5550233,5763256,6110423,6105353,6416229,6394172,6918105,7346755,7609149,7033018,7351210,7587553,7595175,7846145,8093408,8496638,9120237,9971091,10158798
 "18163","Vanderburgh, IN",3,CAINC4,12,"..."," Farm income 2/","Thousands of dollars",2729,807,3181,1993,5747,4402,3363,3500,2197,1079,1108,687,474,1226,-2085,813,1128,1017,397,300,5373,1744,-1860,6032,4292,3220,1454,8343,1046,312,1789,6765,8058,2494,7677,10656,6960,5428,5174,14466,12080,3352,12302,5439,17170,5069,122,5451,5317,4203,5165,9531,13752,11959
 "18163","Vanderburgh, IN",3,CAINC4,20,"...","Population (persons) 3/","Number of persons",168667,168885,170044,168507,167409,166072,165047,165095,165430,166323,166050,167471,166920,166793,166765,167152,167139,166501,166007,165424,165004,165282,166286,167729,168891,169695,169890,171101,171691,171614,171966,172052,172449,173067,174239,175113,175769,176822,177789,178053,178995,179793,180225,180600,180943,181107,180488,180213,179499,179417,179594,180331,180267,179744
 "18163","Vanderburgh, IN",3,CAINC4,30,"...","Per capita personal income (dollars) 4/","Dollars",3655,3902,4201,4551,5131,5618,6073,6707,7669,8530,9313,10062,11157,11763,12294,13575,14303,14976,15413,16709,17978,19185,19626,20888,21676,22310,23015,24186,25197,27458,27720,29067,29652,30392,31038,31756,32828,34588,34370,36117,35790,38497,40833,42163,38964,40618,42040,42176,43741,45133,47339,50628,55389,56585
 "18163","Vanderburgh, IN",3,CAINC4,35,"...","Earnings by place of work ","Thousands of dollars",606915,628291,677076,725279,816947,866116,894410,1006427,1175852,1340126,1464465,1530964,1633035,1677788,1728108,1932880,2020933,2125394,2221080,2388646,2497905,2669239,2824980,3057254,3239143,3387369,3488614,3738982,3943199,4314555,4453366,4695834,4820002,4987092,5153606,5320389,5558640,5912946,5834713,6047168,5997331,6418271,6774700,6659115,6329650,6517255,6701096,6725485,6971555,7158432,7522530,7561535,8110827,8590012
 "18163","Vanderburgh, IN",3,CAINC4,36,"...","Less: Contributions for government social insurance 5/","Thousands of dollars",42728,43692,48746,55422,71614,78693,79700,91546,105424,123945,141125,148569,170754,179818,185564,211634,224891,239572,246209,271388,284688,312184,334596,357760,381304,406980,420163,444900,468665,502385,519889,539460,545289,567191,587571,605540,640548,678287,675318,707008,694851,716316,655955,651292,730664,762724,793087,787336,822127,846572,890872,902121,951380,1002436
 "18163","Vanderburgh, IN",3,CAINC4,37,"..."," Employee and self-employed contributions for government social insurance ","Thousands of dollars",21815,22476,25022,27890,35661,39666,40608,45015,51678,59980,68752,73197,84983,89893,91830,102705,112686,119225,124127,138623,147091,161552,174915,187038,199556,210792,218089,230064,241740,256514,262929,273167,281158,294311,303798,314057,331618,354368,354817,371540,368383,381065,308609,303539,379775,394070,409273,409860,429541,444697,472122,485307,516958,549222
 "18163","Vanderburgh, IN",3,CAINC4,38,"..."," Employer contributions for government social insurance ","Thousands of dollars",20913,21216,23724,27532,35953,39027,39092,46531,53746,63965,72373,75372,85771,89925,93734,108929,112205,120347,122082,132765,137597,150632,159681,170722,181748,196188,202074,214836,226925,245871,256960,266293,264131,272880,283773,291483,308930,323919,320501,335468,326468,335251,347346,347753,350889,368654,383814,377476,392586,401875,418750,416814,434422,453214
 "18163","Vanderburgh, IN",3,CAINC4,42,"...","Plus: Adjustment for residence 6/","Thousands of dollars",-86391,-83882,-91578,-95533,-108657,-113040,-111444,-129636,-156417,-191928,-217090,-238536,-254203,-258454,-257049,-285703,-295006,-324647,-343283,-366493,-378071,-409569,-452756,-496225,-562840,-632656,-654423,-728453,-764853,-831577,-868201,-951630,-1005486,-1041926,-1080710,-1098363,-1163590,-1271033,-1294758,-1372503,-1322499,-1336032,-1371475,-1295518,-1235799,-1312596,-1382970,-1369489,-1486262,-1489595,-1583532,-1530751,-1641564,-1742217
 "18163","Vanderburgh, IN",3,CAINC4,45,"...","Equals: Net earnings by place of residence ","Thousands of dollars",477796,500717,536752,574324,636676,674383,703266,785245,914011,1024253,1106250,1143859,1208078,1239516,1285495,1435543,1501036,1561175,1631588,1750765,1835146,1947486,2037628,2203269,2294999,2347733,2414028,2565629,2709681,2980593,3065276,3204744,3269227,3377975,3485325,3616486,3754502,3963626,3864637,3967657,3979981,4365923,4747270,4712305,4363187,4441935,4525039,4568660,4663166,4822265,5048126,5128663,5517883,5845359
 "18163","Vanderburgh, IN",3,CAINC4,46,"...","Plus: Dividends, interest, and rent 7/","Thousands of dollars",88520,99396,109057,117049,131321,151566,165490,180751,204257,231546,254593,322601,403019,447195,467988,520896,558770,581141,568142,632716,717330,769894,730100,744800,776259,830116,877057,921290,958483,1045988,994546,1042976,1025218,1016400,1035267,1007224,1013523,1072252,1120924,1189461,1075334,1113943,1184859,1418212,1198276,1303551,1379790,1320171,1414356,1431670,1506498,1522976,1678329,1832299
 "18163","Vanderburgh, IN",3,CAINC4,47,"...","Plus: Personal current transfer receipts ","Thousands of dollars",50151,58936,68576,75500,90984,107115,133656,141347,150371,162901,185511,218683,251219,275198,296735,312631,330862,351202,358900,380668,414047,453477,495787,555387,589593,608127,618914,651374,657993,685577,706998,753275,818949,865482,887510,937179,1002191,1079973,1124966,1273577,1350937,1441591,1426928,1484071,1488725,1610793,1682846,1711795,1773940,1843676,1947179,2478129,2788631,2493099
 "18163","Vanderburgh, IN",3,CAINC4,50,"...","Wages and salaries ","Thousands of dollars",500430,517890,554444,591739,660958,696020,711179,800647,911457,1043591,1147816,1216466,1304849,1340887,1358587,1496751,1564508,1679315,1749970,1845263,1923418,2043335,2130020,2287582,2423584,2559031,2637437,2803055,2970116,3225023,3361528,3514295,3642626,3742562,3829552,3915800,4061652,4298958,4276039,4426583,4309311,4436185,4539526,4537733,4555766,4786074,5030214,5055172,5319929,5428255,5702481,5597882,5975573,6343516
 "18163","Vanderburgh, IN",3,CAINC4,60,"...","Supplements to wages and salaries ","Thousands of dollars",50927,54169,60084,68582,79204,84681,93529,107427,127700,151222,168298,181719,197937,210594,226666,257657,278935,310639,321515,343409,376712,413141,448360,501369,539372,573902,580090,604954,625369,684192,723047,784310,836068,868492,914402,934962,982329,1047878,1044003,1071699,1009319,1062764,1057228,1080921,1069222,1163112,1154027,1168150,1195842,1272318,1299781,1285129,1314219,1343201
 "18163","Vanderburgh, IN",3,CAINC4,61,"..."," Employer contributions for employee pension and insurance funds 8/","Thousands of dollars",30014,32953,36360,41050,43251,45654,54437,60896,73954,87257,95925,106347,112166,120669,132932,148728,166730,190292,199433,210644,239115,262509,288679,330647,357624,377714,378016,390118,398444,438321,466087,518017,571937,595612,630629,643479,673399,723959,723502,736231,682851,727513,709882,733168,718333,794458,770213,790674,803256,870443,881031,868315,879797,889987
 "18163","Vanderburgh, IN",3,CAINC4,62,"..."," Employer contributions for government social insurance ","Thousands of dollars",20913,21216,23724,27532,35953,39027,39092,46531,53746,63965,72373,75372,85771,89925,93734,108929,112205,120347,122082,132765,137597,150632,159681,170722,181748,196188,202074,214836,226925,245871,256960,266293,264131,272880,283773,291483,308930,323919,320501,335468,326468,335251,347346,347753,350889,368654,383814,377476,392586,401875,418750,416814,434422,453214
 "18163","Vanderburgh, IN",3,CAINC4,70,"...","Proprietors' income 9/","Thousands of dollars",55558,56232,62548,64958,76785,85415,89702,98353,136695,145313,148351,132779,130249,126307,142855,178472,177490,135440,149595,199974,197775,212763,246600,268303,276187,254436,271087,330973,347714,405340,368791,397229,341308,376038,409652,469627,514659,566110,514671,548886,678701,919322,1177946,1040461,704662,568069,516855,502163,455784,457859,520268,678524,821035,903295
 "18163","Vanderburgh, IN",3,CAINC4,71,"..."," Farm proprietors' income ","Thousands of dollars",2298,324,2664,1424,5039,3476,2437,2533,1221,362,198,-386,-706,-215,-3430,-476,-112,-92,-646,-824,4198,420,-3108,4744,2953,1999,315,7300,-68,-1027,483,5431,6559,1064,6053,8841,5222,3777,3226,12893,10523,1885,11064,4097,15780,3610,-1069,4233,3829,2573,3904,8181,12552,10589
 "18163","Vanderburgh, IN",3,CAINC4,72,"..."," Nonfarm proprietors' income ","Thousands of dollars",53260,55908,59884,63534,71746,81939,87265,95820,135474,144951,148153,133165,130955,126522,146285,178948,177602,135532,150241,200798,193577,212343,249708,263559,273234,252437,270772,323673,347782,406367,368308,391798,334749,374974,403599,460786,509437,562333,511445,535993,668178,917437,1166882,1036364,688882,564459,517924,497930,451955,455286,516364,670343,808483,892706
 "18163","Vanderburgh, IN",3,CAINC4,7010,"...","Total employment ","Number of jobs",88479,86617,88105,89256,93361,92272,89212,92597,97195,102264,103787,101519,100895,98917,97213,100475,101125,103387,104743,107037,109185,110650,111054,113478,117114,120287,122139,123766,124352,124431,126512,128327,131509,130450,130541,128812,130088,130737,129931,129984,126525,126980,129583,128562,127029,128866,130476,130876,132749,133998,133392,126734,130594,134562
 "18163","Vanderburgh, IN",3,CAINC4,7020,"..."," Wage and salary employment ","Number of jobs",80135,78199,79304,79833,83844,82560,79380,82175,86546,91677,92795,89926,88949,86538,84535,87957,88726,91531,93051,95140,97567,98985,99491,102282,105680,108755,110090,111532,112039,113654,116202,117575,117726,116778,116552,114527,115458,115697,114506,114546,110879,111384,113003,112122,110354,112318,113872,114497,116095,117338,117008,109416,112087,114668
 "18163","Vanderburgh, IN",3,CAINC4,7040,"..."," Proprietors employment ","Number of jobs",8344,8418,8801,9423,9517,9712,9832,10422,10649,10587,10992,11593,11946,12379,12678,12518,12399,11856,11692,11897,11618,11665,11563,11196,11434,11532,12049,12234,12313,10777,10310,10752,13783,13672,13989,14285,14630,15040,15425,15438,15646,15596,16580,16440,16675,16548,16604,16379,16654,16660,16384,17318,18507,19894
 "18165","Vermillion, IN",3,CAINC4,10,"...","Personal income (thousands of dollars) ","Thousands of dollars",55026,61278,64699,67227,82937,85254,94465,106330,114246,124920,140270,153165,167744,175900,178025,196391,201361,207397,215041,221373,240170,252863,262479,283003,295769,304909,315363,338886,346780,370968,385587,406182,405440,409546,422475,437087,448730,465957,485576,500863,506900,514960,527085,526383,529239,533331,534209,542986,567617,570800,588113,653622,708079,707244
 "18165","Vermillion, IN",3,CAINC4,11,"..."," Nonfarm personal income 1/","Thousands of dollars",50361,59150,61022,62867,72745,79001,86747,96103,106457,118420,134352,149372,162675,171449,178040,190335,195446,203231,212867,221688,237704,250279,265145,279068,293103,301447,316046,334740,345679,369594,385645,404148,399441,404112,414056,427316,444929,463818,472732,495261,492478,502107,505234,513407,506568,527596,536882,541901,567157,570221,591397,648934,692585,695026
 "18165","Vermillion, IN",3,CAINC4,12,"..."," Farm income 2/","Thousands of dollars",4665,2128,3677,4360,10192,6253,7718,10227,7789,6500,5918,3793,5069,4451,-15,6056,5915,4166,2174,-315,2466,2584,-2666,3935,2666,3462,-683,4146,1101,1374,-58,2034,5999,5434,8419,9771,3801,2139,12844,5602,14422,12853,21851,12976,22671,5735,-2673,1085,460,579,-3284,4688,15494,12218
 "18165","Vermillion, IN",3,CAINC4,20,"...","Population (persons) 3/","Number of persons",16856,16869,17290,17416,17534,17319,17276,17375,17711,17872,17930,18252,18304,18240,17911,17784,17655,17454,17197,17086,16903,16753,16609,16576,16742,16663,16713,16706,16861,16797,16750,16772,16639,16556,16493,16515,16603,16585,16561,16387,16377,16119,16081,15939,15875,15690,15633,15631,15556,15563,15555,15409,15440,15451
 "18165","Vermillion, IN",3,CAINC4,30,"...","Per capita personal income (dollars) 4/","Dollars",3264,3633,3742,3860,4730,4923,5468,6120,6451,6990,7823,8392,9164,9644,9939,11043,11405,11882,12505,12956,14209,15094,15803,17073,17666,18299,18869,20285,20567,22085,23020,24218,24367,24737,25615,26466,27027,28095,29320,30565,30952,31947,32777,33025,33338,33992,34172,34738,36489,36677,37809,42418,45860,45773
 "18165","Vermillion, IN",3,CAINC4,35,"...","Earnings by place of work ","Thousands of dollars",38690,52305,47780,42947,54985,51788,56455,64359,68980,74795,87519,97752,104775,115063,117073,130303,134750,138710,152699,149881,164015,173998,199803,207131,215536,196695,193558,213672,212751,234108,256533,269115,245887,246894,257362,270230,274097,277081,293816,294929,288413,302792,293713,292291,297827,293297,277723,287313,294569,291762,314427,318597,360640,394720
 "18165","Vermillion, IN",3,CAINC4,36,"...","Less: Contributions for government social insurance 5/","Thousands of dollars",2444,3617,3149,2848,3764,4053,4298,4757,5299,6080,7499,8738,9947,11413,11998,13171,13987,14580,16134,16979,18379,19989,24003,23662,25139,22839,23290,24787,25066,26808,28183,29404,26308,26807,28287,30070,31141,31763,33137,35110,32907,34696,28858,30591,34018,35689,34983,35772,37279,37379,40151,41305,44370,48956
 "18165","Vermillion, IN",3,CAINC4,37,"..."," Employee and self-employed contributions for government social insurance ","Thousands of dollars",1303,1858,1704,1571,2035,2220,2349,2548,2815,3193,3939,4590,5269,5982,6247,6722,7321,7653,8489,9017,9911,10542,12586,12571,13288,12397,12689,13402,13541,14455,15800,16157,14539,14890,15428,16251,17270,17855,18590,19382,18635,19374,14785,15222,19014,19707,19544,20144,21148,21618,23603,23815,26084,29023
 "18165","Vermillion, IN",3,CAINC4,38,"..."," Employer contributions for government social insurance ","Thousands of dollars",1141,1759,1445,1277,1729,1833,1949,2209,2484,2887,3560,4148,4678,5431,5751,6449,6666,6927,7645,7962,8468,9447,11417,11091,11851,10442,10601,11385,11525,12353,12383,13247,11769,11917,12859,13819,13871,13908,14547,15728,14272,15322,14073,15369,15004,15982,15439,15628,16131,15761,16548,17490,18286,19933
 "18165","Vermillion, IN",3,CAINC4,42,"...","Plus: Adjustment for residence 6/","Thousands of dollars",7118,-804,4626,10181,10847,13191,13915,16376,17833,20463,18872,14407,14324,7259,4366,6323,5320,6051,1993,7491,6242,6463,-7920,1027,4768,27204,36789,35361,40003,36332,32259,32889,45121,50770,54111,49994,56802,62339,57315,48949,48008,37143,53135,48317,53168,46571,54694,56228,58525,62157,47628,59502,48212,37153
 "18165","Vermillion, IN",3,CAINC4,45,"...","Equals: Net earnings by place of residence ","Thousands of dollars",43364,47884,49257,50280,62068,60926,66072,75978,81514,89178,98892,103421,109152,110909,109441,123455,126083,130181,138558,140393,151878,160472,167880,184496,195165,201060,207057,224246,227688,243632,260609,272600,264700,270857,283186,290154,299758,307657,317994,308768,303514,305239,317990,310017,316977,304179,297434,307769,315815,316540,321904,336794,364482,382917
 "18165","Vermillion, IN",3,CAINC4,46,"...","Plus: Dividends, interest, and rent 7/","Thousands of dollars",5641,6445,7114,7624,9199,10779,12478,13524,15471,16947,19234,24389,30051,33263,34472,38464,39607,40241,39607,43029,46104,47869,47967,47277,47410,49474,53650,56271,59130,63698,58213,63935,64103,58693,57686,60476,52158,54244,59653,67912,67608,68440,67806,72013,67617,73780,78820,71859,83612,79112,80229,86068,86724,92126
 "18165","Vermillion, IN",3,CAINC4,47,"...","Plus: Personal current transfer receipts ","Thousands of dollars",6021,6949,8328,9323,11670,13549,15915,16828,17261,18795,22144,25355,28541,31728,34112,34472,35671,36975,36876,37951,42188,44522,46632,51230,53194,54375,54656,58369,59962,63638,66765,69647,76637,79996,81603,86457,96814,104056,107929,124183,135778,141281,141289,144353,144645,155372,157955,163358,168190,175148,185980,230760,256873,232201
 "18165","Vermillion, IN",3,CAINC4,50,"...","Wages and salaries ","Thousands of dollars",26458,41211,34566,29184,33817,34169,36808,40686,45576,50555,60802,71943,75864,85055,89024,94340,98353,101502,113219,114544,122219,131025,154258,152772,159045,142737,144360,153664,157719,173818,189904,196529,174506,174354,182818,194164,192229,191819,203587,218614,199794,210126,196182,210121,206928,214358,208675,212410,222081,219391,241748,234469,261536,293313
 "18165","Vermillion, IN",3,CAINC4,60,"...","Supplements to wages and salaries ","Thousands of dollars",2433,3870,3787,3657,4458,4666,5525,6203,7254,8320,10337,12635,13711,16163,17735,18539,19645,21845,24837,23308,26309,29363,35515,37120,39208,35631,33770,35777,34866,37152,40121,43262,44080,43572,46259,48756,48570,50298,52803,55977,50155,53568,50616,53431,52420,57212,53869,55960,55246,57133,59807,62643,62274,66041
 "18165","Vermillion, IN",3,CAINC4,61,"..."," Employer contributions for employee pension and insurance funds 8/","Thousands of dollars",1292,2111,2342,2380,2729,2833,3576,3994,4770,5433,6777,8487,9033,10732,11984,12090,12979,14918,17192,15346,17841,19916,24098,26029,27357,25189,23169,24392,23341,24799,27738,30015,32311,31655,33400,34937,34699,36390,38256,40249,35883,38246,36543,38062,37416,41230,38430,40332,39115,41372,43259,45153,43988,46108
 "18165","Vermillion, IN",3,CAINC4,62,"..."," Employer contributions for government social insurance ","Thousands of dollars",1141,1759,1445,1277,1729,1833,1949,2209,2484,2887,3560,4148,4678,5431,5751,6449,6666,6927,7645,7962,8468,9447,11417,11091,11851,10442,10601,11385,11525,12353,12383,13247,11769,11917,12859,13819,13871,13908,14547,15728,14272,15322,14073,15369,15004,15982,15439,15628,16131,15761,16548,17490,18286,19933
 "18165","Vermillion, IN",3,CAINC4,70,"...","Proprietors' income 9/","Thousands of dollars",9799,7224,9427,10106,16710,12953,14122,17470,16150,15920,16380,13174,15200,13845,10314,17424,16752,15363,14643,12029,15487,13610,10030,17239,17283,18327,15428,24231,20166,23138,26508,29324,27301,28968,28285,27310,33298,34964,37426,20338,38464,39098,46915,28739,38479,21727,15179,18943,17242,15238,12872,21485,36830,35366
 "18165","Vermillion, IN",3,CAINC4,71,"..."," Farm proprietors' income ","Thousands of dollars",4335,1778,3317,3981,9737,5674,7090,9513,7004,5861,5221,3063,4340,3626,-840,5216,5066,3364,1380,-1218,1496,1444,-3770,2748,1393,2282,-1798,3103,-40,-20,-1434,617,4381,3886,6559,7595,1625,-5,10199,3320,11999,10418,19658,10434,20039,2967,-4930,-1222,-2357,-2508,-5674,2134,13227,9630
 "18165","Vermillion, IN",3,CAINC4,72,"..."," Nonfarm proprietors' income ","Thousands of dollars",5464,5446,6110,6125,6973,7279,7032,7957,9146,10059,11159,10111,10860,10219,11154,12208,11686,11999,13263,13247,13991,12166,13800,14491,15890,16045,17226,21128,20206,23158,27942,28707,22920,25082,21726,19715,31673,34969,27227,17018,26465,28680,27257,18305,18440,18760,20109,20165,19599,17746,18546,19351,23603,25736
 "18165","Vermillion, IN",3,CAINC4,7010,"...","Total employment ","Number of jobs",5337,6094,5984,5436,5768,5546,5457,5468,5657,5674,5950,6027,6032,6097,6253,6340,6259,6285,6592,6541,6679,6855,7037,7071,7026,6778,6753,6840,6872,6792,6597,6703,6498,6361,6505,6548,6586,6556,6567,6441,5999,5934,5752,6060,5952,5991,5962,6055,6061,6013,5892,5909,5996,6374
 "18165","Vermillion, IN",3,CAINC4,7020,"..."," Wage and salary employment ","Number of jobs",3962,4743,4610,3984,4299,4084,4016,4053,4241,4258,4534,4596,4596,4647,4747,4821,4729,4765,5056,5121,5292,5445,5654,5733,5659,5334,5294,5411,5383,5393,5227,5302,5161,5050,5160,5180,5135,5143,5124,5016,4649,4560,4339,4621,4553,4618,4567,4673,4639,4601,4521,4535,4622,4930
 "18165","Vermillion, IN",3,CAINC4,7040,"..."," Proprietors employment ","Number of jobs",1375,1351,1374,1452,1469,1462,1441,1415,1416,1416,1416,1431,1436,1450,1506,1519,1530,1520,1536,1420,1387,1410,1383,1338,1367,1444,1459,1429,1489,1399,1370,1401,1337,1311,1345,1368,1451,1413,1443,1425,1350,1374,1413,1439,1399,1373,1395,1382,1422,1412,1371,1374,1374,1444
 "18167","Vigo, IN",3,CAINC4,10,"...","Personal income (thousands of dollars) ","Thousands of dollars",369238,401082,427612,456141,509887,558721,614750,671590,741539,821139,903782,985403,1060083,1102979,1145492,1222163,1285540,1344558,1382535,1447923,1581434,1666429,1751245,1866133,1928739,2014109,2080998,2117804,2159541,2300573,2360997,2442134,2611328,2691095,2785836,2849333,2882785,3019634,3094532,3310797,3262818,3401481,3480777,3575808,3573040,3691746,3724963,3809274,3942038,4027839,4126422,4478176,4857881,4873618
 "18167","Vigo, IN",3,CAINC4,11,"..."," Nonfarm personal income 1/","Thousands of dollars",364002,398329,422245,452693,501959,553610,604794,663872,734525,814040,897256,982294,1059099,1101656,1148783,1220512,1281649,1341835,1379949,1447246,1577594,1664474,1752174,1860801,1923497,2007576,2078454,2114714,2157424,2302249,2357577,2435666,2604321,2687569,2777611,2837558,2875036,3016200,3088224,3300613,3254302,3386309,3458266,3564686,3544755,3684247,3724467,3803171,3937666,4023424,4121014,4466190,4836819,4856663
 "18167","Vigo, IN",3,CAINC4,12,"..."," Farm income 2/","Thousands of dollars",5236,2753,5367,3448,7928,5111,9956,7718,7014,7099,6526,3109,984,1323,-3291,1651,3891,2723,2586,677,3840,1955,-929,5332,5242,6533,2544,3090,2117,-1676,3420,6468,7007,3526,8225,11775,7749,3434,6308,10184,8516,15172,22511,11122,28285,7499,496,6103,4372,4415,5408,11986,21062,16955
 "18167","Vigo, IN",3,CAINC4,20,"...","Population (persons) 3/","Number of persons",114885,114767,115602,114792,113044,111247,111102,111353,111399,111068,110750,112248,111449,111309,110632,109946,109738,108616,107722,107143,106584,106122,106613,107486,107937,107589,107583,107885,107023,106531,106231,105762,105482,105221,105356,104662,105245,106509,106885,106972,107429,107878,108283,108441,108078,107764,107338,107541,107264,107000,106467,106119,106084,106006
 "18167","Vigo, IN",3,CAINC4,30,"...","Per capita personal income (dollars) 4/","Dollars",3214,3495,3699,3974,4511,5022,5533,6031,6657,7393,8161,8779,9512,9909,10354,11116,11715,12379,12834,13514,14837,15703,16426,17362,17869,18720,19343,19630,20178,21595,22225,23091,24756,25576,26442,27224,27391,28351,28952,30950,30372,31531,32145,32975,33060,34258,34703,35422,36751,37643,38758,42200,45793,45975
 "18167","Vigo, IN",3,CAINC4,35,"...","Earnings by place of work ","Thousands of dollars",347417,369353,388907,415491,463780,506823,543087,599094,666227,746652,815516,849698,884354,880586,888905,954315,1006670,1058608,1099369,1145359,1228437,1317146,1389641,1519274,1558418,1637404,1705758,1707966,1733145,1831812,1923909,1988156,2146619,2240971,2332052,2400894,2451140,2557054,2624677,2715218,2627569,2704267,2699029,2732379,2767768,2780714,2783782,2809172,2884786,2945409,2993033,3063941,3253297,3386312
 "18167","Vigo, IN",3,CAINC4,36,"...","Less: Contributions for government social insurance 5/","Thousands of dollars",23811,25197,27346,30955,39346,45417,47595,53498,59327,68062,76834,80270,90337,91653,93127,101726,109031,115461,118148,127595,137368,151179,162281,175028,180776,193277,203875,202705,206037,214517,224244,229474,239372,250700,263575,271736,284418,295824,307356,316876,311583,312841,277839,284270,324150,327799,332492,335035,345514,353409,362351,376886,394413,412470
 "18167","Vigo, IN",3,CAINC4,37,"..."," Employee and self-employed contributions for government social insurance ","Thousands of dollars",12325,13050,14152,15752,19787,22723,23848,26062,28644,32675,37348,39582,44970,46020,46498,49932,55185,58653,60646,66298,72392,78924,85148,91760,95320,101330,106241,105035,106449,109602,113778,116027,125707,132115,137782,141896,147317,155245,162673,168213,164607,164750,128380,130129,169196,171249,173969,176934,183996,190538,196097,205921,217846,230352
 "18167","Vigo, IN",3,CAINC4,38,"..."," Employer contributions for government social insurance ","Thousands of dollars",11486,12147,13194,15203,19559,22694,23747,27436,30683,35387,39486,40688,45367,45633,46629,51794,53846,56808,57502,61297,64976,72255,77133,83268,85456,91947,97634,97670,99588,104915,110466,113447,113665,118585,125793,129840,137101,140579,144683,148663,146976,148091,149459,154141,154954,156550,158523,158101,161518,162871,166254,170965,176567,182118
 "18167","Vigo, IN",3,CAINC4,42,"...","Plus: Adjustment for residence 6/","Thousands of dollars",-39204,-38654,-41685,-46129,-51420,-59333,-61840,-69007,-77870,-90526,-95837,-97283,-102961,-98454,-96249,-101795,-108207,-113377,-114791,-118042,-125597,-139802,-146056,-173652,-171466,-194253,-223808,-227307,-235014,-241615,-260450,-286177,-305858,-322575,-343924,-345429,-365301,-394132,-422136,-439328,-421884,-402684,-390180,-391930,-384159,-382995,-382103,-387696,-405170,-396440,-385116,-399454,-404990,-401160
 "18167","Vigo, IN",3,CAINC4,45,"...","Equals: Net earnings by place of residence ","Thousands of dollars",284402,305502,319876,338407,373014,402073,433652,476589,529030,588064,642845,672145,691056,690479,699529,750794,789432,829770,866430,899722,965472,1026165,1081304,1170594,1206176,1249874,1278075,1277954,1292094,1375680,1439215,1472505,1601389,1667696,1724553,1783729,1801421,1867098,1895185,1959014,1894102,1988742,2031010,2056179,2059459,2069920,2069187,2086441,2134102,2195560,2245566,2287601,2453894,2572682
 "18167","Vigo, IN",3,CAINC4,46,"...","Plus: Dividends, interest, and rent 7/","Thousands of dollars",50974,56896,62205,66622,74835,85897,96325,103596,115715,128941,143099,172987,209076,235844,254286,273115,288066,300044,296577,319278,368492,376763,385197,374415,383963,406643,442688,460102,475515,516563,488399,517916,510541,499841,522453,497832,469149,496303,518847,577888,528730,521057,555304,589161,586750,621750,623306,639889,699103,681194,679555,701023,735805,790543
 "18167","Vigo, IN",3,CAINC4,47,"...","Plus: Personal current transfer receipts ","Thousands of dollars",33862,38684,45531,51112,62038,70751,84773,91405,96794,104134,117838,140271,159951,176656,191677,198254,208042,214744,219528,228923,247470,263501,284744,321124,338600,357592,360235,379748,391932,408330,433383,451713,499398,523558,538830,567772,612215,656233,680500,773895,839986,891682,894463,930468,926831,1000076,1032470,1082944,1108833,1151085,1201301,1489552,1668182,1510393
 "18167","Vigo, IN",3,CAINC4,50,"...","Wages and salaries ","Thousands of dollars",283181,303809,315892,337061,370379,408070,429092,473490,522549,585731,639009,671580,703760,697157,699089,739814,777383,818575,850394,881068,937601,1005810,1057896,1141125,1166982,1225875,1296920,1299204,1322461,1384678,1454518,1507095,1548573,1607447,1676986,1723287,1767625,1834059,1902409,1946651,1894399,1916500,1912759,1964575,1980784,1996187,2043481,2083757,2146973,2187217,2228089,2245894,2373941,2503796
 "18167","Vigo, IN",3,CAINC4,60,"...","Supplements to wages and salaries ","Thousands of dollars",29898,33282,36433,41725,47359,53822,61336,68651,78705,90806,101412,109595,116662,121701,127728,137971,148706,160738,166849,173781,193492,214691,233011,262962,270048,284567,293172,288765,289266,308560,335852,359342,374373,392871,419674,435969,462183,481805,503302,516137,484796,499122,496597,516593,508177,540176,526253,538598,545583,575461,573961,573957,573683,579812
 "18167","Vigo, IN",3,CAINC4,61,"..."," Employer contributions for employee pension and insurance funds 8/","Thousands of dollars",18412,21135,23239,26522,27800,31128,37589,41215,48022,55419,61926,68907,71295,76068,81099,86177,94860,103930,109347,112484,128516,142436,155878,179694,184592,192620,195538,191095,189678,203645,225386,245895,260708,274286,293881,306129,325082,341226,358619,367474,337820,351031,347138,362452,353223,383626,367730,380497,384065,412590,407707,402992,397116,397694
 "18167","Vigo, IN",3,CAINC4,62,"..."," Employer contributions for government social insurance ","Thousands of dollars",11486,12147,13194,15203,19559,22694,23747,27436,30683,35387,39486,40688,45367,45633,46629,51794,53846,56808,57502,61297,64976,72255,77133,83268,85456,91947,97634,97670,99588,104915,110466,113447,113665,118585,125793,129840,137101,140579,144683,148663,146976,148091,149459,154141,154954,156550,158523,158101,161518,162871,166254,170965,176567,182118
 "18167","Vigo, IN",3,CAINC4,70,"...","Proprietors' income 9/","Thousands of dollars",34338,32262,36582,36705,46042,44931,52659,56953,64973,70115,75095,68523,63932,61728,62088,76530,80581,79295,82126,90510,97344,96645,98734,115187,121388,126962,115666,119997,121418,138574,133539,121719,223673,240653,235392,241638,221332,241190,218966,252430,248374,288645,289673,251211,278807,244351,214048,186817,192230,182731,190983,244090,305673,302704
 "18167","Vigo, IN",3,CAINC4,71,"..."," Farm proprietors' income ","Thousands of dollars",3974,1497,4160,2257,6586,3520,8298,5917,5112,5606,4947,1504,-574,-401,-4905,93,2375,1352,1278,-949,1940,-396,-3324,2674,2738,4485,854,1737,905,-3073,2106,5170,5598,2223,6733,10098,6119,1869,4422,8482,6653,13240,20735,9011,26096,5200,-1378,4188,2033,1852,3423,9866,19177,14803
 "18167","Vigo, IN",3,CAINC4,72,"..."," Nonfarm proprietors' income ","Thousands of dollars",30364,30765,32422,34448,39456,41411,44361,51036,59861,64509,70148,67019,64506,62129,66993,76437,78206,77943,80848,91459,95404,97041,102058,112513,118650,122477,114812,118260,120513,141647,131433,116549,218075,238430,228659,231540,215213,239321,214544,243948,241721,275405,268938,242200,252711,239151,215426,182629,190197,180879,187560,234224,286496,287901
 "18167","Vigo, IN",3,CAINC4,7010,"...","Total employment ","Number of jobs",51276,52197,52030,52585,54007,55488,54312,54910,56581,58899,60733,59761,57169,54785,53401,54270,54567,54716,55123,56348,58149,59727,60667,62166,62959,64167,65722,65003,63502,61839,62698,63756,63949,63303,63647,63476,63307,63678,64621,64038,62721,61845,61410,61306,61208,61066,60831,61115,61342,61149,60401,57506,58440,59246
 "18167","Vigo, IN",3,CAINC4,7020,"..."," Wage and salary employment ","Number of jobs",46401,47183,46999,47428,48559,50007,48781,49449,50916,53097,54649,53332,50766,48072,46603,47426,47610,47827,48133,49516,51679,53027,53798,55403,56033,56927,58403,57571,55903,55545,56572,57417,56648,56159,56626,56243,55705,56076,56631,56108,54818,54067,53279,53335,53088,52816,52667,52953,53104,52875,52273,49101,49620,49813
 "18167","Vigo, IN",3,CAINC4,7040,"..."," Proprietors employment ","Number of jobs",4875,5014,5031,5157,5448,5481,5531,5461,5665,5802,6084,6429,6403,6713,6798,6844,6957,6889,6990,6832,6470,6700,6869,6763,6926,7240,7319,7432,7599,6294,6126,6339,7301,7144,7021,7233,7602,7602,7990,7930,7903,7778,8131,7971,8120,8250,8164,8162,8238,8274,8128,8405,8820,9433
 "18169","Wabash, IN",3,CAINC4,10,"...","Personal income (thousands of dollars) ","Thousands of dollars",121579,124674,136548,149752,177664,180996,197650,223474,242962,270475,296365,309894,334870,351721,371406,411648,428653,447926,474102,481436,534749,570646,577938,612797,644785,688538,710346,749654,786008,835532,846095,897106,873946,867384,885939,930649,938053,972847,1006638,1038818,992011,1037877,1090738,1170715,1175532,1199110,1217382,1222288,1246676,1294741,1326402,1431155,1597982,1603245
 "18169","Wabash, IN",3,CAINC4,11,"..."," Nonfarm personal income 1/","Thousands of dollars",112782,116332,125799,138806,156351,169697,179611,206617,231567,258045,283468,301176,330573,347811,368902,399825,415517,433853,454810,476580,514306,551493,565515,603057,631749,676860,705976,734993,765798,824096,840598,885822,856780,859712,866953,900275,919797,960276,990145,1014575,967829,1006338,1038462,1111642,1083285,1136544,1191560,1199024,1229119,1276140,1310755,1402724,1545805,1562093
 "18169","Wabash, IN",3,CAINC4,12,"..."," Farm income 2/","Thousands of dollars",8797,8342,10749,10946,21313,11299,18039,16857,11395,12430,12897,8718,4297,3910,2504,11823,13136,14073,19292,4856,20443,19153,12423,9740,13036,11678,4370,14661,20210,11436,5497,11284,17166,7672,18986,30374,18256,12571,16493,24243,24182,31539,52276,59073,92247,62566,25822,23264,17557,18601,15647,28431,52177,41152
 "18169","Wabash, IN",3,CAINC4,20,"...","Population (persons) 3/","Number of persons",35304,35532,35483,35465,35347,35445,35372,35335,35515,35903,36231,36582,36269,35992,35366,35212,35004,34956,35165,35114,34991,35117,35020,34875,34829,34970,35132,35106,35088,34918,34946,34993,34700,34488,34325,34131,33806,33665,33361,33238,33036,32854,32590,32425,32322,32170,31948,31646,31489,31309,31138,30936,30897,30828
 "18169","Wabash, IN",3,CAINC4,30,"...","Per capita personal income (dollars) 4/","Dollars",3444,3509,3848,4223,5026,5106,5588,6324,6841,7533,8180,8471,9233,9772,10502,11691,12246,12814,13482,13711,15282,16250,16503,17571,18513,19689,20219,21354,22401,23928,24211,25637,25186,25150,25810,27267,27748,28898,30174,31254,30028,31591,33468,36105,36369,37274,38105,38624,39591,41354,42598,46262,51720,52006
 "18169","Wabash, IN",3,CAINC4,35,"...","Earnings by place of work ","Thousands of dollars",101101,100189,108738,120399,144963,143669,150561,173205,186285,211618,230703,228861,238548,232134,244920,282812,290636,305486,332830,331456,370478,392955,389385,409266,432744,464584,474938,502861,521846,563370,568774,596760,558376,558383,580024,594942,582905,599352,600036,569677,522508,565872,610656,654711,704830,708891,678449,675205,672880,695861,696869,721265,809198,848874
 "18169","Wabash, IN",3,CAINC4,36,"...","Less: Contributions for government social insurance 5/","Thousands of dollars",6389,6268,6914,8184,10679,11992,11825,14107,15723,18453,20926,21176,24248,24078,25561,29308,30565,32214,34085,36828,39508,43011,44004,46021,48780,53115,55222,56490,57374,60917,61913,63585,62584,63653,65665,67057,68681,72227,73605,70084,64353,66481,62289,64855,75118,78924,79084,79874,81461,84931,87327,90591,96823,105159
 "18169","Wabash, IN",3,CAINC4,37,"..."," Employee and self-employed contributions for government social insurance ","Thousands of dollars",3320,3297,3641,4206,5401,6103,6074,7026,7746,8987,10283,10566,12229,12243,12819,14385,15479,16381,17488,19044,20877,22783,23565,24715,26288,28716,30218,31023,31849,33653,33912,34701,32990,33800,34790,35466,36432,38950,39973,38729,35675,37069,31014,32422,41578,43543,44184,44888,46204,48906,50180,52290,56374,61219
 "18169","Wabash, IN",3,CAINC4,38,"..."," Employer contributions for government social insurance ","Thousands of dollars",3069,2971,3273,3978,5278,5889,5751,7081,7977,9466,10643,10610,12019,11835,12742,14923,15086,15833,16597,17784,18631,20228,20439,21306,22492,24399,25004,25467,25525,27264,28001,28884,29594,29853,30875,31591,32249,33277,33632,31355,28678,29412,31275,32433,33540,35381,34900,34986,35257,36025,37147,38301,40449,43940
 "18169","Wabash, IN",3,CAINC4,42,"...","Plus: Adjustment for residence 6/","Thousands of dollars",2358,3128,3745,4359,4428,4031,4291,4741,5549,5104,4762,4513,5508,6188,7882,8973,11823,12326,12694,16669,18887,20195,23457,27952,32023,35345,40116,43986,49811,53235,60169,64458,59752,60296,60753,66037,68928,63436,68061,75543,68302,64754,63942,57374,49939,48964,63926,53868,56903,58823,60788,55724,49988,46863
 "18169","Wabash, IN",3,CAINC4,45,"...","Equals: Net earnings by place of residence ","Thousands of dollars",97070,97049,105569,116574,138712,135708,143027,163839,176111,198269,214539,212198,219808,214244,227241,262477,271894,285598,311439,311297,349857,370139,368838,391197,415987,446814,459832,490357,514283,555688,567030,597633,555544,555026,575112,593922,583152,590561,594492,575136,526457,564145,612309,647230,679651,678931,663291,649199,648322,669753,670330,686398,762363,790578
 "18169","Wabash, IN",3,CAINC4,46,"...","Plus: Dividends, interest, and rent 7/","Thousands of dollars",15812,17539,19226,20663,24118,27702,33190,36111,41117,44119,49714,57992,69171,82942,83965,90429,95582,98043,97503,101814,110140,118005,117599,117287,121241,130859,137687,142203,151181,152749,146426,157943,158144,142764,133039,146779,152044,162552,179318,196471,172652,168303,179967,211559,184725,191565,202886,211709,227117,237500,246076,242180,274519,296368
 "18169","Wabash, IN",3,CAINC4,47,"...","Plus: Personal current transfer receipts ","Thousands of dollars",8697,10086,11753,12515,14834,17586,21433,23524,25734,28087,32112,39704,45891,54535,60200,58742,61177,64285,65160,68325,74752,82502,91501,104313,107557,110865,112827,117094,120544,127095,132639,141530,160258,169594,177788,189948,202857,219734,232828,267211,292902,305429,298462,311926,311156,328614,351205,361380,371237,387488,409996,502577,561100,516299
 "18169","Wabash, IN",3,CAINC4,50,"...","Wages and salaries ","Thousands of dollars",75204,74285,78536,87530,98939,106370,105452,124333,138565,157068,172806,175123,186706,181698,190323,211497,216957,226947,242402,253398,266121,280184,279810,292233,304356,326374,338684,351296,356186,380925,391855,403821,407288,408991,416154,420586,418879,436041,441202,414242,371024,381301,397472,419122,431853,454418,452603,461980,473161,494441,501878,508182,556727,611421
 "18169","Wabash, IN",3,CAINC4,60,"...","Supplements to wages and salaries ","Thousands of dollars",8758,8651,9461,11302,13264,14687,15487,18512,21564,25037,27846,28895,31422,32327,35813,40191,42370,46120,50558,53131,58766,62746,65334,72950,77055,83344,82053,79604,79095,85677,92510,99888,99873,102805,107033,108486,111542,116192,119205,112702,97542,101965,105704,110662,110374,122586,116515,119515,119203,125546,125520,126376,131580,136561
 "18169","Wabash, IN",3,CAINC4,61,"..."," Employer contributions for employee pension and insurance funds 8/","Thousands of dollars",5689,5680,6188,7324,7986,8798,9736,11431,13587,15571,17203,18285,19403,20492,23071,25268,27284,30287,33961,35347,40135,42518,44895,51644,54563,58945,57049,54137,53570,58413,64509,71004,70279,72952,76158,76895,79293,82915,85573,81347,68864,72553,74429,78229,76834,87205,81615,84529,83946,89521,88373,88075,91131,92621
 "18169","Wabash, IN",3,CAINC4,62,"..."," Employer contributions for government social insurance ","Thousands of dollars",3069,2971,3273,3978,5278,5889,5751,7081,7977,9466,10643,10610,12019,11835,12742,14923,15086,15833,16597,17784,18631,20228,20439,21306,22492,24399,25004,25467,25525,27264,28001,28884,29594,29853,30875,31591,32249,33277,33632,31355,28678,29412,31275,32433,33540,35381,34900,34986,35257,36025,37147,38301,40449,43940
 "18169","Wabash, IN",3,CAINC4,70,"...","Proprietors' income 9/","Thousands of dollars",17139,17253,20741,21567,32760,22612,29622,30360,26156,29513,30051,24843,20420,18109,18784,31124,31309,32419,39870,24927,45591,50025,44241,44083,51333,54866,54201,71961,86565,96768,84409,93051,51215,46587,56837,65870,52484,47119,39629,42733,53942,82606,107480,124927,162603,131887,109331,93710,80516,75874,69471,86707,120891,100892
 "18169","Wabash, IN",3,CAINC4,71,"..."," Farm proprietors' income ","Thousands of dollars",8199,7594,9877,9922,19951,9452,15983,14470,8701,10177,10040,5353,611,-624,-2072,7073,8162,9247,14329,-387,15132,13260,6996,4178,7208,6357,-580,10109,15329,5026,-1224,3956,8541,-949,10493,22253,11628,7364,11569,19264,18202,24853,45627,50665,83528,53422,18318,15569,8254,8357,7630,19881,44599,32596
 "18169","Wabash, IN",3,CAINC4,72,"..."," Nonfarm proprietors' income ","Thousands of dollars",8940,9659,10864,11645,12809,13160,13639,15890,17455,19336,20011,19490,19809,18733,20856,24051,23147,23172,25541,25314,30459,36765,37245,39905,44125,48509,54781,61852,71236,91742,85633,89095,42674,47536,46344,43617,40856,39755,28060,23469,35740,57753,61853,74262,79075,78465,91013,78141,72262,67517,61841,66826,76292,68296
 "18169","Wabash, IN",3,CAINC4,7010,"...","Total employment ","Number of jobs",16956,16000,16181,16905,17841,17870,16963,17785,18340,19067,19151,18100,17942,16902,17030,17706,17640,17868,18012,17926,18384,19290,19140,19394,19631,20122,20339,20145,20151,20127,20213,20482,19212,18681,18592,18353,17982,18133,18007,16944,15979,16005,16067,16461,16516,16700,16474,16491,16307,16285,16237,15530,16000,16429
 "18169","Wabash, IN",3,CAINC4,7020,"..."," Wage and salary employment ","Number of jobs",13367,12552,12672,13251,14082,14212,13493,14382,14951,15694,15798,14735,14528,13450,13497,14190,14124,14420,14588,14580,15006,15220,14875,14827,14969,15417,15365,15161,15225,15394,15575,15709,15338,14880,14843,14536,14184,14325,14105,13176,12136,12238,12377,12801,12870,13003,12821,12856,12718,12670,12753,12036,12327,12552
 "18169","Wabash, IN",3,CAINC4,7040,"..."," Proprietors employment ","Number of jobs",3589,3448,3509,3654,3759,3658,3470,3403,3389,3373,3353,3365,3414,3452,3533,3516,3516,3448,3424,3346,3378,4070,4265,4567,4662,4705,4974,4984,4926,4733,4638,4773,3874,3801,3749,3817,3798,3808,3902,3768,3843,3767,3690,3660,3646,3697,3653,3635,3589,3615,3484,3494,3673,3877
 "18171","Warren, IN",3,CAINC4,10,"...","Personal income (thousands of dollars) ","Thousands of dollars",29796,28278,34490,33914,49391,46662,56138,59231,58643,67169,76125,75537,81762,85350,81121,95673,98567,97073,103022,104006,121100,122267,107303,131452,138992,146587,134475,162481,165754,166182,183404,199941,213235,213680,221307,249349,249145,246948,270298,300761,285102,296002,325786,336671,370005,348201,312591,329153,332452,355986,361251,408357,447784,452071
 "18171","Warren, IN",3,CAINC4,11,"..."," Nonfarm personal income 1/","Thousands of dollars",23223,24222,25866,28514,32745,35637,39751,43975,48258,54536,61465,66820,74429,77707,81669,86564,86625,91186,93551,99032,103891,108376,112296,118411,124988,128539,132006,139987,151804,155051,174167,186670,199238,203703,208399,224994,234395,229379,242162,257677,251647,269057,276989,299291,288122,306823,304433,302806,313852,335165,343007,371308,392350,399206
 "18171","Warren, IN",3,CAINC4,12,"..."," Farm income 2/","Thousands of dollars",6573,4056,8624,5400,16646,11025,16387,15256,10385,12633,14660,8717,7333,7643,-548,9109,11942,5887,9471,4974,17209,13891,-4993,13041,14004,18048,2469,22494,13950,11131,9237,13271,13997,9977,12908,24355,14750,17569,28136,43084,33455,26945,48797,37380,81883,41378,8158,26347,18600,20821,18244,37049,55434,52865
 "18171","Warren, IN",3,CAINC4,20,"...","Population (persons) 3/","Number of persons",8699,8661,8612,8672,8804,8673,8672,8830,8862,8964,9023,8987,9013,8908,8790,8516,8330,8266,8258,8286,8248,8171,8149,8152,8166,8150,8264,8173,8219,8308,8346,8435,8553,8598,8589,8609,8626,8625,8554,8602,8533,8526,8500,8443,8442,8434,8387,8301,8361,8449,8465,8424,8459,8461
 "18171","Warren, IN",3,CAINC4,30,"...","Per capita personal income (dollars) 4/","Dollars",3425,3265,4005,3911,5610,5380,6473,6708,6617,7493,8437,8405,9072,9581,9229,11234,11833,11744,12475,12552,14682,14964,13168,16125,17021,17986,16272,19880,20167,20003,21975,23704,24931,24852,25766,28964,28883,28632,31599,34964,33412,34718,38328,39876,43829,41285,37271,39652,39762,42134,42676,48475,52936,53430
 "18171","Warren, IN",3,CAINC4,35,"...","Earnings by place of work ","Thousands of dollars",19172,17001,21528,19268,31883,27800,34972,36350,32960,38019,43406,39214,39122,40178,32396,44511,47902,47645,53618,50589,61864,61659,44443,64932,70730,75492,59563,79857,76832,65685,66561,74272,81074,80935,82876,100505,95251,100622,117462,130018,112505,121545,151407,154329,195213,162919,118282,132777,126212,136091,139772,159116,183307,186632
 "18171","Warren, IN",3,CAINC4,36,"...","Less: Contributions for government social insurance 5/","Thousands of dollars",841,857,881,1004,1269,1484,1676,1930,2071,2381,2788,2941,3298,3455,3495,3819,3945,4600,4778,5055,5055,5500,5820,6126,6726,6867,6828,6728,7288,6136,6369,6897,7507,7921,8120,9012,9655,10476,11430,11307,10687,11991,11734,12367,13682,14316,13843,13808,14315,15286,15963,15389,16242,17316
 "18171","Warren, IN",3,CAINC4,37,"..."," Employee and self-employed contributions for government social insurance ","Thousands of dollars",470,480,496,556,684,804,877,971,1024,1170,1378,1482,1681,1769,1778,1927,2069,2429,2566,2791,2839,3056,3245,3401,3736,3814,3880,3799,4124,3491,3616,3776,4168,4396,4419,4820,5197,5840,6335,6352,6027,6776,5942,6432,7923,8319,7965,7955,8242,8965,9449,8843,9393,10026
 "18171","Warren, IN",3,CAINC4,38,"..."," Employer contributions for government social insurance ","Thousands of dollars",371,377,385,448,585,680,799,959,1047,1211,1410,1459,1617,1686,1717,1892,1876,2171,2212,2264,2216,2444,2575,2725,2990,3053,2948,2929,3164,2645,2753,3121,3339,3525,3701,4192,4458,4636,5095,4955,4660,5215,5792,5935,5759,5997,5878,5853,6073,6321,6514,6546,6849,7290
 "18171","Warren, IN",3,CAINC4,42,"...","Plus: Adjustment for residence 6/","Thousands of dollars",6193,6100,6771,7816,9138,9851,10035,11279,12958,15281,16069,16524,18880,16521,16809,19587,19152,17462,18494,21971,25358,25703,26824,28460,29300,30351,32950,38250,43191,55508,69780,75638,79121,80314,85864,91878,95835,84607,85958,92384,85461,85432,86738,90402,86564,91471,93138,97999,104012,113489,112493,114408,116133,129603
 "18171","Warren, IN",3,CAINC4,45,"...","Equals: Net earnings by place of residence ","Thousands of dollars",24524,22244,27418,26080,39752,36167,43331,45699,43847,50919,56687,52797,54704,53244,45710,60279,63109,60507,67334,67505,82167,81862,65447,87266,93304,98976,85685,111379,112735,115057,129972,143013,152688,153328,160620,183371,181431,174753,191990,211095,187279,194986,226411,232364,268095,240074,197577,216968,215909,234294,236302,258135,283198,298919
 "18171","Warren, IN",3,CAINC4,46,"...","Plus: Dividends, interest, and rent 7/","Thousands of dollars",3262,3779,4406,4982,6219,6717,8112,8564,9743,10655,12974,15039,17879,21096,23257,22923,22629,23022,21949,22820,24672,25277,25486,25521,26277,26822,26153,27348,28733,26710,26732,28735,28927,25810,25499,27575,26078,26454,31028,35647,37552,36090,37164,38338,36251,39500,42730,40394,44246,45959,44934,49732,49339,52526
 "18171","Warren, IN",3,CAINC4,47,"...","Plus: Personal current transfer receipts ","Thousands of dollars",2010,2255,2666,2852,3420,3778,4695,4968,5053,5595,6464,7701,9179,11010,12154,12471,12829,13544,13739,13681,14261,15128,16370,18665,19411,20789,22637,23754,24286,24415,26700,28193,31620,34542,35188,38403,41636,45741,47280,54019,60271,64926,62211,65969,65659,68627,72284,71791,72297,75733,80015,100490,115247,100626
 "18171","Warren, IN",3,CAINC4,50,"...","Wages and salaries ","Thousands of dollars",9557,9904,9686,10372,11636,12949,14488,16536,18006,19770,22663,24157,25330,26353,26017,27136,27260,31314,32377,32524,31954,34365,35689,37551,41251,41923,40995,41756,45862,37481,39033,43914,46395,48488,50320,55906,58791,61460,66432,65285,60340,65946,70851,73651,74043,73724,74463,75269,79607,85102,88132,87592,94824,100179
 "18171","Warren, IN",3,CAINC4,60,"...","Supplements to wages and salaries ","Thousands of dollars",1056,1102,1122,1275,1480,1681,2044,2322,2616,3044,3501,3824,4033,4373,4531,4755,4885,5729,6090,6230,6574,7340,7978,8685,9849,10120,9683,9574,10030,8767,9777,11086,11568,12342,13110,14751,15850,16728,18027,17720,15735,17487,18820,19457,18356,19522,19200,19729,20336,22032,22191,22130,22709,23153
 "18171","Warren, IN",3,CAINC4,61,"..."," Employer contributions for employee pension and insurance funds 8/","Thousands of dollars",685,725,737,827,895,1001,1245,1363,1569,1833,2091,2365,2416,2687,2814,2863,3009,3558,3878,3966,4358,4896,5403,5960,6859,7067,6735,6645,6866,6122,7024,7965,8229,8817,9409,10559,11392,12092,12932,12765,11075,12272,13028,13522,12597,13525,13322,13876,14263,15711,15677,15584,15860,15863
 "18171","Warren, IN",3,CAINC4,62,"..."," Employer contributions for government social insurance ","Thousands of dollars",371,377,385,448,585,680,799,959,1047,1211,1410,1459,1617,1686,1717,1892,1876,2171,2212,2264,2216,2444,2575,2725,2990,3053,2948,2929,3164,2645,2753,3121,3339,3525,3701,4192,4458,4636,5095,4955,4660,5215,5792,5935,5759,5997,5878,5853,6073,6321,6514,6546,6849,7290
 "18171","Warren, IN",3,CAINC4,70,"...","Proprietors' income 9/","Thousands of dollars",8559,5995,10720,7621,18767,13170,18440,17492,12338,15205,17242,11233,9759,9452,1848,12620,15757,10602,15151,11835,23336,19954,776,18696,19630,23449,8885,28527,20940,19437,17751,19272,23111,20105,19446,29848,20610,22434,33003,47013,36430,38112,61736,61221,102814,69673,24619,37779,26269,28957,29449,49394,65774,63300
 "18171","Warren, IN",3,CAINC4,71,"..."," Farm proprietors' income ","Thousands of dollars",6040,3474,8011,4741,15848,9994,15243,13922,8878,11419,13319,7301,5921,6016,-2147,7488,10275,4295,7857,3286,15517,12034,-6684,11323,11922,15892,245,20254,11293,8195,6625,10820,11442,7718,10268,21330,11754,14643,24575,39961,30112,23544,45679,33709,78075,37386,4883,22990,14540,16349,14744,33320,52131,49135
 "18171","Warren, IN",3,CAINC4,72,"..."," Nonfarm proprietors' income ","Thousands of dollars",2519,2521,2709,2880,2919,3176,3197,3570,3460,3786,3923,3932,3838,3436,3995,5132,5482,6307,7294,8549,7819,7920,7460,7373,7708,7557,8640,8273,9647,11242,11126,8452,11669,12387,9178,8518,8856,7791,8428,7052,6318,14568,16057,27512,24739,32287,19736,14789,11729,12608,14705,16074,13643,14165
 "18171","Warren, IN",3,CAINC4,7010,"...","Total employment ","Number of jobs",3036,2937,2815,2835,2863,2909,2942,2989,3047,3092,3143,3173,3054,3100,3080,3039,3035,3199,3353,3005,2944,2995,2926,2972,3133,3193,3141,3019,3113,2601,2700,2851,2831,2752,2774,2873,2944,3009,3060,2936,2761,2861,3061,3062,2975,2947,2946,3128,3133,3169,3156,3080,3151,3224
 "18171","Warren, IN",3,CAINC4,7020,"..."," Wage and salary employment ","Number of jobs",1797,1726,1660,1684,1749,1809,1875,1986,2042,2087,2124,2135,2020,1999,1979,1884,1806,1915,1992,1953,1916,1966,1896,1883,2030,2034,1932,1820,1919,1636,1761,1907,1993,1982,1941,2049,2098,2136,2191,2053,1825,1974,2077,2090,2003,1966,1953,1933,1947,2005,2005,1894,1928,1958
 "18171","Warren, IN",3,CAINC4,7040,"..."," Proprietors employment ","Number of jobs",1239,1211,1155,1151,1114,1100,1067,1003,1005,1005,1019,1038,1034,1101,1101,1155,1229,1284,1361,1052,1028,1029,1030,1089,1103,1159,1209,1199,1194,965,939,944,838,770,833,824,846,873,869,883,936,887,984,972,972,981,993,1195,1186,1164,1151,1186,1223,1266
 "18173","Warrick, IN",3,CAINC4,10,"...","Personal income (thousands of dollars) ","Thousands of dollars",97484,102540,115768,132524,156755,173696,207108,241071,280872,316838,371273,421763,462205,500600,526107,580298,608781,645591,668531,705131,767037,819003,850577,924483,987781,1056282,1099795,1184410,1275618,1365459,1445086,1542105,1631048,1682067,1741265,1848709,1954863,2134611,2211726,2375565,2349870,2479948,2660521,2793705,2793732,2960602,3100772,3205266,3374866,3498819,3717088,3944989,4287949,4449808
 "18173","Warrick, IN",3,CAINC4,11,"..."," Nonfarm personal income 1/","Thousands of dollars",94338,101989,113531,130667,152710,171980,204622,238419,279255,315454,369354,419906,459649,498240,530526,577460,607183,644127,667290,705466,764273,819105,853996,922412,987421,1055488,1100787,1178633,1272682,1366036,1444871,1535867,1624573,1681004,1737767,1839542,1948282,2130808,2206005,2366851,2341699,2476838,2648761,2787898,2774656,2957285,3102704,3200305,3371619,3493402,3713070,3932035,4271190,4436520
 "18173","Warrick, IN",3,CAINC4,12,"..."," Farm income 2/","Thousands of dollars",3146,551,2237,1857,4045,1716,2486,2652,1617,1384,1919,1857,2556,2360,-4419,2838,1598,1464,1241,-335,2764,-102,-3419,2071,360,794,-992,5777,2936,-577,215,6238,6475,1063,3498,9167,6581,3803,5721,8714,8171,3110,11760,5807,19076,3317,-1932,4961,3247,5417,4018,12954,16759,13288
 "18173","Warrick, IN",3,CAINC4,20,"...","Population (persons) 3/","Number of persons",27576,28229,29491,30851,32593,33963,35107,36208,37828,39761,41059,41615,42087,42818,42969,43357,43913,44186,44642,44877,44915,44981,45719,46376,47243,48209,48919,49626,50518,51105,51919,52531,52780,53317,54439,55171,56066,56746,57754,58435,59197,59857,60298,60519,61101,61280,61929,62486,62946,63025,63506,63996,64623,65185
 "18173","Warrick, IN",3,CAINC4,30,"...","Per capita personal income (dollars) 4/","Dollars",3535,3632,3926,4296,4809,5114,5899,6658,7425,7969,9042,10135,10982,11691,12244,13384,13863,14611,14975,15713,17078,18208,18604,19935,20909,21910,22482,23867,25251,26719,27833,29356,30903,31548,31986,33509,34867,37617,38296,40653,39696,41431,44123,46162,45723,48313,50070,51296,53615,55515,58531,61644,66353,68264
 "18173","Warrick, IN",3,CAINC4,35,"...","Earnings by place of work ","Thousands of dollars",72753,79156,87297,105132,123488,134840,158736,190284,220459,241977,290145,321923,333498,353734,366820,394997,402314,404150,412199,426491,454271,483769,485333,506405,505143,495563,496292,526486,572547,584296,622977,628667,676243,716981,719986,758473,778395,836662,850011,872232,860945,918035,970279,1038951,1072827,1130147,1154388,1189965,1214043,1290965,1334639,1394589,1449172,1545458
 "18173","Warrick, IN",3,CAINC4,36,"...","Less: Contributions for government social insurance 5/","Thousands of dollars",4443,5007,5625,7197,9764,11422,13312,15871,18419,20858,25857,28739,32275,35462,37187,41138,43723,43218,43306,46997,49924,55367,56472,56033,57880,57186,58674,60745,65698,66749,70108,68831,73538,78002,79449,83356,87197,94004,97054,100664,100874,104284,94733,100869,118119,126150,130887,133430,137848,147173,154281,163049,167924,181686
 "18173","Warrick, IN",3,CAINC4,37,"..."," Employee and self-employed contributions for government social insurance ","Thousands of dollars",2449,2733,3063,3860,5096,6015,6895,8186,9421,10536,13199,14812,16667,17956,18862,20278,21918,22237,22091,24040,25970,28771,29739,29772,30594,30831,31703,32702,35238,35364,37203,36914,40030,42910,43801,46243,48657,53305,55488,57589,56872,59171,49233,52374,67629,72640,74963,77172,80389,86565,90550,96278,100547,110217
 "18173","Warrick, IN",3,CAINC4,38,"..."," Employer contributions for government social insurance ","Thousands of dollars",1994,2274,2562,3337,4668,5407,6417,7685,8998,10322,12658,13927,15608,17506,18325,20860,21805,20981,21215,22957,23954,26596,26733,26261,27286,26355,26971,28043,30460,31385,32905,31917,33508,35092,35648,37113,38540,40699,41566,43075,44002,45113,45500,48495,50490,53510,55924,56258,57459,60608,63731,66771,67377,71469
 "18173","Warrick, IN",3,CAINC4,42,"...","Plus: Adjustment for residence 6/","Thousands of dollars",10499,6712,9520,7613,10053,11381,15665,15325,20677,30386,30192,34059,46041,50956,54093,73691,86515,110525,124363,140223,151311,165526,191571,225973,276465,335417,360249,396396,426758,480395,515815,570672,592432,606597,644661,679806,727333,788857,811097,871954,856059,906356,974820,986474,988239,1032390,1096485,1114220,1185076,1206094,1308360,1281872,1354843,1455724
 "18173","Warrick, IN",3,CAINC4,45,"...","Equals: Net earnings by place of residence ","Thousands of dollars",78809,80861,91192,105548,123777,134799,161089,189738,222717,251505,294480,327243,347264,369228,383726,427550,445106,471457,493256,519717,555658,593928,620432,676345,723728,773794,797867,862137,933607,997942,1068684,1130508,1195137,1245576,1285198,1354923,1418531,1531515,1564054,1643522,1616130,1720107,1850366,1924556,1942947,2036387,2119986,2170755,2261271,2349886,2488718,2513412,2636091,2819496
 "18173","Warrick, IN",3,CAINC4,46,"...","Plus: Dividends, interest, and rent 7/","Thousands of dollars",11542,13308,14946,16299,19758,23729,27135,30693,35789,40419,47491,59555,73646,84855,91036,97526,105187,111633,111305,117723,135770,141996,139438,145358,154146,168282,181312,192715,209535,228020,226729,249487,253730,239673,249098,272035,290194,328479,354093,391345,365442,365015,406502,453885,424432,467197,489602,520242,575124,587760,619915,663022,777685,848215
 "18173","Warrick, IN",3,CAINC4,47,"...","Plus: Personal current transfer receipts ","Thousands of dollars",7133,8371,9630,10677,13220,15168,18884,20640,22366,24914,29302,34965,41295,46517,51345,55222,58488,62501,63970,67691,75609,83079,90707,102780,109907,114206,120616,129558,132476,139497,149673,162110,182181,196818,206969,221751,246138,274617,293579,340698,368298,394826,403653,415264,426353,457018,491184,514269,538471,561173,608455,768555,874173,782097
 "18173","Warrick, IN",3,CAINC4,50,"...","Wages and salaries ","Thousands of dollars",52296,59733,64607,79527,92159,103357,120495,144748,168576,183981,222615,246201,255447,268260,280412,299067,308798,307511,303230,320438,335984,361487,360488,356047,355203,344061,353084,367997,397062,413776,437851,434714,463460,490362,493445,516105,528178,564415,580233,597676,588997,609908,621951,660531,683931,734051,761798,773327,793960,849523,885080,918772,945493,1031320
 "18173","Warrick, IN",3,CAINC4,60,"...","Supplements to wages and salaries ","Thousands of dollars",7323,8464,9283,11597,13544,15671,21021,24265,28914,32854,40530,47272,49627,57166,59740,58781,59518,62220,71627,71029,76592,81567,85188,102053,97983,94553,85807,86549,96394,94419,102776,104511,106143,117020,118374,124843,130249,140368,143465,150200,142414,147914,148882,159188,160968,178021,177973,182330,185008,201685,203896,212985,210418,218167
 "18173","Warrick, IN",3,CAINC4,61,"..."," Employer contributions for employee pension and insurance funds 8/","Thousands of dollars",5329,6190,6721,8260,8876,10264,14604,16580,19916,22532,27872,33345,34019,39660,41415,37921,37713,41239,50412,48072,52638,54971,58455,75792,70697,68198,58836,58506,65934,63034,69871,72594,72635,81928,82726,87730,91709,99669,101899,107125,98412,102801,103382,110693,110478,124511,122049,126072,127549,141077,140165,146214,143041,146698
 "18173","Warrick, IN",3,CAINC4,62,"..."," Employer contributions for government social insurance ","Thousands of dollars",1994,2274,2562,3337,4668,5407,6417,7685,8998,10322,12658,13927,15608,17506,18325,20860,21805,20981,21215,22957,23954,26596,26733,26261,27286,26355,26971,28043,30460,31385,32905,31917,33508,35092,35648,37113,38540,40699,41566,43075,44002,45113,45500,48495,50490,53510,55924,56258,57459,60608,63731,66771,67377,71469
 "18173","Warrick, IN",3,CAINC4,70,"...","Proprietors' income 9/","Thousands of dollars",13134,10959,13407,14008,17785,15812,17220,21271,22969,25142,27000,28450,28424,28308,26668,37149,33998,34419,37342,35024,41695,40715,39657,48305,51957,56949,57401,71940,79091,76101,82350,89442,106640,109599,108167,117525,119968,131879,126313,124356,129534,160213,199446,219232,227928,218075,214617,234308,235075,239757,245663,262832,293261,295971
 "18173","Warrick, IN",3,CAINC4,71,"..."," Farm proprietors' income ","Thousands of dollars",2810,180,1842,1431,3523,1035,1686,1679,473,414,988,1003,1812,1632,-5108,2174,963,893,703,-964,2067,-933,-4241,1181,-562,-49,-1784,5038,2158,-1420,-533,5536,5761,438,2766,8329,5745,2980,4710,7733,7027,1863,10554,4311,17525,1691,-3261,3601,1590,3599,2606,11447,15420,11766
 "18173","Warrick, IN",3,CAINC4,72,"..."," Nonfarm proprietors' income ","Thousands of dollars",10324,10779,11565,12577,14262,14777,15534,19592,22496,24728,26012,27447,26612,26676,31776,34975,33035,33526,36639,35988,39628,41648,43898,47124,52519,56998,59185,66902,76933,77521,82883,83906,100879,109161,105401,109196,114223,128899,121603,116623,122507,158350,188892,214921,210403,216384,217878,230707,233485,236158,243057,251385,277841,284205
 "18173","Warrick, IN",3,CAINC4,7010,"...","Total employment ","Number of jobs",9276,9776,9954,10817,11675,11817,12471,13371,14075,14404,15452,15607,15282,15582,15787,16150,16414,15963,16859,17074,16981,17485,17741,17610,17595,17909,17978,18136,19070,18351,18505,18670,19522,20291,20477,21015,21084,21629,21984,21938,21712,22028,22704,23193,23347,23782,24053,24108,24260,24818,24989,25152,25785,26979
 "18173","Warrick, IN",3,CAINC4,7020,"..."," Wage and salary employment ","Number of jobs",7368,7827,7838,8517,9168,9194,9765,10544,11091,11324,12249,12246,11913,11955,12071,12396,12601,12161,12974,13135,13191,13517,13723,13589,13335,13132,13159,13240,13770,13498,13685,13654,14217,14979,14903,15266,15151,15488,15529,15471,15175,15511,15691,16282,16473,16807,16945,16978,17261,17547,17905,17577,17725,18354
 "18173","Warrick, IN",3,CAINC4,7040,"..."," Proprietors employment ","Number of jobs",1908,1949,2116,2300,2507,2623,2706,2827,2984,3080,3203,3361,3369,3627,3716,3754,3813,3802,3885,3939,3790,3968,4018,4021,4260,4777,4819,4896,5300,4853,4820,5016,5305,5312,5574,5749,5933,6141,6455,6467,6537,6517,7013,6911,6874,6975,7108,7130,6999,7271,7084,7575,8060,8625
 "18175","Washington, IN",3,CAINC4,10,"...","Personal income (thousands of dollars) ","Thousands of dollars",61047,61311,67412,74050,88682,93307,101308,111891,119176,134052,145299,157137,174280,183970,191807,223749,233974,252930,266680,283473,309654,325565,330681,368360,391710,418328,433980,471114,500151,542101,569809,622854,633315,622060,648941,684443,697301,729091,761123,793306,766637,793094,848745,872740,906757,943536,968082,966301,1013294,1078262,1102363,1208991,1345974,1400966
 "18175","Washington, IN",3,CAINC4,11,"..."," Nonfarm personal income 1/","Thousands of dollars",55686,57870,63070,69801,78952,87530,93456,102954,113510,128210,140228,154327,171307,178854,197024,216595,229748,247848,262284,284435,303604,321203,330819,360469,384589,413568,431286,462031,494565,534786,567949,613831,623877,623534,637893,669697,691311,722920,749633,774662,759175,783428,820018,852903,855224,902579,925333,949079,985278,1048661,1087579,1171710,1283645,1296476
 "18175","Washington, IN",3,CAINC4,12,"..."," Farm income 2/","Thousands of dollars",5361,3441,4342,4249,9730,5777,7852,8937,5666,5842,5071,2810,2973,5116,-5217,7154,4226,5082,4396,-962,6050,4362,-138,7891,7121,4760,2694,9083,5586,7315,1860,9023,9438,-1474,11048,14746,5990,6171,11490,18644,7462,9666,28727,19837,51533,40957,42749,17222,28016,29601,14784,37281,62329,104490
 "18175","Washington, IN",3,CAINC4,20,"...","Population (persons) 3/","Number of persons",19160,19297,19415,19575,19775,20035,20437,20748,20975,21359,21589,21953,21994,22177,22274,22454,22797,23253,23359,23654,23660,23715,23880,24163,24540,24851,25432,25905,26271,26822,27152,27247,27484,27674,27736,27854,27893,28164,28236,28298,28144,28297,28204,27925,27796,27905,27797,27734,27797,27955,28083,28242,28151,28224
 "18175","Washington, IN",3,CAINC4,30,"...","Per capita personal income (dollars) 4/","Dollars",3186,3177,3472,3783,4485,4657,4957,5393,5682,6276,6730,7158,7924,8296,8611,9965,10263,10877,11417,11984,13088,13728,13848,15245,15962,16833,17064,18186,19038,20211,20986,22860,23043,22478,23397,24573,24999,25887,26956,28034,27240,28027,30093,31253,32622,33812,34827,34842,36453,38571,39254,42808,47813,49637
 "18175","Washington, IN",3,CAINC4,35,"...","Earnings by place of work ","Thousands of dollars",34176,33092,37523,41552,51411,51250,54038,62111,62788,71167,72034,68955,73430,73593,72567,95530,99653,112636,120339,130195,146778,147704,144575,159469,171908,183156,191219,204293,222892,243284,250339,279115,273058,264161,283103,291763,290295,294324,298331,291389,257930,270978,303322,314432,353446,356899,365022,343753,370694,391559,389398,404924,464194,528521
 "18175","Washington, IN",3,CAINC4,36,"...","Less: Contributions for government social insurance 5/","Thousands of dollars",1945,2033,2354,2794,3506,4052,4068,4742,5071,5938,6273,6192,7117,7098,7944,9248,10252,11597,12386,14688,15869,16547,17009,17740,19374,21226,22534,22929,25045,26144,27202,29164,29326,29498,30700,31539,33616,34733,35588,34561,32558,33405,31591,33359,38468,39963,41024,41745,43871,46070,47962,48090,52194,55306
 "18175","Washington, IN",3,CAINC4,37,"..."," Employee and self-employed contributions for government social insurance ","Thousands of dollars",1090,1131,1301,1512,1877,2192,2217,2476,2614,3032,3236,3282,3768,3845,4249,4851,5523,6255,6749,7917,8786,9052,9426,9868,10834,11973,12755,12990,14396,14943,15518,16531,16324,16546,17181,17785,18722,19770,20355,20012,18909,19391,16753,17695,22347,23305,23910,24694,26225,28038,29261,29015,31418,34181
 "18175","Washington, IN",3,CAINC4,38,"..."," Employer contributions for government social insurance ","Thousands of dollars",855,902,1053,1282,1629,1860,1851,2266,2457,2906,3037,2910,3349,3253,3695,4397,4729,5342,5637,6771,7083,7495,7583,7872,8540,9253,9779,9939,10649,11201,11684,12633,13002,12952,13519,13754,14894,14963,15233,14549,13649,14014,14838,15664,16121,16658,17114,17051,17646,18032,18701,19075,20776,21125
 "18175","Washington, IN",3,CAINC4,42,"...","Plus: Adjustment for residence 6/","Thousands of dollars",17282,16783,16698,18068,20445,22296,22540,24428,28623,33148,38376,42950,47351,48046,51735,56295,59905,63178,69985,73692,77226,85140,89922,103614,111657,124724,129307,140939,149189,165062,185062,197777,200521,200094,204408,221108,225370,233888,240971,242390,221697,233604,246356,249186,245982,254219,270324,286850,295858,327683,336309,345230,371464,402254
 "18175","Washington, IN",3,CAINC4,45,"...","Equals: Net earnings by place of residence ","Thousands of dollars",49513,47842,51867,56826,68350,69494,72510,81797,86340,98377,104137,105713,113664,114541,116358,142577,149306,164217,177938,189199,208135,216297,217488,245343,264191,286654,297992,322303,347036,382202,408199,447728,444253,434757,456811,481332,482049,493479,503714,499218,447069,471177,518087,530259,560960,571155,594322,588858,622681,673172,677745,702064,783464,875469
 "18175","Washington, IN",3,CAINC4,46,"...","Plus: Dividends, interest, and rent 7/","Thousands of dollars",6493,7507,8544,9423,11489,13490,15420,16364,18444,19961,22740,28472,34848,40902,44142,47793,49506,52002,51141,54628,57497,60006,58181,58728,58508,59508,63708,69276,71165,74816,71420,78478,83010,73530,73256,75928,77637,82876,94436,106801,108631,102544,107954,112722,117907,127050,121000,122353,129731,133133,137748,142114,147180,155728
 "18175","Washington, IN",3,CAINC4,47,"...","Plus: Personal current transfer receipts ","Thousands of dollars",5041,5962,7001,7801,8843,10323,13378,13730,14392,15714,18422,22952,25768,28527,31307,33379,35162,36711,37601,39646,44022,49262,55012,64289,69011,72166,72280,79535,81950,85083,90190,96648,106052,113773,118874,127183,137615,152736,162973,187287,210937,219373,222704,229759,227890,245331,252760,255090,260882,271957,286870,364813,415330,369769
 "18175","Washington, IN",3,CAINC4,50,"...","Wages and salaries ","Thousands of dollars",21015,22199,24715,27775,30641,33559,33549,38731,41498,46932,48124,47176,50809,49881,55116,62226,67498,75659,81829,94957,100061,102976,103052,106764,115315,124737,133007,137091,147990,156305,164458,179192,178021,176219,180681,184389,191326,194494,198339,190405,173904,179142,185322,197530,204358,211660,218109,223826,233812,242141,247369,242999,267633,285349
 "18175","Washington, IN",3,CAINC4,60,"...","Supplements to wages and salaries ","Thousands of dollars",2277,2488,2919,3524,4019,4566,4866,5723,6433,7636,8178,8262,9171,9300,10932,12541,14213,16761,17821,21575,23444,24562,25274,27674,30595,32422,32671,32488,33708,36089,39378,44203,44923,45929,49002,50843,54865,55850,57391,54799,48025,49326,50668,54198,53987,59096,58975,59703,61940,66208,65531,63920,66274,66899
 "18175","Washington, IN",3,CAINC4,61,"..."," Employer contributions for employee pension and insurance funds 8/","Thousands of dollars",1422,1586,1866,2242,2390,2706,3015,3457,3976,4730,5141,5352,5822,6047,7237,8144,9484,11419,12184,14804,16361,17067,17691,19802,22055,23169,22892,22549,23059,24888,27694,31570,31921,32977,35483,37089,39971,40887,42158,40250,34376,35312,35830,38534,37866,42438,41861,42652,44294,48176,46830,44845,45498,45774
 "18175","Washington, IN",3,CAINC4,62,"..."," Employer contributions for government social insurance ","Thousands of dollars",855,902,1053,1282,1629,1860,1851,2266,2457,2906,3037,2910,3349,3253,3695,4397,4729,5342,5637,6771,7083,7495,7583,7872,8540,9253,9779,9939,10649,11201,11684,12633,13002,12952,13519,13754,14894,14963,15233,14549,13649,14014,14838,15664,16121,16658,17114,17051,17646,18032,18701,19075,20776,21125
 "18175","Washington, IN",3,CAINC4,70,"...","Proprietors' income 9/","Thousands of dollars",10884,8405,9889,10253,16751,13125,15623,17657,14857,16599,15732,13517,13450,14412,6519,20763,17942,20216,20689,13663,23273,20166,16249,25031,25998,25997,25541,34714,41194,50890,46503,55720,50114,42013,53420,56531,44104,43980,42601,46185,36001,42510,67332,62704,95101,86143,87938,60224,74942,83210,76498,98005,130287,176273
 "18175","Washington, IN",3,CAINC4,71,"..."," Farm proprietors' income ","Thousands of dollars",4690,2717,3590,3446,8748,4526,6582,7589,4278,4794,3804,1368,1439,3264,-6912,5550,2690,3720,3126,-2379,4526,2600,-1834,6104,5257,3044,1077,7575,3983,5527,218,7428,7762,-2999,9246,12642,3865,4044,8847,16295,4929,7087,26375,17064,48658,37940,40279,14692,24944,26227,12154,34474,59838,101662
 "18175","Washington, IN",3,CAINC4,72,"..."," Nonfarm proprietors' income ","Thousands of dollars",6194,5688,6299,6807,8003,8599,9041,10068,10579,11805,11928,12149,12011,11148,13431,15213,15252,16496,17563,16042,18747,17566,18083,18927,20741,22953,24464,27139,37211,45363,46285,48292,42352,45012,44174,43889,40239,39936,33754,29890,31072,35423,40957,45640,46443,48203,47659,45532,49998,56983,64344,63531,70449,74611
 "18175","Washington, IN",3,CAINC4,7010,"...","Total employment ","Number of jobs",6761,6776,7173,7727,7973,8015,7655,8142,8154,8544,7990,7531,7505,7397,7712,8036,8338,8730,8947,9143,9248,9243,8907,8870,9266,9525,9974,10120,10646,10499,10444,10711,10629,10316,10258,10110,10135,10128,10131,9651,9152,9154,9077,9389,9554,9618,9661,9744,9991,10079,9941,9540,9948,10226
 "18175","Washington, IN",3,CAINC4,7020,"..."," Wage and salary employment ","Number of jobs",4426,4415,4706,5163,5392,5498,5185,5602,5546,5852,5317,4860,4808,4629,4831,5124,5357,5736,5906,6511,6630,6602,6264,6208,6470,6637,7033,7001,7289,7343,7365,7576,7401,7141,7082,6983,6895,6898,6800,6442,5903,5973,5913,6208,6324,6376,6430,6475,6748,6793,6752,6242,6474,6590
 "18175","Washington, IN",3,CAINC4,7040,"..."," Proprietors employment ","Number of jobs",2335,2361,2467,2564,2581,2517,2470,2540,2608,2692,2673,2671,2697,2768,2881,2912,2981,2994,3041,2632,2618,2641,2643,2662,2796,2888,2941,3119,3357,3156,3079,3135,3228,3175,3176,3127,3240,3230,3331,3209,3249,3181,3164,3181,3230,3242,3231,3269,3243,3286,3189,3298,3474,3636
 "18177","Wayne, IN",3,CAINC4,10,"...","Personal income (thousands of dollars) ","Thousands of dollars",295920,302828,316235,344855,383835,405367,421716,468267,505511,561718,612882,656658,723035,734372,766443,844766,881630,919675,953140,1020321,1115423,1157884,1178968,1249163,1301346,1414358,1449624,1530111,1629577,1711308,1739722,1781342,1781193,1817656,1854178,1900339,1923709,1987750,2036404,2130638,2072459,2130098,2235542,2332436,2363717,2469794,2451339,2516009,2588309,2687334,2773489,3012187,3263001,3285178
 "18177","Wayne, IN",3,CAINC4,11,"..."," Nonfarm personal income 1/","Thousands of dollars",287413,297263,308632,339024,371168,396168,413757,455638,497354,551746,604696,652089,719408,732256,769091,834819,873514,913141,944914,1018564,1104165,1149055,1174566,1237410,1293850,1406630,1449944,1524184,1621765,1708839,1739806,1773952,1772069,1818265,1840013,1878621,1908676,1974982,2028554,2106603,2047500,2108207,2208634,2304435,2312124,2442640,2446229,2498911,2568716,2669516,2755189,2981968,3218433,3244060
 "18177","Wayne, IN",3,CAINC4,12,"..."," Farm income 2/","Thousands of dollars",8507,5565,7603,5831,12667,9199,7959,12629,8157,9972,8186,4569,3627,2116,-2648,9947,8116,6534,8226,1757,11258,8829,4402,11753,7496,7728,-320,5927,7812,2469,-84,7390,9124,-609,14165,21718,15033,12768,7850,24035,24959,21891,26908,28001,51593,27154,5110,17098,19593,17818,18300,30219,44568,41118
 "18177","Wayne, IN",3,CAINC4,20,"...","Population (persons) 3/","Number of persons",78695,79143,79422,79201,78737,78811,77757,77126,77297,76710,76348,75997,75584,75095,74260,73948,73153,72531,72492,72384,71911,71998,72018,72028,72387,72388,72438,72084,71923,71557,71244,71033,70712,70545,70490,70070,69793,69642,69365,69093,68984,68915,68752,68420,68064,67732,67417,67167,66818,66709,66588,66513,66490,66273
 "18177","Wayne, IN",3,CAINC4,30,"...","Per capita personal income (dollars) 4/","Dollars",3760,3826,3982,4354,4875,5144,5424,6071,6540,7323,8027,8641,9566,9779,10321,11424,12052,12680,13148,14096,15511,16082,16370,17343,17978,19539,20012,21227,22657,23915,24419,25078,25189,25766,26304,27121,27563,28542,29358,30837,30043,30909,32516,34090,34728,36464,36361,37459,38737,40284,41651,45287,49075,49570
 "18177","Wayne, IN",3,CAINC4,35,"...","Earnings by place of work ","Thousands of dollars",272307,272824,277245,305707,340187,350651,342416,390177,423331,474769,515589,525388,566027,544833,562575,634169,661759,689956,726218,782356,851972,879450,886077,944166,980530,1089916,1140349,1196529,1285121,1351181,1397290,1401995,1368672,1398404,1410424,1450699,1448144,1463098,1478450,1497637,1386882,1424488,1480357,1535746,1590267,1638343,1628921,1676778,1741123,1818790,1847989,1873711,1979852,2096342
 "18177","Wayne, IN",3,CAINC4,36,"...","Less: Contributions for government social insurance 5/","Thousands of dollars",18146,18238,19060,22466,28335,30768,29765,33964,37144,42831,48418,49610,57768,56960,59510,67196,71435,74952,78027,87435,94005,99743,102742,107395,113280,127161,135384,139380,147927,153407,159034,157784,155995,161365,162712,167319,170986,174586,178265,180691,169429,170325,156718,161022,187320,194676,196745,200158,208103,218109,222839,227831,237701,252485
 "18177","Wayne, IN",3,CAINC4,37,"..."," Employee and self-employed contributions for government social insurance ","Thousands of dollars",9457,9519,9968,11502,14342,15763,15336,17019,18414,21008,23974,24948,29256,29029,29884,33179,36487,38542,40139,45407,50053,53117,55211,57819,61071,68562,72825,74522,79480,81206,83692,82431,81825,84934,85158,87692,89438,92338,94858,96189,90842,92019,75276,77247,100476,104422,106001,108772,114032,120573,123625,128255,134651,144611
 "18177","Wayne, IN",3,CAINC4,38,"..."," Employer contributions for government social insurance ","Thousands of dollars",8689,8719,9092,10964,13993,15005,14429,16945,18730,21823,24444,24662,28512,27931,29626,34017,34948,36410,37888,42028,43952,46626,47531,49576,52209,58599,62559,64858,68447,72201,75342,75353,74170,76431,77554,79627,81548,82248,83407,84502,78587,78306,81442,83775,86844,90254,90744,91386,94071,97536,99214,99576,103050,107874
 "18177","Wayne, IN",3,CAINC4,42,"...","Plus: Adjustment for residence 6/","Thousands of dollars",-18181,-18469,-16647,-18071,-17886,-18352,-16704,-19404,-20879,-24664,-27312,-28187,-31444,-28628,-26494,-29862,-30200,-28356,-31257,-34526,-37035,-37591,-40021,-43447,-44542,-56950,-69329,-70630,-71803,-77352,-82787,-81780,-73240,-72986,-66657,-65254,-60757,-56697,-62074,-66314,-55087,-57136,-53912,-38618,-30710,-36223,-47958,-57017,-70961,-74518,-74490,-62321,-56665,-68674
 "18177","Wayne, IN",3,CAINC4,45,"...","Equals: Net earnings by place of residence ","Thousands of dollars",235980,236117,241538,265170,293966,301531,295947,336809,365308,407274,439859,447591,476815,459245,476571,537111,560124,586648,616934,660395,720932,742116,743314,793324,822708,905805,935636,986519,1065391,1120422,1155469,1162431,1139437,1164053,1181055,1218126,1216401,1231815,1238111,1250632,1162366,1197027,1269727,1336106,1372237,1407444,1384218,1419603,1462059,1526163,1550660,1583559,1685486,1775183
 "18177","Wayne, IN",3,CAINC4,46,"...","Plus: Dividends, interest, and rent 7/","Thousands of dollars",39213,42657,45710,48302,53407,60185,66775,71463,79343,87557,96416,116221,141237,158061,165397,179468,186468,190874,189831,202101,224355,230581,230583,222838,228428,252840,257065,268958,287229,303970,284171,297545,291758,284971,290906,277475,272234,290383,320648,338428,305290,298201,329235,329280,327407,355269,340375,349697,365024,374253,379089,392981,404506,434118
 "18177","Wayne, IN",3,CAINC4,47,"...","Plus: Personal current transfer receipts ","Thousands of dollars",20727,24054,28987,31383,36462,43651,58994,59995,60860,66887,76607,92846,104983,117066,124475,128187,135038,142153,146375,157825,170136,185187,205071,233001,250210,255713,256923,274634,276957,286916,300082,321366,349998,368632,382217,404738,435074,465552,477645,541578,604803,634870,636580,667050,664073,707081,726746,746709,761226,786918,843740,1035647,1173009,1075877
 "18177","Wayne, IN",3,CAINC4,50,"...","Wages and salaries ","Thousands of dollars",215857,218897,218037,242024,264666,275361,265956,299126,326796,364208,398846,410086,445179,428819,440433,482033,501171,519870,552718,596488,627736,645851,651460,679997,710040,780723,836942,878309,928494,972374,1018249,1028903,1018997,1039096,1034436,1056725,1056712,1063526,1087140,1091517,1013670,1025392,1054852,1084107,1114875,1160149,1184356,1215522,1272260,1323562,1340584,1338053,1410302,1512260
 "18177","Wayne, IN",3,CAINC4,60,"...","Supplements to wages and salaries ","Thousands of dollars",23341,24476,25450,29902,33867,36230,37866,43227,50055,56979,63797,68610,76012,77364,83374,91327,96549,103633,112379,123189,134036,140675,146124,164059,172131,192956,193914,200553,209005,221206,231380,246428,235959,246692,254581,263118,272285,274746,282943,285592,254411,261733,267649,279119,277026,305284,297942,307831,316670,341032,340606,340765,340279,350164
 "18177","Wayne, IN",3,CAINC4,61,"..."," Employer contributions for employee pension and insurance funds 8/","Thousands of dollars",14652,15757,16358,18938,19874,21225,23437,26282,31325,35156,39353,43948,47500,49433,53748,57310,61601,67223,74491,81161,90084,94049,98593,114483,119922,134357,131355,135695,140558,149005,156038,171075,161789,170261,177027,183491,190737,192498,199536,201090,175824,183427,186207,195344,190182,215030,207198,216445,222599,243496,241392,241189,237229,242290
 "18177","Wayne, IN",3,CAINC4,62,"..."," Employer contributions for government social insurance ","Thousands of dollars",8689,8719,9092,10964,13993,15005,14429,16945,18730,21823,24444,24662,28512,27931,29626,34017,34948,36410,37888,42028,43952,46626,47531,49576,52209,58599,62559,64858,68447,72201,75342,75353,74170,76431,77554,79627,81548,82248,83407,84502,78587,78306,81442,83775,86844,90254,90744,91386,94071,97536,99214,99576,103050,107874
 "18177","Wayne, IN",3,CAINC4,70,"...","Proprietors' income 9/","Thousands of dollars",33109,29451,33758,33781,41654,39060,38594,47824,46480,53582,52946,46692,44836,38650,38768,60809,64039,66453,61121,62679,90200,92924,88493,100110,98359,116237,109493,117667,147622,157601,147661,126664,113716,112616,121407,130856,119147,124826,108367,120528,118801,137363,157856,172520,198366,172910,146623,153425,152193,154196,166799,194893,229271,233918
 "18177","Wayne, IN",3,CAINC4,71,"..."," Farm proprietors' income ","Thousands of dollars",6352,3323,5352,3503,9967,5800,4235,8337,3367,6170,4119,374,-434,-2466,-7008,5639,3772,2454,4137,-2682,6626,3573,-553,6583,2822,4116,-3082,3932,6306,692,-1808,5638,7183,-2437,12165,19586,13069,10972,5797,22029,22622,19339,24424,24912,48387,23794,2355,14272,16173,14054,15357,27080,41785,37972
 "18177","Wayne, IN",3,CAINC4,72,"..."," Nonfarm proprietors' income ","Thousands of dollars",26757,26128,28406,30278,31687,33260,34359,39487,43113,47412,48827,46318,45270,41116,45776,55170,60267,63999,56984,65361,83574,89351,89046,93527,95537,112121,112575,113735,141316,156909,149469,121026,106533,115053,109242,111270,106078,113854,102570,98499,96179,118024,133432,147608,149979,149116,144268,139153,136020,140142,151442,167813,187486,195946
 "18177","Wayne, IN",3,CAINC4,7010,"...","Total employment ","Number of jobs",39232,38883,37740,38653,40175,39560,36925,37732,38649,39737,39210,37849,37747,35719,35727,36803,36968,36955,37526,38700,39468,39821,38682,39187,41034,43711,43877,44782,45135,44985,44818,44207,43099,42936,41634,41231,40721,40236,40426,39741,37105,36665,37029,37427,37735,38456,38276,38416,38748,39278,38949,37278,37594,38753
 "18177","Wayne, IN",3,CAINC4,7020,"..."," Wage and salary employment ","Number of jobs",34312,33920,32541,33278,34620,33901,31250,32084,32959,34084,33635,32265,32086,29995,29954,31115,31317,31445,32084,33070,34000,34051,32935,33425,35029,37607,37606,38418,38687,39463,39476,38698,36621,36511,35239,34936,34347,33881,33784,33124,30606,30340,30644,31203,31464,32185,32045,32284,32580,33078,32846,30952,31054,31814
 "18177","Wayne, IN",3,CAINC4,7040,"..."," Proprietors employment ","Number of jobs",4920,4963,5199,5375,5555,5659,5675,5648,5690,5653,5575,5584,5661,5724,5773,5688,5651,5510,5442,5630,5468,5770,5747,5762,6005,6104,6271,6364,6448,5522,5342,5509,6478,6425,6395,6295,6374,6355,6642,6617,6499,6325,6385,6224,6271,6271,6231,6132,6168,6200,6103,6326,6540,6939
 "18179","Wells, IN",3,CAINC4,10,"...","Personal income (thousands of dollars) ","Thousands of dollars",88110,93637,102187,112451,135597,142998,152555,169998,182945,204413,223103,236326,256586,267807,273311,310538,325649,348594,374483,405871,435134,456305,459776,495788,521236,556236,568976,608438,647380,663913,679621,736451,724904,725299,748004,787559,786653,818035,861324,893922,864355,904568,963354,1006996,1056885,1069643,1069761,1084405,1111962,1158935,1195421,1295200,1432834,1454800
 "18179","Wells, IN",3,CAINC4,11,"..."," Nonfarm personal income 1/","Thousands of dollars",82243,88669,94818,106598,119894,131855,138775,157236,174733,195424,213767,227945,255002,263273,276629,299274,318218,338487,362896,399286,428943,448089,455770,488429,510872,545919,564024,592172,626732,650468,675475,723815,708165,720627,732754,758424,769998,802735,844250,861762,839706,883675,922242,959828,963458,1006714,1043327,1056521,1090078,1133005,1175884,1262439,1370168,1399942
 "18179","Wells, IN",3,CAINC4,12,"..."," Farm income 2/","Thousands of dollars",5867,4968,7369,5853,15703,11143,13780,12762,8212,8989,9336,8381,1584,4534,-3318,11264,7431,10107,11587,6585,6191,8216,4006,7359,10364,10317,4952,16266,20648,13445,4146,12636,16739,4672,15250,29135,16655,15300,17074,32160,24649,20893,41112,47168,93427,62929,26434,27884,21884,25930,19537,32761,62666,54858
 "18179","Wells, IN",3,CAINC4,20,"...","Population (persons) 3/","Number of persons",23542,23890,24341,24717,25090,25120,25341,25389,25472,25625,25569,25413,25408,25385,25324,24978,24988,25185,25733,25964,26032,25964,26097,26225,26373,26530,26868,27080,27321,27497,27521,27619,27626,27745,27803,27826,27820,27872,27836,27751,27620,27681,27743,27719,27734,27839,27882,27896,27972,28025,28178,28167,28177,28335
 "18179","Wells, IN",3,CAINC4,30,"...","Per capita personal income (dollars) 4/","Dollars",3743,3920,4198,4550,5404,5693,6020,6696,7182,7977,8726,9299,10099,10550,10793,12432,13032,13841,14553,15632,16715,17575,17618,18905,19764,20966,21177,22468,23695,24145,24695,26665,26240,26142,26904,28303,28277,29350,30943,32212,31295,32678,34724,36329,38108,38422,38367,38873,39753,41354,42424,45983,50851,51343
 "18179","Wells, IN",3,CAINC4,35,"...","Earnings by place of work ","Thousands of dollars",53135,56574,62265,69116,86940,88924,93342,107215,113204,126884,133718,139324,147338,146781,146525,172397,175906,190462,211560,230201,240538,248290,252994,277993,304244,330133,341476,367702,398916,419893,441740,468631,461200,457470,480994,499568,513147,518571,514568,531882,511432,524804,562789,605512,650643,654524,600077,610482,610268,653337,660577,683799,763820,800990
 "18179","Wells, IN",3,CAINC4,36,"...","Less: Contributions for government social insurance 5/","Thousands of dollars",3242,3491,3836,4694,6078,6984,7004,8394,9319,10756,11742,12429,14952,14935,15706,17124,18212,19530,21333,24771,26089,27568,29103,31394,34220,37565,39727,41207,44078,46227,49320,50367,49758,51058,53108,54167,57314,59226,59074,61021,60227,60804,56267,59105,67508,70733,69860,70758,71715,76130,79184,83270,88867,94290
 "18179","Wells, IN",3,CAINC4,37,"..."," Employee and self-employed contributions for government social insurance ","Thousands of dollars",1730,1871,2055,2453,3119,3626,3678,4261,4658,5323,5885,6311,7619,7676,7982,8599,9452,10214,11261,13045,13958,14663,15518,16677,18322,20235,21444,21957,23504,24414,26034,26777,26076,26940,27790,28259,30145,31584,31739,32666,32070,32714,26905,28566,36479,38629,37704,38238,39377,42534,44169,46392,49680,53514
 "18179","Wells, IN",3,CAINC4,38,"..."," Employer contributions for government social insurance ","Thousands of dollars",1512,1620,1781,2241,2959,3358,3326,4133,4661,5433,5857,6118,7333,7259,7724,8525,8760,9316,10072,11726,12131,12905,13585,14717,15898,17330,18283,19250,20574,21813,23286,23590,23682,24118,25318,25908,27169,27642,27335,28355,28157,28090,29362,30539,31029,32104,32156,32520,32338,33596,35015,36878,39187,40776
 "18179","Wells, IN",3,CAINC4,42,"...","Plus: Adjustment for residence 6/","Thousands of dollars",21274,20964,21472,23525,24908,25974,24998,27498,31002,34858,39752,37707,39393,39630,42442,49690,55911,62798,68842,74790,80690,84707,82965,86295,90835,94307,94924,95990,101029,91718,86960,104745,98927,104520,101851,105474,89829,92566,111919,98509,82126,89724,93852,83481,100272,98945,132166,128562,142500,142849,155029,149386,156994,175927
 "18179","Wells, IN",3,CAINC4,45,"...","Equals: Net earnings by place of residence ","Thousands of dollars",71167,74047,79901,87947,105770,107914,111336,126319,134887,150986,161728,164602,171779,171476,173261,204963,213605,233730,259069,280220,295139,305429,306856,332894,360859,386875,396673,422485,455867,465384,479380,523009,510369,510932,529737,550875,545662,551911,567413,569370,533331,553724,600374,629888,683407,682736,662383,668286,681053,720056,736422,749915,831947,882627
 "18179","Wells, IN",3,CAINC4,46,"...","Plus: Dividends, interest, and rent 7/","Thousands of dollars",11795,13582,15424,16983,20726,24386,27477,29570,33436,37171,42620,49012,58237,65220,66435,70536,75189,76589,76430,84776,97133,103132,99963,102383,97178,101715,102749,111140,115165,120743,117750,125532,118870,111959,111399,119848,114257,124825,145109,151571,144861,153138,165873,170768,167770,169032,181227,185003,192160,191366,196038,208239,212227,227613
 "18179","Wells, IN",3,CAINC4,47,"...","Plus: Personal current transfer receipts ","Thousands of dollars",5148,6008,6862,7521,9101,10698,13742,14109,14622,16256,18755,22712,26570,31111,33615,35039,36855,38275,38984,40875,42862,47744,52957,60511,63199,67646,69554,74813,76348,77786,82491,87910,95665,102408,106868,116836,126734,141299,148802,172981,186163,197706,197107,206340,205708,217875,226151,231116,238749,247513,262961,337046,388660,344560
 "18179","Wells, IN",3,CAINC4,50,"...","Wages and salaries ","Thousands of dollars",36510,40068,42107,48488,54838,60053,60571,72033,80334,89806,94947,100941,113991,110805,114997,121047,125965,133711,147238,166144,172813,178836,185758,200526,213847,231252,246417,262035,281808,300056,322830,331055,326484,330060,340376,344951,363267,367147,366278,372090,362182,370177,384628,413107,409260,434783,420533,425601,433097,459720,470686,476613,515254,554448
 "18179","Wells, IN",3,CAINC4,60,"...","Supplements to wages and salaries ","Thousands of dollars",4013,4476,4894,6032,7092,7977,8657,10399,12188,13950,14811,16156,18693,18958,20540,22423,24271,26824,29714,33865,37238,39083,42337,48352,52454,56752,57164,58941,61681,66924,72908,77232,81943,83404,88448,91301,99837,99698,100010,101115,97882,102026,102506,105554,102907,108909,106968,112806,112369,118306,116205,116179,119293,123699
 "18179","Wells, IN",3,CAINC4,61,"..."," Employer contributions for employee pension and insurance funds 8/","Thousands of dollars",2501,2856,3113,3791,4133,4619,5331,6266,7527,8517,8954,10038,11360,11699,12816,13898,15511,17508,19642,22139,25107,26178,28752,33635,36556,39422,38881,39691,41107,45111,49622,53642,58261,59286,63130,65393,72668,72056,72675,72760,69725,73936,73144,75015,71878,76805,74812,80286,80031,84710,81190,79301,80106,82923
 "18179","Wells, IN",3,CAINC4,62,"..."," Employer contributions for government social insurance ","Thousands of dollars",1512,1620,1781,2241,2959,3358,3326,4133,4661,5433,5857,6118,7333,7259,7724,8525,8760,9316,10072,11726,12131,12905,13585,14717,15898,17330,18283,19250,20574,21813,23286,23590,23682,24118,25318,25908,27169,27642,27335,28355,28157,28090,29362,30539,31029,32104,32156,32520,32338,33596,35015,36878,39187,40776
 "18179","Wells, IN",3,CAINC4,70,"...","Proprietors' income 9/","Thousands of dollars",12612,12030,15264,14596,25010,20894,24114,24783,20682,23128,23960,22227,14654,17018,10988,28927,25670,29927,34608,30192,30487,30371,24899,29115,37943,42129,37895,46726,55427,52913,46002,60344,52773,44006,52170,63316,50043,51726,48280,58677,51368,52601,75655,86851,138476,110832,72576,72075,64802,75311,73686,91007,129273,122843
 "18179","Wells, IN",3,CAINC4,71,"..."," Farm proprietors' income ","Thousands of dollars",5346,4441,6855,5336,15111,10434,12915,11677,6905,7851,8082,7067,257,3041,-4730,9894,6084,8880,10405,5322,4895,6760,2648,5949,8690,8589,3139,14392,18501,11062,1953,10503,14511,2655,12911,26470,14014,12717,13914,29070,21032,16938,37294,42431,88520,57773,22227,23584,16634,20182,15081,28002,58438,50033
 "18179","Wells, IN",3,CAINC4,72,"..."," Nonfarm proprietors' income ","Thousands of dollars",7266,7589,8409,9260,9899,10460,11199,13106,13777,15277,15878,15160,14397,13977,15718,19033,19586,21047,24203,24870,25592,23611,22251,23166,29253,33540,34756,32334,36926,41851,44049,49841,38262,41351,39259,36846,36029,39009,34366,29607,30336,35663,38361,44420,49956,53059,50349,48491,48168,55129,58605,63005,70835,72810
 "18179","Wells, IN",3,CAINC4,7010,"...","Total employment ","Number of jobs",9075,9129,9124,9876,10400,10482,10102,10646,11026,11340,11072,10969,11038,10684,10762,11152,11411,11685,12142,12658,12957,12885,12850,12866,13252,13739,14175,14833,15278,15194,15496,15720,15289,15026,15007,14854,14818,14945,14929,14841,14364,14178,14200,14403,14572,14415,14357,14573,14494,14657,14500,14220,14344,14716
 "18179","Wells, IN",3,CAINC4,7020,"..."," Wage and salary employment ","Number of jobs",6305,6488,6503,7006,7507,7585,7280,7853,8229,8543,8250,8103,8227,7741,7821,8164,8342,8602,8991,9536,9901,9819,9806,9879,10200,10639,10993,11593,12109,12176,12470,12620,12174,11983,11920,11763,11754,11764,11661,11576,11091,11024,11056,11343,11422,11313,11323,11433,11419,11473,11384,11038,11127,11313
 "18179","Wells, IN",3,CAINC4,7040,"..."," Proprietors employment ","Number of jobs",2770,2641,2621,2870,2893,2897,2822,2793,2797,2797,2822,2866,2811,2943,2941,2988,3069,3083,3151,3122,3056,3066,3044,2987,3052,3100,3182,3240,3169,3018,3026,3100,3115,3043,3087,3091,3064,3181,3268,3265,3273,3154,3144,3060,3150,3102,3034,3140,3075,3184,3116,3182,3217,3403
 "18181","White, IN",3,CAINC4,10,"...","Personal income (thousands of dollars) ","Thousands of dollars",78526,78436,89186,95883,124971,124555,146687,158099,163187,180160,203617,206835,230161,243689,239209,275253,283325,289471,309253,323040,376171,386981,384115,429767,466653,492272,511998,527692,536217,574126,590096,620795,621571,614074,620353,665508,684339,722102,769957,822189,779132,818861,882430,896109,951930,938420,932724,958779,962700,1025636,1066334,1165404,1282707,1294657
 "18181","White, IN",3,CAINC4,11,"..."," Nonfarm personal income 1/","Thousands of dollars",68730,70522,76315,84776,95871,106730,118378,132831,146446,164870,185361,201180,223137,236604,242963,267084,272360,284058,292912,321620,355502,369137,381812,410185,449005,474418,498549,498621,510370,561122,579221,603707,603939,599987,603081,630907,656206,697767,722782,757723,749934,777097,812672,848073,834567,875565,904934,919446,936528,998120,1048903,1116923,1211924,1227278
 "18181","White, IN",3,CAINC4,12,"..."," Farm income 2/","Thousands of dollars",9796,7914,12871,11107,29100,17825,28309,25268,16741,15290,18256,5655,7024,7085,-3754,8169,10965,5413,16341,1420,20669,17844,2303,19582,17648,17854,13449,29071,25847,13004,10875,17088,17632,14087,17272,34601,28133,24335,47175,64466,29198,41764,69758,48036,117363,62855,27790,39333,26172,27516,17431,48481,70783,67379
 "18181","White, IN",3,CAINC4,20,"...","Population (persons) 3/","Number of persons",20897,21049,21332,21332,21866,21989,22082,22563,22890,23293,23371,23884,23902,23990,23683,23421,23216,22975,22986,22977,23270,23285,23348,23720,23956,24090,24469,24922,24911,25171,25332,25246,25351,25240,25060,24976,24861,24830,24762,24871,24573,24697,24654,24574,24559,24638,24528,24399,24520,24557,24634,24668,24662,24598
 "18181","White, IN",3,CAINC4,30,"...","Per capita personal income (dollars) 4/","Dollars",3758,3726,4181,4495,5715,5664,6643,7007,7129,7735,8712,8660,9629,10158,10100,11752,12204,12599,13454,14059,16165,16619,16452,18118,19480,20435,20924,21174,21525,22809,23294,24590,24519,24329,24755,26646,27527,29082,31094,33058,31707,33156,35793,36466,38761,38088,38027,39296,39262,41766,43287,47244,52011,52633
 "18181","White, IN",3,CAINC4,35,"...","Earnings by place of work ","Thousands of dollars",53359,49461,57809,62622,86545,81447,94978,103919,102966,115060,131053,123322,135626,136149,126514,158365,159725,160972,177565,196044,237364,236149,227911,268461,309756,329531,331513,327780,319577,355418,372051,386950,368661,352791,346668,372282,381222,401929,430549,458024,402548,438225,499382,486270,560767,546921,518961,536666,513793,550019,561413,624068,692077,717921
 "18181","White, IN",3,CAINC4,36,"...","Less: Contributions for government social insurance 5/","Thousands of dollars",3093,2934,3269,3925,4971,5801,6000,7166,7838,9301,10835,11276,13193,13569,13572,15947,16215,17026,17529,21855,24620,25444,26632,29070,34015,36244,37127,34739,34578,38711,40432,41416,40222,39150,38938,40640,43284,45992,47416,48890,46907,49130,47502,48631,55654,61329,61601,61993,61406,65588,68665,75342,79316,84565
 "18181","White, IN",3,CAINC4,37,"..."," Employee and self-employed contributions for government social insurance ","Thousands of dollars",1666,1595,1775,2090,2609,3052,3176,3634,3914,4600,5391,5718,6737,7003,6964,8019,8417,8887,9274,11448,13084,13416,14201,15391,17792,19442,20398,19171,19033,21251,22190,22412,21585,21257,21092,21926,23436,25031,25861,26913,25848,26848,22913,23289,29787,32259,32963,33672,33717,36451,38313,42505,45600,48968
 "18181","White, IN",3,CAINC4,38,"..."," Employer contributions for government social insurance ","Thousands of dollars",1427,1339,1494,1835,2362,2749,2824,3532,3924,4701,5444,5558,6456,6566,6608,7928,7798,8139,8255,10407,11536,12028,12431,13679,16223,16802,16729,15568,15545,17460,18242,19004,18637,17893,17846,18714,19848,20961,21555,21977,21059,22282,24589,25342,25867,29070,28638,28321,27689,29137,30352,32837,33716,35597
 "18181","White, IN",3,CAINC4,42,"...","Plus: Adjustment for residence 6/","Thousands of dollars",8935,10069,10357,10941,11982,12448,12391,13132,14728,15859,16553,16881,17027,17131,18385,18983,22269,24625,28849,25273,25431,31591,36062,36547,29825,32797,40925,53886,66860,66040,69640,76189,85522,95094,103198,106717,109270,108510,113054,110000,108009,102057,101294,110099,109044,87508,91937,103890,119360,128123,133733,114756,113591,127981
 "18181","White, IN",3,CAINC4,45,"...","Equals: Net earnings by place of residence ","Thousands of dollars",59201,56596,64897,69638,93556,88094,101369,109885,109856,121618,136771,128927,139460,139711,131327,161401,165779,168571,188885,199462,238175,242296,237341,275938,305566,326084,335311,346927,351859,382747,401259,421723,413961,408735,410928,438359,447208,464447,496187,519134,463650,491152,553174,547738,614157,573100,549297,578563,571747,612554,626481,663482,726352,761337
 "18181","White, IN",3,CAINC4,46,"...","Plus: Dividends, interest, and rent 7/","Thousands of dollars",12780,14177,15529,16651,19970,22803,28516,30424,34467,37989,43061,49272,57730,66496,67346,72780,74385,75320,73663,75686,85534,86715,84141,84365,87552,90595,96950,96861,97833,101291,96226,100428,99009,89041,86900,99716,99087,108024,120993,131419,125827,124663,128145,142747,134823,147934,155494,150378,155620,170309,177845,178634,182704,194588
 "18181","White, IN",3,CAINC4,47,"...","Plus: Personal current transfer receipts ","Thousands of dollars",6545,7663,8760,9594,11445,13658,16802,17790,18864,20553,23785,28636,32971,37482,40536,41072,43161,45580,46705,47892,52462,57970,62633,69464,73535,75593,79737,83904,86525,90088,92611,98644,108601,116298,122525,127433,138044,149631,152777,171636,189655,203046,201111,205624,202950,217386,227933,229838,235333,242773,262008,323288,373651,338732
 "18181","White, IN",3,CAINC4,50,"...","Wages and salaries ","Thousands of dollars",34316,32457,34944,39638,44385,49481,51083,60176,66106,76012,86571,90035,98551,99611,97955,111732,110854,115108,119263,144680,160854,164038,166723,182581,213410,230371,237602,222385,215867,252225,264443,272819,256572,244563,239669,247836,258097,273433,278857,288315,272129,284380,302992,315080,324068,358220,364062,370691,365968,391230,403586,422721,448560,481351
 "18181","White, IN",3,CAINC4,60,"...","Supplements to wages and salaries ","Thousands of dollars",3599,3570,4009,4923,5653,6388,7163,8712,10151,12087,14636,15750,18117,18861,20245,24117,24014,25916,26162,34348,39169,39547,42051,49687,62021,64010,58787,52887,49258,56982,61836,66450,63609,60636,60502,63356,68186,71601,75151,76990,70051,74060,79504,82842,82612,96063,93888,95562,93354,102023,102432,107451,108749,111402
 "18181","White, IN",3,CAINC4,61,"..."," Employer contributions for employee pension and insurance funds 8/","Thousands of dollars",2172,2231,2515,3088,3291,3639,4339,5180,6227,7386,9192,10192,11661,12295,13637,16189,16216,17777,17907,23941,27633,27519,29620,36008,45798,47208,42058,37319,33713,39522,43594,47446,44972,42743,42656,44642,48338,50640,53596,55013,48992,51778,54915,57500,56745,66993,65250,67241,65665,72886,72080,74614,75033,75805
 "18181","White, IN",3,CAINC4,62,"..."," Employer contributions for government social insurance ","Thousands of dollars",1427,1339,1494,1835,2362,2749,2824,3532,3924,4701,5444,5558,6456,6566,6608,7928,7798,8139,8255,10407,11536,12028,12431,13679,16223,16802,16729,15568,15545,17460,18242,19004,18637,17893,17846,18714,19848,20961,21555,21977,21059,22282,24589,25342,25867,29070,28638,28321,27689,29137,30352,32837,33716,35597
 "18181","White, IN",3,CAINC4,70,"...","Proprietors' income 9/","Thousands of dollars",15444,13434,18856,18061,36507,25578,36732,35031,26709,26961,29846,17537,18958,17677,8314,22516,24857,19948,32140,17016,37341,32564,19137,36193,34325,35150,35124,52508,54452,46211,45772,47681,48480,47592,46497,61090,54939,56895,76541,92719,60368,79785,116886,88348,154087,92638,61011,70413,54471,56766,55395,93896,134768,125168
 "18181","White, IN",3,CAINC4,71,"..."," Farm proprietors' income ","Thousands of dollars",9101,7088,11944,10054,27756,16022,26323,22972,14167,13217,15948,3198,4521,4240,-6721,4982,7504,1912,12586,-2601,16553,13212,-2025,15087,12781,13249,9013,24846,21182,7239,5126,11119,10789,7511,9693,26067,19918,16522,37912,56139,20027,32185,60702,37113,106039,50982,18032,29319,14095,14200,6978,37343,60917,56273
 "18181","White, IN",3,CAINC4,72,"..."," Nonfarm proprietors' income ","Thousands of dollars",6343,6346,6912,8007,8751,9556,10409,12059,12542,13744,13898,14339,14437,13437,15035,17534,17353,18036,19554,19617,20788,19352,21162,21106,21544,21901,26111,27662,33270,38972,40646,36562,37691,40081,36804,35023,35021,40373,38629,36580,40341,47600,56184,51235,48048,41656,42979,41094,40376,42566,48417,56553,73851,68895
 "18181","White, IN",3,CAINC4,7010,"...","Total employment ","Number of jobs",9620,8943,9029,9845,10225,10206,10003,10627,10624,11062,11444,11065,10937,10504,10523,11119,10715,10734,10699,11390,12055,11897,11990,12453,13693,14666,14841,14120,13180,14267,14129,14198,13580,12674,11939,12029,12252,12392,12559,12260,11806,11942,12285,12457,12528,13011,12947,12685,12453,12714,12576,12510,12727,13052
 "18181","White, IN",3,CAINC4,7020,"..."," Wage and salary employment ","Number of jobs",6701,6077,6141,6760,7223,7254,7119,7708,7693,8120,8511,8121,8057,7608,7413,8101,7782,7951,8056,8787,9492,9285,9307,9881,11092,11975,11931,11092,10034,10995,11240,11237,10423,9533,8960,8960,9097,9186,9291,9141,8660,8880,9125,9345,9436,9858,9810,9704,9480,9794,9745,9495,9550,9696
 "18181","White, IN",3,CAINC4,7040,"..."," Proprietors employment ","Number of jobs",2919,2866,2888,3085,3002,2952,2884,2919,2931,2942,2933,2944,2880,2896,3110,3018,2933,2783,2643,2603,2563,2612,2683,2572,2601,2691,2910,3028,3146,3272,2889,2961,3157,3141,2979,3069,3155,3206,3268,3119,3146,3062,3160,3112,3092,3153,3137,2981,2973,2920,2831,3015,3177,3356
 "18183","Whitley, IN",3,CAINC4,10,"...","Personal income (thousands of dollars) ","Thousands of dollars",82771,87149,95417,104644,125981,130217,140215,159275,176661,193206,216111,230375,246915,257138,266506,308349,324178,355603,390135,418546,456762,472076,479973,529249,564470,604123,635572,673421,723454,758295,773223,822791,845101,850988,884382,932509,967871,1034152,1088385,1122723,1095006,1113840,1179482,1246182,1266290,1303623,1333266,1384458,1436211,1521706,1584985,1708073,1857664,1911166
 "18183","Whitley, IN",3,CAINC4,11,"..."," Nonfarm personal income 1/","Thousands of dollars",77809,82564,89403,99715,113755,124681,131529,150427,170611,191144,211359,224816,246996,257115,269506,301886,325117,353616,383901,417286,449945,462139,474843,520942,556108,596653,630970,665414,710350,752463,777227,821610,842802,855516,874798,914303,957597,1020992,1071710,1104248,1074034,1101892,1165447,1213327,1208855,1273842,1326132,1366731,1419050,1505320,1570527,1682753,1814343,1874055
 "18183","Whitley, IN",3,CAINC4,12,"..."," Farm income 2/","Thousands of dollars",4962,4585,6014,4929,12226,5536,8686,8848,6050,2062,4752,5559,-81,23,-3000,6463,-939,1987,6234,1260,6817,9937,5130,8307,8362,7470,4602,8007,13104,5832,-4004,1181,2299,-4528,9584,18206,10274,13160,16675,18475,20972,11948,14035,32855,57435,29781,7134,17727,17161,16386,14458,25320,43321,37111
 "18183","Whitley, IN",3,CAINC4,20,"...","Population (persons) 3/","Number of persons",23157,23469,23882,24048,24779,25012,25263,25380,25306,25758,25833,26233,26250,26364,26005,26284,26587,26832,27100,27373,27444,27735,28020,28373,28701,28922,29288,29670,29815,30217,30607,30634,30998,31278,31621,31841,32182,32597,32853,33047,33125,33351,33353,33328,33275,33433,33431,33455,33703,34003,33830,34338,34492,34627
 "18183","Whitley, IN",3,CAINC4,30,"...","Per capita personal income (dollars) 4/","Dollars",3574,3713,3995,4351,5084,5206,5550,6276,6981,7501,8366,8782,9406,9753,10248,11731,12193,13253,14396,15290,16643,17021,17130,18653,19667,20888,21701,22697,24265,25095,25263,26859,27263,27207,27968,29286,30075,31725,33129,33974,33057,33397,35364,37391,38055,38992,39881,41383,42614,44752,46851,49743,53858,55193
 "18183","Whitley, IN",3,CAINC4,35,"...","Earnings by place of work ","Thousands of dollars",49682,51299,56527,62049,78653,76303,78731,94491,104950,112775,124803,128194,132562,130103,138985,174457,182151,205551,242544,265346,299834,300048,301471,330869,347426,374045,378569,401201,438838,440456,441443,447181,450083,458970,499273,513001,536849,572282,601546,600040,569082,577856,611937,660494,691380,711772,714071,741774,775782,834976,875009,920107,1026575,1129543
 "18183","Whitley, IN",3,CAINC4,36,"...","Less: Contributions for government social insurance 5/","Thousands of dollars",3039,3168,3552,4256,5677,6402,6241,7643,8766,10115,11297,11536,13446,13397,14742,17894,19920,22231,25491,29270,32688,33292,34651,37118,39292,43143,44122,45992,49720,49997,51332,51407,50664,52664,56034,56837,61348,65406,68718,68830,66338,67303,63298,65527,75843,80766,84204,85915,90034,96894,103156,110012,121133,133406
 "18183","Whitley, IN",3,CAINC4,37,"..."," Employee and self-employed contributions for government social insurance ","Thousands of dollars",1630,1701,1904,2233,2932,3315,3276,3888,4396,5014,5665,5888,6909,6981,7507,8916,10170,11340,13059,15102,17087,17470,18200,19503,20714,22695,23468,24420,26412,26353,26887,26595,26869,28104,29739,30410,32737,35086,36932,37379,36033,36799,30673,31971,41282,44114,45687,46971,49802,54311,57767,62424,68712,76553
 "18183","Whitley, IN",3,CAINC4,38,"..."," Employer contributions for government social insurance ","Thousands of dollars",1409,1467,1648,2023,2745,3087,2965,3755,4370,5101,5632,5648,6537,6416,7235,8978,9750,10891,12432,14168,15601,15822,16451,17615,18578,20448,20654,21572,23308,23644,24445,24812,23795,24560,26295,26427,28611,30320,31786,31451,30305,30504,32625,33556,34561,36652,38517,38944,40232,42583,45389,47588,52421,56853
 "18183","Whitley, IN",3,CAINC4,42,"...","Plus: Adjustment for residence 6/","Thousands of dollars",19513,20193,21563,24501,26395,29409,29358,32181,36405,41726,47033,46272,48339,47358,46241,47651,50784,54348,54808,56358,53688,61936,65538,79586,94504,104350,122628,127872,133558,161133,174882,200349,209115,211547,204560,226606,228509,240099,243354,237108,210637,227309,238174,240209,238908,239436,243224,250879,261158,262338,256117,248085,247920,245332
 "18183","Whitley, IN",3,CAINC4,45,"...","Equals: Net earnings by place of residence ","Thousands of dollars",66156,68324,74538,82294,99371,99310,101848,119029,132589,144386,160539,162930,167455,164064,170484,204214,213015,237668,271861,292434,320834,328692,332358,373337,402638,435252,457075,483081,522676,551592,564993,596123,608534,617853,647799,682770,704010,746975,776182,768318,713381,737862,786813,835176,854445,870442,873091,906738,946906,1000420,1027970,1058180,1153362,1241469
 "18183","Whitley, IN",3,CAINC4,46,"...","Plus: Dividends, interest, and rent 7/","Thousands of dollars",10686,11910,12971,13869,16427,19091,22344,23991,27324,30339,34416,40869,48600,58977,58720,65038,69822,73528,73117,78554,83705,86695,87069,89348,91945,95771,101323,108838,116049,118582,114678,127160,125197,116076,113658,122551,122323,133824,153539,165748,167514,150296,166621,178346,178144,184419,201308,209309,212632,231015,246942,249135,240786,258456
 "18183","Whitley, IN",3,CAINC4,47,"...","Plus: Personal current transfer receipts ","Thousands of dollars",5929,6915,7908,8481,10183,11816,16023,16255,16748,18481,21156,26576,30860,34097,37302,39097,41341,44407,45157,47558,52223,56689,60546,66564,69887,73100,77174,81502,84729,88121,93552,99508,111370,117059,122925,127188,141538,153353,158664,188657,214111,225682,226048,232660,233701,248762,258867,268411,276673,290271,310073,400758,463516,411241
 "18183","Whitley, IN",3,CAINC4,50,"...","Wages and salaries ","Thousands of dollars",34799,36837,39576,44265,51934,55567,54283,66218,76137,85058,91721,93770,102050,98724,106701,125987,137774,153322,178509,199087,220503,217033,222716,238350,249105,273311,279674,298092,324760,329659,342423,348283,325506,334885,354923,357241,380012,402114,425836,422929,397240,404535,428977,445475,457821,489930,512443,525925,555053,597684,630151,646094,732914,824574
 "18183","Whitley, IN",3,CAINC4,60,"...","Supplements to wages and salaries ","Thousands of dollars",4381,4721,5258,6182,7404,8054,8323,10427,12790,14542,16197,16988,18957,19367,21869,25758,28938,33636,38836,44782,50528,50137,53308,62104,65776,71187,69109,69602,72126,73802,78078,84047,80293,83312,91187,92252,101417,107884,117757,119597,106482,107534,111595,117084,115986,129544,133400,138348,144061,157855,157994,160960,174271,184168
 "18183","Whitley, IN",3,CAINC4,61,"..."," Employer contributions for employee pension and insurance funds 8/","Thousands of dollars",2972,3254,3610,4159,4659,4967,5358,6672,8420,9441,10565,11340,12420,12951,14634,16780,19188,22745,26404,30614,34927,34315,36857,44489,47198,50739,48455,48030,48818,50158,53633,59235,56498,58752,64892,65825,72806,77564,85971,88146,76177,77030,78970,83528,81425,92892,94883,99404,103829,115272,112605,113372,121850,127315
 "18183","Whitley, IN",3,CAINC4,62,"..."," Employer contributions for government social insurance ","Thousands of dollars",1409,1467,1648,2023,2745,3087,2965,3755,4370,5101,5632,5648,6537,6416,7235,8978,9750,10891,12432,14168,15601,15822,16451,17615,18578,20448,20654,21572,23308,23644,24445,24812,23795,24560,26295,26427,28611,30320,31786,31451,30305,30504,32625,33556,34561,36652,38517,38944,40232,42583,45389,47588,52421,56853
 "18183","Whitley, IN",3,CAINC4,70,"...","Proprietors' income 9/","Thousands of dollars",10502,9741,11693,11602,19315,12682,16125,17846,16023,13175,16885,17436,11555,12012,10415,22712,15439,18593,25199,21477,28803,32878,25447,30415,32545,29547,29786,33507,41952,36995,20942,14851,44284,40773,53163,63508,55420,62284,57953,57514,65360,65787,71365,97935,117573,92298,68228,77501,76668,79437,86864,113053,119390,120801
 "18183","Whitley, IN",3,CAINC4,71,"..."," Farm proprietors' income ","Thousands of dollars",4359,3924,5316,4171,11249,4299,7384,7416,4511,799,3343,4063,-1622,-1718,-4623,4899,-2469,569,4827,-201,5349,8328,3661,6822,6733,5901,3061,6515,11442,3994,-5669,-400,642,-5996,7760,16016,8026,10891,13818,16039,18426,9429,11825,30333,54824,27035,4901,15447,14363,13328,12097,22795,41075,34534
 "18183","Whitley, IN",3,CAINC4,72,"..."," Nonfarm proprietors' income ","Thousands of dollars",6143,5817,6377,7431,8066,8383,8741,10430,11512,12376,13542,13373,13177,13730,15038,17813,17908,18024,20372,21678,23454,24550,21786,23593,25812,23646,26725,26992,30510,33001,26611,15251,43642,46769,45403,47492,47394,51393,44135,41475,46934,56358,59540,67602,62749,65263,63327,62054,62305,66109,74767,90258,78315,86267
 "18183","Whitley, IN",3,CAINC4,7010,"...","Total employment ","Number of jobs",9153,9165,9301,9688,10492,10484,9886,10431,11048,11362,11291,10798,10711,10295,10666,11374,11825,12186,13140,13642,14257,14068,13942,14166,14616,15340,15972,16457,16862,16641,15958,16017,15695,15371,15731,15754,16366,16758,17394,16941,15796,15612,15944,16223,16145,16626,16985,16883,16937,17454,17502,17351,17918,18717
 "18183","Whitley, IN",3,CAINC4,7020,"..."," Wage and salary employment ","Number of jobs",6575,6587,6689,6974,7661,7591,7005,7656,8202,8457,8362,7820,7708,7340,7506,8262,8739,9191,10210,10808,11418,11060,10878,11152,11579,12235,12641,12984,13422,13046,12807,12783,11849,11619,11936,11714,12229,12584,13075,12723,11626,11466,11721,12041,11979,12456,12798,12962,13038,13497,13747,13433,13786,14352
 "18183","Whitley, IN",3,CAINC4,7040,"..."," Proprietors employment ","Number of jobs",2578,2578,2612,2714,2831,2893,2881,2775,2846,2905,2929,2978,3003,2955,3160,3112,3086,2995,2930,2834,2839,3008,3064,3014,3037,3105,3331,3473,3440,3595,3151,3234,3846,3752,3795,4040,4137,4174,4319,4218,4170,4146,4223,4182,4166,4170,4187,3921,3899,3957,3755,3918,4132,4365
"Note: See the included footnote file."
"CAINC4: Personal income and employment by major component "
"Last updated: November 16, 2023-- new statistics for 2022; revised statistics for 1979-2021."
"U.S. Bureau of Economic Analysis"
