GeoFIPS,GeoName,Region,TableName,LineCode,IndustryClassification,Description,Unit,1969,1970,1971,1972,1973,1974,1975,1976,1977,1978,1979,1980,1981,1982,1983,1984,1985,1986,1987,1988,1989,1990,1991,1992,1993,1994,1995,1996,1997,1998,1999,2000,2001,2002,2003,2004,2005,2006,2007,2008,2009,2010,2011,2012,2013,2014,2015,2016,2017,2018,2019,2020,2021,2022
 "36000","New York",2,CAINC45,10,"...","Cash receipts from marketings (thousands of dollars) ","Thousands of dollars",1134853,1145965,1164123,1167484,1416121,1568404,1624438,1780639,1785724,1998783,2377212,2589883,2782007,2644997,2689312,2751435,2618286,2627827,2712590,2751743,2952794,2984133,2870832,2932622,2989201,2980856,3024504,3156847,2917576,3269714,3273790,3226677,3522134,3232575,3122504,3616819,3661183,3509311,4451199,4950806,4084260,4732089,5496192,5556598,5765599,6457554,5337113,5078299,5261443,5057905,5372312,5400635,5958442,7669004
 "36000","New York",2,CAINC45,20,"..."," Cash receipts: Livestock and products ","Thousands of dollars",848249,855165,856983,888014,1018967,1092265,1124937,1288315,1274846,1432561,1749477,1892612,1987541,1935686,2003799,1994313,1907659,1860672,1877342,1849059,2015157,2082118,1898395,1999636,2062692,2055167,2047726,2220171,1924953,2199303,2170945,2017589,2338992,1989424,1905337,2325580,2353891,2040763,2780502,2829889,2113612,2697956,3366732,3266863,3511223,4316785,3353935,3060603,3333681,3162055,3414020,3307275,3591134,5005439
 "36000","New York",2,CAINC45,60,"..."," Cash receipts: Crops ","Thousands of dollars",286604,290800,307140,279470,397154,476139,499501,492324,510878,566222,627735,697271,794466,709311,685513,757122,710627,767155,835248,902684,937637,902015,972437,932986,926509,925689,976778,936676,992623,1070411,1102845,1209088,1183142,1243151,1217167,1291239,1307292,1468548,1670697,2120917,1970648,2034133,2129460,2289735,2254376,2140769,1983178,2017696,1927762,1895850,1958292,2093360,2367308,2663565
 "36000","New York",2,CAINC45,120,"...","Other income ","Thousands of dollars",48936,46185,41781,46723,50019,50705,50821,55245,55960,73423,74991,76080,80424,97360,121313,149038,131707,157744,181235,164501,159473,142123,123992,139258,166912,140125,145291,130349,154232,176131,266545,350946,234616,330347,345805,304058,314921,283775,247917,330357,447774,429665,383656,607496,667777,505648,429973,360264,490924,396608,665266,981848,519560,650762
 "36000","New York",2,CAINC45,130,"..."," Government payments ","Thousands of dollars",25453,22009,16619,19939,14577,6003,5921,5979,8576,22475,9036,5821,6910,13767,38995,63690,43117,76690,109304,86787,76025,59304,41242,47872,72286,42417,43563,43401,39623,60799,120397,160218,114039,159239,162288,82076,143240,127875,62892,69113,149015,65961,57385,104277,70996,24460,59934,77127,66750,73938,115412,680308,256398,79523
 "36000","New York",2,CAINC45,140,"..."," Imputed and miscellaneous income received 1/","Thousands of dollars",23483,24176,25162,26784,35442,44702,44900,49266,47384,50948,65955,70259,73514,83593,82318,85348,88590,81054,71931,77714,83448,82819,82750,91386,94626,97708,101728,86948,114609,115332,146148,190728,120577,171108,183517,221982,171681,155900,185025,261244,298759,363704,326271,503219,596781,481188,370039,283137,424174,322670,549854,301540,263162,571239
 "36000","New York",2,CAINC45,150,"...","Production expenses ","Thousands of dollars",839706,875624,912307,934161,1129518,1419161,1506934,1617656,1704156,1852157,2218124,2452547,2643872,2585157,2681184,2634840,2398294,2308051,2316255,2364153,2576882,2686891,2661014,2618253,2692467,2840637,2995943,2945875,3067546,3160059,3135846,3131821,3300731,3521156,3152269,3270826,3163600,3419633,3954918,4219991,4025161,4039669,4172556,4826815,4892681,5306518,4979501,4912787,4819247,4931478,4549379,4920328,4918087,5962993
 "36000","New York",2,CAINC45,160,"..."," Feed purchased ","Thousands of dollars",189720,206655,205363,196330,272685,368019,341502,392280,372544,379209,442681,518978,545964,444460,504060,444853,398665,399032,371865,393322,443736,445786,437203,438373,424208,401502,431676,418202,484335,529451,509595,472894,511640,534180,462231,471115,392414,426093,502403,626111,542798,621062,669030,765776,830672,860724,854035,777457,846924,838311,799554,881375,841182,818215
 "36000","New York",2,CAINC45,170,"..."," Livestock purchased ","Thousands of dollars",60098,61494,62100,63474,74737,74601,73276,83643,83222,98389,158273,135762,131968,95487,91656,86923,68366,73412,98770,78904,109809,118155,115612,113243,156925,156374,180524,154714,111258,122325,139441,113415,147620,122666,66532,86397,122053,138410,117208,95586,122011,109198,127632,139833,119004,160892,104228,106633,98651,129066,130840,140870,150280,140702
 "36000","New York",2,CAINC45,180,"..."," Seed purchased ","Thousands of dollars",21640,22252,23986,23476,32458,40829,41188,50516,54574,54662,58080,62146,63761,56883,48032,60190,55359,56160,57155,70732,76083,77617,87241,71555,72173,82833,96676,112241,123962,132408,112393,129824,130384,167905,173711,158271,143090,147769,185191,201619,191164,186684,195645,232560,241505,260055,244487,272811,289489,275014,235933,264882,221459,398826
 "36000","New York",2,CAINC45,190,"..."," Fertilizer and lime (incl. ag. chemicals 1978-fwd.) ","Thousands of dollars",55098,54798,60699,66280,76558,109485,123582,111795,113382,133506,164352,186515,188665,179640,170320,188998,172966,154677,155355,154220,172577,177306,191595,175049,156344,188579,215485,192568,213034,209998,195681,192008,210438,192027,194405,206075,217704,233806,261130,305065,277811,283358,319541,383897,396534,418587,353968,346292,304464,350994,313355,361495,391069,509961
 "36000","New York",2,CAINC45,200,"..."," Petroleum products purchased ","Thousands of dollars",32627,31776,32903,31961,35752,51125,64019,78185,86002,91554,109475,149838,160100,140503,130102,131133,114965,93721,86968,84308,84171,103533,100387,92356,94126,93441,102409,111370,111276,101239,93654,124200,119751,111805,122115,150958,172369,197828,241822,277836,223330,234059,272739,321396,354291,359211,269914,227270,242656,239133,235998,216852,243793,358151
 "36000","New York",2,CAINC45,210,"..."," Hired farm labor expenses 2/","Thousands of dollars",125166,124373,132502,132548,158526,183415,210013,211562,237419,230314,255380,265975,262246,294336,284566,294494,302176,278125,285708,316112,343651,398490,391696,373258,413817,423259,476291,475220,503905,527130,478781,537869,568435,706860,620009,629668,521976,583200,711336,657977,635976,603152,542309,751262,761549,818806,698685,772496,723599,681303,563641,605893,571878,863445
 "36000","New York",2,CAINC45,220,"..."," All other production expenses 3/","Thousands of dollars",355357,374276,394754,420092,478802,591687,653354,689675,757013,864523,1029883,1133333,1291168,1373848,1452448,1428249,1285797,1252924,1260434,1266555,1346855,1366004,1337280,1354419,1374874,1494649,1492882,1481560,1519776,1537508,1606301,1561611,1612463,1685713,1513266,1568342,1593994,1692527,1935828,2055797,2032071,2002156,2045660,2232091,2189126,2428243,2454184,2409828,2313464,2417657,2270058,2448961,2498426,2873693
 "36000","New York",2,CAINC45,240,"...","Value of inventory change ","Thousands of dollars",-11168,-7294,403,-40398,7974,76726,19567,-10634,-29509,8473,84712,62163,91300,80910,-43378,-29178,-39181,-43600,-56633,-164739,-8713,23529,-19137,-1010,-14147,58382,-52563,58968,-6164,-20943,-17060,-114895,32127,49964,43107,1870,-106921,85208,44689,17131,-95057,-3562,-87896,-55824,91129,-93931,-67690,-75748,-37789,-36126,-155883,-162490,77736,-228354
 "36000","New York",2,CAINC45,250,"..."," Value of inventory change: livestock ","Thousands of dollars",-8353,-5129,-5655,-1792,9046,29235,10534,-19769,-37539,-24195,56603,44206,96950,39358,13626,-26370,-65668,-50360,-50376,-80675,-5480,5778,5917,1068,-17197,-34411,21987,21021,-43343,-17469,-287,-71611,8760,65895,-30266,-7472,-13712,26789,22854,-76779,31274,-5424,7520,-11156,58452,-10813,31377,46870,-22294,-33322,13665,-39412,-1217,10903
 "36000","New York",2,CAINC45,260,"..."," Value of inventory change: crops ","Thousands of dollars",-2815,-2165,6058,-38606,-1072,47491,9033,9135,8030,32668,28109,17957,-5650,41552,-57004,-2808,26487,6760,-6257,-84064,-3233,17751,-17236,-27070,9183,59005,-36116,9798,25563,-15945,14363,-60090,38966,-49421,96562,-13998,-47885,29553,-9150,84992,-125938,-39814,-83236,-62688,37719,-107599,-122555,-120816,-16775,-4046,-159486,-132751,56183,-240150
 "36000","New York",2,CAINC45,265,"..."," Value of inventory change: materials and supplies ","Thousands of dollars",(NA),(NA),(NA),(NA),(NA),(NA),(NA),(NA),(NA),(NA),(NA),(NA),(NA),(NA),(NA),(NA),(NA),(NA),(NA),(NA),(NA),(NA),-7818,24992,-6133,33788,-38434,28149,11616,12471,-31136,16806,-15599,33490,-23189,23340,-45324,28866,30985,8918,-393,41676,-12180,18020,-5042,24481,23488,-1802,1280,1242,-10062,9673,22770,893
 "36000","New York",2,CAINC45,270,"...","Cash receipts and other income ","Thousands of dollars",1183789,1192150,1205904,1214207,1466140,1619109,1675259,1835884,1841684,2072206,2452203,2665963,2862431,2742357,2810625,2900473,2749993,2785571,2893825,2916244,3112267,3126256,2994824,3071880,3156113,3120981,3169795,3287196,3071808,3445845,3540335,3577623,3756750,3562922,3468309,3920877,3976104,3793086,4699116,5281163,4532034,5161754,5879848,6164094,6433376,6963202,5767086,5438563,5752367,5454513,6037578,6382483,6478002,8319766
 "36000","New York",2,CAINC45,280,"..."," Less: Production expenses ","Thousands of dollars",839706,875624,912307,934161,1129518,1419161,1506934,1617656,1704156,1852157,2218124,2452547,2643872,2585157,2681184,2634840,2398294,2308051,2316255,2364153,2576882,2686891,2661014,2618253,2692467,2840637,2995943,2945875,3067546,3160059,3135846,3131821,3300731,3521156,3152269,3270826,3163600,3419633,3954918,4219991,4025161,4039669,4172556,4826815,4892681,5306518,4979501,4912787,4819247,4931478,4549379,4920328,4918087,5962993
 "36000","New York",2,CAINC45,290,"...","Equals: Realized net income ","Thousands of dollars",344083,316526,293597,280046,336622,199948,168325,218228,137528,220049,234079,213416,218559,157200,129441,265633,351699,477520,577570,552091,535385,439365,333810,453627,463646,280344,173852,341321,4262,285786,404489,445802,456019,41766,316040,650051,812504,373453,744198,1061172,506873,1122085,1707292,1337279,1540695,1656684,787585,525776,933120,523035,1488199,1462155,1559915,2356773
 "36000","New York",2,CAINC45,300,"..."," Plus: Value of inventory change ","Thousands of dollars",-11168,-7294,403,-40398,7974,76726,19567,-10634,-29509,8473,84712,62163,91300,80910,-43378,-29178,-39181,-43600,-56633,-164739,-8713,23529,-19137,-1010,-14147,58382,-52563,58968,-6164,-20943,-17060,-114895,32127,49964,43107,1870,-106921,85208,44689,17131,-95057,-3562,-87896,-55824,91129,-93931,-67690,-75748,-37789,-36126,-155883,-162490,77736,-228354
 "36000","New York",2,CAINC45,310,"...","Equals: Net income including corporate farms ","Thousands of dollars",332915,309232,294000,239648,344596,276674,187892,207594,108019,228522,318791,275579,309859,238110,86063,236455,312518,433920,520937,387352,526672,462894,314673,452617,449499,338726,121289,400289,-1902,264843,387429,330907,488146,91730,359147,651921,705583,458661,788887,1078303,411816,1118523,1619396,1281455,1631824,1562753,719895,450028,895331,486909,1332316,1299665,1637651,2128419
 "36000","New York",2,CAINC45,320,"..."," Less: Net income of corporate farms ","Thousands of dollars",12212,10577,11998,13104,29862,14669,13761,12241,7509,20784,28575,6400,22933,8903,-5359,16723,27095,34894,44178,28859,62085,57819,34514,62720,49288,53716,13045,72527,-609,38444,43530,48136,78534,15455,68491,142540,127013,75296,151054,207197,61052,190100,306645,211788,203066,177551,33580,41945,91750,117139,225710,251820,383823,542493
 "36000","New York",2,CAINC45,330,"..."," Plus: Statistical adjustment ","Thousands of dollars",9,7,7,7,7,3,0,-5,-2,4,3,-2,8,-9,2,6,5,7,2,3,-8,1,5,7,5,-5,-7,4,5,-3,4,-7,-7,3,-2,-6,-6,0,-2,-2,-7,6,-6,3,-1,4,0,-3,-2,-4,5,6,-2,-5
 "36000","New York",2,CAINC45,340,"...","Equals: Farm proprietors' income ","Thousands of dollars",320712,298662,282009,226551,314741,262008,174131,195348,100508,207742,290219,269177,286934,229198,91424,219738,285428,399033,476761,358496,464579,405076,280164,389904,400216,285005,108237,327766,-1288,226396,343903,282764,409605,76278,290654,509375,578564,383365,637831,871104,350757,928429,1312745,1069670,1428757,1385206,686315,408080,803579,369766,1106611,1047851,1253826,1585921
 "36000","New York",2,CAINC45,350,"..."," Plus: Farm wages and salaries ","Thousands of dollars",107460,109081,114419,113090,138944,161837,182664,179471,199487,194609,216055,228136,225946,260116,247443,243609,243762,224207,221913,251033,266538,313053,304363,295835,321388,313448,351194,366376,387327,391064,357207,415862,429573,540275,495207,491109,403456,450059,546053,501567,466913,463175,402742,602903,608548,651710,529439,601375,574061,540134,429378,464634,441076,629153
 "36000","New York",2,CAINC45,360,"..."," Plus: Farm supplements to wages and salaries ","Thousands of dollars",11391,11867,13263,13323,16616,19864,22547,26173,31454,30811,32999,32771,29700,29005,31871,31001,31696,30882,32888,35730,45520,56666,62062,62909,71689,73328,78945,72673,69801,70498,67748,79454,91063,95447,87817,86519,77071,89407,127963,155327,134920,128253,119928,148665,171938,175059,160620,175532,189100,148188,133727,132956,140284,227814
 "36000","New York",2,CAINC45,370,"...","Equals: Farm earnings ","Thousands of dollars",439563,419610,409691,352964,470301,443709,379342,400992,331449,433162,539273,530084,542580,518319,370738,494348,560886,654122,731562,645259,776637,774795,646589,748648,793293,671781,538376,766815,455840,687958,768858,778080,930241,712000,873678,1087003,1059091,922831,1311847,1527998,952590,1519857,1835415,1821238,2209243,2211975,1376374,1184987,1566740,1058088,1669716,1645441,1835186,2442888
 "36001","Albany, NY",2,CAINC45,10,"...","Cash receipts from marketings (thousands of dollars) ","Thousands of dollars",8012,8194,8459,8787,10659,11510,12577,14149,14618,16644,18328,18983,19168,16921,17444,18036,17279,17832,19099,18964,19966,18779,18401,18755,20044,19277,19049,16848,15139,16285,16491,16630,17043,18965,18391,20585,21912,22032,22068,34525,35500,40793,47594,52276,48482,51508,46623,45730,45579,46981,48286,49117,52491,61399
 "36001","Albany, NY",2,CAINC45,20,"..."," Cash receipts: Livestock and products ","Thousands of dollars",5372,5295,5205,5373,6179,6292,6163,7029,6870,7853,10446,11103,11877,11503,12037,11919,11551,11198,11824,11191,11475,10491,9800,9503,11470,10637,10274,8759,9111,9591,9891,9338,9967,9296,8687,10519,11218,10093,10347,11274,9070,11051,13824,14467,13822,16706,12528,10583,11075,10720,11084,10881,11801,15504
 "36001","Albany, NY",2,CAINC45,60,"..."," Cash receipts: Crops ","Thousands of dollars",2640,2899,3254,3414,4480,5218,6414,7120,7748,8791,7882,7880,7291,5418,5407,6117,5728,6634,7275,7773,8491,8288,8601,9252,8574,8640,8775,8089,6028,6694,6600,7292,7076,9669,9704,10066,10694,11939,11721,23251,26430,29742,33770,37809,34660,34802,34095,35147,34504,36261,37202,38236,40690,45895
 "36001","Albany, NY",2,CAINC45,120,"...","Other income ","Thousands of dollars",419,412,358,401,441,512,519,546,518,578,633,665,684,759,847,1021,830,1688,999,1100,1104,962,879,929,1023,900,798,749,780,898,1405,1818,1369,1793,1879,1675,1510,1700,1415,2344,3136,4457,3800,6753,7032,5299,3593,2832,3379,2623,4614,6076,3613,5147
 "36001","Albany, NY",2,CAINC45,130,"..."," Government payments ","Thousands of dollars",162,150,87,116,66,41,51,43,45,124,53,45,44,60,180,378,221,1149,601,651,604,439,330,301,450,378,323,379,379,379,679,813,675,712,735,310,455,744,292,309,487,625,271,355,328,90,209,419,322,141,249,4052,1580,338
 "36001","Albany, NY",2,CAINC45,140,"..."," Imputed and miscellaneous income received 1/","Thousands of dollars",257,262,271,285,375,471,468,503,473,454,580,620,640,699,667,643,609,539,398,449,500,523,549,628,573,522,475,370,401,519,726,1005,694,1081,1144,1365,1055,956,1123,2035,2649,3832,3529,6398,6704,5209,3384,2413,3057,2482,4365,2024,2033,4809
 "36001","Albany, NY",2,CAINC45,150,"...","Production expenses ","Thousands of dollars",6376,6603,6861,7148,8411,10510,11785,12925,13989,15980,17474,17773,17859,16343,17506,17861,16809,16785,17871,17494,18978,19202,18684,18317,18761,19094,19388,17819,17658,20280,22643,24558,28080,31629,25416,24338,22426,22120,21618,26627,29205,31832,35643,45692,45309,49254,44870,46019,45629,45398,40457,44112,42051,58529
 "36001","Albany, NY",2,CAINC45,160,"..."," Feed purchased ","Thousands of dollars",1311,1423,1411,1346,1867,2538,2306,2553,2337,2419,2645,2935,2930,2261,2682,2470,2330,2440,2390,2318,2395,2186,1952,1800,1718,1621,1738,1657,1900,2105,2050,1927,2106,2225,1919,1944,1615,1762,2053,2607,2293,2655,2889,3338,3460,3411,3202,2738,2778,2749,2622,2891,2759,2684
 "36001","Albany, NY",2,CAINC45,170,"..."," Livestock purchased ","Thousands of dollars",376,391,401,416,494,503,579,732,787,1040,1846,1754,1882,1500,1613,1683,1455,1685,2449,1786,2234,2019,1911,1645,2544,2285,2483,1613,1362,1774,2580,2476,3482,3491,1693,2024,2702,2772,1473,1541,2474,2472,3310,4318,2962,3317,1616,1115,505,663,662,711,761,665
 "36001","Albany, NY",2,CAINC45,180,"..."," Seed purchased ","Thousands of dollars",146,141,144,135,179,218,245,323,367,402,397,394,375,311,259,319,288,285,280,352,384,395,447,378,386,461,545,645,695,905,887,1149,1263,1753,1647,1352,1094,1008,1101,2865,4154,5338,6824,9460,10454,11902,11778,13778,15275,14512,12449,13977,11685,21044
 "36001","Albany, NY",2,CAINC45,190,"..."," Fertilizer and lime (incl. ag. chemicals 1978-fwd.) ","Thousands of dollars",281,268,287,303,341,476,544,493,495,610,755,862,883,852,814,908,837,745,751,761,868,903,985,931,759,852,896,729,728,920,1049,1235,1582,1665,1435,1288,1146,1032,936,1131,1057,1103,1267,1549,1591,1670,1403,1364,1190,1372,1225,1413,1529,1994
 "36001","Albany, NY",2,CAINC45,200,"..."," Petroleum products purchased ","Thousands of dollars",305,302,316,310,350,506,693,885,999,1136,1188,1454,1415,1139,1036,1019,871,680,602,587,588,722,702,659,655,647,700,747,726,789,846,1282,1386,1437,1349,1478,1534,1635,1853,2038,1572,1587,1785,2036,2286,2361,1811,1559,1708,1683,1661,1526,1716,2521
 "36001","Albany, NY",2,CAINC45,210,"..."," Hired farm labor expenses 2/","Thousands of dollars",1214,1234,1343,1373,1670,1991,2581,2823,3388,3634,3382,2990,2460,2296,2209,2273,2325,2112,2116,2206,2267,2488,2304,2169,2320,2324,2548,2518,2561,2954,2901,3529,3950,5138,4154,3893,2959,3030,3301,4054,4820,5553,5702,9323,9247,9697,8071,8870,8328,7862,6291,6821,6489,9939
 "36001","Albany, NY",2,CAINC45,220,"..."," All other production expenses 3/","Thousands of dollars",2743,2844,2959,3265,3510,4278,4837,5116,5616,6739,7261,7384,7914,7984,8893,9189,8703,8838,9283,9484,10242,10489,10383,10735,10379,10904,10478,9910,9686,10833,12330,12960,14311,15920,13219,12359,11376,10881,10901,12391,12835,13124,13866,15668,15309,16896,16989,16595,15845,16557,15547,16773,17112,19682
 "36001","Albany, NY",2,CAINC45,240,"...","Value of inventory change ","Thousands of dollars",-83,5,41,-105,86,355,77,3,-303,1,449,354,-178,1445,-124,-285,-279,-197,-462,-1109,-110,22,-121,-194,-90,168,-304,276,-203,-251,-195,-396,275,321,378,-300,-818,570,258,-143,-230,172,-176,-331,1024,-412,-269,-206,272,-14,-808,-1063,1604,-554
 "36001","Albany, NY",2,CAINC45,250,"..."," Value of inventory change: livestock ","Thousands of dollars",-58,-34,-37,-11,55,188,65,-123,-242,-159,328,254,559,199,71,-138,-491,-314,-357,-551,-27,36,18,13,-112,-228,134,128,-264,-112,2,-419,52,468,-205,-42,-96,174,90,-392,175,-30,46,-66,383,-65,162,244,-96,-157,62,-192,-2,50
 "36001","Albany, NY",2,CAINC45,260,"..."," Value of inventory change: crops ","Thousands of dollars",-25,39,78,-94,31,167,12,126,-61,160,121,100,-737,1246,-195,-147,212,117,-105,-558,-83,-14,-99,-327,51,241,-265,25,11,-200,-28,-77,323,-377,730,-395,-473,248,21,197,-402,-110,-123,-422,687,-580,-665,-431,354,129,-760,-977,1358,-614
 "36001","Albany, NY",2,CAINC45,265,"..."," Value of inventory change: materials and supplies ","Thousands of dollars",(NA),(NA),(NA),(NA),(NA),(NA),(NA),(NA),(NA),(NA),(NA),(NA),(NA),(NA),(NA),(NA),(NA),(NA),(NA),(NA),(NA),(NA),-40,120,-29,155,-173,123,50,61,-169,100,-100,230,-147,137,-249,148,147,52,-3,312,-99,157,-46,233,234,-19,14,14,-110,106,248,10
 "36001","Albany, NY",2,CAINC45,270,"...","Cash receipts and other income ","Thousands of dollars",8431,8606,8817,9188,11100,12022,13096,14695,15136,17222,18961,19648,19852,17680,18291,19057,18109,19520,20098,20064,21070,19741,19280,19684,21067,20177,19847,17597,15919,17183,17896,18448,18412,20758,20270,22260,23422,23732,23483,36869,38636,45250,51394,59029,55514,56807,50216,48562,48958,49604,52900,55193,56104,66546
 "36001","Albany, NY",2,CAINC45,280,"..."," Less: Production expenses ","Thousands of dollars",6376,6603,6861,7148,8411,10510,11785,12925,13989,15980,17474,17773,17859,16343,17506,17861,16809,16785,17871,17494,18978,19202,18684,18317,18761,19094,19388,17819,17658,20280,22643,24558,28080,31629,25416,24338,22426,22120,21618,26627,29205,31832,35643,45692,45309,49254,44870,46019,45629,45398,40457,44112,42051,58529
 "36001","Albany, NY",2,CAINC45,290,"...","Equals: Realized net income ","Thousands of dollars",2055,2003,1956,2040,2689,1512,1311,1770,1147,1242,1487,1875,1993,1337,785,1196,1300,2735,2227,2570,2092,539,596,1367,2306,1083,459,-222,-1739,-3097,-4747,-6110,-9668,-10871,-5146,-2078,996,1612,1865,10242,9431,13418,15751,13337,10205,7553,5346,2543,3329,4206,12443,11081,14053,8017
 "36001","Albany, NY",2,CAINC45,300,"..."," Plus: Value of inventory change ","Thousands of dollars",-83,5,41,-105,86,355,77,3,-303,1,449,354,-178,1445,-124,-285,-279,-197,-462,-1109,-110,22,-121,-194,-90,168,-304,276,-203,-251,-195,-396,275,321,378,-300,-818,570,258,-143,-230,172,-176,-331,1024,-412,-269,-206,272,-14,-808,-1063,1604,-554
 "36001","Albany, NY",2,CAINC45,310,"...","Equals: Net income including corporate farms ","Thousands of dollars",1972,2008,1997,1935,2775,1867,1388,1773,844,1243,1936,2229,1815,2782,661,911,1021,2538,1765,1461,1982,561,475,1173,2216,1251,155,54,-1942,-3348,-4942,-6506,-9393,-10550,-4768,-2378,178,2182,2123,10099,9201,13590,15575,13006,11229,7141,5077,2337,3601,4192,11635,10018,15657,7463
 "36001","Albany, NY",2,CAINC45,320,"..."," Less: Net income of corporate farms ","Thousands of dollars",23,25,30,50,90,39,36,47,19,39,63,16,35,26,4,24,41,113,95,66,163,57,39,190,285,262,30,17,-711,-1233,-1872,-2143,-2190,-2036,-1232,-555,36,396,485,2040,1319,3223,5200,4112,3078,1983,647,719,919,2235,4245,3985,7760,4272
 "36001","Albany, NY",2,CAINC45,330,"..."," Plus: Statistical adjustment ","Thousands of dollars",0,0,0,0,0,0,0,0,0,0,0,0,0,0,0,0,0,0,0,0,0,0,0,0,0,0,0,0,0,0,0,0,0,0,0,0,0,0,0,0,0,0,0,0,0,0,0,0,0,0,0,0,0,0
 "36001","Albany, NY",2,CAINC45,340,"...","Equals: Farm proprietors' income ","Thousands of dollars",1949,1983,1967,1885,2685,1828,1352,1726,825,1204,1873,2213,1780,2756,657,887,980,2425,1670,1395,1819,504,436,983,1931,989,125,37,-1231,-2115,-3070,-4363,-7203,-8514,-3536,-1823,142,1786,1638,8059,7882,10367,10375,8894,8151,5158,4430,1618,2682,1957,7390,6033,7897,3191
 "36001","Albany, NY",2,CAINC45,350,"..."," Plus: Farm wages and salaries ","Thousands of dollars",1145,1196,1287,1303,1657,1946,2440,2620,3135,3264,3077,2744,2289,2163,2051,1997,1952,1760,1689,1795,1801,2007,1853,1719,1841,1762,1940,1991,2069,2288,2249,2782,3028,3976,3334,3027,2286,2340,2601,3397,4012,4747,4738,7933,8010,8576,6967,7913,7552,7107,5651,6114,5804,8281
 "36001","Albany, NY",2,CAINC45,360,"..."," Plus: Farm supplements to wages and salaries ","Thousands of dollars",124,129,145,147,186,223,292,377,489,506,457,379,288,232,254,247,248,235,244,250,298,351,364,351,399,402,428,390,370,411,426,531,642,704,602,551,458,488,654,1090,1185,1328,1420,1965,2276,2314,2119,2317,2498,1957,1766,1757,1852,3003
 "36001","Albany, NY",2,CAINC45,370,"...","Equals: Farm earnings ","Thousands of dollars",3218,3308,3399,3335,4528,3997,4084,4723,4449,4974,5407,5336,4357,5151,2962,3131,3180,4420,3603,3440,3918,2862,2653,3053,4171,3153,2493,2418,1208,584,-395,-1050,-3533,-3834,400,1755,2886,4614,4893,12546,13079,16442,16533,18792,18437,16048,13516,11848,12732,11021,14807,13904,15553,14475
 "36003","Allegany, NY",2,CAINC45,10,"...","Cash receipts from marketings (thousands of dollars) ","Thousands of dollars",14591,15085,15425,16133,18913,20692,21054,23805,23240,25062,30610,33632,36238,35313,36383,35915,33267,32885,33375,32681,35178,36384,33150,34525,36379,37229,38751,41280,35646,46376,44454,40600,44987,45794,45015,52963,53927,49482,43069,49061,42025,51771,66297,67919,71981,83012,67177,62773,64735,65106,68389,68461,77291,97273
 "36003","Allegany, NY",2,CAINC45,20,"..."," Cash receipts: Livestock and products ","Thousands of dollars",13532,13970,14319,15061,17268,18543,18949,21443,21053,23664,29107,31987,34300,33602,34688,34336,31940,31045,31360,30309,32752,33789,30349,31655,33742,34232,35589,38187,32259,42574,40665,36222,40662,34960,33631,41362,42633,37167,37677,38883,30049,38265,50039,48522,50018,60938,45710,40081,42145,40418,42864,41826,47275,63043
 "36003","Allegany, NY",2,CAINC45,60,"..."," Cash receipts: Crops ","Thousands of dollars",1059,1115,1106,1072,1645,2149,2105,2362,2187,1398,1503,1645,1938,1711,1695,1579,1327,1840,2015,2372,2426,2595,2801,2870,2637,2997,3162,3093,3387,3802,3789,4378,4325,10834,11384,11601,11294,12315,5392,10178,11976,13506,16258,19397,21963,22074,21467,22692,22590,24688,25525,26635,30016,34230
 "36003","Allegany, NY",2,CAINC45,120,"...","Other income ","Thousands of dollars",808,753,743,954,1032,1007,863,912,889,1387,1561,1628,1649,1941,2122,2501,2266,2239,2590,2644,2867,2640,2488,2853,3030,2576,2395,2114,2215,2290,3411,3721,3403,4353,4440,3915,3648,4127,3370,4328,6266,5468,5121,8179,7916,6474,5513,4114,4899,4288,5692,9061,6654,6211
 "36003","Allegany, NY",2,CAINC45,130,"..."," Government payments ","Thousands of dollars",391,324,306,483,392,227,130,104,105,283,144,129,90,179,401,735,453,594,1155,1042,1092,826,629,744,1051,721,642,741,589,801,1673,1599,2075,2427,2239,1131,1403,2021,826,845,2311,704,857,1709,1017,685,882,919,1047,1057,920,5798,2968,1041
 "36003","Allegany, NY",2,CAINC45,140,"..."," Imputed and miscellaneous income received 1/","Thousands of dollars",417,429,437,471,640,780,733,808,784,1104,1417,1499,1559,1762,1721,1766,1813,1645,1435,1602,1775,1814,1859,2109,1979,1855,1753,1373,1626,1489,1738,2122,1328,1926,2201,2784,2245,2106,2544,3483,3955,4764,4264,6470,6899,5789,4631,3195,3852,3231,4772,3263,3686,5170
 "36003","Allegany, NY",2,CAINC45,150,"...","Production expenses ","Thousands of dollars",10779,11471,12041,12380,15259,19545,19885,20583,20833,21197,27425,32232,35696,35530,36706,35133,31315,29747,29148,29298,31748,32322,31495,31230,32615,34924,37632,37147,38854,41588,42459,42124,45952,48645,40347,41432,40108,42585,44947,48440,47152,47658,50270,57291,59384,66434,63691,63735,63612,65613,61437,66203,66590,78753
 "36003","Allegany, NY",2,CAINC45,160,"..."," Feed purchased ","Thousands of dollars",2741,3164,3284,3247,4632,6446,5770,6239,5629,5238,6389,7854,8310,6977,8155,7398,6875,7091,6842,7268,8233,8255,8123,8256,7952,7561,8167,7846,9069,9798,9321,8558,9151,9463,7998,7930,6441,6858,7797,9765,8493,9743,10519,12069,12706,12747,12209,10691,11158,11044,10534,11612,11083,10780
 "36003","Allegany, NY",2,CAINC45,170,"..."," Livestock purchased ","Thousands of dollars",975,1049,1104,1171,1424,1473,1358,1429,1333,1423,2516,2385,2461,1943,1752,1549,1141,1130,1407,1174,1710,1939,1962,2013,2795,2802,3335,2776,1953,3159,4212,3798,5606,5139,2679,3404,4680,5070,3003,2432,3188,2912,3582,3890,3199,4201,2512,2481,2125,2764,2837,3019,3373,2999
 "36003","Allegany, NY",2,CAINC45,180,"..."," Seed purchased ","Thousands of dollars",167,179,198,198,278,355,358,434,468,453,514,587,619,581,467,553,481,455,430,530,569,575,641,536,534,626,732,854,909,938,769,865,845,1062,1040,894,763,747,876,1149,1259,1381,1593,2053,2198,2434,2350,2689,2923,2777,2383,2676,2237,4029
 "36003","Allegany, NY",2,CAINC45,190,"..."," Fertilizer and lime (incl. ag. chemicals 1978-fwd.) ","Thousands of dollars",567,537,573,603,705,1047,1182,1010,1047,1151,1412,1603,1571,1494,1397,1523,1370,1189,1164,1147,1274,1293,1375,1276,1144,1414,1639,1475,1632,1701,1668,1736,2006,1933,1765,1691,1621,1594,1612,2041,1978,2122,2494,3105,3480,3978,3639,3846,3649,4207,3756,4333,4687,6112
 "36003","Allegany, NY",2,CAINC45,200,"..."," Petroleum products purchased ","Thousands of dollars",492,469,477,457,505,716,863,1009,1082,1086,1420,2081,2266,2065,1862,1813,1528,1172,1010,995,1009,1253,1228,1164,1195,1214,1351,1480,1476,1306,1172,1513,1414,1281,1449,1830,2125,2483,3044,3373,2622,2666,3020,3468,3997,4245,3351,2972,3355,3307,3263,2998,3371,4952
 "36003","Allegany, NY",2,CAINC45,210,"..."," Hired farm labor expenses 2/","Thousands of dollars",986,946,981,957,1116,1255,1449,1430,1594,1465,1805,2048,2108,2488,2366,2387,2370,2118,2074,2228,2335,2578,2443,2310,2865,3292,4029,4277,4707,5368,5177,6057,6728,8639,6389,6073,4560,4624,4774,4795,4941,4675,4440,5955,6230,7008,6196,6954,6418,5999,5318,5591,5138,7667
 "36003","Allegany, NY",2,CAINC45,220,"..."," All other production expenses 3/","Thousands of dollars",4851,5127,5424,5747,6599,8253,8905,9032,9680,10381,13369,15674,18361,19982,20707,19910,17550,16592,16221,15956,16618,16429,15723,15675,16130,18015,18379,18439,19108,19318,20140,19597,20202,21128,19027,19610,19918,21209,23841,24885,24671,24159,24622,26751,27574,31821,33434,34102,33984,35515,33346,35974,36701,42214
 "36003","Allegany, NY",2,CAINC45,240,"...","Value of inventory change ","Thousands of dollars",-300,-64,-1,-419,295,1037,264,-109,-969,2,1345,1011,726,2288,-350,-527,-1080,-768,-1087,-2491,-321,31,-366,-136,-340,273,-769,948,-617,-624,-548,-1670,745,1790,-60,-640,-1336,1482,464,-629,-804,307,-1246,-806,1958,-1714,-1075,-979,-120,-799,-2157,-3333,2068,-3005
 "36003","Allegany, NY",2,CAINC45,250,"..."," Value of inventory change: livestock ","Thousands of dollars",-173,-104,-111,-30,182,647,204,-370,-780,-446,1062,848,1778,662,238,-491,-1248,-916,-903,-1364,-184,32,56,48,-381,-728,400,435,-851,-389,-41,-1670,230,1567,-733,-176,-321,768,331,-1485,535,74,29,-335,1092,-199,594,881,-424,-669,271,-795,-19,211
 "36003","Allegany, NY",2,CAINC45,260,"..."," Value of inventory change: crops ","Thousands of dollars",-127,40,110,-389,113,390,60,261,-189,448,283,163,-1052,1626,-588,-36,168,148,-184,-1127,-137,-1,-307,-551,131,505,-605,100,64,-416,-58,-240,736,-248,986,-767,-444,362,-236,749,-1334,-281,-1123,-697,929,-1823,-1964,-1837,288,-146,-2301,-2660,1800,-3227
 "36003","Allegany, NY",2,CAINC45,265,"..."," Value of inventory change: materials and supplies ","Thousands of dollars",(NA),(NA),(NA),(NA),(NA),(NA),(NA),(NA),(NA),(NA),(NA),(NA),(NA),(NA),(NA),(NA),(NA),(NA),(NA),(NA),(NA),(NA),-115,367,-90,496,-564,413,170,181,-449,240,-221,471,-313,303,-571,352,369,107,-5,514,-152,226,-63,308,295,-23,16,16,-127,122,287,11
 "36003","Allegany, NY",2,CAINC45,270,"...","Cash receipts and other income ","Thousands of dollars",15399,15838,16168,17087,19945,21699,21917,24717,24129,26449,32171,35260,37887,37254,38505,38416,35533,35124,35965,35325,38045,39024,35638,37378,39409,39805,41146,43394,37861,48666,47865,44321,48390,50147,49455,56878,57575,53609,46439,53389,48291,57239,71418,76098,79897,89486,72690,66887,69634,69394,74081,77522,83945,103484
 "36003","Allegany, NY",2,CAINC45,280,"..."," Less: Production expenses ","Thousands of dollars",10779,11471,12041,12380,15259,19545,19885,20583,20833,21197,27425,32232,35696,35530,36706,35133,31315,29747,29148,29298,31748,32322,31495,31230,32615,34924,37632,37147,38854,41588,42459,42124,45952,48645,40347,41432,40108,42585,44947,48440,47152,47658,50270,57291,59384,66434,63691,63735,63612,65613,61437,66203,66590,78753
 "36003","Allegany, NY",2,CAINC45,290,"...","Equals: Realized net income ","Thousands of dollars",4620,4367,4127,4707,4686,2154,2032,4134,3296,5252,4746,3028,2191,1724,1799,3283,4218,5377,6817,6027,6297,6702,4143,6148,6794,4881,3514,6247,-993,7078,5406,2197,2438,1502,9108,15446,17467,11024,1492,4949,1139,9581,21148,18807,20513,23052,8999,3152,6022,3781,12644,11319,17355,24731
 "36003","Allegany, NY",2,CAINC45,300,"..."," Plus: Value of inventory change ","Thousands of dollars",-300,-64,-1,-419,295,1037,264,-109,-969,2,1345,1011,726,2288,-350,-527,-1080,-768,-1087,-2491,-321,31,-366,-136,-340,273,-769,948,-617,-624,-548,-1670,745,1790,-60,-640,-1336,1482,464,-629,-804,307,-1246,-806,1958,-1714,-1075,-979,-120,-799,-2157,-3333,2068,-3005
 "36003","Allegany, NY",2,CAINC45,310,"...","Equals: Net income including corporate farms ","Thousands of dollars",4320,4303,4126,4288,4981,3191,2296,4025,2327,5254,6091,4039,2917,4012,1449,2756,3138,4609,5730,3536,5976,6733,3777,6012,6454,5154,2745,7195,-1610,6454,4858,527,3183,3292,9048,14806,16131,12506,1956,4320,335,9888,19902,18001,22471,21338,7924,2173,5902,2982,10487,7986,19423,21726
 "36003","Allegany, NY",2,CAINC45,320,"..."," Less: Net income of corporate farms ","Thousands of dollars",31,40,54,99,154,64,45,61,23,52,81,15,36,29,6,43,70,105,150,71,199,252,106,164,163,233,123,574,-162,361,200,28,244,439,905,1336,932,482,75,167,10,534,1602,1435,1431,1261,196,117,236,250,600,498,1510,1951
 "36003","Allegany, NY",2,CAINC45,330,"..."," Plus: Statistical adjustment ","Thousands of dollars",0,0,0,0,0,0,0,0,0,0,0,0,0,0,0,0,0,0,0,0,0,0,0,0,0,0,0,0,0,0,0,0,0,0,0,0,0,0,0,0,0,0,0,0,0,0,0,0,0,0,0,0,0,0
 "36003","Allegany, NY",2,CAINC45,340,"...","Equals: Farm proprietors' income ","Thousands of dollars",4289,4263,4072,4189,4827,3127,2251,3964,2304,5202,6010,4024,2881,3983,1443,2713,3068,4504,5580,3465,5777,6481,3671,5848,6291,4921,2622,6621,-1448,6093,4658,499,2939,2853,8143,13470,15199,12024,1881,4153,325,9354,18300,16566,21040,20077,7728,2056,5666,2732,9887,7488,17913,19775
 "36003","Allegany, NY",2,CAINC45,350,"..."," Plus: Farm wages and salaries ","Thousands of dollars",803,797,821,800,984,1128,1221,1163,1254,1182,1499,1756,1883,2313,2156,2070,1988,1734,1621,1752,1786,2010,1893,1782,2152,2313,2831,3204,3657,3778,3520,4166,4365,5562,4605,4125,3067,3091,3384,3232,3113,3183,2839,4347,4396,4704,3818,4334,4137,3892,3106,3356,3187,4558
 "36003","Allegany, NY",2,CAINC45,360,"..."," Plus: Farm supplements to wages and salaries ","Thousands of dollars",85,87,95,91,116,135,140,154,175,165,217,248,254,277,292,282,279,270,261,274,343,412,427,411,501,548,630,615,625,655,651,785,920,986,827,737,599,626,808,1024,927,905,874,1118,1295,1311,1195,1301,1406,1103,1000,996,1044,1675
 "36003","Allegany, NY",2,CAINC45,370,"...","Equals: Farm earnings ","Thousands of dollars",5177,5147,4988,5080,5927,4390,3612,5281,3733,6549,7726,6028,5018,6573,3891,5065,5335,6508,7462,5491,7906,8903,5991,8041,8944,7782,6083,10440,2834,10526,8829,5450,8224,9401,13575,18332,18865,15741,6073,8409,4365,13442,22013,22031,26731,26092,12741,7691,11209,7727,13993,11840,22144,26008
 "36005","Bronx, NY",2,CAINC45,10,"...","Cash receipts from marketings (thousands of dollars) ","Thousands of dollars",0,0,0,0,0,0,0,0,0,0,0,0,0,0,0,0,0,0,0,0,0,0,0,0,0,0,0,0,0,0,0,0,0,0,0,0,0,0,0,0,0,0,0,0,0,0,0,0,0,0,0,0,0,0
 "36005","Bronx, NY",2,CAINC45,20,"..."," Cash receipts: Livestock and products ","Thousands of dollars",0,0,0,0,0,0,0,0,0,0,0,0,0,0,0,0,0,0,0,0,0,0,0,0,0,0,0,0,0,0,0,0,0,0,0,0,0,0,0,0,0,0,0,0,0,0,0,0,0,0,0,0,0,0
 "36005","Bronx, NY",2,CAINC45,60,"..."," Cash receipts: Crops ","Thousands of dollars",0,0,0,0,0,0,0,0,0,0,0,0,0,0,0,0,0,0,0,0,0,0,0,0,0,0,0,0,0,0,0,0,0,0,0,0,0,0,0,0,0,0,0,0,0,0,0,0,0,0,0,0,0,0
 "36005","Bronx, NY",2,CAINC45,120,"...","Other income ","Thousands of dollars",0,0,0,0,0,0,0,0,0,0,0,0,0,0,0,0,0,0,0,0,0,0,0,0,0,0,0,0,0,0,0,0,0,0,0,0,0,0,0,0,0,0,0,0,0,0,0,0,0,0,0,0,0,0
 "36005","Bronx, NY",2,CAINC45,130,"..."," Government payments ","Thousands of dollars",0,0,0,0,0,0,0,0,0,0,0,0,0,0,0,0,0,0,0,0,0,0,0,0,0,0,0,0,0,0,0,0,0,0,0,0,0,0,0,0,0,0,0,0,0,0,0,0,0,0,0,0,0,0
 "36005","Bronx, NY",2,CAINC45,140,"..."," Imputed and miscellaneous income received 1/","Thousands of dollars",0,0,0,0,0,0,0,0,0,0,0,0,0,0,0,0,0,0,0,0,0,0,0,0,0,0,0,0,0,0,0,0,0,0,0,0,0,0,0,0,0,0,0,0,0,0,0,0,0,0,0,0,0,0
 "36005","Bronx, NY",2,CAINC45,150,"...","Production expenses ","Thousands of dollars",0,0,0,0,0,0,0,0,0,0,0,0,0,0,0,0,0,0,0,0,0,0,0,0,0,0,0,0,0,0,0,0,0,0,0,0,0,0,0,0,0,0,0,0,0,0,0,0,0,0,0,0,0,0
 "36005","Bronx, NY",2,CAINC45,160,"..."," Feed purchased ","Thousands of dollars",0,0,0,0,0,0,0,0,0,0,0,0,0,0,0,0,0,0,0,0,0,0,0,0,0,0,0,0,0,0,0,0,0,0,0,0,0,0,0,0,0,0,0,0,0,0,0,0,0,0,0,0,0,0
 "36005","Bronx, NY",2,CAINC45,170,"..."," Livestock purchased ","Thousands of dollars",0,0,0,0,0,0,0,0,0,0,0,0,0,0,0,0,0,0,0,0,0,0,0,0,0,0,0,0,0,0,0,0,0,0,0,0,0,0,0,0,0,0,0,0,0,0,0,0,0,0,0,0,0,0
 "36005","Bronx, NY",2,CAINC45,180,"..."," Seed purchased ","Thousands of dollars",0,0,0,0,0,0,0,0,0,0,0,0,0,0,0,0,0,0,0,0,0,0,0,0,0,0,0,0,0,0,0,0,0,0,0,0,0,0,0,0,0,0,0,0,0,0,0,0,0,0,0,0,0,0
 "36005","Bronx, NY",2,CAINC45,190,"..."," Fertilizer and lime (incl. ag. chemicals 1978-fwd.) ","Thousands of dollars",0,0,0,0,0,0,0,0,0,0,0,0,0,0,0,0,0,0,0,0,0,0,0,0,0,0,0,0,0,0,0,0,0,0,0,0,0,0,0,0,0,0,0,0,0,0,0,0,0,0,0,0,0,0
 "36005","Bronx, NY",2,CAINC45,200,"..."," Petroleum products purchased ","Thousands of dollars",0,0,0,0,0,0,0,0,0,0,0,0,0,0,0,0,0,0,0,0,0,0,0,0,0,0,0,0,0,0,0,0,0,0,0,0,0,0,0,0,0,0,0,0,0,0,0,0,0,0,0,0,0,0
 "36005","Bronx, NY",2,CAINC45,210,"..."," Hired farm labor expenses 2/","Thousands of dollars",0,0,0,0,0,0,0,0,0,0,0,0,0,0,0,0,0,0,0,0,0,0,0,0,0,0,0,0,0,0,0,0,0,0,0,0,0,0,0,0,0,0,0,0,0,0,0,0,0,0,0,0,0,0
 "36005","Bronx, NY",2,CAINC45,220,"..."," All other production expenses 3/","Thousands of dollars",0,0,0,0,0,0,0,0,0,0,0,0,0,0,0,0,0,0,0,0,0,0,0,0,0,0,0,0,0,0,0,0,0,0,0,0,0,0,0,0,0,0,0,0,0,0,0,0,0,0,0,0,0,0
 "36005","Bronx, NY",2,CAINC45,240,"...","Value of inventory change ","Thousands of dollars",0,0,0,0,0,0,0,0,0,0,0,0,0,0,0,0,0,0,0,0,0,0,0,0,0,0,0,0,0,0,0,0,0,0,0,0,0,0,0,0,0,0,0,0,0,0,0,0,0,0,0,0,0,0
 "36005","Bronx, NY",2,CAINC45,250,"..."," Value of inventory change: livestock ","Thousands of dollars",0,0,0,0,0,0,0,0,0,0,0,0,0,0,0,0,0,0,0,0,0,0,0,0,0,0,0,0,0,0,0,0,0,0,0,0,0,0,0,0,0,0,0,0,0,0,0,0,0,0,0,0,0,0
 "36005","Bronx, NY",2,CAINC45,260,"..."," Value of inventory change: crops ","Thousands of dollars",0,0,0,0,0,0,0,0,0,0,0,0,0,0,0,0,0,0,0,0,0,0,0,0,0,0,0,0,0,0,0,0,0,0,0,0,0,0,0,0,0,0,0,0,0,0,0,0,0,0,0,0,0,0
 "36005","Bronx, NY",2,CAINC45,265,"..."," Value of inventory change: materials and supplies ","Thousands of dollars",(NA),(NA),(NA),(NA),(NA),(NA),(NA),(NA),(NA),(NA),(NA),(NA),(NA),(NA),(NA),(NA),(NA),(NA),(NA),(NA),(NA),(NA),0,0,0,0,0,0,0,0,0,0,0,0,0,0,0,0,0,0,0,0,0,0,0,0,0,0,0,0,0,0,0,0
 "36005","Bronx, NY",2,CAINC45,270,"...","Cash receipts and other income ","Thousands of dollars",0,0,0,0,0,0,0,0,0,0,0,0,0,0,0,0,0,0,0,0,0,0,0,0,0,0,0,0,0,0,0,0,0,0,0,0,0,0,0,0,0,0,0,0,0,0,0,0,0,0,0,0,0,0
 "36005","Bronx, NY",2,CAINC45,280,"..."," Less: Production expenses ","Thousands of dollars",0,0,0,0,0,0,0,0,0,0,0,0,0,0,0,0,0,0,0,0,0,0,0,0,0,0,0,0,0,0,0,0,0,0,0,0,0,0,0,0,0,0,0,0,0,0,0,0,0,0,0,0,0,0
 "36005","Bronx, NY",2,CAINC45,290,"...","Equals: Realized net income ","Thousands of dollars",0,0,0,0,0,0,0,0,0,0,0,0,0,0,0,0,0,0,0,0,0,0,0,0,0,0,0,0,0,0,0,0,0,0,0,0,0,0,0,0,0,0,0,0,0,0,0,0,0,0,0,0,0,0
 "36005","Bronx, NY",2,CAINC45,300,"..."," Plus: Value of inventory change ","Thousands of dollars",0,0,0,0,0,0,0,0,0,0,0,0,0,0,0,0,0,0,0,0,0,0,0,0,0,0,0,0,0,0,0,0,0,0,0,0,0,0,0,0,0,0,0,0,0,0,0,0,0,0,0,0,0,0
 "36005","Bronx, NY",2,CAINC45,310,"...","Equals: Net income including corporate farms ","Thousands of dollars",0,0,0,0,0,0,0,0,0,0,0,0,0,0,0,0,0,0,0,0,0,0,0,0,0,0,0,0,0,0,0,0,0,0,0,0,0,0,0,0,0,0,0,0,0,0,0,0,0,0,0,0,0,0
 "36005","Bronx, NY",2,CAINC45,320,"..."," Less: Net income of corporate farms ","Thousands of dollars",0,0,0,0,0,0,0,0,0,0,0,0,0,0,0,0,0,0,0,0,0,0,0,0,0,0,0,0,0,0,0,0,0,0,0,0,0,0,0,0,0,0,0,0,0,0,0,0,0,0,0,0,0,0
 "36005","Bronx, NY",2,CAINC45,330,"..."," Plus: Statistical adjustment ","Thousands of dollars",0,0,0,0,0,0,0,0,0,0,0,0,0,0,0,0,0,0,0,0,0,0,0,0,0,0,0,0,0,0,0,0,0,0,0,0,0,0,0,0,0,0,0,0,0,0,0,0,0,0,0,0,0,0
 "36005","Bronx, NY",2,CAINC45,340,"...","Equals: Farm proprietors' income ","Thousands of dollars",0,0,0,0,0,0,0,0,0,0,0,0,0,0,0,0,0,0,0,0,0,0,0,0,0,0,0,0,0,0,0,0,0,0,0,0,0,0,0,0,0,0,0,0,0,0,0,0,0,0,0,0,0,0
 "36005","Bronx, NY",2,CAINC45,350,"..."," Plus: Farm wages and salaries ","Thousands of dollars",0,0,0,0,0,0,0,0,0,0,0,0,0,0,0,0,0,0,0,0,0,0,0,0,0,0,0,0,0,0,0,0,0,0,0,0,0,0,0,0,0,0,0,0,0,0,0,0,0,0,0,0,0,0
 "36005","Bronx, NY",2,CAINC45,360,"..."," Plus: Farm supplements to wages and salaries ","Thousands of dollars",0,0,0,0,0,0,0,0,0,0,0,0,0,0,0,0,0,0,0,0,0,0,0,0,0,0,0,0,0,0,0,0,0,0,0,0,0,0,0,0,0,0,0,0,0,0,0,0,0,0,0,0,0,0
 "36005","Bronx, NY",2,CAINC45,370,"...","Equals: Farm earnings ","Thousands of dollars",0,0,0,0,0,0,0,0,0,0,0,0,0,0,0,0,0,0,0,0,0,0,0,0,0,0,0,0,0,0,0,0,0,0,0,0,0,0,0,0,0,0,0,0,0,0,0,0,0,0,0,0,0,0
 "36007","Broome, NY",2,CAINC45,10,"...","Cash receipts from marketings (thousands of dollars) ","Thousands of dollars",11540,12218,12869,13584,15915,17783,18421,20724,20283,21859,24991,27270,28396,27740,28334,27718,26101,25879,25983,25728,27680,28359,26432,27888,29215,28921,27904,27994,24200,28481,28300,26679,29610,28494,28119,33430,34662,31595,29153,30627,23387,27374,32214,31020,33778,39688,31598,30922,32595,31016,33779,33204,35942,46610
 "36007","Broome, NY",2,CAINC45,20,"..."," Cash receipts: Livestock and products ","Thousands of dollars",10527,11227,11836,12655,14599,16262,16441,18503,18156,19953,23111,25105,26123,25611,26117,25260,23740,22967,22731,22340,24189,24980,22899,24265,25827,25590,24550,24814,19906,23735,23527,21414,24530,22667,21671,26727,27775,23934,23840,23179,16618,20978,25668,24220,25705,31187,22895,21457,22886,21307,23805,22772,24650,33940
 "36007","Broome, NY",2,CAINC45,60,"..."," Cash receipts: Crops ","Thousands of dollars",1013,991,1033,929,1316,1521,1980,2221,2127,1906,1880,2165,2273,2129,2217,2458,2361,2912,3252,3388,3491,3379,3533,3623,3388,3331,3354,3180,4294,4746,4773,5265,5080,5827,6448,6703,6887,7661,5313,7448,6769,6396,6546,6800,8073,8501,8703,9465,9709,9709,9974,10432,11292,12670
 "36007","Broome, NY",2,CAINC45,120,"...","Other income ","Thousands of dollars",492,446,443,467,557,673,656,682,656,1002,958,1047,990,1094,1214,1951,1422,1259,1437,1561,1626,1600,1184,1482,1396,1306,1400,1370,1393,1626,2519,3850,2126,4042,3685,3460,2781,2599,2796,3287,3787,3318,2742,3852,4221,3674,2999,2764,3717,3531,5264,6556,3685,5387
 "36007","Broome, NY",2,CAINC45,130,"..."," Government payments ","Thousands of dollars",177,125,117,120,101,118,122,96,90,320,99,149,78,96,227,943,396,313,656,704,694,656,224,407,315,223,301,441,217,271,676,1332,477,1349,1161,749,890,1034,1092,1139,1658,956,683,1169,779,302,373,697,749,1011,1164,4519,1720,613
 "36007","Broome, NY",2,CAINC45,140,"..."," Imputed and miscellaneous income received 1/","Thousands of dollars",315,321,326,347,456,555,534,586,566,682,859,898,912,998,987,1008,1026,946,781,857,932,944,960,1075,1081,1083,1099,929,1176,1355,1843,2518,1649,2693,2524,2711,1891,1565,1704,2148,2129,2362,2059,2683,3442,3372,2626,2067,2968,2520,4100,2037,1965,4774
 "36007","Broome, NY",2,CAINC45,150,"...","Production expenses ","Thousands of dollars",8552,9284,9854,10221,12802,16555,17594,19153,20130,21243,25143,27217,29061,27418,28769,27874,25250,24426,24534,24186,25999,26269,25295,24942,25710,26606,27532,26148,26183,28682,30211,31011,34331,37534,30535,29788,27183,27334,28195,29237,27512,27500,28305,31769,31973,34056,31835,30398,29499,29971,27778,29856,29846,35578
 "36007","Broome, NY",2,CAINC45,160,"..."," Feed purchased ","Thousands of dollars",2682,3047,3126,3064,4341,6010,5655,6447,6148,6068,6824,7792,8008,6361,7160,6247,5569,5500,5070,5113,5505,5251,4923,4772,4563,4307,4622,4410,5064,6007,6215,6158,7059,7784,6081,5500,4002,3726,3577,4796,4398,5261,5880,6942,7358,7438,7185,6353,6705,6637,6330,6978,6660,6478
 "36007","Broome, NY",2,CAINC45,170,"..."," Livestock purchased ","Thousands of dollars",753,822,877,940,1153,1203,1264,1494,1552,1828,3033,2709,2747,2077,1917,1738,1317,1346,1737,1475,2195,2505,2595,2708,3596,3359,3486,2581,1627,2117,2690,2332,3313,3117,1538,1813,2281,2107,989,699,786,645,680,646,526,653,359,349,273,345,372,390,415,381
 "36007","Broome, NY",2,CAINC45,180,"..."," Seed purchased ","Thousands of dollars",97,108,124,126,181,234,271,364,427,442,460,483,490,433,341,395,334,307,280,354,389,402,456,390,423,527,648,784,862,866,692,760,726,892,885,771,668,663,789,795,700,636,622,690,716,769,722,803,849,807,692,777,650,1171
 "36007","Broome, NY",2,CAINC45,190,"..."," Fertilizer and lime (incl. ag. chemicals 1978-fwd.) ","Thousands of dollars",312,312,349,380,453,680,801,718,766,876,1034,1134,1121,1048,1015,1149,1075,972,994,920,958,908,901,777,684,831,946,838,916,897,826,809,878,796,761,764,769,794,847,925,792,765,821,943,978,1036,880,864,762,879,784,905,979,1277
 "36007","Broome, NY",2,CAINC45,200,"..."," Petroleum products purchased ","Thousands of dollars",337,331,345,337,379,545,672,799,869,882,1034,1399,1491,1305,1248,1302,1192,1011,987,904,850,978,886,774,799,815,912,1002,1004,1020,1040,1511,1580,1594,1516,1682,1763,1897,2174,2393,1851,1870,2108,2407,2723,2835,2193,1905,2107,2076,2049,1883,2116,3109
 "36007","Broome, NY",2,CAINC45,210,"..."," Hired farm labor expenses 2/","Thousands of dollars",671,677,745,765,938,1122,1392,1462,1720,1658,1811,1877,1851,2086,2004,2066,2110,1925,1925,2058,2139,2374,2236,2118,2359,2448,2799,2824,2944,3495,3500,4268,4803,6315,5093,4746,3580,3660,3953,3415,3033,2599,2132,2618,3028,3598,3335,4029,4095,3858,3119,3354,3143,4893
 "36007","Broome, NY",2,CAINC45,220,"..."," All other production expenses 3/","Thousands of dollars",3700,3987,4288,4609,5357,6761,7539,7869,8648,9489,10947,11823,13353,14108,15084,14977,13653,13365,13541,13362,13963,13851,13298,13403,13286,14319,14119,13709,13766,14280,15248,15173,15972,17036,14661,14512,14120,14487,15866,16214,15952,15724,16062,17523,16644,17727,17161,16095,14708,15369,14432,15569,15883,18269
 "36007","Broome, NY",2,CAINC45,240,"...","Value of inventory change ","Thousands of dollars",-147,-23,17,-196,201,527,192,-84,-724,-110,922,782,-545,4123,-104,-1188,-311,-496,-851,-1918,-160,79,-138,-96,-228,140,-322,533,-384,-295,-319,-821,326,1083,-254,-391,-867,641,416,-646,22,128,-47,-348,1050,-374,-43,98,-53,-224,-471,-864,772,-427
 "36007","Broome, NY",2,CAINC45,250,"..."," Value of inventory change: livestock ","Thousands of dollars",-114,-71,-83,-11,143,490,186,-310,-611,-390,791,621,1462,672,223,-418,-931,-799,-714,-1217,-65,109,91,7,-229,-430,292,267,-506,-190,3,-870,120,906,-411,-147,-189,380,244,-862,363,-74,82,-150,593,-119,279,433,-193,-280,96,-342,-4,90
 "36007","Broome, NY",2,CAINC45,260,"..."," Value of inventory change: crops ","Thousands of dollars",-33,48,100,-185,58,37,6,226,-113,280,131,161,-2007,3451,-327,-770,620,303,-137,-701,-95,-30,-157,-322,54,275,-280,21,21,-221,-16,-125,376,-203,390,-452,-320,57,-20,159,-338,-73,-48,-319,490,-415,-473,-324,132,48,-505,-582,635,-523
 "36007","Broome, NY",2,CAINC45,265,"..."," Value of inventory change: materials and supplies ","Thousands of dollars",(NA),(NA),(NA),(NA),(NA),(NA),(NA),(NA),(NA),(NA),(NA),(NA),(NA),(NA),(NA),(NA),(NA),(NA),(NA),(NA),(NA),(NA),-72,219,-53,295,-334,245,101,116,-306,174,-170,380,-233,208,-358,204,192,57,-3,275,-81,121,-33,160,151,-11,8,8,-62,60,141,6
 "36007","Broome, NY",2,CAINC45,270,"...","Cash receipts and other income ","Thousands of dollars",12032,12664,13312,14051,16472,18456,19077,21406,20939,22861,25949,28317,29386,28834,29548,29669,27523,27138,27420,27289,29306,29959,27616,29370,30611,30227,29304,29364,25593,30107,30819,30529,31736,32536,31804,36890,37443,34194,31949,33914,27174,30692,34956,34872,37999,43362,34597,33686,36312,34547,39043,39760,39627,51997
 "36007","Broome, NY",2,CAINC45,280,"..."," Less: Production expenses ","Thousands of dollars",8552,9284,9854,10221,12802,16555,17594,19153,20130,21243,25143,27217,29061,27418,28769,27874,25250,24426,24534,24186,25999,26269,25295,24942,25710,26606,27532,26148,26183,28682,30211,31011,34331,37534,30535,29788,27183,27334,28195,29237,27512,27500,28305,31769,31973,34056,31835,30398,29499,29971,27778,29856,29846,35578
 "36007","Broome, NY",2,CAINC45,290,"...","Equals: Realized net income ","Thousands of dollars",3480,3380,3458,3830,3670,1901,1483,2253,809,1618,806,1100,325,1416,779,1795,2273,2712,2886,3103,3307,3690,2321,4428,4901,3621,1772,3216,-590,1425,608,-482,-2595,-4998,1269,7102,10260,6860,3754,4677,-338,3192,6651,3103,6026,9306,2762,3288,6813,4576,11265,9904,9781,16419
 "36007","Broome, NY",2,CAINC45,300,"..."," Plus: Value of inventory change ","Thousands of dollars",-147,-23,17,-196,201,527,192,-84,-724,-110,922,782,-545,4123,-104,-1188,-311,-496,-851,-1918,-160,79,-138,-96,-228,140,-322,533,-384,-295,-319,-821,326,1083,-254,-391,-867,641,416,-646,22,128,-47,-348,1050,-374,-43,98,-53,-224,-471,-864,772,-427
 "36007","Broome, NY",2,CAINC45,310,"...","Equals: Net income including corporate farms ","Thousands of dollars",3333,3357,3475,3634,3871,2428,1675,2169,85,1508,1728,1882,-220,5539,675,607,1962,2216,2035,1185,3147,3769,2183,4332,4673,3761,1450,3749,-974,1130,289,-1303,-2269,-3915,1015,6711,9393,7501,4170,4031,-316,3320,6604,2755,7076,8932,2719,3386,6760,4352,10794,9040,10553,15992
 "36007","Broome, NY",2,CAINC45,320,"..."," Less: Net income of corporate farms ","Thousands of dollars",41,46,61,107,145,57,46,55,2,40,55,15,-11,79,5,18,81,94,98,49,233,342,161,654,561,690,232,939,-281,184,35,-478,-691,-955,265,2208,2583,1730,1330,1086,-248,981,2676,1034,1972,2106,238,546,632,849,1442,1317,1916,3352
 "36007","Broome, NY",2,CAINC45,330,"..."," Plus: Statistical adjustment ","Thousands of dollars",0,0,0,0,0,0,0,0,0,0,0,0,0,0,0,0,0,0,0,0,0,0,0,0,0,0,0,0,0,0,0,0,0,0,0,0,0,0,0,0,0,0,0,0,0,0,0,0,0,0,0,0,0,0
 "36007","Broome, NY",2,CAINC45,340,"...","Equals: Farm proprietors' income ","Thousands of dollars",3292,3311,3414,3527,3726,2371,1629,2114,83,1468,1673,1867,-209,5460,670,589,1881,2122,1937,1136,2914,3427,2022,3678,4112,3071,1218,2810,-693,946,254,-825,-1578,-2960,750,4503,6810,5771,2840,2945,-68,2339,3928,1721,5104,6826,2481,2840,6128,3503,9352,7723,8637,12640
 "36007","Broome, NY",2,CAINC45,350,"..."," Plus: Farm wages and salaries ","Thousands of dollars",597,622,669,673,829,990,1176,1200,1386,1388,1547,1639,1628,1879,1781,1732,1716,1554,1518,1660,1710,1954,1851,1755,1912,1871,2105,2202,2333,2614,2598,3241,3549,4697,3926,3559,2674,2733,3033,2527,2133,1918,1504,2025,2054,2196,1781,2019,1924,1811,1456,1569,1492,2148
 "36007","Broome, NY",2,CAINC45,360,"..."," Plus: Farm supplements to wages and salaries ","Thousands of dollars",65,70,84,86,107,133,147,166,196,194,219,225,212,212,231,224,228,218,226,238,295,359,381,371,430,445,485,453,441,483,497,617,744,813,689,624,515,552,726,815,655,565,487,560,652,660,593,642,690,547,500,499,521,813
 "36007","Broome, NY",2,CAINC45,370,"...","Equals: Farm earnings ","Thousands of dollars",3954,4003,4167,4286,4662,3494,2952,3480,1665,3050,3439,3731,1631,7551,2682,2545,3825,3894,3681,3034,4919,5740,4254,5804,6454,5387,3808,5465,2081,4043,3349,3033,2715,2550,5365,8686,9999,9056,6599,6287,2720,4822,5919,4306,7810,9682,4855,5501,8742,5861,11308,9791,10650,15601
 "36009","Cattaraugus, NY",2,CAINC45,10,"...","Cash receipts from marketings (thousands of dollars) ","Thousands of dollars",23925,24823,25698,26639,30821,34479,35599,39917,40420,44122,51390,54308,55506,52283,55984,56338,55300,55961,58693,58080,62579,63813,58506,62772,60051,60432,59954,62507,53931,55377,56548,54638,64111,58832,57627,67639,68777,63404,73516,82713,66558,79828,97102,96594,104747,121080,93901,88428,93124,90122,96512,95033,104157,136072
 "36009","Cattaraugus, NY",2,CAINC45,20,"..."," Cash receipts: Livestock and products ","Thousands of dollars",22023,22481,22877,23663,26396,28931,30555,35367,35709,40062,47363,49830,50762,48420,50720,49788,48080,46874,47993,47524,51927,53763,48771,52407,51331,51523,50768,53246,44610,45615,46889,44268,54134,43518,41395,50622,51334,44015,58778,61095,46734,61320,77852,76143,81353,99547,74694,69552,75735,71676,77415,74870,81140,109890
 "36009","Cattaraugus, NY",2,CAINC45,60,"..."," Cash receipts: Crops ","Thousands of dollars",1902,2342,2821,2976,4425,5548,5044,4550,4711,4060,4027,4478,4744,3863,5264,6550,7220,9087,10700,10556,10652,10050,9735,10365,8720,8909,9186,9261,9321,9762,9659,10370,9977,15314,16232,17017,17443,19389,14738,21618,19824,18508,19250,20451,23394,21533,19207,18876,17389,18446,19097,20163,23017,26182
 "36009","Cattaraugus, NY",2,CAINC45,120,"...","Other income ","Thousands of dollars",908,882,968,1118,1235,1347,1265,1316,1261,1659,1851,1871,1913,2167,2715,4865,3820,4493,5706,5151,5573,4801,3421,4651,4770,3331,3846,3276,4037,3963,5761,7724,4033,6808,6576,5735,5749,5864,4510,7638,10049,8242,7081,10047,9937,8563,8750,6015,6343,7047,11346,15912,9666,10312
 "36009","Cattaraugus, NY",2,CAINC45,130,"..."," Government payments ","Thousands of dollars",340,299,374,481,383,309,260,198,168,335,182,122,130,212,641,2579,1295,2038,3433,2847,3258,2654,1418,2598,2560,970,1314,1047,1037,1242,2572,3808,1638,3618,3147,1590,2521,2916,1027,1339,3666,1326,1779,2624,1666,887,1718,2010,634,2247,2942,11407,5434,1243
 "36009","Cattaraugus, NY",2,CAINC45,140,"..."," Imputed and miscellaneous income received 1/","Thousands of dollars",568,583,594,637,852,1038,1005,1118,1093,1324,1669,1749,1783,1955,2074,2286,2525,2455,2273,2304,2315,2147,2003,2053,2210,2361,2532,2229,3000,2721,3189,3916,2395,3190,3429,4145,3228,2948,3483,6299,6383,6916,5302,7423,8271,7676,7032,4005,5709,4800,8404,4505,4232,9069
 "36009","Cattaraugus, NY",2,CAINC45,150,"...","Production expenses ","Thousands of dollars",16903,18010,18908,19866,24007,30798,32797,36227,38305,43367,50055,53887,57222,54730,57657,56289,51362,49627,49812,50205,54344,55599,54185,53821,54617,57524,60440,58594,59324,60969,60630,59933,63069,66693,58065,58867,55668,59480,67092,74511,72850,75190,80027,92764,92183,98076,89971,85554,81779,84179,78754,84896,85094,99621
 "36009","Cattaraugus, NY",2,CAINC45,160,"..."," Feed purchased ","Thousands of dollars",4741,5269,5317,5146,7218,9910,9239,10752,10266,10834,12025,13548,13741,10778,12397,11064,10108,10249,9718,10298,11639,11645,11437,11602,10822,9968,10436,9713,10877,12227,12075,11487,12705,13566,11282,10990,8755,9124,10124,12929,11422,13276,14490,16777,18088,18625,18358,16594,17939,17757,16935,18669,17817,17331
 "36009","Cattaraugus, NY",2,CAINC45,170,"..."," Livestock purchased ","Thousands of dollars",1232,1267,1286,1322,1563,1577,1611,1914,1955,2438,3703,3009,2751,1857,1872,1849,1526,1695,2377,1907,2695,2921,2850,2879,3888,4068,4826,4110,3001,2740,2965,2155,2693,1762,1002,1381,2078,2472,2228,1924,2590,2537,3184,3630,3213,4469,2816,3145,3025,3892,4036,4293,4573,4124
 "36009","Cattaraugus, NY",2,CAINC45,180,"..."," Seed purchased ","Thousands of dollars",357,400,459,470,674,872,813,937,947,918,917,922,893,749,652,837,791,816,841,1063,1166,1205,1368,1165,1243,1531,1865,2244,2450,2622,2224,2579,2592,3347,3251,2771,2342,2268,2628,2775,2564,2444,2505,2920,2893,2967,2655,2816,2839,2697,2314,2598,2172,3912
 "36009","Cattaraugus, NY",2,CAINC45,190,"..."," Fertilizer and lime (incl. ag. chemicals 1978-fwd.) ","Thousands of dollars",654,677,772,861,1040,1563,1839,1700,1806,2219,2490,2602,2454,2192,2164,2496,2380,2194,2289,2171,2321,2264,2316,2065,1825,2224,2546,2266,2481,2496,2364,2380,2663,2486,2495,2622,2751,2956,3261,4007,3797,4003,4640,5710,5721,5840,4758,4467,3750,4323,3859,4453,4817,6281
 "36009","Cattaraugus, NY",2,CAINC45,200,"..."," Petroleum products purchased ","Thousands of dollars",677,655,674,652,727,1038,1281,1559,1696,1839,2153,2914,3102,2716,2512,2522,2208,1779,1637,1574,1559,1891,1813,1681,1694,1690,1854,1999,1967,1885,1829,2547,2565,2501,2606,3110,3464,3921,4683,5443,4418,4671,5484,6512,7047,6990,5124,4193,4330,4268,4211,3869,4350,6390
 "36009","Cattaraugus, NY",2,CAINC45,210,"..."," Hired farm labor expenses 2/","Thousands of dollars",1567,1641,1842,1921,2389,2848,3198,3193,3520,3472,3868,4041,4053,4569,4607,4923,5198,4916,5169,5668,6092,6927,6699,6494,7018,7270,8119,7925,8269,8513,7517,8099,8334,10181,9006,9198,7675,8706,10629,9647,9246,8365,7495,9418,9443,10161,8519,9267,8396,7873,6677,7083,6547,10033
 "36009","Cattaraugus, NY",2,CAINC45,220,"..."," All other production expenses 3/","Thousands of dollars",7675,8101,8558,9494,10396,12990,14816,16172,18115,21647,24899,26851,30228,31869,33453,32598,29151,27978,27781,27524,28872,28746,27702,27935,28127,30773,30794,30337,30279,30486,31656,30686,31517,32850,28423,28795,28603,30033,33539,37786,38813,39894,42229,47797,45778,49024,47741,45072,41500,43369,40722,43931,44818,51550
 "36009","Cattaraugus, NY",2,CAINC45,240,"...","Value of inventory change ","Thousands of dollars",-395,-113,-19,-327,397,1437,330,-110,-1471,-226,2238,1677,2119,3030,-275,-892,-1571,-1418,-1753,-3832,-319,190,-323,-219,-486,378,-839,1314,-904,-664,-813,-2592,892,1571,110,-431,-1993,1407,1116,-831,-586,41,-765,-1053,2423,-1465,-761,-478,-537,-701,-2143,-3142,1847,-2922
 "36009","Cattaraugus, NY",2,CAINC45,250,"..."," Value of inventory change: livestock ","Thousands of dollars",-270,-157,-172,-22,304,1005,369,-593,-1210,-752,1937,1423,3294,1430,473,-894,-1769,-1555,-1470,-2499,-144,216,196,17,-527,-989,685,615,-1218,-460,-6,-2326,325,1564,-712,-246,-310,603,505,-1848,789,-198,232,-279,1491,-311,728,1228,-541,-813,288,-996,-8,258
 "36009","Cattaraugus, NY",2,CAINC45,260,"..."," Value of inventory change: crops ","Thousands of dollars",-125,44,153,-305,93,432,-39,483,-261,526,301,254,-1175,1600,-748,2,198,137,-283,-1333,-175,-26,-350,-773,171,670,-747,141,88,-454,-168,-619,902,-728,1306,-650,-817,273,65,855,-1368,-539,-767,-1118,1027,-1605,-1913,-1674,-18,91,-2257,-2313,1462,-3195
 "36009","Cattaraugus, NY",2,CAINC45,265,"..."," Value of inventory change: materials and supplies ","Thousands of dollars",(NA),(NA),(NA),(NA),(NA),(NA),(NA),(NA),(NA),(NA),(NA),(NA),(NA),(NA),(NA),(NA),(NA),(NA),(NA),(NA),(NA),(NA),-169,537,-130,697,-777,558,226,250,-639,353,-335,735,-484,465,-866,531,546,162,-7,778,-230,344,-95,451,424,-32,22,21,-174,167,393,15
 "36009","Cattaraugus, NY",2,CAINC45,270,"...","Cash receipts and other income ","Thousands of dollars",24833,25705,26666,27757,32056,35826,36864,41233,41681,45781,53241,56179,57419,54450,58699,61203,59120,60454,64399,63231,68152,68614,61927,67423,64821,63763,63800,65783,57968,59340,62309,62362,68144,65640,64203,73374,74526,69268,78026,90351,76607,88070,104183,106641,114684,129643,102651,94443,99467,97169,107858,110945,113823,146384
 "36009","Cattaraugus, NY",2,CAINC45,280,"..."," Less: Production expenses ","Thousands of dollars",16903,18010,18908,19866,24007,30798,32797,36227,38305,43367,50055,53887,57222,54730,57657,56289,51362,49627,49812,50205,54344,55599,54185,53821,54617,57524,60440,58594,59324,60969,60630,59933,63069,66693,58065,58867,55668,59480,67092,74511,72850,75190,80027,92764,92183,98076,89971,85554,81779,84179,78754,84896,85094,99621
 "36009","Cattaraugus, NY",2,CAINC45,290,"...","Equals: Realized net income ","Thousands of dollars",7930,7695,7758,7891,8049,5028,4067,5006,3376,2414,3186,2292,197,-280,1042,4914,7758,10827,14587,13026,13808,13015,7742,13602,10204,6239,3360,7189,-1356,-1629,1679,2429,5075,-1053,6138,14507,18858,9788,10934,15840,3757,12880,24156,13877,22501,31567,12680,8889,17688,12990,29104,26049,28729,46763
 "36009","Cattaraugus, NY",2,CAINC45,300,"..."," Plus: Value of inventory change ","Thousands of dollars",-395,-113,-19,-327,397,1437,330,-110,-1471,-226,2238,1677,2119,3030,-275,-892,-1571,-1418,-1753,-3832,-319,190,-323,-219,-486,378,-839,1314,-904,-664,-813,-2592,892,1571,110,-431,-1993,1407,1116,-831,-586,41,-765,-1053,2423,-1465,-761,-478,-537,-701,-2143,-3142,1847,-2922
 "36009","Cattaraugus, NY",2,CAINC45,310,"...","Equals: Net income including corporate farms ","Thousands of dollars",7535,7582,7739,7564,8446,6465,4397,4896,1905,2188,5424,3969,2316,2750,767,4022,6187,9409,12834,9194,13489,13205,7419,13383,9718,6617,2521,8503,-2260,-2293,866,-163,5967,518,6248,14076,16865,11195,12050,15009,3171,12921,23391,12824,24924,30102,11919,8411,17151,12289,26961,22907,30576,43841
 "36009","Cattaraugus, NY",2,CAINC45,320,"..."," Less: Net income of corporate farms ","Thousands of dollars",157,153,182,278,375,174,128,121,35,48,133,24,40,26,3,58,110,151,207,146,431,564,277,605,426,536,213,1298,-464,-501,64,-34,697,67,841,2557,2706,1644,2376,2069,246,1309,2601,1032,2098,2997,622,1187,2220,3324,4991,4623,7689,12733
 "36009","Cattaraugus, NY",2,CAINC45,330,"..."," Plus: Statistical adjustment ","Thousands of dollars",0,0,0,0,0,0,0,0,0,0,0,0,0,0,0,0,0,0,0,0,0,0,0,0,0,0,0,0,0,0,0,0,0,0,0,0,0,0,0,0,0,0,0,0,0,0,0,0,0,0,0,0,0,0
 "36009","Cattaraugus, NY",2,CAINC45,340,"...","Equals: Farm proprietors' income ","Thousands of dollars",7378,7429,7557,7286,8071,6291,4269,4775,1870,2140,5291,3945,2276,2724,764,3964,6077,9258,12627,9048,13058,12641,7142,12778,9292,6081,2308,7205,-1796,-1792,802,-129,5270,451,5407,11519,14159,9551,9674,12940,2925,11612,20790,11792,22826,27105,11297,7224,14931,8965,21970,18284,22887,31108
 "36009","Cattaraugus, NY",2,CAINC45,350,"..."," Plus: Farm wages and salaries ","Thousands of dollars",1313,1397,1527,1568,1989,2388,2652,2569,2820,2708,3063,3289,3293,3840,3819,3931,4106,3945,4085,4541,4748,5495,5281,5080,5360,5083,5530,5588,5718,5751,5236,6077,6255,7862,7231,7203,5929,6635,8078,6978,6125,5742,4723,6697,6770,7246,5884,6681,6375,6000,4783,5170,4910,7021
 "36009","Cattaraugus, NY",2,CAINC45,360,"..."," Plus: Farm supplements to wages and salaries ","Thousands of dollars",143,159,185,194,250,311,327,361,413,392,443,462,435,442,499,508,541,550,608,652,825,1022,1110,1122,1236,1227,1273,1133,1049,1045,992,1147,1298,1348,1244,1237,1105,1296,1872,2152,1777,1607,1435,1702,1973,2005,1831,1994,2149,1691,1528,1524,1603,2574
 "36009","Cattaraugus, NY",2,CAINC45,370,"...","Equals: Farm earnings ","Thousands of dollars",8834,8985,9269,9048,10310,8990,7248,7705,5103,5240,8797,7696,6004,7006,5082,8403,10724,13753,17320,14241,18631,19158,13533,18980,15888,12391,9111,13926,4971,5004,7030,7095,12823,9661,13882,19959,21193,17482,19624,22070,10827,18961,26948,20191,31569,36356,19012,15899,23455,16656,28281,24978,29400,40703
 "36011","Cayuga, NY",2,CAINC45,10,"...","Cash receipts from marketings (thousands of dollars) ","Thousands of dollars",26338,28175,28994,30172,37898,44193,45944,52016,52114,56517,67735,73766,81962,76752,77579,82090,77016,78710,81367,87440,96915,101820,102098,102033,106755,113315,118237,128505,115738,132053,129553,123956,137686,127238,125128,148156,146345,136138,214568,233911,191795,235270,286952,294037,309693,356976,279637,268192,284446,275471,299884,295171,328029,432855
 "36011","Cayuga, NY",2,CAINC45,20,"..."," Cash receipts: Livestock and products ","Thousands of dollars",20249,21250,22009,23513,27745,29972,31255,36512,36538,41874,49916,53070,55919,55089,58340,60472,58700,59340,60659,60040,67386,71684,66049,70535,74573,78585,79773,89556,82382,96952,94532,85732,99704,92875,90725,111813,112954,97168,163230,167542,124786,163099,205982,199661,220179,277525,212108,203502,226836,212077,233796,224483,243548,335931
 "36011","Cayuga, NY",2,CAINC45,60,"..."," Cash receipts: Crops ","Thousands of dollars",6089,6925,6985,6659,10153,14221,14689,15504,15576,14643,17819,20696,26043,21663,19239,21618,18316,19370,20708,27400,29529,30136,36049,31498,32182,34730,38464,38949,33356,35101,35021,38224,37982,34363,34403,36343,33391,38970,51338,66369,67009,72171,80970,94376,89514,79451,67529,64690,57610,63394,66088,70688,84481,96924
 "36011","Cayuga, NY",2,CAINC45,120,"...","Other income ","Thousands of dollars",2569,2256,1854,2143,2267,1661,1648,1857,2049,2799,2677,2707,2968,3880,4884,4358,4729,6697,9527,7361,5330,4724,4258,3895,5858,3594,4277,3987,4862,6462,9984,12433,8876,9522,10633,10626,13597,11344,8880,10683,13392,11488,10519,14031,16406,12102,12189,10833,14866,10760,22787,41077,15520,15766
 "36011","Cayuga, NY",2,CAINC45,130,"..."," Government payments ","Thousands of dollars",1784,1480,1053,1314,1186,300,217,229,426,1049,349,192,268,691,1930,1437,1850,4247,7344,5153,3117,2679,2357,1951,3830,1486,2067,2080,2348,3649,6198,7286,5518,4668,5182,3804,8181,6322,2819,2959,5353,2370,2576,3966,3663,1537,3555,5019,4543,3368,8392,33993,9775,2093
 "36011","Cayuga, NY",2,CAINC45,140,"..."," Imputed and miscellaneous income received 1/","Thousands of dollars",785,776,801,829,1081,1361,1431,1628,1623,1750,2328,2515,2700,3189,2954,2921,2879,2450,2183,2208,2213,2045,1901,1944,2028,2108,2210,1907,2514,2813,3786,5147,3358,4854,5451,6822,5416,5022,6061,7724,8039,9118,7943,10065,12743,10565,8634,5814,10323,7392,14395,7084,5745,13673
 "36011","Cayuga, NY",2,CAINC45,150,"...","Production expenses ","Thousands of dollars",19977,21603,23287,24471,30173,39028,42332,47316,49914,57297,69902,78675,82679,79515,83460,83871,77275,75165,76875,79707,89187,94052,94686,95614,99692,108364,117124,115242,120816,125219,123879,123401,130798,139145,127737,136551,135484,150701,177958,197634,192442,198714,210699,245701,250992,272881,259426,255555,253293,259401,241497,261501,260165,308965
 "36011","Cayuga, NY",2,CAINC45,160,"..."," Feed purchased ","Thousands of dollars",3631,4170,4311,4250,6050,8404,7748,9209,8621,9111,10899,13176,13526,10918,13306,12571,12148,13018,13038,13845,15674,15711,15454,15700,15737,15526,17362,17222,20510,22675,22053,20682,22573,23812,22509,24858,22412,26422,33189,40537,34523,38902,41357,46818,52029,55289,56302,52645,58961,58360,55663,61357,58560,56960
 "36011","Cayuga, NY",2,CAINC45,170,"..."," Livestock purchased ","Thousands of dollars",1429,1550,1645,1755,2145,2229,2180,2575,2523,3095,5101,4530,4331,3145,3338,3446,2960,3396,4907,3953,5637,6230,6155,6148,8065,7959,8635,7042,5081,5946,6871,5609,7516,6679,3630,4600,6226,6609,6578,4900,5495,4602,4854,4583,4469,6887,4726,5822,6163,7839,8280,8765,9331,8567
 "36011","Cayuga, NY",2,CAINC45,180,"..."," Seed purchased ","Thousands of dollars",751,775,837,821,1138,1433,1460,1876,2015,2101,2387,2725,2830,2608,2183,2704,2462,2449,2435,3079,3376,3481,3953,3368,3343,3898,4553,5282,5608,5808,4781,5400,5297,6684,7121,6653,6166,6553,8341,9460,9321,9416,10168,12423,13153,14409,13771,15608,16810,15970,13701,15382,12860,23160
 "36011","Cayuga, NY",2,CAINC45,190,"..."," Fertilizer and lime (incl. ag. chemicals 1978-fwd.) ","Thousands of dollars",1868,1968,2260,2520,3065,4684,5350,4964,5096,6213,7962,9370,9312,8899,8237,8874,7878,6737,6497,6647,7649,8015,8792,8382,7483,9191,10609,9517,10500,10251,9415,9180,9939,8972,9223,9890,10569,11540,12913,15159,13853,14171,16023,19302,19815,20772,17436,16922,14751,17005,15182,17514,18947,24707
 "36011","Cayuga, NY",2,CAINC45,200,"..."," Petroleum products purchased ","Thousands of dollars",994,985,1034,1015,1146,1653,2028,2529,2708,2951,3538,4875,4989,4291,4028,4115,3677,3037,2877,2857,2918,3649,3599,3433,3548,3624,4053,4456,4462,3911,3477,4439,4102,3674,4321,5590,6599,7807,9652,11355,9316,9937,11761,14067,15337,15345,11359,9403,9846,9703,9575,8797,9890,14529
 "36011","Cayuga, NY",2,CAINC45,210,"..."," Hired farm labor expenses 2/","Thousands of dollars",2375,2404,2602,2620,3168,3628,4438,4880,5625,5908,6127,5934,5355,5526,5675,6281,6772,6459,6963,8369,9761,11798,12074,12156,14205,15811,18950,19007,20440,20746,17956,19369,19854,24001,21353,22669,19490,22684,28264,26463,25921,24135,21913,29409,29568,31604,26688,29156,26596,24946,21182,22483,20804,31779
 "36011","Cayuga, NY",2,CAINC45,220,"..."," All other production expenses 3/","Thousands of dollars",8929,9751,10598,11490,13461,16997,19128,21283,23326,27918,33888,38065,42336,44128,46693,45880,41378,40069,40158,40957,44172,45168,44659,46427,47311,52355,52962,52716,54215,55882,59326,58722,61517,65323,59580,62291,64022,69086,79021,89760,94013,97551,104623,119099,116621,128575,129144,125999,120166,125578,117914,127203,129773,149263
 "36011","Cayuga, NY",2,CAINC45,240,"...","Value of inventory change ","Thousands of dollars",-224,-103,24,-1540,614,5135,1195,-581,-887,-278,3418,1424,3961,887,-4160,-728,-509,-1117,-2363,-8740,-986,1504,-1033,-1355,1452,3007,-2255,2000,1192,813,-2563,-5031,1128,2432,-480,-442,-3897,1819,1299,3101,-7689,-1759,-6114,-4162,1912,-5190,-3737,-4363,-3538,-1957,-9565,-8212,2586,-14448
 "36011","Cayuga, NY",2,CAINC45,250,"..."," Value of inventory change: livestock ","Thousands of dollars",-206,-127,-141,-51,241,781,273,-508,-983,-603,1621,1393,2846,1086,413,-774,-2013,-1508,-1765,-2559,-192,116,206,42,-580,-1193,768,782,-1555,-741,-79,-2579,334,2655,-1229,-342,-549,1136,1198,-4133,1733,-396,446,-557,3346,-701,1773,3085,-1430,-2072,713,-2568,-9,680
 "36011","Cayuga, NY",2,CAINC45,260,"..."," Value of inventory change: crops ","Thousands of dollars",-18,24,165,-1489,373,4354,922,-73,96,325,1797,31,1115,-199,-4573,46,1504,391,-598,-6181,-794,1388,-937,-2380,2280,2810,-1406,10,2239,1011,-1133,-3181,1467,-1663,1825,-1253,-1004,-873,-1654,6736,-9399,-3674,-5887,-4599,-1151,-5879,-6864,-7343,-2184,42,-9679,-6219,1238,-15181
 "36011","Cayuga, NY",2,CAINC45,265,"..."," Value of inventory change: materials and supplies ","Thousands of dollars",(NA),(NA),(NA),(NA),(NA),(NA),(NA),(NA),(NA),(NA),(NA),(NA),(NA),(NA),(NA),(NA),(NA),(NA),(NA),(NA),(NA),(NA),-302,983,-248,1390,-1617,1208,508,543,-1351,729,-673,1440,-1076,1153,-2344,1556,1755,498,-23,2311,-673,994,-283,1390,1354,-105,76,73,-599,575,1357,53
 "36011","Cayuga, NY",2,CAINC45,270,"...","Cash receipts and other income ","Thousands of dollars",28907,30431,30848,32315,40165,45854,47592,53873,54163,59316,70412,76473,84930,80632,82463,86448,81745,85407,90894,94801,102245,106544,106356,105928,112613,116909,122514,132492,120600,138515,139537,136389,146562,136760,135761,158782,159942,147482,223448,244594,205187,246758,297471,308068,326099,369078,291826,279025,299312,286231,322671,336248,343549,448621
 "36011","Cayuga, NY",2,CAINC45,280,"..."," Less: Production expenses ","Thousands of dollars",19977,21603,23287,24471,30173,39028,42332,47316,49914,57297,69902,78675,82679,79515,83460,83871,77275,75165,76875,79707,89187,94052,94686,95614,99692,108364,117124,115242,120816,125219,123879,123401,130798,139145,127737,136551,135484,150701,177958,197634,192442,198714,210699,245701,250992,272881,259426,255555,253293,259401,241497,261501,260165,308965
 "36011","Cayuga, NY",2,CAINC45,290,"...","Equals: Realized net income ","Thousands of dollars",8930,8828,7561,7844,9992,6826,5260,6557,4249,2019,510,-2202,2251,1117,-997,2577,4470,10242,14019,15094,13058,12492,11670,10314,12921,8545,5390,17250,-216,13296,15658,12988,15764,-2385,8024,22231,24458,-3219,45490,46960,12745,48044,86772,62367,75107,96197,32400,23470,46019,26830,81174,74747,83384,139656
 "36011","Cayuga, NY",2,CAINC45,300,"..."," Plus: Value of inventory change ","Thousands of dollars",-224,-103,24,-1540,614,5135,1195,-581,-887,-278,3418,1424,3961,887,-4160,-728,-509,-1117,-2363,-8740,-986,1504,-1033,-1355,1452,3007,-2255,2000,1192,813,-2563,-5031,1128,2432,-480,-442,-3897,1819,1299,3101,-7689,-1759,-6114,-4162,1912,-5190,-3737,-4363,-3538,-1957,-9565,-8212,2586,-14448
 "36011","Cayuga, NY",2,CAINC45,310,"...","Equals: Net income including corporate farms ","Thousands of dollars",8706,8725,7585,6304,10606,11961,6455,5976,3362,1741,3928,-778,6212,2004,-5157,1849,3961,9125,11656,6354,12072,13996,10637,8959,14373,11552,3135,19250,976,14109,13095,7957,16892,47,7544,21789,20561,-1400,46789,50061,5056,46285,80658,58205,77019,91007,28663,19107,42481,24873,71609,66535,85970,125208
 "36011","Cayuga, NY",2,CAINC45,320,"..."," Less: Net income of corporate farms ","Thousands of dollars",104,118,134,189,408,294,194,174,82,57,138,-48,147,25,-462,67,226,574,893,387,1251,1685,990,736,942,1149,268,2592,95,1283,930,734,2453,10,1227,3873,2717,-312,5606,4419,267,3444,7227,4240,5410,7116,1120,1944,3847,4704,9268,9390,15116,25427
 "36011","Cayuga, NY",2,CAINC45,330,"..."," Plus: Statistical adjustment ","Thousands of dollars",0,0,0,0,0,0,0,0,0,0,0,0,0,0,0,0,0,0,0,0,-1,0,1,1,1,-1,-1,1,1,0,1,-1,-1,0,0,-1,-1,0,0,0,-1,1,-1,1,0,1,0,-1,-1,-1,1,1,-1,-1
 "36011","Cayuga, NY",2,CAINC45,340,"...","Equals: Farm proprietors' income ","Thousands of dollars",8602,8607,7451,6115,10198,11667,6261,5802,3280,1684,3790,-730,6065,1979,-4695,1782,3735,8551,10763,5967,10820,12311,9648,8224,13432,10402,2866,16659,882,12826,12166,7222,14438,37,6317,17915,17843,-1088,41183,45642,4788,42842,73430,53966,71609,83892,27543,17162,38633,20168,62342,57146,70853,99780
 "36011","Cayuga, NY",2,CAINC45,350,"..."," Plus: Farm wages and salaries ","Thousands of dollars",1782,1828,1937,1930,2370,2787,3418,3588,4230,4319,4471,4423,4104,4482,4533,4742,5027,4891,5101,6281,7143,8891,9061,9173,10425,10598,12352,13416,14756,14314,12604,14170,14147,17340,16592,17111,14494,16655,20773,18934,17519,17281,14976,22342,22513,24126,19612,22288,21282,20024,15855,17184,16302,23180
 "36011","Cayuga, NY",2,CAINC45,360,"..."," Plus: Farm supplements to wages and salaries ","Thousands of dollars",195,202,231,234,292,353,414,495,606,616,634,607,534,502,582,598,645,659,744,875,1180,1546,1784,1886,2238,2378,2666,2538,2526,2462,2287,2594,2872,2929,2804,2872,2633,3168,4667,5619,4847,4630,4301,5284,6101,6228,5758,6309,6798,5306,4769,4729,5008,8253
 "36011","Cayuga, NY",2,CAINC45,370,"...","Equals: Farm earnings ","Thousands of dollars",10579,10637,9619,8279,12860,14807,10093,9885,8116,6619,8895,4300,10703,6963,420,7122,9407,14101,16608,13123,19143,22748,20493,19283,26095,23378,17884,32613,18164,29602,27057,23986,31457,20306,25713,37898,34970,18735,66623,70195,27154,64753,92707,81592,100223,114246,52913,45759,66713,45498,82966,79059,92163,131213
 "36013","Chautauqua, NY",2,CAINC45,10,"...","Cash receipts from marketings (thousands of dollars) ","Thousands of dollars",38515,38659,40921,40122,49793,56150,56382,59955,61899,73181,83189,84905,86749,82318,82559,83586,81372,81295,86760,87348,94882,97274,95840,97424,94408,96307,95444,102141,92780,103815,105839,100263,109543,100287,97090,116873,118969,111462,137605,146162,118099,140551,165508,163668,173678,193937,159926,159524,165774,143233,154027,157580,173104,216555
 "36013","Chautauqua, NY",2,CAINC45,20,"..."," Cash receipts: Livestock and products ","Thousands of dollars",24732,25327,25841,26891,30196,32905,34392,39669,39878,45516,53873,58293,60060,57397,59480,58783,56145,55095,56122,56351,62563,65342,60144,65167,65457,67194,63784,67796,61737,73661,72703,65796,77184,62812,60948,75250,76805,65888,79486,79634,58233,75428,94262,90126,97286,119976,88929,84163,91611,85454,94668,90748,98485,135609
 "36013","Chautauqua, NY",2,CAINC45,60,"..."," Cash receipts: Crops ","Thousands of dollars",13783,13332,15080,13231,19597,23245,21990,20286,22021,27665,29316,26612,26689,24921,23079,24803,25227,26200,30638,30997,32319,31932,35696,32257,28951,29113,31660,34345,31043,30154,33136,34467,32359,37475,36142,41623,42164,45574,58119,66528,59866,65123,71246,73542,76392,73961,70997,75361,74163,57779,59359,66832,74619,80946
 "36013","Chautauqua, NY",2,CAINC45,120,"...","Other income ","Thousands of dollars",1600,1580,1710,1803,2195,2839,3106,3641,3640,3832,4778,4918,5019,5748,5741,8276,7045,6134,6200,6088,7552,6669,5775,6665,8165,7425,7801,6737,8735,8172,11068,14580,7579,11417,11390,9591,9418,8390,7378,9596,15650,11133,9189,18276,16614,14325,13681,9539,12243,11700,18705,30631,16344,21009
 "36013","Chautauqua, NY",2,CAINC45,130,"..."," Government payments ","Thousands of dollars",382,325,321,302,183,186,160,199,137,230,170,137,98,135,335,2684,1283,982,1592,1172,2333,1561,725,1159,2234,1080,996,798,654,993,2697,4322,1425,4631,4529,1691,3518,3181,1398,1512,5053,1313,1270,3482,2031,899,1211,1360,1094,1937,3053,20153,8213,2413
 "36013","Chautauqua, NY",2,CAINC45,140,"..."," Imputed and miscellaneous income received 1/","Thousands of dollars",1218,1255,1389,1501,2012,2653,2946,3442,3503,3602,4608,4781,4921,5613,5406,5592,5762,5152,4608,4916,5219,5108,5050,5506,5931,6345,6805,5939,8081,7179,8371,10258,6154,6786,6861,7900,5900,5209,5980,8084,10597,9820,7919,14794,14583,13426,12470,8179,11149,9763,15652,10478,8131,18596
 "36013","Chautauqua, NY",2,CAINC45,150,"...","Production expenses ","Thousands of dollars",27389,28904,30496,31459,38278,48149,52729,56257,60149,63471,74562,82024,85513,82970,86095,83972,76414,72421,71888,74440,82304,86233,86106,86818,87460,93129,97490,94114,97155,106344,110735,113552,124594,137245,117183,115516,105081,109407,119333,125568,119241,118434,121548,138918,138843,148237,137305,132985,127333,130590,121253,130927,131208,157559
 "36013","Chautauqua, NY",2,CAINC45,160,"..."," Feed purchased ","Thousands of dollars",5661,6215,6215,5971,8326,11374,10625,12023,11380,11147,13518,16536,17405,14528,16396,14340,12826,12709,11761,12666,14525,14731,14649,15036,14257,13350,14212,13452,15326,23184,28250,31527,39590,46921,35593,30953,21341,18345,15457,18584,15611,17380,18282,20495,22032,22617,22219,20012,21552,21333,20347,22429,21406,20822
 "36013","Chautauqua, NY",2,CAINC45,170,"..."," Livestock purchased ","Thousands of dollars",1617,1627,1621,1636,1903,1892,1878,2117,2111,2399,3750,3148,2880,2013,1938,1835,1453,1554,2102,1715,2460,2691,2668,2720,3840,4180,4845,4244,3414,3683,3875,2783,3361,2292,1353,1921,2965,3598,2987,2293,2741,2453,2817,2918,2543,3449,2078,2270,2091,2651,2820,2974,3172,2908
 "36013","Chautauqua, NY",2,CAINC45,180,"..."," Seed purchased ","Thousands of dollars",548,544,570,545,739,914,940,1158,1264,1238,1261,1296,1235,1053,881,1092,994,988,985,1244,1363,1405,1594,1358,1246,1360,1496,1651,1671,2488,2628,3578,4068,5792,5494,4561,3741,3501,3905,4347,4217,4202,4484,5422,5297,5350,4706,4902,4840,4598,3945,4428,3702,6667
 "36013","Chautauqua, NY",2,CAINC45,190,"..."," Fertilizer and lime (incl. ag. chemicals 1978-fwd.) ","Thousands of dollars",1563,1608,1825,2034,2366,3381,3859,3471,3518,3979,4782,5335,5142,4813,4675,5302,4972,4509,4630,4724,5421,5665,6201,5898,5156,6211,7036,6195,6719,6632,6161,6081,6668,6098,6131,6450,6778,7291,8050,9376,8510,8655,9738,11678,11989,12570,10552,10242,8928,10293,9189,10601,11468,14954
 "36013","Chautauqua, NY",2,CAINC45,200,"..."," Petroleum products purchased ","Thousands of dollars",969,936,963,931,1037,1479,1931,2396,2691,2807,3233,4315,4366,3750,3538,3635,3270,2722,2601,2526,2527,3096,2996,2803,2825,2820,3092,3336,3283,2890,2578,3307,3071,2764,3059,3808,4376,5075,6181,7247,5927,6307,7448,8889,9600,9501,6945,5666,5833,5748,5673,5213,5860,8609
 "36013","Chautauqua, NY",2,CAINC45,210,"..."," Hired farm labor expenses 2/","Thousands of dollars",4979,5118,5611,5732,7012,8088,9269,9123,9991,9231,10191,10451,9384,10180,9648,9930,10057,8752,8840,9780,10944,12567,12439,12057,13103,13993,15795,15203,16010,16807,15054,16076,16660,20430,18030,18532,15650,17753,21584,20069,19573,18117,16380,21879,21566,22580,18723,19973,17807,16701,14241,15119,14019,21267
 "36013","Chautauqua, NY",2,CAINC45,220,"..."," All other production expenses 3/","Thousands of dollars",12052,12856,13691,14610,16895,21021,24227,25969,29194,32670,37827,40943,45101,46633,49019,47838,42842,41187,40969,41785,45064,46078,45559,46946,47033,51215,51014,50033,50732,50660,52189,50200,51176,52948,47523,49291,50230,53844,61169,63652,62662,61320,62399,67637,65816,72170,72082,69920,66282,69266,65038,70163,71581,82332
 "36013","Chautauqua, NY",2,CAINC45,240,"...","Value of inventory change ","Thousands of dollars",-322,218,53,-793,-1610,3515,230,-446,-1204,-167,2367,1995,3201,1616,-162,-993,-2100,-1788,-2086,-4347,-388,136,-439,-128,-672,645,-1149,1746,-1137,-763,-1556,-2529,611,3828,-1458,-1409,-2945,1964,1630,-1183,-844,185,-1134,-1348,2825,-2009,-1460,-1333,-993,-968,-3703,-4570,2084,-5395
 "36013","Chautauqua, NY",2,CAINC45,250,"..."," Value of inventory change: livestock ","Thousands of dollars",-286,-167,-187,-18,326,1085,411,-673,-1341,-821,1971,1620,3605,1556,512,-998,-2170,-1815,-1732,-2877,-193,230,234,18,-667,-1269,830,814,-1580,-587,-10,-2649,370,2279,-1035,-367,-462,932,736,-2495,1067,-279,331,-393,1954,-410,917,1510,-659,-967,331,-1181,-10,308
 "36013","Chautauqua, NY",2,CAINC45,260,"..."," Value of inventory change: crops ","Thousands of dollars",-36,385,240,-775,-1936,2430,-181,227,137,654,396,375,-404,60,-674,5,70,27,-354,-1470,-195,-94,-424,-954,189,861,-803,86,100,-636,-180,-730,1125,-551,825,-2123,-687,53,9,1059,-1900,-693,-1130,-1447,1006,-2245,-2985,-2797,-366,-32,-3784,-3629,1529,-5725
 "36013","Chautauqua, NY",2,CAINC45,265,"..."," Value of inventory change: materials and supplies ","Thousands of dollars",(NA),(NA),(NA),(NA),(NA),(NA),(NA),(NA),(NA),(NA),(NA),(NA),(NA),(NA),(NA),(NA),(NA),(NA),(NA),(NA),(NA),(NA),-249,808,-194,1053,-1176,846,343,460,-1366,850,-884,2100,-1248,1081,-1796,979,885,253,-11,1157,-335,492,-135,646,608,-46,32,31,-250,240,565,22
 "36013","Chautauqua, NY",2,CAINC45,270,"...","Cash receipts and other income ","Thousands of dollars",40115,40239,42631,41925,51988,58989,59488,63596,65539,77013,87967,89823,91768,88066,88300,91862,88417,87429,92960,93436,102434,103943,101615,104089,102573,103732,103245,108878,101515,111987,116907,114843,117122,111704,108480,126464,128387,119852,144983,155758,133749,151684,174697,181944,190292,208262,173607,169063,178017,154933,172732,188211,189448,237564
 "36013","Chautauqua, NY",2,CAINC45,280,"..."," Less: Production expenses ","Thousands of dollars",27389,28904,30496,31459,38278,48149,52729,56257,60149,63471,74562,82024,85513,82970,86095,83972,76414,72421,71888,74440,82304,86233,86106,86818,87460,93129,97490,94114,97155,106344,110735,113552,124594,137245,117183,115516,105081,109407,119333,125568,119241,118434,121548,138918,138843,148237,137305,132985,127333,130590,121253,130927,131208,157559
 "36013","Chautauqua, NY",2,CAINC45,290,"...","Equals: Realized net income ","Thousands of dollars",12726,11335,12135,10466,13710,10840,6759,7339,5390,13542,13405,7799,6255,5096,2205,7890,12003,15008,21072,18996,20130,17710,15509,17271,15113,10603,5755,14764,4360,5643,6172,1291,-7472,-25541,-8703,10948,23306,10445,25650,30190,14508,33250,53149,43026,51449,60025,36302,36078,50684,24343,51479,57284,58240,80005
 "36013","Chautauqua, NY",2,CAINC45,300,"..."," Plus: Value of inventory change ","Thousands of dollars",-322,218,53,-793,-1610,3515,230,-446,-1204,-167,2367,1995,3201,1616,-162,-993,-2100,-1788,-2086,-4347,-388,136,-439,-128,-672,645,-1149,1746,-1137,-763,-1556,-2529,611,3828,-1458,-1409,-2945,1964,1630,-1183,-844,185,-1134,-1348,2825,-2009,-1460,-1333,-993,-968,-3703,-4570,2084,-5395
 "36013","Chautauqua, NY",2,CAINC45,310,"...","Equals: Net income including corporate farms ","Thousands of dollars",12404,11553,12188,9673,12100,14355,6989,6893,4186,13375,15772,9794,9456,6712,2043,6897,9903,13220,18986,14649,19742,17846,15070,17143,14441,11248,4606,16510,3223,4880,4616,-1238,-6861,-21713,-10161,9539,20361,12409,27280,29007,13664,33435,52015,41678,54274,58016,34842,34745,49691,23375,47776,52714,60324,74610
 "36013","Chautauqua, NY",2,CAINC45,320,"..."," Less: Net income of corporate farms ","Thousands of dollars",206,201,263,342,536,397,256,258,138,619,856,136,406,160,22,251,442,524,753,448,996,1013,641,888,584,700,267,1548,218,328,276,-265,-1327,-3883,-2122,1798,2905,1411,3762,2925,818,2792,5174,3329,4284,5197,1584,4168,5360,5267,7367,8863,12637,18052
 "36013","Chautauqua, NY",2,CAINC45,330,"..."," Plus: Statistical adjustment ","Thousands of dollars",1,1,1,1,1,1,0,-1,-1,1,1,-1,1,-1,0,0,0,1,0,0,-1,0,1,1,0,0,-1,0,0,0,0,-1,-1,0,0,0,0,0,0,0,0,0,0,0,0,0,0,0,0,0,0,0,0,0
 "36013","Chautauqua, NY",2,CAINC45,340,"...","Equals: Farm proprietors' income ","Thousands of dollars",12199,11353,11926,9332,11565,13959,6733,6634,4047,12757,14917,9657,9051,6551,2021,6646,9461,12697,18233,14201,18745,16833,14430,16256,13857,10548,4338,14962,3005,4552,4340,-974,-5535,-17830,-8039,7741,17456,10998,23518,26082,12846,30643,46841,38349,49990,52819,33258,30577,44331,18108,40409,43851,47687,56558
 "36013","Chautauqua, NY",2,CAINC45,350,"..."," Plus: Farm wages and salaries ","Thousands of dollars",3956,4019,4223,4175,5134,5983,6586,6315,6852,6574,7147,7408,7217,8202,7541,7164,6911,6107,5801,6707,7255,8653,8541,8410,9069,8789,9782,10130,10631,10635,9631,11134,11465,14242,13397,13536,11377,12883,15800,14407,13293,13082,11257,16703,16897,18079,14675,16657,15893,14953,11953,12904,12258,17559
 "36013","Chautauqua, NY",2,CAINC45,360,"..."," Plus: Farm supplements to wages and salaries ","Thousands of dollars",392,407,455,460,580,695,815,963,1177,1151,1170,1112,964,909,971,916,905,860,879,972,1274,1610,1783,1831,2061,2088,2218,2020,1915,1951,1888,2231,2589,2730,2589,2596,2374,2772,4012,4813,4124,3815,3530,4344,5035,5111,4642,5057,5445,4290,3894,3882,4071,6496
 "36013","Chautauqua, NY",2,CAINC45,370,"...","Equals: Farm earnings ","Thousands of dollars",16547,15779,16604,13967,17279,20637,14134,13912,12076,20482,23234,18177,17232,15662,10533,14726,17277,19664,24913,21880,27274,27096,24754,26497,24987,21425,16338,27112,15551,17138,15859,12391,8519,-858,7947,23873,31207,26653,43330,45302,30263,47540,61628,59396,71922,76009,52575,52291,65669,37351,56256,60637,64016,80613
 "36015","Chemung, NY",2,CAINC45,10,"...","Cash receipts from marketings (thousands of dollars) ","Thousands of dollars",7185,7109,7006,7093,8338,8960,9338,10780,10645,11731,13720,15295,15842,15178,15291,15520,14613,14559,14817,14381,14894,14695,13230,13716,14114,14332,13639,14126,12977,15085,14774,14024,15291,12128,11954,13865,14081,13310,16173,16230,12401,13938,15896,15416,17553,20013,16911,17103,17990,18105,19260,19563,22006,27076
 "36015","Chemung, NY",2,CAINC45,20,"..."," Cash receipts: Livestock and products ","Thousands of dollars",5872,5667,5434,5453,6221,6487,6851,7995,8030,8940,10910,11990,12504,12181,12074,11831,10836,10134,9964,9667,10378,10573,9549,9839,10692,11000,10242,10773,9372,11239,10971,9872,11242,8072,7808,9523,9746,8405,12936,11824,8127,9536,10950,9794,10494,12729,9700,9195,9928,9468,10273,9946,10641,14089
 "36015","Chemung, NY",2,CAINC45,60,"..."," Cash receipts: Crops ","Thousands of dollars",1313,1442,1572,1640,2117,2473,2487,2785,2615,2791,2810,3305,3338,2997,3217,3689,3777,4425,4853,4714,4516,4122,3681,3877,3422,3332,3397,3353,3605,3846,3803,4152,4049,4056,4146,4342,4335,4905,3237,4406,4274,4402,4946,5622,7059,7284,7211,7908,8062,8637,8987,9617,11365,12987
 "36015","Chemung, NY",2,CAINC45,120,"...","Other income ","Thousands of dollars",349,335,307,367,464,469,434,489,442,513,501,497,533,487,707,793,818,939,991,939,785,838,623,870,906,869,987,1048,1208,1170,1579,2175,1314,2026,2202,2089,1984,2018,1821,2357,2735,2456,2136,3401,3377,2441,2034,1916,1938,1501,2532,3704,2238,3086
 "36015","Chemung, NY",2,CAINC45,130,"..."," Government payments ","Thousands of dollars",196,165,123,156,171,90,59,78,45,158,72,63,110,54,250,307,303,438,576,511,348,418,219,443,373,235,246,350,216,299,583,979,589,942,935,459,663,774,302,522,826,267,284,773,553,94,427,751,558,385,584,2664,1301,487
 "36015","Chemung, NY",2,CAINC45,140,"..."," Imputed and miscellaneous income received 1/","Thousands of dollars",153,170,184,211,293,379,375,411,397,355,429,434,423,433,457,486,515,501,415,428,437,420,404,427,533,634,741,698,992,871,996,1196,725,1084,1267,1630,1321,1244,1519,1835,1909,2189,1852,2628,2824,2347,1607,1165,1380,1116,1948,1040,937,2599
 "36015","Chemung, NY",2,CAINC45,150,"...","Production expenses ","Thousands of dollars",5796,5845,5901,5864,6979,8661,9227,9837,10171,11552,13295,14408,15234,14379,14602,13828,12236,11342,10903,11259,12386,12989,12212,12629,13309,14150,14313,14231,15592,15739,15520,15176,15764,16250,14497,15112,14930,16299,18705,18865,17383,16520,16415,17812,18114,19898,18874,18779,18505,19128,17843,19169,19296,23039
 "36015","Chemung, NY",2,CAINC45,160,"..."," Feed purchased ","Thousands of dollars",1499,1544,1465,1348,1811,2396,2317,2720,2617,2893,3355,3943,4169,3400,3493,2731,2126,1764,1288,1504,1844,1981,1934,2132,1921,1690,1608,1450,1645,1885,1894,1830,2053,2221,1947,2005,1695,1879,2229,2502,1968,2059,2042,2163,2347,2434,2417,2203,2402,2377,2267,2499,2385,2320
 "36015","Chemung, NY",2,CAINC45,170,"..."," Livestock purchased ","Thousands of dollars",367,363,355,352,403,396,411,482,487,624,1035,923,934,705,607,508,350,320,359,371,635,801,896,980,1391,1418,1514,1238,895,993,1061,779,949,600,353,503,785,970,1036,650,655,457,402,307,383,687,552,763,862,1114,1169,1235,1306,1152
 "36015","Chemung, NY",2,CAINC45,180,"..."," Seed purchased ","Thousands of dollars",154,146,146,135,177,213,228,288,316,343,347,355,349,300,248,303,272,267,259,333,371,388,422,370,342,362,377,417,467,475,384,427,412,511,528,479,432,447,555,607,579,568,599,714,737,788,736,816,863,819,703,790,660,1189
 "36015","Chemung, NY",2,CAINC45,190,"..."," Fertilizer and lime (incl. ag. chemicals 1978-fwd.) ","Thousands of dollars",267,258,282,302,355,521,566,472,462,545,669,761,776,747,713,795,732,653,657,618,656,633,606,544,487,588,644,583,686,712,695,720,829,796,782,806,831,879,954,1012,843,790,824,919,964,1034,889,885,793,914,816,942,1019,1329
 "36015","Chemung, NY",2,CAINC45,200,"..."," Petroleum products purchased ","Thousands of dollars",187,193,208,209,240,351,459,567,623,707,788,1024,1053,893,798,768,637,480,401,399,408,510,473,462,477,478,507,563,605,539,487,633,596,543,611,768,888,1035,1267,1386,1066,1070,1199,1363,1534,1589,1222,1056,1160,1143,1128,1037,1166,1713
 "36015","Chemung, NY",2,CAINC45,210,"..."," Hired farm labor expenses 2/","Thousands of dollars",811,774,808,793,932,1072,1301,1350,1544,1625,1635,1578,1452,1534,1477,1511,1548,1428,1429,1494,1519,1662,1459,1374,1644,1766,1997,2143,2503,2410,2063,2243,2265,2670,2370,2328,1909,2078,2459,2221,2143,1981,1774,2350,2360,2523,2115,2327,2145,2017,1672,1783,1658,2566
 "36015","Chemung, NY",2,CAINC45,220,"..."," All other production expenses 3/","Thousands of dollars",2511,2567,2637,2725,3061,3712,3945,3958,4122,4815,5466,5824,6501,6800,7266,7212,6571,6430,6510,6540,6953,7014,6422,6767,7047,7848,7666,7837,8791,8725,8936,8544,8660,8909,7906,8223,8390,9011,10205,10487,10129,9595,9575,9996,9789,10843,10943,10729,10280,10744,10088,10883,11102,12770
 "36015","Chemung, NY",2,CAINC45,240,"...","Value of inventory change ","Thousands of dollars",-110,-25,-9,-193,118,308,109,-71,-309,-48,486,386,583,229,-122,-159,-365,-331,-390,-1055,-103,56,-98,-160,-38,157,-229,273,-130,-202,-166,-476,221,300,125,-88,-493,338,311,-105,-326,-78,-291,-325,509,-609,-739,-724,-199,-188,-1280,-1535,593,-1892
 "36015","Chemung, NY",2,CAINC45,250,"..."," Value of inventory change: livestock ","Thousands of dollars",-59,-37,-41,-17,64,200,69,-142,-262,-174,339,300,609,235,82,-161,-491,-342,-311,-500,-47,31,30,12,-112,-218,133,147,-263,-112,-2,-424,56,361,-160,-45,-73,136,125,-452,194,-43,25,-47,237,-43,123,202,-84,-151,65,-186,-1,47
 "36015","Chemung, NY",2,CAINC45,260,"..."," Value of inventory change: crops ","Thousands of dollars",-51,12,32,-176,54,108,40,71,-47,126,147,86,-26,-6,-204,2,126,11,-79,-555,-56,25,-92,-290,101,230,-206,18,91,-137,-44,-118,228,-198,381,-141,-229,80,53,312,-519,-176,-277,-332,287,-640,-933,-920,-119,-41,-1314,-1379,524,-1942
 "36015","Chemung, NY",2,CAINC45,265,"..."," Value of inventory change: materials and supplies ","Thousands of dollars",(NA),(NA),(NA),(NA),(NA),(NA),(NA),(NA),(NA),(NA),(NA),(NA),(NA),(NA),(NA),(NA),(NA),(NA),(NA),(NA),(NA),(NA),-36,118,-27,145,-156,108,42,47,-120,66,-63,137,-96,98,-191,122,133,35,-1,141,-39,54,-15,74,71,-6,4,4,-31,30,70,3
 "36015","Chemung, NY",2,CAINC45,270,"...","Cash receipts and other income ","Thousands of dollars",7534,7444,7313,7460,8802,9429,9772,11269,11087,12244,14221,15792,16375,15665,15998,16313,15431,15498,15808,15320,15679,15533,13853,14586,15020,15201,14626,15174,14185,16255,16353,16199,16605,14154,14156,15954,16065,15328,17994,18587,15136,16394,18032,18817,20930,22454,18945,19019,19928,19606,21792,23267,24244,30162
 "36015","Chemung, NY",2,CAINC45,280,"..."," Less: Production expenses ","Thousands of dollars",5796,5845,5901,5864,6979,8661,9227,9837,10171,11552,13295,14408,15234,14379,14602,13828,12236,11342,10903,11259,12386,12989,12212,12629,13309,14150,14313,14231,15592,15739,15520,15176,15764,16250,14497,15112,14930,16299,18705,18865,17383,16520,16415,17812,18114,19898,18874,18779,18505,19128,17843,19169,19296,23039
 "36015","Chemung, NY",2,CAINC45,290,"...","Equals: Realized net income ","Thousands of dollars",1738,1599,1412,1596,1823,768,545,1432,916,692,926,1384,1141,1286,1396,2485,3195,4156,4905,4061,3293,2544,1641,1957,1711,1051,313,943,-1407,516,833,1023,841,-2096,-341,842,1135,-971,-711,-278,-2247,-126,1617,1005,2816,2556,71,240,1423,478,3949,4098,4948,7123
 "36015","Chemung, NY",2,CAINC45,300,"..."," Plus: Value of inventory change ","Thousands of dollars",-110,-25,-9,-193,118,308,109,-71,-309,-48,486,386,583,229,-122,-159,-365,-331,-390,-1055,-103,56,-98,-160,-38,157,-229,273,-130,-202,-166,-476,221,300,125,-88,-493,338,311,-105,-326,-78,-291,-325,509,-609,-739,-724,-199,-188,-1280,-1535,593,-1892
 "36015","Chemung, NY",2,CAINC45,310,"...","Equals: Net income including corporate farms ","Thousands of dollars",1628,1574,1403,1403,1941,1076,654,1361,607,644,1412,1770,1724,1515,1274,2326,2830,3825,4515,3006,3190,2600,1543,1797,1673,1208,84,1216,-1537,314,667,547,1062,-1796,-216,754,642,-633,-400,-383,-2573,-204,1326,680,3325,1947,-668,-484,1224,290,2669,2563,5541,5231
 "36015","Chemung, NY",2,CAINC45,320,"..."," Less: Net income of corporate farms ","Thousands of dollars",26,23,21,30,46,15,13,30,13,20,44,13,34,15,7,47,81,112,150,78,137,127,57,213,163,197,14,336,-529,59,89,91,245,-472,-60,166,95,-144,-69,-84,-711,-54,194,93,368,202,-208,-112,91,45,283,296,796,868
 "36015","Chemung, NY",2,CAINC45,330,"..."," Plus: Statistical adjustment ","Thousands of dollars",0,0,0,0,0,0,0,0,0,0,0,0,0,0,0,0,0,0,0,0,0,0,0,0,0,0,0,0,0,0,0,0,0,0,0,0,0,0,0,0,0,0,0,0,0,0,0,0,0,0,0,0,0,0
 "36015","Chemung, NY",2,CAINC45,340,"...","Equals: Farm proprietors' income ","Thousands of dollars",1602,1551,1382,1373,1895,1061,641,1331,594,624,1368,1757,1690,1500,1267,2279,2749,3713,4365,2928,3053,2473,1486,1584,1510,1011,70,880,-1008,255,578,456,817,-1324,-156,588,547,-489,-331,-299,-1862,-150,1132,587,2957,1745,-460,-372,1133,245,2386,2267,4745,4363
 "36015","Chemung, NY",2,CAINC45,350,"..."," Plus: Farm wages and salaries ","Thousands of dollars",742,735,757,734,888,1019,1192,1210,1385,1379,1408,1375,1255,1355,1299,1293,1318,1224,1226,1286,1270,1395,1274,1167,1363,1422,1702,1884,2108,1982,1691,1851,1813,2121,1883,1796,1441,1556,1831,1646,1497,1452,1234,1808,1830,1957,1587,1801,1720,1618,1297,1399,1329,1907
 "36015","Chemung, NY",2,CAINC45,360,"..."," Plus: Farm supplements to wages and salaries ","Thousands of dollars",80,82,91,89,109,130,141,161,188,183,191,184,163,155,170,168,171,168,180,184,221,264,275,263,324,351,403,397,406,389,355,398,443,445,397,370,316,343,461,553,468,424,390,476,555,561,508,552,597,470,429,428,448,713
 "36015","Chemung, NY",2,CAINC45,370,"...","Equals: Farm earnings ","Thousands of dollars",2424,2368,2230,2196,2892,2210,1974,2702,2167,2186,2967,3316,3108,3010,2736,3740,4238,5105,5771,4398,4544,4132,3035,3014,3197,2784,2175,3161,1506,2626,2624,2705,3073,1242,2124,2754,2304,1410,1961,1900,103,1726,2756,2871,5342,4263,1635,1981,3450,2333,4112,4094,6522,6983
 "36017","Chenango, NY",2,CAINC45,10,"...","Cash receipts from marketings (thousands of dollars) ","Thousands of dollars",25415,26164,26763,27954,32599,35676,36683,42206,42048,45939,55728,60445,62597,59428,61751,61315,59075,58811,59571,58460,62962,64359,58302,61216,61188,61659,57711,63022,53872,63168,62404,57268,66794,51703,51791,62426,63637,56676,63072,63087,47293,56450,67116,64846,72164,84628,66391,64098,67775,65614,71218,69975,76916,100563
 "36017","Chenango, NY",2,CAINC45,20,"..."," Cash receipts: Livestock and products ","Thousands of dollars",24365,25154,25752,26988,31022,33992,35230,40428,40021,44589,54416,58718,60667,57676,59891,59342,57363,56335,56701,55107,59559,61153,54559,57940,58001,58053,53944,59081,51090,60310,59718,54071,63615,46299,45047,55332,56750,48939,55714,53242,37898,46988,56685,52786,56577,69062,51343,48259,52094,48779,53800,51676,56146,76914
 "36017","Chenango, NY",2,CAINC45,60,"..."," Cash receipts: Crops ","Thousands of dollars",1050,1010,1011,966,1577,1684,1453,1778,2027,1350,1312,1727,1930,1752,1860,1973,1712,2476,2870,3353,3403,3206,3743,3276,3187,3606,3767,3941,2782,2858,2686,3197,3179,5404,6744,7094,6887,7737,7358,9845,9395,9462,10431,12060,15587,15566,15048,15839,15681,16835,17418,18299,20770,23649
 "36017","Chenango, NY",2,CAINC45,120,"...","Other income ","Thousands of dollars",708,672,689,788,840,1085,990,1041,974,1930,2052,2415,2258,2653,2704,3453,2839,2692,2394,2655,2805,2832,2866,3256,3315,3304,3384,3111,3379,3188,4439,7439,3050,7329,7592,5504,5156,5939,5464,6167,9131,6891,6129,9679,10040,7238,6028,3989,4619,4507,7221,10901,7226,6996
 "36017","Chenango, NY",2,CAINC45,130,"..."," Government payments ","Thousands of dollars",219,164,164,226,86,151,108,102,95,505,176,399,115,152,372,1147,569,738,860,833,676,556,437,403,490,506,582,805,445,668,1603,4072,1042,4550,4487,1642,2083,3083,2039,1668,4327,1261,1242,2557,2274,891,1401,1098,647,1509,1881,8138,4671,822
 "36017","Chenango, NY",2,CAINC45,140,"..."," Imputed and miscellaneous income received 1/","Thousands of dollars",489,508,525,562,754,934,882,939,879,1425,1876,2016,2143,2501,2332,2306,2270,1954,1534,1822,2129,2276,2429,2853,2825,2798,2802,2306,2934,2520,2836,3367,2008,2779,3105,3862,3073,2856,3425,4499,4804,5630,4887,7122,7766,6347,4627,2891,3972,2998,5340,2763,2555,6174
 "36017","Chenango, NY",2,CAINC45,150,"...","Production expenses ","Thousands of dollars",18402,19760,20734,21310,26563,34196,36372,39655,41715,44103,52678,58280,62854,60027,63139,60496,54426,52282,51762,51627,55567,55988,54078,53374,53768,56568,59030,57364,59516,59806,57835,54794,55775,56941,49329,50324,47973,51552,57615,59514,53852,51696,51339,55684,56462,61202,57427,56037,54559,55967,52076,56102,56234,66918
 "36017","Chenango, NY",2,CAINC45,160,"..."," Feed purchased ","Thousands of dollars",6276,6888,6886,6614,9222,12597,12106,14086,13706,13792,15808,18381,19095,15374,17517,15478,13995,14034,13154,13550,14901,14527,13914,13779,13318,12704,13773,13270,15380,15969,14585,12844,13159,13025,10812,10512,8354,8684,9610,11176,9106,9860,10108,11067,11476,11315,10623,9088,9225,9131,8709,9600,9162,8912
 "36017","Chenango, NY",2,CAINC45,170,"..."," Livestock purchased ","Thousands of dollars",1362,1556,1720,1894,2375,2523,2460,2728,2680,3009,4572,3716,3385,2280,2302,2280,1884,2096,2940,2126,2690,2612,2247,1993,2828,3018,3439,3118,2392,2374,2281,1442,1467,679,521,902,1649,2309,2044,1632,2117,1972,2386,2622,2134,2663,1468,1418,1106,1407,1493,1575,1683,1536
 "36017","Chenango, NY",2,CAINC45,180,"..."," Seed purchased ","Thousands of dollars",191,207,232,233,330,422,443,557,617,611,647,693,712,635,529,654,593,587,579,744,827,862,988,851,768,823,893,971,972,972,775,847,806,986,1098,1066,1023,1120,1466,1530,1397,1316,1334,1534,1627,1786,1710,1942,2095,1990,1707,1916,1602,2885
 "36017","Chenango, NY",2,CAINC45,190,"..."," Fertilizer and lime (incl. ag. chemicals 1978-fwd.) ","Thousands of dollars",605,624,707,781,951,1461,1715,1513,1621,1832,2168,2383,2343,2179,2100,2364,2199,1978,2016,1980,2194,2217,2352,2171,1916,2332,2668,2372,2596,2511,2283,2203,2357,2099,2133,2266,2403,2603,2893,3083,2577,2428,2543,2853,2912,3033,2528,2435,2104,2425,2166,2498,2703,3525
 "36017","Chenango, NY",2,CAINC45,200,"..."," Petroleum products purchased ","Thousands of dollars",642,618,634,611,679,968,1194,1421,1547,1575,1944,2737,2987,2668,2492,2531,2247,1841,1726,1649,1622,1957,1861,1716,1750,1768,1958,2133,2116,1800,1546,1901,1683,1437,1740,2289,2732,3257,4053,4413,3372,3372,3760,4253,4563,4481,3246,2619,2657,2619,2584,2375,2670,3922
 "36017","Chenango, NY",2,CAINC45,210,"..."," Hired farm labor expenses 2/","Thousands of dollars",1552,1549,1666,1679,2019,2371,2803,2832,3216,3011,3272,3369,3356,3727,3722,3932,4085,3823,3946,4097,4164,4432,4080,3704,3991,4150,4667,4497,4639,5378,5213,6138,6856,8800,7025,6791,5331,5627,6248,5677,5380,4812,4223,5414,5717,6446,5643,6515,6250,5871,4878,5193,4804,7479
 "36017","Chenango, NY",2,CAINC45,220,"..."," All other production expenses 3/","Thousands of dollars",7774,8318,8889,9498,10987,13854,15651,16518,18328,20273,24267,27001,30976,33164,34477,33257,29423,27923,27401,27481,29169,29381,28636,29160,29197,31773,31632,31003,31421,30802,31152,29419,29447,29915,26000,26498,26481,27952,31301,32003,29903,27936,26985,27941,28033,31478,32209,32020,31122,32524,30539,32945,33610,38659
 "36017","Chenango, NY",2,CAINC45,240,"...","Value of inventory change ","Thousands of dollars",-310,-109,26,-362,452,610,316,-157,-1432,-214,1979,1580,1253,3705,-199,-1008,-1397,-1250,-1837,-4095,-349,177,-364,-218,-415,437,-923,1413,-1007,-833,-823,-2394,988,2106,-430,-1157,-1654,1101,1066,-1432,-144,47,-325,-760,2122,-1008,-439,-42,-41,-476,-1291,-2316,1928,-1319
 "36017","Chenango, NY",2,CAINC45,250,"..."," Value of inventory change: livestock ","Thousands of dollars",-236,-146,-167,-38,283,926,349,-626,-1186,-742,1706,1277,2879,1223,398,-777,-1839,-1463,-1556,-2569,-117,231,182,14,-502,-1040,683,655,-1344,-504,-7,-2304,319,1752,-798,-224,-316,654,619,-2168,914,-215,152,-223,1127,-224,559,890,-408,-609,222,-720,-18,187
 "36017","Chenango, NY",2,CAINC45,260,"..."," Value of inventory change: crops ","Thousands of dollars",-74,37,193,-324,169,-316,-33,469,-246,528,273,303,-1626,2482,-597,-231,442,213,-281,-1526,-232,-54,-354,-837,235,664,-685,85,60,-611,-151,-429,967,-251,773,-1328,-588,-18,-40,604,-1053,-284,-325,-751,1053,-1054,-1246,-914,355,121,-1417,-1688,1728,-1515
 "36017","Chenango, NY",2,CAINC45,265,"..."," Value of inventory change: materials and supplies ","Thousands of dollars",(NA),(NA),(NA),(NA),(NA),(NA),(NA),(NA),(NA),(NA),(NA),(NA),(NA),(NA),(NA),(NA),(NA),(NA),(NA),(NA),(NA),(NA),-192,605,-148,813,-921,673,277,282,-665,339,-298,605,-405,395,-750,465,487,132,-5,546,-152,214,-58,270,248,-18,12,12,-96,92,218,9
 "36017","Chenango, NY",2,CAINC45,270,"...","Cash receipts and other income ","Thousands of dollars",26123,26836,27452,28742,33439,36761,37673,43247,43022,47869,57780,62860,64855,62081,64455,64768,61914,61503,61965,61115,65767,67191,61168,64472,64503,64963,61095,66133,57251,66356,66843,64707,69844,59032,59383,67930,68793,62615,68536,69254,56424,63341,73245,74525,82204,91866,72419,68087,72394,70121,78439,80876,84142,107559
 "36017","Chenango, NY",2,CAINC45,280,"..."," Less: Production expenses ","Thousands of dollars",18402,19760,20734,21310,26563,34196,36372,39655,41715,44103,52678,58280,62854,60027,63139,60496,54426,52282,51762,51627,55567,55988,54078,53374,53768,56568,59030,57364,59516,59806,57835,54794,55775,56941,49329,50324,47973,51552,57615,59514,53852,51696,51339,55684,56462,61202,57427,56037,54559,55967,52076,56102,56234,66918
 "36017","Chenango, NY",2,CAINC45,290,"...","Equals: Realized net income ","Thousands of dollars",7721,7076,6718,7432,6876,2565,1301,3592,1307,3766,5102,4580,2001,2054,1316,4272,7488,9221,10203,9488,10200,11203,7090,11098,10735,8395,2065,8769,-2265,6550,9008,9913,14069,2091,10054,17606,20820,11063,10921,9740,2572,11645,21906,18841,25742,30664,14992,12050,17835,14154,26363,24774,27908,40641
 "36017","Chenango, NY",2,CAINC45,300,"..."," Plus: Value of inventory change ","Thousands of dollars",-310,-109,26,-362,452,610,316,-157,-1432,-214,1979,1580,1253,3705,-199,-1008,-1397,-1250,-1837,-4095,-349,177,-364,-218,-415,437,-923,1413,-1007,-833,-823,-2394,988,2106,-430,-1157,-1654,1101,1066,-1432,-144,47,-325,-760,2122,-1008,-439,-42,-41,-476,-1291,-2316,1928,-1319
 "36017","Chenango, NY",2,CAINC45,310,"...","Equals: Net income including corporate farms ","Thousands of dollars",7411,6967,6744,7070,7328,3175,1617,3435,-125,3552,7081,6160,3254,5759,1117,3264,6091,7971,8366,5393,9851,11380,6726,10880,10320,8832,1142,10182,-3272,5717,8185,7519,15057,4197,9624,16449,19166,12164,11987,8308,2428,11692,21581,18081,27864,29656,14553,12008,17794,13678,25072,22458,29836,39322
 "36017","Chenango, NY",2,CAINC45,320,"..."," Less: Net income of corporate farms ","Thousands of dollars",41,41,50,86,111,31,19,36,-1,40,104,25,44,45,5,48,119,153,177,92,289,393,181,83,77,119,16,253,-105,92,86,88,228,83,168,316,287,150,184,122,27,223,599,489,641,678,150,293,354,568,712,695,1151,1752
 "36017","Chenango, NY",2,CAINC45,330,"..."," Plus: Statistical adjustment ","Thousands of dollars",0,0,0,0,0,0,0,0,0,0,0,0,0,0,0,0,0,0,0,0,0,0,0,0,0,0,0,0,0,0,0,0,0,0,0,0,0,0,0,0,0,0,0,0,0,0,0,0,0,0,0,0,0,0
 "36017","Chenango, NY",2,CAINC45,340,"...","Equals: Farm proprietors' income ","Thousands of dollars",7370,6926,6694,6984,7217,3144,1598,3399,-124,3512,6977,6135,3210,5714,1112,3216,5972,7818,8189,5301,9562,10987,6545,10797,10243,8713,1126,9929,-3167,5625,8099,7431,14829,4114,9456,16133,18879,12014,11803,8186,2401,11469,20982,17592,27223,28978,14403,11715,17440,13110,24360,21763,28685,37570
 "36017","Chenango, NY",2,CAINC45,350,"..."," Plus: Farm wages and salaries ","Thousands of dollars",1295,1330,1411,1404,1698,2011,2288,2246,2508,2422,2708,2879,2850,3293,3161,3150,3193,2960,2976,3118,3081,3368,3079,2823,3000,2881,3176,3238,3343,3666,3579,4416,4815,6252,5358,4953,3837,4014,4569,4026,3596,3427,2862,4121,4172,4462,3622,4110,3922,3688,2950,3184,3026,4337
 "36017","Chenango, NY",2,CAINC45,360,"..."," Plus: Farm supplements to wages and salaries ","Thousands of dollars",152,162,181,182,224,272,275,291,319,301,359,387,371,389,428,421,440,439,464,472,583,698,722,700,771,760,784,698,644,715,740,927,1131,1242,1074,981,822,872,1150,1343,1119,1001,901,1078,1254,1269,1152,1255,1350,1063,964,963,1010,1610
 "36017","Chenango, NY",2,CAINC45,370,"...","Equals: Farm earnings ","Thousands of dollars",8817,8418,8286,8570,9139,5427,4161,5936,2703,6235,10044,9401,6431,9396,4701,6787,9605,11217,11629,8891,13226,15053,10346,14320,14014,12354,5086,13865,820,10006,12418,12774,20775,11608,15888,22067,23538,16900,17522,13555,7116,15897,24745,22791,32649,34709,19177,17080,22712,17861,28274,25910,32721,43517
 "36019","Clinton, NY",2,CAINC45,10,"...","Cash receipts from marketings (thousands of dollars) ","Thousands of dollars",20850,20413,20612,20231,23299,25835,27510,31692,31795,37902,44372,47242,50101,48688,50535,50236,49553,49901,51821,52956,58425,61316,59585,62075,58497,59172,63336,70985,71468,76527,77040,73931,81219,76168,76093,91154,91051,85206,120332,128637,100948,121526,147349,149416,163911,192499,173909,149466,160701,151741,149727,155104,169355,238465
 "36019","Clinton, NY",2,CAINC45,20,"..."," Cash receipts: Livestock and products ","Thousands of dollars",16713,16801,16860,17158,18891,20635,22006,25654,25887,29883,35694,39170,41454,40375,42542,41832,40513,40352,40508,40659,45387,48040,44156,47619,46624,46362,49059,54709,55105,60904,60133,56360,64716,58344,57887,70268,70379,62739,95838,99761,73642,91366,112566,111747,120078,149586,132320,104766,116108,116218,113205,114189,123569,188598
 "36019","Clinton, NY",2,CAINC45,60,"..."," Cash receipts: Crops ","Thousands of dollars",4137,3612,3752,3073,4408,5200,5504,6038,5908,8019,8678,8072,8647,8313,7993,8404,9040,9549,11313,12297,13038,13276,15429,14456,11873,12810,14277,16276,16363,15623,16907,17571,16503,17824,18206,20886,20672,22467,24494,28876,27306,30160,34783,37669,43833,42913,41589,44700,44593,35523,36522,40915,45786,49867
 "36019","Clinton, NY",2,CAINC45,120,"...","Other income ","Thousands of dollars",472,449,415,476,527,582,550,567,559,1550,1253,1333,1442,1730,1840,2400,2073,2479,2792,2164,2023,1742,1765,2222,1967,1814,1853,1800,2245,3371,5847,7190,3546,7439,6647,5808,5294,5205,3894,5876,7472,6880,6052,7095,11237,6447,8766,5036,11299,5117,7753,22473,8517,8378
 "36019","Clinton, NY",2,CAINC45,130,"..."," Government payments ","Thousands of dollars",137,108,77,123,60,32,57,48,79,685,89,54,57,97,254,764,379,954,1520,841,656,438,512,886,662,539,594,769,960,1797,3633,4096,1497,4549,3650,2280,2619,2815,1106,937,3611,2794,839,1817,1589,547,1445,1691,376,1269,2466,18484,6251,1654
 "36019","Clinton, NY",2,CAINC45,140,"..."," Imputed and miscellaneous income received 1/","Thousands of dollars",335,341,338,353,467,550,493,519,480,865,1164,1279,1385,1633,1586,1636,1694,1525,1272,1323,1367,1304,1253,1336,1305,1275,1259,1031,1285,1574,2214,3094,2049,2890,2997,3528,2675,2390,2788,4939,3861,4086,5213,5278,9648,5900,7321,3345,10923,3848,5287,3989,2266,6724
 "36019","Clinton, NY",2,CAINC45,150,"...","Production expenses ","Thousands of dollars",15878,16152,16328,16196,19412,24210,26825,29753,32187,34346,39768,43939,47119,45602,47972,47029,43411,41790,41879,44374,49803,53194,53699,55169,57273,61657,66627,66671,71046,75035,76111,76911,82191,89403,78675,80300,75475,80839,92049,99365,95631,97465,101318,118324,124888,138685,136143,136504,138868,142380,131492,142765,143842,168308
 "36019","Clinton, NY",2,CAINC45,160,"..."," Feed purchased ","Thousands of dollars",4266,4640,4606,4399,6106,8308,8103,9559,9424,9602,10863,12474,12893,10303,11586,10094,8988,8866,8162,9107,10772,11227,11437,11993,11916,11666,12955,12767,15113,16370,15611,14367,15399,15965,14192,14816,12686,14259,17134,22579,20436,24212,26843,31488,33255,33481,32197,28322,29712,29410,28051,30921,29511,28705
 "36019","Clinton, NY",2,CAINC45,170,"..."," Livestock purchased ","Thousands of dollars",731,747,754,771,907,913,853,910,861,931,1541,1375,1390,1051,1016,966,769,825,1120,915,1321,1466,1455,1477,2294,2656,3692,3608,3413,3238,3208,2228,2359,1539,879,1145,1608,1872,1818,1593,1927,1793,2137,2441,2284,3457,2711,2726,2862,3904,3628,4053,4286,4352
 "36019","Clinton, NY",2,CAINC45,180,"..."," Seed purchased ","Thousands of dollars",151,157,170,167,232,294,322,418,476,481,537,605,655,617,516,641,583,581,580,746,830,866,994,856,807,902,1016,1141,1176,1159,909,979,917,1107,1353,1413,1435,1647,2239,2546,2513,2542,2749,3362,3402,3566,3263,3545,3660,3477,2983,3349,2800,5043
 "36019","Clinton, NY",2,CAINC45,190,"..."," Fertilizer and lime (incl. ag. chemicals 1978-fwd.) ","Thousands of dollars",548,552,617,680,789,1129,1350,1272,1330,1555,1954,2264,2347,2287,2255,2596,2471,2274,2370,2490,2933,3137,3504,3396,2921,3462,3858,3346,3572,3588,3393,3411,3811,3552,3519,3653,3792,4034,4410,4928,4314,4248,4643,5425,5931,6627,5934,6151,5733,6609,5901,6807,7364,9603
 "36019","Clinton, NY",2,CAINC45,200,"..."," Petroleum products purchased ","Thousands of dollars",608,569,569,537,587,822,1098,1383,1571,1650,1962,2687,2889,2551,2318,2279,1943,1514,1331,1342,1392,1762,1761,1700,1751,1784,1993,2187,2185,1905,1683,2135,1959,1738,2084,2728,3245,3860,4793,5558,4503,4752,5572,6608,7527,7897,6156,5392,6011,5923,5846,5372,6040,8873
 "36019","Clinton, NY",2,CAINC45,210,"..."," Hired farm labor expenses 2/","Thousands of dollars",2431,2358,2449,2392,2800,3205,3829,3892,4464,4195,4663,4940,4929,5630,5538,5904,6298,5862,6174,7077,7961,9476,9472,9524,10559,10962,12236,12609,13417,14011,12832,14279,14965,18708,16982,17349,14618,16227,19794,18389,18493,17691,16313,22699,23064,24130,20875,21689,20216,19199,15734,17449,17516,23943
 "36019","Clinton, NY",2,CAINC45,220,"..."," All other production expenses 3/","Thousands of dollars",7143,7129,7163,7250,7991,9539,11270,12319,14061,15932,18248,19594,22016,23163,24743,24549,22359,21868,22142,22697,24594,25260,25076,26223,27025,30225,30877,31013,32170,34764,38475,39512,42781,46794,39666,39196,38091,38940,41861,43772,43445,42227,43061,46301,49425,59527,65007,68679,70674,73858,69349,74814,76325,87789
 "36019","Clinton, NY",2,CAINC45,240,"...","Value of inventory change ","Thousands of dollars",-256,-71,-128,-248,-198,1217,187,-141,-932,202,1322,1175,1425,1655,-134,-598,-1110,-1019,-1401,-3204,-116,299,-4,348,-1074,1214,-785,1120,-347,-836,270,-2849,467,1952,-454,-341,-2212,1674,1587,1319,-1819,648,-1215,-891,2712,-1261,-797,-769,-568,-718,-2233,-3188,1801,-3086
 "36019","Clinton, NY",2,CAINC45,250,"..."," Value of inventory change: livestock ","Thousands of dollars",-200,-113,-125,-11,209,671,260,-424,-834,-544,1244,865,2048,888,314,-600,-1205,-1098,-1180,-1997,-96,178,175,7,-394,-784,598,539,-1074,-399,19,-1849,163,1671,-780,-77,-460,691,663,166,-167,88,266,-237,1406,-266,760,1121,-529,-730,275,-887,-16,254
 "36019","Clinton, NY",2,CAINC45,260,"..."," Value of inventory change: crops ","Thousands of dollars",-56,42,-3,-237,-407,546,-73,283,-98,746,78,310,-623,767,-448,2,95,79,-221,-1207,-20,121,-3,-240,-536,1192,-455,-107,440,-741,997,-1397,668,-490,876,-830,-628,253,128,916,-1641,-607,-1133,-1178,1451,-1689,-2214,-1840,-74,-22,-2235,-2563,1200,-3364
 "36019","Clinton, NY",2,CAINC45,265,"..."," Value of inventory change: materials and supplies ","Thousands of dollars",(NA),(NA),(NA),(NA),(NA),(NA),(NA),(NA),(NA),(NA),(NA),(NA),(NA),(NA),(NA),(NA),(NA),(NA),(NA),(NA),(NA),(NA),-176,581,-144,806,-928,688,287,304,-746,397,-364,771,-550,566,-1124,730,796,237,-11,1167,-348,524,-145,694,657,-50,35,34,-273,262,617,24
 "36019","Clinton, NY",2,CAINC45,270,"...","Cash receipts and other income ","Thousands of dollars",21322,20862,21027,20707,23826,26417,28060,32259,32354,39452,45625,48575,51543,50418,52375,52636,51626,52380,54613,55120,60448,63058,61350,64297,60464,60986,65189,72785,73713,79898,82887,81121,84765,83607,82740,96962,96345,90411,124226,134513,108420,128406,153401,156511,175148,198946,182675,154502,172000,156858,157480,177577,177872,246843
 "36019","Clinton, NY",2,CAINC45,280,"..."," Less: Production expenses ","Thousands of dollars",15878,16152,16328,16196,19412,24210,26825,29753,32187,34346,39768,43939,47119,45602,47972,47029,43411,41790,41879,44374,49803,53194,53699,55169,57273,61657,66627,66671,71046,75035,76111,76911,82191,89403,78675,80300,75475,80839,92049,99365,95631,97465,101318,118324,124888,138685,136143,136504,138868,142380,131492,142765,143842,168308
 "36019","Clinton, NY",2,CAINC45,290,"...","Equals: Realized net income ","Thousands of dollars",5444,4710,4699,4511,4414,2207,1235,2506,167,5106,5857,4636,4424,4816,4403,5607,8215,10590,12734,10746,10645,9864,7651,9128,3191,-671,-1438,6114,2667,4863,6776,4210,2574,-5796,4065,16662,20870,9572,32177,35148,12789,30941,52083,38187,50260,60261,46532,17998,33132,14478,25988,34812,34030,78535
 "36019","Clinton, NY",2,CAINC45,300,"..."," Plus: Value of inventory change ","Thousands of dollars",-256,-71,-128,-248,-198,1217,187,-141,-932,202,1322,1175,1425,1655,-134,-598,-1110,-1019,-1401,-3204,-116,299,-4,348,-1074,1214,-785,1120,-347,-836,270,-2849,467,1952,-454,-341,-2212,1674,1587,1319,-1819,648,-1215,-891,2712,-1261,-797,-769,-568,-718,-2233,-3188,1801,-3086
 "36019","Clinton, NY",2,CAINC45,310,"...","Equals: Net income including corporate farms ","Thousands of dollars",5188,4639,4571,4263,4216,3424,1422,2365,-765,5308,7179,5811,5849,6471,4269,5009,7105,9571,11333,7542,10529,10163,7647,9476,2117,543,-2223,7234,2320,4027,7046,1361,3041,-3844,3611,16321,18658,11246,33764,36467,10970,31589,50868,37296,52972,59000,45735,17229,32564,13760,23755,31624,35831,75449
 "36019","Clinton, NY",2,CAINC45,320,"..."," Less: Net income of corporate farms ","Thousands of dollars",147,121,132,184,212,101,60,106,-52,317,424,75,197,103,38,174,354,494,676,368,900,1037,618,1677,314,139,-1126,3113,773,1059,1286,291,848,-1156,1119,5843,5395,2776,10746,8952,1693,7231,14831,9390,12072,14183,5246,4945,8022,7080,8365,12143,17141,41688
 "36019","Clinton, NY",2,CAINC45,330,"..."," Plus: Statistical adjustment ","Thousands of dollars",0,0,0,0,0,0,0,0,0,0,0,0,0,0,0,0,0,0,0,0,0,0,0,0,0,0,0,0,0,0,0,0,0,0,0,0,0,0,0,0,0,0,0,0,0,0,0,0,0,0,0,0,0,0
 "36019","Clinton, NY",2,CAINC45,340,"...","Equals: Farm proprietors' income ","Thousands of dollars",5041,4518,4439,4079,4004,3323,1362,2259,-713,4991,6755,5736,5652,6368,4231,4835,6751,9077,10657,7174,9629,9126,7029,7799,1803,404,-1097,4121,1547,2968,5760,1070,2193,-2688,2492,10478,13263,8470,23018,27515,9277,24358,36037,27906,40900,44817,40489,12284,24542,6680,15390,19481,18690,33761
 "36019","Clinton, NY",2,CAINC45,350,"..."," Plus: Farm wages and salaries ","Thousands of dollars",2106,2103,2169,2108,2526,2911,3345,3323,3738,3659,4017,4199,4104,4699,4641,4744,4927,4706,4845,5736,6325,7676,7676,7646,8338,8158,9168,9598,10197,10375,9543,11168,11571,14673,13209,12914,10435,11499,13816,13110,12572,12805,11418,17475,17617,18875,15340,17432,16644,15662,12414,13449,12762,18163
 "36019","Clinton, NY",2,CAINC45,360,"..."," Plus: Farm supplements to wages and salaries ","Thousands of dollars",227,231,253,248,299,351,389,445,523,515,569,581,540,536,605,610,648,653,721,817,1079,1386,1563,1627,1848,1880,2021,1845,1766,1799,1741,2051,2355,2480,2235,2167,1890,2177,3078,3877,3481,3443,3304,4180,4828,4924,4545,4979,5358,4193,3772,3744,3965,6499
 "36019","Clinton, NY",2,CAINC45,370,"...","Equals: Farm earnings ","Thousands of dollars",7374,6852,6861,6435,6829,6585,5096,6027,3548,9165,11341,10516,10296,11603,9477,10189,12326,14436,16223,13727,17033,18188,16268,17072,11989,10442,10092,15564,13510,15142,17044,14289,16119,14465,17936,25559,25588,22146,39912,44502,25330,40606,50759,49561,63345,68616,60374,34695,46544,26535,31576,36674,35417,58423
 "36021","Columbia, NY",2,CAINC45,10,"...","Cash receipts from marketings (thousands of dollars) ","Thousands of dollars",25594,25377,25726,25565,30520,33878,34206,36839,36463,42392,52741,55276,57039,53713,54761,56713,57092,56208,60859,62343,65529,64927,64537,64115,71834,68748,81845,95063,78721,88117,85894,87486,92568,60993,52264,58689,59624,56818,63536,67016,56136,61747,68967,68094,75924,86899,78995,82516,88286,82330,86830,89126,97601,118125
 "36021","Columbia, NY",2,CAINC45,20,"..."," Cash receipts: Livestock and products ","Thousands of dollars",20312,20365,20348,20930,23643,25476,25756,28773,28107,31414,40748,43391,43735,41172,43413,44890,45206,44037,47401,47583,50232,49145,46847,47112,57453,52911,64218,75411,60166,70277,67488,67918,73836,42416,33966,38268,39075,34114,37647,36069,27182,30636,35004,32010,35885,45476,37095,36429,41036,39183,42394,41089,44034,58584
 "36021","Columbia, NY",2,CAINC45,60,"..."," Cash receipts: Crops ","Thousands of dollars",5282,5012,5378,4635,6877,8402,8450,8066,8356,10978,11993,11885,13304,12541,11348,11823,11886,12171,13458,14760,15297,15782,17690,17003,14381,15837,17627,19652,18555,17840,18406,19568,18732,18577,18298,20421,20549,22704,25889,30947,28954,31111,33963,36084,40039,41423,41900,46087,47250,43147,44436,48037,53567,59541
 "36021","Columbia, NY",2,CAINC45,120,"...","Other income ","Thousands of dollars",624,580,530,560,570,636,666,800,837,877,1136,1278,1455,1781,1876,2414,1884,2489,2168,2024,1753,1769,1482,1389,1964,2571,2804,2811,3394,3456,5275,7086,5242,6917,8588,6850,6518,5489,5235,8515,8664,9225,6460,13464,11396,9099,7602,8216,12268,9347,13670,18165,9460,16114
 "36021","Columbia, NY",2,CAINC45,130,"..."," Government payments ","Thousands of dollars",154,149,117,157,76,67,56,63,61,153,97,74,81,83,345,949,500,1355,1326,1123,795,823,542,361,578,844,726,836,493,674,1832,2662,2524,2836,4168,1452,2340,1692,692,1067,1594,833,651,1062,728,155,162,723,668,813,1239,11900,3855,1651
 "36021","Columbia, NY",2,CAINC45,140,"..."," Imputed and miscellaneous income received 1/","Thousands of dollars",470,431,413,403,494,569,610,737,776,724,1039,1204,1374,1698,1531,1465,1384,1134,842,901,958,946,940,1028,1386,1727,2078,1975,2901,2782,3443,4424,2718,4081,4420,5398,4178,3797,4543,7448,7070,8392,5809,12402,10668,8944,7440,7493,11600,8534,12431,6265,5605,14463
 "36021","Columbia, NY",2,CAINC45,150,"...","Production expenses ","Thousands of dollars",19409,20255,21134,22120,26104,32934,31534,33476,34643,40072,47738,52862,57596,57422,60126,59988,55634,53939,55163,55525,59761,61589,60123,60282,64188,69344,75365,75638,79070,76352,71112,68389,68060,67519,58293,58369,54367,57246,63725,64991,60220,58647,58193,67288,71699,82246,80707,84720,87082,88980,81177,87893,88402,108728
 "36021","Columbia, NY",2,CAINC45,160,"..."," Feed purchased ","Thousands of dollars",4179,4633,4667,4510,6320,8668,7071,7839,7077,7433,8185,9146,9199,7156,8134,7168,6463,6462,6036,6279,6972,6860,6632,6629,6886,7005,8047,8174,9943,10683,10108,9229,9816,10100,8214,7800,6034,6077,6479,7200,5609,5808,5698,5974,7316,8496,9390,9474,11391,11275,10754,11855,11315,11006
 "36021","Columbia, NY",2,CAINC45,170,"..."," Livestock purchased ","Thousands of dollars",1353,1303,1241,1200,1339,1280,1153,1329,1317,1688,3310,3406,3898,3276,3093,2871,2230,2338,3098,2435,3080,2987,2906,2610,3916,3339,4228,3541,2195,2535,2871,2626,3236,1767,820,981,1398,1585,1095,992,1448,1327,1603,1821,1601,2182,1396,1519,1389,1803,1870,1999,2099,1860
 "36021","Columbia, NY",2,CAINC45,180,"..."," Seed purchased ","Thousands of dollars",284,294,318,313,434,547,537,697,781,873,878,890,869,736,622,777,714,717,722,914,1004,1038,1178,1003,990,1150,1339,1551,1642,1661,1336,1478,1420,1758,1859,1726,1589,1679,2124,2288,2153,2089,2176,2574,2872,3296,3285,3867,4312,4096,3514,3946,3299,5941
 "36021","Columbia, NY",2,CAINC45,190,"..."," Fertilizer and lime (incl. ag. chemicals 1978-fwd.) ","Thousands of dollars",1367,1301,1394,1487,1644,2228,2322,2177,2177,2810,3443,3905,3976,3818,3648,4067,3748,3338,3363,3290,3631,3656,3864,3554,3224,4021,4706,4275,4774,4594,4153,3982,4232,3744,3623,3679,3741,3904,4190,5006,4641,4805,5489,6668,7128,7792,6830,6933,6333,7301,6518,7519,8134,10607
 "36021","Columbia, NY",2,CAINC45,200,"..."," Petroleum products purchased ","Thousands of dollars",633,621,647,631,708,1018,1175,1454,1597,1841,2214,3056,3308,2936,2653,2591,2190,1687,1460,1479,1540,1959,1962,1901,2004,2083,2368,2640,2677,2661,2664,3814,3938,3926,3438,3524,3429,3435,3671,4085,3189,3252,3697,4260,5087,5591,4563,4182,4874,4803,4740,4356,4897,7194
 "36021","Columbia, NY",2,CAINC45,210,"..."," Hired farm labor expenses 2/","Thousands of dollars",3557,3497,3662,3608,4249,4882,5137,5233,5861,6164,6762,7036,7004,7945,7902,8345,8838,8311,8680,9668,10587,12333,12063,11942,14143,15445,18188,19361,20933,18646,14630,14476,13211,14130,12373,12545,10385,11613,14057,12770,12134,11681,10310,14891,15668,17465,15463,17727,17486,16546,13259,14502,14060,20823
 "36021","Columbia, NY",2,CAINC45,220,"..."," All other production expenses 3/","Thousands of dollars",8036,8606,9205,10371,11410,14311,14139,14747,15833,19263,22946,25423,29342,31555,34074,34169,31451,31086,31804,31460,32947,32756,31518,32643,33025,36301,36489,36096,36906,35572,35350,32784,32207,32094,27966,28114,27791,28953,32109,32650,31046,29685,29220,31100,32027,37424,39780,41018,41297,43156,40522,43716,44598,51297
 "36021","Columbia, NY",2,CAINC45,240,"...","Value of inventory change ","Thousands of dollars",-195,28,40,-603,116,1849,298,-240,-691,304,1452,1286,1497,1580,-551,-480,-764,-637,-1053,-2622,-95,295,-72,146,-837,1265,-775,809,87,-792,370,-2232,420,-803,3340,1391,-3260,2778,1049,226,-1273,-124,-935,-781,1344,-1290,-1425,-1672,-629,-340,-3047,-2864,1219,-4468
 "36021","Columbia, NY",2,CAINC45,250,"..."," Value of inventory change: livestock ","Thousands of dollars",-163,-100,-112,-29,183,589,223,-402,-758,-521,1125,862,1917,813,259,-488,-1015,-788,-854,-1258,-71,88,77,18,-270,-541,352,343,-707,-263,16,-1164,139,1073,-483,-131,-224,402,241,-981,423,-65,27,-78,607,-91,325,493,-229,-379,160,-441,-15,115
 "36021","Columbia, NY",2,CAINC45,260,"..."," Value of inventory change: crops ","Thousands of dollars",-32,128,152,-574,-67,1260,75,162,67,825,327,424,-420,767,-810,8,251,151,-199,-1364,-24,207,-17,-291,-459,1187,-393,-92,555,-784,986,-1407,594,-2543,4247,1127,-2323,1952,380,1091,-1691,-556,-822,-903,797,-1515,-2077,-2138,-421,19,-3045,-2579,867,-4597
 "36021","Columbia, NY",2,CAINC45,265,"..."," Value of inventory change: materials and supplies ","Thousands of dollars",(NA),(NA),(NA),(NA),(NA),(NA),(NA),(NA),(NA),(NA),(NA),(NA),(NA),(NA),(NA),(NA),(NA),(NA),(NA),(NA),(NA),(NA),-132,419,-108,619,-734,558,239,255,-632,339,-313,667,-424,395,-713,424,428,116,-5,497,-140,200,-60,316,327,-27,21,20,-162,156,367,14
 "36021","Columbia, NY",2,CAINC45,270,"...","Cash receipts and other income ","Thousands of dollars",26218,25957,26256,26125,31090,34514,34872,37639,37300,43269,53877,56554,58494,55494,56637,59127,58976,58697,63027,64367,67282,66696,66019,65504,73798,71319,84649,97874,82115,91573,91169,94572,97810,67910,60852,65539,66142,62307,68771,75531,64800,70972,75427,81558,87320,95998,86597,90732,100554,91677,100500,107291,107061,134239
 "36021","Columbia, NY",2,CAINC45,280,"..."," Less: Production expenses ","Thousands of dollars",19409,20255,21134,22120,26104,32934,31534,33476,34643,40072,47738,52862,57596,57422,60126,59988,55634,53939,55163,55525,59761,61589,60123,60282,64188,69344,75365,75638,79070,76352,71112,68389,68060,67519,58293,58369,54367,57246,63725,64991,60220,58647,58193,67288,71699,82246,80707,84720,87082,88980,81177,87893,88402,108728
 "36021","Columbia, NY",2,CAINC45,290,"...","Equals: Realized net income ","Thousands of dollars",6809,5702,5122,4005,4986,1580,3338,4163,2657,3197,6139,3692,898,-1928,-3489,-861,3342,4758,7864,8842,7521,5107,5896,5222,9610,1975,9284,22236,3045,15221,20057,26183,29750,391,2559,7170,11775,5061,5046,10540,4580,12325,17234,14270,15621,13752,5890,6012,13472,2697,19323,19398,18659,25511
 "36021","Columbia, NY",2,CAINC45,300,"..."," Plus: Value of inventory change ","Thousands of dollars",-195,28,40,-603,116,1849,298,-240,-691,304,1452,1286,1497,1580,-551,-480,-764,-637,-1053,-2622,-95,295,-72,146,-837,1265,-775,809,87,-792,370,-2232,420,-803,3340,1391,-3260,2778,1049,226,-1273,-124,-935,-781,1344,-1290,-1425,-1672,-629,-340,-3047,-2864,1219,-4468
 "36021","Columbia, NY",2,CAINC45,310,"...","Equals: Net income including corporate farms ","Thousands of dollars",6614,5730,5162,3402,5102,3429,3636,3923,1966,3501,7591,4978,2395,-348,-4040,-1341,2578,4121,6811,6220,7426,5402,5824,5368,8773,3240,8509,23045,3132,14429,20427,23951,30170,-412,5899,8561,8515,7839,6095,10766,3307,12201,16299,13489,16965,12462,4465,4340,12843,2357,16276,16534,19878,21043
 "36021","Columbia, NY",2,CAINC45,320,"..."," Less: Net income of corporate farms ","Thousands of dollars",315,274,296,310,571,236,313,332,142,345,812,127,178,-65,-843,-218,225,341,603,456,964,845,729,1241,1816,1114,2791,13016,1357,4924,4518,5747,9286,-123,1679,2648,1957,1428,1327,1831,358,1981,3412,2468,2666,1965,321,744,1811,694,3280,3633,5442,6653
 "36021","Columbia, NY",2,CAINC45,330,"..."," Plus: Statistical adjustment ","Thousands of dollars",0,0,0,0,0,0,0,0,0,0,0,0,0,0,0,0,0,0,0,0,0,0,0,0,0,0,0,0,0,0,0,0,0,0,0,0,0,0,0,0,0,0,0,0,0,0,0,0,0,0,0,0,0,0
 "36021","Columbia, NY",2,CAINC45,340,"...","Equals: Farm proprietors' income ","Thousands of dollars",6299,5456,4866,3092,4531,3193,3323,3591,1824,3156,6779,4851,2217,-283,-3197,-1123,2353,3780,6208,5764,6462,4557,5095,4127,6957,2126,5718,10029,1775,9505,15909,18204,20884,-289,4220,5913,6558,6411,4768,8935,2949,10220,12887,11021,14299,10497,4144,3596,11032,1663,12996,12901,14436,14390
 "36021","Columbia, NY",2,CAINC45,350,"..."," Plus: Farm wages and salaries ","Thousands of dollars",3051,3064,3184,3120,3816,4408,4984,4909,5464,5359,5945,6274,6220,7167,6991,7053,7256,6879,7001,7929,8428,9927,9646,9377,11034,11559,13851,15421,17347,15126,11887,11831,10359,10943,10021,9931,8155,9091,11019,10260,9666,9691,8512,12860,12972,13897,11292,12829,12248,11523,9147,9904,9400,13392
 "36021","Columbia, NY",2,CAINC45,360,"..."," Plus: Farm supplements to wages and salaries ","Thousands of dollars",317,328,363,364,453,538,629,748,916,903,945,919,819,781,880,874,911,897,995,1086,1360,1689,1864,1895,2341,2574,2988,2930,3001,2633,2191,2211,2159,1913,1766,1743,1563,1817,2611,3192,2793,2673,2513,3127,3615,3686,3391,3708,3997,3124,2816,2797,2955,4821
 "36021","Columbia, NY",2,CAINC45,370,"...","Equals: Farm earnings ","Thousands of dollars",9667,8848,8413,6576,8800,8139,8936,9248,8204,9418,13669,12044,9256,7665,4674,6804,10520,11556,14204,14779,16250,16173,16605,15399,20332,16259,22557,28380,22123,27264,29987,32246,33402,12567,16007,17587,16276,17319,18398,22387,15408,22584,23912,27008,30886,28080,18827,20133,27277,16310,24959,25602,26791,32603
 "36023","Cortland, NY",2,CAINC45,10,"...","Cash receipts from marketings (thousands of dollars) ","Thousands of dollars",19072,19928,20703,21648,24950,27647,28987,33434,33396,37278,44068,48372,50980,49472,50763,49481,46982,46094,46077,45532,48838,49664,44831,47281,45576,46503,43133,45405,37990,41765,41876,39079,46607,39628,39831,48432,48434,42549,54530,56296,42860,52631,63976,62901,71377,84564,67027,65372,70501,67387,74339,72263,79193,105806
 "36023","Cortland, NY",2,CAINC45,20,"..."," Cash receipts: Livestock and products ","Thousands of dollars",18044,18904,19666,20708,23456,26007,27308,31632,31756,36103,42877,46898,49297,47952,49138,47728,45408,44054,43736,42903,46177,47199,42169,44807,43275,43894,40378,42494,35745,39400,39634,36420,43961,36108,35274,43677,43914,37437,49325,48659,35166,44891,55152,52515,57981,71681,55029,53100,58685,54446,60939,58217,63183,87526
 "36023","Cortland, NY",2,CAINC45,60,"..."," Cash receipts: Crops ","Thousands of dollars",1028,1024,1037,940,1494,1640,1679,1802,1640,1175,1191,1474,1683,1520,1625,1753,1574,2040,2341,2629,2661,2465,2662,2474,2301,2609,2755,2911,2245,2365,2242,2659,2646,3520,4557,4755,4520,5112,5205,7637,7694,7740,8824,10386,13396,12883,11998,12272,11816,12941,13400,14046,16010,18280
 "36023","Cortland, NY",2,CAINC45,120,"...","Other income ","Thousands of dollars",398,389,447,512,605,722,686,725,669,1226,1267,1321,1389,1656,1792,2557,2058,2200,3194,2269,2198,2297,2301,2541,2637,2497,2514,2186,2520,2175,3020,5106,2244,4792,4861,4047,4015,5227,3960,4082,6251,4197,2979,4484,4649,4209,4163,3306,3652,3786,6072,13980,6192,5296
 "36023","Cortland, NY",2,CAINC45,130,"..."," Government payments ","Thousands of dollars",126,92,127,154,115,90,73,76,70,329,100,86,93,158,376,1134,629,950,2174,1002,663,614,469,347,520,457,528,603,545,576,1309,3162,1114,3256,2869,1319,1698,2971,1146,866,3204,1080,783,1756,1301,844,1411,1347,829,1702,2371,12042,4513,1098
 "36023","Cortland, NY",2,CAINC45,140,"..."," Imputed and miscellaneous income received 1/","Thousands of dollars",272,297,320,358,490,632,613,649,599,897,1167,1235,1296,1498,1416,1423,1429,1250,1020,1267,1535,1683,1832,2194,2117,2040,1986,1583,1975,1599,1711,1944,1130,1536,1992,2728,2317,2256,2814,3216,3047,3117,2196,2728,3348,3365,2752,1959,2823,2084,3701,1938,1679,4198
 "36023","Cortland, NY",2,CAINC45,150,"...","Production expenses ","Thousands of dollars",13442,14468,15312,15835,19700,25509,27569,30044,31965,33935,40790,45818,49941,48338,50040,47489,42326,39836,38617,39313,42745,43868,43020,42944,42063,43042,43850,41377,41443,41308,39823,37927,38710,39499,35985,38559,38287,42847,50170,53333,49610,48847,49721,55436,57887,64354,62791,63010,63755,64875,60497,65229,64850,76541
 "36023","Cortland, NY",2,CAINC45,160,"..."," Feed purchased ","Thousands of dollars",4079,4500,4516,4351,6082,8326,8040,9398,9185,9283,11256,13767,14973,12566,13868,11833,10295,9889,8836,9427,10721,10789,10653,10863,9907,8913,9104,8255,8993,9639,9097,8287,8792,9024,8025,8382,7180,8073,9704,11111,8919,9520,9626,10401,11998,13220,13943,13489,15615,15456,14742,16251,15510,15087
 "36023","Cortland, NY",2,CAINC45,170,"..."," Livestock purchased ","Thousands of dollars",1000,1090,1162,1242,1522,1585,1554,1734,1712,1931,2809,2164,1842,1132,1126,1100,897,987,1370,1093,1513,1619,1556,1557,2173,2391,2737,2415,1826,1780,1867,1317,1582,1036,607,849,1269,1505,1341,1023,1210,1075,1218,1267,1036,1275,696,650,471,594,638,672,716,660
 "36023","Cortland, NY",2,CAINC45,180,"..."," Seed purchased ","Thousands of dollars",247,248,263,254,347,432,448,554,608,598,650,714,751,687,576,715,652,649,647,789,838,840,929,775,692,734,789,848,838,887,744,856,853,1092,1162,1085,1004,1066,1353,1511,1468,1466,1568,1897,1943,2062,1911,2103,2203,2093,1795,2016,1685,3035
 "36023","Cortland, NY",2,CAINC45,190,"..."," Fertilizer and lime (incl. ag. chemicals 1978-fwd.) ","Thousands of dollars",570,592,673,747,901,1368,1616,1452,1548,1768,2090,2298,2258,2100,2058,2356,2229,2041,2118,1989,2106,2032,2056,1808,1568,1874,2108,1842,1985,1914,1733,1666,1775,1576,1587,1672,1758,1893,2094,2463,2254,2309,2613,3151,3189,3293,2718,2589,2213,2551,2278,2628,2843,3707
 "36023","Cortland, NY",2,CAINC45,200,"..."," Petroleum products purchased ","Thousands of dollars",460,457,480,472,533,769,974,1183,1308,1345,1744,2542,2846,2596,2380,2364,2042,1618,1456,1392,1371,1653,1576,1453,1403,1344,1416,1468,1387,1249,1141,1500,1430,1322,1462,1820,2091,2425,2953,3423,2772,2926,3429,4066,4440,4452,3303,2742,2880,2838,2801,2574,2894,4252
 "36023","Cortland, NY",2,CAINC45,210,"..."," Hired farm labor expenses 2/","Thousands of dollars",1458,1484,1638,1683,2070,2463,2848,2812,3136,2882,3286,3519,3700,4273,4070,4090,4079,3658,3599,3977,4287,4874,4753,4544,4745,4725,5142,4828,4783,4910,4357,4851,5085,6233,5184,5287,4365,4983,5914,5762,5653,5130,4641,6156,6634,7672,6875,8073,7737,7237,6220,6541,5957,9261
 "36023","Cortland, NY",2,CAINC45,220,"..."," All other production expenses 3/","Thousands of dollars",5628,6097,6580,7086,8245,10566,12089,12911,14468,16128,18955,20814,23571,24984,25962,25031,22132,20994,20591,20646,21909,22061,21497,21944,21575,23061,22554,21721,21631,20929,20884,19450,19193,19216,17958,19464,20620,22902,26811,28040,27334,26421,26626,28498,28647,32380,33345,33364,32636,34106,32023,34547,35245,40539
 "36023","Cortland, NY",2,CAINC45,240,"...","Value of inventory change ","Thousands of dollars",-242,-16,64,-321,403,692,306,-144,-1074,-179,1556,1211,2119,1283,-303,-676,-1466,-1248,-1335,-3257,-328,203,-225,-124,-337,268,-645,939,-615,-512,-501,-1505,512,1307,63,-468,-1351,1083,830,-739,-361,62,-470,-644,1485,-894,-433,-201,-367,-528,-1519,-2204,1405,-1900
 "36023","Cortland, NY",2,CAINC45,250,"..."," Value of inventory change: livestock ","Thousands of dollars",-181,-105,-122,-10,217,730,280,-456,-905,-569,1313,999,2440,997,336,-681,-1632,-1303,-1166,-1966,-127,165,148,31,-404,-799,479,452,-889,-371,10,-1569,214,1250,-561,-177,-254,517,392,-1426,603,-140,143,-192,985,-221,519,918,-425,-609,198,-754,-2,197
 "36023","Cortland, NY",2,CAINC45,260,"..."," Value of inventory change: crops ","Thousands of dollars",-61,89,186,-311,186,-38,26,312,-169,390,243,212,-321,286,-639,5,166,55,-169,-1291,-201,38,-220,-641,180,475,-487,46,102,-321,-71,-168,510,-388,939,-614,-458,154,-4,565,-959,-321,-466,-662,561,-977,-1253,-1095,40,64,-1579,-1582,1096,-2109
 "36023","Cortland, NY",2,CAINC45,265,"..."," Value of inventory change: materials and supplies ","Thousands of dollars",(NA),(NA),(NA),(NA),(NA),(NA),(NA),(NA),(NA),(NA),(NA),(NA),(NA),(NA),(NA),(NA),(NA),(NA),(NA),(NA),(NA),(NA),-153,486,-113,592,-637,441,172,180,-440,232,-212,445,-315,323,-639,412,442,122,-5,523,-147,210,-61,304,301,-24,18,17,-138,132,311,12
 "36023","Cortland, NY",2,CAINC45,270,"...","Cash receipts and other income ","Thousands of dollars",19470,20317,21150,22160,25555,28369,29673,34159,34065,38504,45335,49693,52369,51128,52555,52038,49040,48294,49271,47801,51036,51961,47132,49822,48213,49000,45647,47591,40510,43940,44896,44185,48851,44420,44692,52479,52449,47776,58490,60378,49111,56828,66955,67385,76026,88773,71190,68678,74153,71173,80411,86243,85385,111102
 "36023","Cortland, NY",2,CAINC45,280,"..."," Less: Production expenses ","Thousands of dollars",13442,14468,15312,15835,19700,25509,27569,30044,31965,33935,40790,45818,49941,48338,50040,47489,42326,39836,38617,39313,42745,43868,43020,42944,42063,43042,43850,41377,41443,41308,39823,37927,38710,39499,35985,38559,38287,42847,50170,53333,49610,48847,49721,55436,57887,64354,62791,63010,63755,64875,60497,65229,64850,76541
 "36023","Cortland, NY",2,CAINC45,290,"...","Equals: Realized net income ","Thousands of dollars",6028,5849,5838,6325,5855,2860,2104,4115,2100,4569,4545,3875,2428,2790,2515,4549,6714,8458,10654,8488,8291,8093,4112,6878,6150,5958,1797,6214,-933,2632,5073,6258,10141,4921,8707,13920,14162,4929,8320,7045,-499,7981,17234,11949,18139,24419,8399,5668,10398,6298,19914,21014,20535,34561
 "36023","Cortland, NY",2,CAINC45,300,"..."," Plus: Value of inventory change ","Thousands of dollars",-242,-16,64,-321,403,692,306,-144,-1074,-179,1556,1211,2119,1283,-303,-676,-1466,-1248,-1335,-3257,-328,203,-225,-124,-337,268,-645,939,-615,-512,-501,-1505,512,1307,63,-468,-1351,1083,830,-739,-361,62,-470,-644,1485,-894,-433,-201,-367,-528,-1519,-2204,1405,-1900
 "36023","Cortland, NY",2,CAINC45,310,"...","Equals: Net income including corporate farms ","Thousands of dollars",5786,5833,5902,6004,6258,3552,2410,3971,1026,4390,6101,5086,4547,4073,2212,3873,5248,7210,9319,5231,7963,8296,3887,6754,5813,6226,1152,7153,-1548,2120,4572,4753,10653,6228,8770,13452,12811,6012,9150,6306,-860,8043,16764,11305,19624,23525,7966,5467,10031,5770,18395,18810,21940,32661
 "36023","Cortland, NY",2,CAINC45,320,"..."," Less: Net income of corporate farms ","Thousands of dollars",0,3,7,14,21,8,13,30,8,56,91,19,53,26,8,53,103,146,217,107,302,394,153,160,125,229,41,444,-119,93,152,197,676,517,760,1615,1388,585,1269,665,-240,766,1999,1145,1399,1314,145,146,80,95,208,232,336,579
 "36023","Cortland, NY",2,CAINC45,330,"..."," Plus: Statistical adjustment ","Thousands of dollars",0,0,0,0,0,0,0,0,0,0,0,0,0,0,0,0,0,0,0,0,0,0,0,0,0,0,0,0,0,0,0,0,0,0,0,0,0,0,0,0,0,0,0,0,0,0,0,0,0,0,0,0,0,0
 "36023","Cortland, NY",2,CAINC45,340,"...","Equals: Farm proprietors' income ","Thousands of dollars",5786,5830,5895,5990,6237,3544,2397,3941,1018,4334,6010,5067,4494,4047,2204,3820,5145,7064,9102,5124,7661,7902,3734,6594,5688,5997,1111,6709,-1429,2027,4420,4556,9977,5711,8010,11837,11423,5427,7881,5641,-620,7277,14765,10160,18225,22211,7821,5321,9951,5675,18187,18578,21604,32082
 "36023","Cortland, NY",2,CAINC45,350,"..."," Plus: Farm wages and salaries ","Thousands of dollars",1210,1272,1375,1390,1691,2033,2283,2203,2426,2307,2726,3031,3104,3723,3481,3374,3314,2976,2889,3193,3320,3815,3652,3499,3660,3444,3713,3715,3756,3652,3222,3632,3642,4459,3998,3886,3137,3439,4099,3816,3592,3597,3151,4749,4799,5136,4171,4736,4520,4253,3392,3665,3480,4975
 "36023","Cortland, NY",2,CAINC45,360,"..."," Plus: Farm supplements to wages and salaries ","Thousands of dollars",141,150,170,175,219,264,265,279,300,282,363,412,411,445,477,455,459,449,454,483,619,759,805,800,870,848,865,757,682,661,611,691,766,777,708,691,615,708,1004,1230,1080,1025,967,1205,1394,1416,1295,1414,1516,1195,1084,1076,1132,1822
 "36023","Cortland, NY",2,CAINC45,370,"...","Equals: Farm earnings ","Thousands of dollars",7137,7252,7440,7555,8147,5841,4945,6423,3744,6923,9099,8510,8009,8215,6162,7649,8918,10489,12445,8800,11600,12476,8191,10893,10218,10289,5689,11181,3009,6340,8253,8879,14385,10947,12716,16414,15175,9574,12984,10687,4052,11899,18883,16114,24418,28763,13287,11471,15987,11123,22663,23319,26216,38879
 "36025","Delaware, NY",2,CAINC45,10,"...","Cash receipts from marketings (thousands of dollars) ","Thousands of dollars",33969,33615,33361,33654,37393,40377,42083,47830,47517,52752,62277,69236,73618,72275,73272,70002,64109,61385,60469,58355,61364,61168,54300,56733,55391,53247,50116,52930,43663,51456,50907,47335,54327,49534,49458,58656,61011,55238,51127,51772,38338,43367,49905,46624,51520,59722,46372,43464,45182,44168,47141,46523,50804,65935
 "36025","Delaware, NY",2,CAINC45,20,"..."," Cash receipts: Livestock and products ","Thousands of dollars",32345,32089,31842,32231,35316,38072,39502,45439,45287,51129,60690,67367,71494,70282,70899,67047,61204,57192,55458,53240,56179,56072,49341,51083,50364,48327,45294,48269,40055,47499,46993,42733,49798,42170,40783,49714,51818,45064,43934,41507,29606,35866,42717,39297,40856,48664,35281,31634,33258,31423,34003,32865,35722,48818
 "36025","Delaware, NY",2,CAINC45,60,"..."," Cash receipts: Crops ","Thousands of dollars",1624,1526,1519,1423,2077,2305,2581,2391,2230,1623,1587,1869,2124,1993,2373,2955,2905,4193,5011,5115,5185,5096,4959,5650,5027,4920,4822,4661,3608,3957,3914,4602,4529,7364,8675,8942,9193,10174,7193,10265,8732,7501,7188,7327,10664,11058,11091,11830,11924,12745,13138,13658,15082,17117
 "36025","Delaware, NY",2,CAINC45,120,"...","Other income ","Thousands of dollars",800,775,744,795,870,1047,994,1058,1025,1915,2314,2356,2538,2853,2948,5080,3449,3618,2306,2234,2437,2198,1724,1738,2044,2784,2670,2687,3204,2806,3730,6083,3044,7022,6792,4743,4228,4599,4311,4495,7163,5664,5122,8614,8180,6024,4701,3648,4078,3929,5932,9261,6047,6252
 "36025","Delaware, NY",2,CAINC45,130,"..."," Government payments ","Thousands of dollars",144,129,124,167,82,148,150,134,135,391,318,217,271,217,508,2690,1120,1643,825,727,918,777,386,354,387,865,475,660,346,408,1081,2990,1224,4389,4062,1534,1785,2409,1763,1128,3416,1057,1098,2303,1508,803,1223,1394,1331,1664,2025,7249,4178,1575
 "36025","Delaware, NY",2,CAINC45,140,"..."," Imputed and miscellaneous income received 1/","Thousands of dollars",656,646,620,628,788,899,844,924,890,1524,1996,2139,2267,2636,2440,2390,2329,1975,1481,1507,1519,1421,1338,1384,1657,1919,2195,2027,2858,2398,2649,3093,1820,2633,2730,3209,2443,2190,2548,3367,3747,4607,4024,6311,6672,5221,3478,2254,2747,2265,3907,2012,1869,4677
 "36025","Delaware, NY",2,CAINC45,150,"...","Production expenses ","Thousands of dollars",23510,24273,24613,24576,30016,37903,40706,44832,47544,50510,60516,67344,73353,70475,71764,66464,57890,53539,50687,50206,53326,53361,50985,50119,48889,49467,49860,46905,46731,49254,49915,49670,52767,56679,47869,47391,43715,45704,49334,50147,45049,43149,42507,45825,46207,49774,46974,45273,44069,45279,42415,45649,45817,53714
 "36025","Delaware, NY",2,CAINC45,160,"..."," Feed purchased ","Thousands of dollars",8510,8955,8655,8085,11014,14754,14098,16313,15788,15804,18307,21498,22701,18511,20432,17435,15170,14576,13024,13246,14383,13845,13094,12811,11801,10732,11086,10174,11228,12129,11537,10590,11323,11706,9740,9495,7568,7893,8770,10013,8017,8533,8606,9277,9833,9940,9602,8489,8957,8866,8456,9322,8897,8654
 "36025","Delaware, NY",2,CAINC45,170,"..."," Livestock purchased ","Thousands of dollars",1844,1917,1964,2033,2420,2459,2442,2756,2749,3127,5276,4791,4933,3785,3322,2845,2021,1916,2265,1674,2151,2125,1900,1743,2482,2580,3003,2682,1996,2076,2107,1446,1637,1072,725,1147,2011,2715,1986,1413,1662,1371,1491,1475,1266,1682,1018,1085,978,1252,1316,1381,1489,1358
 "36025","Delaware, NY",2,CAINC45,180,"..."," Seed purchased ","Thousands of dollars",178,184,199,195,271,341,370,478,541,545,546,551,536,452,392,502,473,486,500,620,670,682,764,644,554,567,583,604,572,735,714,921,1008,1395,1469,1359,1247,1314,1659,1566,1284,1074,953,946,1037,1173,1154,1343,1482,1408,1208,1356,1134,2042
 "36025","Delaware, NY",2,CAINC45,190,"..."," Fertilizer and lime (incl. ag. chemicals 1978-fwd.) ","Thousands of dollars",705,671,716,756,893,1346,1654,1520,1679,1961,2290,2488,2437,2257,2083,2237,1978,1684,1618,1546,1665,1637,1688,1514,1224,1360,1412,1135,1112,1210,1232,1327,1582,1568,1483,1473,1467,1498,1573,1594,1263,1125,1109,1165,1362,1614,1525,1658,1617,1865,1664,1920,2077,2708
 "36025","Delaware, NY",2,CAINC45,200,"..."," Petroleum products purchased ","Thousands of dollars",738,693,696,659,721,1014,1335,1665,1879,1963,2358,3253,3517,3120,2832,2778,2364,1837,1612,1533,1501,1802,1707,1568,1494,1413,1468,1501,1398,1348,1315,1840,1861,1824,1920,2306,2583,2935,3518,3693,2720,2620,2811,3061,3408,3490,2650,2258,2445,2409,2377,2185,2456,3608
 "36025","Delaware, NY",2,CAINC45,210,"..."," Hired farm labor expenses 2/","Thousands of dollars",2017,1955,2056,2034,2407,2785,3377,3482,4043,3832,4334,4664,4796,5566,5144,5134,5104,4490,4343,4668,4882,5475,5194,4983,4992,4728,4907,4485,4275,5307,5426,6695,7666,10140,8125,7781,6018,6275,6932,5933,5312,4539,3747,4494,4472,4675,3888,4144,3689,3455,2959,3126,2872,4413
 "36025","Delaware, NY",2,CAINC45,220,"..."," All other production expenses 3/","Thousands of dollars",9518,9898,10327,10814,12290,15204,17430,18618,20865,23278,27405,30099,34433,36784,37559,35533,30780,28550,27325,26919,28074,27795,26638,26856,26342,28087,27401,26324,26150,26449,27584,26851,27690,28974,24407,23830,22821,23074,24896,25935,24791,23887,23790,25407,24829,27200,27137,26296,24901,26024,24435,26359,26892,30931
 "36025","Delaware, NY",2,CAINC45,240,"...","Value of inventory change ","Thousands of dollars",-384,-184,-59,-192,399,752,341,-105,-1565,-278,2088,1768,1926,3146,413,-1311,-1642,-1761,-1738,-3506,-297,76,-314,-158,-474,336,-796,1094,-899,-759,-573,-1729,725,2032,-509,-1222,-1488,990,808,-1407,325,254,179,-386,1780,-584,-15,290,20,-457,-978,-1962,1870,-813
 "36025","Delaware, NY",2,CAINC45,250,"..."," Value of inventory change: livestock ","Thousands of dollars",-301,-174,-193,-20,319,1041,403,-658,-1293,-846,1872,1430,3299,1457,519,-1037,-2066,-1864,-1427,-2471,-119,224,203,10,-434,-859,561,523,-1046,-387,-1,-1833,251,1609,-730,-229,-303,589,484,-1694,716,-168,130,-199,982,-201,524,861,-396,-624,240,-741,-16,191
 "36025","Delaware, NY",2,CAINC45,260,"..."," Value of inventory change: crops ","Thousands of dollars",-83,-10,134,-172,80,-289,-62,553,-272,568,216,338,-1373,1689,-106,-274,424,103,-311,-1035,-178,-148,-342,-710,86,536,-648,80,-43,-578,-55,-177,736,-142,593,-1349,-520,-8,-104,177,-387,-10,166,-347,842,-598,-744,-555,405,156,-1131,-1305,1689,-1012
 "36025","Delaware, NY",2,CAINC45,265,"..."," Value of inventory change: materials and supplies ","Thousands of dollars",(NA),(NA),(NA),(NA),(NA),(NA),(NA),(NA),(NA),(NA),(NA),(NA),(NA),(NA),(NA),(NA),(NA),(NA),(NA),(NA),(NA),(NA),-175,542,-126,659,-709,491,190,206,-517,281,-262,565,-372,356,-665,409,428,110,-4,432,-117,160,-44,215,205,-16,11,11,-87,84,197,8
 "36025","Delaware, NY",2,CAINC45,270,"...","Cash receipts and other income ","Thousands of dollars",34769,34390,34105,34449,38263,41424,43077,48888,48542,54667,64591,71592,76156,75128,76220,75082,67558,65003,62775,60589,63801,63366,56024,58471,57435,56031,52786,55617,46867,54262,54637,53418,57371,56556,56250,63399,65239,59837,55438,56267,45501,49031,55027,55238,59700,65746,51073,47112,49260,48097,53073,55784,56851,72187
 "36025","Delaware, NY",2,CAINC45,280,"..."," Less: Production expenses ","Thousands of dollars",23510,24273,24613,24576,30016,37903,40706,44832,47544,50510,60516,67344,73353,70475,71764,66464,57890,53539,50687,50206,53326,53361,50985,50119,48889,49467,49860,46905,46731,49254,49915,49670,52767,56679,47869,47391,43715,45704,49334,50147,45049,43149,42507,45825,46207,49774,46974,45273,44069,45279,42415,45649,45817,53714
 "36025","Delaware, NY",2,CAINC45,290,"...","Equals: Realized net income ","Thousands of dollars",11259,10117,9492,9873,8247,3521,2371,4056,998,4157,4075,4248,2803,4653,4456,8618,9668,11464,12088,10383,10475,10005,5039,8352,8546,6564,2926,8712,136,5008,4722,3748,4604,-123,8381,16008,21524,14133,6104,6120,452,5882,12520,9413,13493,15972,4099,1839,5191,2818,10658,10135,11034,18473
 "36025","Delaware, NY",2,CAINC45,300,"..."," Plus: Value of inventory change ","Thousands of dollars",-384,-184,-59,-192,399,752,341,-105,-1565,-278,2088,1768,1926,3146,413,-1311,-1642,-1761,-1738,-3506,-297,76,-314,-158,-474,336,-796,1094,-899,-759,-573,-1729,725,2032,-509,-1222,-1488,990,808,-1407,325,254,179,-386,1780,-584,-15,290,20,-457,-978,-1962,1870,-813
 "36025","Delaware, NY",2,CAINC45,310,"...","Equals: Net income including corporate farms ","Thousands of dollars",10875,9933,9433,9681,8646,4273,2712,3951,-567,3879,6163,6016,4729,7799,4869,7307,8026,9703,10350,6877,10178,10081,4725,8194,8072,6900,2130,9806,-763,4249,4149,2019,5329,1909,7872,14786,20036,15123,6912,4713,777,6136,12699,9027,15273,15388,4084,2129,5211,2361,9680,8173,12904,17660
 "36025","Delaware, NY",2,CAINC45,320,"..."," Less: Net income of corporate farms ","Thousands of dollars",317,237,223,307,285,74,58,85,-17,97,220,63,170,168,50,260,365,409,458,249,648,767,286,448,334,433,116,808,-67,228,177,120,483,279,1116,2436,2763,1829,1089,512,47,471,1038,510,945,1160,165,237,537,509,1428,1315,2586,4087
 "36025","Delaware, NY",2,CAINC45,330,"..."," Plus: Statistical adjustment ","Thousands of dollars",1,1,0,0,0,0,0,0,0,0,0,0,0,0,0,0,0,0,0,0,0,0,0,0,0,0,0,0,0,0,0,0,0,0,0,0,0,0,0,0,0,0,0,0,0,0,0,0,0,0,0,0,0,0
 "36025","Delaware, NY",2,CAINC45,340,"...","Equals: Farm proprietors' income ","Thousands of dollars",10559,9697,9210,9374,8361,4199,2654,3866,-550,3782,5943,5953,4559,7631,4819,7047,7661,9294,9892,6628,9530,9314,4439,7746,7738,6467,2014,8998,-696,4021,3972,1899,4846,1630,6756,12350,17273,13294,5823,4201,730,5665,11661,8517,14328,14228,3919,1892,4674,1852,8252,6858,10318,13573
 "36025","Delaware, NY",2,CAINC45,350,"..."," Plus: Farm wages and salaries ","Thousands of dollars",1768,1777,1848,1812,2193,2547,2972,3003,3427,3395,3854,4146,4168,4853,4528,4366,4265,3808,3654,3948,4018,4534,4257,4007,4018,3602,3684,3459,3236,3787,3879,4959,5532,7417,6298,5803,4441,4623,5237,4329,3619,3219,2497,3326,3366,3601,2923,3317,3164,2977,2380,2571,2442,3499
 "36025","Delaware, NY",2,CAINC45,360,"..."," Plus: Farm supplements to wages and salaries ","Thousands of dollars",201,208,232,229,281,337,374,430,512,504,567,585,548,551,589,567,567,543,554,579,716,863,908,889,950,907,902,771,677,752,777,977,1183,1299,1115,1030,858,936,1253,1384,1087,922,774,868,1008,1022,927,1009,1085,855,775,777,812,1295
 "36025","Delaware, NY",2,CAINC45,370,"...","Equals: Farm earnings ","Thousands of dollars",12528,11682,11290,11415,10835,7083,6000,7299,3389,7681,10364,10684,9275,13035,9936,11980,12493,13645,14100,11155,14264,14711,9604,12642,12706,10976,6600,13228,3217,8560,8628,7835,11561,10346,14169,19183,22572,18853,12313,9914,5436,9806,14932,12711,18702,18851,7769,6218,8923,5684,11407,10206,13572,18367
 "36027","Dutchess, NY",2,CAINC45,10,"...","Cash receipts from marketings (thousands of dollars) ","Thousands of dollars",26349,24897,24029,23275,26381,27109,26897,28744,28044,30892,41292,45792,48870,47263,46128,46473,43184,42092,43405,42563,43881,41651,40250,38540,43615,40025,42475,43756,34906,40936,40665,42507,44147,36528,32523,34384,35410,37102,43521,50083,44548,45708,49053,50202,50323,51374,45948,44064,42739,43110,44186,45466,48860,56269
 "36027","Dutchess, NY",2,CAINC45,20,"..."," Cash receipts: Livestock and products ","Thousands of dollars",21727,20537,19431,19159,20683,20562,20046,21822,21105,23215,32544,36139,37839,36566,35144,33636,29921,26850,26020,25034,25654,24256,22058,21181,25981,23072,25286,27728,19065,23136,22298,22087,24261,13560,10583,11260,11565,10287,18406,19333,17800,19993,23729,24407,23152,24605,20153,17230,16430,16626,16940,16888,17598,21117
 "36027","Dutchess, NY",2,CAINC45,60,"..."," Cash receipts: Crops ","Thousands of dollars",4622,4360,4598,4116,5698,6547,6851,6922,6939,7677,8748,9653,11031,10697,10984,12837,13263,15242,17385,17529,18227,17395,18192,17359,17634,16953,17189,16028,15841,17800,18367,20420,19886,22968,21940,23124,23845,26815,25115,30750,26748,25715,25324,25795,27171,26769,25795,26834,26309,26484,27246,28578,31262,35152
 "36027","Dutchess, NY",2,CAINC45,120,"...","Other income ","Thousands of dollars",571,614,627,737,922,1245,1513,1786,1854,1651,1819,1674,1477,1426,1517,2512,1823,2151,1941,2048,2257,2622,2820,3361,3475,3624,3128,2578,3049,3643,5276,7455,4942,7844,8579,9093,7201,6448,7123,10466,13043,17203,16124,26568,29043,22001,15779,12075,16357,13242,23066,19206,13034,25234
 "36027","Dutchess, NY",2,CAINC45,130,"..."," Government payments ","Thousands of dollars",155,129,74,95,72,52,58,62,70,111,55,72,70,57,221,1220,540,1023,1039,698,413,424,277,164,403,675,265,308,229,330,661,1038,793,859,1328,527,758,730,400,375,694,293,239,422,354,60,453,422,319,262,450,7399,2907,435
 "36027","Dutchess, NY",2,CAINC45,140,"..."," Imputed and miscellaneous income received 1/","Thousands of dollars",416,485,553,642,850,1193,1455,1724,1784,1540,1764,1602,1407,1369,1296,1292,1283,1128,902,1350,1844,2198,2543,3197,3072,2949,2863,2270,2820,3313,4615,6417,4149,6985,7251,8566,6443,5718,6723,10091,12349,16910,15885,26146,28689,21941,15326,11653,16038,12980,22616,11807,10127,24799
 "36027","Dutchess, NY",2,CAINC45,150,"...","Production expenses ","Thousands of dollars",23155,22107,21223,20570,22772,26727,24858,26134,26624,32360,39658,44096,48563,48545,50192,47749,43603,42013,41675,41167,43621,44440,42751,43776,44255,45764,46983,45147,44182,43666,41724,40941,41314,42855,41832,46383,47619,55208,68103,69712,67364,67696,68706,80542,80623,81991,71937,66655,59766,60972,55549,59974,60052,74157
 "36027","Dutchess, NY",2,CAINC45,160,"..."," Feed purchased ","Thousands of dollars",5333,5174,4646,4060,5203,6588,5207,5694,5042,5508,6224,7140,7372,5883,6433,5242,4473,4245,3643,3580,3768,3515,3194,3181,2964,2727,2852,2651,2964,3078,2812,2477,2540,2515,2650,3187,3078,3840,5059,6158,5356,6151,6650,7487,8082,7880,7301,6148,6119,6057,5777,6368,6077,5911
 "36027","Dutchess, NY",2,CAINC45,170,"..."," Livestock purchased ","Thousands of dollars",3929,3466,2999,2602,2569,2130,1782,1948,1830,2368,4373,4298,4745,3872,3355,2730,1887,1755,1958,1531,1998,2090,2033,1833,3019,2716,3444,2997,1776,1898,1898,1466,1563,692,414,600,1074,1543,2088,1491,1984,1353,1241,1099,956,1227,892,967,869,1193,1171,1281,1310,1048
 "36027","Dutchess, NY",2,CAINC45,180,"..."," Seed purchased ","Thousands of dollars",237,235,247,237,322,400,359,440,465,523,574,636,678,631,548,677,638,662,676,799,826,809,873,737,1017,1453,1951,2516,2892,2885,2292,2500,2372,2897,2849,2462,2111,2077,2448,2328,1978,1731,1622,1688,1964,2242,2224,2608,2897,2752,2361,2650,2215,3989
 "36027","Dutchess, NY",2,CAINC45,190,"..."," Fertilizer and lime (incl. ag. chemicals 1978-fwd.) ","Thousands of dollars",1130,1049,1100,1147,1265,1741,1714,1523,1479,1932,2422,2800,2896,2818,2644,2774,2492,2187,2110,2015,2180,2156,2240,2110,1700,1883,1947,1557,1519,1643,1666,1786,2120,2092,2063,2132,2206,2339,2549,2924,2682,2755,3128,3705,3929,4043,3326,3156,2683,3093,2761,3185,3446,4494
 "36027","Dutchess, NY",2,CAINC45,200,"..."," Petroleum products purchased ","Thousands of dollars",691,626,609,561,599,822,923,1131,1226,1480,1814,2542,2783,2494,2312,2237,1955,1590,1439,1353,1315,1569,1473,1406,1335,1255,1296,1318,1221,1157,1111,1533,1530,1481,1842,2459,2966,3560,4448,4795,3729,3795,4306,4853,5422,5274,3776,3004,2997,2954,2915,2679,3012,4425
 "36027","Dutchess, NY",2,CAINC45,210,"..."," Hired farm labor expenses 2/","Thousands of dollars",3699,3494,3571,3433,3950,4431,4221,3977,4108,4247,5039,5575,5907,6992,6683,6608,6743,6094,6089,6366,6654,7399,6972,6934,7458,7503,8260,8242,8411,8527,7621,8623,9033,11100,11050,12269,11087,13469,17684,15907,15286,15040,13482,19453,18933,18542,14340,14582,12559,11856,9516,10316,9820,14986
 "36027","Dutchess, NY",2,CAINC45,220,"..."," All other production expenses 3/","Thousands of dollars",8136,8063,8051,8530,8864,10615,10652,11421,12474,16302,19212,21105,24182,25855,28217,27481,25415,25480,25760,25523,26880,26902,25966,27575,26762,28227,27233,25866,25399,24478,24324,22556,22156,22078,20964,23274,25097,28380,33827,36109,36349,36871,38277,42257,41337,42783,40078,36190,31642,33067,31048,33495,34172,39304
 "36027","Dutchess, NY",2,CAINC45,240,"...","Value of inventory change ","Thousands of dollars",-243,-58,-48,-359,207,991,263,-193,-698,127,1180,1047,1344,1138,-342,-478,-808,-667,-657,-1950,-103,195,-103,-120,-409,598,-464,399,-127,-456,-145,-997,536,41,730,-155,-1239,895,506,233,-926,53,-717,-617,882,-829,-875,-840,-102,-232,-1396,-1634,998,-1854
 "36027","Dutchess, NY",2,CAINC45,250,"..."," Value of inventory change: livestock ","Thousands of dollars",-210,-115,-119,-19,174,529,198,-342,-667,-376,953,805,1673,749,232,-483,-948,-750,-560,-929,-44,82,33,25,-142,-322,162,162,-381,-166,9,-528,66,429,-189,-39,-108,185,89,-546,240,-25,9,-50,350,-45,169,231,-93,-195,102,-220,-11,55
 "36027","Dutchess, NY",2,CAINC45,260,"..."," Value of inventory change: crops ","Thousands of dollars",-33,57,71,-340,33,462,65,149,-31,503,227,242,-329,389,-574,5,140,83,-97,-1021,-59,113,-57,-382,-210,611,-282,-11,153,-398,114,-613,603,-673,1136,-351,-645,384,48,676,-1162,-386,-592,-762,585,-1030,-1270,-1055,-20,-48,-1411,-1498,812,-1917
 "36027","Dutchess, NY",2,CAINC45,265,"..."," Value of inventory change: materials and supplies ","Thousands of dollars",(NA),(NA),(NA),(NA),(NA),(NA),(NA),(NA),(NA),(NA),(NA),(NA),(NA),(NA),(NA),(NA),(NA),(NA),(NA),(NA),(NA),(NA),-79,237,-57,309,-344,248,101,108,-268,144,-133,285,-217,235,-486,326,369,103,-4,464,-134,195,-53,246,226,-16,11,11,-87,84,197,8
 "36027","Dutchess, NY",2,CAINC45,270,"...","Cash receipts and other income ","Thousands of dollars",26920,25511,24656,24012,27303,28354,28410,30530,29898,32543,43111,47466,50347,48689,47645,48985,45007,44243,45346,44611,46138,44273,43070,41901,47090,43649,45603,46334,37955,44579,45941,49962,49089,44372,41102,43477,42611,43550,50644,60549,57591,62911,65177,76770,79366,73375,61727,56139,59096,56352,67252,64672,61894,81503
 "36027","Dutchess, NY",2,CAINC45,280,"..."," Less: Production expenses ","Thousands of dollars",23155,22107,21223,20570,22772,26727,24858,26134,26624,32360,39658,44096,48563,48545,50192,47749,43603,42013,41675,41167,43621,44440,42751,43776,44255,45764,46983,45147,44182,43666,41724,40941,41314,42855,41832,46383,47619,55208,68103,69712,67364,67696,68706,80542,80623,81991,71937,66655,59766,60972,55549,59974,60052,74157
 "36027","Dutchess, NY",2,CAINC45,290,"...","Equals: Realized net income ","Thousands of dollars",3765,3404,3433,3442,4531,1627,3552,4396,3274,183,3453,3370,1784,144,-2547,1236,1404,2230,3671,3444,2517,-167,319,-1875,2835,-2115,-1380,1187,-6227,913,4217,9021,7775,1517,-730,-2906,-5008,-11658,-17459,-9163,-9773,-4785,-3529,-3772,-1257,-8616,-10210,-10516,-670,-4620,11703,4698,1842,7346
 "36027","Dutchess, NY",2,CAINC45,300,"..."," Plus: Value of inventory change ","Thousands of dollars",-243,-58,-48,-359,207,991,263,-193,-698,127,1180,1047,1344,1138,-342,-478,-808,-667,-657,-1950,-103,195,-103,-120,-409,598,-464,399,-127,-456,-145,-997,536,41,730,-155,-1239,895,506,233,-926,53,-717,-617,882,-829,-875,-840,-102,-232,-1396,-1634,998,-1854
 "36027","Dutchess, NY",2,CAINC45,310,"...","Equals: Net income including corporate farms ","Thousands of dollars",3522,3346,3385,3083,4738,2618,3815,4203,2576,310,4633,4417,3128,1282,-2889,758,596,1563,3014,1494,2414,28,216,-1995,2426,-1517,-1844,1586,-6354,457,4072,8024,8311,1558,0,-3061,-6247,-10763,-16953,-8930,-10699,-4732,-4246,-4389,-375,-9445,-11085,-11356,-772,-4852,10307,3064,2840,5492
 "36027","Dutchess, NY",2,CAINC45,320,"..."," Less: Net income of corporate farms ","Thousands of dollars",405,345,380,510,900,289,474,469,226,34,606,148,325,74,-887,75,77,189,390,160,459,7,40,-1046,411,-694,-886,592,-2787,104,639,1472,2048,532,0,-916,-2271,-4422,-6069,-3388,-4343,-1559,-1132,-1135,-125,-3664,-5953,-5503,-449,-1821,2754,892,1030,2301
 "36027","Dutchess, NY",2,CAINC45,330,"..."," Plus: Statistical adjustment ","Thousands of dollars",0,0,0,0,0,0,0,0,0,0,0,0,0,0,0,0,0,0,0,0,0,0,0,0,0,0,0,0,0,0,0,0,0,0,0,0,0,0,0,0,0,0,0,0,0,0,0,0,0,0,0,0,0,0
 "36027","Dutchess, NY",2,CAINC45,340,"...","Equals: Farm proprietors' income ","Thousands of dollars",3117,3001,3005,2573,3838,2329,3341,3734,2350,276,4027,4269,2803,1208,-2002,683,519,1374,2624,1334,1955,21,176,-949,2015,-823,-958,994,-3567,353,3433,6552,6263,1026,0,-2145,-3976,-6341,-10884,-5542,-6356,-3173,-3114,-3254,-250,-5781,-5132,-5853,-323,-3031,7553,2172,1810,3191
 "36027","Dutchess, NY",2,CAINC45,350,"..."," Plus: Farm wages and salaries ","Thousands of dollars",3352,3258,3279,3128,3778,4232,4373,3986,4091,3738,4514,5102,5389,6452,6071,5886,5733,5120,4875,5313,5458,6211,5878,5577,6002,5806,6446,6663,6982,6890,6162,7039,7164,8822,9261,10208,9159,10987,14187,13416,12817,13009,11552,17627,17784,19050,15478,17584,16788,15796,12545,13580,12890,18370
 "36027","Dutchess, NY",2,CAINC45,360,"..."," Plus: Farm supplements to wages and salaries ","Thousands of dollars",345,347,373,365,444,511,569,649,774,734,786,783,714,700,762,738,738,704,728,765,954,1162,1240,1237,1375,1376,1449,1302,1219,1231,1181,1386,1595,1671,1721,1845,1769,2183,3298,4114,3668,3571,3406,4300,4970,5064,4656,5093,5486,4297,3875,3848,4066,6624
 "36027","Dutchess, NY",2,CAINC45,370,"...","Equals: Farm earnings ","Thousands of dollars",6814,6606,6657,6066,8060,7072,8283,8369,7215,4748,9327,10154,8906,8360,4831,7307,6990,7198,8227,7412,8367,7394,7294,5865,9392,6359,6937,8959,4634,8474,10776,14977,15022,11519,10982,9908,6952,6829,6601,11988,10129,13407,11844,18673,22504,18333,15002,16824,21951,17062,23973,19600,18766,28185
 "36029","Erie, NY",2,CAINC45,10,"...","Cash receipts from marketings (thousands of dollars) ","Thousands of dollars",33518,34838,36544,37466,47219,51982,54166,56535,58040,64532,73770,81196,88133,83753,83296,86816,82037,82591,84590,82442,87361,86375,80030,81325,81699,80961,80275,82680,78447,85989,85569,86030,92171,95034,92994,104590,106438,105780,117984,138132,116068,130188,146166,148598,143956,156940,137124,122518,124018,125864,129257,131147,143366,187858
 "36029","Erie, NY",2,CAINC45,20,"..."," Cash receipts: Livestock and products ","Thousands of dollars",21308,22137,22619,24012,28738,30844,31221,35264,34645,38516,45330,48064,50067,48386,49452,50154,47641,46375,46152,44718,48982,51332,46491,47374,49553,50785,49812,54616,48542,53161,52340,49601,56603,48621,47633,57279,57050,50504,73089,74024,54009,65203,78383,75977,79171,94394,78374,63352,67574,66073,67625,66952,72450,107469
 "36029","Erie, NY",2,CAINC45,60,"..."," Cash receipts: Crops ","Thousands of dollars",12210,12701,13925,13454,18481,21138,22945,21271,23395,26016,28440,33132,38066,35367,33844,36662,34396,36216,38438,37724,38379,35043,33539,33951,32146,30176,30463,28064,29905,32828,33229,36429,35568,46413,45361,47311,49388,55276,44895,64108,62059,64985,67783,72621,64785,62546,58750,59166,56444,59791,61632,64195,70916,80389
 "36029","Erie, NY",2,CAINC45,120,"...","Other income ","Thousands of dollars",1617,1517,1343,1467,1469,1541,1465,1543,1492,1810,1881,1855,1969,2253,2937,3750,3763,4130,4571,4634,5448,4405,3484,4133,5185,4274,4617,4110,5383,5722,8378,11230,6755,9142,9279,8014,7554,6629,5679,7749,10256,8824,7981,13194,15193,12900,11631,8528,11490,9979,17251,27460,12908,16610
 "36029","Erie, NY",2,CAINC45,130,"..."," Government payments ","Thousands of dollars",869,757,563,644,372,181,154,124,146,502,212,78,133,231,705,1212,878,1262,1939,1906,2637,1734,926,1429,2175,971,995,884,941,1203,2588,3610,1962,2952,3463,1748,3171,2984,1705,1936,4034,1493,1511,2196,2002,1162,1600,1642,1548,1764,2591,18744,6745,1907
 "36029","Erie, NY",2,CAINC45,140,"..."," Imputed and miscellaneous income received 1/","Thousands of dollars",748,760,780,823,1097,1360,1311,1419,1346,1308,1669,1777,1836,2022,2232,2538,2885,2868,2632,2728,2811,2671,2558,2704,3010,3303,3622,3226,4442,4519,5790,7620,4793,6190,5816,6266,4383,3645,3974,5813,6222,7331,6470,10998,13191,11738,10031,6886,9942,8215,14660,8716,6163,14703
 "36029","Erie, NY",2,CAINC45,150,"...","Production expenses ","Thousands of dollars",25671,27472,29413,30667,37777,48030,50051,51447,55211,62234,70874,75528,79236,76130,78378,77415,71011,67654,67956,69090,74670,77475,75874,75726,77952,80747,82010,83676,87183,89576,88027,88415,92492,99774,88632,90530,85623,92538,106343,112922,106295,105449,107088,123533,127718,140771,134537,135866,134506,137259,125994,136349,135488,167851
 "36029","Erie, NY",2,CAINC45,160,"..."," Feed purchased ","Thousands of dollars",4523,5194,5369,5293,7535,10467,9506,10501,10122,10727,12201,14082,14627,11743,13067,11253,9892,9619,8709,9501,11023,11296,11339,11739,11764,11296,12023,12400,15333,16266,15193,13695,14378,14598,12228,12007,9649,10155,11398,14317,12482,14350,15521,17832,19065,19455,18990,16984,18153,17969,17138,18891,18030,17538
 "36029","Erie, NY",2,CAINC45,170,"..."," Livestock purchased ","Thousands of dollars",2185,2259,2301,2370,2811,2847,2635,2798,2742,3288,5190,4404,4232,3026,2959,2844,2286,2480,3399,2511,3258,3302,2971,2618,3987,4464,5420,4995,4048,3859,3889,2816,3060,2019,1166,1546,2221,2651,2525,1962,2268,1885,2046,2123,2010,3007,2295,2427,2510,3340,3278,3577,3793,3747
 "36029","Erie, NY",2,CAINC45,180,"..."," Seed purchased ","Thousands of dollars",1162,1207,1311,1290,1792,2265,2113,2370,2482,2474,2457,2460,2366,1976,1835,2500,2490,2692,2898,3364,3396,3239,3410,2703,2469,2561,2668,3008,3247,3426,2869,3291,3275,4188,4766,4713,4587,5088,6727,6912,6219,5776,5769,6548,7281,8334,8285,9731,10829,10288,8826,9909,8285,14920
 "36029","Erie, NY",2,CAINC45,190,"..."," Fertilizer and lime (incl. ag. chemicals 1978-fwd.) ","Thousands of dollars",1424,1495,1721,1935,2322,3437,3884,3434,3608,4480,5357,5948,5943,5611,5197,5603,4978,4261,4115,3865,4091,3947,3992,3514,3214,3922,4403,4164,4881,4929,4688,4737,5320,4985,4808,4867,4936,5138,5501,6723,6346,6667,7707,9461,9973,10750,9291,9299,8374,9654,8618,9943,10756,14026
 "36029","Erie, NY",2,CAINC45,200,"..."," Petroleum products purchased ","Thousands of dollars",1019,1000,1041,1016,1140,1639,2097,2541,2903,3272,3712,4890,5093,4376,4145,4277,3867,3237,3115,2984,2938,3551,3388,3127,3162,3067,3211,3600,3715,3226,2837,3581,3268,2886,3109,3798,4307,4944,5972,6720,5298,5458,6260,7280,7982,8037,5992,5001,5286,5209,5141,4725,5312,7804
 "36029","Erie, NY",2,CAINC45,210,"..."," Hired farm labor expenses 2/","Thousands of dollars",4823,4881,5303,5403,6572,7789,8525,8082,9048,8969,9720,10055,9934,11168,10648,11042,11448,10390,10595,11465,12213,13945,13387,13061,13966,13504,14172,14411,15427,17281,16623,19858,21860,28224,23795,22834,17940,18982,21618,19474,18383,17161,15004,20798,21970,24715,21941,25344,24410,22931,19269,20557,19177,29146
 "36029","Erie, NY",2,CAINC45,220,"..."," All other production expenses 3/","Thousands of dollars",10535,11436,12367,13360,15605,19586,21291,21721,24306,29024,32237,33689,37041,38230,40527,39896,36050,34975,35125,35400,37751,38195,37387,38964,39390,41933,40113,41098,40532,40589,41928,40437,41331,42874,38760,40765,41983,45580,52602,56814,55299,54152,54781,59491,59437,66473,67743,67080,64944,67868,63724,68747,70135,80670
 "36029","Erie, NY",2,CAINC45,240,"...","Value of inventory change ","Thousands of dollars",-272,-63,132,-1092,384,1140,398,-265,-1021,-45,1930,1362,2410,950,-998,-438,-799,-977,-1245,-3601,-234,328,-546,106,-90,1168,-1572,1546,-249,-85,-951,-1625,486,1858,-77,46,-2046,1567,1004,-49,-1464,259,-1452,-790,1651,-1567,-1027,-1515,-445,-550,-3131,-3343,2314,-4289
 "36029","Erie, NY",2,CAINC45,250,"..."," Value of inventory change: livestock ","Thousands of dollars",-197,-125,-139,-72,222,691,238,-520,-930,-628,1315,1052,2203,836,246,-452,-1619,-1036,-1151,-1725,-132,83,117,29,-343,-689,413,344,-858,-329,38,-1392,75,1474,-682,-36,-340,525,520,-1573,569,-81,202,-148,1188,-162,722,852,-434,-615,297,-709,-39,222
 "36029","Erie, NY",2,CAINC45,260,"..."," Value of inventory change: crops ","Thousands of dollars",-75,62,271,-1020,162,449,160,255,-91,583,615,310,207,114,-1244,14,820,59,-94,-1876,-102,245,-450,-601,422,907,-886,384,266,-116,-109,-698,834,-506,1208,-513,-572,330,-268,1308,-2023,-665,-1361,-1075,585,-2002,-2326,-2322,-43,34,-3177,-2876,1784,-4533
 "36029","Erie, NY",2,CAINC45,265,"..."," Value of inventory change: materials and supplies ","Thousands of dollars",(NA),(NA),(NA),(NA),(NA),(NA),(NA),(NA),(NA),(NA),(NA),(NA),(NA),(NA),(NA),(NA),(NA),(NA),(NA),(NA),(NA),(NA),-213,678,-169,950,-1099,818,343,360,-880,465,-423,890,-603,595,-1134,712,752,216,-10,1005,-293,433,-122,597,577,-45,32,31,-251,242,569,22
 "36029","Erie, NY",2,CAINC45,270,"...","Cash receipts and other income ","Thousands of dollars",35135,36355,37887,38933,48688,53523,55631,58078,59532,66342,75651,83051,90102,86006,86233,90566,85800,86721,89161,87076,92809,90780,83514,85458,86884,85235,84892,86790,83830,91711,93947,97260,98926,104176,102273,112604,113992,112409,123663,145881,126324,139012,154147,161792,159149,169840,148755,131046,135508,135843,146508,158607,156274,204468
 "36029","Erie, NY",2,CAINC45,280,"..."," Less: Production expenses ","Thousands of dollars",25671,27472,29413,30667,37777,48030,50051,51447,55211,62234,70874,75528,79236,76130,78378,77415,71011,67654,67956,69090,74670,77475,75874,75726,77952,80747,82010,83676,87183,89576,88027,88415,92492,99774,88632,90530,85623,92538,106343,112922,106295,105449,107088,123533,127718,140771,134537,135866,134506,137259,125994,136349,135488,167851
 "36029","Erie, NY",2,CAINC45,290,"...","Equals: Realized net income ","Thousands of dollars",9464,8883,8474,8266,10911,5493,5580,6631,4321,4108,4777,7523,10866,9876,7855,13151,14789,19067,21205,17986,18139,13305,7640,9732,8932,4488,2882,3114,-3353,2135,5920,8845,6434,4402,13641,22074,28369,19871,17320,32959,20029,33563,47059,38259,31431,29069,14218,-4820,1002,-1416,20514,22258,20786,36617
 "36029","Erie, NY",2,CAINC45,300,"..."," Plus: Value of inventory change ","Thousands of dollars",-272,-63,132,-1092,384,1140,398,-265,-1021,-45,1930,1362,2410,950,-998,-438,-799,-977,-1245,-3601,-234,328,-546,106,-90,1168,-1572,1546,-249,-85,-951,-1625,486,1858,-77,46,-2046,1567,1004,-49,-1464,259,-1452,-790,1651,-1567,-1027,-1515,-445,-550,-3131,-3343,2314,-4289
 "36029","Erie, NY",2,CAINC45,310,"...","Equals: Net income including corporate farms ","Thousands of dollars",9192,8820,8606,7174,11295,6633,5978,6366,3300,4063,6707,8885,13276,10826,6857,12713,13990,18090,19960,14385,17905,13633,7094,9838,8842,5656,1310,4660,-3602,2050,4969,7220,6920,6260,13564,22120,26323,21438,18324,32910,18565,33822,45607,37469,33082,27502,13191,-6335,557,-1966,17383,18915,23100,32328
 "36029","Erie, NY",2,CAINC45,320,"..."," Less: Net income of corporate farms ","Thousands of dollars",289,313,398,562,1139,426,455,453,192,313,581,190,854,376,116,754,1072,1310,1541,922,2038,1874,783,1800,1278,1244,260,1422,-1338,410,709,1270,1690,2065,3855,7124,6744,4582,4925,7335,2786,8031,14676,11047,8350,6943,1510,-4098,125,-882,5555,6591,10028,16209
 "36029","Erie, NY",2,CAINC45,330,"..."," Plus: Statistical adjustment ","Thousands of dollars",1,1,1,1,1,0,0,-1,0,1,0,0,1,-1,0,1,0,1,0,0,0,0,0,0,0,0,0,0,0,0,0,0,0,0,0,0,0,0,0,0,0,0,0,0,0,0,0,0,0,0,0,0,0,0
 "36029","Erie, NY",2,CAINC45,340,"...","Equals: Farm proprietors' income ","Thousands of dollars",8904,8508,8209,6613,10157,6207,5523,5912,3108,3751,6126,8695,12423,10449,6741,11960,12918,16781,18419,13463,15867,11759,6311,8038,7564,4412,1050,3238,-2264,1640,4260,5950,5230,4195,9709,14996,19579,16856,13399,25575,15779,25791,30931,26422,24732,20559,11681,-2237,432,-1084,11828,12324,13072,16119
 "36029","Erie, NY",2,CAINC45,350,"..."," Plus: Farm wages and salaries ","Thousands of dollars",4194,4377,4707,4753,5934,7048,7869,7643,8414,8128,8633,8756,8351,9303,8999,9009,9174,8587,8646,9606,10037,11624,11157,10723,11358,10805,11800,11978,12303,13326,12905,15785,16996,22202,19015,17679,13650,14344,16418,14939,13784,13564,11695,17371,17552,18790,15259,17327,16537,15559,12397,13403,12727,18188
 "36029","Erie, NY",2,CAINC45,360,"..."," Plus: Farm supplements to wages and salaries ","Thousands of dollars",457,487,555,568,714,873,965,1097,1292,1250,1291,1242,1092,1039,1159,1141,1186,1168,1270,1359,1711,2112,2296,2316,2579,2581,2706,2435,2280,2434,2454,3001,3560,3851,3334,3104,2617,2876,3905,4709,4066,3819,3554,4387,5079,5165,4718,5148,5544,4355,3936,3921,4124,6649
 "36029","Erie, NY",2,CAINC45,370,"...","Equals: Farm earnings ","Thousands of dollars",13555,13372,13471,11934,16805,14128,14357,14652,12814,13129,16050,18693,21866,20791,16899,22110,23278,26536,28335,24428,27615,25495,19764,21077,21501,17798,15556,17651,12319,17400,19619,24736,25786,30248,32058,35779,35846,34076,33722,45223,33629,43174,46180,48180,47363,44514,31658,20238,22513,18830,28161,29648,29923,40956
 "36031","Essex, NY",2,CAINC45,10,"...","Cash receipts from marketings (thousands of dollars) ","Thousands of dollars",4117,4155,4279,4284,5107,5745,5909,6685,6622,7688,8805,9219,9644,9247,9643,9579,9265,9554,10132,9983,10318,10164,9455,9365,9406,9353,10452,10852,7934,8898,8808,8316,8619,9100,8717,9974,9997,9565,11021,11699,9236,10048,11236,11009,12999,14647,12609,12447,12945,12935,13553,13619,14738,18092
 "36031","Essex, NY",2,CAINC45,20,"..."," Cash receipts: Livestock and products ","Thousands of dollars",3152,3211,3266,3385,3765,4077,4215,4850,4781,5503,6658,7321,7768,7627,7922,7762,7440,7371,7554,7157,7432,7255,6254,6321,6584,6243,7079,7398,5680,6599,6536,5874,5588,4973,4765,5788,5854,5026,6422,6231,4518,5556,6709,6288,6772,8364,6431,6009,6595,6314,6746,6561,7086,9455
 "36031","Essex, NY",2,CAINC45,60,"..."," Cash receipts: Crops ","Thousands of dollars",965,944,1013,899,1342,1668,1694,1835,1841,2185,2147,1898,1876,1620,1721,1817,1825,2183,2578,2826,2886,2909,3201,3044,2822,3110,3373,3454,2254,2299,2272,2442,3031,4127,3952,4186,4143,4539,4599,5468,4718,4492,4527,4721,6227,6283,6178,6438,6350,6621,6807,7058,7652,8637
 "36031","Essex, NY",2,CAINC45,120,"...","Other income ","Thousands of dollars",183,177,160,182,193,236,235,259,267,515,538,559,587,679,777,940,862,921,782,764,910,646,658,818,674,643,626,505,596,602,944,1560,744,1411,1357,1190,978,868,774,1256,1670,2060,1812,2720,3499,2542,2539,1460,2629,1971,3168,2699,1845,3178
 "36031","Essex, NY",2,CAINC45,130,"..."," Government payments ","Thousands of dollars",67,57,40,54,26,33,34,34,45,141,47,36,33,37,143,269,149,268,178,161,314,105,166,324,186,161,143,105,93,90,295,715,205,589,576,339,375,360,216,136,552,555,153,265,342,59,172,231,366,548,300,1340,731,318
 "36031","Essex, NY",2,CAINC45,140,"..."," Imputed and miscellaneous income received 1/","Thousands of dollars",116,120,120,128,167,203,201,225,222,374,491,523,554,642,634,671,713,653,604,603,596,541,492,494,488,482,483,400,503,512,649,845,539,822,781,851,603,508,558,1120,1118,1505,1659,2455,3157,2483,2367,1229,2263,1423,2868,1359,1114,2860
 "36031","Essex, NY",2,CAINC45,150,"...","Production expenses ","Thousands of dollars",3074,3240,3411,3518,4265,5430,5451,6087,6320,7724,8952,9948,9133,8469,9400,8870,8590,8781,9328,9357,10001,10285,9949,9629,9812,10266,10861,10556,10601,10664,10342,10144,10319,10949,10555,11479,11598,13246,16060,15741,13914,13074,12559,13576,14485,16418,16086,16605,16874,17156,15755,16924,16956,20801
 "36031","Essex, NY",2,CAINC45,160,"..."," Feed purchased ","Thousands of dollars",679,734,725,690,955,1295,1182,1482,1441,1733,1937,2197,1824,1426,1718,1454,1381,1474,1466,1519,1688,1666,1600,1575,1471,1348,1404,1305,1594,1662,1526,1350,1391,1383,1231,1288,1104,1243,1495,1800,1514,1687,1776,1990,2104,2121,2042,1799,1891,1872,1785,1968,1878,1827
 "36031","Essex, NY",2,CAINC45,170,"..."," Livestock purchased ","Thousands of dollars",110,108,104,102,115,111,92,98,87,110,196,186,164,128,137,130,111,130,190,163,246,300,302,308,521,582,887,821,587,550,497,276,189,60,48,84,157,224,224,197,251,247,305,342,294,379,230,236,203,262,274,289,310,275
 "36031","Essex, NY",2,CAINC45,180,"..."," Seed purchased ","Thousands of dollars",30,35,41,43,63,82,86,119,133,156,178,203,182,168,140,156,142,142,144,185,206,217,249,211,177,173,173,171,178,261,274,371,421,596,548,438,344,304,315,335,311,298,307,359,418,498,511,617,704,669,574,644,538,969
 "36031","Essex, NY",2,CAINC45,190,"..."," Fertilizer and lime (incl. ag. chemicals 1978-fwd.) ","Thousands of dollars",134,148,177,206,245,352,377,363,363,488,612,709,597,573,536,526,471,413,406,417,484,511,566,532,446,506,544,453,510,487,436,414,435,382,464,562,660,777,925,910,697,597,561,559,561,573,468,440,372,429,383,441,477,622
 "36031","Essex, NY",2,CAINC45,200,"..."," Petroleum products purchased ","Thousands of dollars",150,154,165,165,188,275,303,368,381,445,523,710,615,532,499,460,409,340,323,330,347,446,450,430,409,380,390,396,403,378,359,492,487,468,525,658,760,885,1082,1179,902,902,1005,1138,1297,1362,1062,931,1039,1024,1011,929,1044,1534
 "36031","Essex, NY",2,CAINC45,210,"..."," Hired farm labor expenses 2/","Thousands of dollars",566,574,626,642,780,929,981,1016,1107,1200,1235,1214,909,962,1030,1054,1184,1182,1331,1381,1440,1606,1504,1393,1537,1562,1740,1767,2036,2060,1846,2061,2134,2637,2438,2500,2110,2437,3041,2640,2381,2131,1797,2309,2581,3023,2767,3283,3289,3101,2528,2728,2583,3928
 "36031","Essex, NY",2,CAINC45,220,"..."," All other production expenses 3/","Thousands of dollars",1405,1487,1573,1670,1919,2386,2430,2641,2808,3592,4271,4729,4842,4680,5340,5090,4892,5100,5468,5362,5590,5539,5278,5180,5251,5715,5723,5643,5293,5266,5404,5180,5262,5423,5301,5949,6463,7376,8978,8680,7858,7212,6808,6879,7230,8462,9006,9299,9376,9799,9200,9925,10126,11646
 "36031","Essex, NY",2,CAINC45,240,"...","Value of inventory change ","Thousands of dollars",-58,-8,51,-48,-18,366,43,15,-246,41,335,292,330,307,9,-119,-245,-214,-274,-616,-22,40,-51,32,-143,174,-199,232,-170,-167,-62,-405,223,111,326,-279,-508,363,166,191,-232,106,9,-109,531,-203,-85,-62,41,-70,-427,-571,593,-415
 "36031","Essex, NY",2,CAINC45,250,"..."," Value of inventory change: livestock ","Thousands of dollars",-43,-24,-26,1,47,158,58,-90,-187,-130,291,211,434,185,63,-120,-260,-214,-216,-379,-23,30,32,2,-68,-152,92,89,-194,-80,0,-354,49,243,-111,-39,-44,86,73,2,-3,9,34,-45,231,-43,121,176,-79,-139,66,-156,-8,42
 "36031","Essex, NY",2,CAINC45,260,"..."," Value of inventory change: crops ","Thousands of dollars",-15,16,77,-49,-65,208,-15,105,-59,171,44,81,-104,122,-54,1,15,0,-58,-237,1,10,-52,-68,-52,207,-163,55,-10,-123,28,-99,218,-225,504,-308,-325,187,-10,162,-228,-13,6,-107,312,-218,-261,-234,117,66,-469,-438,548,-459
 "36031","Essex, NY",2,CAINC45,265,"..."," Value of inventory change: materials and supplies ","Thousands of dollars",(NA),(NA),(NA),(NA),(NA),(NA),(NA),(NA),(NA),(NA),(NA),(NA),(NA),(NA),(NA),(NA),(NA),(NA),(NA),(NA),(NA),(NA),-31,98,-23,119,-128,88,34,36,-90,48,-44,93,-67,68,-139,90,103,27,-1,110,-31,43,-12,58,55,-4,3,3,-24,23,53,2
 "36031","Essex, NY",2,CAINC45,270,"...","Cash receipts and other income ","Thousands of dollars",4300,4332,4439,4466,5300,5981,6144,6944,6889,8203,9343,9778,10231,9926,10420,10519,10127,10475,10914,10747,11228,10810,10113,10183,10080,9996,11078,11357,8530,9500,9752,9876,9363,10511,10074,11164,10975,10433,11795,12955,10906,12108,13048,13729,16498,17189,15148,13907,15574,14906,16721,16318,16583,21270
 "36031","Essex, NY",2,CAINC45,280,"..."," Less: Production expenses ","Thousands of dollars",3074,3240,3411,3518,4265,5430,5451,6087,6320,7724,8952,9948,9133,8469,9400,8870,8590,8781,9328,9357,10001,10285,9949,9629,9812,10266,10861,10556,10601,10664,10342,10144,10319,10949,10555,11479,11598,13246,16060,15741,13914,13074,12559,13576,14485,16418,16086,16605,16874,17156,15755,16924,16956,20801
 "36031","Essex, NY",2,CAINC45,290,"...","Equals: Realized net income ","Thousands of dollars",1226,1092,1028,948,1035,551,693,857,569,479,391,-170,1098,1457,1020,1649,1537,1694,1586,1390,1227,525,164,554,268,-270,217,801,-2071,-1164,-590,-268,-956,-438,-481,-315,-623,-2813,-4265,-2786,-3008,-966,489,153,2013,771,-938,-2698,-1300,-2250,966,-606,-373,469
 "36031","Essex, NY",2,CAINC45,300,"..."," Plus: Value of inventory change ","Thousands of dollars",-58,-8,51,-48,-18,366,43,15,-246,41,335,292,330,307,9,-119,-245,-214,-274,-616,-22,40,-51,32,-143,174,-199,232,-170,-167,-62,-405,223,111,326,-279,-508,363,166,191,-232,106,9,-109,531,-203,-85,-62,41,-70,-427,-571,593,-415
 "36031","Essex, NY",2,CAINC45,310,"...","Equals: Net income including corporate farms ","Thousands of dollars",1168,1084,1079,900,1017,917,736,872,323,520,726,122,1428,1764,1029,1530,1292,1480,1312,774,1205,565,113,586,125,-96,18,1033,-2241,-1331,-652,-673,-733,-327,-155,-594,-1131,-2450,-4099,-2595,-3240,-860,498,44,2544,568,-1023,-2760,-1259,-2320,539,-1177,220,54
 "36031","Essex, NY",2,CAINC45,320,"..."," Less: Net income of corporate farms ","Thousands of dollars",33,29,34,45,62,34,36,45,15,34,51,2,68,43,13,66,73,79,76,36,95,51,8,65,11,-25,3,242,-607,-366,-192,-178,-149,-49,-30,-103,-255,-724,-1035,-696,-930,-200,54,4,223,58,-384,-933,-509,-605,100,-388,56,15
 "36031","Essex, NY",2,CAINC45,330,"..."," Plus: Statistical adjustment ","Thousands of dollars",0,0,0,0,0,0,0,0,0,0,0,0,0,0,0,0,0,0,0,0,0,0,0,0,0,0,0,0,0,0,0,0,0,0,0,0,0,0,0,0,0,0,0,0,0,0,0,0,0,0,0,0,0,0
 "36031","Essex, NY",2,CAINC45,340,"...","Equals: Farm proprietors' income ","Thousands of dollars",1135,1055,1045,855,955,883,700,827,308,486,675,120,1360,1721,1016,1464,1219,1401,1236,738,1110,514,105,521,114,-71,15,791,-1634,-965,-460,-495,-584,-278,-125,-491,-876,-1726,-3064,-1899,-2310,-660,444,40,2321,510,-639,-1827,-750,-1715,439,-789,164,39
 "36031","Essex, NY",2,CAINC45,350,"..."," Plus: Farm wages and salaries ","Thousands of dollars",519,539,574,578,721,852,986,990,1121,1116,1169,1167,1113,1203,1183,1197,1218,1153,1165,1246,1255,1405,1307,1217,1331,1309,1479,1557,1662,1638,1464,1671,1690,2100,1999,2049,1735,1984,2458,2084,1794,1644,1318,1822,1844,1974,1602,1818,1735,1633,1304,1409,1339,1918
 "36031","Essex, NY",2,CAINC45,360,"..."," Plus: Farm supplements to wages and salaries ","Thousands of dollars",56,59,67,68,87,104,131,161,203,203,194,174,141,124,146,146,152,150,167,173,211,256,271,269,301,305,328,302,286,285,267,307,347,357,349,363,341,412,619,686,551,476,411,472,549,557,508,552,597,469,424,426,446,711
 "36031","Essex, NY",2,CAINC45,370,"...","Equals: Farm earnings ","Thousands of dollars",1710,1653,1686,1501,1763,1839,1817,1978,1632,1805,2038,1461,2614,3048,2345,2807,2589,2704,2568,2157,2576,2175,1683,2007,1746,1543,1822,2650,314,958,1271,1483,1453,2179,2223,1921,1200,670,13,871,35,1460,2173,2334,4714,3041,1471,543,1582,387,2167,1046,1949,2668
 "36033","Franklin, NY",2,CAINC45,10,"...","Cash receipts from marketings (thousands of dollars) ","Thousands of dollars",15515,16043,16408,16806,19139,21607,22705,26587,26117,30888,36464,40954,44042,42971,46240,46620,45385,46559,48393,48653,53129,54216,51986,52480,55450,55323,54318,54731,45263,51675,51680,49032,57274,50314,49180,58683,59027,52822,67850,71431,55530,69057,84415,83847,93542,110083,85726,82627,87862,83962,92313,89649,97727,131509
 "36033","Franklin, NY",2,CAINC45,20,"..."," Cash receipts: Livestock and products ","Thousands of dollars",14190,14617,15011,15561,17267,19132,20464,23902,24243,28061,33473,37153,39312,39225,41834,41291,40425,40282,41201,40314,43568,44797,40298,42800,41751,42462,41226,45028,40089,45724,45697,41890,50184,42753,40723,49961,50429,43137,57115,57979,42817,55920,70227,67173,74332,92288,69731,67090,73605,68481,76340,73064,79314,110559
 "36033","Franklin, NY",2,CAINC45,60,"..."," Cash receipts: Crops ","Thousands of dollars",1325,1426,1397,1245,1872,2475,2241,2685,1874,2827,2991,3801,4730,3746,4406,5329,4960,6277,7192,8339,9561,9419,11688,9680,13699,12861,13092,9703,5174,5951,5983,7142,7090,7561,8457,8722,8598,9685,10735,13452,12713,13137,14188,16674,19210,17795,15995,15537,14257,15481,15973,16585,18413,20950
 "36033","Franklin, NY",2,CAINC45,120,"...","Other income ","Thousands of dollars",347,337,374,387,441,573,528,578,607,1326,886,933,981,1117,1207,1978,1286,1582,2090,1275,1354,1389,1507,2054,1644,1596,1595,1326,1278,2733,3575,5675,2669,6124,5520,4174,3476,3904,2522,3477,5829,4915,3196,5769,5972,4675,4042,3168,4629,3827,6625,14704,6730,6710
 "36033","Franklin, NY",2,CAINC45,130,"..."," Government payments ","Thousands of dollars",74,53,84,76,21,62,54,69,129,703,77,61,67,87,231,1023,361,770,1496,493,369,268,252,524,250,337,452,469,324,1384,1563,2770,700,3486,2957,1326,1418,2137,545,846,3087,1587,538,1659,1018,286,574,734,820,999,1619,12134,4512,821
 "36033","Franklin, NY",2,CAINC45,140,"..."," Imputed and miscellaneous income received 1/","Thousands of dollars",273,284,290,311,420,511,474,509,478,623,809,872,914,1030,976,955,925,812,594,782,985,1121,1255,1530,1394,1259,1143,857,954,1349,2012,2905,1969,2638,2563,2848,2058,1767,1977,2631,2742,3328,2658,4110,4954,4389,3468,2434,3809,2828,5006,2570,2218,5889
 "36033","Franklin, NY",2,CAINC45,150,"...","Production expenses ","Thousands of dollars",11457,12011,12440,12629,15503,19819,20988,24237,24862,31723,37507,41406,44712,42800,45736,44679,41145,40126,40447,40728,44020,46925,45665,43577,43470,45311,46879,45135,46213,47993,48264,47497,50475,53170,46930,48873,47422,51464,58464,62809,59999,60881,63523,72572,74251,81194,78264,76753,76609,78487,73015,79277,79903,92689
 "36033","Franklin, NY",2,CAINC45,160,"..."," Feed purchased ","Thousands of dollars",3336,3703,3733,3611,5062,6947,6572,8141,7730,9421,11127,13299,14272,11811,13170,11369,10020,9770,8881,9300,10393,10739,10446,10052,9527,8916,9487,8975,10221,11610,11574,11104,12377,13313,11044,10730,8521,8849,9785,12226,10613,12157,13108,15023,16500,17325,17430,16098,17802,17621,16806,18526,17681,17198
 "36033","Franklin, NY",2,CAINC45,170,"..."," Livestock purchased ","Thousands of dollars",765,774,773,783,913,911,1014,1332,1379,2001,2849,2132,1750,1017,1142,1234,1095,1295,1917,1478,1991,2166,2030,1880,2424,2467,2768,2366,1776,1998,2336,1880,2592,2087,1100,1390,1884,1998,1570,1273,1476,1375,1596,1676,1476,1994,1204,1313,1195,1512,1618,1705,1817,1687
 "36033","Franklin, NY",2,CAINC45,180,"..."," Seed purchased ","Thousands of dollars",169,180,198,198,277,353,358,466,492,573,585,604,601,520,446,565,527,537,549,673,718,754,836,670,633,707,795,895,923,909,712,766,717,862,987,981,959,1068,1416,1639,1641,1680,1836,2267,2351,2525,2368,2636,2788,2648,2272,2551,2133,3841
 "36033","Franklin, NY",2,CAINC45,190,"..."," Fertilizer and lime (incl. ag. chemicals 1978-fwd.) ","Thousands of dollars",520,516,570,618,735,1097,1274,1216,1250,1723,1939,2034,1926,1729,1736,2034,1968,1842,1950,1951,2202,2366,2554,2289,1906,2186,2355,1971,2028,2042,1937,1952,2186,2045,2118,2287,2458,2697,3028,3665,3433,3585,4124,5043,5152,5372,4484,4324,3743,4315,3852,4444,4807,6268
 "36033","Franklin, NY",2,CAINC45,200,"..."," Petroleum products purchased ","Thousands of dollars",473,448,454,433,477,674,812,1011,1052,1271,1564,2198,2412,2165,2017,2042,1807,1474,1374,1300,1267,1580,1490,1302,1291,1267,1367,1454,1410,1308,1231,1666,1634,1554,1769,2242,2610,3056,3748,4300,3451,3613,4204,4952,5361,5320,3902,3195,3304,3256,3213,2953,3319,4876
 "36033","Franklin, NY",2,CAINC45,210,"..."," Hired farm labor expenses 2/","Thousands of dollars",1245,1230,1318,1328,1595,1873,2103,2187,2370,2641,2982,3182,3296,3790,3773,3971,4176,3953,4080,4498,4835,5784,5579,5265,5186,4904,4990,4509,4212,4719,4503,5338,5885,7549,6359,6342,5148,5667,6660,6240,6148,5832,5350,7301,7871,8803,8151,8753,8529,8119,6742,7550,7759,10065
 "36033","Franklin, NY",2,CAINC45,220,"..."," All other production expenses 3/","Thousands of dollars",4949,5160,5394,5658,6444,7964,8855,9884,10589,14093,16461,17957,20455,21768,23452,23464,21552,21255,21696,21528,22614,23536,22730,22119,22503,24864,25117,24965,25643,25407,25971,24791,25084,25760,23553,24901,25842,28129,32257,33466,33237,32639,33305,36310,35540,39855,40725,40434,39248,41016,38512,41548,42387,48754
 "36033","Franklin, NY",2,CAINC45,240,"...","Value of inventory change ","Thousands of dollars",-280,-358,-101,-389,239,775,240,-71,-832,57,1497,1290,2103,1329,137,-595,-1051,-1044,-1149,-2855,-97,267,-355,138,-238,589,-980,1528,-928,-455,-425,-1766,776,2202,-567,-1035,-1195,1113,724,909,-1364,477,-908,-604,2299,-1328,-379,-108,-138,-721,-1340,-2582,1832,-1339
 "36033","Franklin, NY",2,CAINC45,250,"..."," Value of inventory change: livestock ","Thousands of dollars",-172,-97,-111,-3,193,639,250,-392,-785,-505,1149,845,2023,932,318,-603,-1228,-1107,-1155,-1905,-90,178,171,10,-376,-754,547,503,-1016,-368,1,-1686,233,1421,-645,-210,-294,582,518,-1,0,32,194,-229,1313,-268,688,1094,-539,-740,300,-894,-23,264
 "36033","Franklin, NY",2,CAINC45,260,"..."," Value of inventory change: crops ","Thousands of dollars",-108,-261,10,-386,46,136,-10,321,-47,562,348,445,80,397,-181,8,177,63,6,-950,-7,89,-379,-337,250,745,-865,552,-102,-297,110,-376,824,166,488,-1225,-146,64,-281,767,-1358,-232,-903,-671,1069,-1464,-1455,-1172,380,-2,-1473,-1848,1478,-1618
 "36033","Franklin, NY",2,CAINC45,265,"..."," Value of inventory change: materials and supplies ","Thousands of dollars",(NA),(NA),(NA),(NA),(NA),(NA),(NA),(NA),(NA),(NA),(NA),(NA),(NA),(NA),(NA),(NA),(NA),(NA),(NA),(NA),(NA),(NA),-147,465,-112,598,-662,473,190,210,-536,296,-281,615,-410,400,-755,467,487,143,-6,677,-199,296,-83,404,388,-30,21,21,-167,160,377,15
 "36033","Franklin, NY",2,CAINC45,270,"...","Cash receipts and other income ","Thousands of dollars",15862,16380,16782,17193,19580,22180,23233,27165,26724,32214,37350,41887,45023,44088,47447,48598,46671,48141,50483,49928,54483,55605,53493,54534,57094,56919,55913,56057,46541,54408,55255,54707,59943,56438,54700,62857,62503,56726,70372,74908,61359,73972,87611,89616,99514,114758,89768,85795,92491,87789,98938,104353,104457,138219
 "36033","Franklin, NY",2,CAINC45,280,"..."," Less: Production expenses ","Thousands of dollars",11457,12011,12440,12629,15503,19819,20988,24237,24862,31723,37507,41406,44712,42800,45736,44679,41145,40126,40447,40728,44020,46925,45665,43577,43470,45311,46879,45135,46213,47993,48264,47497,50475,53170,46930,48873,47422,51464,58464,62809,59999,60881,63523,72572,74251,81194,78264,76753,76609,78487,73015,79277,79903,92689
 "36033","Franklin, NY",2,CAINC45,290,"...","Equals: Realized net income ","Thousands of dollars",4405,4369,4342,4564,4077,2361,2245,2928,1862,491,-157,481,311,1288,1711,3919,5526,8015,10036,9200,10463,8680,7828,10957,13624,11608,9034,10922,328,6415,6991,7210,9468,3268,7770,13984,15081,5262,11908,12099,1360,13091,24088,17044,25263,33564,11504,9042,15882,9302,25923,25076,24554,45530
 "36033","Franklin, NY",2,CAINC45,300,"..."," Plus: Value of inventory change ","Thousands of dollars",-280,-358,-101,-389,239,775,240,-71,-832,57,1497,1290,2103,1329,137,-595,-1051,-1044,-1149,-2855,-97,267,-355,138,-238,589,-980,1528,-928,-455,-425,-1766,776,2202,-567,-1035,-1195,1113,724,909,-1364,477,-908,-604,2299,-1328,-379,-108,-138,-721,-1340,-2582,1832,-1339
 "36033","Franklin, NY",2,CAINC45,310,"...","Equals: Net income including corporate farms ","Thousands of dollars",4125,4011,4241,4175,4316,3136,2485,2857,1030,548,1340,1771,2414,2617,1848,3324,4475,6971,8887,6345,10366,8947,7473,11095,13386,12197,8054,12450,-600,5960,6566,5444,10244,5470,7203,12949,13886,6375,12632,13008,-4,13568,23180,16440,27562,32236,11125,8934,15744,8581,24583,22494,26386,44191
 "36033","Franklin, NY",2,CAINC45,320,"..."," Less: Net income of corporate farms ","Thousands of dollars",29,36,53,91,126,59,71,89,30,24,55,15,52,25,10,71,138,224,332,196,564,585,390,999,1219,1646,982,2007,-105,483,332,330,709,474,699,1556,1493,637,1701,1303,-2,1172,2442,1429,2515,3486,631,1374,2223,2530,4963,4951,7235,13996
 "36033","Franklin, NY",2,CAINC45,330,"..."," Plus: Statistical adjustment ","Thousands of dollars",0,0,0,0,0,0,0,0,0,0,0,0,0,0,0,0,0,0,0,0,0,0,0,0,0,0,0,0,0,0,0,0,0,0,0,0,0,0,0,0,0,0,0,0,0,0,0,0,0,0,0,0,0,0
 "36033","Franklin, NY",2,CAINC45,340,"...","Equals: Farm proprietors' income ","Thousands of dollars",4096,3975,4188,4084,4190,3077,2414,2768,1000,524,1285,1756,2362,2592,1838,3253,4337,6747,8555,6149,9802,8362,7083,10096,12167,10551,7072,10443,-495,5477,6234,5114,9535,4996,6504,11393,12393,5738,10931,11705,-2,12396,20738,15011,25047,28750,10494,7560,13521,6051,19620,17543,19151,30195
 "36033","Franklin, NY",2,CAINC45,350,"..."," Plus: Farm wages and salaries ","Thousands of dollars",1065,1095,1162,1159,1421,1683,1966,1986,2267,2245,2595,2834,2873,3382,3341,3411,3544,3373,3472,3775,3864,4387,4139,3911,3948,3559,3663,3474,3303,3520,3364,4071,4350,5633,5033,4870,3923,4285,5084,4674,4348,4307,3735,5579,5637,6035,4901,5564,5311,4998,3984,4307,4090,5848
 "36033","Franklin, NY",2,CAINC45,360,"..."," Plus: Farm supplements to wages and salaries ","Thousands of dollars",123,129,146,145,184,220,243,277,328,320,378,404,384,404,453,455,479,484,523,547,676,818,864,848,901,854,843,712,614,648,648,784,925,996,906,885,789,904,1288,1543,1330,1237,1148,1412,1635,1664,1521,1659,1787,1406,1272,1268,1331,2144
 "36033","Franklin, NY",2,CAINC45,370,"...","Equals: Farm earnings ","Thousands of dollars",5284,5199,5496,5388,5795,4980,4623,5031,3595,3089,4258,4994,5619,6378,5632,7119,8360,10604,12550,10471,14342,13567,12086,14855,17016,14964,11578,14629,3422,9645,10246,9969,14810,11625,12443,17148,17105,10927,17303,17922,5676,17940,25621,22002,32319,36449,16916,14783,20619,12455,24876,23118,24572,38187
 "36035","Fulton, NY",2,CAINC45,10,"...","Cash receipts from marketings (thousands of dollars) ","Thousands of dollars",4116,4240,4364,4530,5259,5924,6160,7039,6900,7423,9100,10114,10709,10470,10625,10218,9764,9401,9303,9458,10534,11059,10453,11326,11721,10679,10813,11804,9867,14281,13486,12070,13404,9168,8786,10403,10545,9559,9479,10035,7779,8592,9617,9242,10599,12007,10049,9926,10332,10044,10717,10724,11638,14612
 "36035","Fulton, NY",2,CAINC45,20,"..."," Cash receipts: Livestock and products ","Thousands of dollars",3715,3849,3966,4171,4770,5317,5483,6260,6191,6966,8638,9607,10175,9954,10057,9568,9097,8587,8386,8436,9445,9958,9168,9974,10543,9348,9419,10340,8716,13046,12236,10633,11989,7615,7014,8503,8570,7326,6773,6449,4588,5623,6703,6227,6683,8046,6149,5793,6190,5879,6428,6209,6660,9008
 "36035","Fulton, NY",2,CAINC45,60,"..."," Cash receipts: Crops ","Thousands of dollars",401,391,398,359,489,607,677,779,709,457,462,507,534,516,568,650,667,814,917,1022,1089,1101,1285,1352,1178,1331,1394,1464,1151,1235,1250,1437,1415,1553,1772,1900,1975,2233,2706,3586,3191,2969,2914,3015,3916,3961,3900,4133,4142,4165,4289,4515,4978,5604
 "36035","Fulton, NY",2,CAINC45,120,"...","Other income ","Thousands of dollars",213,197,157,183,192,196,196,231,232,411,365,367,351,374,500,729,542,475,634,630,573,459,394,430,520,444,547,499,510,529,847,851,898,1221,1247,924,929,949,723,991,1562,1496,1277,2283,2781,2402,1840,1448,2323,1901,3148,2667,2238,3535
 "36035","Fulton, NY",2,CAINC45,130,"..."," Government payments ","Thousands of dollars",110,92,55,76,53,35,39,45,40,154,50,43,31,35,178,418,245,215,443,420,344,224,154,162,236,145,232,223,148,193,453,366,595,789,750,295,421,471,145,254,617,332,108,357,223,75,145,195,239,332,332,1339,1012,488
 "36035","Fulton, NY",2,CAINC45,140,"..."," Imputed and miscellaneous income received 1/","Thousands of dollars",103,105,102,107,139,161,157,186,192,257,315,324,320,339,322,311,297,260,191,210,229,235,240,268,284,299,315,276,362,336,394,485,303,432,497,629,508,478,578,737,945,1164,1169,1926,2558,2327,1695,1253,2084,1569,2816,1328,1226,3047
 "36035","Fulton, NY",2,CAINC45,150,"...","Production expenses ","Thousands of dollars",2892,3059,3187,3253,3992,5124,5669,6397,6563,7733,8816,9424,9888,9322,9941,9807,9037,8827,8032,8614,9995,10710,10931,12186,11762,11873,11773,10953,10759,10838,10525,10011,10161,10302,8777,8655,8054,8311,9009,9561,8781,8622,8711,9649,9700,10389,9772,9391,9069,9342,8729,9412,9463,11168
 "36035","Fulton, NY",2,CAINC45,160,"..."," Feed purchased ","Thousands of dollars",824,911,916,884,1237,1695,1686,2055,1956,2209,2409,2662,2649,2037,2313,2036,1834,1831,1532,1656,1934,1958,1945,2150,1951,1746,1774,1598,1727,1874,1791,1652,1773,1842,1498,1424,1102,1111,1188,1370,1108,1191,1213,1321,1456,1534,1548,1434,1592,1576,1503,1657,1581,1538
 "36035","Fulton, NY",2,CAINC45,170,"..."," Livestock purchased ","Thousands of dollars",185,183,179,178,205,201,239,314,330,446,624,456,361,197,227,250,226,269,361,281,389,435,403,384,530,462,530,451,316,433,439,308,362,197,108,148,218,258,161,116,137,116,127,128,133,210,154,197,210,270,285,302,319,288
 "36035","Fulton, NY",2,CAINC45,180,"..."," Seed purchased ","Thousands of dollars",51,51,53,51,70,87,93,118,125,133,141,150,155,140,118,148,137,137,127,151,160,157,171,147,147,172,198,232,248,276,242,289,298,391,369,305,249,231,256,280,267,262,276,330,336,355,328,359,374,355,305,342,286,515
 "36035","Fulton, NY",2,CAINC45,190,"..."," Fertilizer and lime (incl. ag. chemicals 1978-fwd.) ","Thousands of dollars",95,104,121,136,167,258,310,288,291,368,432,473,465,434,421,477,447,405,373,368,416,420,450,445,389,469,530,467,508,480,425,398,412,354,367,398,428,470,530,532,416,366,355,368,408,463,420,441,417,481,429,495,535,698
 "36035","Fulton, NY",2,CAINC45,200,"..."," Petroleum products purchased ","Thousands of dollars",129,127,132,129,146,209,256,306,313,345,413,568,613,541,504,511,452,368,309,299,303,368,354,353,348,341,367,391,377,354,336,460,456,437,440,511,558,621,733,813,632,643,729,836,891,867,622,495,496,488,482,444,499,733
 "36035","Fulton, NY",2,CAINC45,210,"..."," Hired farm labor expenses 2/","Thousands of dollars",286,280,294,289,338,391,484,515,579,612,650,661,641,709,688,711,731,678,620,689,750,859,835,870,924,945,1049,1000,1035,1067,932,963,978,1171,952,913,716,749,836,764,734,679,611,811,817,868,733,797,728,683,571,611,571,872
 "36035","Fulton, NY",2,CAINC45,220,"..."," All other production expenses 3/","Thousands of dollars",1322,1403,1492,1586,1829,2283,2601,2801,2969,3620,4147,4454,5004,5264,5670,5674,5210,5139,4710,5170,6043,6513,6773,7837,7473,7738,7325,6814,6548,6354,6360,5941,5882,5910,5043,4956,4783,4871,5305,5686,5487,5365,5400,5855,5659,6092,5967,5668,5252,5489,5154,5561,5672,6524
 "36035","Fulton, NY",2,CAINC45,240,"...","Value of inventory change ","Thousands of dollars",-57,-16,14,-57,54,229,58,-14,-246,-22,394,313,508,246,-43,-126,-256,-238,-288,-616,-44,29,-40,-28,-51,75,-164,233,-182,-160,-92,-414,163,306,41,-128,-290,195,141,-84,-132,28,-71,-88,363,-179,-115,-62,24,-57,-243,-382,360,-231
 "36035","Fulton, NY",2,CAINC45,250,"..."," Value of inventory change: livestock ","Thousands of dollars",-39,-23,-28,-2,47,159,61,-103,-199,-136,327,252,558,222,77,-127,-297,-238,-254,-413,-18,35,39,3,-84,-179,91,107,-239,-96,3,-381,51,286,-127,-33,-52,92,66,-247,110,-25,16,-23,143,-23,67,102,-45,-73,35,-88,-2,25
 "36035","Fulton, NY",2,CAINC45,260,"..."," Value of inventory change: crops ","Thousands of dollars",-18,7,42,-55,7,70,-3,89,-47,114,67,61,-50,24,-120,1,41,0,-34,-203,-26,-6,-48,-132,57,130,-120,33,20,-103,2,-85,160,-82,234,-157,-122,34,1,144,-241,-25,-66,-95,228,-197,-222,-161,67,14,-261,-311,323,-258
 "36035","Fulton, NY",2,CAINC45,265,"..."," Value of inventory change: materials and supplies ","Thousands of dollars",(NA),(NA),(NA),(NA),(NA),(NA),(NA),(NA),(NA),(NA),(NA),(NA),(NA),(NA),(NA),(NA),(NA),(NA),(NA),(NA),(NA),(NA),-31,101,-24,124,-135,93,37,39,-97,52,-48,102,-66,62,-116,69,74,19,-1,78,-21,30,-8,41,40,-3,2,2,-17,17,39,2
 "36035","Fulton, NY",2,CAINC45,270,"...","Cash receipts and other income ","Thousands of dollars",4329,4437,4521,4713,5451,6120,6356,7270,7132,7834,9465,10481,11060,10844,11125,10947,10306,9876,9937,10088,11107,11518,10847,11756,12241,11123,11360,12303,10377,14810,14333,12921,14302,10389,10033,11327,11474,10508,10202,11026,9341,10088,10894,11525,13380,14409,11889,11374,12655,11945,13865,13391,13876,18147
 "36035","Fulton, NY",2,CAINC45,280,"..."," Less: Production expenses ","Thousands of dollars",2892,3059,3187,3253,3992,5124,5669,6397,6563,7733,8816,9424,9888,9322,9941,9807,9037,8827,8032,8614,9995,10710,10931,12186,11762,11873,11773,10953,10759,10838,10525,10011,10161,10302,8777,8655,8054,8311,9009,9561,8781,8622,8711,9649,9700,10389,9772,9391,9069,9342,8729,9412,9463,11168
 "36035","Fulton, NY",2,CAINC45,290,"...","Equals: Realized net income ","Thousands of dollars",1437,1378,1334,1460,1459,996,687,873,569,101,649,1057,1172,1522,1184,1140,1269,1049,1905,1474,1112,808,-84,-430,479,-750,-413,1350,-382,3972,3808,2910,4141,87,1256,2672,3420,2197,1193,1465,560,1466,2183,1876,3680,4020,2117,1983,3586,2603,5136,3979,4413,6979
 "36035","Fulton, NY",2,CAINC45,300,"..."," Plus: Value of inventory change ","Thousands of dollars",-57,-16,14,-57,54,229,58,-14,-246,-22,394,313,508,246,-43,-126,-256,-238,-288,-616,-44,29,-40,-28,-51,75,-164,233,-182,-160,-92,-414,163,306,41,-128,-290,195,141,-84,-132,28,-71,-88,363,-179,-115,-62,24,-57,-243,-382,360,-231
 "36035","Fulton, NY",2,CAINC45,310,"...","Equals: Net income including corporate farms ","Thousands of dollars",1380,1362,1348,1403,1513,1225,745,859,323,79,1043,1370,1680,1768,1141,1014,1013,811,1617,858,1068,837,-124,-458,428,-675,-577,1583,-564,3812,3716,2496,4304,393,1297,2544,3130,2392,1334,1381,428,1494,2112,1788,4043,3841,2002,1921,3610,2546,4893,3597,4773,6748
 "36035","Fulton, NY",2,CAINC45,320,"..."," Less: Net income of corporate farms ","Thousands of dollars",0,6,12,27,42,25,23,30,11,4,50,14,43,21,6,17,20,14,27,15,41,45,-8,-59,15,-54,-40,65,-13,46,38,39,89,14,72,211,268,225,176,127,22,101,156,95,224,251,69,177,304,449,590,472,781,1275
 "36035","Fulton, NY",2,CAINC45,330,"..."," Plus: Statistical adjustment ","Thousands of dollars",0,0,0,0,0,0,0,0,0,0,0,0,0,0,0,0,0,0,0,0,0,0,0,0,0,0,0,0,0,0,0,0,0,0,0,0,0,0,0,0,0,0,0,0,0,0,0,0,0,0,0,0,0,0
 "36035","Fulton, NY",2,CAINC45,340,"...","Equals: Farm proprietors' income ","Thousands of dollars",1380,1356,1336,1376,1471,1200,722,829,312,75,993,1356,1637,1747,1135,997,993,797,1590,843,1027,792,-116,-399,413,-621,-537,1518,-551,3766,3678,2457,4215,379,1225,2333,2862,2167,1158,1254,406,1393,1956,1693,3819,3590,1933,1744,3306,2097,4303,3125,3992,5473
 "36035","Fulton, NY",2,CAINC45,350,"..."," Plus: Farm wages and salaries ","Thousands of dollars",247,251,265,261,320,375,456,478,560,573,604,609,577,630,607,607,614,572,577,638,663,763,729,702,717,658,689,666,645,633,564,643,656,804,700,657,518,551,640,571,516,499,420,611,620,664,537,610,581,548,442,475,451,650
 "36035","Fulton, NY",2,CAINC45,360,"..."," Plus: Farm supplements to wages and salaries ","Thousands of dollars",28,30,35,35,44,51,64,80,103,105,104,94,80,76,83,81,85,85,90,95,121,146,154,156,168,165,164,145,127,125,119,136,155,162,141,132,112,122,169,197,168,154,139,169,197,200,181,196,212,173,155,154,160,249
 "36035","Fulton, NY",2,CAINC45,370,"...","Equals: Farm earnings ","Thousands of dollars",1655,1637,1636,1672,1835,1626,1242,1387,975,753,1701,2059,2294,2453,1825,1685,1692,1454,2257,1576,1811,1701,767,459,1298,202,316,2329,221,4524,4361,3236,5026,1345,2066,3122,3492,2840,1967,2022,1090,2046,2515,2473,4636,4454,2651,2550,4099,2818,4900,3754,4603,6372
 "36037","Genesee, NY",2,CAINC45,10,"...","Cash receipts from marketings (thousands of dollars) ","Thousands of dollars",23614,25381,26855,27306,34839,40089,41980,43897,44725,47219,57018,63183,71100,67279,67322,74093,68982,72524,78260,79815,83154,82315,81222,77213,89902,88927,92819,92050,119563,144460,147262,152955,163360,136407,131220,151210,154955,152592,196581,206414,168535,204246,237329,243953,251465,286121,235685,216042,223639,224725,234959,235624,260445,349990
 "36037","Genesee, NY",2,CAINC45,20,"..."," Cash receipts: Livestock and products ","Thousands of dollars",15372,16332,17134,18427,21580,23603,24114,27513,27379,31281,37354,39801,41900,40831,42727,43804,42645,43031,45594,44797,48709,50960,45956,48686,50491,52583,55946,62789,65266,75912,74274,67892,78235,75076,73095,90581,93004,80057,112079,118560,91248,121631,156820,154151,166997,206126,162425,142400,153893,147946,155403,152154,164867,240738
 "36037","Genesee, NY",2,CAINC45,60,"..."," Cash receipts: Crops ","Thousands of dollars",8242,9049,9721,8879,13259,16486,17866,16384,17346,15938,19664,23382,29200,26448,24595,30289,26337,29493,32666,35018,34445,31355,35266,28527,39411,36344,36873,29261,54297,68548,72988,85063,85125,61331,58125,60629,61951,72535,84502,87854,77287,82615,80509,89802,84468,79995,73260,73642,69746,76779,79556,83470,95578,109252
 "36037","Genesee, NY",2,CAINC45,120,"...","Other income ","Thousands of dollars",1828,1822,1543,1761,1690,1279,1389,1560,1871,1930,1929,1913,2235,3080,4521,5005,4975,6254,8789,7721,6709,5662,5052,5100,6931,5336,6304,6009,7608,8213,11521,14144,9353,9871,9407,9942,10592,8596,6780,8006,10441,9363,8640,12053,12886,8992,9917,9549,11563,8663,16736,36107,14098,12933
 "36037","Genesee, NY",2,CAINC45,130,"..."," Government payments ","Thousands of dollars",1348,1295,954,1113,812,94,116,144,491,755,316,123,259,679,1990,2125,1678,3086,5622,4456,3359,2524,2091,1990,3320,1244,1703,1874,1731,2699,4762,5516,4123,4112,3661,3383,5784,4422,1992,2663,4400,2202,2086,4389,2274,411,2830,3326,3285,2490,5140,29096,8014,2727
 "36037","Genesee, NY",2,CAINC45,140,"..."," Imputed and miscellaneous income received 1/","Thousands of dollars",480,527,589,648,878,1185,1273,1416,1380,1175,1613,1790,1976,2401,2531,2880,3297,3168,3167,3265,3350,3138,2961,3110,3611,4092,4601,4135,5877,5514,6759,8628,5230,5759,5746,6559,4808,4174,4788,5343,6041,7161,6554,7664,10612,8581,7087,6223,8278,6173,11596,7011,6084,10206
 "36037","Genesee, NY",2,CAINC45,150,"...","Production expenses ","Thousands of dollars",17939,19321,20857,21975,26815,34398,37711,39627,42370,44713,54422,60986,67344,68478,70427,70681,64997,65978,62434,63938,69418,72246,71556,70690,84128,85395,95534,96275,108541,112056,110798,110154,117466,124748,110084,116562,114615,125010,143712,159729,154164,158142,166470,195297,197209,211247,194512,189253,183609,188459,174451,188810,188143,227946
 "36037","Genesee, NY",2,CAINC45,160,"..."," Feed purchased ","Thousands of dollars",2356,2707,2800,2761,3932,5463,5066,5690,5345,5196,6002,7030,7405,6024,7288,6839,6567,7436,6966,7604,8826,9048,9083,9405,11278,10626,12512,12971,16057,17034,15910,14341,15056,15286,14053,15143,13358,15442,19055,26422,24808,30212,34221,40843,43294,43766,42278,37381,39441,39039,37235,41044,39172,38101
 "36037","Genesee, NY",2,CAINC45,170,"..."," Livestock purchased ","Thousands of dollars",1189,1287,1366,1456,1780,1849,1830,2057,2045,2322,3689,3155,3057,2209,2076,1918,1481,1644,2035,1753,2583,2999,3072,3220,4481,4738,5900,5269,4723,6615,8956,8411,12424,12505,6321,7368,8950,7926,4872,3942,4857,4457,5207,5488,5082,7419,5084,5546,5533,7237,7282,7863,8354,8119
 "36037","Genesee, NY",2,CAINC45,180,"..."," Seed purchased ","Thousands of dollars",553,631,732,756,1090,1418,1496,1883,2093,2077,2241,2443,2565,2348,2038,2617,2469,2707,2622,3123,3241,3177,3438,2801,3084,3214,3737,4330,4586,4624,3711,4090,3919,4835,5391,5243,5032,5515,7216,8164,8024,8092,8725,10647,10776,11298,10343,11239,11615,11034,9466,10627,8885,16001
 "36037","Genesee, NY",2,CAINC45,190,"..."," Fertilizer and lime (incl. ag. chemicals 1978-fwd.) ","Thousands of dollars",1672,1783,2059,2310,2791,4220,4845,4309,4418,4992,6310,7347,7648,7480,7244,8190,7657,7373,7088,6875,7522,7512,7873,7184,7438,8443,10042,9255,10471,9928,8832,8313,8657,7480,8010,8884,9764,10916,12467,14818,13679,14113,16074,19485,20221,21444,18223,17922,15846,18267,16310,18814,20354,26542
 "36037","Genesee, NY",2,CAINC45,200,"..."," Petroleum products purchased ","Thousands of dollars",764,769,816,809,920,1336,1706,2083,2312,2390,2836,3878,4164,3673,3515,3669,3361,3036,2795,2656,2599,3117,2951,2703,3126,2877,3232,3566,3579,3257,3008,3997,3850,3597,3864,4711,5333,6116,7381,9074,7713,8475,10284,12566,13876,14084,10595,8932,9551,9413,9290,8537,9597,14099
 "36037","Genesee, NY",2,CAINC45,210,"..."," Hired farm labor expenses 2/","Thousands of dollars",2870,2908,3120,3140,3777,4388,5307,5457,6289,5989,7008,7603,8053,9389,9216,9557,9730,9524,9080,10190,11171,12876,12663,12198,15902,15828,18942,18936,20373,21162,18696,20575,21439,26396,23313,24488,20729,24131,30073,27760,26584,24880,22333,29932,29443,31203,25723,28096,25327,23737,20003,21159,19384,30311
 "36037","Genesee, NY",2,CAINC45,220,"..."," All other production expenses 3/","Thousands of dollars",8535,9236,9964,10743,12525,15724,17461,18148,19868,21747,26336,29530,34452,37355,39050,37891,33732,34258,31848,31737,33476,33517,32476,33179,38819,39669,41169,41948,48752,49436,51685,50427,52121,54649,49132,50725,51449,54964,62648,69549,68499,67913,69626,76336,74517,82033,82266,80137,76296,79732,74865,80766,82397,94773
 "36037","Genesee, NY",2,CAINC45,240,"...","Value of inventory change ","Thousands of dollars",-74,-109,87,-1733,457,3108,913,-381,-760,-44,2651,1165,2190,2365,-2299,-584,-1454,-960,-1426,-5064,-254,1353,-995,-330,342,1927,-1543,1605,634,-155,-1480,-2482,296,2411,-478,-127,-2626,1897,1581,1313,-4307,-359,-4262,-2530,2769,-4130,-2888,-3688,-2690,-1954,-7556,-6413,1671,-12026
 "36037","Genesee, NY",2,CAINC45,250,"..."," Value of inventory change: livestock ","Thousands of dollars",-155,-96,-102,-37,177,611,194,-353,-735,-478,1321,1145,2496,910,337,-616,-1666,-1305,-1162,-1756,-262,83,126,57,-456,-979,554,621,-1205,-617,-95,-1875,251,2144,-1014,-193,-437,923,796,-3032,1209,-214,415,-457,2567,-503,1304,2048,-912,-1340,501,-1652,-12,450
 "36037","Genesee, NY",2,CAINC45,260,"..."," Value of inventory change: crops ","Thousands of dollars",81,-13,189,-1696,280,2497,719,-28,-25,434,1330,20,-306,1455,-2636,32,212,345,-264,-3308,8,1270,-902,-1083,980,1840,-817,-1,1413,21,-319,-1164,545,-773,1303,-747,-540,-114,-424,3973,-5499,-2072,-4092,-2968,449,-4808,-5307,-5653,-1837,-670,-7596,-5203,639,-12517
 "36037","Genesee, NY",2,CAINC45,265,"..."," Value of inventory change: materials and supplies ","Thousands of dollars",(NA),(NA),(NA),(NA),(NA),(NA),(NA),(NA),(NA),(NA),(NA),(NA),(NA),(NA),(NA),(NA),(NA),(NA),(NA),(NA),(NA),(NA),-219,696,-182,1066,-1280,985,426,441,-1066,557,-500,1040,-767,813,-1649,1088,1209,372,-17,1927,-585,895,-247,1181,1115,-83,59,56,-461,442,1044,41
 "36037","Genesee, NY",2,CAINC45,270,"...","Cash receipts and other income ","Thousands of dollars",25442,27203,28398,29067,36529,41368,43369,45457,46596,49149,58947,65096,73335,70359,71843,79098,73957,78778,87049,87536,89863,87977,86274,82313,96833,94263,99123,98059,127171,152673,158783,167099,172713,146278,140627,161152,165547,161188,203361,214420,178976,213609,245969,256006,264351,295113,245602,225591,235202,233388,251695,271731,274543,362923
 "36037","Genesee, NY",2,CAINC45,280,"..."," Less: Production expenses ","Thousands of dollars",17939,19321,20857,21975,26815,34398,37711,39627,42370,44713,54422,60986,67344,68478,70427,70681,64997,65978,62434,63938,69418,72246,71556,70690,84128,85395,95534,96275,108541,112056,110798,110154,117466,124748,110084,116562,114615,125010,143712,159729,154164,158142,166470,195297,197209,211247,194512,189253,183609,188459,174451,188810,188143,227946
 "36037","Genesee, NY",2,CAINC45,290,"...","Equals: Realized net income ","Thousands of dollars",7503,7882,7541,7092,9714,6970,5658,5830,4226,4436,4525,4110,5991,1881,1416,8417,8960,12800,24615,23598,20445,15731,14718,11623,12705,8868,3589,1784,18630,40617,47985,56945,55247,21530,30543,44590,50932,36178,59649,54691,24812,55467,79499,60709,67142,83866,51090,36338,51593,44929,77244,82921,86400,134977
 "36037","Genesee, NY",2,CAINC45,300,"..."," Plus: Value of inventory change ","Thousands of dollars",-74,-109,87,-1733,457,3108,913,-381,-760,-44,2651,1165,2190,2365,-2299,-584,-1454,-960,-1426,-5064,-254,1353,-995,-330,342,1927,-1543,1605,634,-155,-1480,-2482,296,2411,-478,-127,-2626,1897,1581,1313,-4307,-359,-4262,-2530,2769,-4130,-2888,-3688,-2690,-1954,-7556,-6413,1671,-12026
 "36037","Genesee, NY",2,CAINC45,310,"...","Equals: Net income including corporate farms ","Thousands of dollars",7429,7773,7628,5359,10171,10078,6571,5449,3466,4392,7176,5275,8181,4246,-883,7833,7506,11840,23189,18534,20191,17084,13723,11293,13047,10795,2046,3389,19264,40462,46505,54463,55543,23941,30065,44463,48306,38075,61230,56004,20505,55108,75237,58179,69911,79736,48202,32650,48903,42975,69688,76508,88071,122951
 "36037","Genesee, NY",2,CAINC45,320,"..."," Less: Net income of corporate farms ","Thousands of dollars",499,499,564,612,1393,832,742,645,369,665,1155,198,876,233,-271,810,1050,1631,3547,2376,4630,4766,3092,2042,2271,3102,560,1512,7353,13425,11213,16231,23688,13029,13362,21562,17498,10667,20774,15319,3681,15294,27704,19248,20104,23286,6481,10620,13227,24277,26944,32254,46256,74585
 "36037","Genesee, NY",2,CAINC45,330,"..."," Plus: Statistical adjustment ","Thousands of dollars",0,0,0,0,0,0,0,0,0,0,0,0,0,0,0,0,0,0,0,0,0,0,0,0,0,0,0,0,1,-1,1,-1,-1,1,0,-1,-1,0,0,0,-1,1,-1,0,0,1,0,0,0,-1,1,1,0,-1
 "36037","Genesee, NY",2,CAINC45,340,"...","Equals: Farm proprietors' income ","Thousands of dollars",6930,7274,7064,4747,8778,9246,5829,4804,3097,3727,6021,5077,7305,4013,-612,7023,6456,10209,19642,16158,15561,12318,10631,9251,10776,7693,1486,1877,11912,27036,35293,38231,31854,10913,16703,22900,30807,27408,40456,40685,16823,39815,47532,38931,49807,56451,41721,22030,35676,18697,42745,44255,41815,48365
 "36037","Genesee, NY",2,CAINC45,350,"..."," Plus: Farm wages and salaries ","Thousands of dollars",2316,2401,2565,2580,3208,3794,4556,4714,5484,5577,6205,6564,6492,7545,7293,7298,7459,7018,7095,7979,8427,9866,9539,9233,10449,10576,12287,13294,14567,14580,13220,15269,15608,19655,18858,19534,16555,19081,23877,21241,19221,18570,15786,23121,23298,24967,20295,23065,22024,20724,16406,17782,16870,23985
 "36037","Genesee, NY",2,CAINC45,360,"..."," Plus: Farm supplements to wages and salaries ","Thousands of dollars",246,264,302,310,392,480,583,711,888,893,956,950,861,836,932,910,943,923,1014,1099,1373,1697,1864,1887,2242,2384,2678,2550,2544,2514,2373,2730,3056,3153,3027,3134,2877,3507,5204,6158,5223,4930,4509,5465,6308,6442,5953,6529,7031,5488,4932,4888,5180,8537
 "36037","Genesee, NY",2,CAINC45,370,"...","Equals: Farm earnings ","Thousands of dollars",9492,9939,9931,7637,12378,13520,10968,10229,9469,10197,13182,12591,14658,12394,7613,15231,14858,18150,27751,25236,25361,23881,22034,20371,23467,20653,16451,17721,29023,44130,50886,56230,50518,33721,38588,45568,50239,49996,69537,68084,41267,63315,67827,67517,79413,87860,67969,51624,64731,44909,64083,66925,63865,80887
 "36039","Greene, NY",2,CAINC45,10,"...","Cash receipts from marketings (thousands of dollars) ","Thousands of dollars",6588,6412,6309,6287,7128,7608,8078,8938,8711,9424,11139,12216,12931,12162,11971,11502,10626,10380,10017,9627,10036,9889,9219,9058,9454,9960,9305,9410,8652,9748,9587,10056,10269,14460,14346,15738,15675,16448,16718,20933,18203,20602,23329,25424,23918,24862,23974,17562,16990,18598,16524,17706,18992,26792
 "36039","Greene, NY",2,CAINC45,20,"..."," Cash receipts: Livestock and products ","Thousands of dollars",5459,5194,4958,4914,5320,5482,5551,6250,6169,6994,8234,8571,8700,8169,8287,8032,7762,7435,7276,6724,7017,6914,6005,5680,6372,6639,5873,6061,5771,6408,6150,6119,6391,7962,7864,8959,8541,8311,8563,10564,8725,10518,13142,14176,13612,14978,14711,8398,8380,9531,7217,8128,8752,15234
 "36039","Greene, NY",2,CAINC45,60,"..."," Cash receipts: Crops ","Thousands of dollars",1129,1218,1351,1373,1808,2126,2527,2688,2542,2430,2905,3645,4231,3993,3684,3470,2864,2945,2741,2903,3019,2975,3214,3378,3082,3321,3432,3349,2881,3340,3437,3937,3878,6498,6482,6779,7134,8137,8155,10369,9478,10084,10187,11248,10306,9884,9263,9164,8610,9067,9307,9578,10240,11558
 "36039","Greene, NY",2,CAINC45,120,"...","Other income ","Thousands of dollars",275,259,220,251,224,234,235,260,278,380,432,476,490,521,633,1104,880,737,1113,948,900,851,687,740,1319,897,775,874,774,758,1328,1788,1458,1539,1932,1480,1551,1005,1137,1373,1644,1916,1661,2705,2441,1777,1221,892,1141,1017,1403,2342,1643,1873
 "36039","Greene, NY",2,CAINC45,130,"..."," Government payments ","Thousands of dollars",121,109,77,104,35,19,34,29,45,96,63,75,69,52,149,588,328,210,607,429,372,353,214,246,810,374,232,409,170,196,660,959,937,757,1096,475,770,295,298,303,477,514,458,873,509,228,193,230,361,388,305,1763,1016,537
 "36039","Greene, NY",2,CAINC45,140,"..."," Imputed and miscellaneous income received 1/","Thousands of dollars",154,150,143,147,189,215,201,231,233,284,369,401,421,469,484,516,552,527,506,519,528,498,473,494,509,523,543,465,604,562,668,829,521,782,836,1005,781,710,839,1070,1167,1402,1203,1832,1932,1549,1028,662,780,629,1098,579,627,1336
 "36039","Greene, NY",2,CAINC45,150,"...","Production expenses ","Thousands of dollars",4932,4918,4897,4882,5689,6987,7154,7365,7466,7490,8983,10089,10950,10669,11290,11238,9536,8412,8911,8963,9649,9902,8735,8415,9056,9980,9834,9910,11862,12921,13410,14373,15596,17674,15293,15248,14308,15330,16739,18792,18840,19384,20463,24582,23953,25419,23136,22002,20702,21377,19122,20770,20623,26139
 "36039","Greene, NY",2,CAINC45,160,"..."," Feed purchased ","Thousands of dollars",1429,1455,1367,1247,1662,2184,1952,2107,1898,1765,2192,2734,3045,2602,2831,2378,1847,1566,1502,1524,1661,1606,1365,1314,1324,1308,1330,1320,2014,2136,1994,1797,1886,1912,1548,1464,1125,1126,1192,1584,1442,1717,1911,2249,2351,2341,2223,1927,1990,1970,1878,2070,1976,1922
 "36039","Greene, NY",2,CAINC45,170,"..."," Livestock purchased ","Thousands of dollars",342,324,303,287,316,295,309,366,379,446,707,603,582,416,366,315,205,177,232,197,299,371,377,361,538,562,576,466,377,421,482,432,518,623,409,579,880,1288,963,920,1181,993,1114,1292,1092,1499,1329,972,935,1451,1056,1309,1375,1596
 "36039","Greene, NY",2,CAINC45,180,"..."," Seed purchased ","Thousands of dollars",83,89,99,100,140,179,168,189,189,171,200,233,261,252,213,265,220,200,223,267,279,275,271,215,196,207,205,222,293,540,624,895,1052,1533,1340,1004,720,560,474,970,1310,1628,2039,2790,2622,2533,2116,2075,1904,1809,1552,1743,1457,2624
 "36039","Greene, NY",2,CAINC45,190,"..."," Fertilizer and lime (incl. ag. chemicals 1978-fwd.) ","Thousands of dollars",165,157,167,175,200,287,336,305,314,360,446,511,525,506,478,527,434,346,382,360,384,374,345,299,276,345,372,339,493,488,454,449,494,455,452,471,491,524,572,696,655,687,793,971,939,921,714,632,492,567,506,584,631,823
 "36039","Greene, NY",2,CAINC45,200,"..."," Petroleum products purchased ","Thousands of dollars",196,181,180,169,184,257,323,389,428,439,564,816,916,837,733,687,498,321,274,266,268,330,288,266,302,329,357,414,562,676,777,1233,1382,1474,1251,1241,1167,1127,1156,1293,1013,1036,1182,1366,1523,1562,1189,1015,1101,1085,1071,984,1106,1625
 "36039","Greene, NY",2,CAINC45,210,"..."," Hired farm labor expenses 2/","Thousands of dollars",671,645,680,671,794,921,1053,1028,1136,1030,1276,1475,1579,1924,1679,1541,1285,914,874,951,1038,1194,1061,992,1164,1255,1349,1393,1939,2210,2156,2647,2949,3846,3468,3477,2873,3201,3899,3398,3111,2895,2458,3430,3622,4076,3569,4225,4182,3942,3150,3390,3172,5005
 "36039","Greene, NY",2,CAINC45,220,"..."," All other production expenses 3/","Thousands of dollars",2046,2067,2101,2233,2393,2864,3013,2981,3122,3279,3598,3717,4042,4132,4990,5525,5047,4888,5424,5398,5720,5752,5028,4968,5256,5974,5645,5756,6184,6450,6923,6920,7315,7831,6825,7012,7052,7504,8483,9931,10128,10428,10966,12484,11804,12487,11996,11156,10098,10553,9909,10690,10906,12544
 "36039","Greene, NY",2,CAINC45,240,"...","Value of inventory change ","Thousands of dollars",-69,-22,49,-81,66,271,61,0,-254,10,341,290,369,251,19,-103,-236,-182,-317,-668,-53,-20,-77,-118,-71,171,-247,161,-96,-150,-126,-158,125,313,80,-110,-470,234,130,12,-194,160,-60,-22,347,-123,-3,-122,146,-38,-193,-324,502,-93
 "36039","Greene, NY",2,CAINC45,250,"..."," Value of inventory change: livestock ","Thousands of dollars",-54,-33,-33,-7,52,166,62,-106,-208,-135,272,202,469,188,59,-104,-260,-199,-245,-365,-15,19,20,5,-55,-116,65,46,-150,-49,16,-177,-31,237,-111,48,-88,96,58,-120,9,26,12,35,95,22,126,53,-56,-66,62,-61,-17,34
 "36039","Greene, NY",2,CAINC45,260,"..."," Value of inventory change: crops ","Thousands of dollars",-15,11,82,-74,14,105,-1,106,-46,145,69,88,-100,63,-40,1,24,17,-72,-303,-38,-39,-70,-206,5,170,-175,13,11,-151,-6,-59,233,-98,297,-253,-221,48,-16,104,-202,-19,-25,-131,272,-236,-212,-169,198,24,-224,-293,448,-130
 "36039","Greene, NY",2,CAINC45,265,"..."," Value of inventory change: materials and supplies ","Thousands of dollars",(NA),(NA),(NA),(NA),(NA),(NA),(NA),(NA),(NA),(NA),(NA),(NA),(NA),(NA),(NA),(NA),(NA),(NA),(NA),(NA),(NA),(NA),-27,83,-21,117,-137,102,43,50,-136,78,-77,174,-106,95,-161,90,88,28,-1,153,-47,74,-20,91,83,-6,4,4,-31,30,71,3
 "36039","Greene, NY",2,CAINC45,270,"...","Cash receipts and other income ","Thousands of dollars",6863,6671,6529,6538,7352,7842,8313,9198,8989,9804,11571,12692,13421,12683,12604,12606,11506,11117,11130,10575,10936,10740,9906,9798,10773,10857,10080,10284,9426,10506,10915,11844,11727,15999,16278,17218,17226,17453,17855,22306,19847,22518,24990,28129,26359,26639,25195,18454,18131,19615,17927,20048,20635,28665
 "36039","Greene, NY",2,CAINC45,280,"..."," Less: Production expenses ","Thousands of dollars",4932,4918,4897,4882,5689,6987,7154,7365,7466,7490,8983,10089,10950,10669,11290,11238,9536,8412,8911,8963,9649,9902,8735,8415,9056,9980,9834,9910,11862,12921,13410,14373,15596,17674,15293,15248,14308,15330,16739,18792,18840,19384,20463,24582,23953,25419,23136,22002,20702,21377,19122,20770,20623,26139
 "36039","Greene, NY",2,CAINC45,290,"...","Equals: Realized net income ","Thousands of dollars",1931,1753,1632,1656,1663,855,1159,1833,1523,2314,2588,2603,2471,2014,1314,1368,1970,2705,2219,1612,1287,838,1171,1383,1717,877,246,374,-2436,-2415,-2495,-2529,-3869,-1675,985,1970,2918,2123,1116,3514,1007,3134,4527,3547,2406,1220,2059,-3548,-2571,-1762,-1195,-722,12,2526
 "36039","Greene, NY",2,CAINC45,300,"..."," Plus: Value of inventory change ","Thousands of dollars",-69,-22,49,-81,66,271,61,0,-254,10,341,290,369,251,19,-103,-236,-182,-317,-668,-53,-20,-77,-118,-71,171,-247,161,-96,-150,-126,-158,125,313,80,-110,-470,234,130,12,-194,160,-60,-22,347,-123,-3,-122,146,-38,-193,-324,502,-93
 "36039","Greene, NY",2,CAINC45,310,"...","Equals: Net income including corporate farms ","Thousands of dollars",1862,1731,1681,1575,1729,1126,1220,1833,1269,2324,2929,2893,2840,2265,1333,1265,1734,2523,1902,944,1234,818,1094,1265,1646,1048,-1,535,-2532,-2565,-2621,-2687,-3744,-1362,1065,1860,2448,2357,1246,3526,813,3294,4467,3525,2753,1097,2056,-3670,-2425,-1800,-1388,-1046,514,2433
 "36039","Greene, NY",2,CAINC45,320,"..."," Less: Net income of corporate farms ","Thousands of dollars",41,33,35,48,58,22,39,68,45,125,186,47,142,63,17,54,92,119,90,33,69,50,48,160,173,183,0,153,-833,-1077,-1413,-1499,-1844,-572,455,929,973,770,527,1215,185,1173,2127,1520,1040,424,368,-3597,-2377,-1323,-1354,-972,365,1996
 "36039","Greene, NY",2,CAINC45,330,"..."," Plus: Statistical adjustment ","Thousands of dollars",0,0,0,0,0,0,0,0,0,0,0,0,0,0,0,0,0,0,0,0,0,0,0,0,0,0,0,0,0,0,0,0,0,0,0,0,0,0,0,0,0,0,0,0,0,0,0,0,0,0,0,0,0,0
 "36039","Greene, NY",2,CAINC45,340,"...","Equals: Farm proprietors' income ","Thousands of dollars",1821,1698,1646,1527,1671,1104,1181,1765,1224,2199,2743,2846,2698,2202,1316,1211,1642,2404,1812,911,1165,768,1046,1105,1473,865,-1,382,-1699,-1488,-1208,-1188,-1900,-790,610,931,1475,1587,719,2311,628,2121,2340,2005,1713,673,1688,-73,-48,-477,-34,-74,149,437
 "36039","Greene, NY",2,CAINC45,350,"..."," Plus: Farm wages and salaries ","Thousands of dollars",639,638,657,640,774,886,974,933,1011,971,1241,1459,1593,1951,1658,1444,1235,944,738,829,872,1013,983,953,1086,1114,1309,1426,1571,1776,1774,2223,2443,3236,2921,2856,2318,2556,3070,2738,2480,2398,2037,2981,3008,3222,2616,2973,2839,2672,2121,2297,2181,3110
 "36039","Greene, NY",2,CAINC45,360,"..."," Plus: Farm supplements to wages and salaries ","Thousands of dollars",65,70,75,76,91,109,131,156,195,188,211,219,207,209,208,183,163,142,122,130,170,213,228,231,266,275,300,282,276,315,334,424,520,576,523,506,445,509,720,841,711,658,599,723,838,855,787,861,930,729,654,651,690,1123
 "36039","Greene, NY",2,CAINC45,370,"...","Equals: Farm earnings ","Thousands of dollars",2525,2406,2378,2243,2536,2099,2286,2854,2430,3358,4195,4524,4498,4362,3182,2838,3040,3490,2672,1870,2207,1994,2257,2289,2825,2254,1608,2090,148,603,900,1459,1063,3022,4054,4293,4238,4652,4509,5890,3819,5177,4976,5709,5559,4750,5091,3761,3721,2924,2741,2874,3020,4670
 "36041","Hamilton, NY",2,CAINC45,10,"...","Cash receipts from marketings (thousands of dollars) ","Thousands of dollars",0,0,0,0,0,0,0,0,0,0,0,0,0,0,0,0,0,0,0,0,0,0,0,0,0,0,0,0,0,0,0,0,0,0,0,0,0,0,0,0,0,0,0,0,0,0,0,0,0,0,0,0,0,0
 "36041","Hamilton, NY",2,CAINC45,20,"..."," Cash receipts: Livestock and products ","Thousands of dollars",0,0,0,0,0,0,0,0,0,0,0,0,0,0,0,0,0,0,0,0,0,0,0,0,0,0,0,0,0,0,0,0,0,0,0,0,0,0,0,0,0,0,0,0,0,0,0,0,0,0,0,0,0,0
 "36041","Hamilton, NY",2,CAINC45,60,"..."," Cash receipts: Crops ","Thousands of dollars",0,0,0,0,0,0,0,0,0,0,0,0,0,0,0,0,0,0,0,0,0,0,0,0,0,0,0,0,0,0,0,0,0,0,0,0,0,0,0,0,0,0,0,0,0,0,0,0,0,0,0,0,0,0
 "36041","Hamilton, NY",2,CAINC45,120,"...","Other income ","Thousands of dollars",0,0,0,0,0,0,0,0,0,0,0,0,0,0,0,0,0,0,0,0,0,0,0,0,0,0,0,0,0,0,0,0,0,0,0,0,0,0,0,0,0,0,0,0,0,0,0,0,0,0,0,0,0,0
 "36041","Hamilton, NY",2,CAINC45,130,"..."," Government payments ","Thousands of dollars",0,0,0,0,0,0,0,0,0,0,0,0,0,0,0,0,0,0,0,0,0,0,0,0,0,0,0,0,0,0,0,0,0,0,0,0,0,0,0,0,0,0,0,0,0,0,0,0,0,0,0,0,0,0
 "36041","Hamilton, NY",2,CAINC45,140,"..."," Imputed and miscellaneous income received 1/","Thousands of dollars",0,0,0,0,0,0,0,0,0,0,0,0,0,0,0,0,0,0,0,0,0,0,0,0,0,0,0,0,0,0,0,0,0,0,0,0,0,0,0,0,0,0,0,0,0,0,0,0,0,0,0,0,0,0
 "36041","Hamilton, NY",2,CAINC45,150,"...","Production expenses ","Thousands of dollars",0,0,0,0,0,0,0,0,0,0,0,0,0,0,0,0,0,0,0,0,0,0,0,0,0,0,0,0,0,0,0,0,0,0,0,0,0,0,0,0,0,0,0,0,0,0,0,0,0,0,0,0,0,0
 "36041","Hamilton, NY",2,CAINC45,160,"..."," Feed purchased ","Thousands of dollars",0,0,0,0,0,0,0,0,0,0,0,0,0,0,0,0,0,0,0,0,0,0,0,0,0,0,0,0,0,0,0,0,0,0,0,0,0,0,0,0,0,0,0,0,0,0,0,0,0,0,0,0,0,0
 "36041","Hamilton, NY",2,CAINC45,170,"..."," Livestock purchased ","Thousands of dollars",0,0,0,0,0,0,0,0,0,0,0,0,0,0,0,0,0,0,0,0,0,0,0,0,0,0,0,0,0,0,0,0,0,0,0,0,0,0,0,0,0,0,0,0,0,0,0,0,0,0,0,0,0,0
 "36041","Hamilton, NY",2,CAINC45,180,"..."," Seed purchased ","Thousands of dollars",0,0,0,0,0,0,0,0,0,0,0,0,0,0,0,0,0,0,0,0,0,0,0,0,0,0,0,0,0,0,0,0,0,0,0,0,0,0,0,0,0,0,0,0,0,0,0,0,0,0,0,0,0,0
 "36041","Hamilton, NY",2,CAINC45,190,"..."," Fertilizer and lime (incl. ag. chemicals 1978-fwd.) ","Thousands of dollars",0,0,0,0,0,0,0,0,0,0,0,0,0,0,0,0,0,0,0,0,0,0,0,0,0,0,0,0,0,0,0,0,0,0,0,0,0,0,0,0,0,0,0,0,0,0,0,0,0,0,0,0,0,0
 "36041","Hamilton, NY",2,CAINC45,200,"..."," Petroleum products purchased ","Thousands of dollars",0,0,0,0,0,0,0,0,0,0,0,0,0,0,0,0,0,0,0,0,0,0,0,0,0,0,0,0,0,0,0,0,0,0,0,0,0,0,0,0,0,0,0,0,0,0,0,0,0,0,0,0,0,0
 "36041","Hamilton, NY",2,CAINC45,210,"..."," Hired farm labor expenses 2/","Thousands of dollars",0,0,0,0,0,0,0,0,0,0,0,0,0,0,0,0,0,0,0,0,0,0,0,0,0,0,0,0,0,0,0,0,0,0,0,0,0,0,0,0,0,0,0,0,0,0,0,0,0,0,0,0,0,0
 "36041","Hamilton, NY",2,CAINC45,220,"..."," All other production expenses 3/","Thousands of dollars",0,0,0,0,0,0,0,0,0,0,0,0,0,0,0,0,0,0,0,0,0,0,0,0,0,0,0,0,0,0,0,0,0,0,0,0,0,0,0,0,0,0,0,0,0,0,0,0,0,0,0,0,0,0
 "36041","Hamilton, NY",2,CAINC45,240,"...","Value of inventory change ","Thousands of dollars",0,0,0,0,0,0,0,0,0,0,0,0,0,0,0,0,0,0,0,0,0,0,0,0,0,0,0,0,0,0,0,0,0,0,0,0,0,0,0,0,0,0,0,0,0,0,0,0,0,0,0,0,0,0
 "36041","Hamilton, NY",2,CAINC45,250,"..."," Value of inventory change: livestock ","Thousands of dollars",0,0,0,0,0,0,0,0,0,0,0,0,0,0,0,0,0,0,0,0,0,0,0,0,0,0,0,0,0,0,0,0,0,0,0,0,0,0,0,0,0,0,0,0,0,0,0,0,0,0,0,0,0,0
 "36041","Hamilton, NY",2,CAINC45,260,"..."," Value of inventory change: crops ","Thousands of dollars",0,0,0,0,0,0,0,0,0,0,0,0,0,0,0,0,0,0,0,0,0,0,0,0,0,0,0,0,0,0,0,0,0,0,0,0,0,0,0,0,0,0,0,0,0,0,0,0,0,0,0,0,0,0
 "36041","Hamilton, NY",2,CAINC45,265,"..."," Value of inventory change: materials and supplies ","Thousands of dollars",(NA),(NA),(NA),(NA),(NA),(NA),(NA),(NA),(NA),(NA),(NA),(NA),(NA),(NA),(NA),(NA),(NA),(NA),(NA),(NA),(NA),(NA),0,0,0,0,0,0,0,0,0,0,0,0,0,0,0,0,0,0,0,0,0,0,0,0,0,0,0,0,0,0,0,0
 "36041","Hamilton, NY",2,CAINC45,270,"...","Cash receipts and other income ","Thousands of dollars",0,0,0,0,0,0,0,0,0,0,0,0,0,0,0,0,0,0,0,0,0,0,0,0,0,0,0,0,0,0,0,0,0,0,0,0,0,0,0,0,0,0,0,0,0,0,0,0,0,0,0,0,0,0
 "36041","Hamilton, NY",2,CAINC45,280,"..."," Less: Production expenses ","Thousands of dollars",0,0,0,0,0,0,0,0,0,0,0,0,0,0,0,0,0,0,0,0,0,0,0,0,0,0,0,0,0,0,0,0,0,0,0,0,0,0,0,0,0,0,0,0,0,0,0,0,0,0,0,0,0,0
 "36041","Hamilton, NY",2,CAINC45,290,"...","Equals: Realized net income ","Thousands of dollars",0,0,0,0,0,0,0,0,0,0,0,0,0,0,0,0,0,0,0,0,0,0,0,0,0,0,0,0,0,0,0,0,0,0,0,0,0,0,0,0,0,0,0,0,0,0,0,0,0,0,0,0,0,0
 "36041","Hamilton, NY",2,CAINC45,300,"..."," Plus: Value of inventory change ","Thousands of dollars",0,0,0,0,0,0,0,0,0,0,0,0,0,0,0,0,0,0,0,0,0,0,0,0,0,0,0,0,0,0,0,0,0,0,0,0,0,0,0,0,0,0,0,0,0,0,0,0,0,0,0,0,0,0
 "36041","Hamilton, NY",2,CAINC45,310,"...","Equals: Net income including corporate farms ","Thousands of dollars",0,0,0,0,0,0,0,0,0,0,0,0,0,0,0,0,0,0,0,0,0,0,0,0,0,0,0,0,0,0,0,0,0,0,0,0,0,0,0,0,0,0,0,0,0,0,0,0,0,0,0,0,0,0
 "36041","Hamilton, NY",2,CAINC45,320,"..."," Less: Net income of corporate farms ","Thousands of dollars",0,0,0,0,0,0,0,0,0,0,0,0,0,0,0,0,0,0,0,0,0,0,0,0,0,0,0,0,0,0,0,0,0,0,0,0,0,0,0,0,0,0,0,0,0,0,0,0,0,0,0,0,0,0
 "36041","Hamilton, NY",2,CAINC45,330,"..."," Plus: Statistical adjustment ","Thousands of dollars",0,0,0,0,0,0,0,0,0,0,0,0,0,0,0,0,0,0,0,0,0,0,0,0,0,0,0,0,0,0,0,0,0,0,0,0,0,0,0,0,0,0,0,0,0,0,0,0,0,0,0,0,0,0
 "36041","Hamilton, NY",2,CAINC45,340,"...","Equals: Farm proprietors' income ","Thousands of dollars",0,0,0,0,0,0,0,0,0,0,0,0,0,0,0,0,0,0,0,0,0,0,0,0,0,0,0,0,0,0,0,0,0,0,0,0,0,0,0,0,0,0,0,0,0,0,0,0,0,0,0,0,0,0
 "36041","Hamilton, NY",2,CAINC45,350,"..."," Plus: Farm wages and salaries ","Thousands of dollars",0,0,0,0,0,0,0,0,0,0,0,0,0,0,0,0,0,0,0,0,0,0,0,0,0,0,0,0,0,0,0,0,0,0,0,0,0,0,0,0,0,0,0,0,0,0,0,0,0,0,0,0,0,0
 "36041","Hamilton, NY",2,CAINC45,360,"..."," Plus: Farm supplements to wages and salaries ","Thousands of dollars",0,0,0,0,0,0,0,0,0,0,0,0,0,0,0,0,0,0,0,0,0,0,0,0,0,0,0,0,0,0,0,0,0,0,0,0,0,0,0,0,0,0,0,0,0,0,0,0,0,0,0,0,0,0
 "36041","Hamilton, NY",2,CAINC45,370,"...","Equals: Farm earnings ","Thousands of dollars",0,0,0,0,0,0,0,0,0,0,0,0,0,0,0,0,0,0,0,0,0,0,0,0,0,0,0,0,0,0,0,0,0,0,0,0,0,0,0,0,0,0,0,0,0,0,0,0,0,0,0,0,0,0
 "36043","Herkimer, NY",2,CAINC45,10,"...","Cash receipts from marketings (thousands of dollars) ","Thousands of dollars",20524,21287,21989,22767,25813,28766,29858,34023,34174,37743,44233,48949,51586,50793,53248,52946,50504,50224,50891,50852,55167,56729,51661,55380,53288,54003,51504,54471,46595,54626,54176,50023,58520,50031,50441,60640,60414,54180,63192,65222,49362,59883,71562,70167,74803,83684,62713,58224,58703,56597,62212,60768,66589,87861
 "36043","Herkimer, NY",2,CAINC45,20,"..."," Cash receipts: Livestock and products ","Thousands of dollars",19563,20302,20992,21903,24385,27258,28365,32370,32102,36276,42920,47305,49730,49169,51598,51204,48988,48181,48556,47767,51913,53578,48110,51613,49881,50187,47513,50376,43792,51465,50974,46194,54679,42534,41845,51701,51540,44074,55133,54226,38351,48114,58536,54698,57505,67960,48933,45118,46972,43775,48929,46817,50631,69638
 "36043","Herkimer, NY",2,CAINC45,60,"..."," Cash receipts: Crops ","Thousands of dollars",961,985,997,864,1428,1508,1493,1653,2072,1467,1313,1644,1856,1624,1650,1742,1516,2043,2335,3085,3254,3151,3551,3767,3407,3816,3991,4095,2803,3161,3202,3829,3841,7497,8596,8939,8874,10106,8059,10996,11011,11769,13026,15469,17298,15724,13780,13106,11731,12822,13283,13951,15958,18223
 "36043","Herkimer, NY",2,CAINC45,120,"...","Other income ","Thousands of dollars",496,506,503,582,677,812,765,799,718,1138,1124,1289,1224,1369,1632,2400,1915,2675,1862,1878,1650,1580,1346,1458,1630,1923,2085,1969,2270,2297,3433,3675,4370,6100,6164,4207,3715,4168,3123,3430,6822,3991,3664,6364,6403,4739,3950,2873,3067,3811,5591,12113,6327,4774
 "36043","Herkimer, NY",2,CAINC45,130,"..."," Government payments ","Thousands of dollars",162,150,129,175,121,116,123,128,107,372,132,215,95,100,388,1140,643,1515,885,860,598,565,359,407,445,611,635,657,479,605,1389,1100,2753,3711,3741,1414,1618,2306,989,713,3863,659,704,2077,1098,221,555,766,461,1567,1678,10180,4494,1049
 "36043","Herkimer, NY",2,CAINC45,140,"..."," Imputed and miscellaneous income received 1/","Thousands of dollars",334,356,374,407,556,696,642,671,611,766,992,1074,1129,1269,1244,1260,1272,1160,977,1018,1052,1015,987,1051,1185,1312,1450,1312,1791,1692,2044,2575,1617,2389,2423,2793,2097,1862,2134,2717,2959,3332,2960,4287,5305,4518,3395,2107,2606,2244,3913,1933,1833,3725
 "36043","Herkimer, NY",2,CAINC45,150,"...","Production expenses ","Thousands of dollars",13771,14814,15663,16238,20028,25813,27966,30577,32605,34807,42751,48519,51996,51057,53239,51029,45722,43545,42771,43284,47045,48146,47152,47253,46880,48250,49306,46738,47031,47300,45998,43860,45052,45756,41057,43842,43974,48710,55948,58300,54137,52844,53392,59106,58431,61634,56584,53604,50742,52170,48815,52591,52680,62589
 "36043","Herkimer, NY",2,CAINC45,160,"..."," Feed purchased ","Thousands of dollars",3695,4142,4207,4092,5763,7938,7717,9077,8924,9068,10816,13041,13365,11211,12618,11003,9807,9684,8922,9504,10792,10846,10696,10893,10211,9452,9945,9306,10479,10487,9196,7738,7535,7037,6348,6723,5835,6643,8085,9912,8468,9568,10196,11565,11900,11628,10801,9122,9115,9023,8606,9486,9054,8807
 "36043","Herkimer, NY",2,CAINC45,170,"..."," Livestock purchased ","Thousands of dollars",987,1013,1027,1052,1242,1253,1386,1704,1825,2205,3291,2619,2216,1462,1440,1393,1128,1230,1697,1504,2296,2686,2791,3005,3812,3812,4133,3410,2482,2645,2803,2032,2478,1626,986,1417,2158,2631,2290,1668,1853,1538,1638,1575,1381,1865,1136,1265,1173,1485,1595,1679,1784,1634
 "36043","Herkimer, NY",2,CAINC45,180,"..."," Seed purchased ","Thousands of dollars",170,201,238,250,364,476,484,591,640,623,671,731,728,669,579,740,696,714,733,867,894,869,933,755,705,781,873,975,1000,967,744,786,721,851,975,970,948,1056,1398,1544,1488,1474,1565,1884,1996,2188,2092,2373,2560,2432,2087,2343,1959,3528
 "36043","Herkimer, NY",2,CAINC45,190,"..."," Fertilizer and lime (incl. ag. chemicals 1978-fwd.) ","Thousands of dollars",439,451,511,564,678,1020,1176,1034,1082,1212,1476,1666,1600,1534,1522,1762,1688,1562,1638,1599,1762,1771,1869,1718,1483,1764,1974,1718,1841,1996,2027,2178,2590,2563,2458,2476,2499,2588,2757,3103,2734,2708,2976,3494,3572,3729,3116,3009,2609,3008,2685,3097,3351,4370
 "36043","Herkimer, NY",2,CAINC45,200,"..."," Petroleum products purchased ","Thousands of dollars",550,540,563,550,618,888,1119,1352,1490,1529,1953,2818,2989,2740,2503,2476,2128,1676,1494,1447,1443,1762,1701,1590,1574,1544,1667,1771,1714,1572,1462,1958,1900,1789,1940,2381,2709,3117,3773,4206,3288,3359,3824,4416,4716,4607,3315,2654,2667,2629,2594,2384,2680,3937
 "36043","Herkimer, NY",2,CAINC45,210,"..."," Hired farm labor expenses 2/","Thousands of dollars",1190,1153,1207,1192,1402,1617,1942,1997,2297,2175,2651,2989,3086,3697,3438,3393,3292,2857,2723,3120,3468,4021,4005,3914,4053,4031,4344,4069,4035,4662,4520,5333,5979,7667,5945,5925,4729,5111,5740,5514,5483,5057,4641,6154,5912,6127,4942,5206,4477,4184,3635,3813,3461,5357
 "36043","Herkimer, NY",2,CAINC45,220,"..."," All other production expenses 3/","Thousands of dollars",6740,7314,7910,8538,9961,12621,14142,14822,16347,17995,21893,24655,28012,29744,31139,30262,26983,25822,25564,25243,26390,26191,25157,25378,25042,26866,26370,25489,25480,24971,25246,23835,23849,24223,22405,23950,25096,27564,31905,32353,30823,29140,28552,30018,28954,31490,31182,29975,28141,29409,27613,29789,30391,34956
 "36043","Herkimer, NY",2,CAINC45,240,"...","Value of inventory change ","Thousands of dollars",-288,-65,3,-352,421,530,309,-104,-1262,-86,1734,1359,1717,2491,-234,-895,-1495,-1299,-1537,-3752,-355,163,-294,-305,-355,377,-747,1127,-802,-679,-629,-1725,915,1664,-196,-1056,-1332,948,804,-783,-552,-18,-448,-857,2082,-1090,-578,-252,-35,-325,-1441,-2187,1921,-1551
 "36043","Herkimer, NY",2,CAINC45,250,"..."," Value of inventory change: livestock ","Thousands of dollars",-200,-116,-135,-3,246,832,325,-508,-1018,-654,1507,1126,2713,1256,412,-896,-1585,-1420,-1271,-2121,-112,199,198,9,-445,-871,582,569,-1107,-404,2,-1685,232,1515,-684,-194,-269,530,458,-1672,718,-179,170,-204,1105,-213,498,782,-334,-504,188,-606,-11,160
 "36043","Herkimer, NY",2,CAINC45,260,"..."," Value of inventory change: crops ","Thousands of dollars",-88,51,138,-349,175,-302,-16,404,-244,568,227,233,-996,1235,-646,1,90,121,-266,-1631,-243,-36,-339,-803,206,625,-640,68,108,-474,-164,-277,891,-271,787,-1170,-453,22,-82,768,-1265,-387,-460,-884,1039,-1166,-1340,-1015,286,166,-1528,-1678,1703,-1720
 "36043","Herkimer, NY",2,CAINC45,265,"..."," Value of inventory change: materials and supplies ","Thousands of dollars",(NA),(NA),(NA),(NA),(NA),(NA),(NA),(NA),(NA),(NA),(NA),(NA),(NA),(NA),(NA),(NA),(NA),(NA),(NA),(NA),(NA),(NA),-153,489,-116,623,-689,490,197,199,-467,237,-208,420,-299,308,-610,396,428,121,-5,548,-158,231,-62,289,264,-19,13,13,-101,97,229,9
 "36043","Herkimer, NY",2,CAINC45,270,"...","Cash receipts and other income ","Thousands of dollars",21020,21793,22492,23349,26490,29578,30623,34822,34892,38881,45357,50238,52810,52162,54880,55346,52419,52899,52753,52730,56817,58309,53007,56838,54918,55926,53589,56440,48865,56923,57609,53698,62890,56131,56605,64847,64129,58348,66315,68652,56184,63874,75226,76531,81206,88423,66663,61097,61770,60408,67803,72881,72916,92635
 "36043","Herkimer, NY",2,CAINC45,280,"..."," Less: Production expenses ","Thousands of dollars",13771,14814,15663,16238,20028,25813,27966,30577,32605,34807,42751,48519,51996,51057,53239,51029,45722,43545,42771,43284,47045,48146,47152,47253,46880,48250,49306,46738,47031,47300,45998,43860,45052,45756,41057,43842,43974,48710,55948,58300,54137,52844,53392,59106,58431,61634,56584,53604,50742,52170,48815,52591,52680,62589
 "36043","Herkimer, NY",2,CAINC45,290,"...","Equals: Realized net income ","Thousands of dollars",7249,6979,6829,7111,6462,3765,2657,4245,2287,4074,2606,1719,814,1105,1641,4317,6697,9354,9982,9446,9772,10163,5855,9585,8038,7676,4283,9702,1834,9623,11611,9838,17838,10375,15548,21005,20155,9638,10367,10352,2047,11030,21834,17425,22775,26789,10079,7493,11028,8238,18988,20290,20236,30046
 "36043","Herkimer, NY",2,CAINC45,300,"..."," Plus: Value of inventory change ","Thousands of dollars",-288,-65,3,-352,421,530,309,-104,-1262,-86,1734,1359,1717,2491,-234,-895,-1495,-1299,-1537,-3752,-355,163,-294,-305,-355,377,-747,1127,-802,-679,-629,-1725,915,1664,-196,-1056,-1332,948,804,-783,-552,-18,-448,-857,2082,-1090,-578,-252,-35,-325,-1441,-2187,1921,-1551
 "36043","Herkimer, NY",2,CAINC45,310,"...","Equals: Net income including corporate farms ","Thousands of dollars",6961,6914,6832,6759,6883,4295,2966,4141,1025,3988,4340,3078,2531,3596,1407,3422,5202,8055,8445,5694,9417,10326,5561,9280,7683,8053,3536,10829,1032,8944,10982,8113,18753,12039,15352,19949,18823,10586,11171,9569,1495,11012,21386,16568,24857,25699,9501,7241,10993,7913,17547,18103,22157,28495
 "36043","Herkimer, NY",2,CAINC45,320,"..."," Less: Net income of corporate farms ","Thousands of dollars",16,29,45,85,120,50,44,62,14,71,85,14,34,25,5,51,110,174,209,102,257,292,107,157,103,167,65,309,20,155,146,141,483,427,488,749,573,271,372,247,24,268,665,447,689,831,159,326,451,678,1030,1158,1766,2623
 "36043","Herkimer, NY",2,CAINC45,330,"..."," Plus: Statistical adjustment ","Thousands of dollars",0,0,0,0,0,0,0,0,0,0,0,0,0,0,0,0,0,0,0,0,0,0,0,0,0,0,0,0,0,0,0,0,0,0,0,0,0,0,0,0,0,0,0,0,0,0,0,0,0,0,0,0,0,0
 "36043","Herkimer, NY",2,CAINC45,340,"...","Equals: Farm proprietors' income ","Thousands of dollars",6945,6885,6787,6674,6763,4245,2922,4079,1011,3917,4255,3064,2497,3571,1402,3371,5092,7881,8236,5592,9160,10034,5454,9123,7580,7886,3471,10520,1012,8789,10836,7972,18270,11612,14864,19200,18250,10315,10799,9322,1471,10744,20721,16121,24168,24868,9342,6915,10542,7235,16517,16945,20391,25872
 "36043","Herkimer, NY",2,CAINC45,350,"..."," Plus: Farm wages and salaries ","Thousands of dollars",986,982,1013,984,1166,1352,1583,1599,1823,1804,2238,2581,2727,3333,3029,2838,2674,2273,2072,2386,2572,3050,3007,2956,3076,2877,3086,3066,3074,3246,3079,3709,3958,5073,4421,4163,3280,3494,4049,3762,3529,3523,3076,4627,4675,5004,4065,4615,4407,4146,3302,3571,3390,4843
 "36043","Herkimer, NY",2,CAINC45,360,"..."," Plus: Farm supplements to wages and salaries ","Thousands of dollars",113,118,128,129,155,186,211,243,294,290,353,386,372,396,416,386,379,358,342,373,493,618,667,673,734,718,733,647,585,620,621,756,900,969,856,804,692,756,1033,1252,1082,1009,938,1160,1347,1369,1251,1364,1473,1157,1047,1041,1095,1769
 "36043","Herkimer, NY",2,CAINC45,370,"...","Equals: Farm earnings ","Thousands of dollars",8044,7985,7928,7787,8084,5783,4716,5921,3128,6011,6846,6031,5596,7300,4847,6595,8145,10512,10650,8351,12225,13702,9128,12752,11390,11481,7290,14233,4671,12655,14536,12437,23128,17654,20141,24167,22222,14565,15881,14336,6082,15276,24735,21908,30190,31241,14658,12894,16422,12538,20866,21557,24876,32484
 "36045","Jefferson, NY",2,CAINC45,10,"...","Cash receipts from marketings (thousands of dollars) ","Thousands of dollars",34474,35470,36121,37454,42698,47235,49230,57448,57883,64052,75676,83928,88360,85140,88913,86968,83370,82216,83112,81998,87339,88397,79487,83562,81367,82941,81531,87759,79755,84811,86159,82392,94367,98122,98353,119451,120251,106382,137520,147534,115304,144111,179202,178692,197134,224490,172417,158819,164083,158520,172066,168853,185918,251195
 "36045","Jefferson, NY",2,CAINC45,20,"..."," Cash receipts: Livestock and products ","Thousands of dollars",33103,33910,34610,36017,40562,44406,46369,53981,54111,61927,73190,80675,84631,81897,85667,83900,80397,78527,78980,76828,82314,83765,74575,78559,77033,77859,76181,81872,74802,79723,81273,76515,88530,87700,85582,106149,107923,92358,121962,124194,91081,119481,150279,144311,154343,185506,138175,125523,133732,125400,137688,132506,143738,202973
 "36045","Jefferson, NY",2,CAINC45,60,"..."," Cash receipts: Crops ","Thousands of dollars",1371,1560,1511,1437,2136,2829,2861,3467,3772,2125,2486,3253,3729,3243,3246,3068,2973,3689,4132,5170,5025,4632,4912,5003,4334,5082,5350,5887,4953,5088,4886,5877,5837,10422,12771,13302,12328,14024,15558,23340,24223,24630,28923,34381,42791,38984,34242,33296,30351,33120,34378,36347,42180,48222
 "36045","Jefferson, NY",2,CAINC45,120,"...","Other income ","Thousands of dollars",1053,967,888,961,1136,1287,1217,1352,1311,2303,2045,1586,1644,1910,2530,4003,2782,3610,3935,3294,3941,3405,3060,3623,4537,3881,3862,3431,4094,4989,6951,10773,5242,9783,9532,7804,7737,7801,5327,7279,11292,6997,5900,7744,8388,5751,6917,6804,8375,8196,12814,33436,20396,12033
 "36045","Jefferson, NY",2,CAINC45,130,"..."," Government payments ","Thousands of dollars",337,255,173,216,159,107,106,152,177,1208,655,98,109,231,855,2298,1056,2011,2670,1746,2091,1381,859,1005,1870,1166,1073,1074,1030,1934,3110,5787,2089,6444,5890,3346,4238,4588,1499,2250,6296,2059,2469,3207,2612,342,1858,2178,1957,2307,3405,24209,7798,1516
 "36045","Jefferson, NY",2,CAINC45,140,"..."," Imputed and miscellaneous income received 1/","Thousands of dollars",716,712,715,745,977,1180,1111,1200,1134,1095,1390,1488,1535,1679,1675,1705,1726,1599,1265,1548,1850,2024,2201,2618,2667,2715,2789,2357,3064,3055,3841,4986,3153,3339,3642,4458,3499,3213,3828,5029,4996,4938,3431,4537,5776,5409,5059,4626,6418,5889,9409,9227,12598,10517
 "36045","Jefferson, NY",2,CAINC45,150,"...","Production expenses ","Thousands of dollars",23779,25315,26548,27269,33583,42983,46764,51480,55006,58894,73656,84084,91436,85446,89025,85504,76707,73241,72192,72121,77217,78040,75412,74430,74891,78475,81741,79166,81572,87696,90954,92370,100601,109811,95472,98352,94194,101053,116765,122694,116757,118119,122274,140351,139472,148128,137242,131375,125920,129375,120761,130217,130304,154171
 "36045","Jefferson, NY",2,CAINC45,160,"..."," Feed purchased ","Thousands of dollars",6473,7272,7398,7205,10159,14003,13655,16108,15879,16177,18794,22129,23264,17384,19785,17461,15768,15790,14780,15598,17560,17509,17138,17330,16610,15720,16908,16170,18606,21002,20821,19874,22051,23616,19954,19783,16060,17093,19952,23566,19955,22375,23683,26702,28283,28567,27570,24351,25661,25401,24226,26705,25487,24791
 "36045","Jefferson, NY",2,CAINC45,170,"..."," Livestock purchased ","Thousands of dollars",1494,1692,1856,2033,2540,2688,2858,3413,3574,4232,6732,5753,5549,3665,3357,3019,2267,2294,2927,2307,3182,3382,3238,3199,4222,4344,4992,4269,3251,3605,4357,3619,5094,4878,2555,3151,4112,4101,2958,2240,2578,2252,2489,2474,2478,3829,2682,3251,3412,4353,4581,4861,5170,4861
 "36045","Jefferson, NY",2,CAINC45,180,"..."," Seed purchased ","Thousands of dollars",334,375,430,441,632,817,839,1032,1125,1098,1199,1321,1393,1180,996,1243,1141,1144,1149,1363,1409,1375,1483,1201,1144,1289,1461,1655,1717,1844,1569,1825,1838,2377,2562,2420,2264,2427,3199,3530,3477,3512,3792,4630,4658,4854,4416,4768,4893,4648,3987,4476,3743,6741
 "36045","Jefferson, NY",2,CAINC45,190,"..."," Fertilizer and lime (incl. ag. chemicals 1978-fwd.) ","Thousands of dollars",780,846,993,1126,1383,2120,2489,2236,2361,2698,3202,3531,3482,2998,2937,3360,3178,2907,3014,2895,3136,3099,3216,2905,2530,3036,3426,3007,3249,3274,3107,3133,3512,3286,3462,3789,4120,4565,5314,6309,5947,6242,7211,8845,8967,9275,7670,7323,6269,7227,6453,7444,8053,10501
 "36045","Jefferson, NY",2,CAINC45,200,"..."," Petroleum products purchased ","Thousands of dollars",930,900,928,898,1001,1429,1804,2185,2411,2476,3087,4377,4803,3975,3639,3610,3114,2463,2212,2156,2164,2661,2584,2425,2454,2459,2706,2928,2889,2720,2595,3559,3535,3405,3648,4441,5023,5755,7135,7854,6224,6438,7416,8655,9455,9481,7036,5842,6139,6050,5970,5486,6168,9061
 "36045","Jefferson, NY",2,CAINC45,210,"..."," Hired farm labor expenses 2/","Thousands of dollars",2459,2345,2430,2361,2752,3113,3702,3756,4284,4019,4561,4852,5070,5392,5420,5750,6036,5714,5943,6505,6945,7865,7598,7262,7556,7461,8059,7613,7545,9402,9665,11869,13626,18007,14587,14635,11803,13037,15585,14529,14228,13498,12291,17048,16431,17094,13820,14913,13193,12355,10435,11006,10025,15795
 "36045","Jefferson, NY",2,CAINC45,220,"..."," All other production expenses 3/","Thousands of dollars",11309,11885,12513,13205,15116,18813,21417,22750,25372,28194,36081,42121,47875,50852,52891,51061,45203,42929,42167,41297,42821,42149,40155,40108,40375,44166,44189,43524,44315,45849,48840,48491,50945,54242,48704,50133,50812,54075,62622,64666,64348,63802,65392,71997,69200,75028,74048,70927,66353,69341,65109,70239,71658,82421
 "36045","Jefferson, NY",2,CAINC45,240,"...","Value of inventory change ","Thousands of dollars",-623,-117,-12,-635,611,2043,605,-161,-2193,-329,3017,2294,3796,2399,-151,-1297,-2353,-2228,-2684,-6228,-503,269,-504,-597,-553,769,-1324,1845,-1290,-1114,-1199,-3287,1522,3091,208,-1387,-3574,2427,1981,-1262,-1815,-235,-1494,-1858,3887,-2714,-1687,-1395,-789,-1159,-4595,-5723,3832,-5962
 "36045","Jefferson, NY",2,CAINC45,250,"..."," Value of inventory change: livestock ","Thousands of dollars",-362,-214,-243,-28,426,1410,540,-879,-1741,-1188,2593,1973,4576,2066,685,-1304,-2597,-2277,-2241,-3784,-185,318,340,15,-699,-1388,960,885,-1818,-668,11,-3194,434,3003,-1363,-467,-588,1172,1057,-3596,1506,-373,428,-360,2391,-427,1287,1852,-865,-1223,488,-1482,-31,425
 "36045","Jefferson, NY",2,CAINC45,260,"..."," Value of inventory change: crops ","Thousands of dollars",-261,97,231,-607,185,633,65,718,-452,859,424,321,-780,333,-836,7,244,49,-443,-2444,-318,-49,-600,-1391,335,1124,-1119,114,182,-828,-232,-634,1601,-1035,2331,-1671,-1555,359,-20,2064,-3309,-1103,-1562,-2028,1641,-2973,-3615,-3199,43,32,-4824,-4490,3278,-6410
 "36045","Jefferson, NY",2,CAINC45,265,"..."," Value of inventory change: materials and supplies ","Thousands of dollars",(NA),(NA),(NA),(NA),(NA),(NA),(NA),(NA),(NA),(NA),(NA),(NA),(NA),(NA),(NA),(NA),(NA),(NA),(NA),(NA),(NA),(NA),-244,779,-189,1033,-1165,846,346,382,-978,541,-513,1123,-760,751,-1431,896,944,270,-12,1241,-360,530,-145,686,641,-48,33,32,-259,249,585,23
 "36045","Jefferson, NY",2,CAINC45,270,"...","Cash receipts and other income ","Thousands of dollars",35527,36437,37009,38415,43834,48522,50447,58800,59194,66355,77721,85514,90004,87050,91443,90971,86152,85826,87047,85292,91280,91802,82547,87185,85904,86822,85393,91190,83849,89800,93110,93165,99609,107905,107885,127255,127988,114183,142847,154813,126596,151108,185102,186436,205522,230241,179334,165623,172458,166716,184880,202289,206314,263228
 "36045","Jefferson, NY",2,CAINC45,280,"..."," Less: Production expenses ","Thousands of dollars",23779,25315,26548,27269,33583,42983,46764,51480,55006,58894,73656,84084,91436,85446,89025,85504,76707,73241,72192,72121,77217,78040,75412,74430,74891,78475,81741,79166,81572,87696,90954,92370,100601,109811,95472,98352,94194,101053,116765,122694,116757,118119,122274,140351,139472,148128,137242,131375,125920,129375,120761,130217,130304,154171
 "36045","Jefferson, NY",2,CAINC45,290,"...","Equals: Realized net income ","Thousands of dollars",11748,11122,10461,11146,10251,5539,3683,7320,4188,7461,4065,1430,-1432,1604,2418,5467,9445,12585,14855,13171,14063,13762,7135,12755,11013,8347,3652,12024,2277,2104,2156,795,-992,-1906,12413,28903,33794,13130,26082,32119,9839,32989,62828,46085,66050,82113,42092,34248,46538,37341,64119,72072,76010,109057
 "36045","Jefferson, NY",2,CAINC45,300,"..."," Plus: Value of inventory change ","Thousands of dollars",-623,-117,-12,-635,611,2043,605,-161,-2193,-329,3017,2294,3796,2399,-151,-1297,-2353,-2228,-2684,-6228,-503,269,-504,-597,-553,769,-1324,1845,-1290,-1114,-1199,-3287,1522,3091,208,-1387,-3574,2427,1981,-1262,-1815,-235,-1494,-1858,3887,-2714,-1687,-1395,-789,-1159,-4595,-5723,3832,-5962
 "36045","Jefferson, NY",2,CAINC45,310,"...","Equals: Net income including corporate farms ","Thousands of dollars",11125,11005,10449,10511,10862,7582,4288,7159,1995,7132,7082,3724,2364,4003,2267,4170,7092,10357,12171,6943,13560,14031,6631,12158,10460,9116,2328,13869,987,990,957,-2492,530,1185,12621,27516,30220,15557,28063,30857,8024,32754,61334,44227,69937,79399,40405,32853,45749,36182,59524,66349,79842,103095
 "36045","Jefferson, NY",2,CAINC45,320,"..."," Less: Net income of corporate farms ","Thousands of dollars",59,73,95,168,228,103,62,87,18,76,114,18,40,41,12,80,182,260,335,159,553,693,264,288,175,206,39,298,10,16,15,-154,23,76,814,2379,2301,1044,2642,2327,395,2478,6123,3948,5194,5727,1282,2406,2658,4390,4943,6007,9006,13431
 "36045","Jefferson, NY",2,CAINC45,330,"..."," Plus: Statistical adjustment ","Thousands of dollars",1,1,1,1,1,0,0,-1,0,0,0,0,1,-1,0,1,1,1,0,0,0,0,0,0,0,0,0,0,0,0,0,0,0,0,0,-1,-1,0,0,0,0,0,0,0,0,0,0,0,0,0,0,0,0,0
 "36045","Jefferson, NY",2,CAINC45,340,"...","Equals: Farm proprietors' income ","Thousands of dollars",11067,10933,10355,10344,10635,7479,4226,7071,1977,7056,6968,3706,2325,3961,2255,4091,6911,10098,11836,6784,13007,13338,6367,11870,10285,8910,2289,13571,977,974,942,-2338,507,1109,11807,25136,27918,14513,25421,28530,7629,30276,55211,40279,64743,73672,39123,30447,43091,31792,54581,60342,70836,89664
 "36045","Jefferson, NY",2,CAINC45,350,"..."," Plus: Farm wages and salaries ","Thousands of dollars",2085,2047,2078,1991,2346,2669,3028,2981,3331,3219,3740,4106,4166,4946,4833,4897,5043,4750,4835,5313,5494,6291,5995,5716,5943,5551,5946,5897,5905,6668,6660,8352,9190,12158,10993,10758,8744,9648,11588,10814,10210,10258,9023,13652,13775,14756,11989,13618,13001,12232,9719,10519,9986,14237
 "36045","Jefferson, NY",2,CAINC45,360,"..."," Plus: Farm supplements to wages and salaries ","Thousands of dollars",240,246,271,261,312,368,372,396,436,413,512,570,557,590,652,651,686,686,735,778,982,1201,1283,1274,1398,1373,1415,1252,1151,1274,1318,1649,1997,2192,1988,1927,1695,1935,2738,3357,2950,2836,2679,3347,3867,3942,3622,3959,4267,3341,3012,2994,3164,5144
 "36045","Jefferson, NY",2,CAINC45,370,"...","Equals: Farm earnings ","Thousands of dollars",13392,13226,12704,12596,13293,10516,7626,10448,5744,10688,11220,8382,7048,9497,7740,9639,12640,15534,17406,12875,19483,20830,13645,18860,17626,15834,9650,20720,8033,8916,8920,7663,11694,15459,24788,37821,38357,26096,39747,42701,20789,43370,66913,57278,82385,92370,54734,48024,60359,47365,67312,73855,83986,109045
 "36047","Kings, NY",2,CAINC45,10,"...","Cash receipts from marketings (thousands of dollars) ","Thousands of dollars",0,0,0,0,0,0,0,0,0,0,0,0,0,0,0,0,0,0,0,0,0,0,0,0,0,0,0,0,0,0,0,0,0,0,0,0,0,0,0,0,0,0,0,0,0,0,0,0,0,0,0,0,0,0
 "36047","Kings, NY",2,CAINC45,20,"..."," Cash receipts: Livestock and products ","Thousands of dollars",0,0,0,0,0,0,0,0,0,0,0,0,0,0,0,0,0,0,0,0,0,0,0,0,0,0,0,0,0,0,0,0,0,0,0,0,0,0,0,0,0,0,0,0,0,0,0,0,0,0,0,0,0,0
 "36047","Kings, NY",2,CAINC45,60,"..."," Cash receipts: Crops ","Thousands of dollars",0,0,0,0,0,0,0,0,0,0,0,0,0,0,0,0,0,0,0,0,0,0,0,0,0,0,0,0,0,0,0,0,0,0,0,0,0,0,0,0,0,0,0,0,0,0,0,0,0,0,0,0,0,0
 "36047","Kings, NY",2,CAINC45,120,"...","Other income ","Thousands of dollars",0,0,0,0,0,0,0,0,0,0,0,0,0,0,0,0,0,0,0,0,0,0,0,0,0,0,0,0,0,0,0,0,0,0,0,0,0,0,0,0,0,0,0,0,0,0,0,0,0,0,0,0,0,0
 "36047","Kings, NY",2,CAINC45,130,"..."," Government payments ","Thousands of dollars",0,0,0,0,0,0,0,0,0,0,0,0,0,0,0,0,0,0,0,0,0,0,0,0,0,0,0,0,0,0,0,0,0,0,0,0,0,0,0,0,0,0,0,0,0,0,0,0,0,0,0,0,0,0
 "36047","Kings, NY",2,CAINC45,140,"..."," Imputed and miscellaneous income received 1/","Thousands of dollars",0,0,0,0,0,0,0,0,0,0,0,0,0,0,0,0,0,0,0,0,0,0,0,0,0,0,0,0,0,0,0,0,0,0,0,0,0,0,0,0,0,0,0,0,0,0,0,0,0,0,0,0,0,0
 "36047","Kings, NY",2,CAINC45,150,"...","Production expenses ","Thousands of dollars",0,0,0,0,0,0,0,0,0,0,0,0,0,0,0,0,0,0,0,0,0,0,0,0,0,0,0,0,0,0,0,0,0,0,0,0,0,0,0,0,0,0,0,0,0,0,0,0,0,0,0,0,0,0
 "36047","Kings, NY",2,CAINC45,160,"..."," Feed purchased ","Thousands of dollars",0,0,0,0,0,0,0,0,0,0,0,0,0,0,0,0,0,0,0,0,0,0,0,0,0,0,0,0,0,0,0,0,0,0,0,0,0,0,0,0,0,0,0,0,0,0,0,0,0,0,0,0,0,0
 "36047","Kings, NY",2,CAINC45,170,"..."," Livestock purchased ","Thousands of dollars",0,0,0,0,0,0,0,0,0,0,0,0,0,0,0,0,0,0,0,0,0,0,0,0,0,0,0,0,0,0,0,0,0,0,0,0,0,0,0,0,0,0,0,0,0,0,0,0,0,0,0,0,0,0
 "36047","Kings, NY",2,CAINC45,180,"..."," Seed purchased ","Thousands of dollars",0,0,0,0,0,0,0,0,0,0,0,0,0,0,0,0,0,0,0,0,0,0,0,0,0,0,0,0,0,0,0,0,0,0,0,0,0,0,0,0,0,0,0,0,0,0,0,0,0,0,0,0,0,0
 "36047","Kings, NY",2,CAINC45,190,"..."," Fertilizer and lime (incl. ag. chemicals 1978-fwd.) ","Thousands of dollars",0,0,0,0,0,0,0,0,0,0,0,0,0,0,0,0,0,0,0,0,0,0,0,0,0,0,0,0,0,0,0,0,0,0,0,0,0,0,0,0,0,0,0,0,0,0,0,0,0,0,0,0,0,0
 "36047","Kings, NY",2,CAINC45,200,"..."," Petroleum products purchased ","Thousands of dollars",0,0,0,0,0,0,0,0,0,0,0,0,0,0,0,0,0,0,0,0,0,0,0,0,0,0,0,0,0,0,0,0,0,0,0,0,0,0,0,0,0,0,0,0,0,0,0,0,0,0,0,0,0,0
 "36047","Kings, NY",2,CAINC45,210,"..."," Hired farm labor expenses 2/","Thousands of dollars",0,0,0,0,0,0,0,0,0,0,0,0,0,0,0,0,0,0,0,0,0,0,0,0,0,0,0,0,0,0,0,0,0,0,0,0,0,0,0,0,0,0,0,0,0,0,0,0,0,0,0,0,0,0
 "36047","Kings, NY",2,CAINC45,220,"..."," All other production expenses 3/","Thousands of dollars",0,0,0,0,0,0,0,0,0,0,0,0,0,0,0,0,0,0,0,0,0,0,0,0,0,0,0,0,0,0,0,0,0,0,0,0,0,0,0,0,0,0,0,0,0,0,0,0,0,0,0,0,0,0
 "36047","Kings, NY",2,CAINC45,240,"...","Value of inventory change ","Thousands of dollars",0,0,0,0,0,0,0,0,0,0,0,0,0,0,0,0,0,0,0,0,0,0,0,0,0,0,0,0,0,0,0,0,0,0,0,0,0,0,0,0,0,0,0,0,0,0,0,0,0,0,0,0,0,0
 "36047","Kings, NY",2,CAINC45,250,"..."," Value of inventory change: livestock ","Thousands of dollars",0,0,0,0,0,0,0,0,0,0,0,0,0,0,0,0,0,0,0,0,0,0,0,0,0,0,0,0,0,0,0,0,0,0,0,0,0,0,0,0,0,0,0,0,0,0,0,0,0,0,0,0,0,0
 "36047","Kings, NY",2,CAINC45,260,"..."," Value of inventory change: crops ","Thousands of dollars",0,0,0,0,0,0,0,0,0,0,0,0,0,0,0,0,0,0,0,0,0,0,0,0,0,0,0,0,0,0,0,0,0,0,0,0,0,0,0,0,0,0,0,0,0,0,0,0,0,0,0,0,0,0
 "36047","Kings, NY",2,CAINC45,265,"..."," Value of inventory change: materials and supplies ","Thousands of dollars",(NA),(NA),(NA),(NA),(NA),(NA),(NA),(NA),(NA),(NA),(NA),(NA),(NA),(NA),(NA),(NA),(NA),(NA),(NA),(NA),(NA),(NA),0,0,0,0,0,0,0,0,0,0,0,0,0,0,0,0,0,0,0,0,0,0,0,0,0,0,0,0,0,0,0,0
 "36047","Kings, NY",2,CAINC45,270,"...","Cash receipts and other income ","Thousands of dollars",0,0,0,0,0,0,0,0,0,0,0,0,0,0,0,0,0,0,0,0,0,0,0,0,0,0,0,0,0,0,0,0,0,0,0,0,0,0,0,0,0,0,0,0,0,0,0,0,0,0,0,0,0,0
 "36047","Kings, NY",2,CAINC45,280,"..."," Less: Production expenses ","Thousands of dollars",0,0,0,0,0,0,0,0,0,0,0,0,0,0,0,0,0,0,0,0,0,0,0,0,0,0,0,0,0,0,0,0,0,0,0,0,0,0,0,0,0,0,0,0,0,0,0,0,0,0,0,0,0,0
 "36047","Kings, NY",2,CAINC45,290,"...","Equals: Realized net income ","Thousands of dollars",0,0,0,0,0,0,0,0,0,0,0,0,0,0,0,0,0,0,0,0,0,0,0,0,0,0,0,0,0,0,0,0,0,0,0,0,0,0,0,0,0,0,0,0,0,0,0,0,0,0,0,0,0,0
 "36047","Kings, NY",2,CAINC45,300,"..."," Plus: Value of inventory change ","Thousands of dollars",0,0,0,0,0,0,0,0,0,0,0,0,0,0,0,0,0,0,0,0,0,0,0,0,0,0,0,0,0,0,0,0,0,0,0,0,0,0,0,0,0,0,0,0,0,0,0,0,0,0,0,0,0,0
 "36047","Kings, NY",2,CAINC45,310,"...","Equals: Net income including corporate farms ","Thousands of dollars",0,0,0,0,0,0,0,0,0,0,0,0,0,0,0,0,0,0,0,0,0,0,0,0,0,0,0,0,0,0,0,0,0,0,0,0,0,0,0,0,0,0,0,0,0,0,0,0,0,0,0,0,0,0
 "36047","Kings, NY",2,CAINC45,320,"..."," Less: Net income of corporate farms ","Thousands of dollars",0,0,0,0,0,0,0,0,0,0,0,0,0,0,0,0,0,0,0,0,0,0,0,0,0,0,0,0,0,0,0,0,0,0,0,0,0,0,0,0,0,0,0,0,0,0,0,0,0,0,0,0,0,0
 "36047","Kings, NY",2,CAINC45,330,"..."," Plus: Statistical adjustment ","Thousands of dollars",0,0,0,0,0,0,0,0,0,0,0,0,0,0,0,0,0,0,0,0,0,0,0,0,0,0,0,0,0,0,0,0,0,0,0,0,0,0,0,0,0,0,0,0,0,0,0,0,0,0,0,0,0,0
 "36047","Kings, NY",2,CAINC45,340,"...","Equals: Farm proprietors' income ","Thousands of dollars",0,0,0,0,0,0,0,0,0,0,0,0,0,0,0,0,0,0,0,0,0,0,0,0,0,0,0,0,0,0,0,0,0,0,0,0,0,0,0,0,0,0,0,0,0,0,0,0,0,0,0,0,0,0
 "36047","Kings, NY",2,CAINC45,350,"..."," Plus: Farm wages and salaries ","Thousands of dollars",0,0,0,0,0,0,0,0,0,0,0,0,0,0,0,0,0,0,0,0,0,0,0,0,0,0,0,0,0,0,0,0,0,0,0,0,0,0,0,0,0,0,0,0,0,0,0,0,0,0,0,0,0,0
 "36047","Kings, NY",2,CAINC45,360,"..."," Plus: Farm supplements to wages and salaries ","Thousands of dollars",0,0,0,0,0,0,0,0,0,0,0,0,0,0,0,0,0,0,0,0,0,0,0,0,0,0,0,0,0,0,0,0,0,0,0,0,0,0,0,0,0,0,0,0,0,0,0,0,0,0,0,0,0,0
 "36047","Kings, NY",2,CAINC45,370,"...","Equals: Farm earnings ","Thousands of dollars",0,0,0,0,0,0,0,0,0,0,0,0,0,0,0,0,0,0,0,0,0,0,0,0,0,0,0,0,0,0,0,0,0,0,0,0,0,0,0,0,0,0,0,0,0,0,0,0,0,0,0,0,0,0
 "36049","Lewis, NY",2,CAINC45,10,"...","Cash receipts from marketings (thousands of dollars) ","Thousands of dollars",23434,24449,25404,26526,29977,33889,35150,41005,40935,45440,54681,61215,64621,63629,66435,65051,62820,62553,63283,62728,68042,70180,63330,68065,64967,66984,65648,72325,62932,71004,71011,65416,78466,72156,73058,88637,88821,78470,112563,116570,88151,111813,138774,135354,153821,187158,145053,141928,155367,147587,162254,157291,172146,231894
 "36049","Lewis, NY",2,CAINC45,20,"..."," Cash receipts: Livestock and products ","Thousands of dollars",22772,23786,24713,25844,28890,32395,34113,39467,39557,44685,53907,60097,63222,62373,65040,63587,61613,60635,61021,60386,65897,68242,61551,66314,63350,65049,63551,70216,60785,68674,68731,62612,75647,64475,63454,78677,79084,67402,105924,105698,76234,99165,123700,117208,131344,166172,126095,123021,137640,128169,142133,136156,147934,204234
 "36049","Lewis, NY",2,CAINC45,60,"..."," Cash receipts: Crops ","Thousands of dollars",662,663,691,682,1087,1494,1037,1538,1378,755,774,1118,1399,1256,1395,1464,1207,1918,2262,2342,2145,1938,1779,1751,1617,1935,2097,2109,2147,2330,2280,2804,2819,7681,9604,9960,9737,11068,6639,10872,11917,12648,15074,18146,22477,20986,18958,18907,17727,19418,20121,21135,24212,27660
 "36049","Lewis, NY",2,CAINC45,120,"...","Other income ","Thousands of dollars",483,444,499,544,611,810,722,770,698,1346,1563,1534,1640,1911,2029,3233,2421,2776,2535,2012,2019,1764,1461,1612,2030,2069,2241,2096,2466,2673,4236,7358,2974,7766,8042,5698,5220,6250,4473,5569,11497,9820,6670,12832,11774,8421,6396,4560,5682,5540,9703,18186,10131,9963
 "36049","Lewis, NY",2,CAINC45,130,"..."," Government payments ","Thousands of dollars",85,47,96,121,54,129,81,95,77,312,200,66,79,92,279,1445,591,1140,1202,642,621,445,206,300,603,533,583,626,483,712,1785,4192,949,4991,4875,1696,2000,3234,828,733,5600,2984,698,3115,1528,120,886,827,647,1418,2512,14778,7007,1948
 "36049","Lewis, NY",2,CAINC45,140,"..."," Imputed and miscellaneous income received 1/","Thousands of dollars",398,397,403,423,557,681,641,675,621,1034,1363,1468,1561,1819,1750,1788,1830,1636,1333,1370,1398,1319,1255,1312,1427,1536,1658,1470,1983,1961,2451,3166,2025,2775,3167,4002,3220,3016,3645,4836,5897,6836,5972,9717,10246,8301,5510,3733,5035,4122,7191,3408,3124,8015
 "36049","Lewis, NY",2,CAINC45,150,"...","Production expenses ","Thousands of dollars",16326,17427,18200,18629,23066,29854,32937,36928,39924,43253,54374,55476,62066,63388,66032,62740,55835,53114,51936,52942,58103,59664,58781,59192,58846,62235,62112,64850,62114,65205,66122,65482,69701,74213,66104,69186,67191,66021,84628,92397,88241,90776,95376,109670,113093,123940,118999,117254,117214,120002,112303,121148,121074,141303
 "36049","Lewis, NY",2,CAINC45,160,"..."," Feed purchased ","Thousands of dollars",5060,5693,5798,5652,7974,10997,10686,12563,12346,12539,15030,16068,16913,14873,16898,14887,13417,13408,12521,13466,15424,15626,15522,15917,14925,14145,14323,14705,14004,15691,15450,14657,16170,17230,15059,15463,13023,12959,17027,21535,18880,21804,23674,27291,29464,30386,29999,27163,29422,29123,27776,30619,29223,28425
 "36049","Lewis, NY",2,CAINC45,170,"..."," Livestock purchased ","Thousands of dollars",1531,1512,1476,1462,1672,1636,1805,2216,2370,2861,4585,3496,3323,2544,2401,2228,1730,1813,2403,1926,2690,2903,2809,2834,3415,3340,3578,2935,2027,2078,2228,1616,2029,1458,777,969,1268,1286,1136,1099,1569,1677,2245,2655,2500,3656,2368,2819,2843,3601,3827,4042,4310,3961
 "36049","Lewis, NY",2,CAINC45,180,"..."," Seed purchased ","Thousands of dollars",164,185,213,219,315,408,425,530,585,577,648,652,688,681,568,702,638,631,628,768,818,821,910,758,719,812,886,1090,994,1196,1112,1389,1485,2017,1940,1636,1366,1177,1489,1785,1836,1922,2137,2679,2839,3112,2976,3376,3639,3457,2966,3330,2784,5014
 "36049","Lewis, NY",2,CAINC45,190,"..."," Fertilizer and lime (incl. ag. chemicals 1978-fwd.) ","Thousands of dollars",510,533,610,677,827,1275,1567,1447,1591,1858,2183,2121,2024,1976,2008,2378,2327,2198,2350,2231,2388,2330,2387,2130,1920,2414,2704,2671,2529,2562,2444,2477,2792,2623,2680,2861,3044,2983,3693,4646,4484,4792,5618,6978,7072,7311,6043,5766,4932,5686,5076,5856,6335,8261
 "36049","Lewis, NY",2,CAINC45,200,"..."," Petroleum products purchased ","Thousands of dollars",547,522,532,510,565,801,1067,1342,1523,1599,1998,2520,2702,2562,2364,2368,2067,1659,1516,1481,1490,1836,1785,1681,1717,1766,1889,2260,1920,1744,1608,2134,2052,1913,2277,2966,3519,3760,5177,5952,4786,5016,5847,6896,7754,8024,6165,5319,5833,5748,5673,5213,5860,8609
 "36049","Lewis, NY",2,CAINC45,210,"..."," Hired farm labor expenses 2/","Thousands of dollars",1209,1201,1291,1299,1565,1833,2256,2355,2755,2643,2984,2819,2921,3487,3334,3367,3361,3029,2996,3327,3589,4082,3990,3817,4293,4725,5389,5690,5173,5934,5607,6420,7117,9036,7229,7591,6354,6457,8509,8259,8362,8034,7509,10385,11075,12642,11292,13022,12443,11669,9974,10583,9814,14860
 "36049","Lewis, NY",2,CAINC45,220,"..."," All other production expenses 3/","Thousands of dollars",7305,7781,8280,8810,10148,12904,15131,16475,18754,21176,26946,27800,33495,37265,38459,36810,32295,30376,29522,29743,31704,32066,31378,32055,31857,35033,33343,35499,35467,36000,37673,36789,38056,39936,36142,37700,38617,37399,47597,49121,48324,47531,48346,52786,52389,58809,60156,59789,58102,60718,57011,61505,62748,72173
 "36049","Lewis, NY",2,CAINC45,240,"...","Value of inventory change ","Thousands of dollars",-341,-132,-46,-221,334,1068,274,-40,-1321,-183,1977,1628,2299,2250,176,-861,-1628,-1482,-1919,-3849,-295,179,-264,-39,-575,352,-829,1497,-1218,-874,-799,-2497,1234,2796,-811,-1182,-2244,1651,1671,-2099,149,384,-391,-856,3304,-1177,180,773,-344,-1086,-1871,-3678,3255,-1674
 "36049","Lewis, NY",2,CAINC45,250,"..."," Value of inventory change: livestock ","Thousands of dollars",-228,-130,-146,-6,261,861,334,-527,-1053,-723,1801,1381,3141,1465,445,-863,-1786,-1516,-1593,-2734,-136,260,265,7,-540,-1107,810,784,-1528,-562,-3,-2673,376,2196,-997,-369,-436,943,892,-2969,1290,-360,403,-458,2291,-519,1161,2025,-926,-1312,421,-1614,-10,422
 "36049","Lewis, NY",2,CAINC45,260,"..."," Value of inventory change: crops ","Thousands of dollars",-113,-2,100,-215,73,207,-60,487,-268,540,176,247,-842,785,-269,2,158,34,-326,-1115,-159,-81,-321,-717,124,621,-723,70,55,-593,-81,-218,1230,-214,752,-1384,-692,-6,12,644,-1131,-350,-470,-883,1148,-1311,-1605,-1204,548,193,-2028,-2318,2667,-2119
 "36049","Lewis, NY",2,CAINC45,265,"..."," Value of inventory change: materials and supplies ","Thousands of dollars",(NA),(NA),(NA),(NA),(NA),(NA),(NA),(NA),(NA),(NA),(NA),(NA),(NA),(NA),(NA),(NA),(NA),(NA),(NA),(NA),(NA),(NA),-208,671,-159,838,-916,643,255,281,-715,394,-372,814,-566,571,-1116,714,767,226,-10,1094,-324,485,-135,653,624,-48,34,33,-264,254,598,23
 "36049","Lewis, NY",2,CAINC45,270,"...","Cash receipts and other income ","Thousands of dollars",23917,24893,25903,27070,30588,34699,35872,41775,41633,46786,56244,62749,66261,65540,68464,68284,65241,65329,65818,64740,70061,71944,64791,69677,66997,69053,67889,74421,65398,73677,75247,72774,81440,79922,81100,94335,94041,84720,117036,122139,99648,121633,145444,148186,165595,195579,151449,146488,161049,153127,171957,175477,182277,241857
 "36049","Lewis, NY",2,CAINC45,280,"..."," Less: Production expenses ","Thousands of dollars",16326,17427,18200,18629,23066,29854,32937,36928,39924,43253,54374,55476,62066,63388,66032,62740,55835,53114,51936,52942,58103,59664,58781,59192,58846,62235,62112,64850,62114,65205,66122,65482,69701,74213,66104,69186,67191,66021,84628,92397,88241,90776,95376,109670,113093,123940,118999,117254,117214,120002,112303,121148,121074,141303
 "36049","Lewis, NY",2,CAINC45,290,"...","Equals: Realized net income ","Thousands of dollars",7591,7466,7703,8441,7522,4845,2935,4847,1709,3533,1870,7273,4195,2152,2432,5544,9406,12215,13882,11798,11958,12280,6010,10485,8151,6818,5777,9571,3284,8472,9125,7292,11739,5709,14996,25149,26850,18699,32408,29742,11407,30857,50068,38516,52502,71639,32450,29234,43835,33125,59654,54329,61203,100554
 "36049","Lewis, NY",2,CAINC45,300,"..."," Plus: Value of inventory change ","Thousands of dollars",-341,-132,-46,-221,334,1068,274,-40,-1321,-183,1977,1628,2299,2250,176,-861,-1628,-1482,-1919,-3849,-295,179,-264,-39,-575,352,-829,1497,-1218,-874,-799,-2497,1234,2796,-811,-1182,-2244,1651,1671,-2099,149,384,-391,-856,3304,-1177,180,773,-344,-1086,-1871,-3678,3255,-1674
 "36049","Lewis, NY",2,CAINC45,310,"...","Equals: Net income including corporate farms ","Thousands of dollars",7250,7334,7657,8220,7856,5913,3209,4807,388,3350,3847,8901,6494,4402,2608,4683,7778,10733,11963,7949,11663,12459,5746,10446,7576,7170,4948,11068,2066,7598,8326,4795,12973,8505,14185,23967,24606,20350,34079,27643,11556,31241,49677,37660,55806,70462,32630,30007,43491,32039,57783,50651,64458,98880
 "36049","Lewis, NY",2,CAINC45,320,"..."," Less: Net income of corporate farms ","Thousands of dollars",18,17,23,38,46,22,19,33,2,33,45,27,60,22,6,40,84,108,127,67,170,212,76,103,77,139,99,413,64,232,207,162,702,653,864,1540,1139,698,1358,1002,304,1383,3140,2281,2617,2954,546,1033,1032,1587,1959,1873,2970,5262
 "36049","Lewis, NY",2,CAINC45,330,"..."," Plus: Statistical adjustment ","Thousands of dollars",0,0,0,0,0,0,0,0,0,0,0,0,0,0,0,0,0,0,0,0,0,0,0,0,0,0,0,0,0,0,0,0,0,0,0,0,0,0,0,0,0,0,0,0,0,0,0,0,0,0,0,0,0,0
 "36049","Lewis, NY",2,CAINC45,340,"...","Equals: Farm proprietors' income ","Thousands of dollars",7232,7317,7634,8182,7810,5891,3190,4774,386,3317,3802,8874,6434,4380,2602,4643,7694,10625,11836,7882,11493,12247,5670,10343,7499,7031,4849,10655,2002,7366,8119,4633,12271,7852,13321,22427,23467,19652,32721,26641,11252,29858,46537,35379,53189,67508,32084,28974,42459,30452,55824,48778,61488,93618
 "36049","Lewis, NY",2,CAINC45,350,"..."," Plus: Farm wages and salaries ","Thousands of dollars",1003,1024,1082,1073,1294,1529,1820,1859,2149,2142,2503,2761,2811,3343,3094,2981,2884,2550,2436,2690,2795,3202,3069,2938,3131,3013,3326,3407,3536,3683,3453,4117,4355,5544,5241,5319,4486,5098,6277,5996,5767,5887,5247,8031,8112,8685,7054,8011,7648,7195,5729,6195,5883,8403
 "36049","Lewis, NY",2,CAINC45,360,"..."," Plus: Farm supplements to wages and salaries ","Thousands of dollars",116,125,141,143,177,217,224,242,273,263,333,376,371,405,429,410,414,402,399,424,552,679,717,708,776,765,789,704,648,684,681,829,984,1057,1004,1006,923,1079,1558,1952,1735,1668,1593,2008,2324,2365,2165,2363,2549,2000,1807,1801,1897,3064
 "36049","Lewis, NY",2,CAINC45,370,"...","Equals: Farm earnings ","Thousands of dollars",8351,8466,8857,9398,9281,7637,5234,6875,2808,5722,6638,12011,9616,8128,6125,8034,10992,13577,14671,10996,14840,16128,9456,13989,11406,10809,8964,14766,6186,11733,12253,9579,17610,14453,19566,28752,28876,25829,40556,34589,18754,37413,53377,45418,63625,78558,41303,39348,52656,39647,63360,56774,69268,105085
 "36051","Livingston, NY",2,CAINC45,10,"...","Cash receipts from marketings (thousands of dollars) ","Thousands of dollars",23011,24817,25845,26206,32821,37692,38948,42464,40826,44177,54666,59930,66251,61105,61124,60745,57317,57399,59320,63052,66538,66731,63061,66972,66543,70277,73424,79092,71608,74656,74859,73182,82667,83028,80880,95285,95016,91110,157090,163691,131930,153874,180812,182521,194912,219758,173243,168856,177430,174196,190965,189372,214334,280689
 "36051","Livingston, NY",2,CAINC45,20,"..."," Cash receipts: Livestock and products ","Thousands of dollars",16601,17233,17708,18781,21829,23468,23566,26636,26055,29577,37147,40243,42089,41829,42900,41941,40154,39172,39720,39616,44210,46988,43776,47142,47138,48422,48269,53306,47619,50393,51395,48038,57687,54005,52494,64886,66742,57394,104099,102413,73848,94390,116477,109879,124297,158170,122380,120508,135101,125926,140263,134310,145406,201005
 "36051","Livingston, NY",2,CAINC45,60,"..."," Cash receipts: Crops ","Thousands of dollars",6410,7584,8137,7425,10992,14224,15382,15828,14771,14600,17519,19687,24162,19276,18224,18804,17163,18227,19600,23436,22328,19743,19285,19830,19405,21855,25155,25786,23989,24263,23464,25144,24980,29023,28386,30399,28274,33716,52991,61278,58082,59484,64335,72642,70615,61588,50863,48348,42329,48270,50702,55062,68928,79684
 "36051","Livingston, NY",2,CAINC45,120,"...","Other income ","Thousands of dollars",2171,1989,1762,1913,1758,1255,1215,1309,1668,2031,1847,1581,1863,2833,3853,4601,4165,5855,8261,6982,6059,6102,5781,6978,8140,5488,5571,4760,5210,6814,10312,11684,9731,9008,9369,9555,12299,10255,8415,10829,13585,11966,11583,15652,14677,12978,14874,13553,19236,11252,21335,35137,14350,14392
 "36051","Livingston, NY",2,CAINC45,130,"..."," Government payments ","Thousands of dollars",1636,1459,1214,1342,1006,306,236,197,560,958,484,159,404,1200,2263,2971,2495,4342,6895,5136,3686,3387,2730,3221,4675,2303,2625,2540,2611,3986,6540,6582,6443,4450,4388,3443,7525,5889,3188,3474,5590,2743,3549,4842,3463,1357,5228,5890,5311,4533,7543,28755,8706,2416
 "36051","Livingston, NY",2,CAINC45,140,"..."," Imputed and miscellaneous income received 1/","Thousands of dollars",535,530,548,571,752,949,979,1112,1108,1073,1363,1422,1459,1633,1590,1630,1670,1513,1366,1846,2373,2715,3051,3757,3465,3185,2946,2220,2599,2828,3772,5102,3288,4558,4981,6112,4774,4366,5227,7355,7995,9223,8034,10810,11214,11621,9646,7663,13925,6719,13792,6382,5644,11976
 "36051","Livingston, NY",2,CAINC45,150,"...","Production expenses ","Thousands of dollars",16984,18339,19910,21032,25811,33317,35884,40269,39124,42845,51728,58191,63182,62442,63845,63236,57448,54306,54161,55899,61558,64650,64690,64632,67267,73485,79495,79085,83002,85459,85346,85695,91295,97141,91738,100995,103812,117653,141604,145677,134577,131853,133263,150326,154448,168283,160054,159190,158564,161832,149854,162235,161433,194307
 "36051","Livingston, NY",2,CAINC45,160,"..."," Feed purchased ","Thousands of dollars",2270,2647,2766,2749,3937,5496,4988,5941,5023,5008,6093,7474,8121,6683,7709,6902,6327,6436,6124,6975,8393,8873,9153,9703,9588,9338,10322,10129,11947,12677,11843,10677,11212,11386,11547,13499,12761,15655,20347,23885,19634,21434,22141,24416,28226,31158,32921,31903,36989,36612,34920,38494,36739,35736
 "36051","Livingston, NY",2,CAINC45,170,"..."," Livestock purchased ","Thousands of dollars",1125,1198,1254,1322,1599,1648,1540,1785,1554,1779,2851,2459,2386,1694,1736,1741,1455,1636,2315,1959,2892,3320,3431,3585,4566,4517,5002,4161,3012,3500,4610,4096,6170,5867,3129,3952,5401,5681,6010,3994,4021,2920,2549,1794,1573,2125,1269,1360,1204,1523,1629,1716,1826,1680
 "36051","Livingston, NY",2,CAINC45,180,"..."," Seed purchased ","Thousands of dollars",682,713,779,770,1073,1359,1469,2024,2093,2188,2239,2315,2285,1931,1665,2125,1992,2040,2090,2540,2688,2685,2958,2450,2434,2843,3319,3859,4097,4031,3157,3395,3175,3820,4692,4914,5002,5751,7832,8571,8187,8050,8490,10159,9909,9988,8769,9112,8974,8525,7314,8211,6865,12363
 "36051","Livingston, NY",2,CAINC45,190,"..."," Fertilizer and lime (incl. ag. chemicals 1978-fwd.) ","Thousands of dollars",1670,1729,1964,2174,2615,3947,4466,4211,3953,4631,5891,6892,7125,6797,6354,6921,6221,5393,5282,5272,5930,6083,6544,6128,5654,7161,8495,7814,8823,8391,7489,7076,7401,6426,7146,8157,9171,10443,12105,13792,12283,12289,13623,16129,16537,17314,14513,14064,12242,14113,12599,14535,15724,20504
 "36051","Livingston, NY",2,CAINC45,200,"..."," Petroleum products purchased ","Thousands of dollars",808,822,879,876,1001,1459,1844,2412,2441,2625,3111,4248,4510,3870,3628,3701,3303,2722,2575,2454,2410,2899,2755,2535,2674,2781,3163,3527,3578,3184,2875,3732,3511,3205,3678,4685,5473,6426,7899,8982,7151,7432,8593,10068,11077,11198,8386,7035,7480,7372,7275,6685,7515,11040
 "36051","Livingston, NY",2,CAINC45,210,"..."," Hired farm labor expenses 2/","Thousands of dollars",2933,2930,3151,3170,3821,4445,5147,5554,5738,5638,6213,6453,6468,7121,6933,7177,7369,6755,6877,7563,8161,9329,9042,8777,9652,9985,11264,11243,11688,12446,11459,13125,14031,17686,15648,16281,13729,15838,19594,18274,17624,16802,15089,21159,21084,22684,19014,21317,19678,18448,15472,16380,15011,23553
 "36051","Livingston, NY",2,CAINC45,220,"..."," All other production expenses 3/","Thousands of dollars",7496,8300,9117,9971,11765,14963,16430,18342,18322,20976,25330,28350,32287,34346,35820,34669,30781,29324,28898,29136,31084,31461,30807,31454,32699,36860,37930,38352,39857,41230,43913,43594,45795,48751,45898,49507,52275,57859,67817,68179,65677,62926,62778,66601,66042,73816,75182,74399,71997,75239,70645,76214,77753,89431
 "36051","Livingston, NY",2,CAINC45,240,"...","Value of inventory change ","Thousands of dollars",-45,-96,127,-2089,536,3660,1117,-530,-915,21,3131,1253,3629,1345,-2914,-631,-823,-857,-1514,-5559,-178,1810,-1335,-644,890,2524,-1907,1368,2290,378,-1297,-4688,365,1961,584,-943,-2661,1842,1200,4689,-8619,-1712,-7606,-3513,1489,-6234,-5059,-5438,-2922,-2271,-8820,-7485,1630,-14586
 "36051","Livingston, NY",2,CAINC45,250,"..."," Value of inventory change: livestock ","Thousands of dollars",-181,-111,-118,-39,175,650,213,-450,-871,-577,1502,1209,2546,1082,347,-670,-1562,-1066,-1108,-1648,-129,112,84,41,-415,-893,553,548,-1218,-480,17,-2273,306,1863,-836,-283,-390,769,879,-3038,1333,-331,232,-269,1926,-353,1021,1840,-738,-1372,594,-1743,18,444
 "36051","Livingston, NY",2,CAINC45,260,"..."," Value of inventory change: crops ","Thousands of dollars",136,15,245,-2050,361,3010,904,-80,-44,598,1629,44,1083,263,-3261,39,739,209,-406,-3911,-49,1698,-1217,-1345,1471,2477,-1366,0,3162,500,-455,-2861,459,-730,2090,-1418,-659,-31,-933,7377,-9937,-2922,-7399,-3880,-255,-6782,-6963,-7209,-2234,-948,-9018,-6123,715,-15065
 "36051","Livingston, NY",2,CAINC45,265,"..."," Value of inventory change: materials and supplies ","Thousands of dollars",(NA),(NA),(NA),(NA),(NA),(NA),(NA),(NA),(NA),(NA),(NA),(NA),(NA),(NA),(NA),(NA),(NA),(NA),(NA),(NA),(NA),(NA),-202,660,-166,940,-1094,820,346,358,-859,446,-400,828,-670,758,-1612,1104,1254,350,-15,1541,-439,636,-182,901,883,-69,50,49,-396,381,897,35
 "36051","Livingston, NY",2,CAINC45,270,"...","Cash receipts and other income ","Thousands of dollars",25182,26806,27607,28119,34579,38947,40163,43773,42494,46208,56513,61511,68114,63938,64977,65346,61482,63254,67581,70034,72597,72833,68842,73950,74683,75765,78995,83852,76818,81470,85171,84866,92398,92036,90249,104840,107315,101365,165505,174520,145515,165840,192395,198173,209589,232736,188117,182409,196666,185448,212300,224509,228684,295081
 "36051","Livingston, NY",2,CAINC45,280,"..."," Less: Production expenses ","Thousands of dollars",16984,18339,19910,21032,25811,33317,35884,40269,39124,42845,51728,58191,63182,62442,63845,63236,57448,54306,54161,55899,61558,64650,64690,64632,67267,73485,79495,79085,83002,85459,85346,85695,91295,97141,91738,100995,103812,117653,141604,145677,134577,131853,133263,150326,154448,168283,160054,159190,158564,161832,149854,162235,161433,194307
 "36051","Livingston, NY",2,CAINC45,290,"...","Equals: Realized net income ","Thousands of dollars",8198,8467,7697,7087,8768,5630,4279,3504,3370,3363,4785,3320,4932,1496,1132,2110,4034,8948,13420,14135,11039,8183,4152,9318,7416,2280,-500,4767,-6184,-3989,-175,-829,1103,-5105,-1489,3845,3503,-16288,23901,28843,10938,33987,59132,47847,55141,64453,28063,23219,38102,23616,62446,62274,67251,100774
 "36051","Livingston, NY",2,CAINC45,300,"..."," Plus: Value of inventory change ","Thousands of dollars",-45,-96,127,-2089,536,3660,1117,-530,-915,21,3131,1253,3629,1345,-2914,-631,-823,-857,-1514,-5559,-178,1810,-1335,-644,890,2524,-1907,1368,2290,378,-1297,-4688,365,1961,584,-943,-2661,1842,1200,4689,-8619,-1712,-7606,-3513,1489,-6234,-5059,-5438,-2922,-2271,-8820,-7485,1630,-14586
 "36051","Livingston, NY",2,CAINC45,310,"...","Equals: Net income including corporate farms ","Thousands of dollars",8153,8371,7824,4998,9304,9290,5396,2974,2455,3384,7916,4573,8561,2841,-1782,1479,3211,8091,11906,8576,10861,9993,2817,8674,8306,4804,-2407,6135,-3894,-3611,-1472,-5517,1468,-3144,-905,2902,842,-14446,25101,33532,2319,32275,51526,44334,56630,58219,23004,17781,35180,21345,53626,54789,68881,86188
 "36051","Livingston, NY",2,CAINC45,320,"..."," Less: Net income of corporate farms ","Thousands of dollars",335,325,348,340,757,454,397,244,188,381,847,101,465,67,-269,84,269,717,1247,732,1617,1769,395,1746,1395,1273,-1159,2394,-1734,-1797,-851,-2966,482,-1123,-379,1130,249,-7241,6890,6836,285,5649,10983,7779,8746,9244,1701,3217,5350,6781,11659,12988,20344,29401
 "36051","Livingston, NY",2,CAINC45,330,"..."," Plus: Statistical adjustment ","Thousands of dollars",0,0,0,0,0,0,0,0,0,0,0,0,0,0,0,0,0,0,0,0,0,0,0,0,0,0,0,0,0,0,0,0,0,0,0,0,0,0,0,0,-1,1,0,0,0,0,0,0,0,0,0,0,0,0
 "36051","Livingston, NY",2,CAINC45,340,"...","Equals: Farm proprietors' income ","Thousands of dollars",7818,8046,7476,4658,8547,8836,4999,2730,2267,3003,7069,4472,8096,2774,-1513,1395,2942,7374,10659,7844,9244,8224,2422,6928,6911,3531,-1248,3741,-2160,-1814,-621,-2551,986,-2021,-526,1772,593,-7205,18211,26696,2033,26627,40543,36555,47884,48975,21303,14564,29830,14564,41967,41801,48537,56787
 "36051","Livingston, NY",2,CAINC45,350,"..."," Plus: Farm wages and salaries ","Thousands of dollars",2453,2507,2645,2626,3216,3767,4431,4500,5157,5152,5590,5782,5614,6373,6046,5928,5916,5422,5337,6003,6343,7421,7185,6957,7568,7385,8277,8646,9156,9345,8619,10110,10487,13350,12617,12887,10822,12349,15294,14125,13219,13174,11527,17352,17477,18735,15229,17312,16533,15556,12303,13341,12655,17978
 "36051","Livingston, NY",2,CAINC45,360,"..."," Plus: Farm supplements to wages and salaries ","Thousands of dollars",258,272,311,314,393,475,547,643,780,774,823,814,734,705,773,748,760,733,781,843,1065,1316,1438,1454,1658,1695,1830,1681,1611,1629,1568,1838,2095,2198,2094,2145,1965,2370,3495,4235,3671,3525,3291,4056,4679,4784,4433,4865,5241,4084,3666,3634,3855,6373
 "36051","Livingston, NY",2,CAINC45,370,"...","Equals: Farm earnings ","Thousands of dollars",10529,10825,10432,7598,12156,13078,9977,7873,8204,8929,13482,11068,14444,9852,5306,8071,9618,13529,16777,14690,16652,16961,11045,15339,16137,12611,8859,14068,8607,9160,9566,9397,13568,13527,14185,16804,13380,7514,37000,45056,18923,43326,55361,57963,70040,72494,40965,36741,51604,34204,57936,58776,65047,81138
 "36053","Madison, NY",2,CAINC45,10,"...","Cash receipts from marketings (thousands of dollars) ","Thousands of dollars",27310,28131,28735,29515,33747,37721,39188,44329,44912,49849,59999,67793,73081,70431,73500,73426,69807,70168,71526,71122,76102,77281,71261,74114,73886,74093,71535,76787,66548,78522,77689,72235,83808,62430,61964,74564,74680,66297,86041,95166,76417,94655,116537,117124,126393,145808,112340,107421,112886,109476,118975,116888,129021,169262
 "36053","Madison, NY",2,CAINC45,20,"..."," Cash receipts: Livestock and products ","Thousands of dollars",25070,25684,26248,27193,30276,33438,34848,40247,40114,45029,54803,61303,65002,63447,66557,65948,63844,63223,64258,63224,68518,70431,63342,67842,66220,66733,64089,70053,58986,70242,69400,62650,74216,54224,52686,65056,65620,56032,69807,72541,54463,72464,92368,89589,96636,117987,87230,82211,89135,83414,91910,88271,95720,131157
 "36053","Madison, NY",2,CAINC45,60,"..."," Cash receipts: Crops ","Thousands of dollars",2240,2447,2487,2322,3471,4283,4340,4082,4798,4820,5196,6490,8079,6984,6943,7478,5963,6945,7268,7898,7584,6850,7919,6272,7666,7360,7446,6734,7562,8280,8289,9585,9592,8206,9278,9508,9060,10265,16234,22625,21954,22191,24169,27535,29757,27821,25110,25210,23751,26062,27065,28617,33301,38105
 "36053","Madison, NY",2,CAINC45,120,"...","Other income ","Thousands of dollars",894,796,714,830,900,900,894,980,966,1398,1524,1638,1622,1902,2085,2652,2139,1748,2124,1785,2005,1797,1749,1868,2203,2410,2618,2455,3087,3163,4832,8298,3788,8954,8540,7143,6122,7335,6380,6926,11689,9537,8569,14133,19670,17380,15513,12619,19709,16727,29137,26472,18415,29088
 "36053","Madison, NY",2,CAINC45,130,"..."," Government payments ","Thousands of dollars",422,327,244,341,252,119,145,145,150,350,162,176,84,147,484,1136,730,579,1218,752,842,579,475,406,558,591,609,646,603,748,1842,4463,1387,5221,4386,1976,2040,3562,1843,1111,4696,1243,1131,2656,1778,309,985,1281,531,1700,2609,13887,7444,1301
 "36053","Madison, NY",2,CAINC45,140,"..."," Imputed and miscellaneous income received 1/","Thousands of dollars",472,469,470,489,648,781,749,835,816,1048,1362,1462,1538,1755,1601,1516,1409,1169,906,1033,1163,1218,1274,1462,1645,1819,2009,1809,2484,2415,2990,3835,2401,3733,4154,5167,4082,3773,4537,5815,6993,8294,7438,11477,17892,17071,14528,11338,19178,15027,26528,12585,10971,27787
 "36053","Madison, NY",2,CAINC45,150,"...","Production expenses ","Thousands of dollars",19515,20353,21107,21470,26096,33099,36336,39778,42749,45692,55733,63158,70047,69467,72115,69770,62854,59899,59008,59717,64534,65933,64538,64157,63593,66236,68358,65532,66546,66320,63802,60908,62017,62873,56987,60254,59639,65797,76120,84908,82697,85052,90014,104782,106949,116538,110357,109368,107772,109951,101663,109695,109304,131730
 "36053","Madison, NY",2,CAINC45,160,"..."," Feed purchased ","Thousands of dollars",4917,5370,5347,5120,7121,9706,9312,10819,10511,10561,12597,15190,16429,13693,15638,13853,12558,12628,11871,12553,14157,14138,13858,14038,13032,11944,12440,11517,12829,13216,11970,10446,10598,10379,9171,9519,8104,9056,10824,13903,12339,14395,15759,18293,19833,20546,20381,18549,20202,19997,19072,21025,20066,19518
 "36053","Madison, NY",2,CAINC45,170,"..."," Livestock purchased ","Thousands of dollars",1103,1243,1360,1485,1851,1956,1926,2157,2136,2415,3814,3239,3115,2230,2081,1910,1464,1516,1985,1633,2341,2583,2562,2639,3451,3525,3953,3423,2463,2773,3073,2345,3038,2011,1137,1544,2248,2585,2116,1650,1992,1793,2054,2110,1877,2600,1607,1809,1728,2199,2323,2459,2617,2387
 "36053","Madison, NY",2,CAINC45,180,"..."," Seed purchased ","Thousands of dollars",417,438,480,475,663,842,889,1119,1245,1237,1380,1550,1674,1568,1268,1514,1327,1266,1203,1514,1654,1701,1925,1635,1524,1683,1875,2092,2139,2084,1614,1718,1588,1891,2105,2045,1961,2147,2807,3147,3069,3074,3296,3998,4109,4373,4065,4486,4710,4475,3838,4309,3603,6489
 "36053","Madison, NY",2,CAINC45,190,"..."," Fertilizer and lime (incl. ag. chemicals 1978-fwd.) ","Thousands of dollars",1055,1044,1149,1245,1461,2155,2607,2413,2600,3031,3645,4067,4083,3871,3680,4082,3740,3312,3318,3299,3697,3779,4052,3779,3224,3791,4191,3603,3817,3674,3324,3188,3391,3003,3173,3481,3792,4208,4774,5610,5129,5249,5938,7155,7256,7507,6211,5932,5082,5858,5230,6034,6527,8511
 "36053","Madison, NY",2,CAINC45,200,"..."," Petroleum products purchased ","Thousands of dollars",846,815,837,807,897,1279,1640,2008,2234,2312,2793,3870,4202,3738,3425,3400,2935,2324,2088,2022,2017,2466,2378,2220,2197,2156,2326,2471,2395,2180,2013,2676,2578,2410,2668,3321,3818,4428,5392,6411,5305,5701,6791,8168,8684,8437,6033,4791,4767,4698,4636,4260,4789,7035
 "36053","Madison, NY",2,CAINC45,210,"..."," Hired farm labor expenses 2/","Thousands of dollars",2233,2171,2289,2260,2674,3069,3713,3830,4420,4198,4621,4805,4842,5471,5297,5427,5529,5068,5094,5497,5787,6479,6182,5874,6264,6362,7076,6764,6873,7488,6933,8008,8681,10953,9357,9338,7622,8457,10022,9875,10116,9893,9354,13112,14140,16276,14476,17080,16659,15639,12964,13784,12710,19937
 "36053","Madison, NY",2,CAINC45,220,"..."," All other production expenses 3/","Thousands of dollars",8944,9272,9645,10078,11429,14092,16249,17432,19603,21938,26883,30437,35702,38896,40726,39584,35301,33785,33449,33199,34881,34787,33581,33972,33901,36775,36497,35662,36030,34905,34875,32527,32143,32226,29376,31006,32094,34916,40185,44312,44747,44947,46822,51946,51050,56799,57584,56721,54624,57085,53600,57824,58992,67853
 "36053","Madison, NY",2,CAINC45,240,"...","Value of inventory change ","Thousands of dollars",-385,-145,96,-956,551,1612,571,-185,-1325,-76,2425,1712,3473,1536,-1039,-995,-1295,-1782,-1951,-5593,-387,469,-399,-255,-134,821,-1092,1610,-750,-589,-922,-2891,1288,2118,-326,-1295,-1990,1198,1270,-134,-2122,-510,-1771,-1669,2507,-2336,-1783,-1516,-811,-735,-3781,-4420,2318,-5233
 "36053","Madison, NY",2,CAINC45,250,"..."," Value of inventory change: livestock ","Thousands of dollars",-258,-150,-167,-12,292,968,375,-599,-1191,-751,1835,1409,3300,1491,485,-1013,-2156,-1866,-1754,-2980,-142,286,268,13,-577,-1137,783,735,-1431,-538,-2,-2214,306,1997,-899,-275,-368,717,702,-2443,1051,-282,283,-327,1685,-356,805,1352,-590,-870,297,-1071,-6,279
 "36053","Madison, NY",2,CAINC45,260,"..."," Value of inventory change: crops ","Thousands of dollars",-127,5,263,-944,259,644,196,414,-134,675,590,303,173,45,-1524,18,861,84,-197,-2613,-245,183,-449,-968,609,1078,-911,195,412,-326,-268,-1011,1276,-479,1003,-1466,-738,-94,-51,2123,-3165,-1130,-1786,-1743,933,-2511,-3090,-2830,-248,109,-3870,-3549,1852,-5530
 "36053","Madison, NY",2,CAINC45,265,"..."," Value of inventory change: materials and supplies ","Thousands of dollars",(NA),(NA),(NA),(NA),(NA),(NA),(NA),(NA),(NA),(NA),(NA),(NA),(NA),(NA),(NA),(NA),(NA),(NA),(NA),(NA),(NA),(NA),-218,700,-166,880,-964,680,269,275,-652,334,-294,600,-430,446,-884,575,619,186,-8,902,-268,401,-111,531,502,-38,27,26,-208,200,472,18
 "36053","Madison, NY",2,CAINC45,270,"...","Cash receipts and other income ","Thousands of dollars",28204,28927,29449,30345,34647,38621,40082,45309,45878,51247,61523,69431,74703,72333,75585,76078,71946,71916,73650,72907,78107,79078,73010,75982,76089,76503,74153,79242,69635,81685,82521,80533,87596,71384,70504,81707,80802,73632,92421,102092,88106,104192,125106,131257,146063,163188,127853,120040,132595,126203,148112,143360,147436,198350
 "36053","Madison, NY",2,CAINC45,280,"..."," Less: Production expenses ","Thousands of dollars",19515,20353,21107,21470,26096,33099,36336,39778,42749,45692,55733,63158,70047,69467,72115,69770,62854,59899,59008,59717,64534,65933,64538,64157,63593,66236,68358,65532,66546,66320,63802,60908,62017,62873,56987,60254,59639,65797,76120,84908,82697,85052,90014,104782,106949,116538,110357,109368,107772,109951,101663,109695,109304,131730
 "36053","Madison, NY",2,CAINC45,290,"...","Equals: Realized net income ","Thousands of dollars",8689,8574,8342,8875,8551,5522,3746,5531,3129,5555,5790,6273,4656,2866,3470,6308,9092,12017,14642,13190,13573,13145,8472,11825,12496,10267,5795,13710,3089,15365,18719,19625,25579,8511,13517,21453,21163,7835,16301,17184,5409,19140,35092,26475,39114,46650,17496,10672,24823,16252,46449,33665,38132,66620
 "36053","Madison, NY",2,CAINC45,300,"..."," Plus: Value of inventory change ","Thousands of dollars",-385,-145,96,-956,551,1612,571,-185,-1325,-76,2425,1712,3473,1536,-1039,-995,-1295,-1782,-1951,-5593,-387,469,-399,-255,-134,821,-1092,1610,-750,-589,-922,-2891,1288,2118,-326,-1295,-1990,1198,1270,-134,-2122,-510,-1771,-1669,2507,-2336,-1783,-1516,-811,-735,-3781,-4420,2318,-5233
 "36053","Madison, NY",2,CAINC45,310,"...","Equals: Net income including corporate farms ","Thousands of dollars",8304,8429,8438,7919,9102,7134,4317,5346,1804,5479,8215,7985,8129,4402,2431,5313,7797,10235,12691,7597,13186,13614,8073,11570,12362,11088,4703,15320,2339,14776,17797,16734,26867,10629,13191,20158,19173,9033,17571,17050,3287,18630,33321,24806,41621,44314,15713,9156,24012,15517,42668,29245,40450,61387
 "36053","Madison, NY",2,CAINC45,320,"..."," Less: Net income of corporate farms ","Thousands of dollars",178,163,179,249,331,151,111,132,37,150,251,60,180,52,15,128,263,350,493,237,708,858,397,841,757,1052,398,2045,229,1085,818,824,1527,626,869,1718,1479,681,1823,1286,146,1144,2414,1426,2228,2565,444,659,1510,2039,3838,2868,4942,8663
 "36053","Madison, NY",2,CAINC45,330,"..."," Plus: Statistical adjustment ","Thousands of dollars",0,0,0,0,0,0,0,0,0,0,0,0,0,0,0,0,0,0,0,0,0,0,0,0,0,0,0,0,0,0,0,0,0,0,0,0,0,0,0,0,0,0,0,0,0,0,0,0,0,0,0,0,0,0
 "36053","Madison, NY",2,CAINC45,340,"...","Equals: Farm proprietors' income ","Thousands of dollars",8126,8266,8259,7670,8771,6983,4206,5214,1767,5329,7964,7925,7949,4350,2416,5185,7534,9885,12198,7360,12478,12756,7676,10729,11605,10036,4305,13275,2110,13691,16979,15910,25340,10003,12322,18440,17694,8352,15748,15764,3141,17486,30907,23380,39393,41749,15269,8497,22502,13478,38830,26377,35508,52724
 "36053","Madison, NY",2,CAINC45,350,"..."," Plus: Farm wages and salaries ","Thousands of dollars",1922,1918,1978,1925,2316,2671,3046,3021,3393,3306,3775,4085,4104,4818,4580,4516,4525,4158,4131,4497,4610,5234,4949,4687,4909,4623,4991,4997,5061,5368,5110,6170,6589,8481,7564,7296,5866,6393,7579,7339,7147,7374,6624,10207,10329,11050,8970,10179,9713,9138,7308,7891,7498,10746
 "36053","Madison, NY",2,CAINC45,360,"..."," Plus: Farm supplements to wages and salaries ","Thousands of dollars",227,234,258,252,306,360,371,400,450,428,514,557,540,561,612,594,611,599,628,660,826,1002,1062,1049,1148,1131,1162,1024,937,999,1003,1229,1460,1578,1416,1357,1184,1331,1851,2379,2178,2130,2070,2671,3093,3141,2853,3104,3346,2637,2391,2387,2506,3988
 "36053","Madison, NY",2,CAINC45,370,"...","Equals: Farm earnings ","Thousands of dollars",10275,10418,10495,9847,11393,10014,7623,8635,5610,9063,12253,12567,12593,9729,7608,10295,12670,14642,16957,12517,17914,18992,13687,16465,17662,15790,10458,19296,8108,20058,23092,23309,33389,20062,21302,27093,24744,16076,25178,25482,12466,26990,39601,36258,52815,55940,27092,21780,35561,25253,48529,36655,45512,67458
 "36055","Monroe, NY",2,CAINC45,10,"...","Cash receipts from marketings (thousands of dollars) ","Thousands of dollars",21675,21295,21416,20182,25686,28667,30308,30832,32826,35235,41821,45917,52148,47646,46478,50589,47052,48120,51419,51974,52308,49483,49290,46180,50418,47490,48942,46223,49106,54853,57082,62610,64476,63902,56572,59869,59205,64496,80628,92246,82259,86588,89621,96923,87516,83618,73866,71753,68060,70931,73864,77597,88929,103081
 "36055","Monroe, NY",2,CAINC45,20,"..."," Cash receipts: Livestock and products ","Thousands of dollars",10721,9890,9120,8877,9517,9116,9246,10593,10673,12231,15101,16324,16717,16066,16389,15985,14750,13919,13805,13458,14270,14342,13032,13457,14056,12366,11976,12181,10008,10562,10728,10456,12288,9602,8111,9617,9824,8516,10331,9856,7192,8377,9773,9634,9859,12220,10381,9282,10487,10109,10773,10499,11209,14596
 "36055","Monroe, NY",2,CAINC45,60,"..."," Cash receipts: Crops ","Thousands of dollars",10954,11405,12296,11305,16169,19551,21062,20239,22153,23004,26720,29593,35431,31580,30089,34604,32302,34201,37614,38516,38038,35141,36258,32723,36362,35124,36966,34042,39098,44291,46354,52154,52188,54300,48461,50252,49381,55980,70297,82390,75067,78211,79848,87289,77657,71398,63485,62471,57573,60822,63091,67098,77720,88485
 "36055","Monroe, NY",2,CAINC45,120,"...","Other income ","Thousands of dollars",2138,1979,1581,1685,1454,1183,1254,1430,1599,1696,1689,1608,1817,2530,3691,3296,3753,4338,5923,5354,4978,4512,3434,3639,4749,2640,2401,1895,1881,3357,5938,7123,5820,5970,6585,6423,8319,5174,4751,6268,6395,7473,7829,8200,13257,11503,9667,9803,18096,13024,21491,20383,10476,18500
 "36055","Monroe, NY",2,CAINC45,130,"..."," Government payments ","Thousands of dollars",1530,1371,957,1041,642,158,165,227,434,646,312,133,256,723,1895,1399,1739,2483,4112,3477,3044,2679,1686,1785,3145,1281,1262,1125,1150,1952,3628,3616,3392,1913,2565,1863,4989,2293,1463,1990,1672,1560,1349,1564,1153,391,565,2143,1888,1962,2065,10243,3330,2898
 "36055","Monroe, NY",2,CAINC45,140,"..."," Imputed and miscellaneous income received 1/","Thousands of dollars",608,608,624,644,812,1025,1089,1203,1165,1050,1377,1475,1561,1807,1796,1897,2014,1855,1811,1877,1934,1833,1748,1854,1604,1359,1139,770,731,1405,2310,3507,2428,4057,4020,4560,3330,2881,3288,4278,4723,5913,6480,6636,12104,11112,9102,7660,16208,11062,19426,10140,7146,15602
 "36055","Monroe, NY",2,CAINC45,150,"...","Production expenses ","Thousands of dollars",15810,15855,16294,16805,19166,23400,26609,28379,31087,32998,37947,40935,43329,42925,45212,47396,42441,44714,46643,45955,47902,48416,46428,44303,44999,48548,51576,50731,52291,50484,46816,45817,45450,46738,45867,49364,50152,56474,67420,73248,69507,68633,70575,82371,82886,88993,81586,81235,77979,80363,73110,79461,79657,101837
 "36055","Monroe, NY",2,CAINC45,160,"..."," Feed purchased ","Thousands of dollars",1473,1458,1334,1187,1549,1993,1977,2367,2367,2442,2785,3222,3353,2697,3031,2639,2202,2321,2127,2224,2480,2451,2379,2385,2142,1893,1898,1685,1794,1946,1858,1713,1839,1911,1852,2090,1919,2299,2929,3410,2782,3016,3095,3394,3840,4153,4303,4093,4665,4617,4404,4854,4633,4507
 "36055","Monroe, NY",2,CAINC45,170,"..."," Livestock purchased ","Thousands of dollars",1530,1410,1282,1179,1249,1130,1099,1216,1192,1337,2311,2147,2259,1767,1632,1480,1051,1152,1479,1080,1335,1272,1121,975,1346,1186,1331,1063,736,645,626,418,405,183,130,224,414,592,563,505,750,707,883,1085,901,1218,843,872,825,1078,1112,1182,1247,1083
 "36055","Monroe, NY",2,CAINC45,180,"..."," Seed purchased ","Thousands of dollars",679,671,701,669,906,1120,1161,1438,1579,1551,1638,1747,1799,1614,1368,1715,1478,1599,1605,1994,2151,2188,2451,2065,2084,2463,2904,3405,3639,3748,3069,3451,3370,4235,4435,4080,3727,3906,4911,5300,5000,4860,5072,6008,6413,7078,6812,7772,8422,8001,6864,7706,6443,11603
 "36055","Monroe, NY",2,CAINC45,190,"..."," Fertilizer and lime (incl. ag. chemicals 1978-fwd.) ","Thousands of dollars",1454,1461,1628,1781,2058,2956,3398,3080,3129,3561,4523,5286,5519,5412,5136,5687,4856,4619,4598,4542,5058,5140,5479,5086,4553,5610,6493,5838,6454,6306,5797,5657,6132,5541,5713,6142,6577,7194,8062,10416,10244,11110,13171,16506,16569,16948,13842,13030,10972,12649,11292,13027,14092,18376
 "36055","Monroe, NY",2,CAINC45,200,"..."," Petroleum products purchased ","Thousands of dollars",825,790,807,776,860,1222,1529,1840,2021,2071,2423,3274,3483,3049,2909,3026,2580,2342,2276,2135,2062,2439,2277,2056,2053,2032,2210,2367,2310,2033,1815,2327,2162,1944,2227,2834,3310,3884,4775,5512,4447,4677,5466,6464,6865,6662,4757,3771,3742,3688,3640,3344,3759,5522
 "36055","Monroe, NY",2,CAINC45,210,"..."," Hired farm labor expenses 2/","Thousands of dollars",3356,3298,3467,3436,4063,4683,5788,6137,7165,6937,7247,7250,6869,7479,7277,7658,7521,7450,7693,8207,8657,9738,9262,8881,9747,10053,11348,11300,11765,11250,9363,9839,9643,11229,10441,10736,9095,10377,12925,11636,11036,10574,9301,13337,13181,13926,11547,12870,12020,11315,9165,9828,9165,14372
 "36055","Monroe, NY",2,CAINC45,220,"..."," All other production expenses 3/","Thousands of dollars",6493,6767,7075,7777,8481,10296,11657,12301,13634,15099,17020,18009,20047,20907,23859,25191,22753,25231,26865,25773,26159,25188,23459,22855,23074,25311,25392,25073,25593,24556,24288,22412,21899,21695,21069,23258,25110,28222,33255,36469,35248,33689,33587,35577,35117,39008,39482,38827,37333,39015,36633,39520,40318,46374
 "36055","Monroe, NY",2,CAINC45,240,"...","Value of inventory change ","Thousands of dollars",-7,-48,-65,-1171,123,2502,581,-259,-183,601,1181,392,471,1512,-2466,-198,-130,-204,-878,-2397,213,1401,-861,-321,97,2153,-968,65,2090,153,-313,-2473,-70,-460,1797,336,-1729,1013,113,4890,-6413,-1496,-4542,-2438,250,-3932,-4241,-5022,-2137,-848,-7059,-4224,170,-11790
 "36055","Monroe, NY",2,CAINC45,250,"..."," Value of inventory change: livestock ","Thousands of dollars",-94,-54,-53,-17,82,254,86,-154,-311,-191,414,379,687,261,109,-221,-527,-425,-353,-547,-50,21,20,14,-132,-243,154,145,-266,-110,1,-370,49,305,-137,-29,-62,121,121,-483,197,-42,29,-39,266,-50,136,228,-102,-163,65,-197,-3,51
 "36055","Monroe, NY",2,CAINC45,260,"..."," Value of inventory change: crops ","Thousands of dollars",87,6,-12,-1154,41,2248,495,-105,128,792,767,13,-216,1251,-2575,23,397,221,-525,-1850,263,1380,-767,-694,316,1920,-587,-469,2197,94,101,-2324,84,-1195,2249,33,-997,451,-495,5229,-6603,-2162,-4360,-2716,72,-4303,-4776,-5220,-2056,-706,-6957,-4187,-204,-11856
 "36055","Monroe, NY",2,CAINC45,265,"..."," Value of inventory change: materials and supplies ","Thousands of dollars",(NA),(NA),(NA),(NA),(NA),(NA),(NA),(NA),(NA),(NA),(NA),(NA),(NA),(NA),(NA),(NA),(NA),(NA),(NA),(NA),(NA),(NA),-114,359,-87,476,-535,389,159,169,-415,221,-203,430,-315,332,-670,441,487,144,-7,708,-211,317,-88,421,399,-30,21,21,-167,160,377,15
 "36055","Monroe, NY",2,CAINC45,270,"...","Cash receipts and other income ","Thousands of dollars",23813,23274,22997,21867,27140,29850,31562,32262,34425,36931,43510,47525,53965,50176,50169,53885,50805,52458,57342,57328,57286,53995,52724,49819,55167,50130,51343,48118,50987,58210,63020,69733,70296,69872,63157,66292,67524,69670,85379,98514,88654,94061,97450,105123,100773,95121,83533,81556,86156,83955,95355,97980,99405,121581
 "36055","Monroe, NY",2,CAINC45,280,"..."," Less: Production expenses ","Thousands of dollars",15810,15855,16294,16805,19166,23400,26609,28379,31087,32998,37947,40935,43329,42925,45212,47396,42441,44714,46643,45955,47902,48416,46428,44303,44999,48548,51576,50731,52291,50484,46816,45817,45450,46738,45867,49364,50152,56474,67420,73248,69507,68633,70575,82371,82886,88993,81586,81235,77979,80363,73110,79461,79657,101837
 "36055","Monroe, NY",2,CAINC45,290,"...","Equals: Realized net income ","Thousands of dollars",8003,7419,6703,5062,7974,6450,4953,3883,3338,3933,5563,6590,10636,7251,4957,6489,8364,7744,10699,11373,9384,5579,6296,5516,10168,1582,-233,-2613,-1304,7726,16204,23916,24846,23134,17290,16928,17372,13196,17959,25266,19147,25428,26875,22752,17887,6128,1947,321,8177,3592,22245,18519,19748,19744
 "36055","Monroe, NY",2,CAINC45,300,"..."," Plus: Value of inventory change ","Thousands of dollars",-7,-48,-65,-1171,123,2502,581,-259,-183,601,1181,392,471,1512,-2466,-198,-130,-204,-878,-2397,213,1401,-861,-321,97,2153,-968,65,2090,153,-313,-2473,-70,-460,1797,336,-1729,1013,113,4890,-6413,-1496,-4542,-2438,250,-3932,-4241,-5022,-2137,-848,-7059,-4224,170,-11790
 "36055","Monroe, NY",2,CAINC45,310,"...","Equals: Net income including corporate farms ","Thousands of dollars",7996,7371,6638,3891,8097,8952,5534,3624,3155,4534,6744,6982,11107,8763,2491,6291,8234,7540,9821,8976,9597,6980,5435,5195,10265,3735,-1201,-2548,786,7879,15891,21443,24776,22674,19087,17264,15643,14209,18072,30156,12734,23932,22333,20314,18137,2196,-2294,-4701,6040,2744,15186,14295,19918,7954
 "36055","Monroe, NY",2,CAINC45,320,"..."," Less: Net income of corporate farms ","Thousands of dollars",424,378,396,361,907,608,488,322,245,490,787,194,893,367,54,508,909,827,1205,945,1847,1663,1063,1058,1750,1020,-606,-892,237,1960,2729,4295,6850,7717,5620,5865,4193,3162,5159,6652,1769,4938,5880,4626,3439,405,-1317,-2089,898,852,3229,3314,5753,2654
 "36055","Monroe, NY",2,CAINC45,330,"..."," Plus: Statistical adjustment ","Thousands of dollars",0,0,0,0,0,0,0,0,0,0,0,0,0,0,0,0,0,0,0,0,0,0,0,0,0,0,0,0,0,0,0,0,0,0,0,0,0,0,0,0,0,0,0,0,0,0,0,0,0,0,0,0,0,0
 "36055","Monroe, NY",2,CAINC45,340,"...","Equals: Farm proprietors' income ","Thousands of dollars",7572,6993,6242,3530,7190,8344,5046,3302,2910,4044,5957,6788,10214,8396,2437,5783,7325,6713,8616,8031,7750,5317,4372,4137,8515,2715,-595,-1656,549,5919,13162,17148,17926,14957,13467,11399,11450,11047,12913,23504,10965,18994,16453,15688,14698,1791,-977,-2612,5142,1892,11957,10981,14165,5300
 "36055","Monroe, NY",2,CAINC45,350,"..."," Plus: Farm wages and salaries ","Thousands of dollars",2936,2922,3005,2921,3544,4052,4749,4828,5524,5557,5939,6059,5834,6512,6309,6317,6430,6022,6057,6671,6915,7951,7580,7242,7783,7509,8322,8584,8976,8508,7323,8059,7881,9454,8771,8804,7302,8222,10055,9314,8735,8724,7627,11475,11591,12409,10080,11446,10924,10279,8186,8851,8405,12008
 "36055","Monroe, NY",2,CAINC45,360,"..."," Plus: Farm supplements to wages and salaries ","Thousands of dollars",302,308,338,335,414,486,593,727,909,917,929,878,764,714,800,791,820,807,880,937,1165,1429,1548,1554,1746,1761,1873,1696,1605,1515,1365,1503,1616,1598,1501,1511,1372,1627,2368,2910,2554,2441,2301,2879,3330,3391,3103,3387,3651,2864,2589,2577,2714,4382
 "36055","Monroe, NY",2,CAINC45,370,"...","Equals: Farm earnings ","Thousands of dollars",10810,10223,9585,6786,11148,12882,10388,8857,9343,10518,12825,13725,16812,15622,9546,12891,14575,13542,15553,15639,15830,14697,13500,12933,18044,11985,9600,8624,11130,15942,21850,26710,27423,26009,23739,21714,20124,20896,25336,35728,22254,30159,26381,30042,29619,17591,12206,12221,19717,15035,22732,22409,25284,21690
 "36057","Montgomery, NY",2,CAINC45,10,"...","Cash receipts from marketings (thousands of dollars) ","Thousands of dollars",18406,19013,19507,20072,22716,25763,27119,31275,30797,33633,39673,44433,47582,45533,47876,46669,44848,44095,44619,45710,50475,53022,49489,54041,52078,52365,51893,55623,48216,53595,53338,50278,58740,50998,51067,61169,61422,56050,73052,75059,57625,69230,83562,82634,89747,102670,77958,72294,74539,72422,78257,76983,84816,111091
 "36057","Montgomery, NY",2,CAINC45,20,"..."," Cash receipts: Livestock and products ","Thousands of dollars",17411,17858,18280,18855,20765,23075,24168,27935,27954,31486,36706,39946,41519,40495,42546,42019,40523,39909,40374,40873,45526,48094,44341,48586,47008,46591,45637,48911,42488,47866,47930,43952,52459,40915,40083,49554,50398,43189,60443,59807,43510,55652,68965,66105,68945,83511,60939,55648,59235,55689,60891,58644,63568,86798
 "36057","Montgomery, NY",2,CAINC45,60,"..."," Cash receipts: Crops ","Thousands of dollars",995,1155,1227,1217,1951,2688,2951,3340,2843,2147,2967,4487,6063,5038,5330,4650,4325,4186,4245,4837,4949,4928,5148,5455,5070,5774,6256,6712,5728,5729,5408,6326,6281,10083,10984,11615,11024,12861,12609,15252,14115,13578,14597,16529,20802,19159,17019,16646,15304,16733,17366,18339,21248,24293
 "36057","Montgomery, NY",2,CAINC45,120,"...","Other income ","Thousands of dollars",573,551,483,583,629,615,604,691,633,1021,971,1000,1104,1469,2027,2620,1978,2247,2783,2700,2242,1892,1889,1958,2535,1886,2261,2170,2180,2596,4234,4669,5465,5802,6041,4308,4768,4537,3824,4600,7399,5388,5399,7891,7677,5982,3776,3322,4133,3479,6287,13745,6399,4698
 "36057","Montgomery, NY",2,CAINC45,130,"..."," Government payments ","Thousands of dollars",308,274,197,272,198,84,101,129,79,420,151,74,88,278,948,1613,1064,1496,2250,2029,1425,977,880,743,1300,633,979,1078,779,1094,2269,2048,3760,3597,3692,1486,2581,2547,1480,1445,3522,1454,1163,2176,1773,606,737,1262,574,1571,2387,11761,4856,945
 "36057","Montgomery, NY",2,CAINC45,140,"..."," Imputed and miscellaneous income received 1/","Thousands of dollars",265,277,286,311,431,531,503,562,554,601,820,926,1016,1191,1079,1007,914,751,533,671,817,915,1009,1215,1235,1253,1282,1092,1401,1502,1965,2621,1705,2205,2349,2822,2187,1990,2344,3155,3877,3934,4236,5715,5904,5376,3039,2060,3559,1908,3900,1984,1543,3753
 "36057","Montgomery, NY",2,CAINC45,150,"...","Production expenses ","Thousands of dollars",12553,13346,14021,14426,17702,22891,24699,26678,28341,30008,36488,41273,45813,45549,47057,45261,40450,38218,37391,39314,44047,46514,46908,47962,47865,50114,51996,50066,51346,51737,50526,49041,53556,52122,47323,49785,49034,53823,62537,67646,63774,63791,66346,75216,72841,76663,67973,63415,58989,60796,56905,61352,61576,72727
 "36057","Montgomery, NY",2,CAINC45,160,"..."," Feed purchased ","Thousands of dollars",3156,3559,3631,3544,5005,6909,6595,7622,7369,7371,8573,10105,10707,8757,9895,8666,7760,7703,7141,7847,9162,9442,9525,9902,9412,8835,9428,8945,10216,10487,9462,8222,8802,8093,7702,8556,7754,9183,11582,13350,10784,11582,11780,12802,13436,13432,12813,11168,11593,11475,10944,12064,11513,11199
 "36057","Montgomery, NY",2,CAINC45,170,"..."," Livestock purchased ","Thousands of dollars",780,757,727,708,797,768,903,1160,1283,1587,2306,1773,1512,934,990,1021,874,1003,1446,1181,1676,1838,1808,1850,2367,2349,2658,2232,1639,1788,2062,1641,2204,1602,883,1151,1617,1776,1537,1937,3255,3774,5369,6766,5180,6165,3138,2686,1771,2263,2374,2518,2680,2437
 "36057","Montgomery, NY",2,CAINC45,180,"..."," Seed purchased ","Thousands of dollars",251,274,308,312,442,569,570,685,732,701,789,895,973,918,774,965,886,887,889,1059,1101,1080,1171,952,930,1072,1238,1425,1502,1533,1245,1388,1424,1678,1766,1631,1496,1574,1985,2130,1999,1933,2009,2370,2409,2535,2330,2542,2641,2509,2152,2416,2020,3638
 "36057","Montgomery, NY",2,CAINC45,190,"..."," Fertilizer and lime (incl. ag. chemicals 1978-fwd.) ","Thousands of dollars",560,568,636,697,842,1284,1484,1300,1364,1534,2022,2432,2597,2596,2449,2695,2448,2149,2130,2091,2316,2340,2482,2290,2105,2657,3142,2882,3248,3178,2925,2859,3289,2807,2744,2816,2891,3045,3299,3833,3471,3525,3959,4742,4842,5046,4209,4057,3508,4044,3610,4165,4505,5875
 "36057","Montgomery, NY",2,CAINC45,200,"..."," Petroleum products purchased ","Thousands of dollars",516,507,529,517,581,834,990,1144,1215,1210,1603,2370,2700,2494,2272,2240,1917,1502,1332,1362,1429,1830,1845,1797,1781,1753,1895,2016,1958,1774,1632,2159,2196,1930,2141,2669,3071,3565,4344,4865,3819,3917,4477,5184,5581,5503,4005,3250,3326,3278,3235,2972,3341,4908
 "36057","Montgomery, NY",2,CAINC45,210,"..."," Hired farm labor expenses 2/","Thousands of dollars",1228,1222,1312,1322,1590,1859,2214,2248,2573,2414,2685,2820,2931,3349,3245,3331,3373,3075,3084,3597,4063,4770,4809,4694,5016,5147,5724,5457,5557,5770,5152,5774,6445,7498,6421,6485,5357,6024,7184,7037,7177,6722,6335,8363,7836,7877,6138,6162,5063,4739,4087,4308,3944,6054
 "36057","Montgomery, NY",2,CAINC45,220,"..."," All other production expenses 3/","Thousands of dollars",6062,6459,6878,7326,8445,10668,11943,12519,13805,15191,18510,20878,24393,26501,27432,26343,23192,21899,21369,22177,24300,25214,25268,26477,26254,28301,27911,27109,27226,27207,28048,26998,29196,28514,25666,26477,26848,28656,32606,34494,33269,32338,32417,34989,33557,36105,35340,33550,31087,32488,30503,32909,33573,38616
 "36057","Montgomery, NY",2,CAINC45,240,"...","Value of inventory change ","Thousands of dollars",-281,-55,38,-336,379,1312,366,-117,-1029,-94,1602,1130,2186,1027,-535,-721,-1006,-1133,-1350,-3519,-361,254,-355,-631,-174,603,-926,1138,-586,-546,-749,-1687,1080,1517,-93,-1377,-1689,1107,975,-654,-802,-33,-696,-1046,2236,-1448,-1042,-764,-295,-435,-2349,-3055,2060,-2976
 "36057","Montgomery, NY",2,CAINC45,250,"..."," Value of inventory change: livestock ","Thousands of dollars",-181,-102,-116,-1,208,691,270,-420,-844,-543,1245,939,2288,1046,352,-728,-1305,-1167,-1090,-1847,-91,174,129,18,-423,-833,556,520,-1015,-391,4,-1567,213,1449,-650,-201,-300,597,483,-1766,761,-192,185,-220,1218,-240,556,912,-386,-580,206,-716,-2,188
 "36057","Montgomery, NY",2,CAINC45,260,"..."," Value of inventory change: crops ","Thousands of dollars",-100,47,154,-335,171,621,96,303,-185,449,357,191,-102,-19,-887,7,299,34,-260,-1672,-270,80,-335,-1134,367,791,-756,91,213,-376,-227,-390,1107,-423,921,-1562,-601,-11,-83,954,-1556,-513,-692,-1096,1091,-1553,-1918,-1652,75,129,-2428,-2461,1775,-3175
 "36057","Montgomery, NY",2,CAINC45,265,"..."," Value of inventory change: materials and supplies ","Thousands of dollars",(NA),(NA),(NA),(NA),(NA),(NA),(NA),(NA),(NA),(NA),(NA),(NA),(NA),(NA),(NA),(NA),(NA),(NA),(NA),(NA),(NA),(NA),-149,485,-118,645,-726,527,216,221,-526,270,-240,491,-364,386,-788,521,575,158,-7,672,-189,270,-73,345,320,-24,16,16,-127,122,287,11
 "36057","Montgomery, NY",2,CAINC45,270,"...","Cash receipts and other income ","Thousands of dollars",18979,19564,19990,20655,23345,26378,27723,31966,31430,34654,40644,45433,48686,47002,49903,49289,46826,46342,47402,48410,52717,54914,51378,55999,54613,54251,54154,57793,50396,56191,57572,54947,64205,56800,57108,65477,66190,60587,76876,79659,65024,74618,88961,90525,97424,108652,81734,75616,78672,75901,84544,90728,91215,115789
 "36057","Montgomery, NY",2,CAINC45,280,"..."," Less: Production expenses ","Thousands of dollars",12553,13346,14021,14426,17702,22891,24699,26678,28341,30008,36488,41273,45813,45549,47057,45261,40450,38218,37391,39314,44047,46514,46908,47962,47865,50114,51996,50066,51346,51737,50526,49041,53556,52122,47323,49785,49034,53823,62537,67646,63774,63791,66346,75216,72841,76663,67973,63415,58989,60796,56905,61352,61576,72727
 "36057","Montgomery, NY",2,CAINC45,290,"...","Equals: Realized net income ","Thousands of dollars",6426,6218,5969,6229,5643,3487,3024,5288,3089,4646,4156,4160,2873,1453,2846,4028,6376,8124,10011,9096,8670,8400,4470,8037,6748,4137,2158,7727,-950,4454,7046,5906,10649,4678,9785,15692,17156,6764,14339,12013,1250,10827,22615,15309,24583,31989,13761,12201,19683,15105,27639,29376,29639,43062
 "36057","Montgomery, NY",2,CAINC45,300,"..."," Plus: Value of inventory change ","Thousands of dollars",-281,-55,38,-336,379,1312,366,-117,-1029,-94,1602,1130,2186,1027,-535,-721,-1006,-1133,-1350,-3519,-361,254,-355,-631,-174,603,-926,1138,-586,-546,-749,-1687,1080,1517,-93,-1377,-1689,1107,975,-654,-802,-33,-696,-1046,2236,-1448,-1042,-764,-295,-435,-2349,-3055,2060,-2976
 "36057","Montgomery, NY",2,CAINC45,310,"...","Equals: Net income including corporate farms ","Thousands of dollars",6145,6163,6007,5893,6022,4799,3390,5171,2060,4552,5758,5290,5059,2480,2311,3307,5370,6991,8661,5577,8309,8654,4115,7406,6574,4740,1232,8865,-1536,3908,6297,4219,11729,6195,9692,14315,15467,7871,15314,11359,448,10794,21919,14263,26819,30541,12719,11437,19388,14670,25290,26321,31699,40086
 "36057","Montgomery, NY",2,CAINC45,320,"..."," Less: Net income of corporate farms ","Thousands of dollars",54,75,107,190,260,136,127,198,70,215,293,64,176,45,21,105,225,280,375,181,435,495,171,346,261,310,75,902,-183,259,305,253,1028,717,1089,2066,1929,856,2305,1506,42,1674,4778,2941,4481,4815,854,1713,2211,3495,4124,4680,7022,10256
 "36057","Montgomery, NY",2,CAINC45,330,"..."," Plus: Statistical adjustment ","Thousands of dollars",0,0,0,0,0,0,0,0,0,0,0,0,0,0,0,0,0,0,0,0,0,0,0,0,0,0,0,0,0,0,0,0,0,0,0,0,0,0,0,0,0,0,0,0,0,0,0,0,0,0,0,0,0,0
 "36057","Montgomery, NY",2,CAINC45,340,"...","Equals: Farm proprietors' income ","Thousands of dollars",6091,6088,5900,5703,5762,4663,3263,4973,1990,4337,5465,5226,4883,2435,2290,3202,5145,6711,8286,5396,7874,8159,3944,7060,6313,4430,1157,7963,-1353,3649,5992,3966,10701,5478,8603,12249,13538,7015,13009,9853,406,9120,17141,11322,22338,25726,11865,9724,17177,11175,21166,21641,24677,29830
 "36057","Montgomery, NY",2,CAINC45,350,"..."," Plus: Farm wages and salaries ","Thousands of dollars",1059,1092,1161,1165,1459,1719,1955,1945,2183,2151,2441,2626,2647,3069,2854,2752,2702,2427,2365,2751,2992,3580,3547,3502,3740,3593,3960,4060,4213,4225,3837,4446,4577,5722,5104,4929,3964,4323,5124,4785,4516,4535,3979,6009,6074,6502,5279,5994,5720,5382,4295,4639,4407,6305
 "36057","Montgomery, NY",2,CAINC45,360,"..."," Plus: Farm supplements to wages and salaries ","Thousands of dollars",119,128,146,149,186,224,261,307,378,377,402,396,357,352,381,365,369,362,373,412,545,689,758,772,862,867,915,829,780,779,745,867,990,1031,933,902,796,906,1274,1563,1371,1301,1226,1539,1778,1808,1648,1794,1937,1523,1379,1373,1445,2317
 "36057","Montgomery, NY",2,CAINC45,370,"...","Equals: Farm earnings ","Thousands of dollars",7269,7308,7207,7017,7407,6606,5479,7225,4551,6865,8308,8248,7887,5856,5525,6319,8216,9500,11024,8559,11411,12428,8249,11334,10915,8890,6032,12852,3640,8653,10574,9279,16268,12231,14640,18080,18298,12244,19407,16201,6293,14956,22346,18870,30190,34036,18792,17512,24834,18080,26840,27653,30529,38452
 "36059","Nassau, NY",2,CAINC45,10,"...","Cash receipts from marketings (thousands of dollars) ","Thousands of dollars",6022,5707,5383,5020,5059,4700,4514,4163,3925,3872,4339,5021,5240,4799,4489,4681,4409,4217,4343,4092,3921,3235,2844,2606,2749,2409,2481,2289,3231,4428,5385,7211,9124,11900,9282,9284,10543,11676,11572,17177,16884,13212,10393,7942,6312,5531,4653,3791,2895,3055,3147,3198,3254,3496
 "36059","Nassau, NY",2,CAINC45,20,"..."," Cash receipts: Livestock and products ","Thousands of dollars",229,195,165,141,133,104,168,196,203,276,690,667,661,606,797,1080,1321,1337,1728,1588,1299,887,625,310,465,380,505,582,325,797,1320,2468,3764,5725,2771,2221,2396,2293,2400,2866,4061,3787,3879,3889,3294,2853,2353,1744,1179,1252,1299,1304,1253,1241
 "36059","Nassau, NY",2,CAINC45,60,"..."," Cash receipts: Crops ","Thousands of dollars",5793,5512,5218,4879,4926,4596,4346,3967,3722,3596,3649,4354,4579,4193,3692,3601,3088,2880,2615,2504,2622,2348,2219,2296,2284,2029,1976,1707,2906,3631,4065,4743,5360,6175,6511,7063,8147,9383,9172,14311,12823,9425,6514,4053,3018,2678,2300,2047,1716,1803,1848,1894,2001,2255
 "36059","Nassau, NY",2,CAINC45,120,"...","Other income ","Thousands of dollars",98,91,88,86,101,122,109,101,80,61,76,78,78,79,82,83,82,79,58,60,62,61,60,61,71,81,90,85,113,82,71,67,33,31,261,528,535,577,785,1436,2082,3117,3169,5700,5353,2853,1347,490,60,52,82,650,304,129
 "36059","Nassau, NY",2,CAINC45,130,"..."," Government payments ","Thousands of dollars",9,10,8,7,2,0,1,1,2,2,4,0,0,1,0,0,0,0,0,0,0,0,0,0,0,0,0,0,0,0,0,0,0,0,0,0,0,0,0,0,0,0,0,0,1,0,0,0,0,0,0,593,243,1
 "36059","Nassau, NY",2,CAINC45,140,"..."," Imputed and miscellaneous income received 1/","Thousands of dollars",89,81,80,79,99,122,108,100,78,59,72,78,78,78,82,83,82,79,58,60,62,61,60,61,71,81,90,85,113,82,71,67,33,31,261,528,535,577,785,1436,2082,3117,3169,5700,5352,2853,1347,490,60,52,82,57,61,128
 "36059","Nassau, NY",2,CAINC45,150,"...","Production expenses ","Thousands of dollars",5569,4891,4482,3956,4055,4232,4185,3877,3719,3385,4015,4451,4904,5065,4758,4307,3567,2991,2580,2590,2686,2679,2500,2312,2831,2995,3262,2459,5525,5734,5668,6044,6310,7179,6746,7080,6844,5807,9343,8900,7834,6654,5678,6013,5132,4604,3408,2579,1734,1745,1610,1750,1720,2006
 "36059","Nassau, NY",2,CAINC45,160,"..."," Feed purchased ","Thousands of dollars",80,70,57,45,50,55,44,42,32,24,62,109,152,150,187,179,176,192,196,174,160,125,91,62,63,56,61,43,118,119,105,89,88,84,139,211,235,236,457,465,327,301,257,227,322,416,499,538,683,676,645,711,678,659
 "36059","Nassau, NY",2,CAINC45,170,"..."," Livestock purchased ","Thousands of dollars",25,24,22,19,21,18,40,68,87,117,207,197,211,169,138,109,68,55,51,99,159,153,146,82,140,93,85,56,26,50,73,87,83,30,74,172,349,516,539,429,743,351,189,47,27,22,11,5,1,1,1,1,1,1
 "36059","Nassau, NY",2,CAINC45,180,"..."," Seed purchased ","Thousands of dollars",654,551,494,405,474,506,437,451,409,330,303,276,236,170,135,158,137,127,116,119,105,85,72,44,62,76,95,83,215,329,352,484,553,791,771,660,560,397,635,630,545,487,466,506,425,351,232,154,58,55,47,54,45,81
 "36059","Nassau, NY",2,CAINC45,190,"..."," Fertilizer and lime (incl. ag. chemicals 1978-fwd.) ","Thousands of dollars",89,79,77,76,78,101,105,87,78,81,94,101,98,89,88,101,96,90,95,94,105,107,114,107,107,127,149,99,262,237,200,176,169,132,245,362,478,444,765,709,505,392,322,263,239,215,148,110,68,78,70,80,87,113
 "36059","Nassau, NY",2,CAINC45,200,"..."," Petroleum products purchased ","Thousands of dollars",166,176,194,198,231,342,345,341,311,269,307,408,427,369,329,314,259,192,160,139,123,132,110,87,90,82,87,68,157,156,157,225,233,231,227,259,278,222,355,359,253,232,236,242,240,213,135,90,67,66,65,60,67,98
 "36059","Nassau, NY",2,CAINC45,210,"..."," Hired farm labor expenses 2/","Thousands of dollars",2214,1877,1725,1477,1493,1456,1386,1101,953,637,704,740,744,851,778,755,733,633,593,594,581,615,544,494,686,718,852,659,1685,1855,1773,2156,2369,3062,2849,2919,2462,2071,3544,2956,2551,2255,1800,2339,1889,1565,938,659,256,241,192,206,192,306
 "36059","Nassau, NY",2,CAINC45,220,"..."," All other production expenses 3/","Thousands of dollars",2341,2114,1913,1736,1708,1754,1828,1787,1849,1927,2338,2620,3036,3267,3103,2691,2098,1702,1369,1371,1453,1462,1423,1436,1683,1843,1933,1451,3062,2988,3008,2827,2815,2849,2441,2497,2482,1921,3048,3352,2910,2636,2408,2389,1990,1822,1445,1023,601,628,590,638,650,748
 "36059","Nassau, NY",2,CAINC45,240,"...","Value of inventory change ","Thousands of dollars",3,-5,2,-8,-4,5,1,-2,-1,0,0,0,-1,0,-1,-1,-3,0,-2,-1,0,0,-4,9,-3,7,-35,18,10,9,-28,17,-17,38,-22,32,-68,52,52,19,-9,53,-17,15,-3,10,12,-7,8,0,-5,5,12,0
 "36059","Nassau, NY",2,CAINC45,250,"..."," Value of inventory change: livestock ","Thousands of dollars",-2,-5,3,0,1,1,1,-1,-2,0,0,0,0,0,-1,-1,-3,0,-2,-1,0,0,0,0,0,-11,-11,-1,1,-1,-1,1,0,0,-1,2,0,7,-7,4,-6,9,-3,0,0,0,0,0,0,0,0,0,0,0
 "36059","Nassau, NY",2,CAINC45,260,"..."," Value of inventory change: crops ","Thousands of dollars",5,0,-1,-8,-5,4,0,-1,1,0,0,0,-1,0,0,0,0,0,0,0,0,0,0,0,0,0,0,0,0,0,0,0,-1,2,7,-2,0,-1,0,2,-3,2,-4,3,0,-5,-2,-6,7,-1,0,0,0,0
 "36059","Nassau, NY",2,CAINC45,265,"..."," Value of inventory change: materials and supplies ","Thousands of dollars",(NA),(NA),(NA),(NA),(NA),(NA),(NA),(NA),(NA),(NA),(NA),(NA),(NA),(NA),(NA),(NA),(NA),(NA),(NA),(NA),(NA),(NA),-4,9,-3,18,-24,19,9,10,-27,16,-16,36,-28,32,-68,46,59,13,0,42,-10,12,-3,15,14,-1,1,1,-5,5,12,0
 "36059","Nassau, NY",2,CAINC45,270,"...","Cash receipts and other income ","Thousands of dollars",6120,5798,5471,5106,5160,4822,4623,4264,4005,3933,4415,5099,5318,4878,4571,4764,4491,4296,4401,4152,3983,3296,2904,2667,2820,2490,2571,2374,3344,4510,5456,7278,9157,11931,9543,9812,11078,12253,12357,18613,18966,16329,13562,13642,11665,8384,6000,4281,2955,3107,3229,3848,3558,3625
 "36059","Nassau, NY",2,CAINC45,280,"..."," Less: Production expenses ","Thousands of dollars",5569,4891,4482,3956,4055,4232,4185,3877,3719,3385,4015,4451,4904,5065,4758,4307,3567,2991,2580,2590,2686,2679,2500,2312,2831,2995,3262,2459,5525,5734,5668,6044,6310,7179,6746,7080,6844,5807,9343,8900,7834,6654,5678,6013,5132,4604,3408,2579,1734,1745,1610,1750,1720,2006
 "36059","Nassau, NY",2,CAINC45,290,"...","Equals: Realized net income ","Thousands of dollars",551,907,989,1150,1105,590,438,387,286,548,400,648,414,-187,-187,457,924,1305,1821,1562,1297,617,404,355,-11,-505,-691,-85,-2181,-1224,-212,1234,2847,4752,2797,2732,4234,6446,3014,9713,11132,9675,7884,7629,6533,3780,2592,1702,1221,1362,1619,2098,1838,1619
 "36059","Nassau, NY",2,CAINC45,300,"..."," Plus: Value of inventory change ","Thousands of dollars",3,-5,2,-8,-4,5,1,-2,-1,0,0,0,-1,0,-1,-1,-3,0,-2,-1,0,0,-4,9,-3,7,-35,18,10,9,-28,17,-17,38,-22,32,-68,52,52,19,-9,53,-17,15,-3,10,12,-7,8,0,-5,5,12,0
 "36059","Nassau, NY",2,CAINC45,310,"...","Equals: Net income including corporate farms ","Thousands of dollars",554,902,991,1142,1101,595,439,385,285,548,400,648,413,-187,-188,456,921,1305,1819,1561,1297,617,400,364,-14,-498,-726,-67,-2171,-1215,-240,1251,2830,4790,2775,2764,4166,6498,3066,9732,11123,9728,7867,7644,6530,3790,2604,1695,1229,1362,1614,2103,1850,1619
 "36059","Nassau, NY",2,CAINC45,320,"..."," Less: Net income of corporate farms ","Thousands of dollars",73,140,204,404,507,176,130,89,44,90,71,27,48,-53,-68,59,169,246,395,255,341,178,83,56,-8,-243,-440,-33,-1429,-954,-233,507,1811,3413,1905,2159,2576,3280,2007,4791,3352,4230,4234,3446,2528,1471,460,716,426,987,800,1137,1246,1260
 "36059","Nassau, NY",2,CAINC45,330,"..."," Plus: Statistical adjustment ","Thousands of dollars",0,0,0,0,0,0,0,0,0,0,0,0,0,0,0,0,0,0,0,0,0,0,0,0,0,0,0,0,0,0,0,0,0,0,0,0,0,0,0,0,0,0,0,0,0,0,0,0,0,0,0,0,0,0
 "36059","Nassau, NY",2,CAINC45,340,"...","Equals: Farm proprietors' income ","Thousands of dollars",481,762,787,738,594,419,309,296,241,458,329,621,365,-134,-120,397,752,1059,1424,1306,956,439,317,308,-6,-255,-286,-34,-742,-261,-7,744,1019,1377,870,605,1590,3218,1059,4941,7771,5498,3633,4198,4002,2319,2144,979,803,375,814,966,604,359
 "36059","Nassau, NY",2,CAINC45,350,"..."," Plus: Farm wages and salaries ","Thousands of dollars",1945,1754,1631,1435,1634,1668,1544,1266,1124,911,1014,1072,1118,1220,1027,882,754,599,505,516,495,528,466,417,592,714,952,1155,1395,1538,1509,1862,2017,2658,2487,2512,2101,2379,2913,2446,2076,1876,1483,2021,2038,2184,1773,2016,1925,1811,1438,1557,1478,2107
 "36059","Nassau, NY",2,CAINC45,360,"..."," Plus: Farm supplements to wages and salaries ","Thousands of dollars",195,180,180,159,181,184,225,268,341,321,274,216,152,110,114,102,93,79,74,74,84,96,96,91,127,155,199,207,227,256,269,337,407,450,436,448,418,503,742,815,637,536,448,494,570,581,534,585,631,497,448,444,468,761
 "36059","Nassau, NY",2,CAINC45,370,"...","Equals: Farm earnings ","Thousands of dollars",2621,2696,2598,2332,2409,2271,2078,1830,1706,1690,1617,1909,1635,1196,1021,1381,1599,1737,2003,1896,1535,1063,879,816,713,614,865,1328,880,1533,1771,2943,3443,4485,3793,3565,4109,6100,4714,8202,10484,7910,5564,6713,6610,5084,4451,3580,3359,2683,2700,2967,2550,3227
 "36061","New York, NY",2,CAINC45,10,"...","Cash receipts from marketings (thousands of dollars) ","Thousands of dollars",0,0,0,0,0,0,0,0,0,0,0,0,0,0,0,0,0,0,0,0,0,0,0,0,0,0,0,0,0,0,0,0,0,0,0,0,0,0,0,0,0,0,0,0,0,0,0,0,0,0,0,0,0,0
 "36061","New York, NY",2,CAINC45,20,"..."," Cash receipts: Livestock and products ","Thousands of dollars",0,0,0,0,0,0,0,0,0,0,0,0,0,0,0,0,0,0,0,0,0,0,0,0,0,0,0,0,0,0,0,0,0,0,0,0,0,0,0,0,0,0,0,0,0,0,0,0,0,0,0,0,0,0
 "36061","New York, NY",2,CAINC45,60,"..."," Cash receipts: Crops ","Thousands of dollars",0,0,0,0,0,0,0,0,0,0,0,0,0,0,0,0,0,0,0,0,0,0,0,0,0,0,0,0,0,0,0,0,0,0,0,0,0,0,0,0,0,0,0,0,0,0,0,0,0,0,0,0,0,0
 "36061","New York, NY",2,CAINC45,120,"...","Other income ","Thousands of dollars",0,0,0,0,0,0,0,0,0,0,0,0,0,0,0,0,0,0,0,0,0,0,0,0,0,0,0,0,0,0,0,0,0,0,0,0,0,0,0,0,0,0,0,0,0,0,0,0,0,0,0,0,0,0
 "36061","New York, NY",2,CAINC45,130,"..."," Government payments ","Thousands of dollars",0,0,0,0,0,0,0,0,0,0,0,0,0,0,0,0,0,0,0,0,0,0,0,0,0,0,0,0,0,0,0,0,0,0,0,0,0,0,0,0,0,0,0,0,0,0,0,0,0,0,0,0,0,0
 "36061","New York, NY",2,CAINC45,140,"..."," Imputed and miscellaneous income received 1/","Thousands of dollars",0,0,0,0,0,0,0,0,0,0,0,0,0,0,0,0,0,0,0,0,0,0,0,0,0,0,0,0,0,0,0,0,0,0,0,0,0,0,0,0,0,0,0,0,0,0,0,0,0,0,0,0,0,0
 "36061","New York, NY",2,CAINC45,150,"...","Production expenses ","Thousands of dollars",0,0,0,0,0,0,0,0,0,0,0,0,0,0,0,0,0,0,0,0,0,0,0,0,0,0,0,0,0,0,0,0,0,0,0,0,0,0,0,0,0,0,0,0,0,0,0,0,0,0,0,0,0,0
 "36061","New York, NY",2,CAINC45,160,"..."," Feed purchased ","Thousands of dollars",0,0,0,0,0,0,0,0,0,0,0,0,0,0,0,0,0,0,0,0,0,0,0,0,0,0,0,0,0,0,0,0,0,0,0,0,0,0,0,0,0,0,0,0,0,0,0,0,0,0,0,0,0,0
 "36061","New York, NY",2,CAINC45,170,"..."," Livestock purchased ","Thousands of dollars",0,0,0,0,0,0,0,0,0,0,0,0,0,0,0,0,0,0,0,0,0,0,0,0,0,0,0,0,0,0,0,0,0,0,0,0,0,0,0,0,0,0,0,0,0,0,0,0,0,0,0,0,0,0
 "36061","New York, NY",2,CAINC45,180,"..."," Seed purchased ","Thousands of dollars",0,0,0,0,0,0,0,0,0,0,0,0,0,0,0,0,0,0,0,0,0,0,0,0,0,0,0,0,0,0,0,0,0,0,0,0,0,0,0,0,0,0,0,0,0,0,0,0,0,0,0,0,0,0
 "36061","New York, NY",2,CAINC45,190,"..."," Fertilizer and lime (incl. ag. chemicals 1978-fwd.) ","Thousands of dollars",0,0,0,0,0,0,0,0,0,0,0,0,0,0,0,0,0,0,0,0,0,0,0,0,0,0,0,0,0,0,0,0,0,0,0,0,0,0,0,0,0,0,0,0,0,0,0,0,0,0,0,0,0,0
 "36061","New York, NY",2,CAINC45,200,"..."," Petroleum products purchased ","Thousands of dollars",0,0,0,0,0,0,0,0,0,0,0,0,0,0,0,0,0,0,0,0,0,0,0,0,0,0,0,0,0,0,0,0,0,0,0,0,0,0,0,0,0,0,0,0,0,0,0,0,0,0,0,0,0,0
 "36061","New York, NY",2,CAINC45,210,"..."," Hired farm labor expenses 2/","Thousands of dollars",0,0,0,0,0,0,0,0,0,0,0,0,0,0,0,0,0,0,0,0,0,0,0,0,0,0,0,0,0,0,0,0,0,0,0,0,0,0,0,0,0,0,0,0,0,0,0,0,0,0,0,0,0,0
 "36061","New York, NY",2,CAINC45,220,"..."," All other production expenses 3/","Thousands of dollars",0,0,0,0,0,0,0,0,0,0,0,0,0,0,0,0,0,0,0,0,0,0,0,0,0,0,0,0,0,0,0,0,0,0,0,0,0,0,0,0,0,0,0,0,0,0,0,0,0,0,0,0,0,0
 "36061","New York, NY",2,CAINC45,240,"...","Value of inventory change ","Thousands of dollars",0,0,0,0,0,0,0,0,0,0,0,0,0,0,0,0,0,0,0,0,0,0,0,0,0,0,0,0,0,0,0,0,0,0,0,0,0,0,0,0,0,0,0,0,0,0,0,0,0,0,0,0,0,0
 "36061","New York, NY",2,CAINC45,250,"..."," Value of inventory change: livestock ","Thousands of dollars",0,0,0,0,0,0,0,0,0,0,0,0,0,0,0,0,0,0,0,0,0,0,0,0,0,0,0,0,0,0,0,0,0,0,0,0,0,0,0,0,0,0,0,0,0,0,0,0,0,0,0,0,0,0
 "36061","New York, NY",2,CAINC45,260,"..."," Value of inventory change: crops ","Thousands of dollars",0,0,0,0,0,0,0,0,0,0,0,0,0,0,0,0,0,0,0,0,0,0,0,0,0,0,0,0,0,0,0,0,0,0,0,0,0,0,0,0,0,0,0,0,0,0,0,0,0,0,0,0,0,0
 "36061","New York, NY",2,CAINC45,265,"..."," Value of inventory change: materials and supplies ","Thousands of dollars",(NA),(NA),(NA),(NA),(NA),(NA),(NA),(NA),(NA),(NA),(NA),(NA),(NA),(NA),(NA),(NA),(NA),(NA),(NA),(NA),(NA),(NA),0,0,0,0,0,0,0,0,0,0,0,0,0,0,0,0,0,0,0,0,0,0,0,0,0,0,0,0,0,0,0,0
 "36061","New York, NY",2,CAINC45,270,"...","Cash receipts and other income ","Thousands of dollars",0,0,0,0,0,0,0,0,0,0,0,0,0,0,0,0,0,0,0,0,0,0,0,0,0,0,0,0,0,0,0,0,0,0,0,0,0,0,0,0,0,0,0,0,0,0,0,0,0,0,0,0,0,0
 "36061","New York, NY",2,CAINC45,280,"..."," Less: Production expenses ","Thousands of dollars",0,0,0,0,0,0,0,0,0,0,0,0,0,0,0,0,0,0,0,0,0,0,0,0,0,0,0,0,0,0,0,0,0,0,0,0,0,0,0,0,0,0,0,0,0,0,0,0,0,0,0,0,0,0
 "36061","New York, NY",2,CAINC45,290,"...","Equals: Realized net income ","Thousands of dollars",0,0,0,0,0,0,0,0,0,0,0,0,0,0,0,0,0,0,0,0,0,0,0,0,0,0,0,0,0,0,0,0,0,0,0,0,0,0,0,0,0,0,0,0,0,0,0,0,0,0,0,0,0,0
 "36061","New York, NY",2,CAINC45,300,"..."," Plus: Value of inventory change ","Thousands of dollars",0,0,0,0,0,0,0,0,0,0,0,0,0,0,0,0,0,0,0,0,0,0,0,0,0,0,0,0,0,0,0,0,0,0,0,0,0,0,0,0,0,0,0,0,0,0,0,0,0,0,0,0,0,0
 "36061","New York, NY",2,CAINC45,310,"...","Equals: Net income including corporate farms ","Thousands of dollars",0,0,0,0,0,0,0,0,0,0,0,0,0,0,0,0,0,0,0,0,0,0,0,0,0,0,0,0,0,0,0,0,0,0,0,0,0,0,0,0,0,0,0,0,0,0,0,0,0,0,0,0,0,0
 "36061","New York, NY",2,CAINC45,320,"..."," Less: Net income of corporate farms ","Thousands of dollars",0,0,0,0,0,0,0,0,0,0,0,0,0,0,0,0,0,0,0,0,0,0,0,0,0,0,0,0,0,0,0,0,0,0,0,0,0,0,0,0,0,0,0,0,0,0,0,0,0,0,0,0,0,0
 "36061","New York, NY",2,CAINC45,330,"..."," Plus: Statistical adjustment ","Thousands of dollars",0,0,0,0,0,0,0,0,0,0,0,0,0,0,0,0,0,0,0,0,0,0,0,0,0,0,0,0,0,0,0,0,0,0,0,0,0,0,0,0,0,0,0,0,0,0,0,0,0,0,0,0,0,0
 "36061","New York, NY",2,CAINC45,340,"...","Equals: Farm proprietors' income ","Thousands of dollars",0,0,0,0,0,0,0,0,0,0,0,0,0,0,0,0,0,0,0,0,0,0,0,0,0,0,0,0,0,0,0,0,0,0,0,0,0,0,0,0,0,0,0,0,0,0,0,0,0,0,0,0,0,0
 "36061","New York, NY",2,CAINC45,350,"..."," Plus: Farm wages and salaries ","Thousands of dollars",0,0,0,0,0,0,0,0,0,0,0,0,0,0,0,0,0,0,0,0,0,0,0,0,0,0,0,0,0,0,0,0,0,0,0,0,0,0,0,0,0,0,0,0,0,0,0,0,0,0,0,0,0,0
 "36061","New York, NY",2,CAINC45,360,"..."," Plus: Farm supplements to wages and salaries ","Thousands of dollars",0,0,0,0,0,0,0,0,0,0,0,0,0,0,0,0,0,0,0,0,0,0,0,0,0,0,0,0,0,0,0,0,0,0,0,0,0,0,0,0,0,0,0,0,0,0,0,0,0,0,0,0,0,0
 "36061","New York, NY",2,CAINC45,370,"...","Equals: Farm earnings ","Thousands of dollars",0,0,0,0,0,0,0,0,0,0,0,0,0,0,0,0,0,0,0,0,0,0,0,0,0,0,0,0,0,0,0,0,0,0,0,0,0,0,0,0,0,0,0,0,0,0,0,0,0,0,0,0,0,0
 "36063","Niagara, NY",2,CAINC45,10,"...","Cash receipts from marketings (thousands of dollars) ","Thousands of dollars",20290,20209,21300,20138,26035,29337,30516,32041,33763,39849,45980,45945,48779,45490,43949,45665,43841,42791,46814,47958,49209,50708,52149,51347,51224,54325,57098,59400,59743,63416,66139,68315,70848,64250,59735,67868,68218,70072,108460,117671,98257,110430,122954,125345,127357,134695,113623,113843,115260,105290,112190,116810,131842,159888
 "36063","Niagara, NY",2,CAINC45,20,"..."," Cash receipts: Livestock and products ","Thousands of dollars",9194,9298,9358,9822,11307,11799,12246,13957,13970,16421,18766,18245,18365,17120,17756,17926,17170,16931,18012,17356,18743,19518,18295,19062,21050,23415,23365,24337,20318,22152,22255,20687,24224,19761,19154,23719,24283,20876,42363,42570,31082,40267,50286,48047,51247,61830,45363,42239,45204,42109,46806,44825,48626,67111
 "36063","Niagara, NY",2,CAINC45,60,"..."," Cash receipts: Crops ","Thousands of dollars",11096,10911,11942,10316,14728,17538,18270,18084,19793,23428,27214,27700,30414,28370,26193,27739,26671,25860,28802,30602,30466,31190,33854,32285,30174,30910,33733,35063,39425,41264,43884,47628,46624,44489,40581,44149,43935,49196,66097,75101,67175,70163,72668,77298,76110,72865,68260,71604,70056,63181,65384,71985,83216,92777
 "36063","Niagara, NY",2,CAINC45,120,"...","Other income ","Thousands of dollars",2172,2031,1583,1746,1539,1289,1288,1395,1527,1724,1571,1550,1717,2323,4118,3113,3771,4610,6467,5472,6156,5611,3993,4480,6679,4002,4272,3519,4238,5502,9296,9380,8308,7535,7698,8282,10725,6612,5989,9133,10170,12517,11510,18527,23165,15233,13259,9961,15015,11058,20791,24945,10207,15277
 "36063","Niagara, NY",2,CAINC45,130,"..."," Government payments ","Thousands of dollars",1446,1304,843,980,545,72,92,103,306,703,233,86,159,550,2302,1180,1709,2661,4703,3544,4061,3511,1876,2118,4285,1578,1794,1442,1538,2743,5759,4727,5370,4040,3809,3443,6909,3093,1747,2354,2630,1742,1610,1956,1599,385,2244,1994,2383,1559,2817,15375,5160,2576
 "36063","Niagara, NY",2,CAINC45,140,"..."," Imputed and miscellaneous income received 1/","Thousands of dollars",726,727,740,766,994,1217,1196,1292,1221,1021,1338,1464,1558,1773,1816,1933,2062,1949,1764,1928,2095,2100,2117,2362,2394,2424,2478,2077,2700,2759,3537,4653,2938,3495,3889,4839,3816,3519,4242,6779,7540,10775,9900,16571,21566,14848,11015,7967,12632,9499,17974,9570,5047,12701
 "36063","Niagara, NY",2,CAINC45,150,"...","Production expenses ","Thousands of dollars",15389,16013,16979,17590,20894,25987,28707,29835,31853,33307,38849,42037,44349,44167,45101,45733,42405,40220,40803,42068,46059,48577,48651,48561,50761,56090,60644,60224,62920,63105,61162,61373,63546,67116,64132,69132,69766,78558,94634,98300,91676,90011,91083,104965,108068,119153,113741,115286,114288,117475,107992,117097,117718,145163
 "36063","Niagara, NY",2,CAINC45,160,"..."," Feed purchased ","Thousands of dollars",1276,1450,1489,1459,2069,2864,2628,2919,2712,2605,2955,3401,3524,2823,3200,2812,2528,2519,2345,2617,3096,3226,3288,3450,3472,3437,3854,3834,4577,4980,4769,4408,4743,4939,4654,5126,4611,5424,6804,8665,7639,8861,9658,11168,12261,12868,12939,11944,13203,13068,12464,13739,13113,12755
 "36063","Niagara, NY",2,CAINC45,170,"..."," Livestock purchased ","Thousands of dollars",1054,1054,1042,1044,1206,1192,1220,1412,1441,1673,2604,2176,2057,1446,1377,1289,1010,1069,1430,1175,1679,1891,1976,1998,2711,2807,2989,2244,1446,1521,1755,1395,1852,1406,785,1065,1564,1806,2381,1691,1824,1460,1458,1279,1110,1501,908,993,920,1164,1243,1310,1396,1283
 "36063","Niagara, NY",2,CAINC45,180,"..."," Seed purchased ","Thousands of dollars",399,440,499,508,723,932,911,1073,1126,1064,1170,1296,1384,1284,1092,1374,1271,1285,1299,1612,1739,1768,1980,1665,1710,2050,2444,2890,3111,3343,2845,3311,3337,4315,4579,4265,3940,4174,5299,5730,5416,5274,5513,6540,6700,7110,6589,7250,7587,7207,6183,6942,5804,10452
 "36063","Niagara, NY",2,CAINC45,190,"..."," Fertilizer and lime (incl. ag. chemicals 1978-fwd.) ","Thousands of dollars",1705,1744,1970,2187,2494,3487,3990,3663,3663,4190,5188,5937,6092,5887,5552,6105,5543,4861,4819,4848,5492,5673,6141,5783,5208,6454,7509,6784,7537,7456,6942,6867,7549,6924,7659,8708,9760,11088,12829,13797,11644,11075,11708,13255,14054,15240,13252,13345,12092,13940,12445,14356,15531,20253
 "36063","Niagara, NY",2,CAINC45,200,"..."," Petroleum products purchased ","Thousands of dollars",825,797,819,790,880,1255,1543,1830,1988,2017,2348,3160,3351,2924,2733,2778,2468,2024,1901,1801,1758,2102,1984,1813,1932,2026,2322,2606,2656,2373,2152,2806,2652,2429,2654,3274,3739,4316,5237,5961,4750,4940,5716,6698,7465,7652,5820,4966,5381,5303,5233,4809,5406,7942
 "36063","Niagara, NY",2,CAINC45,210,"..."," Hired farm labor expenses 2/","Thousands of dollars",3381,3497,3810,3886,4727,5512,6460,6499,7295,6828,7463,7686,7227,7973,7598,7784,7891,7043,7117,7732,8307,9431,9112,8851,9961,10499,12086,12296,12920,12793,11127,12209,12436,15042,14247,15064,13071,15320,19451,17840,17167,16256,14569,20126,19705,20533,16969,18122,16396,15441,12818,13794,13065,19552
 "36063","Niagara, NY",2,CAINC45,220,"..."," All other production expenses 3/","Thousands of dollars",6749,7031,7350,7716,8795,10745,11955,12439,13628,14930,17121,18381,20714,21830,23549,23591,21694,21419,21892,22283,23988,24486,24170,25001,25767,28817,29440,29570,30673,30639,31572,30377,30977,32061,29554,31630,33081,36430,42633,44616,43236,42145,42461,45899,46773,54249,57264,58666,58709,61352,57606,62147,63403,72926
 "36063","Niagara, NY",2,CAINC45,240,"...","Value of inventory change ","Thousands of dollars",-81,228,120,-1229,-667,2597,446,-287,-201,819,1222,666,128,1135,-2157,-211,-532,-311,-1108,-2960,-124,651,-221,-49,-831,2609,-1121,336,1106,-905,473,-3722,581,-2167,4456,1592,-3993,2866,1222,1950,-4035,-1145,-3560,-2690,1777,-4003,-3893,-4561,-2057,-997,-7119,-4964,1114,-11466
 "36063","Niagara, NY",2,CAINC45,250,"..."," Value of inventory change: livestock ","Thousands of dollars",-122,-70,-66,-27,113,374,114,-203,-440,-193,560,531,844,191,149,-216,-834,-556,-669,-809,-150,-38,52,36,-234,-437,245,233,-524,-210,3,-945,120,790,-360,-99,-160,330,348,-1241,520,-108,110,-160,832,-164,432,691,-316,-469,165,-570,-7,150
 "36063","Niagara, NY",2,CAINC45,260,"..."," Value of inventory change: crops ","Thousands of dollars",41,298,186,-1202,-780,2223,332,-84,239,1012,662,135,-716,944,-2306,5,302,245,-439,-2151,26,689,-150,-480,-498,2481,-708,-391,1421,-919,1030,-3079,742,-3559,5269,1203,-2835,1870,137,2984,-4546,-1961,-3405,-2915,1054,-4377,-4849,-5211,-1770,-557,-7052,-4617,597,-11637
 "36063","Niagara, NY",2,CAINC45,265,"..."," Value of inventory change: materials and supplies ","Thousands of dollars",(NA),(NA),(NA),(NA),(NA),(NA),(NA),(NA),(NA),(NA),(NA),(NA),(NA),(NA),(NA),(NA),(NA),(NA),(NA),(NA),(NA),(NA),-123,395,-99,565,-658,494,209,224,-560,302,-281,602,-453,488,-998,666,737,207,-9,924,-265,385,-109,538,524,-41,29,29,-232,223,524,21
 "36063","Niagara, NY",2,CAINC45,270,"...","Cash receipts and other income ","Thousands of dollars",22462,22240,22883,21884,27574,30626,31804,33436,35290,41573,47551,47495,50496,47813,48067,48778,47612,47401,53281,53430,55365,56319,56142,55827,57903,58327,61370,62919,63981,68918,75435,77695,79156,71785,67433,76150,78943,76684,114449,126804,108427,122947,134464,143872,150522,149928,126882,123804,130275,116348,132981,141755,142049,175165
 "36063","Niagara, NY",2,CAINC45,280,"..."," Less: Production expenses ","Thousands of dollars",15389,16013,16979,17590,20894,25987,28707,29835,31853,33307,38849,42037,44349,44167,45101,45733,42405,40220,40803,42068,46059,48577,48651,48561,50761,56090,60644,60224,62920,63105,61162,61373,63546,67116,64132,69132,69766,78558,94634,98300,91676,90011,91083,104965,108068,119153,113741,115286,114288,117475,107992,117097,117718,145163
 "36063","Niagara, NY",2,CAINC45,290,"...","Equals: Realized net income ","Thousands of dollars",7073,6227,5904,4294,6680,4639,3097,3601,3437,8266,8702,5458,6147,3646,2966,3045,5207,7181,12478,11362,9306,7742,7491,7266,7142,2237,726,2695,1061,5813,14273,16322,15610,4669,3301,7018,9177,-1874,19815,28504,16751,32936,43381,38907,42454,30775,13141,8518,15987,-1127,24989,24658,24331,30002
 "36063","Niagara, NY",2,CAINC45,300,"..."," Plus: Value of inventory change ","Thousands of dollars",-81,228,120,-1229,-667,2597,446,-287,-201,819,1222,666,128,1135,-2157,-211,-532,-311,-1108,-2960,-124,651,-221,-49,-831,2609,-1121,336,1106,-905,473,-3722,581,-2167,4456,1592,-3993,2866,1222,1950,-4035,-1145,-3560,-2690,1777,-4003,-3893,-4561,-2057,-997,-7119,-4964,1114,-11466
 "36063","Niagara, NY",2,CAINC45,310,"...","Equals: Net income including corporate farms ","Thousands of dollars",6992,6455,6024,3065,6013,7236,3543,3314,3236,9085,9924,6124,6275,4781,809,2834,4675,6870,11370,8402,9182,8393,7270,7217,6311,4846,-395,3031,2167,4908,14746,12600,16191,2502,7757,8610,5184,992,21037,30454,12716,31791,39821,36217,44231,26772,9248,3957,13930,-2124,17870,19694,25445,18536
 "36063","Niagara, NY",2,CAINC45,320,"..."," Less: Net income of corporate farms ","Thousands of dollars",181,179,210,176,437,331,221,216,188,750,895,133,397,159,13,150,310,414,703,410,758,800,533,858,595,707,-107,651,349,606,1172,1079,1708,288,759,950,445,71,1867,2050,529,1928,3020,2327,2530,1590,258,272,815,-249,1494,1795,2889,2432
 "36063","Niagara, NY",2,CAINC45,330,"..."," Plus: Statistical adjustment ","Thousands of dollars",0,0,0,0,0,0,0,0,0,0,0,0,0,0,0,0,0,0,0,0,0,0,0,0,0,0,0,0,0,0,0,0,0,0,0,0,0,0,0,0,0,0,0,0,0,0,0,0,0,0,0,0,0,0
 "36063","Niagara, NY",2,CAINC45,340,"...","Equals: Farm proprietors' income ","Thousands of dollars",6811,6276,5814,2889,5576,6905,3322,3098,3048,8335,9029,5991,5878,4622,796,2684,4365,6456,10667,7992,8424,7593,6737,6359,5716,4139,-288,2380,1818,4302,13574,11521,14483,2214,6998,7660,4739,921,19170,28404,12187,29863,36801,33890,41701,25182,8990,3685,13115,-1875,16376,17899,22556,16104
 "36063","Niagara, NY",2,CAINC45,350,"..."," Plus: Farm wages and salaries ","Thousands of dollars",2841,2919,3094,3082,3806,4452,5037,4941,5487,5346,5816,6030,5878,6665,6275,6108,6052,5503,5406,6095,6456,7548,7341,7142,7916,7909,9063,9647,10409,10021,8761,9792,9734,11832,11531,12054,10349,12004,15073,13742,12703,12519,10831,16139,16271,17433,14168,16099,15369,14462,11463,12418,11784,16770
 "36063","Niagara, NY",2,CAINC45,360,"..."," Plus: Farm supplements to wages and salaries ","Thousands of dollars",290,303,336,336,425,507,591,699,847,838,880,861,770,743,811,786,802,788,827,902,1175,1483,1628,1671,1905,1960,2114,1960,1897,1817,1663,1863,2043,2053,2007,2090,1949,2362,3512,4212,3612,3411,3157,3869,4470,4558,4202,4601,4954,3873,3483,3455,3658,5998
 "36063","Niagara, NY",2,CAINC45,370,"...","Equals: Farm earnings ","Thousands of dollars",9942,9498,9244,6307,9807,11864,8950,8738,9382,14519,15725,12882,12526,12030,7882,9578,11219,12747,16900,14989,16055,16624,15706,15172,15537,14008,10889,13987,14124,16140,23998,23176,26260,16099,20536,21804,17037,15287,37755,46358,28502,45793,50789,53898,62442,47173,27360,24385,33438,16460,31322,33772,37998,38872
 "36065","Oneida, NY",2,CAINC45,10,"...","Cash receipts from marketings (thousands of dollars) ","Thousands of dollars",33638,34394,35111,35998,41498,45756,46743,51924,52244,57749,68738,76810,82398,79585,83872,82619,79268,79456,81902,82112,87845,87079,80686,83783,82372,84702,82719,86839,74689,87192,86921,82867,94369,82125,79403,92597,93084,86280,90463,100736,81216,94972,112288,112116,118100,131733,102059,96669,99247,95822,104170,102980,114139,149259
 "36065","Oneida, NY",2,CAINC45,20,"..."," Cash receipts: Livestock and products ","Thousands of dollars",29919,30595,31182,32337,36187,39312,39819,45082,44321,49452,59701,65241,68445,67345,70431,68629,66320,64700,65869,64288,68971,69848,62597,66053,66218,68007,64997,69377,60176,71082,70451,64066,75588,56354,53989,66479,67260,57533,65144,65364,47674,61640,76826,73271,79191,96966,72133,68005,73629,68803,76112,73029,79182,109438
 "36065","Oneida, NY",2,CAINC45,60,"..."," Cash receipts: Crops ","Thousands of dollars",3719,3799,3929,3661,5311,6444,6924,6842,7923,8297,9037,11569,13953,12240,13441,13990,12948,14756,16033,17824,18874,17231,18089,17730,16154,16695,17722,17462,14513,16110,16470,18801,18781,25771,25414,26118,25824,28747,25319,35372,33542,33332,35462,38845,38909,34767,29926,28664,25618,27019,28058,29951,34957,39821
 "36065","Oneida, NY",2,CAINC45,120,"...","Other income ","Thousands of dollars",1135,1088,1009,1164,1352,1465,1420,1532,1377,1874,1932,2021,1944,2228,2910,4336,3707,3969,4518,3834,3362,3107,2863,2856,3376,3008,3268,2574,3093,3383,5600,6168,6984,8363,9536,6958,7986,7660,6002,7018,10622,8216,6597,11292,11058,8251,7205,5704,7486,5986,11181,19819,10645,9719
 "36065","Oneida, NY",2,CAINC45,130,"..."," Government payments ","Thousands of dollars",468,390,281,380,296,140,165,210,160,566,279,273,151,270,841,2084,1255,1586,2423,1664,1132,980,818,700,1250,909,1176,841,935,1177,2805,2528,4624,5034,5750,2186,4154,4081,1674,1602,4889,1645,1170,3367,1819,342,1252,1739,1972,1731,3044,15551,6965,1567
 "36065","Oneida, NY",2,CAINC45,140,"..."," Imputed and miscellaneous income received 1/","Thousands of dollars",667,698,728,784,1056,1325,1255,1322,1217,1308,1653,1748,1793,1958,2069,2252,2452,2383,2095,2170,2230,2127,2045,2156,2126,2099,2092,1733,2158,2206,2795,3640,2360,3329,3786,4772,3832,3579,4328,5416,5733,6571,5427,7925,9239,7909,5953,3965,5514,4255,8137,4268,3680,8152
 "36065","Oneida, NY",2,CAINC45,150,"...","Production expenses ","Thousands of dollars",23920,24915,25766,26197,31715,40006,42981,47084,49550,55834,66679,73937,80638,79037,81660,79312,71320,67897,67386,67712,73175,74759,73057,72203,71824,75048,77311,74052,74876,75072,72756,70575,72603,74697,65512,66498,63664,67664,75299,81803,77852,78169,81372,92720,92265,98649,91796,88477,85497,87730,81616,88170,88413,106128
 "36065","Oneida, NY",2,CAINC45,160,"..."," Feed purchased ","Thousands of dollars",5791,6271,6203,5908,8180,11108,10510,12305,11757,12449,14065,16129,16648,13287,15125,13353,12060,12080,11307,11809,13162,13000,12610,12645,11784,10845,11344,10548,11801,12466,11592,10403,10871,10985,9284,9205,7475,7959,9047,11283,9779,11187,12048,13795,15071,15737,15742,14453,15884,15723,14996,16531,15777,15346
 "36065","Oneida, NY",2,CAINC45,170,"..."," Livestock purchased ","Thousands of dollars",1811,1924,2007,2111,2550,2623,2475,2727,2595,3048,5087,4572,4661,3543,3430,3254,2586,2776,3766,2866,3823,3898,3616,3445,4447,4452,4780,3890,2766,3151,3568,2780,3686,2543,1341,1705,2318,2457,1652,1379,1770,1708,2106,2342,1918,2399,1321,1276,995,1263,1343,1417,1510,1390
 "36065","Oneida, NY",2,CAINC45,180,"..."," Seed purchased ","Thousands of dollars",496,524,576,573,801,1018,1073,1364,1500,1571,1758,1980,2143,2015,1639,1970,1738,1672,1604,2004,2176,2225,2504,2117,1945,2124,2336,2581,2615,2836,2431,2849,2888,3755,3629,3075,2583,2484,2856,3361,3412,3532,3894,4842,4873,5078,4620,4989,5125,4869,4177,4690,3921,7061
 "36065","Oneida, NY",2,CAINC45,190,"..."," Fertilizer and lime (incl. ag. chemicals 1978-fwd.) ","Thousands of dollars",1213,1168,1259,1341,1564,2305,2812,2646,2857,3554,4342,4913,4992,4785,4467,4860,4361,3775,3692,3749,4286,4463,4869,4616,3983,4739,5298,4609,4939,4859,4499,4424,4834,4406,4364,4530,4702,5001,5468,6654,6259,6558,7564,9269,9310,9529,7789,7339,6187,7132,6368,7347,7948,10364
 "36065","Oneida, NY",2,CAINC45,200,"..."," Petroleum products purchased ","Thousands of dollars",984,952,980,947,1055,1506,1968,2474,2746,3029,3501,4684,4942,4295,3992,4032,3554,2887,2684,2601,2596,3174,3064,2861,2821,2758,2964,3138,3030,2655,2358,3009,2778,2485,2755,3432,3948,4582,5584,6269,4934,5073,5810,6742,7421,7504,5622,4718,5017,4945,4880,4484,5041,7406
 "36065","Oneida, NY",2,CAINC45,210,"..."," Hired farm labor expenses 2/","Thousands of dollars",2528,2498,2627,2598,3072,3539,4108,4179,4687,4678,5238,5508,5606,6387,6239,6448,6596,6076,6142,6630,6998,7822,7469,7076,7789,8090,9183,9128,9447,10050,9250,10650,11480,14328,11426,10672,8105,8227,8801,8111,7875,7353,6669,8881,8952,9552,8107,8763,7983,7496,6377,6801,6367,9526
 "36065","Oneida, NY",2,CAINC45,220,"..."," All other production expenses 3/","Thousands of dollars",11097,11578,12114,12719,14493,17907,20035,21389,23408,27505,32688,36151,41646,44725,46768,45395,40425,38631,38191,38053,40134,40177,38925,39443,39055,42040,41406,40158,40278,39055,39058,36460,36066,36195,32713,33879,34533,36954,41891,44746,43823,42758,43281,46849,44720,48850,48595,46939,44306,46302,43475,46900,47849,55035
 "36065","Oneida, NY",2,CAINC45,240,"...","Value of inventory change ","Thousands of dollars",-479,-101,93,-871,626,1921,576,-227,-1740,-222,2798,2012,3569,1631,-1405,-979,-976,-1631,-2145,-6747,-571,642,-595,-515,-24,1126,-1463,1755,-851,-737,-995,-3293,1524,1646,509,-384,-2145,1543,1060,741,-3042,-821,-2507,-2206,2339,-2898,-2472,-2145,-1007,-735,-4040,-4544,1947,-6088
 "36065","Oneida, NY",2,CAINC45,250,"..."," Value of inventory change: livestock ","Thousands of dollars",-333,-190,-211,-15,369,1211,468,-748,-1490,-950,2129,1546,3455,1508,535,-998,-1959,-1724,-1914,-3321,-167,301,290,15,-599,-1197,782,763,-1587,-546,2,-2619,365,2082,-942,-292,-374,747,541,-1934,822,-207,235,-282,1527,-315,749,1246,-554,-834,299,-1006,-14,261
 "36065","Oneida, NY",2,CAINC45,260,"..."," Value of inventory change: crops ","Thousands of dollars",-146,89,304,-856,257,710,108,521,-250,728,669,466,114,123,-1940,19,983,93,-231,-3426,-404,341,-661,-1244,744,1420,-1252,289,456,-485,-282,-1051,1501,-1154,1935,-567,-869,233,-71,2502,-3856,-1440,-2499,-2286,913,-3067,-3681,-3356,-478,75,-4146,-3724,1524,-6366
 "36065","Oneida, NY",2,CAINC45,265,"..."," Value of inventory change: materials and supplies ","Thousands of dollars",(NA),(NA),(NA),(NA),(NA),(NA),(NA),(NA),(NA),(NA),(NA),(NA),(NA),(NA),(NA),(NA),(NA),(NA),(NA),(NA),(NA),(NA),-224,714,-169,903,-993,703,280,294,-715,377,-342,718,-484,475,-902,563,590,173,-8,826,-243,362,-101,484,460,-35,25,24,-193,186,437,17
 "36065","Oneida, NY",2,CAINC45,270,"...","Cash receipts and other income ","Thousands of dollars",34773,35482,36120,37162,42850,47221,48163,53456,53621,59623,70670,78831,84342,81813,86782,86955,82975,83425,86420,85946,91207,90186,83549,86639,85748,87710,85987,89413,77782,90575,92521,89035,101353,90488,88939,99555,101070,93940,96465,107754,91838,103188,118885,123408,129158,139984,109264,102373,106733,101808,115351,122799,124784,158978
 "36065","Oneida, NY",2,CAINC45,280,"..."," Less: Production expenses ","Thousands of dollars",23920,24915,25766,26197,31715,40006,42981,47084,49550,55834,66679,73937,80638,79037,81660,79312,71320,67897,67386,67712,73175,74759,73057,72203,71824,75048,77311,74052,74876,75072,72756,70575,72603,74697,65512,66498,63664,67664,75299,81803,77852,78169,81372,92720,92265,98649,91796,88477,85497,87730,81616,88170,88413,106128
 "36065","Oneida, NY",2,CAINC45,290,"...","Equals: Realized net income ","Thousands of dollars",10853,10567,10354,10965,11135,7215,5182,6372,4071,3789,3991,4894,3704,2776,5122,7643,11655,15528,19034,18234,18032,15427,10492,14436,13924,12662,8676,15361,2906,15503,19765,18460,28750,15791,23427,33057,37406,26276,21166,25951,13986,25019,37513,30688,36893,41335,17468,13896,21236,14078,33735,34629,36371,52850
 "36065","Oneida, NY",2,CAINC45,300,"..."," Plus: Value of inventory change ","Thousands of dollars",-479,-101,93,-871,626,1921,576,-227,-1740,-222,2798,2012,3569,1631,-1405,-979,-976,-1631,-2145,-6747,-571,642,-595,-515,-24,1126,-1463,1755,-851,-737,-995,-3293,1524,1646,509,-384,-2145,1543,1060,741,-3042,-821,-2507,-2206,2339,-2898,-2472,-2145,-1007,-735,-4040,-4544,1947,-6088
 "36065","Oneida, NY",2,CAINC45,310,"...","Equals: Net income including corporate farms ","Thousands of dollars",10374,10466,10447,10094,11761,9136,5758,6145,2331,3567,6789,6906,7273,4407,3717,6664,10679,13897,16889,11487,17461,16069,9897,13921,13900,13788,7213,17116,2055,14766,18770,15167,30274,17437,23936,32673,35261,27819,22226,26692,10944,24198,35006,28482,39232,38437,14996,11751,20229,13343,29695,30085,38318,46762
 "36065","Oneida, NY",2,CAINC45,320,"..."," Less: Net income of corporate farms ","Thousands of dollars",378,355,402,591,817,378,271,262,79,154,344,89,291,97,40,250,518,633,816,451,1191,1299,630,1354,1013,1506,704,2465,195,1207,1147,1294,3469,3669,3909,4915,3660,2249,1794,1405,295,743,949,368,567,688,145,315,506,697,1063,1174,1863,2626
 "36065","Oneida, NY",2,CAINC45,330,"..."," Plus: Statistical adjustment ","Thousands of dollars",1,0,0,1,0,0,0,0,0,0,0,0,0,-1,0,0,0,0,0,0,0,0,0,0,0,0,0,0,0,0,0,0,0,0,0,0,0,0,0,0,0,0,0,0,0,0,0,0,0,0,0,0,0,0
 "36065","Oneida, NY",2,CAINC45,340,"...","Equals: Farm proprietors' income ","Thousands of dollars",9997,10111,10045,9504,10944,8758,5487,5883,2252,3413,6445,6817,6982,4309,3677,6414,10161,13264,16073,11036,16270,14770,9267,12567,12887,12282,6509,14651,1860,13559,17623,13873,26805,13768,20027,27758,31601,25570,20432,25287,10649,23455,34057,28114,38665,37749,14851,11436,19723,12646,28632,28911,36455,44136
 "36065","Oneida, NY",2,CAINC45,350,"..."," Plus: Farm wages and salaries ","Thousands of dollars",2124,2165,2278,2268,2822,3296,3708,3657,4072,3979,4542,4910,4968,5793,5484,5380,5358,4906,4848,5292,5439,6193,5867,5563,6086,5990,6779,7121,7563,7649,6994,8171,8508,10604,8869,7986,6018,6116,6760,6064,5517,5357,4554,6676,6756,7227,5865,6657,6352,5977,4780,5161,4904,7029
 "36065","Oneida, NY",2,CAINC45,360,"..."," Plus: Farm supplements to wages and salaries ","Thousands of dollars",240,256,289,292,363,436,489,562,678,663,719,724,662,657,716,699,714,696,731,770,961,1166,1239,1223,1421,1481,1617,1526,1497,1519,1465,1730,2009,2112,1781,1579,1281,1314,1670,1981,1687,1550,1423,1746,2023,2053,1864,2027,2187,1724,1564,1562,1638,2609
 "36065","Oneida, NY",2,CAINC45,370,"...","Equals: Farm earnings ","Thousands of dollars",12361,12532,12612,12064,14129,12490,9684,10102,7002,8055,11706,12451,12612,10759,9877,12493,16233,18866,21652,17098,22670,22129,16373,19353,20394,19753,14905,23298,10920,22727,26082,23774,37322,26484,30677,37323,38900,33000,28862,33332,17853,30362,40034,36536,47444,47029,22580,20120,28262,20347,34976,35634,42997,53774
 "36067","Onondaga, NY",2,CAINC45,10,"...","Cash receipts from marketings (thousands of dollars) ","Thousands of dollars",21864,22369,22838,23208,28361,32201,33914,37558,37208,40648,47627,52093,56828,54367,55640,58518,55613,56282,56712,58798,64656,67639,65953,67274,68645,70598,71001,76523,71089,79378,78791,76517,84302,81793,81153,95659,95069,90148,139368,147047,114977,134454,156800,156227,169771,201454,173304,159559,173526,168765,178202,177513,195742,271474
 "36067","Onondaga, NY",2,CAINC45,20,"..."," Cash receipts: Livestock and products ","Thousands of dollars",16498,16922,17177,17918,20734,22483,23473,26936,26635,29957,35676,38826,41467,41126,43480,44994,43672,43990,43392,42911,48915,52634,48494,51267,53167,54540,53469,58423,51725,59196,57998,53836,61903,56076,55448,67776,67362,58729,100279,101767,73736,92475,113354,109848,124614,159940,136409,122887,139431,133458,141523,138126,149556,218957
 "36067","Onondaga, NY",2,CAINC45,60,"..."," Cash receipts: Crops ","Thousands of dollars",5366,5447,5661,5290,7627,9718,10441,10622,10573,10691,11951,13267,15361,13241,12160,13524,11941,12292,13320,15887,15741,15005,17459,16007,15478,16058,17532,18100,19364,20182,20793,22681,22399,25717,25705,27883,27707,31419,39089,45280,41241,41979,43446,46379,45157,41514,36895,36672,34095,35307,36679,39387,46186,52517
 "36067","Onondaga, NY",2,CAINC45,120,"...","Other income ","Thousands of dollars",1536,1313,1075,1220,1265,1153,1052,1157,1137,1540,1445,1378,1456,1807,2792,2840,2603,3894,4590,3961,2710,2517,2217,2060,3304,2313,2857,2914,3764,4491,7375,11002,7092,10172,9366,8707,10506,9178,6187,8739,11165,10765,8367,14643,14458,10680,9877,9638,13715,9932,17232,29581,13987,15032
 "36067","Onondaga, NY",2,CAINC45,130,"..."," Government payments ","Thousands of dollars",958,737,489,612,473,176,113,165,222,582,242,127,184,411,1399,1395,1104,2501,3367,2746,1519,1434,1229,1075,2081,861,1167,1331,1509,1955,3939,6310,4053,5393,4573,3217,6456,5644,2126,2637,5457,2575,1891,3305,2290,442,2017,2935,2333,2308,4131,21326,8293,1911
 "36067","Onondaga, NY",2,CAINC45,140,"..."," Imputed and miscellaneous income received 1/","Thousands of dollars",578,576,586,608,792,977,939,992,915,958,1203,1251,1272,1396,1393,1445,1499,1393,1223,1215,1191,1083,988,985,1223,1452,1690,1583,2255,2536,3436,4692,3039,4779,4793,5490,4050,3534,4061,6102,5708,8190,6476,11338,12168,10238,7860,6703,11382,7624,13101,8255,5694,13121
 "36067","Onondaga, NY",2,CAINC45,150,"...","Production expenses ","Thousands of dollars",16255,17233,18329,19039,23244,29645,32093,33850,35848,37614,44900,50083,54651,53914,56716,56688,52468,51023,51796,53299,58594,61211,60856,61311,63819,69033,74333,73655,77637,81104,81096,81777,87014,93331,84310,87879,84903,92841,108582,118951,113829,116469,121778,141737,146031,161117,155116,154701,156372,159809,148112,160186,159756,190698
 "36067","Onondaga, NY",2,CAINC45,160,"..."," Feed purchased ","Thousands of dollars",2888,3256,3321,3242,4578,6319,6013,6928,6678,6658,7974,9651,10472,8755,10361,9516,8952,9349,9133,9715,11016,11058,10892,11079,11276,11274,12759,12792,15379,17313,17122,16308,18057,19305,16283,16110,13052,13861,15709,20354,18188,21333,23460,27338,31016,33636,34945,33327,38054,37667,35926,39602,37796,36764
 "36067","Onondaga, NY",2,CAINC45,170,"..."," Livestock purchased ","Thousands of dollars",1024,1117,1192,1276,1564,1629,1527,1633,1548,1680,2826,2559,2627,2010,1914,1793,1405,1486,1986,1651,2482,2866,2915,2970,4003,4040,4452,3734,2765,2916,3122,2389,2902,2288,1279,1639,2229,2464,2582,2109,2556,2320,2714,2975,2766,4043,2877,3071,3083,4023,4093,4404,4660,4549
 "36067","Onondaga, NY",2,CAINC45,180,"..."," Seed purchased ","Thousands of dollars",553,554,585,564,769,956,986,1216,1330,1304,1376,1466,1507,1350,1168,1495,1406,1444,1481,1785,1873,1858,2031,1669,1670,1959,2297,2683,2856,2903,2348,2609,2518,3133,3471,3358,3208,3502,4570,4953,4691,4576,4790,5691,6220,7015,6883,7993,8801,8361,7172,8052,6732,12124
 "36067","Onondaga, NY",2,CAINC45,190,"..."," Fertilizer and lime (incl. ag. chemicals 1978-fwd.) ","Thousands of dollars",1234,1241,1381,1508,1785,2650,3198,2965,3171,3703,4438,4938,4944,4676,4393,4811,4351,3797,3747,3759,4249,4379,4731,4449,4025,5007,5845,5298,5903,5829,5419,5351,5871,5372,5309,5498,5696,6049,6601,8051,7586,7959,9191,11272,11644,12291,10392,10165,8934,10300,9195,10607,11475,14964
 "36067","Onondaga, NY",2,CAINC45,200,"..."," Petroleum products purchased ","Thousands of dollars",741,748,796,791,901,1310,1580,1847,1983,1994,2472,3492,3847,3464,3222,3259,2877,2342,2180,2076,2037,2449,2324,2135,2254,2347,2671,2982,3023,2766,2568,3431,3324,3125,3393,4169,4747,5467,6623,7555,6032,6284,7283,8550,9993,10759,8608,7741,8859,8731,8617,7918,8901,13076
 "36067","Onondaga, NY",2,CAINC45,210,"..."," Hired farm labor expenses 2/","Thousands of dollars",2407,2440,2679,2739,3355,3984,4536,4411,4847,4412,4806,4945,4871,5467,5327,5506,5679,5227,5354,6171,6918,8219,8218,8228,9277,9805,11357,11425,12031,12329,10922,12258,12800,15765,14609,15275,13110,15127,18943,16896,15899,14819,12918,17779,18167,19856,17050,19326,18421,17345,14207,15270,14358,21996
 "36067","Onondaga, NY",2,CAINC45,220,"..."," All other production expenses 3/","Thousands of dollars",7408,7877,8375,8919,10292,12797,14253,14850,16291,17863,21008,23032,26383,28192,30331,30308,27798,27378,27915,28142,30019,30382,29745,30781,31314,34601,34952,34741,35680,37048,39595,39431,41542,44343,39966,41830,42861,46371,53554,59033,58877,59178,61422,68132,66225,73517,74361,73078,70220,73382,68902,74333,75834,87225
 "36067","Onondaga, NY",2,CAINC45,240,"...","Value of inventory change ","Thousands of dollars",-256,36,39,-932,406,2480,697,-407,-851,-23,1792,856,2001,695,-2000,-469,-71,-838,-1521,-5181,-414,671,-513,-578,23,1713,-1397,1091,416,-29,-1158,-2658,646,986,555,478,-2745,1694,1484,1331,-3441,-622,-2697,-1761,2079,-2437,-1327,-2337,-2063,-1451,-4134,-4315,1018,-6920
 "36067","Onondaga, NY",2,CAINC45,250,"..."," Value of inventory change: livestock ","Thousands of dollars",-175,-104,-116,-37,192,608,222,-418,-782,-470,1034,805,1783,734,242,-491,-1379,-1045,-1194,-1856,-89,139,145,17,-364,-744,479,385,-965,-329,52,-1715,134,1580,-730,-121,-389,664,745,-2276,903,-220,301,-235,1669,-249,1314,1264,-971,-1111,860,-1214,-164,588
 "36067","Onondaga, NY",2,CAINC45,260,"..."," Value of inventory change: crops ","Thousands of dollars",-81,140,155,-895,214,1872,475,11,-69,447,758,51,218,-39,-2242,22,1308,207,-327,-3325,-325,532,-465,-1215,545,1553,-811,-99,1038,-73,-266,-1458,996,-1645,1996,-102,-1018,190,-146,3344,-4332,-1681,-2618,-2096,576,-3024,-3475,-3534,-1141,-388,-4607,-3473,306,-7542
 "36067","Onondaga, NY",2,CAINC45,265,"..."," Value of inventory change: materials and supplies ","Thousands of dollars",(NA),(NA),(NA),(NA),(NA),(NA),(NA),(NA),(NA),(NA),(NA),(NA),(NA),(NA),(NA),(NA),(NA),(NA),(NA),(NA),(NA),(NA),-193,620,-158,904,-1065,805,343,373,-944,515,-484,1051,-711,701,-1338,840,885,263,-12,1279,-380,570,-166,836,834,-67,49,48,-387,372,876,34
 "36067","Onondaga, NY",2,CAINC45,270,"...","Cash receipts and other income ","Thousands of dollars",23400,23682,23913,24428,29626,33354,34966,38715,38345,42188,49072,53471,58284,56174,58432,61358,58216,60176,61302,62759,67366,70156,68170,69334,71949,72911,73858,79437,74853,83869,86166,87519,91394,91965,90519,104366,105575,99326,145555,155786,126142,145219,165167,170870,184229,212134,183181,169197,187241,178697,195434,207094,209729,286506
 "36067","Onondaga, NY",2,CAINC45,280,"..."," Less: Production expenses ","Thousands of dollars",16255,17233,18329,19039,23244,29645,32093,33850,35848,37614,44900,50083,54651,53914,56716,56688,52468,51023,51796,53299,58594,61211,60856,61311,63819,69033,74333,73655,77637,81104,81096,81777,87014,93331,84310,87879,84903,92841,108582,118951,113829,116469,121778,141737,146031,161117,155116,154701,156372,159809,148112,160186,159756,190698
 "36067","Onondaga, NY",2,CAINC45,290,"...","Equals: Realized net income ","Thousands of dollars",7145,6449,5584,5389,6382,3709,2873,4865,2497,4574,4172,3388,3633,2260,1716,4670,5748,9153,9506,9460,8772,8945,7314,8023,8130,3878,-475,5782,-2784,2765,5070,5742,4380,-1366,6209,16487,20672,6485,36973,36835,12313,28750,43389,29133,38198,51017,28065,14496,30869,18888,47322,46908,49973,95808
 "36067","Onondaga, NY",2,CAINC45,300,"..."," Plus: Value of inventory change ","Thousands of dollars",-256,36,39,-932,406,2480,697,-407,-851,-23,1792,856,2001,695,-2000,-469,-71,-838,-1521,-5181,-414,671,-513,-578,23,1713,-1397,1091,416,-29,-1158,-2658,646,986,555,478,-2745,1694,1484,1331,-3441,-622,-2697,-1761,2079,-2437,-1327,-2337,-2063,-1451,-4134,-4315,1018,-6920
 "36067","Onondaga, NY",2,CAINC45,310,"...","Equals: Net income including corporate farms ","Thousands of dollars",6889,6485,5623,4457,6788,6189,3570,4458,1646,4551,5964,4244,5634,2955,-284,4201,5677,8315,7985,4279,8358,9616,6801,7445,8153,5591,-1872,6873,-2368,2736,3912,3084,5026,-380,6764,16965,17927,8179,38457,38166,8872,28128,40692,27372,40277,48580,26738,12159,28806,17437,43188,42593,50991,88888
 "36067","Onondaga, NY",2,CAINC45,320,"..."," Less: Net income of corporate farms ","Thousands of dollars",98,114,135,189,378,223,152,177,53,193,293,53,214,62,-33,160,288,409,431,195,686,968,556,1025,895,942,-568,1608,-624,415,452,458,1125,-99,1658,4500,3520,1227,6926,4956,673,2917,4915,2584,2872,3004,633,560,839,1061,1799,1935,2885,5810
 "36067","Onondaga, NY",2,CAINC45,330,"..."," Plus: Statistical adjustment ","Thousands of dollars",0,0,0,0,0,0,0,0,0,0,0,0,0,0,0,0,0,0,0,0,0,0,0,0,0,0,0,0,0,0,0,0,0,0,0,0,0,0,0,0,0,0,0,0,0,0,0,0,0,0,0,0,0,0
 "36067","Onondaga, NY",2,CAINC45,340,"...","Equals: Farm proprietors' income ","Thousands of dollars",6791,6371,5488,4268,6410,5966,3418,4281,1593,4358,5671,4191,5420,2893,-251,4041,5389,7906,7554,4084,7672,8648,6245,6420,7258,4649,-1304,5265,-1744,2321,3460,2626,3901,-281,5106,12465,14407,6952,31531,33210,8199,25211,35777,24788,37405,45576,26105,11599,27967,16376,41389,40658,48106,83078
 "36067","Onondaga, NY",2,CAINC45,350,"..."," Plus: Farm wages and salaries ","Thousands of dollars",2024,2142,2330,2379,2997,3588,3874,3643,3892,3645,4033,4244,4181,4819,4619,4590,4628,4284,4261,5035,5549,6727,6719,6686,7345,7240,8196,8644,9240,9310,8489,9861,10161,12775,12055,12266,10305,11726,14473,13069,11972,11700,10029,14815,14959,16019,13012,14777,14105,13272,10561,11423,10845,15481
 "36067","Onondaga, NY",2,CAINC45,360,"..."," Plus: Farm supplements to wages and salaries ","Thousands of dollars",220,238,273,284,363,447,462,499,557,517,574,586,543,540,595,584,603,591,634,716,944,1208,1363,1416,1622,1672,1817,1685,1627,1645,1584,1854,2123,2227,2117,2153,1974,2349,3444,4103,3504,3271,3017,3686,4264,4343,3979,4345,4678,3671,3316,3299,3476,5628
 "36067","Onondaga, NY",2,CAINC45,370,"...","Equals: Farm earnings ","Thousands of dollars",9035,8751,8091,6931,9770,10001,7754,8423,6042,8520,10278,9021,10144,8252,4963,9215,10620,12781,12449,9835,14165,16583,14327,14522,16225,13561,8709,15594,9123,13276,13533,14341,16185,14721,19278,26884,26686,21027,49448,50382,23675,40182,48823,43289,56628,65938,43096,30721,46750,33319,55266,55380,62427,104187
 "36069","Ontario, NY",2,CAINC45,10,"...","Cash receipts from marketings (thousands of dollars) ","Thousands of dollars",26067,27193,27992,27965,36484,41047,40982,41627,40951,42308,54429,58021,67439,60843,55148,58592,55322,53694,56179,60681,61952,62364,61886,61671,65904,70432,74622,77343,79407,88689,89156,90496,98190,91884,87546,100501,99097,96141,157378,164025,131131,152538,177566,178294,194602,227179,185493,185438,200187,194294,211425,209642,235064,306064
 "36069","Ontario, NY",2,CAINC45,20,"..."," Cash receipts: Livestock and products ","Thousands of dollars",15361,15773,15997,17087,20472,21257,20657,23019,22396,25588,33916,35265,36847,34991,34256,34001,32577,30991,32343,32181,34982,36612,33773,35357,37956,41170,42472,46076,43034,48755,47800,43962,51281,48575,47495,58644,59308,51031,103305,101323,72361,91608,112436,105814,122945,161791,128099,128494,147550,137748,152480,146244,159197,219251
 "36069","Ontario, NY",2,CAINC45,60,"..."," Cash receipts: Crops ","Thousands of dollars",10706,11420,11995,10878,16012,19790,20325,18608,18555,16720,20513,22756,30592,25852,20892,24591,22745,22703,23836,28500,26970,25752,28113,26314,27948,29262,32150,31267,36373,39934,41356,46534,46909,43309,40051,41857,39789,45110,54073,62702,58770,60930,65130,72480,71657,65388,57394,56944,52637,56546,58945,63398,75867,86813
 "36069","Ontario, NY",2,CAINC45,120,"...","Other income ","Thousands of dollars",2480,2224,1762,1839,1685,1217,1284,1425,1808,2057,2000,2130,2625,3839,5918,4491,4744,6836,7959,7435,5307,5229,4702,4965,6868,4911,5718,5441,6735,7301,9811,11622,8452,8270,9015,9575,11416,9412,8310,10634,13421,14699,14490,21863,21903,15204,13759,12376,15565,8169,17501,28191,11673,11158
 "36069","Ontario, NY",2,CAINC45,130,"..."," Government payments ","Thousands of dollars",1741,1517,1056,1132,793,135,157,144,533,888,312,169,380,1058,3347,1949,2240,4709,6084,5379,3068,2984,2435,2433,3938,1600,1998,2086,2002,3203,5112,5940,5098,3756,3814,2942,6092,4438,2246,2507,3795,2286,2343,3340,2524,964,3511,4343,3737,2451,5167,23181,7727,1732
 "36069","Ontario, NY",2,CAINC45,140,"..."," Imputed and miscellaneous income received 1/","Thousands of dollars",739,707,706,707,892,1082,1127,1281,1275,1169,1688,1961,2245,2781,2571,2542,2504,2127,1875,2056,2239,2245,2267,2532,2930,3311,3720,3355,4733,4098,4699,5682,3354,4514,5201,6633,5324,4974,6064,8127,9626,12413,12147,18523,19379,14240,10248,8033,11828,5718,12334,5010,3946,9426
 "36069","Ontario, NY",2,CAINC45,150,"...","Production expenses ","Thousands of dollars",19596,20694,22025,22955,27774,35240,37770,37902,39311,46747,56750,62879,66335,64529,61479,62764,57160,54684,54359,55263,60250,62594,62214,61250,66967,72693,78866,77815,90726,91627,88490,87842,90659,95859,90876,97655,97579,109849,131667,142152,135826,136253,141293,163407,170865,191088,184953,188692,190194,194012,179607,194199,192926,233790
 "36069","Ontario, NY",2,CAINC45,160,"..."," Feed purchased ","Thousands of dollars",2774,3039,3033,2910,4054,5532,5018,5399,4931,5371,6117,7071,7123,5566,6091,5684,5301,5530,5307,5624,6355,6358,6244,6337,6737,6613,7444,7448,10322,11458,11185,10527,11528,12196,11254,12167,10766,12481,15440,19559,17169,19850,21571,24886,28534,31258,32789,31559,36354,35984,34321,37833,36108,35122
 "36069","Ontario, NY",2,CAINC45,170,"..."," Livestock purchased ","Thousands of dollars",1324,1383,1422,1476,1763,1797,1966,2335,2439,3330,5116,4212,3798,2541,2309,2270,1818,1987,2694,2225,3116,3454,3472,3470,4651,4768,5337,4257,3154,3006,2883,1888,1926,1202,719,1021,1562,1904,2652,2321,3078,3059,3869,4409,3830,5087,2915,2903,2299,2920,3096,3275,3497,3206
 "36069","Ontario, NY",2,CAINC45,180,"..."," Seed purchased ","Thousands of dollars",588,630,699,700,986,1259,1275,1503,1599,1748,1987,2269,2411,2226,1723,2165,1962,1957,1914,2448,2713,2825,3231,2773,2913,3302,3845,4409,5564,5567,4435,4851,4615,5654,5907,5420,4940,5167,6485,7268,7087,7098,7608,9237,9603,10341,9722,10848,11509,10933,9379,10530,8803,15853
 "36069","Ontario, NY",2,CAINC45,190,"..."," Fertilizer and lime (incl. ag. chemicals 1978-fwd.) ","Thousands of dollars",2051,2079,2333,2566,3066,4584,5147,4366,4372,5547,7168,8491,8679,8327,7200,7954,7097,6152,5881,5809,6469,6574,7008,6503,6051,7293,8411,7527,9675,9336,8467,8145,8691,7719,7838,8317,8807,9539,10597,12365,11242,11450,12896,15484,15961,16807,14174,13827,12120,13972,12474,14391,15568,20301
 "36069","Ontario, NY",2,CAINC45,200,"..."," Petroleum products purchased ","Thousands of dollars",920,912,958,941,1063,1534,1907,2217,2383,2750,3294,4534,4742,4081,3571,3725,3326,2764,2576,2457,2416,2911,2769,2547,2715,2684,2970,3231,3741,3285,2924,3740,3462,3104,3573,4562,5338,6274,7718,8882,7147,7499,8746,10325,11264,11277,8355,6922,7257,7152,7058,6486,7292,10713
 "36069","Ontario, NY",2,CAINC45,210,"..."," Hired farm labor expenses 2/","Thousands of dollars",3129,3189,3433,3469,4182,4848,5514,5289,5790,6123,6649,6756,6331,6785,6130,6450,6544,5955,5965,6618,7278,8362,8219,7960,9768,10592,12612,12531,15685,16220,14319,15884,16579,20386,18479,19594,16845,19869,25023,23192,22154,20711,18444,25239,26336,29423,25745,29598,27979,26200,22342,23580,21572,33476
 "36069","Ontario, NY",2,CAINC45,220,"..."," All other production expenses 3/","Thousands of dollars",8810,9462,10147,10893,12660,15686,16943,16793,17797,21878,26419,29546,33251,35003,34455,34516,31112,30339,30022,30082,31903,32110,31271,31660,34132,37441,38247,38412,42585,42755,44277,42807,43858,45598,43106,46574,49321,54615,63752,68565,67949,66586,68159,73827,75337,86895,91253,93035,92676,96851,90937,98104,100086,115119
 "36069","Ontario, NY",2,CAINC45,240,"...","Value of inventory change ","Thousands of dollars",19,28,58,-1933,421,3560,1126,-593,-621,-258,2515,946,2938,538,-3325,-342,-176,-475,-1446,-5263,-305,1359,-1061,-607,815,2419,-1482,957,1526,223,-1503,-3882,521,1377,568,-308,-2976,1362,721,3086,-6313,-1526,-4781,-3227,1546,-4873,-4085,-5055,-3600,-2147,-9791,-7325,1058,-15531
 "36069","Ontario, NY",2,CAINC45,250,"..."," Value of inventory change: livestock ","Thousands of dollars",-146,-94,-100,-51,139,479,148,-342,-643,-439,1048,888,1927,705,214,-385,-1222,-786,-848,-1233,-172,39,50,50,-360,-722,459,446,-912,-417,-20,-1591,195,1618,-738,-214,-380,745,813,-2760,1160,-256,285,-413,2053,-453,1123,1963,-928,-1331,469,-1634,-14,440
 "36069","Ontario, NY",2,CAINC45,260,"..."," Value of inventory change: crops ","Thousands of dollars",165,122,158,-1882,282,3081,978,-251,22,181,1467,58,1011,-167,-3539,43,1046,311,-598,-4030,-133,1320,-932,-1226,1324,2270,-894,-295,2089,270,-573,-2775,770,-1183,1991,-810,-1156,-326,-1124,5544,-7460,-2707,-4643,-3443,-326,-5321,-6096,-6949,-2723,-865,-9857,-6077,160,-16007
 "36069","Ontario, NY",2,CAINC45,265,"..."," Value of inventory change: materials and supplies ","Thousands of dollars",(NA),(NA),(NA),(NA),(NA),(NA),(NA),(NA),(NA),(NA),(NA),(NA),(NA),(NA),(NA),(NA),(NA),(NA),(NA),(NA),(NA),(NA),-179,569,-149,871,-1047,806,349,370,-910,484,-444,942,-685,716,-1440,943,1032,302,-13,1437,-423,629,-181,901,888,-69,51,49,-403,386,912,36
 "36069","Ontario, NY",2,CAINC45,270,"...","Cash receipts and other income ","Thousands of dollars",28547,29417,29754,29804,38169,42264,42266,43052,42759,44365,56429,60151,70064,64682,61066,63083,60066,60530,64138,68116,67259,67593,66588,66636,72772,75343,80340,82784,86142,95990,98967,102118,106642,100154,96561,110076,110513,105553,165688,174659,144552,167237,192056,200157,216505,242383,199252,197814,215752,202463,228926,237833,246737,317222
 "36069","Ontario, NY",2,CAINC45,280,"..."," Less: Production expenses ","Thousands of dollars",19596,20694,22025,22955,27774,35240,37770,37902,39311,46747,56750,62879,66335,64529,61479,62764,57160,54684,54359,55263,60250,62594,62214,61250,66967,72693,78866,77815,90726,91627,88490,87842,90659,95859,90876,97655,97579,109849,131667,142152,135826,136253,141293,163407,170865,191088,184953,188692,190194,194012,179607,194199,192926,233790
 "36069","Ontario, NY",2,CAINC45,290,"...","Equals: Realized net income ","Thousands of dollars",8951,8723,7729,6849,10395,7024,4496,5150,3448,-2382,-321,-2728,3729,153,-413,319,2906,5846,9779,12853,7009,4999,4374,5386,5805,2650,1474,4969,-4584,4363,10477,14276,15983,4295,5685,12421,12934,-4296,34021,32507,8726,30984,50763,36750,45640,51295,14299,9122,25558,8451,49319,43634,53811,83432
 "36069","Ontario, NY",2,CAINC45,300,"..."," Plus: Value of inventory change ","Thousands of dollars",19,28,58,-1933,421,3560,1126,-593,-621,-258,2515,946,2938,538,-3325,-342,-176,-475,-1446,-5263,-305,1359,-1061,-607,815,2419,-1482,957,1526,223,-1503,-3882,521,1377,568,-308,-2976,1362,721,3086,-6313,-1526,-4781,-3227,1546,-4873,-4085,-5055,-3600,-2147,-9791,-7325,1058,-15531
 "36069","Ontario, NY",2,CAINC45,310,"...","Equals: Net income including corporate farms ","Thousands of dollars",8970,8751,7787,4916,10816,10584,5622,4557,2827,-2640,2194,-1782,6667,691,-3738,-23,2730,5371,8333,7590,6704,6358,3313,4779,6620,5069,-8,5926,-3058,4586,8974,10394,16504,5672,6253,12113,9958,-2934,34742,35593,2413,29458,45982,33523,47186,46422,10214,4067,21958,6304,39528,36309,54869,67901
 "36069","Ontario, NY",2,CAINC45,320,"..."," Less: Net income of corporate farms ","Thousands of dollars",245,233,243,240,638,380,285,247,139,-208,174,-258,383,21,-632,-3,203,388,659,471,700,763,303,428,484,573,-1,954,-588,472,656,923,2020,865,888,2073,1399,-811,5639,4357,181,3205,6213,3809,4427,4195,402,366,1552,931,3994,4000,7531,10764
 "36069","Ontario, NY",2,CAINC45,330,"..."," Plus: Statistical adjustment ","Thousands of dollars",0,0,0,0,0,0,0,0,0,0,0,0,0,0,0,0,0,0,0,0,0,0,0,0,0,0,0,0,0,0,0,0,0,0,0,0,0,0,0,0,0,0,0,0,0,0,0,0,0,0,1,1,0,-1
 "36069","Ontario, NY",2,CAINC45,340,"...","Equals: Farm proprietors' income ","Thousands of dollars",8725,8518,7544,4676,10178,10204,5337,4310,2688,-2432,2020,-1524,6284,670,-3106,-20,2527,4983,7674,7119,6004,5595,3010,4351,6136,4496,-7,4972,-2470,4114,8318,9471,14484,4807,5365,10040,8559,-2123,29103,31236,2232,26253,39769,29714,42759,42227,9812,3701,20406,5373,35535,32310,47338,57136
 "36069","Ontario, NY",2,CAINC45,350,"..."," Plus: Farm wages and salaries ","Thousands of dollars",2505,2564,2707,2695,3335,3897,4488,4488,5067,5030,5440,5612,5454,6151,5651,5365,5163,4567,4343,4968,5326,6307,6179,6045,7151,7542,9084,10151,11452,11523,10496,12178,12519,15770,15190,15755,13407,15468,19350,17516,16099,15781,13598,20185,20331,21793,17716,20138,19230,18095,14312,15517,14721,20911
 "36069","Ontario, NY",2,CAINC45,360,"..."," Plus: Farm supplements to wages and salaries ","Thousands of dollars",260,273,307,313,395,475,563,670,827,818,842,806,714,676,724,680,673,634,649,712,915,1143,1255,1274,1572,1731,2002,1967,2016,2018,1925,2239,2540,2644,2557,2645,2445,2965,4396,5231,4461,4217,3883,4721,5447,5566,5155,5659,6092,4751,4265,4223,4483,7410
 "36069","Ontario, NY",2,CAINC45,370,"...","Equals: Farm earnings ","Thousands of dollars",11490,11355,10558,7684,13908,14576,10388,9468,8582,3416,8302,4894,12452,7497,3269,6025,8363,10184,12666,12799,12245,13045,10444,11670,14859,13769,11079,17090,10998,17655,20739,23888,29543,23221,23112,28440,24411,16310,52849,53983,22792,46251,57250,54620,68537,69586,32683,29498,45728,28219,54112,52050,66542,85457
 "36071","Orange, NY",2,CAINC45,10,"...","Cash receipts from marketings (thousands of dollars) ","Thousands of dollars",43157,40622,39656,37622,46256,48524,53798,54864,59955,64740,74919,80943,88830,83247,82123,90132,83153,86616,92568,90068,96887,91452,94954,83834,103899,93775,90973,79280,75907,89886,92652,98077,101078,74195,70124,76592,79901,83216,82480,105009,96035,106446,112895,121609,106521,106591,96103,90725,86238,86874,89345,91706,97505,114920
 "36071","Orange, NY",2,CAINC45,20,"..."," Cash receipts: Livestock and products ","Thousands of dollars",25161,23519,21912,21388,23557,23368,23402,26902,26484,29624,37713,39897,40976,38994,39084,37965,35362,33273,32384,31333,33115,32946,29488,30247,32192,31968,31002,32212,26440,31023,30477,28432,32912,26505,24496,29175,29136,25632,21717,23278,19167,23583,29105,30464,29702,33180,27466,22825,22415,22366,23162,22969,23988,32418
 "36071","Orange, NY",2,CAINC45,60,"..."," Cash receipts: Crops ","Thousands of dollars",17996,17103,17744,16234,22699,25156,30396,27962,33471,35116,37206,41046,47854,44253,43039,52167,47791,53343,60184,58735,63772,58506,65466,53587,71707,61807,59971,47068,49467,58863,62175,69645,68166,47690,45628,47417,50765,57584,60763,81731,76868,82863,83790,91145,76819,73411,68637,67900,63823,64508,66183,68737,73517,82502
 "36071","Orange, NY",2,CAINC45,120,"...","Other income ","Thousands of dollars",800,903,825,888,1385,1347,1266,1361,1195,1308,1411,1454,1663,1536,1597,2376,1752,2501,2232,3172,5322,3086,2425,3526,2966,3935,2533,1799,1618,3005,9003,11400,8879,9999,13128,9837,10896,6968,7102,12802,13937,16929,16681,26292,24480,18126,11892,10961,11439,10630,17763,21718,14096,21387
 "36071","Orange, NY",2,CAINC45,130,"..."," Government payments ","Thousands of dollars",101,210,101,142,434,116,33,103,81,258,106,118,330,101,231,1038,457,1360,1257,1927,3785,1366,522,1223,1000,2295,1194,921,837,786,5039,5160,4525,2408,5773,1660,5061,2025,1532,4550,2455,1565,2108,2938,1730,1073,837,1448,771,1322,1457,14584,4760,6029
 "36071","Orange, NY",2,CAINC45,140,"..."," Imputed and miscellaneous income received 1/","Thousands of dollars",699,693,724,746,951,1231,1233,1258,1114,1050,1305,1336,1333,1435,1366,1338,1295,1141,975,1245,1537,1720,1903,2303,1966,1640,1339,878,781,2219,3964,6240,4354,7591,7355,8177,5835,4943,5570,8252,11482,15364,14573,23354,22750,17053,11055,9513,10668,9308,16306,7134,9336,15358
 "36071","Orange, NY",2,CAINC45,150,"...","Production expenses ","Thousands of dollars",29600,29564,29816,29658,34717,41941,44292,45922,47484,48561,58417,64713,75248,74768,79221,80024,71695,71652,69452,69076,73033,74454,71792,69842,71140,75601,79569,77831,80118,80570,77466,77582,79553,85234,76409,76004,70954,75456,85275,90740,87136,87673,90498,108521,105045,110719,98641,96013,90087,91729,82926,89691,89107,113888
 "36071","Orange, NY",2,CAINC45,160,"..."," Feed purchased ","Thousands of dollars",6663,6552,5960,5274,6841,8763,8224,9348,8890,8748,10250,12164,14303,11557,12781,10789,8755,8464,6933,7055,7666,7383,6987,6837,6701,6480,7113,6936,8131,8683,8165,7411,7834,8010,6604,6372,5021,5168,5654,6828,5757,6430,6784,7627,8283,8596,8543,7790,8500,8414,8025,8845,8442,8212
 "36071","Orange, NY",2,CAINC45,170,"..."," Livestock purchased ","Thousands of dollars",2063,2033,1982,1962,2239,2189,2311,2744,2858,3376,5312,4493,4756,3326,3104,2819,2025,2126,2579,2019,2681,2754,2624,2508,3295,3048,3126,2338,1492,1626,1764,1374,1697,1203,777,1181,1957,2639,1663,1913,3270,3482,4732,6365,4585,5184,3079,2506,1681,2282,2267,2477,2533,2280
 "36071","Orange, NY",2,CAINC45,180,"..."," Seed purchased ","Thousands of dollars",446,486,547,552,783,1006,1154,1548,1809,1871,1867,1878,2005,1649,1441,1846,1660,1762,1716,2275,2595,2769,3235,2829,2618,2876,3184,3534,3601,4577,4416,5669,6185,8540,9494,9207,8817,9646,12602,12825,11426,10506,10383,11667,11012,10691,8988,8879,8235,7823,6711,7535,6300,11346
 "36071","Orange, NY",2,CAINC45,190,"..."," Fertilizer and lime (incl. ag. chemicals 1978-fwd.) ","Thousands of dollars",2004,1877,2001,2147,2286,2861,3444,3462,3483,4199,5224,6002,6814,6466,6271,7025,6216,5745,5492,5274,5714,5649,5862,5295,4831,6057,7121,6498,7286,6907,6143,5782,6020,5202,5025,5095,5175,5394,5783,6510,5736,5683,6244,7337,7744,8359,7235,7252,6540,7540,6731,7765,8400,10954
 "36071","Orange, NY",2,CAINC45,200,"..."," Petroleum products purchased ","Thousands of dollars",878,810,801,749,810,1127,1525,1939,2215,2341,2893,4078,4947,4366,4092,4112,3428,2834,2438,2351,2335,2843,2731,2541,2539,2516,2739,2936,2868,2616,2422,3226,3115,2920,3047,3638,4055,4592,5490,6144,4822,4945,5648,6540,7211,7306,5486,4616,4925,4853,4790,4401,4948,7269
 "36071","Orange, NY",2,CAINC45,210,"..."," Hired farm labor expenses 2/","Thousands of dollars",6126,5883,6047,5857,6788,7684,8647,8359,9103,8189,9381,10202,11326,12926,12560,13009,12932,12124,11714,12629,13514,15458,14846,14567,15682,15845,17513,17426,17905,18063,15997,17680,18201,22245,19627,18750,14854,15859,18477,17128,16560,16408,14772,21871,21749,23123,19255,21662,20506,19329,15448,16644,15611,24514
 "36071","Orange, NY",2,CAINC45,220,"..."," All other production expenses 3/","Thousands of dollars",11420,11923,12478,13117,14970,18311,18987,18522,19126,19837,23490,25896,31097,34478,38972,40424,36679,38597,38580,37473,38528,37598,35507,35265,35474,38779,38773,38163,38835,38098,38559,36440,36501,37114,31835,31761,31075,32158,35606,39392,39565,40219,41935,47114,44461,47460,46055,43308,39700,41488,38954,42024,42873,49313
 "36071","Orange, NY",2,CAINC45,240,"...","Value of inventory change ","Thousands of dollars",-212,-102,-121,-344,103,740,154,-152,-626,157,1175,1079,1574,1254,-166,-431,-1194,-846,-846,-1958,-98,160,-135,209,-598,1087,-964,880,-69,-432,-204,-1140,153,730,667,437,-2006,1496,946,-11,-410,664,-424,-41,933,-289,-205,-618,-47,-52,-1383,-1188,1274,-1576
 "36071","Orange, NY",2,CAINC45,250,"..."," Value of inventory change: livestock ","Thousands of dollars",-172,-105,-113,-48,155,448,163,-339,-604,-441,1031,800,1808,714,235,-437,-1212,-902,-708,-1100,-59,74,79,20,-220,-432,263,225,-525,-207,8,-838,90,704,-322,-60,-161,262,163,-518,192,-25,48,5,353,-20,238,240,-122,-194,122,-225,-14,75
 "36071","Orange, NY",2,CAINC45,260,"..."," Value of inventory change: crops ","Thousands of dollars",-40,3,-8,-296,-52,292,-9,187,-22,598,144,279,-234,540,-401,6,18,56,-138,-858,-39,86,-37,-362,-242,766,-366,22,194,-509,500,-688,423,-750,1520,-31,-828,592,105,319,-594,-119,-244,-373,670,-698,-846,-828,54,122,-1340,-1122,914,-1666
 "36071","Orange, NY",2,CAINC45,265,"..."," Value of inventory change: materials and supplies ","Thousands of dollars",(NA),(NA),(NA),(NA),(NA),(NA),(NA),(NA),(NA),(NA),(NA),(NA),(NA),(NA),(NA),(NA),(NA),(NA),(NA),(NA),(NA),(NA),-177,551,-136,753,-861,633,262,284,-712,386,-360,776,-531,528,-1017,642,678,188,-8,808,-228,327,-90,429,403,-30,21,20,-165,159,374,15
 "36071","Orange, NY",2,CAINC45,270,"...","Cash receipts and other income ","Thousands of dollars",43957,41525,40481,38510,47641,49871,55064,56225,61150,66048,76330,82397,90493,84783,83720,92508,84905,89117,94800,93240,102209,94538,97379,87360,106865,97710,93506,81079,77525,92891,101655,109477,109957,84194,83252,86429,90797,90184,89582,117811,109972,123375,129576,147901,131001,124717,107995,101686,97677,97504,107108,113424,111601,136307
 "36071","Orange, NY",2,CAINC45,280,"..."," Less: Production expenses ","Thousands of dollars",29600,29564,29816,29658,34717,41941,44292,45922,47484,48561,58417,64713,75248,74768,79221,80024,71695,71652,69452,69076,73033,74454,71792,69842,71140,75601,79569,77831,80118,80570,77466,77582,79553,85234,76409,76004,70954,75456,85275,90740,87136,87673,90498,108521,105045,110719,98641,96013,90087,91729,82926,89691,89107,113888
 "36071","Orange, NY",2,CAINC45,290,"...","Equals: Realized net income ","Thousands of dollars",14357,11961,10665,8852,12924,7930,10772,10303,13666,17487,17913,17684,15245,10015,4499,12484,13210,17465,25348,24164,29176,20084,25587,17518,35725,22109,13937,3248,-2593,12321,24189,31895,30404,-1040,6843,10425,19843,14728,4307,27071,22836,35702,39078,39380,25956,13998,9354,5673,7590,5775,24182,23733,22494,22419
 "36071","Orange, NY",2,CAINC45,300,"..."," Plus: Value of inventory change ","Thousands of dollars",-212,-102,-121,-344,103,740,154,-152,-626,157,1175,1079,1574,1254,-166,-431,-1194,-846,-846,-1958,-98,160,-135,209,-598,1087,-964,880,-69,-432,-204,-1140,153,730,667,437,-2006,1496,946,-11,-410,664,-424,-41,933,-289,-205,-618,-47,-52,-1383,-1188,1274,-1576
 "36071","Orange, NY",2,CAINC45,310,"...","Equals: Net income including corporate farms ","Thousands of dollars",14145,11859,10544,8508,13027,8670,10926,10151,13040,17644,19088,18763,16819,11269,4333,12053,12016,16619,24502,22206,29078,20244,25452,17727,35127,23196,12973,4128,-2662,11889,23985,30755,30557,-310,7510,10862,17837,16224,5253,27060,22426,36366,38654,39339,26889,13709,9149,5055,7543,5723,22799,22545,23768,20843
 "36071","Orange, NY",2,CAINC45,320,"..."," Less: Net income of corporate farms ","Thousands of dollars",954,1087,1385,2004,4116,1799,2507,2039,2013,3385,3626,772,1817,572,109,1084,1424,1892,3026,2164,4791,3848,3717,3134,5356,5458,2748,1336,-1033,2679,4132,6898,10125,-116,2665,4119,5028,3528,1342,6015,3494,9281,13776,13186,7418,3630,1052,1324,1542,2445,6666,7187,9440,9561
 "36071","Orange, NY",2,CAINC45,330,"..."," Plus: Statistical adjustment ","Thousands of dollars",1,1,1,1,1,0,0,0,0,0,0,0,1,-1,0,1,1,1,1,1,-1,0,0,0,1,0,0,0,0,0,0,-1,0,0,0,0,0,0,0,0,0,0,0,0,0,0,0,0,0,0,0,0,0,0
 "36071","Orange, NY",2,CAINC45,340,"...","Equals: Farm proprietors' income ","Thousands of dollars",13192,10773,9160,6505,8912,6871,8419,8112,11027,14259,15462,17991,15003,10696,4224,10970,10593,14728,21477,20043,24286,16396,21735,14593,29772,17738,10225,2792,-1629,9210,19853,23856,20432,-194,4845,6743,12809,12696,3911,21045,18932,27085,24878,26153,19471,10079,8097,3731,6001,3278,16133,15358,14328,11282
 "36071","Orange, NY",2,CAINC45,350,"..."," Plus: Farm wages and salaries ","Thousands of dollars",5448,5368,5465,5254,6291,7132,7700,7251,7735,7282,8327,9012,9155,10709,10246,10137,10180,9409,9325,10422,10949,12747,12284,11849,12618,12065,13251,13528,13975,13874,12484,14358,14685,18207,15935,15104,11924,12782,14928,14227,13677,13961,12434,19017,19231,20576,16706,18965,18097,17027,13593,14686,13950,19968
 "36071","Orange, NY",2,CAINC45,360,"..."," Plus: Farm supplements to wages and salaries ","Thousands of dollars",618,614,646,616,730,829,934,1075,1281,1238,1325,1318,1195,1163,1294,1265,1292,1256,1358,1461,1837,2272,2480,2503,2832,2877,3060,2793,2668,2633,2482,2868,3241,3348,2945,2768,2363,2608,3567,4518,4076,3972,3830,4894,5672,5751,5237,5704,6145,4833,4383,4371,4595,7358
 "36071","Orange, NY",2,CAINC45,370,"...","Equals: Farm earnings ","Thousands of dollars",19258,16755,15271,12375,15933,14832,17053,16438,20043,22779,25114,28321,25353,22568,15764,22372,22065,25393,32160,31926,37072,31415,36499,28945,45222,32680,26536,19113,15014,25717,34819,41082,38358,21361,23725,24615,27096,28086,22406,39790,36685,45018,41142,50064,44374,36406,30040,28400,30243,25138,34109,34415,32873,38608
 "36073","Orleans, NY",2,CAINC45,10,"...","Cash receipts from marketings (thousands of dollars) ","Thousands of dollars",23851,23395,23930,22330,29636,32952,35679,36742,40133,45216,52722,55606,61734,56586,52468,58393,54528,55665,59030,61500,61213,60164,63045,56243,63646,60970,63363,59775,67707,74625,79244,86998,88302,82654,73646,79775,79967,87931,115636,129848,119437,135106,145906,160702,153548,153391,141601,146611,146004,136698,142416,151334,170106,195796
 "36073","Orleans, NY",2,CAINC45,20,"..."," Cash receipts: Livestock and products ","Thousands of dollars",8554,8497,8366,8744,10235,10185,10683,12295,12143,14517,18028,18257,19043,17988,17148,17144,16020,15677,15731,14313,14791,14640,12508,12228,12862,12526,11960,12017,9675,10194,10073,9580,11222,7755,7483,9061,9231,8074,11466,11208,8215,10245,12577,11914,14695,20583,17212,17867,21350,20029,21988,21144,22893,31290
 "36073","Orleans, NY",2,CAINC45,60,"..."," Cash receipts: Crops ","Thousands of dollars",15297,14898,15564,13586,19401,22767,24996,24447,27990,30699,34694,37349,42691,38598,35320,41249,38508,39988,43299,47187,46422,45524,50537,44015,50784,48444,51403,47758,58032,64431,69171,77418,77080,74899,66163,70714,70736,79857,104170,118640,111222,124861,133329,148788,138853,132808,124389,128744,124654,116669,120428,130190,147213,164506
 "36073","Orleans, NY",2,CAINC45,120,"...","Other income ","Thousands of dollars",1784,1661,1295,1490,1284,1048,1150,1159,1427,1741,1554,1329,1446,2340,3522,2922,3849,5586,6532,6546,6751,6443,4051,4294,6571,3334,3628,2865,3389,4866,8355,8295,8825,5988,8314,6205,9844,6707,6263,9905,10663,11503,10646,13986,18489,8853,9213,15064,11050,11936,16061,28859,11950,12645
 "36073","Orleans, NY",2,CAINC45,130,"..."," Government payments ","Thousands of dollars",1396,1240,836,983,598,145,193,83,366,761,351,120,253,1044,2085,1250,1901,3652,4399,4333,4465,4281,1992,2115,4525,1420,1820,1468,1713,3148,6150,5392,6980,3452,5411,2521,6892,3949,2915,4118,2904,3007,2860,2683,2035,774,2602,4980,4189,3309,4787,22054,6819,5801
 "36073","Orleans, NY",2,CAINC45,140,"..."," Imputed and miscellaneous income received 1/","Thousands of dollars",388,421,459,507,686,903,957,1076,1061,980,1203,1209,1193,1296,1437,1672,1948,1934,2133,2213,2286,2162,2059,2179,2046,1914,1808,1397,1676,1718,2205,2903,1845,2536,2903,3684,2952,2758,3348,5787,7759,8496,7786,11303,16454,8079,6611,10084,6861,8627,11274,6805,5131,6844
 "36073","Orleans, NY",2,CAINC45,150,"...","Production expenses ","Thousands of dollars",17287,17692,18605,19141,22497,27799,32261,34704,38361,41266,48650,53289,57290,57920,58312,58540,53681,50256,50242,51129,54971,57304,56776,54945,56087,61485,66302,65360,68159,67349,68937,64175,66180,68856,65174,69412,69280,77037,93351,104840,105210,109340,117792,143429,143228,152824,139791,137404,130680,134258,121855,132628,134587,170430
 "36073","Orleans, NY",2,CAINC45,160,"..."," Feed purchased ","Thousands of dollars",1222,1343,1344,1292,1803,2464,2325,2658,2542,2515,2993,3601,3888,3235,3710,3303,3008,3040,2873,2746,2789,2497,2183,1959,1847,1721,1823,1716,1944,2170,2296,2014,2216,2353,2102,2206,1897,2142,2645,2944,2350,2494,2508,2694,3198,3618,3908,3865,4563,4517,4307,4749,4532,4408
 "36073","Orleans, NY",2,CAINC45,170,"..."," Livestock purchased ","Thousands of dollars",1114,1105,1086,1081,1241,1220,1253,1453,1486,1727,2832,2502,2507,1875,1695,1502,1110,1103,1378,1006,1303,1324,1201,1087,1340,1147,1105,741,410,950,1700,1891,3241,2570,1259,1451,1768,1635,1055,746,889,728,788,770,741,1091,704,792,740,943,994,1052,1120,1018
 "36073","Orleans, NY",2,CAINC45,180,"..."," Seed purchased ","Thousands of dollars",660,647,672,638,861,1060,1177,1539,1766,1801,2036,2315,2528,2396,2044,2581,2396,2429,2464,2970,3120,3092,3383,2788,2713,3116,3587,4123,4332,4592,4174,4446,4438,5691,5842,5272,4727,4867,6153,7379,7728,8200,9220,11650,11655,12074,10917,11711,11942,11345,9733,10927,9136,16453
 "36073","Orleans, NY",2,CAINC45,190,"..."," Fertilizer and lime (incl. ag. chemicals 1978-fwd.) ","Thousands of dollars",2384,2353,2592,2822,3169,4368,5182,4924,5055,5937,7192,8079,8156,7772,7472,8387,7780,6979,7089,7289,8426,8866,9755,9331,8309,10183,11725,10494,11554,11193,11038,9849,10565,9434,9410,9827,10260,10971,12332,15360,14963,16110,18995,23696,24037,24873,20580,19663,16846,19421,17339,20000,21636,28214
 "36073","Orleans, NY",2,CAINC45,200,"..."," Petroleum products purchased ","Thousands of dollars",861,837,865,839,937,1340,1787,2248,2552,2683,2925,3723,3759,3141,2986,3095,2811,2366,2289,2156,2091,2485,2331,2113,2196,2254,2536,2800,2815,2412,2257,2596,2326,2012,2739,3835,4758,5823,7553,9272,8012,8921,10940,13485,14322,13897,9922,7864,7806,7693,7592,6976,7843,11522
 "36073","Orleans, NY",2,CAINC45,210,"..."," Hired farm labor expenses 2/","Thousands of dollars",4350,4282,4464,4381,5138,5826,7229,7605,8919,8631,9219,9297,8914,9827,9449,9701,9956,8970,9140,10433,11771,13931,13964,13811,14873,15087,16730,16360,16697,16321,15137,15190,15274,18327,17389,18333,15866,18400,23849,21445,20861,20098,18117,25753,26457,28394,24973,26791,25545,24254,19839,21983,22027,30264
 "36073","Orleans, NY",2,CAINC45,220,"..."," All other production expenses 3/","Thousands of dollars",6696,7125,7582,8088,9348,11521,13308,14277,16041,17972,21453,23772,27538,29674,30956,29971,26620,25369,25009,24529,25471,25109,23959,23856,24809,27977,28796,29126,30407,29711,32335,28189,28120,28469,26433,28488,30004,33199,39764,47694,50407,52789,57224,65381,62818,68877,68787,66718,63238,66085,62051,66941,68293,78551
 "36073","Orleans, NY",2,CAINC45,240,"...","Value of inventory change ","Thousands of dollars",-62,-48,55,-1622,111,2663,662,-319,555,1086,1558,746,558,1617,-2690,-96,-375,-149,-720,-3487,49,1033,-140,353,-1492,3508,-1099,358,2008,-717,1980,-5466,272,-3783,6660,3215,-4683,3735,649,3845,-6565,-1818,-5943,-3647,813,-5298,-6535,-7430,-2916,-530,-9762,-6342,-85,-16292
 "36073","Orleans, NY",2,CAINC45,250,"..."," Value of inventory change: livestock ","Thousands of dollars",-108,-64,-60,-35,94,311,82,-172,-367,-151,496,541,885,123,133,-107,-895,-478,-517,-660,-126,-24,37,34,-173,-320,153,184,-306,-143,-19,-505,73,376,-170,-51,-73,155,154,-584,240,-61,45,-57,315,-66,175,317,-139,-224,86,-284,2,75
 "36073","Orleans, NY",2,CAINC45,260,"..."," Value of inventory change: crops ","Thousands of dollars",46,16,115,-1587,17,2352,580,-147,922,1237,1062,205,-327,1494,-2823,11,520,329,-203,-2827,175,1057,-20,-173,-1198,3161,-492,-383,2083,-817,2597,-5279,490,-4774,7272,2808,-3696,2985,-154,4227,-6796,-2812,-5666,-4083,633,-5876,-7315,-7702,-2808,-336,-9601,-6295,-646,-16389
 "36073","Orleans, NY",2,CAINC45,265,"..."," Value of inventory change: materials and supplies ","Thousands of dollars",(NA),(NA),(NA),(NA),(NA),(NA),(NA),(NA),(NA),(NA),(NA),(NA),(NA),(NA),(NA),(NA),(NA),(NA),(NA),(NA),(NA),(NA),-157,492,-121,667,-760,557,231,243,-598,318,-291,615,-442,458,-914,595,649,202,-9,1055,-322,493,-135,644,605,-45,31,30,-247,237,559,22
 "36073","Orleans, NY",2,CAINC45,270,"...","Cash receipts and other income ","Thousands of dollars",25635,25056,25225,23820,30920,34000,36829,37901,41560,46957,54276,56935,63180,58926,55990,61315,58377,61251,65562,68046,67964,66607,67096,60537,70217,64304,66991,62640,71096,79491,87599,95293,97127,88642,81960,85980,89811,94638,121899,139753,130100,146609,156552,174688,172037,162244,150814,161675,157054,148634,158477,180193,182056,208441
 "36073","Orleans, NY",2,CAINC45,280,"..."," Less: Production expenses ","Thousands of dollars",17287,17692,18605,19141,22497,27799,32261,34704,38361,41266,48650,53289,57290,57920,58312,58540,53681,50256,50242,51129,54971,57304,56776,54945,56087,61485,66302,65360,68159,67349,68937,64175,66180,68856,65174,69412,69280,77037,93351,104840,105210,109340,117792,143429,143228,152824,139791,137404,130680,134258,121855,132628,134587,170430
 "36073","Orleans, NY",2,CAINC45,290,"...","Equals: Realized net income ","Thousands of dollars",8348,7364,6620,4679,8423,6201,4568,3197,3199,5691,5626,3646,5890,1006,-2322,2775,4696,10995,15320,16917,12993,9303,10320,5592,14130,2819,689,-2720,2937,12142,18662,31118,30947,19786,16786,16568,20531,17601,28548,34913,24890,37269,38760,31259,28809,9420,11023,24271,26374,14376,36622,47565,47469,38011
 "36073","Orleans, NY",2,CAINC45,300,"..."," Plus: Value of inventory change ","Thousands of dollars",-62,-48,55,-1622,111,2663,662,-319,555,1086,1558,746,558,1617,-2690,-96,-375,-149,-720,-3487,49,1033,-140,353,-1492,3508,-1099,358,2008,-717,1980,-5466,272,-3783,6660,3215,-4683,3735,649,3845,-6565,-1818,-5943,-3647,813,-5298,-6535,-7430,-2916,-530,-9762,-6342,-85,-16292
 "36073","Orleans, NY",2,CAINC45,310,"...","Equals: Net income including corporate farms ","Thousands of dollars",8286,7316,6675,3057,8534,8864,5230,2878,3754,6777,7184,4392,6448,2623,-5012,2679,4321,10846,14600,13430,13042,10336,10180,5945,12638,6327,-410,-2362,4945,11425,20642,25652,31219,16003,23446,19783,15848,21336,29197,38758,18325,35451,32817,27612,29622,4122,4488,16841,23458,13846,26860,41223,47384,21719
 "36073","Orleans, NY",2,CAINC45,320,"..."," Less: Net income of corporate farms ","Thousands of dollars",420,433,524,411,1485,989,698,363,391,937,974,127,484,91,-1110,221,527,1398,2219,1631,2713,2511,1923,1239,2157,1658,-195,-758,1366,2738,3625,5611,9854,6772,8379,7972,4961,5492,9471,9643,2850,8129,9530,6882,6403,903,452,4090,4726,5827,7737,12947,18540,9816
 "36073","Orleans, NY",2,CAINC45,330,"..."," Plus: Statistical adjustment ","Thousands of dollars",0,0,0,0,0,0,0,0,0,0,0,0,0,0,0,0,0,0,0,0,0,0,0,0,0,0,0,0,0,0,0,0,0,0,0,0,0,0,0,0,0,0,0,0,0,0,0,0,0,0,0,0,0,0
 "36073","Orleans, NY",2,CAINC45,340,"...","Equals: Farm proprietors' income ","Thousands of dollars",7866,6883,6151,2646,7049,7875,4532,2515,3363,5840,6210,4265,5964,2532,-3902,2458,3794,9448,12381,11799,10329,7825,8257,4706,10481,4669,-215,-1604,3579,8687,17017,20041,21365,9231,15067,11811,10887,15844,19726,29115,15475,27322,23287,20730,23219,3219,4036,12751,18732,8019,19123,28276,28844,11903
 "36073","Orleans, NY",2,CAINC45,350,"..."," Plus: Farm wages and salaries ","Thousands of dollars",3536,3507,3602,3479,4134,4747,5708,5875,6822,6879,7405,7607,7312,8311,7843,7670,7639,6983,6853,8121,8963,10890,10887,10843,11648,11222,12415,12798,13371,12768,11075,12274,12078,14627,14040,14532,12332,14206,17751,16563,15650,15731,13876,21038,21186,22710,18464,20988,20043,18860,14910,16170,15338,21782
 "36073","Orleans, NY",2,CAINC45,360,"..."," Plus: Farm supplements to wages and salaries ","Thousands of dollars",373,377,403,395,477,555,648,773,937,948,1033,1035,950,920,1005,963,979,940,1005,1142,1499,1924,2174,2257,2552,2580,2748,2496,2369,2245,2032,2245,2423,2406,2320,2400,2210,2685,3979,4891,4295,4178,3941,4901,5652,5776,5357,5877,6331,4934,4428,4384,4654,7705
 "36073","Orleans, NY",2,CAINC45,370,"...","Equals: Farm earnings ","Thousands of dollars",11775,10767,10156,6520,11660,13177,10888,9163,11122,13667,14648,12907,14226,11763,4946,11091,12412,17371,20239,21062,20791,20639,21318,17806,24681,18471,14948,13690,19319,23700,30124,34560,35866,26264,31427,28743,25429,32735,41456,50569,35420,47231,41104,46669,50057,31705,27857,39616,45106,31813,38461,48830,48836,41390
 "36075","Oswego, NY",2,CAINC45,10,"...","Cash receipts from marketings (thousands of dollars) ","Thousands of dollars",16448,15936,15881,15447,18687,20337,21531,22397,23044,24281,29328,33557,38320,36363,37011,39857,36603,38169,40995,39644,42068,39681,39826,34563,42433,38288,36810,31766,34508,41586,43281,46796,49391,37496,34546,38233,39524,40854,46025,47405,39644,43931,46703,49204,45457,50832,42613,39833,40175,39671,41800,41974,45522,57010
 "36075","Oswego, NY",2,CAINC45,20,"..."," Cash receipts: Livestock and products ","Thousands of dollars",10911,10796,10683,10860,12019,12847,12854,14280,13677,15114,18355,19734,20379,19207,20205,20016,19302,18703,19438,18752,19807,19894,17698,18253,18739,17736,16735,16747,14263,16097,15972,14968,17787,14583,13297,16057,16455,14351,12227,13712,11931,15892,21184,23177,22623,29025,22269,19492,20910,19857,21426,20760,22465,31023
 "36075","Oswego, NY",2,CAINC45,60,"..."," Cash receipts: Crops ","Thousands of dollars",5537,5140,5198,4587,6668,7490,8677,8117,9367,9167,10973,13823,17941,17156,16806,19841,17301,19466,21557,20892,22261,19787,22128,16310,23694,20552,20075,15019,20245,25489,27309,31828,31604,22913,21249,22176,23069,26503,33798,33693,27713,28039,25519,26027,22834,21807,20344,20341,19265,19814,20374,21214,23057,25987
 "36075","Oswego, NY",2,CAINC45,120,"...","Other income ","Thousands of dollars",853,799,620,734,1038,912,958,979,880,1274,1364,1436,1497,1770,1767,2129,1692,1683,2148,1904,2839,2371,2348,3292,3620,2664,2550,2195,2169,2425,3194,4172,2623,3475,4171,3572,3597,2785,2394,3389,3736,4095,3959,4704,6188,4695,3738,3970,5700,3214,7350,7525,4520,6497
 "36075","Oswego, NY",2,CAINC45,130,"..."," Government payments ","Thousands of dollars",482,402,202,274,407,116,213,187,144,287,87,78,78,159,316,779,468,690,1432,865,1448,721,444,913,1400,599,613,700,410,712,1084,1477,928,806,1585,705,1532,1020,421,625,900,699,451,681,583,94,121,695,117,344,520,4356,1584,514
 "36075","Oswego, NY",2,CAINC45,140,"..."," Imputed and miscellaneous income received 1/","Thousands of dollars",371,397,418,460,631,796,745,792,736,987,1277,1358,1419,1611,1451,1350,1224,993,716,1039,1391,1650,1904,2379,2220,2065,1937,1495,1759,1713,2110,2695,1695,2669,2586,2867,2065,1765,1973,2764,2836,3396,3508,4023,5605,4601,3617,3275,5583,2870,6830,3169,2936,5983
 "36075","Oswego, NY",2,CAINC45,150,"...","Production expenses ","Thousands of dollars",11372,11567,11798,11835,14076,17522,18760,19824,20808,21635,26096,29273,31801,31564,33552,34206,30430,29999,32729,32977,35174,36017,35078,34377,33726,34891,35498,33570,34400,33282,31241,29909,29764,30113,28003,29516,29519,32763,37888,39460,37431,37246,38163,44392,43553,46278,42476,41295,39647,40515,37274,40312,40162,49684
 "36075","Oswego, NY",2,CAINC45,160,"..."," Feed purchased ","Thousands of dollars",2690,2801,2683,2488,3367,4483,4160,4675,4395,4275,5010,5945,6339,5214,5854,5090,4258,4202,4087,4071,4327,4074,3766,3595,3314,3015,3116,2861,3160,3183,2812,2387,2348,2222,2000,2114,1831,2083,2528,3232,2857,3322,3628,4204,4835,5312,5588,5392,6228,6165,5880,6482,6186,6017
 "36075","Oswego, NY",2,CAINC45,170,"..."," Livestock purchased ","Thousands of dollars",632,626,614,611,701,688,740,891,940,1118,1766,1501,1445,1035,931,820,565,560,736,633,944,1072,1101,1136,1542,1463,1611,1266,905,936,1007,751,951,672,418,648,1100,1487,938,730,950,778,826,824,627,854,508,486,412,532,551,586,625,575
 "36075","Oswego, NY",2,CAINC45,180,"..."," Seed purchased ","Thousands of dollars",230,241,264,261,364,461,509,663,758,769,839,926,982,906,767,961,831,843,900,1102,1174,1180,1309,1090,1034,1158,1309,1478,1528,1600,1330,1516,1500,1909,2043,1917,1783,1900,2425,2607,2449,2373,2468,2913,2972,3141,2900,3178,3311,3145,2699,3029,2533,4562
 "36075","Oswego, NY",2,CAINC45,190,"..."," Fertilizer and lime (incl. ag. chemicals 1978-fwd.) ","Thousands of dollars",871,837,903,969,1082,1488,1722,1595,1608,1852,2341,2724,2834,2770,2708,3092,2738,2522,2755,2696,2974,2995,3166,2914,2501,2955,3285,2841,3025,2983,2768,2728,2988,2729,2771,2941,3115,3373,3746,4240,3753,3734,4119,4858,4876,4986,4072,3832,3227,3720,3321,3831,4145,5405
 "36075","Oswego, NY",2,CAINC45,200,"..."," Petroleum products purchased ","Thousands of dollars",441,417,422,401,442,623,800,981,1093,1130,1349,1852,1995,1764,1644,1665,1382,1134,1122,1128,1166,1474,1467,1415,1354,1285,1341,1377,1290,1113,971,1215,1099,959,1138,1480,1753,2079,2578,2854,2216,2250,2547,2922,3205,3230,2410,2014,2133,2102,2075,1906,2143,3148
 "36075","Oswego, NY",2,CAINC45,210,"..."," Hired farm labor expenses 2/","Thousands of dollars",1779,1731,1788,1740,2020,2275,2710,2767,3160,2972,3442,3742,3676,4244,4298,4716,4823,4624,5252,5435,5595,6106,5653,5265,5510,5458,5893,5682,5668,5560,4802,5275,5373,6431,5804,5777,4785,5290,6368,5900,5810,5663,5162,7436,7172,7267,5845,6188,5493,5159,4260,4533,4181,6572
 "36075","Oswego, NY",2,CAINC45,220,"..."," All other production expenses 3/","Thousands of dollars",4729,4914,5124,5365,6100,7504,8119,8252,8854,9519,11349,12583,14530,15631,17350,17862,15833,16114,17877,17912,18994,19116,18616,18962,18471,19557,18943,18065,18824,17907,17551,16037,15505,15191,13829,14639,15152,16551,19305,19897,19396,19126,19413,21235,19866,21488,21153,20205,18843,19692,18488,19945,20349,23405
 "36075","Oswego, NY",2,CAINC45,240,"...","Value of inventory change ","Thousands of dollars",-162,-55,10,-293,252,621,180,-76,-648,29,1015,835,1427,815,-303,-388,-575,-683,-573,-2019,-145,247,-226,-52,-131,521,-620,754,-207,-181,-166,-1221,531,523,501,-375,-1013,829,124,106,-735,86,-464,-379,781,-575,-342,-396,-112,-161,-990,-1005,789,-1194
 "36075","Oswego, NY",2,CAINC45,250,"..."," Value of inventory change: livestock ","Thousands of dollars",-127,-74,-81,-14,141,463,171,-281,-564,-330,804,609,1404,596,211,-395,-841,-721,-603,-1033,-67,82,80,14,-209,-396,260,241,-439,-181,-12,-786,111,617,-285,-87,-124,271,154,-558,231,-42,52,-89,405,-87,219,363,-174,-253,90,-303,-7,79
 "36075","Oswego, NY",2,CAINC45,260,"..."," Value of inventory change: crops ","Thousands of dollars",-35,19,91,-279,111,158,9,205,-84,359,211,226,23,219,-514,7,266,38,30,-986,-78,165,-214,-351,145,562,-492,241,124,-111,111,-572,542,-346,968,-478,-508,309,-295,586,-963,-227,-413,-441,419,-697,-764,-743,51,81,-991,-787,596,-1281
 "36075","Oswego, NY",2,CAINC45,265,"..."," Value of inventory change: materials and supplies ","Thousands of dollars",(NA),(NA),(NA),(NA),(NA),(NA),(NA),(NA),(NA),(NA),(NA),(NA),(NA),(NA),(NA),(NA),(NA),(NA),(NA),(NA),(NA),(NA),-92,285,-67,355,-388,272,108,111,-265,137,-122,252,-182,190,-381,249,265,78,-3,355,-103,151,-43,209,203,-16,11,11,-89,85,200,8
 "36075","Oswego, NY",2,CAINC45,270,"...","Cash receipts and other income ","Thousands of dollars",17301,16735,16501,16181,19725,21249,22489,23376,23924,25555,30692,34993,39817,38133,38778,41986,38295,39852,43143,41548,44907,42052,42174,37855,46053,40952,39360,33961,36677,44011,46475,50968,52014,40971,38717,41805,43121,43639,48419,50794,43380,48026,50662,53908,51645,55527,46351,43803,45875,42885,49150,49499,50042,63507
 "36075","Oswego, NY",2,CAINC45,280,"..."," Less: Production expenses ","Thousands of dollars",11372,11567,11798,11835,14076,17522,18760,19824,20808,21635,26096,29273,31801,31564,33552,34206,30430,29999,32729,32977,35174,36017,35078,34377,33726,34891,35498,33570,34400,33282,31241,29909,29764,30113,28003,29516,29519,32763,37888,39460,37431,37246,38163,44392,43553,46278,42476,41295,39647,40515,37274,40312,40162,49684
 "36075","Oswego, NY",2,CAINC45,290,"...","Equals: Realized net income ","Thousands of dollars",5929,5168,4703,4346,5649,3727,3729,3552,3116,3920,4596,5720,8016,6569,5226,7780,7865,9853,10414,8571,9733,6035,7096,3478,12327,6061,3862,391,2277,10729,15234,21059,22250,10858,10714,12289,13602,10876,10531,11334,5949,10780,12499,9516,8092,9249,3875,2508,6228,2370,11876,9187,9880,13823
 "36075","Oswego, NY",2,CAINC45,300,"..."," Plus: Value of inventory change ","Thousands of dollars",-162,-55,10,-293,252,621,180,-76,-648,29,1015,835,1427,815,-303,-388,-575,-683,-573,-2019,-145,247,-226,-52,-131,521,-620,754,-207,-181,-166,-1221,531,523,501,-375,-1013,829,124,106,-735,86,-464,-379,781,-575,-342,-396,-112,-161,-990,-1005,789,-1194
 "36075","Oswego, NY",2,CAINC45,310,"...","Equals: Net income including corporate farms ","Thousands of dollars",5767,5113,4713,4053,5901,4348,3909,3476,2468,3949,5611,6555,9443,7384,4923,7392,7290,9170,9841,6552,9588,6282,6870,3426,12196,6582,3242,1145,2070,10548,15068,19838,22781,11381,11215,11914,12589,11705,10655,11440,5214,10866,12035,9137,8873,8674,3533,2112,6116,2209,10886,8182,10669,12629
 "36075","Oswego, NY",2,CAINC45,320,"..."," Less: Net income of corporate farms ","Thousands of dollars",133,94,85,96,141,52,60,53,32,70,122,38,174,78,29,170,240,312,387,193,454,325,258,508,1663,1286,543,254,387,1817,1976,3519,5687,3608,2818,3061,2355,1706,1751,1440,410,1257,1761,1145,973,972,183,266,645,487,1643,1346,2187,2989
 "36075","Oswego, NY",2,CAINC45,330,"..."," Plus: Statistical adjustment ","Thousands of dollars",0,0,0,0,0,0,0,0,0,0,0,0,0,0,0,0,0,0,0,0,0,0,0,0,0,0,0,0,0,0,0,0,0,0,0,0,0,0,0,0,0,0,0,0,0,0,0,0,0,0,0,0,0,0
 "36075","Oswego, NY",2,CAINC45,340,"...","Equals: Farm proprietors' income ","Thousands of dollars",5634,5019,4628,3957,5760,4296,3849,3423,2436,3879,5489,6517,9269,7306,4894,7222,7050,8858,9454,6359,9134,5957,6612,2918,10533,5296,2699,891,1683,8731,13092,16319,17094,7773,8397,8853,10234,9999,8904,10000,4804,9609,10274,7992,7900,7702,3350,1846,5471,1722,9243,6836,8482,9640
 "36075","Oswego, NY",2,CAINC45,350,"..."," Plus: Farm wages and salaries ","Thousands of dollars",1508,1474,1486,1413,1651,1858,2151,2143,2424,2358,2651,2828,2798,3288,3361,3553,3844,3805,4035,4284,4287,4772,4404,4078,4309,4088,4456,4509,4611,4444,3888,4357,4359,5260,4732,4591,3729,4084,4852,4628,4440,4523,4011,6119,6193,6624,5376,6102,5820,5476,4383,4730,4494,6446
 "36075","Oswego, NY",2,CAINC45,360,"..."," Plus: Farm supplements to wages and salaries ","Thousands of dollars",166,164,174,166,196,223,237,264,298,291,350,379,363,371,432,443,482,489,568,584,701,837,889,871,977,983,1040,941,890,857,791,894,1000,1014,929,905,810,916,1296,1607,1422,1344,1277,1616,1871,1899,1721,1874,2019,1591,1445,1442,1510,2400
 "36075","Oswego, NY",2,CAINC45,370,"...","Equals: Farm earnings ","Thousands of dollars",7308,6657,6288,5536,7607,6377,6237,5830,5158,6528,8490,9724,12430,10965,8687,11218,11376,13152,14057,11227,14122,11566,11905,7867,15819,10367,8195,6341,7184,14032,17771,21570,22453,14047,14058,14349,14773,14999,15052,16235,10666,15476,15562,15727,15964,16225,10447,9822,13310,8789,15071,13008,14486,18486
 "36077","Otsego, NY",2,CAINC45,10,"...","Cash receipts from marketings (thousands of dollars) ","Thousands of dollars",30848,31402,31857,32829,37593,41147,41512,46890,46649,51392,60780,65681,67877,64714,67421,66979,64613,64701,65959,64188,68137,68719,61462,64224,62614,63408,60818,62644,52165,57428,57790,54499,64218,51208,50304,60138,61019,54526,49781,55059,45180,54183,65643,66518,70700,76850,60252,55629,55885,54940,58883,58335,63598,81098
 "36077","Otsego, NY",2,CAINC45,20,"..."," Cash receipts: Livestock and products ","Thousands of dollars",29659,30127,30503,31569,35539,38850,39887,44881,44178,49629,59088,63602,65526,62630,65030,64276,61979,61068,61676,59528,63489,64317,56983,59516,58474,58951,56270,57987,48893,53952,54391,50512,60287,44532,42401,51912,52976,45472,41644,41527,30595,38781,47716,45658,47481,55363,40953,36807,38554,36449,39795,38396,41341,55818
 "36077","Otsego, NY",2,CAINC45,60,"..."," Cash receipts: Crops ","Thousands of dollars",1189,1275,1354,1260,2054,2297,1625,2009,2471,1763,1692,2079,2351,2084,2391,2703,2634,3633,4283,4660,4648,4402,4479,4708,4140,4457,4548,4657,3272,3476,3399,3987,3931,6676,7903,8226,8043,9054,8137,13532,14585,15402,17927,20860,23219,21487,19299,18822,17331,18491,19088,19939,22257,25280
 "36077","Otsego, NY",2,CAINC45,120,"...","Other income ","Thousands of dollars",796,755,726,787,906,1093,1057,1170,1130,1737,2108,2227,2262,2562,2470,4199,2826,3099,2156,2418,2729,3038,2954,3508,3643,3525,3591,3130,3532,3376,4697,5201,3120,7086,6811,4829,3949,4357,3398,5374,9712,10857,10231,18546,17155,11862,7578,4875,5061,5326,7317,9288,6454,7196
 "36077","Otsego, NY",2,CAINC45,130,"..."," Government payments ","Thousands of dollars",214,163,134,166,87,115,127,139,126,201,133,147,100,100,240,2088,864,1486,1041,892,756,753,365,312,518,473,572,679,445,654,1565,1414,822,3760,3583,1247,1353,2126,906,519,3025,1396,798,1838,1130,415,887,1137,896,2032,1643,6307,3760,660
 "36077","Otsego, NY",2,CAINC45,140,"..."," Imputed and miscellaneous income received 1/","Thousands of dollars",582,592,592,621,819,978,930,1031,1004,1536,1975,2080,2162,2462,2230,2111,1962,1613,1115,1526,1973,2285,2589,3196,3125,3052,3019,2451,3087,2722,3132,3787,2298,3326,3228,3582,2596,2231,2492,4855,6687,9461,9433,16708,16025,11447,6691,3738,4165,3294,5674,2981,2694,6536
 "36077","Otsego, NY",2,CAINC45,150,"...","Production expenses ","Thousands of dollars",21579,22922,23878,24363,30208,38951,40455,42974,44304,45862,54262,60165,65234,62871,66452,64524,58719,56778,56640,56687,60841,61534,59613,59283,58123,59533,60221,56505,56264,57509,57283,56063,58757,60733,51261,50105,46495,47430,49576,54405,52277,52906,55322,63177,61050,62978,56581,51955,47593,49119,45999,49547,49891,58845
 "36077","Otsego, NY",2,CAINC45,160,"..."," Feed purchased ","Thousands of dollars",7162,7870,7875,7570,10561,14433,13421,15114,14239,13880,15793,18237,18951,15223,17169,15006,13410,13278,12274,12584,13777,13369,12747,12571,11736,10815,11330,10554,11831,12222,11103,9721,9898,9729,8088,7875,6269,6529,7241,8756,7393,8268,8732,9827,10123,9904,9213,7795,7809,7730,7372,8127,7756,7544
 "36077","Otsego, NY",2,CAINC45,170,"..."," Livestock purchased ","Thousands of dollars",1613,1661,1688,1734,2052,2073,1984,2164,2092,2313,3595,3000,2829,1983,1944,1873,1508,1640,2251,1862,2678,2966,2947,3010,3959,4045,4507,3680,2651,2807,3229,2567,3424,2337,1284,1714,2502,2870,1704,1272,1503,1282,1411,1423,1276,1756,1139,1283,1232,1581,1664,1758,1868,1680
 "36077","Otsego, NY",2,CAINC45,180,"..."," Seed purchased ","Thousands of dollars",252,282,324,332,476,616,599,700,731,685,762,854,921,862,732,919,849,856,864,1035,1078,1062,1154,943,866,944,1038,1145,1158,1196,982,1106,1082,1362,1360,1195,1043,1044,1257,1426,1405,1419,1533,1873,1886,1966,1790,1934,1989,1889,1621,1820,1522,2741
 "36077","Otsego, NY",2,CAINC45,190,"..."," Fertilizer and lime (incl. ag. chemicals 1978-fwd.) ","Thousands of dollars",863,859,946,1019,1224,1872,2156,1867,1970,2199,2619,2897,2885,2716,2547,2784,2512,2186,2150,2198,2528,2645,2902,2762,2280,2588,2755,2280,2316,2422,2383,2486,2880,2780,2556,2468,2386,2365,2413,2858,2630,2706,3076,3720,3706,3757,3037,2826,2350,2709,2418,2789,3018,3936
 "36077","Otsego, NY",2,CAINC45,200,"..."," Petroleum products purchased ","Thousands of dollars",776,752,775,750,837,1196,1462,1729,1872,1894,2313,3231,3528,3157,2939,2974,2627,2140,1995,1863,1790,2107,1956,1758,1786,1798,1987,2158,2138,2103,2088,2967,3044,3018,2859,3157,3299,3539,4039,4579,3635,3767,4346,5080,5329,5095,3571,2764,2658,2620,2585,2376,2671,3924
 "36077","Otsego, NY",2,CAINC45,210,"..."," Hired farm labor expenses 2/","Thousands of dollars",1967,1945,2079,2081,2494,2909,3309,3234,3553,3230,3715,4000,4182,4837,4673,4779,4829,4393,4396,4655,4824,5284,4966,4623,4828,4838,5266,4976,4984,5573,5326,6229,6798,8735,6919,6103,4364,4131,4007,4162,4460,4420,4319,6102,5729,5655,4424,4364,3584,3360,2893,3068,2849,4275
 "36077","Otsego, NY",2,CAINC45,220,"..."," All other production expenses 3/","Thousands of dollars",8946,9553,10191,10877,12564,15852,17524,18166,19847,21661,25465,27946,31938,34093,36448,36189,32984,32285,32710,32490,34166,34101,32941,33616,32668,34505,33338,31712,31186,31186,32172,30987,31631,32772,28195,27593,26632,26952,28915,31352,31251,31044,31905,35152,33001,34845,33407,30989,27971,29230,27446,29609,30207,34745
 "36077","Otsego, NY",2,CAINC45,240,"...","Value of inventory change ","Thousands of dollars",-424,-119,69,-543,535,686,373,-168,-1696,-209,2439,1889,3194,1667,-159,-995,-1878,-1741,-1964,-4524,-345,191,-415,-250,-438,487,-982,1230,-910,-816,-758,-2014,1195,1948,-190,-1070,-1605,1033,713,-571,-697,-41,-637,-955,1993,-1365,-1072,-661,-44,-365,-1952,-2921,2224,-2356
 "36077","Otsego, NY",2,CAINC45,250,"..."," Value of inventory change: livestock ","Thousands of dollars",-292,-176,-197,-34,326,1091,414,-711,-1382,-876,2143,1584,3620,1656,496,-1000,-2089,-1744,-1686,-2748,-137,222,195,25,-518,-1006,655,577,-1216,-468,22,-1941,254,1692,-759,-238,-331,632,367,-1404,603,-136,129,-170,974,-188,470,782,-337,-523,195,-645,-2,170
 "36077","Otsego, NY",2,CAINC45,260,"..."," Value of inventory change: crops ","Thousands of dollars",-132,57,266,-509,209,-405,-41,543,-314,667,296,305,-426,11,-655,5,211,3,-278,-1776,-208,-31,-423,-861,219,756,-828,82,80,-585,-202,-377,1217,-323,943,-1185,-627,10,-52,720,-1295,-419,-617,-1003,1077,-1444,-1783,-1426,282,147,-2058,-2361,2025,-2534
 "36077","Otsego, NY",2,CAINC45,265,"..."," Value of inventory change: materials and supplies ","Thousands of dollars",(NA),(NA),(NA),(NA),(NA),(NA),(NA),(NA),(NA),(NA),(NA),(NA),(NA),(NA),(NA),(NA),(NA),(NA),(NA),(NA),(NA),(NA),-187,586,-139,737,-809,571,226,237,-578,304,-276,579,-374,353,-647,391,398,113,-5,514,-149,218,-58,267,241,-17,11,11,-89,85,201,8
 "36077","Otsego, NY",2,CAINC45,270,"...","Cash receipts and other income ","Thousands of dollars",31644,32157,32583,33616,38499,42240,42569,48060,47779,53129,62888,67908,70139,67276,69891,71178,67439,67800,68115,66606,70866,71757,64416,67732,66257,66933,64409,65774,55697,60804,62487,59700,67338,58294,57115,64967,64968,58883,53179,60433,54892,65040,75874,85064,87855,88712,67830,60504,60946,60266,66200,67623,70052,88294
 "36077","Otsego, NY",2,CAINC45,280,"..."," Less: Production expenses ","Thousands of dollars",21579,22922,23878,24363,30208,38951,40455,42974,44304,45862,54262,60165,65234,62871,66452,64524,58719,56778,56640,56687,60841,61534,59613,59283,58123,59533,60221,56505,56264,57509,57283,56063,58757,60733,51261,50105,46495,47430,49576,54405,52277,52906,55322,63177,61050,62978,56581,51955,47593,49119,45999,49547,49891,58845
 "36077","Otsego, NY",2,CAINC45,290,"...","Equals: Realized net income ","Thousands of dollars",10065,9235,8705,9253,8291,3289,2114,5086,3475,7267,8626,7743,4905,4405,3439,6654,8720,11022,11475,9919,10025,10223,4803,8449,8134,7400,4188,9269,-567,3295,5204,3637,8581,-2439,5854,14862,18473,11453,3603,6028,2615,12134,20552,21887,26805,25734,11249,8549,13353,11147,20201,18076,20161,29449
 "36077","Otsego, NY",2,CAINC45,300,"..."," Plus: Value of inventory change ","Thousands of dollars",-424,-119,69,-543,535,686,373,-168,-1696,-209,2439,1889,3194,1667,-159,-995,-1878,-1741,-1964,-4524,-345,191,-415,-250,-438,487,-982,1230,-910,-816,-758,-2014,1195,1948,-190,-1070,-1605,1033,713,-571,-697,-41,-637,-955,1993,-1365,-1072,-661,-44,-365,-1952,-2921,2224,-2356
 "36077","Otsego, NY",2,CAINC45,310,"...","Equals: Net income including corporate farms ","Thousands of dollars",9641,9116,8774,8710,8826,3975,2487,4918,1779,7058,11065,9632,8099,6072,3280,5659,6842,9281,9511,5395,9680,10414,4388,8199,7696,7887,3206,10499,-1477,2479,4446,1623,9776,-491,5664,13792,16868,12486,4316,5457,1918,12093,19915,20932,28798,24369,10177,7888,13309,10782,18249,15155,22385,27093
 "36077","Otsego, NY",2,CAINC45,320,"..."," Less: Net income of corporate farms ","Thousands of dollars",152,137,152,235,285,77,56,101,30,150,323,81,230,102,27,167,266,344,380,168,502,613,196,386,303,493,181,975,-160,134,157,62,488,-24,324,1007,1062,685,326,362,90,940,2176,2164,2526,2118,397,727,995,1684,1951,1767,3250,4544
 "36077","Otsego, NY",2,CAINC45,330,"..."," Plus: Statistical adjustment ","Thousands of dollars",0,0,0,0,0,0,0,0,0,0,0,0,0,0,0,0,0,0,0,0,0,0,0,0,0,0,0,0,0,0,0,0,0,0,0,0,0,0,0,0,0,0,0,0,0,0,0,0,0,0,0,0,0,0
 "36077","Otsego, NY",2,CAINC45,340,"...","Equals: Farm proprietors' income ","Thousands of dollars",9489,8979,8622,8475,8541,3898,2431,4817,1749,6908,10742,9551,7869,5970,3253,5492,6576,8937,9131,5227,9178,9801,4192,7813,7393,7394,3025,9524,-1317,2345,4289,1561,9288,-467,5340,12785,15806,11801,3990,5095,1828,11153,17739,18768,26272,22251,9780,7161,12314,9098,16298,13388,19135,22549
 "36077","Otsego, NY",2,CAINC45,350,"..."," Plus: Farm wages and salaries ","Thousands of dollars",1655,1691,1784,1772,2173,2555,2780,2637,2838,2675,3185,3564,3707,4414,4152,4031,3968,3582,3490,3715,3727,4140,3842,3576,3721,3491,3754,3731,3740,4041,3906,4775,5146,6702,5284,4467,3118,2901,2861,2924,2961,3152,2900,4564,4624,4943,4010,4549,4340,4083,3275,3531,3356,4821
 "36077","Otsego, NY",2,CAINC45,360,"..."," Plus: Farm supplements to wages and salaries ","Thousands of dollars",189,201,227,226,280,342,359,391,445,421,486,514,489,503,543,529,538,525,540,557,695,834,873,853,929,910,928,817,745,783,777,941,1110,1192,966,836,660,658,804,1055,976,952,940,1225,1425,1441,1300,1412,1521,1203,1096,1096,1145,1809
 "36077","Otsego, NY",2,CAINC45,370,"...","Equals: Farm earnings ","Thousands of dollars",11333,10871,10633,10473,10994,6795,5570,7845,5032,10004,14413,13629,12065,10887,7948,10052,11082,13044,13161,9499,13600,14775,8907,12242,12043,11795,7707,14072,3168,7169,8972,7277,15544,7427,11590,18088,19584,15360,7655,9074,5765,15257,21579,24557,32321,28635,15090,13122,18175,14384,20669,18015,23636,29179
 "36079","Putnam, NY",2,CAINC45,10,"...","Cash receipts from marketings (thousands of dollars) ","Thousands of dollars",1525,1423,1336,1278,1513,1558,1556,1479,1126,1376,2534,2732,3448,3503,2797,2401,1765,1340,960,1277,1594,1803,2065,2469,2386,2310,2417,2506,2904,3154,3461,2777,2548,2521,2632,2805,3202,3439,2316,3160,3336,3643,3938,4222,3546,3450,3279,3159,2996,3131,3157,3256,3437,3936
 "36079","Putnam, NY",2,CAINC45,20,"..."," Cash receipts: Livestock and products ","Thousands of dollars",1070,948,838,809,888,808,897,873,763,870,1638,1511,1583,1639,1309,1125,795,495,290,446,591,676,829,909,903,620,598,412,0,72,80,125,136,212,337,392,580,842,867,761,657,513,422,301,291,316,325,240,247,273,228,246,257,357
 "36079","Putnam, NY",2,CAINC45,60,"..."," Cash receipts: Crops ","Thousands of dollars",455,475,498,469,625,750,659,606,363,506,896,1221,1865,1864,1488,1276,970,845,670,831,1003,1127,1236,1560,1483,1690,1819,2094,2904,3082,3381,2652,2412,2309,2295,2413,2622,2597,1449,2399,2679,3130,3516,3921,3255,3134,2954,2919,2749,2858,2929,3010,3180,3579
 "36079","Putnam, NY",2,CAINC45,120,"...","Other income ","Thousands of dollars",78,75,61,60,63,68,76,95,101,107,140,146,154,181,165,197,159,121,94,94,97,72,64,56,80,101,122,120,175,200,272,373,251,412,936,1498,1406,1455,1925,2128,2123,2312,1777,2407,2751,2201,1600,1142,1708,1385,2457,1762,1282,2687
 "36079","Putnam, NY",2,CAINC45,130,"..."," Government payments ","Thousands of dollars",11,11,2,4,3,3,1,2,3,1,1,1,1,2,4,42,12,1,6,9,16,1,1,2,3,2,0,0,0,0,0,3,13,7,50,0,1,1,0,0,0,3,20,14,10,3,9,11,4,5,6,635,308,16
 "36079","Putnam, NY",2,CAINC45,140,"..."," Imputed and miscellaneous income received 1/","Thousands of dollars",67,64,59,56,60,65,75,93,98,106,139,145,153,179,161,155,147,120,88,85,81,71,63,54,77,99,122,120,175,200,272,370,238,405,886,1498,1405,1454,1925,2128,2123,2309,1757,2393,2741,2198,1591,1131,1704,1380,2451,1127,974,2671
 "36079","Putnam, NY",2,CAINC45,150,"...","Production expenses ","Thousands of dollars",1195,1138,1092,1038,1167,1385,1447,1356,1073,1270,2362,2290,2335,2096,2083,1949,1694,1564,755,959,1346,1778,1972,2053,2004,2353,2745,2788,3288,3448,3606,3767,4014,4601,4278,4528,4449,4946,6105,6287,5985,5838,5666,6844,6719,7143,6673,6599,6336,6496,5974,6456,6484,7797
 "36079","Putnam, NY",2,CAINC45,160,"..."," Feed purchased ","Thousands of dollars",288,269,233,196,242,295,245,225,146,149,331,424,498,444,433,314,218,149,35,39,50,54,52,43,35,34,38,38,55,61,60,56,61,64,116,182,206,287,409,470,380,407,414,449,512,557,580,555,634,627,598,660,629,612
 "36079","Putnam, NY",2,CAINC45,170,"..."," Livestock purchased ","Thousands of dollars",176,157,138,122,123,105,128,149,125,175,491,435,456,358,281,207,119,79,22,26,41,47,38,14,179,232,369,262,73,61,119,44,37,98,13,21,11,7,179,132,188,111,86,71,53,60,47,36,28,41,35,39,41,38
 "36079","Putnam, NY",2,CAINC45,180,"..."," Seed purchased ","Thousands of dollars",22,25,29,30,43,57,48,44,31,30,43,35,26,17,13,16,14,13,5,8,13,17,23,20,26,40,55,73,103,122,112,138,147,199,176,135,100,80,72,127,162,196,241,329,303,286,232,220,190,181,155,174,145,261
 "36079","Putnam, NY",2,CAINC45,190,"..."," Fertilizer and lime (incl. ag. chemicals 1978-fwd.) ","Thousands of dollars",41,48,57,67,81,117,106,69,41,44,106,131,147,154,131,127,98,71,27,30,41,49,55,51,37,49,58,52,69,60,49,40,35,26,26,28,30,32,38,48,47,50,59,75,102,136,140,163,169,195,174,201,218,284
 "36079","Putnam, NY",2,CAINC45,200,"..."," Petroleum products purchased ","Thousands of dollars",45,47,52,53,61,90,96,93,70,75,117,124,110,80,72,70,59,46,20,26,35,57,65,66,68,83,106,129,164,125,94,96,64,34,80,135,183,237,314,324,235,222,234,251,274,275,204,170,179,177,174,161,181,266
 "36079","Putnam, NY",2,CAINC45,210,"..."," Hired farm labor expenses 2/","Thousands of dollars",190,172,170,160,179,200,262,257,236,266,386,312,246,217,192,180,170,140,67,113,183,297,352,383,426,513,663,761,1021,1007,886,995,1026,1242,1208,1264,1100,1272,1610,1579,1626,1678,1573,2432,2101,1915,1337,1220,894,842,675,729,688,1066
 "36079","Putnam, NY",2,CAINC45,220,"..."," All other production expenses 3/","Thousands of dollars",433,420,413,410,438,521,562,519,424,531,888,829,852,826,961,1035,1016,1066,579,717,983,1257,1387,1476,1233,1402,1456,1473,1803,2012,2286,2398,2644,2938,2659,2763,2819,3031,3483,3607,3347,3174,3059,3237,3374,3914,4133,4235,4242,4433,4163,4492,4582,5270
 "36079","Putnam, NY",2,CAINC45,240,"...","Value of inventory change ","Thousands of dollars",-9,-3,-6,-10,-17,58,7,-14,-28,9,3,5,-509,940,-35,-274,169,82,-8,-15,-1,-1,-5,-5,-9,15,-19,7,8,-18,3,-9,11,7,21,9,-36,33,8,5,-4,34,-10,4,29,9,3,-9,34,7,-45,-58,125,-13
 "36079","Putnam, NY",2,CAINC45,250,"..."," Value of inventory change: livestock ","Thousands of dollars",-10,-6,-6,-2,7,20,7,-14,-26,0,0,0,0,-3,-1,0,-7,0,1,2,0,0,0,1,0,-5,-1,-2,1,-4,2,1,-1,4,-1,2,-1,1,0,-3,1,5,-5,-3,4,2,5,2,-1,-6,5,-7,0,2
 "36079","Putnam, NY",2,CAINC45,260,"..."," Value of inventory change: crops ","Thousands of dollars",1,3,0,-8,-24,38,0,0,-2,9,3,5,-509,943,-34,-274,176,82,-9,-17,-1,-1,-3,-12,-7,10,-5,-1,3,-19,12,-15,17,-6,31,-5,-10,13,-7,2,-5,2,3,-4,28,-9,-18,-10,34,12,-43,-58,109,-16
 "36079","Putnam, NY",2,CAINC45,265,"..."," Value of inventory change: materials and supplies ","Thousands of dollars",(NA),(NA),(NA),(NA),(NA),(NA),(NA),(NA),(NA),(NA),(NA),(NA),(NA),(NA),(NA),(NA),(NA),(NA),(NA),(NA),(NA),(NA),-2,6,-2,10,-13,10,4,5,-11,5,-5,9,-9,12,-25,19,15,6,0,27,-8,11,-3,16,16,-1,1,1,-7,7,16,1
 "36079","Putnam, NY",2,CAINC45,270,"...","Cash receipts and other income ","Thousands of dollars",1603,1498,1397,1338,1576,1626,1632,1574,1227,1483,2674,2878,3602,3684,2962,2598,1924,1461,1054,1371,1691,1875,2129,2525,2466,2411,2539,2626,3079,3354,3733,3150,2799,2933,3568,4303,4608,4894,4241,5288,5459,5955,5715,6629,6297,5651,4879,4301,4704,4516,5614,5018,4719,6623
 "36079","Putnam, NY",2,CAINC45,280,"..."," Less: Production expenses ","Thousands of dollars",1195,1138,1092,1038,1167,1385,1447,1356,1073,1270,2362,2290,2335,2096,2083,1949,1694,1564,755,959,1346,1778,1972,2053,2004,2353,2745,2788,3288,3448,3606,3767,4014,4601,4278,4528,4449,4946,6105,6287,5985,5838,5666,6844,6719,7143,6673,6599,6336,6496,5974,6456,6484,7797
 "36079","Putnam, NY",2,CAINC45,290,"...","Equals: Realized net income ","Thousands of dollars",408,360,305,300,409,241,185,218,154,213,312,588,1267,1588,879,649,230,-103,299,412,345,97,157,472,462,58,-206,-162,-209,-94,127,-617,-1215,-1668,-710,-225,159,-52,-1864,-999,-526,117,49,-215,-422,-1492,-1794,-2298,-1632,-1980,-360,-1438,-1765,-1174
 "36079","Putnam, NY",2,CAINC45,300,"..."," Plus: Value of inventory change ","Thousands of dollars",-9,-3,-6,-10,-17,58,7,-14,-28,9,3,5,-509,940,-35,-274,169,82,-8,-15,-1,-1,-5,-5,-9,15,-19,7,8,-18,3,-9,11,7,21,9,-36,33,8,5,-4,34,-10,4,29,9,3,-9,34,7,-45,-58,125,-13
 "36079","Putnam, NY",2,CAINC45,310,"...","Equals: Net income including corporate farms ","Thousands of dollars",399,357,299,290,392,299,192,204,126,222,315,593,758,2528,844,375,399,-21,291,397,344,96,152,467,453,73,-225,-155,-201,-112,130,-626,-1204,-1661,-689,-216,123,-19,-1856,-994,-530,151,39,-211,-393,-1483,-1791,-2307,-1598,-1973,-405,-1496,-1640,-1187
 "36079","Putnam, NY",2,CAINC45,320,"..."," Less: Net income of corporate farms ","Thousands of dollars",196,151,133,184,278,119,79,69,30,61,93,42,154,265,37,49,55,-4,22,29,50,18,25,71,68,24,-153,-90,-194,-115,47,-667,-1042,-1107,-546,-155,71,-16,-1787,-970,-523,45,12,-101,-221,-914,-1455,-1623,-1303,-1039,-284,-996,-928,-578
 "36079","Putnam, NY",2,CAINC45,330,"..."," Plus: Statistical adjustment ","Thousands of dollars",0,0,0,0,0,0,0,0,0,0,0,0,0,0,0,0,0,0,0,0,0,0,0,0,0,0,0,0,0,0,0,0,0,0,0,0,0,0,0,0,0,0,0,0,0,0,0,0,0,0,0,0,0,0
 "36079","Putnam, NY",2,CAINC45,340,"...","Equals: Farm proprietors' income ","Thousands of dollars",203,206,166,106,114,180,113,135,96,161,222,551,604,2263,807,326,344,-17,269,368,294,78,127,396,385,49,-72,-65,-7,3,83,41,-162,-554,-143,-61,52,-3,-69,-24,-7,106,27,-110,-172,-569,-336,-684,-295,-934,-121,-500,-712,-609
 "36079","Putnam, NY",2,CAINC45,350,"..."," Plus: Farm wages and salaries ","Thousands of dollars",203,197,198,193,254,280,328,346,403,418,395,352,304,283,244,223,188,147,113,165,209,280,304,326,426,487,628,737,867,850,756,859,871,1071,1009,1024,861,978,1204,1271,1321,1434,1345,2148,2168,2322,1886,2142,2044,1923,1530,1656,1572,2243
 "36079","Putnam, NY",2,CAINC45,360,"..."," Plus: Farm supplements to wages and salaries ","Thousands of dollars",15,18,20,21,28,32,46,61,85,88,74,56,41,26,26,26,24,20,18,23,37,51,62,69,97,114,145,151,161,158,149,169,191,198,190,194,178,212,315,423,399,407,408,537,618,630,577,630,674,529,479,478,505,815
 "36079","Putnam, NY",2,CAINC45,370,"...","Equals: Farm earnings ","Thousands of dollars",421,421,384,320,396,492,487,542,584,667,691,959,949,2572,1077,575,556,150,400,556,540,409,493,791,908,650,701,823,1021,1011,988,1069,900,715,1056,1157,1091,1187,1450,1670,1713,1947,1780,2575,2614,2383,2127,2088,2423,1518,1888,1634,1365,2449
 "36081","Queens, NY",2,CAINC45,10,"...","Cash receipts from marketings (thousands of dollars) ","Thousands of dollars",0,0,0,0,0,0,0,0,0,0,0,0,0,0,0,0,0,0,0,0,0,0,0,0,0,0,0,0,0,0,0,0,0,0,0,0,0,0,0,0,0,0,0,0,0,0,0,0,0,0,0,0,0,0
 "36081","Queens, NY",2,CAINC45,20,"..."," Cash receipts: Livestock and products ","Thousands of dollars",0,0,0,0,0,0,0,0,0,0,0,0,0,0,0,0,0,0,0,0,0,0,0,0,0,0,0,0,0,0,0,0,0,0,0,0,0,0,0,0,0,0,0,0,0,0,0,0,0,0,0,0,0,0
 "36081","Queens, NY",2,CAINC45,60,"..."," Cash receipts: Crops ","Thousands of dollars",0,0,0,0,0,0,0,0,0,0,0,0,0,0,0,0,0,0,0,0,0,0,0,0,0,0,0,0,0,0,0,0,0,0,0,0,0,0,0,0,0,0,0,0,0,0,0,0,0,0,0,0,0,0
 "36081","Queens, NY",2,CAINC45,120,"...","Other income ","Thousands of dollars",0,0,0,0,0,0,0,0,0,0,0,0,0,0,0,0,0,0,0,0,0,0,0,0,0,0,0,0,0,0,0,0,0,0,0,0,0,0,0,0,0,0,0,0,0,0,0,0,0,0,0,0,0,0
 "36081","Queens, NY",2,CAINC45,130,"..."," Government payments ","Thousands of dollars",0,0,0,0,0,0,0,0,0,0,0,0,0,0,0,0,0,0,0,0,0,0,0,0,0,0,0,0,0,0,0,0,0,0,0,0,0,0,0,0,0,0,0,0,0,0,0,0,0,0,0,0,0,0
 "36081","Queens, NY",2,CAINC45,140,"..."," Imputed and miscellaneous income received 1/","Thousands of dollars",0,0,0,0,0,0,0,0,0,0,0,0,0,0,0,0,0,0,0,0,0,0,0,0,0,0,0,0,0,0,0,0,0,0,0,0,0,0,0,0,0,0,0,0,0,0,0,0,0,0,0,0,0,0
 "36081","Queens, NY",2,CAINC45,150,"...","Production expenses ","Thousands of dollars",0,0,0,0,0,0,0,0,0,0,0,0,0,0,0,0,0,0,0,0,0,0,0,0,0,0,0,0,0,0,0,0,0,0,0,0,0,0,0,0,0,0,0,0,0,0,0,0,0,0,0,0,0,0
 "36081","Queens, NY",2,CAINC45,160,"..."," Feed purchased ","Thousands of dollars",0,0,0,0,0,0,0,0,0,0,0,0,0,0,0,0,0,0,0,0,0,0,0,0,0,0,0,0,0,0,0,0,0,0,0,0,0,0,0,0,0,0,0,0,0,0,0,0,0,0,0,0,0,0
 "36081","Queens, NY",2,CAINC45,170,"..."," Livestock purchased ","Thousands of dollars",0,0,0,0,0,0,0,0,0,0,0,0,0,0,0,0,0,0,0,0,0,0,0,0,0,0,0,0,0,0,0,0,0,0,0,0,0,0,0,0,0,0,0,0,0,0,0,0,0,0,0,0,0,0
 "36081","Queens, NY",2,CAINC45,180,"..."," Seed purchased ","Thousands of dollars",0,0,0,0,0,0,0,0,0,0,0,0,0,0,0,0,0,0,0,0,0,0,0,0,0,0,0,0,0,0,0,0,0,0,0,0,0,0,0,0,0,0,0,0,0,0,0,0,0,0,0,0,0,0
 "36081","Queens, NY",2,CAINC45,190,"..."," Fertilizer and lime (incl. ag. chemicals 1978-fwd.) ","Thousands of dollars",0,0,0,0,0,0,0,0,0,0,0,0,0,0,0,0,0,0,0,0,0,0,0,0,0,0,0,0,0,0,0,0,0,0,0,0,0,0,0,0,0,0,0,0,0,0,0,0,0,0,0,0,0,0
 "36081","Queens, NY",2,CAINC45,200,"..."," Petroleum products purchased ","Thousands of dollars",0,0,0,0,0,0,0,0,0,0,0,0,0,0,0,0,0,0,0,0,0,0,0,0,0,0,0,0,0,0,0,0,0,0,0,0,0,0,0,0,0,0,0,0,0,0,0,0,0,0,0,0,0,0
 "36081","Queens, NY",2,CAINC45,210,"..."," Hired farm labor expenses 2/","Thousands of dollars",0,0,0,0,0,0,0,0,0,0,0,0,0,0,0,0,0,0,0,0,0,0,0,0,0,0,0,0,0,0,0,0,0,0,0,0,0,0,0,0,0,0,0,0,0,0,0,0,0,0,0,0,0,0
 "36081","Queens, NY",2,CAINC45,220,"..."," All other production expenses 3/","Thousands of dollars",0,0,0,0,0,0,0,0,0,0,0,0,0,0,0,0,0,0,0,0,0,0,0,0,0,0,0,0,0,0,0,0,0,0,0,0,0,0,0,0,0,0,0,0,0,0,0,0,0,0,0,0,0,0
 "36081","Queens, NY",2,CAINC45,240,"...","Value of inventory change ","Thousands of dollars",0,0,0,0,0,0,0,0,0,0,0,0,0,0,0,0,0,0,0,0,0,0,0,0,0,0,0,0,0,0,0,0,0,0,0,0,0,0,0,0,0,0,0,0,0,0,0,0,0,0,0,0,0,0
 "36081","Queens, NY",2,CAINC45,250,"..."," Value of inventory change: livestock ","Thousands of dollars",0,0,0,0,0,0,0,0,0,0,0,0,0,0,0,0,0,0,0,0,0,0,0,0,0,0,0,0,0,0,0,0,0,0,0,0,0,0,0,0,0,0,0,0,0,0,0,0,0,0,0,0,0,0
 "36081","Queens, NY",2,CAINC45,260,"..."," Value of inventory change: crops ","Thousands of dollars",0,0,0,0,0,0,0,0,0,0,0,0,0,0,0,0,0,0,0,0,0,0,0,0,0,0,0,0,0,0,0,0,0,0,0,0,0,0,0,0,0,0,0,0,0,0,0,0,0,0,0,0,0,0
 "36081","Queens, NY",2,CAINC45,265,"..."," Value of inventory change: materials and supplies ","Thousands of dollars",(NA),(NA),(NA),(NA),(NA),(NA),(NA),(NA),(NA),(NA),(NA),(NA),(NA),(NA),(NA),(NA),(NA),(NA),(NA),(NA),(NA),(NA),0,0,0,0,0,0,0,0,0,0,0,0,0,0,0,0,0,0,0,0,0,0,0,0,0,0,0,0,0,0,0,0
 "36081","Queens, NY",2,CAINC45,270,"...","Cash receipts and other income ","Thousands of dollars",0,0,0,0,0,0,0,0,0,0,0,0,0,0,0,0,0,0,0,0,0,0,0,0,0,0,0,0,0,0,0,0,0,0,0,0,0,0,0,0,0,0,0,0,0,0,0,0,0,0,0,0,0,0
 "36081","Queens, NY",2,CAINC45,280,"..."," Less: Production expenses ","Thousands of dollars",0,0,0,0,0,0,0,0,0,0,0,0,0,0,0,0,0,0,0,0,0,0,0,0,0,0,0,0,0,0,0,0,0,0,0,0,0,0,0,0,0,0,0,0,0,0,0,0,0,0,0,0,0,0
 "36081","Queens, NY",2,CAINC45,290,"...","Equals: Realized net income ","Thousands of dollars",0,0,0,0,0,0,0,0,0,0,0,0,0,0,0,0,0,0,0,0,0,0,0,0,0,0,0,0,0,0,0,0,0,0,0,0,0,0,0,0,0,0,0,0,0,0,0,0,0,0,0,0,0,0
 "36081","Queens, NY",2,CAINC45,300,"..."," Plus: Value of inventory change ","Thousands of dollars",0,0,0,0,0,0,0,0,0,0,0,0,0,0,0,0,0,0,0,0,0,0,0,0,0,0,0,0,0,0,0,0,0,0,0,0,0,0,0,0,0,0,0,0,0,0,0,0,0,0,0,0,0,0
 "36081","Queens, NY",2,CAINC45,310,"...","Equals: Net income including corporate farms ","Thousands of dollars",0,0,0,0,0,0,0,0,0,0,0,0,0,0,0,0,0,0,0,0,0,0,0,0,0,0,0,0,0,0,0,0,0,0,0,0,0,0,0,0,0,0,0,0,0,0,0,0,0,0,0,0,0,0
 "36081","Queens, NY",2,CAINC45,320,"..."," Less: Net income of corporate farms ","Thousands of dollars",0,0,0,0,0,0,0,0,0,0,0,0,0,0,0,0,0,0,0,0,0,0,0,0,0,0,0,0,0,0,0,0,0,0,0,0,0,0,0,0,0,0,0,0,0,0,0,0,0,0,0,0,0,0
 "36081","Queens, NY",2,CAINC45,330,"..."," Plus: Statistical adjustment ","Thousands of dollars",0,0,0,0,0,0,0,0,0,0,0,0,0,0,0,0,0,0,0,0,0,0,0,0,0,0,0,0,0,0,0,0,0,0,0,0,0,0,0,0,0,0,0,0,0,0,0,0,0,0,0,0,0,0
 "36081","Queens, NY",2,CAINC45,340,"...","Equals: Farm proprietors' income ","Thousands of dollars",0,0,0,0,0,0,0,0,0,0,0,0,0,0,0,0,0,0,0,0,0,0,0,0,0,0,0,0,0,0,0,0,0,0,0,0,0,0,0,0,0,0,0,0,0,0,0,0,0,0,0,0,0,0
 "36081","Queens, NY",2,CAINC45,350,"..."," Plus: Farm wages and salaries ","Thousands of dollars",0,0,0,0,0,0,0,0,0,0,0,0,0,0,0,0,0,0,0,0,0,0,0,0,0,0,0,0,0,0,0,0,0,0,0,0,0,0,0,0,0,0,0,0,0,0,0,0,0,0,0,0,0,0
 "36081","Queens, NY",2,CAINC45,360,"..."," Plus: Farm supplements to wages and salaries ","Thousands of dollars",0,0,0,0,0,0,0,0,0,0,0,0,0,0,0,0,0,0,0,0,0,0,0,0,0,0,0,0,0,0,0,0,0,0,0,0,0,0,0,0,0,0,0,0,0,0,0,0,0,0,0,0,0,0
 "36081","Queens, NY",2,CAINC45,370,"...","Equals: Farm earnings ","Thousands of dollars",0,0,0,0,0,0,0,0,0,0,0,0,0,0,0,0,0,0,0,0,0,0,0,0,0,0,0,0,0,0,0,0,0,0,0,0,0,0,0,0,0,0,0,0,0,0,0,0,0,0,0,0,0,0
 "36083","Rensselaer, NY",2,CAINC45,10,"...","Cash receipts from marketings (thousands of dollars) ","Thousands of dollars",11670,11681,11698,11816,13537,15088,16104,18740,18565,20709,24398,27319,29491,28652,29804,29895,28618,28851,29452,29827,31153,30444,28051,29847,29582,28746,30359,32356,28562,31591,31617,31080,35086,29752,28438,32400,32952,32060,38255,44533,38925,44736,51914,54093,53066,54948,44174,41398,39782,39139,41577,42074,46276,56800
 "36083","Rensselaer, NY",2,CAINC45,20,"..."," Cash receipts: Livestock and products ","Thousands of dollars",10105,10040,9973,10132,11176,11990,12620,14762,14929,17170,20520,22410,23692,23407,24201,23424,22212,21611,21390,20479,21639,21654,19208,19986,20634,19895,21210,23336,19971,22254,22252,20686,24829,16978,15723,19099,19295,16555,22993,22844,17062,21484,26428,25647,25448,29041,20479,17717,17450,16336,18071,17348,18834,25832
 "36083","Rensselaer, NY",2,CAINC45,60,"..."," Cash receipts: Crops ","Thousands of dollars",1565,1641,1725,1684,2361,3098,3484,3978,3636,3539,3878,4909,5799,5245,5603,6471,6406,7240,8062,9348,9514,8790,8843,9861,8948,8851,9149,9020,8591,9337,9365,10394,10257,12774,12715,13301,13657,15505,15262,21689,21863,23252,25486,28446,27618,25907,23695,23681,22332,22803,23506,24726,27442,30968
 "36083","Rensselaer, NY",2,CAINC45,120,"...","Other income ","Thousands of dollars",534,488,414,481,486,543,515,535,535,561,677,697,738,868,1262,1723,1720,2273,2286,2604,2003,2069,1956,2198,2282,2095,1750,1533,1233,1947,2889,4138,2874,3733,3894,3777,4061,3662,2927,3934,5102,5813,5174,9339,9944,8573,6548,4934,8542,6501,11653,10507,7137,12857
 "36083","Rensselaer, NY",2,CAINC45,130,"..."," Government payments ","Thousands of dollars",295,235,154,202,112,84,81,68,95,129,102,57,56,108,430,798,691,1252,1330,1521,787,814,654,711,989,988,812,884,600,1100,1666,2409,1691,1888,1930,1416,2238,2010,975,1287,1849,1098,1016,1806,916,308,193,142,858,489,751,5430,2720,583
 "36083","Rensselaer, NY",2,CAINC45,140,"..."," Imputed and miscellaneous income received 1/","Thousands of dollars",239,253,260,279,374,459,434,467,440,432,575,640,682,760,832,925,1029,1021,956,1083,1216,1255,1302,1487,1293,1107,938,649,633,847,1223,1729,1183,1845,1964,2361,1823,1652,1952,2647,3253,4715,4158,7533,9028,8265,6355,4792,7684,6012,10902,5077,4417,12274
 "36083","Rensselaer, NY",2,CAINC45,150,"...","Production expenses ","Thousands of dollars",8796,8847,8919,9032,10462,12915,14604,16299,17847,19393,23145,25515,27644,26870,28140,27812,25605,24723,24849,24783,26133,26461,25501,24867,26536,27627,30371,30884,33531,32030,29542,27472,26691,26229,25424,28087,28696,32913,40003,42740,40711,41152,42657,49714,48351,50405,45061,42409,39222,40234,37009,40000,40397,49419
 "36083","Rensselaer, NY",2,CAINC45,160,"..."," Feed purchased ","Thousands of dollars",2109,2162,2043,1872,2507,3308,3434,4280,4429,4713,5326,6109,6307,5032,5567,4761,4153,4004,3592,3571,3786,3557,3279,3122,3123,2868,3204,3192,4040,4296,4023,3635,3826,3896,3573,3841,3381,3901,4808,5905,5052,5716,6098,6925,6886,6451,5684,4484,4086,4045,3857,4253,4059,3948
 "36083","Rensselaer, NY",2,CAINC45,170,"..."," Livestock purchased ","Thousands of dollars",648,655,656,663,774,773,854,1051,1125,1360,2117,1770,1674,1177,1010,841,576,523,580,485,702,780,784,809,1113,1080,1342,1168,850,851,905,661,814,465,261,365,555,677,644,705,1135,1242,1698,2131,1608,1888,995,894,645,819,875,917,984,899
 "36083","Rensselaer, NY",2,CAINC45,180,"..."," Seed purchased ","Thousands of dollars",161,161,169,162,221,274,300,388,441,448,528,622,699,680,593,765,724,748,775,953,1020,1030,1145,959,911,938,1062,1192,1359,1339,1049,1130,1057,1273,1333,1227,1120,1174,1476,1694,1684,1714,1864,2289,2301,2395,2176,2347,2407,2287,1962,2203,1842,3317
 "36083","Rensselaer, NY",2,CAINC45,190,"..."," Fertilizer and lime (incl. ag. chemicals 1978-fwd.) ","Thousands of dollars",413,407,448,483,568,837,998,906,969,1117,1377,1570,1607,1550,1475,1640,1505,1336,1343,1335,1495,1529,1639,1527,1430,1708,2054,1909,2332,2208,1962,1843,1916,1650,1704,1835,1967,2154,2414,2911,2718,2832,3251,3965,3996,4106,3372,3193,2710,3124,2789,3217,3481,4539
 "36083","Rensselaer, NY",2,CAINC45,200,"..."," Petroleum products purchased ","Thousands of dollars",332,331,349,344,389,563,704,846,928,950,1205,1732,1932,1757,1639,1661,1472,1202,1125,1066,1039,1242,1172,1068,1120,1076,1219,1360,1474,1266,1100,1370,1232,1068,1252,1617,1907,2253,2784,3119,2449,2513,2872,3330,3647,3667,2730,2275,2398,2363,2332,2142,2408,3538
 "36083","Rensselaer, NY",2,CAINC45,210,"..."," Hired farm labor expenses 2/","Thousands of dollars",1155,1076,1094,1042,1191,1327,1609,1657,1914,1825,2129,2324,2465,2898,2833,2937,3047,2820,2889,3133,3332,3800,3649,3538,3768,3535,3977,3746,4084,4348,3902,4423,4711,5863,5302,5536,4715,5433,6765,6266,6104,5872,5314,7481,7325,7600,6327,6649,6079,5757,4690,5148,5056,7222
 "36083","Rensselaer, NY",2,CAINC45,220,"..."," All other production expenses 3/","Thousands of dollars",3978,4055,4160,4466,4812,5833,6705,7171,8041,8980,10463,11388,12960,13776,15023,15207,14128,14090,14545,14240,14759,14523,13833,13844,15071,16422,17513,18317,19392,17722,16601,14410,13135,12014,11999,13666,15051,17321,21112,22140,21569,21263,21560,23593,22588,24298,23777,22567,20897,21839,20504,22120,22567,25956
 "36083","Rensselaer, NY",2,CAINC45,240,"...","Value of inventory change ","Thousands of dollars",-150,-57,-44,-201,184,962,175,-35,-506,-68,898,723,1117,415,-336,-315,-486,-573,-709,-2395,-244,147,-159,-373,14,447,-518,576,-174,-303,-469,-1046,539,646,159,-256,-856,610,564,196,-1137,-211,-1210,-918,1047,-1166,-1174,-918,-221,-247,-1495,-1762,921,-2111
 "36083","Rensselaer, NY",2,CAINC45,250,"..."," Value of inventory change: livestock ","Thousands of dollars",-97,-57,-63,-10,102,339,126,-216,-427,-302,688,553,1163,430,183,-322,-741,-609,-583,-970,-59,78,46,20,-190,-396,232,246,-496,-235,4,-896,113,704,-306,-62,-152,262,169,-702,312,-42,17,-46,489,-67,229,355,-153,-257,110,-306,-6,80
 "36083","Rensselaer, NY",2,CAINC45,260,"..."," Value of inventory change: crops ","Thousands of dollars",-53,0,19,-191,82,623,49,181,-79,234,210,170,-46,-15,-519,7,255,36,-126,-1425,-185,69,-136,-606,257,538,-395,63,209,-184,-196,-293,554,-321,658,-397,-293,77,100,812,-1445,-570,-1110,-1045,604,-1310,-1592,-1260,-77,1,-1536,-1522,771,-2197
 "36083","Rensselaer, NY",2,CAINC45,265,"..."," Value of inventory change: materials and supplies ","Thousands of dollars",(NA),(NA),(NA),(NA),(NA),(NA),(NA),(NA),(NA),(NA),(NA),(NA),(NA),(NA),(NA),(NA),(NA),(NA),(NA),(NA),(NA),(NA),-69,213,-53,305,-355,267,113,116,-277,143,-128,263,-193,203,-411,271,295,86,-4,401,-117,173,-46,211,189,-13,9,9,-69,66,156,6
 "36083","Rensselaer, NY",2,CAINC45,270,"...","Cash receipts and other income ","Thousands of dollars",12204,12169,12112,12297,14023,15631,16619,19275,19100,21270,25075,28016,30229,29520,31066,31618,30338,31124,31738,32431,33156,32513,30007,32045,31864,30841,32109,33889,29795,33538,34506,35218,37960,33485,32332,36177,37013,35722,41182,48467,44027,50549,57088,63432,63010,63521,50722,46332,48324,45640,53230,52581,53413,69657
 "36083","Rensselaer, NY",2,CAINC45,280,"..."," Less: Production expenses ","Thousands of dollars",8796,8847,8919,9032,10462,12915,14604,16299,17847,19393,23145,25515,27644,26870,28140,27812,25605,24723,24849,24783,26133,26461,25501,24867,26536,27627,30371,30884,33531,32030,29542,27472,26691,26229,25424,28087,28696,32913,40003,42740,40711,41152,42657,49714,48351,50405,45061,42409,39222,40234,37009,40000,40397,49419
 "36083","Rensselaer, NY",2,CAINC45,290,"...","Equals: Realized net income ","Thousands of dollars",3408,3322,3193,3265,3561,2716,2015,2976,1253,1877,1930,2501,2585,2650,2926,3806,4733,6401,6889,7648,7023,6052,4506,7178,5328,3214,1738,3005,-3736,1508,4964,7746,11269,7256,6908,8090,8317,2809,1179,5727,3316,9397,14431,13718,14659,13116,5661,3923,9102,5406,16221,12581,13016,20238
 "36083","Rensselaer, NY",2,CAINC45,300,"..."," Plus: Value of inventory change ","Thousands of dollars",-150,-57,-44,-201,184,962,175,-35,-506,-68,898,723,1117,415,-336,-315,-486,-573,-709,-2395,-244,147,-159,-373,14,447,-518,576,-174,-303,-469,-1046,539,646,159,-256,-856,610,564,196,-1137,-211,-1210,-918,1047,-1166,-1174,-918,-221,-247,-1495,-1762,921,-2111
 "36083","Rensselaer, NY",2,CAINC45,310,"...","Equals: Net income including corporate farms ","Thousands of dollars",3258,3265,3149,3064,3745,3678,2190,2941,747,1809,2828,3224,3702,3065,2590,3491,4247,5828,6180,5253,6779,6199,4347,6805,5342,3661,1220,3581,-3910,1205,4495,6700,11808,7902,7067,7834,7461,3419,1743,5923,2179,9186,13221,12800,15706,11950,4487,3005,8881,5159,14726,10819,13937,18127
 "36083","Rensselaer, NY",2,CAINC45,320,"..."," Less: Net income of corporate farms ","Thousands of dollars",55,75,106,185,304,197,137,171,35,112,185,49,160,68,28,136,218,286,328,229,523,573,321,973,604,663,197,919,-1160,188,480,865,1949,1876,1503,1890,1463,571,375,962,217,1326,2370,1930,2367,2060,395,702,1873,2272,4440,3557,5708,8575
 "36083","Rensselaer, NY",2,CAINC45,330,"..."," Plus: Statistical adjustment ","Thousands of dollars",0,0,0,0,0,0,0,0,0,0,0,0,0,0,0,0,0,0,0,0,0,0,0,0,0,0,0,0,0,0,0,0,0,0,0,0,0,0,0,0,0,0,0,0,0,0,0,0,0,0,0,0,0,0
 "36083","Rensselaer, NY",2,CAINC45,340,"...","Equals: Farm proprietors' income ","Thousands of dollars",3203,3190,3043,2879,3441,3481,2053,2770,712,1697,2643,3175,3542,2997,2562,3355,4029,5542,5852,5024,6256,5626,4026,5832,4738,2998,1023,2662,-2750,1017,4015,5835,9859,6026,5564,5944,5998,2848,1368,4961,1962,7860,10851,10870,13339,9890,4092,2303,7008,2887,10286,7262,8229,9552
 "36083","Rensselaer, NY",2,CAINC45,350,"..."," Plus: Farm wages and salaries ","Thousands of dollars",1009,989,1006,971,1196,1362,1521,1502,1668,1643,1935,2148,2226,2648,2540,2521,2545,2374,2385,2639,2747,3171,3035,2909,3006,2783,2954,2904,2880,3022,2851,3416,3618,4654,4384,4454,3737,4248,5237,4873,4586,4595,4031,6081,6139,6573,5339,6065,5789,5448,4334,4688,4451,6353
 "36083","Rensselaer, NY",2,CAINC45,360,"..."," Plus: Farm supplements to wages and salaries ","Thousands of dollars",110,113,121,118,148,172,203,246,308,303,325,325,294,292,325,319,326,322,350,374,467,574,621,625,684,670,685,602,550,566,552,656,764,809,771,780,714,850,1244,1531,1340,1282,1208,1511,1748,1777,1629,1780,1918,1505,1362,1352,1425,2308
 "36083","Rensselaer, NY",2,CAINC45,370,"...","Equals: Farm earnings ","Thousands of dollars",4322,4292,4170,3968,4785,5015,3777,4518,2688,3643,4903,5648,6062,5937,5427,6195,6900,8238,8587,8037,9470,9371,7682,9366,8428,6451,4662,6168,680,4605,7418,9907,14241,11489,10719,11178,10449,7946,7849,11365,7888,13737,16090,18462,21226,18240,11060,10148,14715,9840,15982,13302,14105,18213
 "36085","Richmond, NY",2,CAINC45,10,"...","Cash receipts from marketings (thousands of dollars) ","Thousands of dollars",0,0,0,0,0,0,0,0,0,0,0,0,0,0,0,0,0,0,0,0,0,0,0,0,0,0,0,0,0,0,0,0,0,0,0,0,0,0,0,0,0,0,0,0,0,0,0,0,0,0,0,0,0,0
 "36085","Richmond, NY",2,CAINC45,20,"..."," Cash receipts: Livestock and products ","Thousands of dollars",0,0,0,0,0,0,0,0,0,0,0,0,0,0,0,0,0,0,0,0,0,0,0,0,0,0,0,0,0,0,0,0,0,0,0,0,0,0,0,0,0,0,0,0,0,0,0,0,0,0,0,0,0,0
 "36085","Richmond, NY",2,CAINC45,60,"..."," Cash receipts: Crops ","Thousands of dollars",0,0,0,0,0,0,0,0,0,0,0,0,0,0,0,0,0,0,0,0,0,0,0,0,0,0,0,0,0,0,0,0,0,0,0,0,0,0,0,0,0,0,0,0,0,0,0,0,0,0,0,0,0,0
 "36085","Richmond, NY",2,CAINC45,120,"...","Other income ","Thousands of dollars",0,0,0,0,0,0,0,0,0,0,0,0,0,0,0,0,0,0,0,0,0,0,0,0,0,0,0,0,0,0,0,0,0,0,0,0,0,0,0,0,0,0,0,0,0,0,0,0,0,0,0,0,0,0
 "36085","Richmond, NY",2,CAINC45,130,"..."," Government payments ","Thousands of dollars",0,0,0,0,0,0,0,0,0,0,0,0,0,0,0,0,0,0,0,0,0,0,0,0,0,0,0,0,0,0,0,0,0,0,0,0,0,0,0,0,0,0,0,0,0,0,0,0,0,0,0,0,0,0
 "36085","Richmond, NY",2,CAINC45,140,"..."," Imputed and miscellaneous income received 1/","Thousands of dollars",0,0,0,0,0,0,0,0,0,0,0,0,0,0,0,0,0,0,0,0,0,0,0,0,0,0,0,0,0,0,0,0,0,0,0,0,0,0,0,0,0,0,0,0,0,0,0,0,0,0,0,0,0,0
 "36085","Richmond, NY",2,CAINC45,150,"...","Production expenses ","Thousands of dollars",0,0,0,0,0,0,0,0,0,0,0,0,0,0,0,0,0,0,0,0,0,0,0,0,0,0,0,0,0,0,0,0,0,0,0,0,0,0,0,0,0,0,0,0,0,0,0,0,0,0,0,0,0,0
 "36085","Richmond, NY",2,CAINC45,160,"..."," Feed purchased ","Thousands of dollars",0,0,0,0,0,0,0,0,0,0,0,0,0,0,0,0,0,0,0,0,0,0,0,0,0,0,0,0,0,0,0,0,0,0,0,0,0,0,0,0,0,0,0,0,0,0,0,0,0,0,0,0,0,0
 "36085","Richmond, NY",2,CAINC45,170,"..."," Livestock purchased ","Thousands of dollars",0,0,0,0,0,0,0,0,0,0,0,0,0,0,0,0,0,0,0,0,0,0,0,0,0,0,0,0,0,0,0,0,0,0,0,0,0,0,0,0,0,0,0,0,0,0,0,0,0,0,0,0,0,0
 "36085","Richmond, NY",2,CAINC45,180,"..."," Seed purchased ","Thousands of dollars",0,0,0,0,0,0,0,0,0,0,0,0,0,0,0,0,0,0,0,0,0,0,0,0,0,0,0,0,0,0,0,0,0,0,0,0,0,0,0,0,0,0,0,0,0,0,0,0,0,0,0,0,0,0
 "36085","Richmond, NY",2,CAINC45,190,"..."," Fertilizer and lime (incl. ag. chemicals 1978-fwd.) ","Thousands of dollars",0,0,0,0,0,0,0,0,0,0,0,0,0,0,0,0,0,0,0,0,0,0,0,0,0,0,0,0,0,0,0,0,0,0,0,0,0,0,0,0,0,0,0,0,0,0,0,0,0,0,0,0,0,0
 "36085","Richmond, NY",2,CAINC45,200,"..."," Petroleum products purchased ","Thousands of dollars",0,0,0,0,0,0,0,0,0,0,0,0,0,0,0,0,0,0,0,0,0,0,0,0,0,0,0,0,0,0,0,0,0,0,0,0,0,0,0,0,0,0,0,0,0,0,0,0,0,0,0,0,0,0
 "36085","Richmond, NY",2,CAINC45,210,"..."," Hired farm labor expenses 2/","Thousands of dollars",0,0,0,0,0,0,0,0,0,0,0,0,0,0,0,0,0,0,0,0,0,0,0,0,0,0,0,0,0,0,0,0,0,0,0,0,0,0,0,0,0,0,0,0,0,0,0,0,0,0,0,0,0,0
 "36085","Richmond, NY",2,CAINC45,220,"..."," All other production expenses 3/","Thousands of dollars",0,0,0,0,0,0,0,0,0,0,0,0,0,0,0,0,0,0,0,0,0,0,0,0,0,0,0,0,0,0,0,0,0,0,0,0,0,0,0,0,0,0,0,0,0,0,0,0,0,0,0,0,0,0
 "36085","Richmond, NY",2,CAINC45,240,"...","Value of inventory change ","Thousands of dollars",0,0,0,0,0,0,0,0,0,0,0,0,0,0,0,0,0,0,0,0,0,0,0,0,0,0,0,0,0,0,0,0,0,0,0,0,0,0,0,0,0,0,0,0,0,0,0,0,0,0,0,0,0,0
 "36085","Richmond, NY",2,CAINC45,250,"..."," Value of inventory change: livestock ","Thousands of dollars",0,0,0,0,0,0,0,0,0,0,0,0,0,0,0,0,0,0,0,0,0,0,0,0,0,0,0,0,0,0,0,0,0,0,0,0,0,0,0,0,0,0,0,0,0,0,0,0,0,0,0,0,0,0
 "36085","Richmond, NY",2,CAINC45,260,"..."," Value of inventory change: crops ","Thousands of dollars",0,0,0,0,0,0,0,0,0,0,0,0,0,0,0,0,0,0,0,0,0,0,0,0,0,0,0,0,0,0,0,0,0,0,0,0,0,0,0,0,0,0,0,0,0,0,0,0,0,0,0,0,0,0
 "36085","Richmond, NY",2,CAINC45,265,"..."," Value of inventory change: materials and supplies ","Thousands of dollars",(NA),(NA),(NA),(NA),(NA),(NA),(NA),(NA),(NA),(NA),(NA),(NA),(NA),(NA),(NA),(NA),(NA),(NA),(NA),(NA),(NA),(NA),0,0,0,0,0,0,0,0,0,0,0,0,0,0,0,0,0,0,0,0,0,0,0,0,0,0,0,0,0,0,0,0
 "36085","Richmond, NY",2,CAINC45,270,"...","Cash receipts and other income ","Thousands of dollars",0,0,0,0,0,0,0,0,0,0,0,0,0,0,0,0,0,0,0,0,0,0,0,0,0,0,0,0,0,0,0,0,0,0,0,0,0,0,0,0,0,0,0,0,0,0,0,0,0,0,0,0,0,0
 "36085","Richmond, NY",2,CAINC45,280,"..."," Less: Production expenses ","Thousands of dollars",0,0,0,0,0,0,0,0,0,0,0,0,0,0,0,0,0,0,0,0,0,0,0,0,0,0,0,0,0,0,0,0,0,0,0,0,0,0,0,0,0,0,0,0,0,0,0,0,0,0,0,0,0,0
 "36085","Richmond, NY",2,CAINC45,290,"...","Equals: Realized net income ","Thousands of dollars",0,0,0,0,0,0,0,0,0,0,0,0,0,0,0,0,0,0,0,0,0,0,0,0,0,0,0,0,0,0,0,0,0,0,0,0,0,0,0,0,0,0,0,0,0,0,0,0,0,0,0,0,0,0
 "36085","Richmond, NY",2,CAINC45,300,"..."," Plus: Value of inventory change ","Thousands of dollars",0,0,0,0,0,0,0,0,0,0,0,0,0,0,0,0,0,0,0,0,0,0,0,0,0,0,0,0,0,0,0,0,0,0,0,0,0,0,0,0,0,0,0,0,0,0,0,0,0,0,0,0,0,0
 "36085","Richmond, NY",2,CAINC45,310,"...","Equals: Net income including corporate farms ","Thousands of dollars",0,0,0,0,0,0,0,0,0,0,0,0,0,0,0,0,0,0,0,0,0,0,0,0,0,0,0,0,0,0,0,0,0,0,0,0,0,0,0,0,0,0,0,0,0,0,0,0,0,0,0,0,0,0
 "36085","Richmond, NY",2,CAINC45,320,"..."," Less: Net income of corporate farms ","Thousands of dollars",0,0,0,0,0,0,0,0,0,0,0,0,0,0,0,0,0,0,0,0,0,0,0,0,0,0,0,0,0,0,0,0,0,0,0,0,0,0,0,0,0,0,0,0,0,0,0,0,0,0,0,0,0,0
 "36085","Richmond, NY",2,CAINC45,330,"..."," Plus: Statistical adjustment ","Thousands of dollars",0,0,0,0,0,0,0,0,0,0,0,0,0,0,0,0,0,0,0,0,0,0,0,0,0,0,0,0,0,0,0,0,0,0,0,0,0,0,0,0,0,0,0,0,0,0,0,0,0,0,0,0,0,0
 "36085","Richmond, NY",2,CAINC45,340,"...","Equals: Farm proprietors' income ","Thousands of dollars",0,0,0,0,0,0,0,0,0,0,0,0,0,0,0,0,0,0,0,0,0,0,0,0,0,0,0,0,0,0,0,0,0,0,0,0,0,0,0,0,0,0,0,0,0,0,0,0,0,0,0,0,0,0
 "36085","Richmond, NY",2,CAINC45,350,"..."," Plus: Farm wages and salaries ","Thousands of dollars",0,0,0,0,0,0,0,0,0,0,0,0,0,0,0,0,0,0,0,0,0,0,0,0,0,0,0,0,0,0,0,0,0,0,0,0,0,0,0,0,0,0,0,0,0,0,0,0,0,0,0,0,0,0
 "36085","Richmond, NY",2,CAINC45,360,"..."," Plus: Farm supplements to wages and salaries ","Thousands of dollars",0,0,0,0,0,0,0,0,0,0,0,0,0,0,0,0,0,0,0,0,0,0,0,0,0,0,0,0,0,0,0,0,0,0,0,0,0,0,0,0,0,0,0,0,0,0,0,0,0,0,0,0,0,0
 "36085","Richmond, NY",2,CAINC45,370,"...","Equals: Farm earnings ","Thousands of dollars",0,0,0,0,0,0,0,0,0,0,0,0,0,0,0,0,0,0,0,0,0,0,0,0,0,0,0,0,0,0,0,0,0,0,0,0,0,0,0,0,0,0,0,0,0,0,0,0,0,0,0,0,0,0
 "36087","Rockland, NY",2,CAINC45,10,"...","Cash receipts from marketings (thousands of dollars) ","Thousands of dollars",1951,1674,1595,1443,1679,1703,1622,1395,1313,1237,1408,1562,1722,1665,1573,1772,1676,1724,1892,1861,1980,1820,1872,1781,1731,1772,1824,1884,2236,2596,2680,2775,2893,3159,3022,2731,2787,2601,2344,3409,2899,2554,2355,2085,1971,2022,2038,2099,2074,2117,2154,2227,2354,2667
 "36087","Rockland, NY",2,CAINC45,20,"..."," Cash receipts: Livestock and products ","Thousands of dollars",307,274,246,231,248,233,207,165,109,82,197,213,245,270,282,324,331,314,356,314,252,170,111,41,43,33,23,10,17,35,66,99,129,150,263,265,322,418,436,387,323,229,153,71,71,84,100,69,81,89,75,81,84,121
 "36087","Rockland, NY",2,CAINC45,60,"..."," Cash receipts: Crops ","Thousands of dollars",1644,1400,1349,1212,1431,1470,1415,1230,1204,1155,1211,1349,1477,1395,1291,1448,1345,1410,1536,1547,1728,1650,1761,1740,1688,1739,1801,1874,2219,2561,2614,2676,2764,3009,2759,2466,2465,2183,1908,3022,2576,2325,2202,2014,1900,1938,1938,2030,1993,2028,2079,2146,2270,2546
 "36087","Rockland, NY",2,CAINC45,120,"...","Other income ","Thousands of dollars",15,30,44,63,92,141,165,187,182,135,137,103,65,32,34,36,37,37,33,39,45,48,51,57,47,38,30,19,12,69,134,218,155,280,329,424,340,318,393,447,451,504,395,554,630,419,261,162,227,169,297,554,323,339
 "36087","Rockland, NY",2,CAINC45,130,"..."," Government payments ","Thousands of dollars",0,0,1,1,0,0,0,0,0,0,0,0,0,0,0,0,0,0,0,0,0,0,0,0,0,0,0,0,0,0,0,0,0,0,0,0,0,0,0,3,0,1,1,0,5,14,1,0,0,0,0,411,169,1
 "36087","Rockland, NY",2,CAINC45,140,"..."," Imputed and miscellaneous income received 1/","Thousands of dollars",15,30,43,62,92,141,165,187,182,135,137,103,65,32,34,36,37,37,33,39,45,48,51,57,47,38,30,19,12,69,134,218,155,280,329,424,340,318,393,444,451,503,394,554,625,405,260,162,227,169,297,143,154,338
 "36087","Rockland, NY",2,CAINC45,150,"...","Production expenses ","Thousands of dollars",1464,1374,1336,1265,1397,1599,1500,1272,1252,1186,1235,1257,1220,1166,1285,1409,1433,1461,1577,1645,1770,1881,1867,1873,1913,1928,2006,2016,2485,2703,2711,3047,3264,3926,3307,2882,2342,2204,2222,2372,2434,2503,2526,2155,3190,3427,3153,3236,3134,3167,2847,3069,3049,3897
 "36087","Rockland, NY",2,CAINC45,160,"..."," Feed purchased ","Thousands of dollars",84,91,90,86,119,161,128,113,91,73,72,70,60,39,40,31,24,20,14,12,11,9,6,5,4,3,2,1,2,34,63,85,119,150,114,99,69,59,48,105,123,172,214,181,263,237,198,144,114,113,107,119,113,110
 "36087","Rockland, NY",2,CAINC45,170,"..."," Livestock purchased ","Thousands of dollars",31,30,30,29,32,31,21,14,6,0,8,15,22,23,21,19,14,14,17,12,12,8,5,2,3,1,0,0,0,0,1,1,2,3,3,4,7,15,10,59,147,111,92,40,40,44,31,15,3,4,4,4,4,4
 "36087","Rockland, NY",2,CAINC45,180,"..."," Seed purchased ","Thousands of dollars",52,69,88,96,143,192,154,136,118,87,75,61,44,25,21,26,24,25,25,43,58,71,91,83,104,129,163,198,290,500,563,797,928,1344,1145,827,561,396,268,234,173,127,91,40,75,93,98,122,141,134,115,129,108,194
 "36087","Rockland, NY",2,CAINC45,190,"..."," Fertilizer and lime (incl. ag. chemicals 1978-fwd.) ","Thousands of dollars",107,86,75,66,56,56,73,70,82,105,115,118,108,94,93,107,102,95,99,99,111,115,123,116,95,101,107,91,119,111,97,88,89,75,71,70,70,71,76,84,73,72,78,59,92,98,84,83,73,84,75,87,94,123
 "36087","Rockland, NY",2,CAINC45,200,"..."," Petroleum products purchased ","Thousands of dollars",68,64,64,61,67,94,107,111,122,126,126,148,137,103,93,91,77,60,53,53,54,67,66,61,60,56,61,65,83,84,85,122,128,129,114,119,117,119,127,141,110,112,128,99,159,156,113,91,91,89,88,81,91,134
 "36087","Rockland, NY",2,CAINC45,210,"..."," Hired farm labor expenses 2/","Thousands of dollars",411,371,367,339,377,409,400,314,317,270,312,345,349,411,400,410,427,399,407,426,429,476,437,405,492,499,584,625,865,854,753,852,879,1070,901,813,603,602,648,747,846,965,970,1052,1440,1392,1038,1052,881,829,661,711,662,1058
 "36087","Rockland, NY",2,CAINC45,220,"..."," All other production expenses 3/","Thousands of dollars",711,663,622,588,603,656,617,514,516,525,527,500,500,471,617,725,765,848,962,1000,1095,1135,1139,1201,1155,1139,1089,1036,1126,1120,1149,1102,1119,1155,959,950,915,942,1045,1002,962,944,953,684,1121,1407,1591,1729,1831,1914,1797,1938,1977,2274
 "36087","Rockland, NY",2,CAINC45,240,"...","Value of inventory change ","Thousands of dollars",2,10,-1,-9,-30,19,-1,-3,3,0,0,0,-16,28,-2,-10,2,2,-3,0,1,-1,-2,8,-2,12,-15,11,6,7,-27,19,-19,-54,141,100,-118,103,36,3,-1,15,-4,7,14,8,9,0,1,0,-2,2,5,0
 "36087","Rockland, NY",2,CAINC45,250,"..."," Value of inventory change: livestock ","Thousands of dollars",-3,-1,-1,-1,1,0,1,-2,-4,0,0,0,0,-1,-1,0,-3,-1,-2,-1,0,-1,0,0,0,-1,0,0,1,-1,-1,2,0,1,0,0,0,0,0,0,-1,1,0,1,0,1,2,0,0,0,0,0,0,0
 "36087","Rockland, NY",2,CAINC45,260,"..."," Value of inventory change: crops ","Thousands of dollars",5,11,0,-8,-31,19,-2,-1,7,0,0,0,-16,29,-1,-10,5,3,-1,1,1,0,0,0,0,0,0,0,0,0,0,0,0,-101,167,80,-86,89,21,0,0,0,0,0,16,0,0,0,1,0,0,0,0,0
 "36087","Rockland, NY",2,CAINC45,265,"..."," Value of inventory change: materials and supplies ","Thousands of dollars",(NA),(NA),(NA),(NA),(NA),(NA),(NA),(NA),(NA),(NA),(NA),(NA),(NA),(NA),(NA),(NA),(NA),(NA),(NA),(NA),(NA),(NA),-2,8,-2,13,-15,11,5,8,-26,17,-19,46,-26,20,-32,14,15,3,0,14,-4,6,-2,7,7,0,0,0,-2,2,5,0
 "36087","Rockland, NY",2,CAINC45,270,"...","Cash receipts and other income ","Thousands of dollars",1966,1704,1639,1506,1771,1844,1787,1582,1495,1372,1545,1665,1787,1697,1607,1808,1713,1761,1925,1900,2025,1868,1923,1838,1778,1810,1854,1903,2248,2665,2814,2993,3048,3439,3351,3155,3127,2919,2737,3856,3350,3058,2750,2639,2601,2441,2299,2261,2301,2286,2451,2781,2677,3006
 "36087","Rockland, NY",2,CAINC45,280,"..."," Less: Production expenses ","Thousands of dollars",1464,1374,1336,1265,1397,1599,1500,1272,1252,1186,1235,1257,1220,1166,1285,1409,1433,1461,1577,1645,1770,1881,1867,1873,1913,1928,2006,2016,2485,2703,2711,3047,3264,3926,3307,2882,2342,2204,2222,2372,2434,2503,2526,2155,3190,3427,3153,3236,3134,3167,2847,3069,3049,3897
 "36087","Rockland, NY",2,CAINC45,290,"...","Equals: Realized net income ","Thousands of dollars",502,330,303,241,374,245,287,310,243,186,310,408,567,531,322,399,280,300,348,255,255,-13,56,-35,-135,-118,-152,-113,-237,-38,103,-54,-216,-487,44,273,785,715,515,1484,916,555,224,484,-589,-986,-854,-975,-833,-881,-396,-288,-372,-891
 "36087","Rockland, NY",2,CAINC45,300,"..."," Plus: Value of inventory change ","Thousands of dollars",2,10,-1,-9,-30,19,-1,-3,3,0,0,0,-16,28,-2,-10,2,2,-3,0,1,-1,-2,8,-2,12,-15,11,6,7,-27,19,-19,-54,141,100,-118,103,36,3,-1,15,-4,7,14,8,9,0,1,0,-2,2,5,0
 "36087","Rockland, NY",2,CAINC45,310,"...","Equals: Net income including corporate farms ","Thousands of dollars",504,340,302,232,344,264,286,307,246,186,310,408,551,559,320,389,282,302,345,255,256,-14,54,-27,-137,-106,-167,-102,-231,-31,76,-35,-235,-541,185,373,667,818,551,1487,915,570,220,491,-575,-978,-845,-975,-832,-881,-398,-286,-367,-891
 "36087","Rockland, NY",2,CAINC45,320,"..."," Less: Net income of corporate farms ","Thousands of dollars",108,57,49,48,71,27,54,72,58,67,119,37,141,74,17,58,41,27,16,9,16,-1,3,-7,-54,-43,-89,-44,0,-23,21,-30,-168,-320,92,182,223,217,184,436,189,194,105,220,-564,-958,-828,-956,-815,-667,-390,-274,-298,-623
 "36087","Rockland, NY",2,CAINC45,330,"..."," Plus: Statistical adjustment ","Thousands of dollars",0,0,0,0,0,0,0,0,0,0,0,0,0,0,0,0,0,0,0,0,0,0,0,0,0,0,0,0,0,0,0,0,0,0,0,0,0,0,0,0,0,0,0,0,0,0,0,0,0,0,0,0,0,0
 "36087","Rockland, NY",2,CAINC45,340,"...","Equals: Farm proprietors' income ","Thousands of dollars",396,283,253,184,273,237,232,235,188,119,191,371,410,485,303,331,241,275,329,246,240,-13,51,-20,-83,-63,-78,-58,-231,-8,55,-5,-67,-221,93,191,444,601,367,1051,726,376,115,271,-11,-20,-17,-19,-17,-214,-8,-12,-69,-268
 "36087","Rockland, NY",2,CAINC45,350,"..."," Plus: Farm wages and salaries ","Thousands of dollars",376,370,377,368,478,541,493,397,348,258,304,336,347,415,394,388,389,360,357,377,373,415,379,345,423,459,566,646,744,730,651,740,750,924,760,677,500,500,541,659,749,866,850,1405,1422,1521,1235,1401,1337,1259,1007,1087,1033,1481
 "36087","Rockland, NY",2,CAINC45,360,"..."," Plus: Farm supplements to wages and salaries ","Thousands of dollars",33,36,36,37,50,55,52,52,53,45,50,48,45,44,49,48,48,43,50,51,60,70,72,68,89,100,122,123,125,126,120,141,162,169,139,123,98,100,121,208,224,249,266,370,428,435,394,431,463,365,330,330,346,549
 "36087","Rockland, NY",2,CAINC45,370,"...","Equals: Farm earnings ","Thousands of dollars",805,689,666,589,801,833,777,684,589,422,545,755,802,944,746,767,678,678,736,674,673,472,502,393,429,496,610,711,638,848,826,876,845,872,992,991,1042,1201,1029,1918,1699,1491,1231,2046,1839,1936,1612,1813,1783,1410,1329,1405,1310,1762
 "36089","St. Lawrence, NY",2,CAINC45,10,"...","Cash receipts from marketings (thousands of dollars) ","Thousands of dollars",35702,35779,35810,36140,39944,43996,50443,60562,60793,64381,75817,83091,87247,85413,89831,88074,85252,85531,88108,89074,97816,102542,94857,103257,100706,99416,97375,105228,90249,105608,104516,96347,113160,99855,100206,121679,122307,107766,139652,149238,115939,147201,184048,182376,207486,245299,188021,181426,193602,184729,203698,198044,217696,291854
 "36089","St. Lawrence, NY",2,CAINC45,20,"..."," Cash receipts: Livestock and products ","Thousands of dollars",34166,34152,34177,34655,37675,40924,44500,53018,54586,62573,74042,81086,84998,83335,87247,85134,82501,81315,82924,83480,92500,97251,89371,97474,95461,93515,91350,98977,85597,100582,99581,90222,107002,90193,87963,108988,110162,94027,125155,128567,95008,125987,159835,153611,169059,209680,156213,150329,164988,153218,170977,163476,177484,245822
 "36089","St. Lawrence, NY",2,CAINC45,60,"..."," Cash receipts: Crops ","Thousands of dollars",1536,1627,1633,1485,2269,3072,5943,7544,6207,1808,1775,2005,2249,2078,2584,2940,2751,4216,5184,5594,5316,5291,5486,5783,5245,5901,6025,6251,4652,5026,4935,6125,6158,9662,12243,12691,12145,13739,14497,20671,20931,21214,24213,28765,38427,35619,31808,31097,28614,31511,32721,34568,40212,46032
 "36089","St. Lawrence, NY",2,CAINC45,120,"...","Other income ","Thousands of dollars",1182,1102,1097,1180,1315,1567,1538,1589,1583,3287,2744,2566,2760,3166,3508,5129,3946,4304,5904,4084,4429,3247,3096,3174,3518,3353,3624,3233,3744,5269,7030,9805,4465,11254,10202,7491,7490,7803,5491,7625,12570,8522,7223,11469,12301,9377,7566,5817,8193,8021,12720,28494,16560,15147
 "36089","St. Lawrence, NY",2,CAINC45,130,"..."," Government payments ","Thousands of dollars",311,224,228,272,130,168,222,143,185,1558,515,170,259,378,715,2237,956,1520,3443,1554,1850,801,759,733,1001,764,938,917,750,2369,3497,5339,1619,7014,5927,2586,3820,4559,1780,1943,6139,2094,1199,3369,1779,228,1223,956,1124,2738,3181,21282,7573,1438
 "36089","St. Lawrence, NY",2,CAINC45,140,"..."," Imputed and miscellaneous income received 1/","Thousands of dollars",871,878,869,908,1185,1399,1316,1446,1398,1729,2229,2396,2501,2788,2793,2892,2990,2784,2461,2530,2579,2446,2337,2441,2517,2589,2686,2316,2994,2900,3533,4466,2846,4240,4275,4905,3670,3244,3711,5682,6431,6428,6024,8100,10522,9149,6343,4861,7069,5283,9539,7212,8987,13709
 "36089","St. Lawrence, NY",2,CAINC45,150,"...","Production expenses ","Thousands of dollars",24849,25584,25976,25944,31389,39731,44510,50511,55164,60001,72364,81537,89614,87103,91377,87562,78795,75554,74595,77292,86068,89815,89591,91363,91604,95214,99024,95265,97750,104636,107627,108144,117380,126012,108294,112261,103394,108832,119956,129964,123736,124900,129400,147427,150950,164820,157514,154977,154301,157656,147467,158954,158433,185927
 "36089","St. Lawrence, NY",2,CAINC45,160,"..."," Feed purchased ","Thousands of dollars",7536,8150,8053,7663,10603,14390,14458,17532,17711,18454,21423,25211,26677,21792,24679,21658,19445,19353,17986,19471,22443,22867,22828,23515,22295,20873,22217,21030,23954,26095,25024,23154,24949,25994,21872,22196,17436,18459,20848,26297,23005,26522,28754,33108,36289,38022,38167,35170,38802,38408,36632,40380,38539,37487
 "36089","St. Lawrence, NY",2,CAINC45,170,"..."," Livestock purchased ","Thousands of dollars",1275,1369,1443,1529,1858,1923,2062,2479,2607,3103,5075,4471,4469,3329,3221,3063,2438,2619,3557,2901,4164,4582,4529,4643,6078,6018,6893,5913,4340,5234,6293,5160,7305,6025,3147,3897,5079,5093,3738,2863,3355,2978,3350,3355,3087,4397,2779,3241,3182,4019,4301,4530,4828,4452
 "36089","St. Lawrence, NY",2,CAINC45,180,"..."," Seed purchased ","Thousands of dollars",256,274,304,304,428,546,596,770,874,883,936,1001,1034,928,791,997,925,936,949,1213,1343,1398,1599,1369,1248,1354,1481,1624,1637,1744,1474,1704,1707,2196,2348,2259,2047,2180,2783,3096,3000,2988,3187,3849,4090,4497,4311,4902,5292,5028,4313,4843,4049,7292
 "36089","St. Lawrence, NY",2,CAINC45,190,"..."," Fertilizer and lime (incl. ag. chemicals 1978-fwd.) ","Thousands of dollars",735,733,809,875,1055,1618,1954,1773,1935,2236,2656,2932,2913,2739,2653,3000,2804,2537,2597,2642,3024,3153,3444,3269,2892,3523,4034,3591,3935,3944,3722,3732,4160,3869,3825,4070,4107,4362,4759,5504,4965,5023,5626,6722,7161,7801,6815,6895,6275,7234,6458,7451,8061,10512
 "36089","St. Lawrence, NY",2,CAINC45,200,"..."," Petroleum products purchased ","Thousands of dollars",1082,1011,1011,954,1040,1458,1844,2237,2472,2545,3216,4604,5123,4651,4221,4142,3524,2739,2400,2381,2430,3036,2993,2851,2855,2833,3089,3314,3244,3026,2863,3894,3839,3670,3890,4824,5282,6024,7243,8410,6820,7204,8453,10035,11102,11291,8514,7196,7716,7604,7505,6895,7752,11388
 "36089","St. Lawrence, NY",2,CAINC45,210,"..."," Hired farm labor expenses 2/","Thousands of dollars",2141,2027,2074,1996,2301,2581,3359,3664,4444,4379,5009,5390,5513,6351,6084,6175,6205,5600,5560,6220,6778,7770,7636,7382,8180,8674,9950,9782,10281,11868,11480,13579,15083,19490,15738,15574,11860,12666,14155,14065,14321,13593,12760,17452,17727,19387,16528,18501,17004,15908,13653,14370,13094,20353
 "36089","St. Lawrence, NY",2,CAINC45,220,"..."," All other production expenses 3/","Thousands of dollars",11824,12020,12282,12623,14104,17215,20237,22056,25121,28401,34049,37928,43885,47313,49728,48527,43454,41770,41546,42464,45886,47009,46562,48334,48056,51939,51360,50011,50359,52725,56771,56921,60337,64768,57474,59441,57583,60048,66430,69729,68270,66592,67270,72906,71494,79425,80400,79072,76030,79455,74605,80485,82110,94443
 "36089","St. Lawrence, NY",2,CAINC45,240,"...","Value of inventory change ","Thousands of dollars",-639,-357,-160,-297,544,1805,524,24,-2358,-271,3260,2631,3816,2277,242,-1339,-2512,-2036,-3272,-6690,-549,237,-539,-519,-867,701,-1469,2411,-2010,-1592,-1296,-3771,1784,4392,-1008,-852,-2913,2340,1982,-2535,-508,336,-428,-1894,5386,-2351,-716,149,-591,-1274,-3272,-5397,4208,-3574
 "36089","St. Lawrence, NY",2,CAINC45,250,"..."," Value of inventory change: livestock ","Thousands of dollars",-447,-257,-274,-10,466,1538,595,-934,-1878,-1233,2858,2091,4731,2105,723,-1342,-2687,-2358,-2652,-4533,-247,410,386,26,-929,-1865,1283,1214,-2442,-920,-8,-3990,552,3412,-1546,-496,-639,1298,1134,-3985,1690,-442,502,-614,3026,-654,1480,2516,-1123,-1621,538,-1999,-10,523
 "36089","St. Lawrence, NY",2,CAINC45,260,"..."," Value of inventory change: crops ","Thousands of dollars",-192,-100,114,-287,78,267,-71,958,-480,962,402,540,-915,172,-481,3,175,322,-620,-2157,-302,-173,-616,-1560,307,1245,-1274,135,1,-1133,-137,-402,1807,-253,1360,-1157,-763,103,-140,1164,-2185,-576,-532,-1871,2527,-2518,-2993,-2305,488,304,-3460,-3734,3427,-4128
 "36089","St. Lawrence, NY",2,CAINC45,265,"..."," Value of inventory change: materials and supplies ","Thousands of dollars",(NA),(NA),(NA),(NA),(NA),(NA),(NA),(NA),(NA),(NA),(NA),(NA),(NA),(NA),(NA),(NA),(NA),(NA),(NA),(NA),(NA),(NA),-309,1015,-245,1321,-1478,1062,431,461,-1151,621,-575,1233,-822,801,-1511,939,988,286,-13,1354,-398,591,-167,821,797,-62,44,43,-350,336,791,31
 "36089","St. Lawrence, NY",2,CAINC45,270,"...","Cash receipts and other income ","Thousands of dollars",36884,36881,36907,37320,41259,45563,51981,62151,62376,67668,78561,85657,90007,88579,93339,93203,89198,89835,94012,93158,102245,105789,97953,106431,104224,102769,100999,108461,93993,110877,111546,106152,117625,111109,110408,129170,129797,115569,145143,156863,128509,155723,191271,193845,219787,254676,195587,187243,201795,192750,216418,226538,234256,307001
 "36089","St. Lawrence, NY",2,CAINC45,280,"..."," Less: Production expenses ","Thousands of dollars",24849,25584,25976,25944,31389,39731,44510,50511,55164,60001,72364,81537,89614,87103,91377,87562,78795,75554,74595,77292,86068,89815,89591,91363,91604,95214,99024,95265,97750,104636,107627,108144,117380,126012,108294,112261,103394,108832,119956,129964,123736,124900,129400,147427,150950,164820,157514,154977,154301,157656,147467,158954,158433,185927
 "36089","St. Lawrence, NY",2,CAINC45,290,"...","Equals: Realized net income ","Thousands of dollars",12035,11297,10931,11376,9870,5832,7471,11640,7212,7667,6197,4120,393,1476,1962,5641,10403,14281,19417,15866,16177,15974,8362,15068,12620,7555,1975,13196,-3757,6241,3919,-1992,245,-14903,2114,16909,26403,6737,25187,26899,4773,30823,61871,46418,68837,89856,38073,32266,47494,35094,68951,67584,75823,121074
 "36089","St. Lawrence, NY",2,CAINC45,300,"..."," Plus: Value of inventory change ","Thousands of dollars",-639,-357,-160,-297,544,1805,524,24,-2358,-271,3260,2631,3816,2277,242,-1339,-2512,-2036,-3272,-6690,-549,237,-539,-519,-867,701,-1469,2411,-2010,-1592,-1296,-3771,1784,4392,-1008,-852,-2913,2340,1982,-2535,-508,336,-428,-1894,5386,-2351,-716,149,-591,-1274,-3272,-5397,4208,-3574
 "36089","St. Lawrence, NY",2,CAINC45,310,"...","Equals: Net income including corporate farms ","Thousands of dollars",11396,10940,10771,11079,10414,7637,7995,11664,4854,7396,9457,6751,4209,3753,2204,4302,7891,12245,16145,9176,15628,16211,7823,14549,11753,8256,506,15607,-5767,4649,2623,-5763,2029,-10511,1106,16057,23490,9077,27169,24364,4265,31159,61443,44524,74223,87505,37357,32415,46903,33820,65679,62187,80031,117500
 "36089","St. Lawrence, NY",2,CAINC45,320,"..."," Less: Net income of corporate farms ","Thousands of dollars",39,39,47,80,94,43,44,50,14,22,40,9,18,10,3,19,43,61,84,37,106,125,46,74,48,57,3,160,-67,81,53,-477,127,-847,76,1129,1107,285,898,634,71,787,2017,1287,2733,4287,1037,2576,3566,5372,7141,7371,11819,20042
 "36089","St. Lawrence, NY",2,CAINC45,330,"..."," Plus: Statistical adjustment ","Thousands of dollars",1,1,1,1,0,0,0,-1,0,0,0,0,1,-1,0,1,1,1,0,0,-1,0,0,1,1,-1,-1,0,0,0,0,0,-1,0,0,-1,-1,0,0,0,0,0,-1,0,0,0,0,0,0,0,0,1,0,0
 "36089","St. Lawrence, NY",2,CAINC45,340,"...","Equals: Farm proprietors' income ","Thousands of dollars",11358,10902,10725,11000,10320,7594,7951,11613,4840,7374,9417,6742,4192,3742,2201,4284,7849,12185,16061,9139,15521,16086,7777,14476,11706,8198,502,15447,-5700,4568,2570,-5286,1901,-9664,1030,14927,22382,8792,26271,23730,4194,30372,59425,43237,71490,83218,36320,29839,43337,28448,58538,54817,68212,97458
 "36089","St. Lawrence, NY",2,CAINC45,350,"..."," Plus: Farm wages and salaries ","Thousands of dollars",1759,1720,1735,1654,1934,2200,2751,2930,3504,3573,4134,4522,4565,5412,5100,4999,4952,4490,4405,4947,5219,6075,5889,5707,6184,6038,6769,7046,7431,8251,8142,10110,11027,14525,12317,11320,8660,8991,10141,9747,9422,9659,8637,13266,13399,14344,11651,13231,12629,11882,9461,10232,9715,13875
 "36089","St. Lawrence, NY",2,CAINC45,360,"..."," Plus: Farm supplements to wages and salaries ","Thousands of dollars",208,213,229,223,262,306,327,370,430,433,547,613,605,651,700,677,691,681,696,752,972,1206,1298,1306,1475,1499,1596,1464,1397,1531,1570,1948,2343,2559,2213,2053,1739,1896,2571,3210,2859,2750,2630,3325,3847,3911,3577,3907,4212,3303,2984,2971,3131,5056
 "36089","St. Lawrence, NY",2,CAINC45,370,"...","Equals: Farm earnings ","Thousands of dollars",13325,12835,12689,12877,12516,10100,11029,14913,8774,11380,14098,11877,9362,9805,8001,9960,13492,17356,21162,14838,21712,23367,14964,21489,19365,15735,8867,23957,3128,14350,12282,6772,15271,7420,15560,28300,32781,19679,38983,36687,16475,42781,70692,59828,88736,101473,51548,46977,60178,43633,70983,68020,81058,116389
 "36091","Saratoga, NY",2,CAINC45,10,"...","Cash receipts from marketings (thousands of dollars) ","Thousands of dollars",9541,9516,9586,9692,11432,12691,13466,15402,15297,16952,19998,21710,22520,21599,22741,23570,23379,24027,25074,25412,26886,26987,25688,26739,27259,27705,28742,31767,29808,37777,36251,34217,36832,34237,33147,38416,38516,36207,56840,67711,57411,68550,82847,86090,87281,98357,81920,74661,77659,74536,79406,78801,85398,110971
 "36091","Saratoga, NY",2,CAINC45,20,"..."," Cash receipts: Livestock and products ","Thousands of dollars",7622,7618,7600,7809,8808,9559,9880,11307,11191,12517,15289,16760,17500,17182,18560,18780,18367,18417,18780,18326,19548,19909,18091,18627,20413,20429,21026,23631,21892,29472,27848,25129,28022,24116,22710,27322,27114,23615,42574,47100,38124,49610,63055,65455,67291,79170,63907,56281,59934,57433,61796,60066,64667,87767
 "36091","Saratoga, NY",2,CAINC45,60,"..."," Cash receipts: Crops ","Thousands of dollars",1919,1898,1986,1883,2624,3132,3586,4095,4106,4435,4709,4950,5020,4417,4181,4790,5012,5610,6294,7086,7338,7078,7597,8112,6846,7276,7716,8136,7916,8305,8403,9088,8810,10121,10437,11094,11402,12592,14266,20611,19287,18940,19792,20635,19990,19187,18013,18380,17725,17103,17610,18735,20731,23204
 "36091","Saratoga, NY",2,CAINC45,120,"...","Other income ","Thousands of dollars",445,439,402,475,515,585,607,604,582,709,812,855,924,1089,1457,2187,1782,2016,2261,1877,1474,1343,1176,1085,1282,1084,1293,1113,1370,2547,4490,6978,4453,8156,7754,7868,6209,5555,5456,6627,8628,9907,9244,15030,17237,14596,11255,8035,12622,10129,18748,19875,10632,19171
 "36091","Saratoga, NY",2,CAINC45,130,"..."," Government payments ","Thousands of dollars",214,181,123,165,91,35,74,43,67,164,81,46,49,77,415,1067,574,866,1269,893,510,470,385,299,460,226,392,326,340,476,1022,1667,810,1735,1527,939,1258,1355,725,663,1458,486,408,862,575,64,161,65,47,529,1142,11573,3553,480
 "36091","Saratoga, NY",2,CAINC45,140,"..."," Imputed and miscellaneous income received 1/","Thousands of dollars",231,258,279,310,424,550,533,561,515,545,731,809,875,1012,1042,1120,1208,1150,992,984,964,873,791,786,822,858,901,787,1030,2071,3468,5311,3643,6421,6227,6929,4951,4200,4731,5964,7170,9421,8836,14168,16662,14532,11094,7970,12575,9600,17606,8302,7079,18691
 "36091","Saratoga, NY",2,CAINC45,150,"...","Production expenses ","Thousands of dollars",6943,7236,7530,7683,9299,11770,12787,13699,14577,15378,17756,19396,20682,20016,21799,22442,21385,21417,22531,22824,24950,25870,25484,25324,26963,28852,29961,31405,35525,36417,35846,35567,36993,39147,38052,42174,42940,49399,60681,66820,65178,67927,71310,85371,84895,90837,83926,81564,79001,80820,74543,80468,80285,95657
 "36091","Saratoga, NY",2,CAINC45,160,"..."," Feed purchased ","Thousands of dollars",1566,1716,1713,1643,2289,3124,2887,3232,3026,2929,3411,4025,4269,3496,4059,3659,3376,3458,3312,3516,3978,3986,3919,3982,4055,4031,4395,4678,6271,6942,6760,6346,6934,7322,6728,7245,6387,7379,9104,12143,11089,13230,14748,17377,18425,18632,18004,15925,16812,16642,15873,17497,16699,16243
 "36091","Saratoga, NY",2,CAINC45,170,"..."," Livestock purchased ","Thousands of dollars",490,472,452,437,490,470,450,492,475,524,870,779,792,601,736,843,781,955,1452,1226,1773,1986,2038,2063,2613,2241,2206,1557,930,1088,1047,715,754,490,292,413,631,792,1003,1038,1584,1671,2229,2856,2568,3693,2663,2988,3021,3942,4059,4358,4592,4150
 "36091","Saratoga, NY",2,CAINC45,180,"..."," Seed purchased ","Thousands of dollars",157,161,174,170,234,295,337,450,524,539,555,578,581,509,412,492,432,412,394,503,557,579,661,564,586,687,788,975,1200,1298,1110,1298,1313,1705,1702,1493,1301,1302,1563,1700,1614,1579,1656,1975,2019,2139,1979,2174,2274,2160,1853,2081,1740,3134
 "36091","Saratoga, NY",2,CAINC45,190,"..."," Fertilizer and lime (incl. ag. chemicals 1978-fwd.) ","Thousands of dollars",412,415,462,508,591,850,1067,1040,1127,1356,1629,1818,1823,1729,1611,1748,1564,1350,1313,1286,1422,1435,1519,1398,1276,1573,1780,1713,2152,2051,1836,1740,1826,1594,1693,1867,2041,2271,2583,2883,2521,2480,2707,3160,3365,3665,3201,3237,2945,3395,3031,3497,3783,4933
 "36091","Saratoga, NY",2,CAINC45,200,"..."," Petroleum products purchased ","Thousands of dollars",262,261,275,271,307,444,568,695,772,798,938,1273,1357,1192,1119,1142,1020,841,797,794,814,1021,1009,963,1007,1023,1113,1304,1474,1336,1230,1627,1561,1453,1645,2077,2412,2819,3455,3914,3106,3218,3711,4335,4874,5044,3876,3344,3665,3612,3565,3275,3682,5409
 "36091","Saratoga, NY",2,CAINC45,210,"..."," Hired farm labor expenses 2/","Thousands of dollars",1028,992,1032,1009,1184,1347,1595,1618,1839,1726,1887,1947,1889,2098,2231,2488,2734,2700,2932,3134,3280,3643,3453,3222,3596,3701,4050,4298,5077,5088,4467,4978,5167,6262,6523,7626,7165,8941,11979,11463,11453,11386,10502,15440,15380,16372,13655,15266,14352,13520,10905,11725,10985,17156
 "36091","Saratoga, NY",2,CAINC45,220,"..."," All other production expenses 3/","Thousands of dollars",3028,3219,3422,3645,4204,5240,5883,6172,6814,7506,8466,8976,9971,10391,11631,12070,11478,11701,12331,12365,13126,13220,12885,13132,13830,15596,15629,16880,18421,18614,19396,18863,19438,20321,19469,21453,23003,25895,30994,33679,33811,34363,35757,40228,38264,41292,40548,38630,35932,37549,35257,38035,38804,44632
 "36091","Saratoga, NY",2,CAINC45,240,"...","Value of inventory change ","Thousands of dollars",-111,-7,-44,-181,132,655,180,-89,-369,11,725,539,961,367,-223,-237,-427,-488,-598,-1752,-126,88,-65,-72,-215,594,-477,490,-171,-230,-350,-822,304,356,640,385,-1454,1169,884,-403,-381,342,-502,-308,1213,-462,-42,-125,-342,-450,-925,-1438,899,-1188
 "36091","Saratoga, NY",2,CAINC45,250,"..."," Value of inventory change: livestock ","Thousands of dollars",-77,-47,-53,-13,83,273,101,-180,-346,-249,496,395,822,330,135,-242,-634,-523,-490,-797,-36,44,53,7,-133,-292,204,170,-437,-167,14,-776,67,669,-309,-48,-163,279,290,-941,353,-65,143,-64,769,-110,522,659,-349,-471,215,-558,-23,177
 "36091","Saratoga, NY",2,CAINC45,260,"..."," Value of inventory change: crops ","Thousands of dollars",-34,40,9,-168,49,382,79,91,-23,260,229,144,139,37,-358,5,207,35,-108,-955,-90,44,-48,-301,-24,540,-264,-4,126,-214,13,-249,426,-719,1246,121,-662,477,137,403,-728,-258,-447,-542,526,-746,-937,-756,-13,2,-985,-1029,572,-1379
 "36091","Saratoga, NY",2,CAINC45,265,"..."," Value of inventory change: materials and supplies ","Thousands of dollars",(NA),(NA),(NA),(NA),(NA),(NA),(NA),(NA),(NA),(NA),(NA),(NA),(NA),(NA),(NA),(NA),(NA),(NA),(NA),(NA),(NA),(NA),-70,222,-58,346,-417,324,140,151,-377,203,-189,406,-297,312,-629,413,457,135,-6,665,-198,298,-82,394,373,-28,20,19,-155,149,350,14
 "36091","Saratoga, NY",2,CAINC45,270,"...","Cash receipts and other income ","Thousands of dollars",9986,9955,9988,10167,11947,13276,14073,16006,15879,17661,20810,22565,23444,22688,24198,25757,25161,26043,27335,27289,28360,28330,26864,27824,28541,28789,30035,32880,31178,40324,40741,41195,41285,42393,40901,46284,44725,41762,62296,74338,66039,78457,92091,101120,104518,112953,93175,82696,90281,84665,98154,98676,96030,130142
 "36091","Saratoga, NY",2,CAINC45,280,"..."," Less: Production expenses ","Thousands of dollars",6943,7236,7530,7683,9299,11770,12787,13699,14577,15378,17756,19396,20682,20016,21799,22442,21385,21417,22531,22824,24950,25870,25484,25324,26963,28852,29961,31405,35525,36417,35846,35567,36993,39147,38052,42174,42940,49399,60681,66820,65178,67927,71310,85371,84895,90837,83926,81564,79001,80820,74543,80468,80285,95657
 "36091","Saratoga, NY",2,CAINC45,290,"...","Equals: Realized net income ","Thousands of dollars",3043,2719,2458,2484,2648,1506,1286,2307,1302,2283,3054,3169,2762,2672,2399,3315,3776,4626,4804,4465,3410,2460,1380,2500,1578,-63,74,1475,-4347,3907,4895,5628,4292,3246,2849,4110,1785,-7637,1615,7518,861,10530,20781,15749,19623,22116,9249,1132,11280,3845,23611,18208,15745,34485
 "36091","Saratoga, NY",2,CAINC45,300,"..."," Plus: Value of inventory change ","Thousands of dollars",-111,-7,-44,-181,132,655,180,-89,-369,11,725,539,961,367,-223,-237,-427,-488,-598,-1752,-126,88,-65,-72,-215,594,-477,490,-171,-230,-350,-822,304,356,640,385,-1454,1169,884,-403,-381,342,-502,-308,1213,-462,-42,-125,-342,-450,-925,-1438,899,-1188
 "36091","Saratoga, NY",2,CAINC45,310,"...","Equals: Net income including corporate farms ","Thousands of dollars",2932,2712,2414,2303,2780,2161,1466,2218,933,2294,3779,3708,3723,3039,2176,3078,3349,4138,4206,2713,3284,2548,1315,2428,1363,531,-403,1965,-4518,3677,4545,4806,4596,3602,3489,4495,331,-6468,2499,7115,480,10872,20279,15441,20836,21654,9207,1007,10938,3395,22686,16770,16644,33297
 "36091","Saratoga, NY",2,CAINC45,320,"..."," Less: Net income of corporate farms ","Thousands of dollars",65,45,36,42,44,14,23,47,20,80,127,26,66,24,9,49,74,93,107,57,124,117,49,249,115,71,-101,398,-1059,466,418,548,756,793,701,1069,65,-2482,548,1209,52,1742,4161,2750,3125,3195,605,155,1355,879,4019,3240,4006,9255
 "36091","Saratoga, NY",2,CAINC45,330,"..."," Plus: Statistical adjustment ","Thousands of dollars",0,0,0,0,0,0,0,0,0,0,0,0,0,0,0,0,0,0,0,0,0,0,0,0,0,0,0,0,0,0,0,0,0,0,0,0,0,0,0,0,0,0,0,0,0,0,0,0,0,0,0,0,0,0
 "36091","Saratoga, NY",2,CAINC45,340,"...","Equals: Farm proprietors' income ","Thousands of dollars",2867,2667,2378,2261,2736,2147,1443,2171,913,2214,3652,3682,3657,3015,2167,3029,3275,4045,4099,2656,3160,2431,1266,2179,1248,460,-302,1567,-3459,3211,4127,4258,3840,2809,2788,3426,266,-3986,1951,5906,428,9130,16118,12691,17711,18459,8602,852,9583,2516,18667,13530,12638,24042
 "36091","Saratoga, NY",2,CAINC45,350,"..."," Plus: Farm wages and salaries ","Thousands of dollars",892,869,876,830,967,1086,1264,1267,1437,1422,1584,1676,1673,1912,1976,2113,2271,2249,2378,2538,2554,2852,2647,2463,2825,2903,3419,3739,4128,4019,3550,4011,4038,4927,5460,6246,5750,7037,9232,9032,8879,9232,8370,13001,13116,14050,11415,12968,12380,11647,9251,10014,9505,13549
 "36091","Saratoga, NY",2,CAINC45,360,"..."," Plus: Farm supplements to wages and salaries ","Thousands of dollars",91,93,104,99,119,140,157,177,209,205,228,231,215,212,253,265,288,300,342,354,430,517,548,537,645,692,781,756,755,741,693,795,893,919,998,1115,1099,1391,2148,2769,2540,2533,2471,3175,3669,3741,3438,3761,4054,3171,2860,2842,3002,4889
 "36091","Saratoga, NY",2,CAINC45,370,"...","Equals: Farm earnings ","Thousands of dollars",3850,3629,3358,3190,3822,3373,2864,3615,2559,3841,5464,5589,5545,5139,4396,5407,5834,6594,6819,5548,6144,5800,4461,5179,4718,4055,3898,6062,1424,7971,8370,9064,8771,8655,9246,10787,7115,4442,13331,17707,11847,20895,26959,28867,34496,36250,23455,17581,26017,17334,30778,26386,25145,42480
 "36093","Schenectady, NY",2,CAINC45,10,"...","Cash receipts from marketings (thousands of dollars) ","Thousands of dollars",3522,3273,3051,3025,3626,3697,3725,4059,3804,3863,4647,5081,5377,4979,4589,4553,4104,4036,3894,5835,8487,10134,11176,15223,12447,14269,14255,14346,5940,6344,6399,6915,7070,4314,4108,4495,4635,4804,3598,4422,3835,4076,4264,4504,4839,5381,5008,5163,5397,5498,5743,5772,6134,7343
 "36093","Schenectady, NY",2,CAINC45,20,"..."," Cash receipts: Livestock and products ","Thousands of dollars",2914,2617,2333,2275,2643,2545,2412,2586,2384,2506,3195,3304,3384,3080,2816,2662,2410,2162,1921,1810,1999,2071,1908,1918,1886,2042,1827,2143,1805,1716,1719,1719,1961,1572,1501,1781,1833,1656,819,902,740,985,1276,1274,1531,2045,1724,1770,2056,1971,2126,2064,2205,2911
 "36093","Schenectady, NY",2,CAINC45,60,"..."," Cash receipts: Crops ","Thousands of dollars",608,656,718,750,983,1152,1313,1473,1420,1357,1452,1777,1993,1899,1773,1891,1694,1874,1973,4025,6488,8063,9268,13305,10561,12227,12428,12203,4135,4628,4680,5196,5109,2742,2607,2714,2802,3148,2779,3520,3095,3091,2988,3230,3308,3336,3284,3393,3341,3527,3617,3708,3929,4432
 "36093","Schenectady, NY",2,CAINC45,120,"...","Other income ","Thousands of dollars",173,165,141,150,168,178,170,187,177,211,215,214,207,207,307,424,361,355,404,397,347,300,283,259,261,210,228,172,143,264,486,716,501,866,901,942,722,640,710,763,833,920,720,1099,1329,1336,960,725,1168,884,1642,1168,1048,1776
 "36093","Schenectady, NY",2,CAINC45,130,"..."," Government payments ","Thousands of dollars",73,63,41,45,33,20,23,33,32,71,41,30,24,24,89,172,73,55,102,100,59,43,52,38,66,38,78,59,34,41,122,167,116,204,222,150,130,119,101,100,119,113,31,112,58,11,20,30,46,70,76,410,253,47
 "36093","Schenectady, NY",2,CAINC45,140,"..."," Imputed and miscellaneous income received 1/","Thousands of dollars",100,102,100,105,135,158,147,154,145,140,174,184,183,183,218,252,288,300,302,297,288,257,231,221,195,172,150,113,109,223,364,549,385,662,679,792,592,521,609,663,714,807,689,987,1271,1325,940,695,1122,814,1566,758,795,1729
 "36093","Schenectady, NY",2,CAINC45,150,"...","Production expenses ","Thousands of dollars",2707,2661,2602,2512,2956,3579,3597,3689,3611,3930,4557,4989,5238,5096,5167,4886,4284,3957,3804,5550,7639,9691,11024,12920,11793,11023,10009,8587,6918,6437,5824,5413,5155,4949,4387,4548,4463,4808,5412,5906,5367,5138,5057,5521,6049,7119,7279,7736,8053,8219,7535,8119,8151,9964
 "36093","Schenectady, NY",2,CAINC45,160,"..."," Feed purchased ","Thousands of dollars",935,890,785,673,847,1053,928,1005,878,879,952,1046,1032,789,860,724,620,583,509,526,580,568,545,543,523,498,540,517,602,633,586,523,544,546,467,469,385,417,481,552,443,473,478,517,615,696,753,746,880,871,831,916,874,850
 "36093","Schenectady, NY",2,CAINC45,170,"..."," Livestock purchased ","Thousands of dollars",235,216,198,182,194,175,146,139,113,117,204,191,202,160,136,113,76,69,75,67,111,135,147,152,193,203,204,183,127,115,132,112,143,107,59,77,115,142,47,35,51,44,50,52,52,78,55,68,70,90,94,100,106,93
 "36093","Schenectady, NY",2,CAINC45,180,"..."," Seed purchased ","Thousands of dollars",72,69,70,65,87,105,95,104,98,92,89,87,81,65,53,64,57,56,53,118,179,230,305,295,270,294,323,358,364,346,261,270,243,278,279,246,216,217,264,277,254,240,245,286,281,285,252,265,266,253,217,244,204,367
 "36093","Schenectady, NY",2,CAINC45,190,"..."," Fertilizer and lime (incl. ag. chemicals 1978-fwd.) ","Thousands of dollars",78,73,78,81,94,134,152,136,136,168,189,198,189,169,165,189,178,162,169,201,261,301,358,365,280,292,281,206,178,193,196,211,251,249,215,194,173,157,143,167,151,154,173,209,247,296,282,309,303,350,312,360,390,509
 "36093","Schenectady, NY",2,CAINC45,200,"..."," Petroleum products purchased ","Thousands of dollars",87,84,86,82,91,129,161,195,208,231,254,326,332,278,251,244,207,159,139,143,150,193,196,191,207,220,254,288,298,286,279,388,392,382,367,411,434,470,541,554,397,372,386,406,473,507,404,362,411,405,400,367,413,607
 "36093","Schenectady, NY",2,CAINC45,210,"..."," Hired farm labor expenses 2/","Thousands of dollars",325,329,356,362,442,526,532,470,452,408,481,529,407,437,389,370,342,279,274,1018,1765,2763,3290,3793,3496,2900,2604,2094,1631,1391,1033,926,768,704,588,594,495,512,581,497,493,462,411,569,778,1044,1052,1363,1465,1381,1109,1199,1132,1750
 "36093","Schenectady, NY",2,CAINC45,220,"..."," All other production expenses 3/","Thousands of dollars",975,1000,1029,1067,1201,1457,1583,1640,1726,2035,2388,2612,2995,3198,3313,3182,2804,2649,2585,3477,4593,5501,6183,7581,6824,6616,5803,4941,3718,3473,3337,2983,2814,2683,2412,2557,2645,2893,3355,3824,3578,3393,3314,3482,3603,4213,4481,4623,4658,4869,4572,4933,5032,5788
 "36093","Schenectady, NY",2,CAINC45,240,"...","Value of inventory change ","Thousands of dollars",-19,-41,-14,-36,30,78,18,-6,-91,5,139,116,181,54,-51,-25,-133,-87,-101,-230,-30,-4,-29,-45,-24,77,-118,65,-31,-67,-52,-65,78,94,71,-105,-147,83,49,-40,-38,24,10,-49,188,-75,-57,-31,98,3,-126,-217,347,-53
 "36093","Schenectady, NY",2,CAINC45,250,"..."," Value of inventory change: livestock ","Thousands of dollars",-20,-14,-15,-14,19,52,15,-43,-72,-46,98,86,191,56,19,-26,-140,-88,-75,-105,-7,6,9,1,-16,-40,16,14,-51,-19,1,-70,4,78,-33,-6,-18,31,24,-90,38,-6,1,-6,37,-3,20,35,-11,-30,17,-39,1,10
 "36093","Schenectady, NY",2,CAINC45,260,"..."," Value of inventory change: crops ","Thousands of dollars",1,-27,1,-22,11,26,3,37,-19,51,41,30,-10,-2,-70,1,7,1,-26,-125,-23,-10,-25,-89,2,61,-73,7,2,-67,-7,-20,97,-32,135,-129,-73,18,-4,41,-76,-8,19,-58,155,-94,-100,-64,108,32,-132,-189,321,-64
 "36093","Schenectady, NY",2,CAINC45,265,"..."," Value of inventory change: materials and supplies ","Thousands of dollars",(NA),(NA),(NA),(NA),(NA),(NA),(NA),(NA),(NA),(NA),(NA),(NA),(NA),(NA),(NA),(NA),(NA),(NA),(NA),(NA),(NA),(NA),-13,43,-10,56,-61,44,18,19,-46,25,-23,48,-31,30,-56,34,29,9,0,38,-10,15,-4,22,23,-2,1,1,-11,11,25,1
 "36093","Schenectady, NY",2,CAINC45,270,"...","Cash receipts and other income ","Thousands of dollars",3695,3438,3192,3175,3794,3875,3895,4246,3981,4074,4862,5295,5584,5186,4896,4977,4465,4391,4298,6232,8834,10434,11459,15482,12708,14479,14483,14518,6083,6608,6885,7631,7571,5180,5009,5437,5357,5444,4308,5185,4668,4996,4984,5603,6168,6717,5968,5888,6565,6382,7385,6940,7182,9119
 "36093","Schenectady, NY",2,CAINC45,280,"..."," Less: Production expenses ","Thousands of dollars",2707,2661,2602,2512,2956,3579,3597,3689,3611,3930,4557,4989,5238,5096,5167,4886,4284,3957,3804,5550,7639,9691,11024,12920,11793,11023,10009,8587,6918,6437,5824,5413,5155,4949,4387,4548,4463,4808,5412,5906,5367,5138,5057,5521,6049,7119,7279,7736,8053,8219,7535,8119,8151,9964
 "36093","Schenectady, NY",2,CAINC45,290,"...","Equals: Realized net income ","Thousands of dollars",988,777,590,663,838,296,298,557,370,144,305,306,346,90,-271,91,181,434,494,682,1195,743,435,2562,915,3456,4474,5931,-835,171,1061,2218,2416,231,622,889,894,636,-1104,-721,-699,-142,-73,82,119,-402,-1311,-1848,-1488,-1837,-150,-1179,-969,-845
 "36093","Schenectady, NY",2,CAINC45,300,"..."," Plus: Value of inventory change ","Thousands of dollars",-19,-41,-14,-36,30,78,18,-6,-91,5,139,116,181,54,-51,-25,-133,-87,-101,-230,-30,-4,-29,-45,-24,77,-118,65,-31,-67,-52,-65,78,94,71,-105,-147,83,49,-40,-38,24,10,-49,188,-75,-57,-31,98,3,-126,-217,347,-53
 "36093","Schenectady, NY",2,CAINC45,310,"...","Equals: Net income including corporate farms ","Thousands of dollars",969,736,576,627,868,374,316,551,279,149,444,422,527,144,-322,66,48,347,393,452,1165,739,406,2517,891,3533,4356,5996,-866,104,1009,2153,2494,325,693,784,747,719,-1055,-761,-737,-118,-63,33,307,-477,-1368,-1879,-1390,-1834,-276,-1396,-622,-898
 "36093","Schenectady, NY",2,CAINC45,320,"..."," Less: Net income of corporate farms ","Thousands of dollars",3,8,11,26,53,16,22,44,21,17,59,14,54,8,-82,5,4,18,15,13,59,44,18,1120,269,1372,1170,1822,-203,13,100,271,480,83,145,179,132,106,-316,-253,-279,-39,-18,4,38,-163,-584,-666,-550,-469,-94,-451,-170,-212
 "36093","Schenectady, NY",2,CAINC45,330,"..."," Plus: Statistical adjustment ","Thousands of dollars",0,0,0,0,0,0,0,0,0,0,0,0,0,0,0,0,0,0,0,0,0,0,0,0,0,0,0,0,0,0,0,0,0,0,0,0,0,0,0,0,0,0,0,0,0,0,0,0,0,0,0,0,0,0
 "36093","Schenectady, NY",2,CAINC45,340,"...","Equals: Farm proprietors' income ","Thousands of dollars",966,728,565,601,815,358,294,507,258,132,385,408,473,136,-240,61,44,329,378,439,1106,695,388,1397,622,2161,3186,4174,-663,91,909,1882,2014,242,548,605,615,613,-739,-508,-458,-79,-45,29,269,-314,-784,-1213,-840,-1365,-182,-945,-452,-686
 "36093","Schenectady, NY",2,CAINC45,350,"..."," Plus: Farm wages and salaries ","Thousands of dollars",288,315,353,374,511,619,605,527,510,447,455,445,420,433,416,387,359,290,247,907,1545,2424,2872,3237,3039,2482,2242,1784,1300,1075,791,723,568,499,429,394,308,321,362,348,338,346,309,474,482,514,416,472,450,424,342,368,350,506
 "36093","Schenectady, NY",2,CAINC45,360,"..."," Plus: Farm supplements to wages and salaries ","Thousands of dollars",28,33,38,41,57,69,80,93,114,109,94,78,57,43,50,49,52,52,49,132,252,399,528,616,614,533,472,335,224,191,152,147,138,114,99,90,73,76,97,122,113,107,102,139,159,160,142,154,165,134,120,122,127,194
 "36093","Schenectady, NY",2,CAINC45,370,"...","Equals: Farm earnings ","Thousands of dollars",1282,1076,956,1016,1383,1046,979,1127,882,688,934,931,950,612,226,497,455,671,674,1478,2903,3518,3788,5250,4275,5176,5900,6293,861,1357,1852,2752,2720,855,1076,1089,996,1010,-280,-38,-7,374,366,642,910,360,-226,-587,-225,-807,280,-455,25,14
 "36095","Schoharie, NY",2,CAINC45,10,"...","Cash receipts from marketings (thousands of dollars) ","Thousands of dollars",16223,16255,16303,16448,18679,20695,21371,23801,24084,26880,31891,35105,37226,35949,37268,36286,34213,33967,34335,33237,35067,35114,31583,32539,32235,30389,29524,30359,26948,31651,31336,29829,33711,27745,27056,31757,32146,30087,35012,36343,28574,33210,38591,38690,44210,51739,43925,44141,47329,46793,49770,49599,54075,68093
 "36095","Schoharie, NY",2,CAINC45,20,"..."," Cash receipts: Livestock and products ","Thousands of dollars",14362,14376,14402,14701,16142,17511,18234,21163,20995,23710,28510,31070,32240,31533,32636,31574,30009,29257,29342,28181,29847,29770,26014,27224,26809,24640,23500,24556,21917,26220,25868,23496,27436,19582,18724,23014,23529,20231,24742,23978,17192,21544,26306,24676,27366,34511,26821,25878,28935,27377,29758,28743,31043,41998
 "36095","Schoharie, NY",2,CAINC45,60,"..."," Cash receipts: Crops ","Thousands of dollars",1861,1879,1901,1747,2537,3184,3137,2638,3089,3170,3381,4035,4986,4416,4632,4712,4204,4710,4993,5056,5220,5344,5569,5315,5426,5749,6024,5803,5031,5431,5468,6333,6275,8163,8332,8743,8617,9856,10270,12365,11382,11666,12285,14014,16844,17228,17104,18263,18394,19416,20012,20856,23032,26095
 "36095","Schoharie, NY",2,CAINC45,120,"...","Other income ","Thousands of dollars",516,506,485,568,632,742,752,768,749,1245,978,1059,1083,1232,1623,2705,2189,2067,2174,1999,1831,1308,1051,982,1415,1460,1607,1685,1818,1606,2370,3153,1720,2886,3181,2485,2585,2845,2237,3429,5615,5879,5767,10244,11659,10148,8010,6496,9565,8153,14084,11149,8642,15350
 "36095","Schoharie, NY",2,CAINC45,130,"..."," Government payments ","Thousands of dollars",231,193,148,196,119,81,115,92,123,575,112,129,111,141,471,1439,794,717,958,851,773,420,317,340,638,557,571,712,468,498,1188,1822,923,1934,1951,809,1153,1448,500,448,1721,563,484,1631,653,116,233,594,281,692,837,4855,3323,818
 "36095","Schoharie, NY",2,CAINC45,140,"..."," Imputed and miscellaneous income received 1/","Thousands of dollars",285,313,337,372,513,661,637,676,626,670,866,930,972,1091,1152,1266,1395,1350,1216,1148,1058,888,734,642,777,903,1036,973,1350,1108,1182,1331,797,952,1230,1676,1432,1397,1737,2981,3894,5316,5283,8613,11006,10032,7777,5902,9284,7461,13247,6294,5319,14532
 "36095","Schoharie, NY",2,CAINC45,150,"...","Production expenses ","Thousands of dollars",11818,12284,12674,12853,15581,19693,19644,21572,22826,26155,31166,34899,37017,36065,37709,36413,32948,31524,31133,31003,32945,33144,31300,31395,30328,30744,30698,28790,28600,28375,27585,26253,27141,26755,24064,25907,26261,29076,33512,35787,33757,33597,34516,39221,40878,45667,44201,44782,44826,46029,42818,46048,46181,55330
 "36095","Schoharie, NY",2,CAINC45,160,"..."," Feed purchased ","Thousands of dollars",3205,3424,3350,3162,4345,5863,5204,6157,5954,6464,7656,9172,9447,7843,8853,7745,6928,6866,6356,6484,7061,6819,6320,6346,5694,5031,5037,4468,4750,4932,4506,3968,4066,4027,3635,3851,3344,3810,4637,5542,4631,5131,5374,6004,6437,6588,6451,5789,6209,6146,5861,6461,6167,5999
 "36095","Schoharie, NY",2,CAINC45,170,"..."," Livestock purchased ","Thousands of dollars",640,685,719,760,922,951,847,948,918,1110,1680,1360,1188,799,821,825,691,778,1104,826,1077,1075,966,909,1134,998,1059,829,592,1096,1718,1713,2785,2195,1136,1411,1887,1947,1348,1004,1189,1035,1164,1192,1079,1513,969,1095,1052,1351,1415,1498,1593,1436
 "36095","Schoharie, NY",2,CAINC45,180,"..."," Seed purchased ","Thousands of dollars",178,182,195,190,262,328,303,367,390,401,450,509,530,497,406,490,435,420,404,507,552,566,633,540,536,626,730,850,904,786,533,480,361,322,469,547,598,724,1026,1139,1102,1096,1168,1408,1430,1505,1382,1508,1565,1487,1276,1432,1198,2157
 "36095","Schoharie, NY",2,CAINC45,190,"..."," Fertilizer and lime (incl. ag. chemicals 1978-fwd.) ","Thousands of dollars",462,471,529,582,694,1030,1102,999,1035,1272,1549,1748,1695,1619,1487,1590,1399,1182,1126,1113,1242,1262,1329,1253,1120,1379,1594,1433,1583,1557,1441,1416,1547,1408,1354,1368,1384,1437,1533,1869,1759,1845,2129,2609,2625,2691,2203,2080,1759,2028,1810,2089,2260,2947
 "36095","Schoharie, NY",2,CAINC45,200,"..."," Petroleum products purchased ","Thousands of dollars",452,433,442,425,471,669,772,940,1024,1132,1404,1981,2090,1881,1728,1721,1492,1187,1075,1028,1013,1222,1145,1075,1059,1036,1112,1177,1137,993,878,1115,1025,911,1080,1404,1664,1973,2441,2768,2199,2280,2631,3076,3373,3396,2532,2113,2233,2200,2172,1995,2243,3295
 "36095","Schoharie, NY",2,CAINC45,210,"..."," Hired farm labor expenses 2/","Thousands of dollars",1428,1386,1459,1442,1708,1974,2176,2259,2594,2669,2947,3099,2996,3423,3252,3250,3254,2938,2876,2997,3045,3302,3029,2797,2837,2724,2864,2630,2523,2720,2527,2944,3208,4015,3528,3577,2998,3361,4047,3879,3879,3715,3412,4819,5136,5842,5181,6079,5861,5493,4627,4894,4483,7018
 "36095","Schoharie, NY",2,CAINC45,220,"..."," All other production expenses 3/","Thousands of dollars",5453,5703,5980,6292,7179,8878,9240,9902,10911,13107,15480,17030,19071,20003,21162,20792,18749,18153,18192,18048,18955,18898,17878,18475,17948,18950,18302,17403,17111,16291,15982,14617,14149,13877,12862,13749,14386,15824,18480,19586,18998,18495,18638,20113,20798,24132,25483,26118,26147,27324,25657,27679,28237,32478
 "36095","Schoharie, NY",2,CAINC45,240,"...","Value of inventory change ","Thousands of dollars",-203,-44,25,-206,244,962,202,19,-836,-20,1296,1031,1516,800,-350,-503,-943,-803,-963,-2193,-196,112,-254,-300,-130,400,-583,671,-485,-528,-296,-1299,648,609,235,-802,-1050,621,453,-217,-595,-6,-471,-639,1403,-962,-853,-541,248,-189,-1584,-2310,2270,-1625
 "36095","Schoharie, NY",2,CAINC45,250,"..."," Value of inventory change: livestock ","Thousands of dollars",-142,-84,-94,-6,161,543,209,-332,-667,-433,1051,791,1807,777,266,-507,-965,-811,-795,-1309,-72,103,78,18,-259,-523,335,323,-654,-250,3,-1080,148,723,-326,-100,-149,298,215,-819,349,-61,54,-110,571,-105,303,491,-220,-365,151,-441,-6,114
 "36095","Schoharie, NY",2,CAINC45,260,"..."," Value of inventory change: crops ","Thousands of dollars",-61,40,119,-200,83,419,-7,351,-169,413,245,240,-291,23,-616,4,22,8,-168,-884,-124,9,-236,-618,199,558,-524,76,63,-385,-46,-348,613,-344,729,-879,-548,90,-13,530,-941,-273,-430,-668,870,-1039,-1327,-1019,459,167,-1665,-1937,2117,-1745
 "36095","Schoharie, NY",2,CAINC45,265,"..."," Value of inventory change: materials and supplies ","Thousands of dollars",(NA),(NA),(NA),(NA),(NA),(NA),(NA),(NA),(NA),(NA),(NA),(NA),(NA),(NA),(NA),(NA),(NA),(NA),(NA),(NA),(NA),(NA),-96,300,-70,365,-394,272,106,107,-253,129,-113,230,-168,177,-353,233,251,72,-3,328,-95,139,-38,182,171,-13,9,9,-70,68,159,6
 "36095","Schoharie, NY",2,CAINC45,270,"...","Cash receipts and other income ","Thousands of dollars",16739,16761,16788,17016,19311,21437,22123,24569,24833,28125,32869,36164,38309,37181,38891,38991,36402,36034,36509,35236,36898,36422,32634,33521,33650,31849,31131,32044,28766,33257,33706,32982,35431,30631,30237,34242,34731,32932,37249,39772,34189,39089,44358,48934,55869,61887,51935,50637,56894,54946,63854,60748,62717,83443
 "36095","Schoharie, NY",2,CAINC45,280,"..."," Less: Production expenses ","Thousands of dollars",11818,12284,12674,12853,15581,19693,19644,21572,22826,26155,31166,34899,37017,36065,37709,36413,32948,31524,31133,31003,32945,33144,31300,31395,30328,30744,30698,28790,28600,28375,27585,26253,27141,26755,24064,25907,26261,29076,33512,35787,33757,33597,34516,39221,40878,45667,44201,44782,44826,46029,42818,46048,46181,55330
 "36095","Schoharie, NY",2,CAINC45,290,"...","Equals: Realized net income ","Thousands of dollars",4921,4477,4114,4163,3730,1744,2479,2997,2007,1970,1703,1265,1292,1116,1182,2578,3454,4510,5376,4233,3953,3278,1334,2126,3322,1105,433,3254,166,4882,6121,6729,8290,3876,6173,8335,8470,3856,3737,3985,432,5492,9842,9713,14991,16220,7734,5855,12068,8917,21036,14700,16536,28113
 "36095","Schoharie, NY",2,CAINC45,300,"..."," Plus: Value of inventory change ","Thousands of dollars",-203,-44,25,-206,244,962,202,19,-836,-20,1296,1031,1516,800,-350,-503,-943,-803,-963,-2193,-196,112,-254,-300,-130,400,-583,671,-485,-528,-296,-1299,648,609,235,-802,-1050,621,453,-217,-595,-6,-471,-639,1403,-962,-853,-541,248,-189,-1584,-2310,2270,-1625
 "36095","Schoharie, NY",2,CAINC45,310,"...","Equals: Net income including corporate farms ","Thousands of dollars",4718,4433,4139,3957,3974,2706,2681,3016,1171,1950,2999,2296,2808,1916,832,2075,2511,3707,4413,2040,3757,3390,1080,1826,3192,1505,-150,3925,-319,4354,5825,5430,8938,4485,6408,7533,7420,4477,4190,3768,-163,5486,9371,9074,16394,15258,6881,5314,12316,8728,19452,12390,18806,26488
 "36095","Schoharie, NY",2,CAINC45,320,"..."," Less: Net income of corporate farms ","Thousands of dollars",222,195,208,302,361,146,172,182,58,126,203,36,122,42,9,79,126,178,229,83,257,267,65,145,183,121,-19,313,-21,151,140,164,322,232,370,558,504,302,384,234,-23,227,392,242,639,842,223,505,1139,1684,2569,1784,3374,5489
 "36095","Schoharie, NY",2,CAINC45,330,"..."," Plus: Statistical adjustment ","Thousands of dollars",0,0,0,0,0,0,0,0,0,0,0,0,0,0,0,0,0,0,0,0,0,0,0,0,0,0,0,0,0,0,0,0,0,0,0,0,0,0,0,0,0,0,0,0,0,0,0,0,0,0,0,0,0,0
 "36095","Schoharie, NY",2,CAINC45,340,"...","Equals: Farm proprietors' income ","Thousands of dollars",4496,4238,3931,3655,3613,2560,2509,2834,1113,1824,2796,2260,2686,1874,823,1996,2385,3529,4184,1957,3500,3123,1015,1681,3009,1384,-131,3612,-298,4203,5685,5266,8616,4253,6038,6975,6916,4175,3806,3534,-140,5259,8979,8832,15755,14416,6658,4809,11177,7044,16883,10606,15432,20999
 "36095","Schoharie, NY",2,CAINC45,350,"..."," Plus: Farm wages and salaries ","Thousands of dollars",1316,1313,1352,1314,1582,1815,2092,2092,2366,2329,2624,2805,2793,3258,3037,2912,2841,2527,2420,2516,2466,2678,2424,2198,2240,2045,2136,2060,1996,2075,1940,2311,2455,3092,2794,2712,2209,2422,2895,2806,2735,2824,2541,3919,3961,4240,3443,3909,3731,3511,2799,3024,2872,4104
 "36095","Schoharie, NY",2,CAINC45,360,"..."," Plus: Farm supplements to wages and salaries ","Thousands of dollars",147,152,165,165,201,237,260,295,349,339,384,396,370,376,402,380,378,358,365,365,437,508,516,485,521,501,501,429,378,406,409,501,603,655,587,550,475,516,708,901,818,801,777,993,1150,1169,1067,1163,1253,985,891,885,931,1499
 "36095","Schoharie, NY",2,CAINC45,370,"...","Equals: Farm earnings ","Thousands of dollars",5959,5703,5448,5134,5396,4612,4861,5221,3828,4492,5804,5461,5849,5508,4262,5288,5604,6414,6969,4838,6403,6309,3955,4364,5770,3930,2506,6101,2076,6684,8034,8078,11674,8000,9419,10237,9600,7113,7409,7241,3413,8884,12297,13744,20866,19825,11168,9881,16161,11540,20573,14515,19235,26602
 "36097","Schuyler, NY",2,CAINC45,10,"...","Cash receipts from marketings (thousands of dollars) ","Thousands of dollars",6554,6428,6500,6301,7966,8821,8819,9835,9381,10593,13266,13969,14971,14220,14173,14401,13665,13976,14313,14283,15064,15421,14483,14254,14245,14464,14428,16184,14166,15557,15462,14805,16601,17791,17524,21409,21233,19404,32599,35751,29410,36254,44701,44552,48535,55872,44724,43925,46118,43165,47056,46739,51511,66787
 "36097","Schuyler, NY",2,CAINC45,20,"..."," Cash receipts: Livestock and products ","Thousands of dollars",4591,4445,4287,4379,5048,5235,5394,6240,6224,7056,8962,9711,10204,9804,10327,10607,10248,10347,10519,10265,11251,11645,10555,10956,11527,11437,11077,12383,10977,12431,12186,11331,13298,13279,12956,16186,16092,13784,20292,22597,18006,24697,32656,32453,35095,42483,31680,29888,32067,29880,33333,31912,34673,47933
 "36097","Schuyler, NY",2,CAINC45,60,"..."," Cash receipts: Crops ","Thousands of dollars",1963,1983,2213,1922,2918,3586,3425,3595,3157,3537,4304,4258,4767,4416,3846,3794,3417,3629,3794,4018,3813,3776,3928,3298,2718,3027,3351,3801,3189,3126,3276,3474,3303,4512,4568,5223,5141,5620,12307,13154,11404,11557,12045,12099,13440,13389,13044,14037,14051,13285,13723,14827,16838,18854
 "36097","Schuyler, NY",2,CAINC45,120,"...","Other income ","Thousands of dollars",532,474,424,420,456,427,410,468,524,543,582,636,707,851,976,905,747,766,991,955,772,773,735,885,878,910,790,664,708,806,1252,1888,1200,2054,2152,2238,2179,2036,2066,2535,3395,3607,3420,5204,5250,4111,3052,2567,2659,1938,3645,5937,2856,4481
 "36097","Schuyler, NY",2,CAINC45,130,"..."," Government payments ","Thousands of dollars",254,218,177,177,149,74,59,62,108,156,61,54,76,124,337,340,273,407,799,679,405,333,225,248,273,336,242,224,183,173,380,689,397,782,693,388,690,644,376,258,799,321,388,426,303,149,345,530,314,196,458,3871,1453,337
 "36097","Schuyler, NY",2,CAINC45,140,"..."," Imputed and miscellaneous income received 1/","Thousands of dollars",278,256,247,243,307,353,351,406,416,387,521,582,631,727,639,565,474,359,192,276,367,440,510,637,605,574,548,440,525,633,872,1199,803,1272,1459,1850,1489,1392,1690,2277,2596,3286,3032,4778,4947,3962,2707,2037,2345,1742,3187,2066,1403,4144
 "36097","Schuyler, NY",2,CAINC45,150,"...","Production expenses ","Thousands of dollars",4861,5104,5355,5511,6695,8399,8109,8922,8919,11109,13450,14982,15482,15105,15917,15200,13956,13338,14456,14170,14896,14844,14098,13576,13993,15098,16012,15888,16665,17288,17420,17280,18342,19619,18424,20294,20813,23623,28062,30067,29696,30414,32013,37461,38294,41318,38736,38042,37301,38018,35011,37801,37819,45714
 "36097","Schuyler, NY",2,CAINC45,160,"..."," Feed purchased ","Thousands of dollars",1166,1206,1148,1059,1426,1892,1557,1814,1603,1822,2156,2581,2578,2107,2486,2190,2041,2087,2171,2287,2569,2556,2497,2520,2458,2366,2585,2513,2933,3328,3315,3177,3539,3804,3157,3068,2438,2533,2800,4300,4306,5482,6415,7851,8203,8159,7739,6701,6903,6832,6516,7183,6855,6668
 "36097","Schuyler, NY",2,CAINC45,170,"..."," Livestock purchased ","Thousands of dollars",559,523,484,454,491,454,411,492,471,642,951,749,615,389,436,451,397,463,730,523,651,616,520,433,607,607,687,609,461,615,824,774,1159,1218,683,931,1314,1505,1423,1123,1319,1123,1181,1080,913,1179,685,709,609,770,826,870,928,854
 "36097","Schuyler, NY",2,CAINC45,180,"..."," Seed purchased ","Thousands of dollars",92,98,109,108,152,194,174,219,222,252,279,312,312,286,238,279,251,245,259,299,300,284,297,235,239,284,338,397,426,465,401,471,480,628,697,675,646,707,923,1040,1020,1025,1103,1342,1384,1479,1379,1527,1610,1529,1312,1473,1231,2217
 "36097","Schuyler, NY",2,CAINC45,190,"..."," Fertilizer and lime (incl. ag. chemicals 1978-fwd.) ","Thousands of dollars",259,275,320,362,433,638,713,713,735,1033,1165,1224,1077,954,886,914,811,689,707,684,747,744,777,709,613,731,819,715,767,765,719,718,796,738,837,969,1101,1264,1478,1714,1550,1572,1763,2110,2225,2399,2074,2076,1867,2153,1922,2217,2398,3127
 "36097","Schuyler, NY",2,CAINC45,200,"..."," Petroleum products purchased ","Thousands of dollars",205,211,229,230,265,389,409,488,486,568,677,927,928,806,750,727,637,511,506,482,474,571,543,499,528,549,624,697,710,629,565,730,683,621,698,877,1016,1185,1450,1791,1527,1682,2047,2507,2796,2869,2185,1866,2023,1994,1968,1808,2033,2987
 "36097","Schuyler, NY",2,CAINC45,210,"..."," Hired farm labor expenses 2/","Thousands of dollars",705,713,779,791,963,1109,1086,1070,1079,1140,1416,1600,1559,1823,1765,1730,1735,1547,1647,1703,1734,1860,1709,1558,1615,1606,1734,1620,1614,1910,1898,2239,2493,3258,3303,3764,3484,4252,5602,5092,4918,4677,4192,5866,6136,6680,5820,6548,6316,5958,4832,5225,4965,7537
 "36097","Schuyler, NY",2,CAINC45,220,"..."," All other production expenses 3/","Thousands of dollars",1875,2078,2286,2507,2965,3723,3759,4126,4323,5652,6806,7589,8413,8740,9356,8909,8084,7796,8436,8192,8421,8213,7755,7622,7933,8955,9225,9337,9754,9576,9698,9171,9192,9352,9049,10010,10814,12177,14386,15007,15056,14853,15312,16705,16637,18553,18854,18615,17973,18782,17635,19025,19409,22324
 "36097","Schuyler, NY",2,CAINC45,240,"...","Value of inventory change ","Thousands of dollars",-72,53,0,-267,15,720,117,-148,-233,-12,520,296,494,245,-250,-143,-504,-304,-449,-971,-104,65,-179,-40,-44,177,-333,249,-82,-248,-214,-383,241,526,-68,-135,-517,401,310,155,-664,-69,-670,-463,933,-678,-417,-438,-227,-364,-1176,-1459,920,-1673
 "36097","Schuyler, NY",2,CAINC45,250,"..."," Value of inventory change: livestock ","Thousands of dollars",-54,-36,-37,-17,44,161,51,-116,-220,-138,336,290,580,170,80,-146,-511,-320,-327,-448,-58,-25,3,38,-121,-254,91,114,-274,-154,-13,-360,38,519,-233,-29,-120,232,124,-637,272,3,6,-89,640,-76,320,441,-188,-368,187,-425,-18,109
 "36097","Schuyler, NY",2,CAINC45,260,"..."," Value of inventory change: crops ","Thousands of dollars",-18,89,37,-250,-29,559,66,-32,-13,126,184,6,-86,75,-330,3,7,16,-122,-523,-46,90,-141,-206,108,255,-222,-14,130,-162,-28,-118,293,-190,300,-241,-138,6,9,736,-933,-383,-579,-524,334,-798,-920,-865,-48,-5,-1289,-1106,770,-1789
 "36097","Schuyler, NY",2,CAINC45,265,"..."," Value of inventory change: materials and supplies ","Thousands of dollars",(NA),(NA),(NA),(NA),(NA),(NA),(NA),(NA),(NA),(NA),(NA),(NA),(NA),(NA),(NA),(NA),(NA),(NA),(NA),(NA),(NA),(NA),-41,128,-31,176,-202,149,62,68,-173,95,-90,197,-135,135,-259,163,177,56,-3,311,-97,150,-41,196,183,-14,9,9,-74,72,168,7
 "36097","Schuyler, NY",2,CAINC45,270,"...","Cash receipts and other income ","Thousands of dollars",7086,6902,6924,6721,8422,9248,9229,10303,9905,11136,13848,14605,15678,15071,15149,15306,14412,14742,15304,15238,15836,16194,15218,15139,15123,15374,15218,16848,14874,16363,16714,16693,17801,19845,19676,23647,23412,21440,34665,38286,32805,39861,48121,49756,53785,59983,47776,46492,48777,45103,50701,52676,54367,71268
 "36097","Schuyler, NY",2,CAINC45,280,"..."," Less: Production expenses ","Thousands of dollars",4861,5104,5355,5511,6695,8399,8109,8922,8919,11109,13450,14982,15482,15105,15917,15200,13956,13338,14456,14170,14896,14844,14098,13576,13993,15098,16012,15888,16665,17288,17420,17280,18342,19619,18424,20294,20813,23623,28062,30067,29696,30414,32013,37461,38294,41318,38736,38042,37301,38018,35011,37801,37819,45714
 "36097","Schuyler, NY",2,CAINC45,290,"...","Equals: Realized net income ","Thousands of dollars",2225,1798,1569,1210,1727,849,1120,1381,986,27,398,-377,196,-34,-768,106,456,1404,848,1068,940,1350,1120,1563,1130,276,-794,960,-1791,-925,-706,-587,-541,226,1252,3353,2599,-2183,6603,8219,3109,9447,16108,12295,15491,18665,9040,8450,11476,7085,15690,14875,16548,25554
 "36097","Schuyler, NY",2,CAINC45,300,"..."," Plus: Value of inventory change ","Thousands of dollars",-72,53,0,-267,15,720,117,-148,-233,-12,520,296,494,245,-250,-143,-504,-304,-449,-971,-104,65,-179,-40,-44,177,-333,249,-82,-248,-214,-383,241,526,-68,-135,-517,401,310,155,-664,-69,-670,-463,933,-678,-417,-438,-227,-364,-1176,-1459,920,-1673
 "36097","Schuyler, NY",2,CAINC45,310,"...","Equals: Net income including corporate farms ","Thousands of dollars",2153,1851,1569,943,1742,1569,1237,1233,753,15,918,-81,690,211,-1018,-37,-48,1100,399,97,836,1415,941,1523,1086,453,-1127,1209,-1873,-1173,-920,-970,-300,752,1184,3218,2082,-1782,6913,8374,2445,9378,15438,11832,16424,17987,8623,8012,11249,6721,14514,13416,17468,23881
 "36097","Schuyler, NY",2,CAINC45,320,"..."," Less: Net income of corporate farms ","Thousands of dollars",38,38,42,43,103,59,53,49,23,1,49,-9,34,6,-152,-4,-5,62,24,5,81,171,95,120,74,52,-244,219,-406,-276,-245,-242,-59,142,209,688,375,-671,1552,1362,233,1232,2380,1438,1676,1798,382,829,933,1165,1721,1735,2815,4445
 "36097","Schuyler, NY",2,CAINC45,330,"..."," Plus: Statistical adjustment ","Thousands of dollars",0,0,0,0,0,0,0,0,0,0,0,0,0,0,0,0,0,0,0,0,0,0,0,0,0,0,0,0,0,0,0,0,0,0,0,0,0,0,0,0,0,0,0,0,0,0,0,0,0,0,0,0,0,0
 "36097","Schuyler, NY",2,CAINC45,340,"...","Equals: Farm proprietors' income ","Thousands of dollars",2115,1813,1527,900,1639,1510,1184,1184,730,14,869,-72,656,205,-866,-33,-43,1038,375,92,755,1244,846,1403,1012,401,-883,990,-1467,-897,-675,-728,-241,610,975,2530,1707,-1111,5361,7012,2212,8146,13058,10394,14748,16189,8241,7183,10316,5556,12793,11681,14653,19436
 "36097","Schuyler, NY",2,CAINC45,350,"..."," Plus: Farm wages and salaries ","Thousands of dollars",601,619,655,659,838,979,1041,975,1029,971,1200,1382,1476,1790,1644,1569,1503,1321,1242,1310,1302,1436,1319,1209,1243,1145,1208,1180,1162,1295,1282,1596,1747,2298,2537,2892,2666,3255,4251,3918,3653,3626,3153,4720,4766,5103,4144,4707,4492,4227,3361,3636,3452,4926
 "36097","Schuyler, NY",2,CAINC45,360,"..."," Plus: Farm supplements to wages and salaries ","Thousands of dollars",61,63,72,73,95,112,133,157,193,188,207,214,199,199,213,201,198,187,186,191,228,269,275,261,281,273,279,241,217,242,252,317,383,423,471,535,544,690,1082,1291,1106,1031,955,1172,1356,1376,1260,1377,1479,1163,1048,1044,1100,1787
 "36097","Schuyler, NY",2,CAINC45,370,"...","Equals: Farm earnings ","Thousands of dollars",2777,2495,2254,1632,2572,2601,2358,2316,1952,1173,2276,1524,2331,2194,991,1737,1658,2546,1803,1593,2285,2949,2440,2873,2536,1819,604,2411,-88,640,859,1185,1889,3331,3983,5957,4917,2834,10694,12221,6971,12803,17166,16286,20870,22668,13645,13267,16287,10946,17202,16361,19205,26149
 "36099","Seneca, NY",2,CAINC45,10,"...","Cash receipts from marketings (thousands of dollars) ","Thousands of dollars",9579,10051,10077,9588,12100,14143,15175,16999,16971,18082,23975,25438,29678,27409,24658,26912,25912,25386,26510,30935,32095,33725,32190,34177,33601,34594,37339,43371,41418,41127,39257,38517,41680,41695,40642,49345,48119,47108,75812,82738,72833,83578,103376,109317,108944,115696,92199,83121,80251,78221,82469,86023,102917,128000
 "36099","Seneca, NY",2,CAINC45,20,"..."," Cash receipts: Livestock and products ","Thousands of dollars",5682,5487,5273,5363,6171,6238,6946,8469,8937,10629,13090,13514,14995,15184,15062,15121,14227,13920,14673,14957,17258,19406,18648,20420,21829,20320,20310,23546,24134,25183,23522,22481,26026,24746,24499,31445,32266,28624,42959,44182,36099,46364,61721,63034,60892,71305,52666,42132,40935,39342,41790,40859,47232,64707
 "36099","Seneca, NY",2,CAINC45,60,"..."," Cash receipts: Crops ","Thousands of dollars",3897,4564,4804,4225,5929,7905,8229,8530,8034,7453,10885,11924,14683,12225,9596,11791,11685,11466,11837,15978,14837,14319,13542,13757,11772,14274,17029,19825,17284,15944,15735,16036,15654,16949,16143,17900,15853,18484,32853,38556,36734,37214,41655,46283,48052,44391,39533,40989,39316,38879,40679,45164,55685,63293
 "36099","Seneca, NY",2,CAINC45,120,"...","Other income ","Thousands of dollars",1393,1289,1030,1129,1010,618,693,746,1070,1080,870,860,1055,1739,2797,2155,2463,4033,4883,4403,2861,2853,2544,2199,3464,2068,2414,2002,2638,3841,5781,6483,5167,3969,4933,5175,6607,5112,4834,6132,7001,7901,7376,11354,15128,14001,14595,12334,20372,14211,26418,19573,11419,25056
 "36099","Seneca, NY",2,CAINC45,130,"..."," Government payments ","Thousands of dollars",1125,1012,739,818,593,85,148,139,477,567,170,72,187,713,1783,1098,1358,3020,3808,3373,1894,2025,1841,1560,2705,1192,1417,1078,1343,2538,4136,4341,3799,1886,2368,1764,3780,2407,1486,1323,1635,1065,1096,1707,1133,271,1753,2339,2104,1909,3129,8444,2701,646
 "36099","Seneca, NY",2,CAINC45,140,"..."," Imputed and miscellaneous income received 1/","Thousands of dollars",268,277,291,311,417,533,545,607,593,513,700,788,868,1026,1014,1057,1105,1013,1075,1030,967,828,703,639,759,876,997,924,1295,1303,1645,2142,1368,2083,2565,3411,2827,2705,3348,4809,5366,6836,6280,9647,13995,13730,12842,9995,18268,12302,23289,11129,8718,24410
 "36099","Seneca, NY",2,CAINC45,150,"...","Production expenses ","Thousands of dollars",7726,7909,8213,8390,9942,12585,14358,15426,16909,18373,23751,27791,29824,29528,28342,28226,27403,25973,25853,27102,30075,31893,32452,32760,34076,37260,40289,39917,42262,44788,45552,47065,51194,55530,52649,57713,60015,65441,79988,84182,81414,80757,84289,95160,92352,97889,88101,83322,78035,80896,75068,81432,82306,99334
 "36099","Seneca, NY",2,CAINC45,160,"..."," Feed purchased ","Thousands of dollars",1054,1081,1022,937,1256,1657,1623,1923,1902,1945,2641,3526,3930,3406,3491,2959,2706,2564,2255,2630,3225,3463,3617,3874,4025,4095,4706,4780,5812,6288,5991,5507,5897,6109,6348,7559,7247,8596,11793,14395,12252,13800,14665,16593,16692,15870,14251,11531,10894,10783,10284,11336,10819,10524
 "36099","Seneca, NY",2,CAINC45,170,"..."," Livestock purchased ","Thousands of dollars",522,490,455,429,466,432,582,808,941,1207,1872,1559,1396,949,768,649,479,442,506,556,989,1371,1633,1899,2467,2103,2209,1817,1415,1848,2468,2566,3766,3883,2269,3380,5133,6441,6466,4938,6270,5461,6187,6509,5008,6371,3744,3326,2683,3490,3602,3861,4355,3985
 "36099","Seneca, NY",2,CAINC45,180,"..."," Seed purchased ","Thousands of dollars",275,294,327,328,462,590,604,742,807,786,896,1025,1068,988,804,1036,1047,1081,1116,1337,1394,1374,1495,1222,1237,1466,1731,2032,2174,2366,2035,2390,2429,3163,3428,3255,3059,3151,4238,4588,4339,4228,4422,5249,5340,5628,5180,5659,5879,5585,4792,5380,4498,8100
 "36099","Seneca, NY",2,CAINC45,190,"..."," Fertilizer and lime (incl. ag. chemicals 1978-fwd.) ","Thousands of dollars",855,898,1028,1141,1400,2171,2444,2099,2143,2364,3012,3528,3501,3333,3022,3427,3436,3114,3194,3211,3635,3752,4059,3819,3532,4480,5324,4906,5545,5547,5224,5229,5818,5400,5412,5678,5952,6114,7039,7994,7099,7084,7835,9259,9718,10430,8975,8941,8013,9238,8247,9515,10293,13422
 "36099","Seneca, NY",2,CAINC45,200,"..."," Petroleum products purchased ","Thousands of dollars",415,412,433,426,481,695,880,1068,1180,1216,1497,2103,2189,1908,1666,1693,1603,1312,1230,1233,1270,1601,1590,1525,1554,1566,1733,1886,1870,1667,1507,1961,1849,1691,1903,2394,2772,3094,3954,4602,3740,3958,4651,5531,6037,6047,4482,3716,3898,3841,3791,3483,3916,5753
 "36099","Seneca, NY",2,CAINC45,210,"..."," Hired farm labor expenses 2/","Thousands of dollars",884,858,895,873,1024,1137,1430,1516,1785,1741,2222,2558,2554,2958,2658,2692,2847,2559,2513,2712,2844,3157,3003,2829,3505,4076,5055,5212,5767,6349,5898,6822,7391,9380,8342,8322,6853,7297,9180,8611,8591,8072,7514,9826,9738,10224,8563,8894,7922,7468,6333,6843,6582,9422
 "36099","Seneca, NY",2,CAINC45,220,"..."," All other production expenses 3/","Thousands of dollars",3721,3876,4053,4256,4853,5903,6795,7270,8151,9114,11611,13492,15186,15986,15933,15770,15285,14901,15039,15423,16718,17175,17055,17592,17756,19474,19531,19284,19679,20723,22429,22590,24044,25904,24947,27125,28999,30748,37318,39054,39123,38154,39015,42193,39819,43319,42906,41255,38746,40491,38019,41014,41843,48128
 "36099","Seneca, NY",2,CAINC45,240,"...","Value of inventory change ","Thousands of dollars",-96,42,67,-1262,187,1877,666,-340,-103,6,1312,564,404,-140,-2533,-1235,-135,-206,-819,-3087,-472,618,-632,-420,624,1429,-984,656,1213,977,-1071,-2025,342,517,234,25,-1975,727,-452,3273,-5876,-869,-4462,-3171,-16,-3809,-4205,-5881,-2594,-676,-7909,-5236,139,-13413
 "36099","Seneca, NY",2,CAINC45,250,"..."," Value of inventory change: livestock ","Thousands of dollars",-62,-38,-37,-22,54,182,51,-113,-227,-94,392,436,615,-20,109,-65,-788,-362,-463,-495,-167,-58,28,36,-226,-415,202,278,-375,-429,-241,-53,-1,1141,-669,167,-205,703,159,-1371,315,617,-388,-541,1068,-22,694,267,-332,-644,437,-400,-201,101
 "36099","Seneca, NY",2,CAINC45,260,"..."," Value of inventory change: crops ","Thousands of dollars",-34,80,104,-1240,133,1695,615,-227,124,100,920,128,-211,-120,-2642,-1170,653,156,-356,-2592,-305,676,-559,-784,935,1361,-614,-57,1403,1207,-332,-2241,593,-1161,1317,-595,-830,-609,-1319,4443,-6182,-2404,-3809,-3019,-979,-4276,-5347,-6115,-2284,-53,-8173,-5002,-51,-13529
 "36099","Seneca, NY",2,CAINC45,265,"..."," Value of inventory change: materials and supplies ","Thousands of dollars",(NA),(NA),(NA),(NA),(NA),(NA),(NA),(NA),(NA),(NA),(NA),(NA),(NA),(NA),(NA),(NA),(NA),(NA),(NA),(NA),(NA),(NA),-101,328,-85,483,-572,435,185,199,-498,269,-250,537,-414,453,-940,633,708,201,-9,918,-265,389,-105,489,448,-33,22,21,-173,166,391,15
 "36099","Seneca, NY",2,CAINC45,270,"...","Cash receipts and other income ","Thousands of dollars",10972,11340,11107,10717,13110,14761,15868,17745,18041,19162,24845,26298,30733,29148,27455,29067,28375,29419,31393,35338,34956,36578,34734,36376,37065,36662,39753,45373,44056,44968,45038,45000,46847,45664,45575,54520,54726,52220,80646,88870,79834,91479,110752,120671,124072,129697,106794,95455,100623,92432,108887,105596,114336,153056
 "36099","Seneca, NY",2,CAINC45,280,"..."," Less: Production expenses ","Thousands of dollars",7726,7909,8213,8390,9942,12585,14358,15426,16909,18373,23751,27791,29824,29528,28342,28226,27403,25973,25853,27102,30075,31893,32452,32760,34076,37260,40289,39917,42262,44788,45552,47065,51194,55530,52649,57713,60015,65441,79988,84182,81414,80757,84289,95160,92352,97889,88101,83322,78035,80896,75068,81432,82306,99334
 "36099","Seneca, NY",2,CAINC45,290,"...","Equals: Realized net income ","Thousands of dollars",3246,3431,2894,2327,3168,2176,1510,2319,1132,789,1094,-1493,909,-380,-887,841,972,3446,5540,8236,4881,4685,2282,3616,2989,-598,-536,5456,1794,180,-514,-2065,-4347,-9866,-7074,-3193,-5289,-13221,658,4688,-1580,10722,26463,25511,31720,31808,18693,12133,22588,11536,33819,24164,32030,53722
 "36099","Seneca, NY",2,CAINC45,300,"..."," Plus: Value of inventory change ","Thousands of dollars",-96,42,67,-1262,187,1877,666,-340,-103,6,1312,564,404,-140,-2533,-1235,-135,-206,-819,-3087,-472,618,-632,-420,624,1429,-984,656,1213,977,-1071,-2025,342,517,234,25,-1975,727,-452,3273,-5876,-869,-4462,-3171,-16,-3809,-4205,-5881,-2594,-676,-7909,-5236,139,-13413
 "36099","Seneca, NY",2,CAINC45,310,"...","Equals: Net income including corporate farms ","Thousands of dollars",3150,3473,2961,1065,3355,4053,2176,1979,1029,795,2406,-929,1313,-520,-3420,-394,837,3240,4721,5149,4409,5303,1650,3196,3613,831,-1520,6112,3007,1157,-1585,-4090,-4005,-9349,-6840,-3168,-7264,-12494,206,7961,-7456,9853,22001,22340,31704,27999,14488,6252,19994,10860,25910,18928,32169,40309
 "36099","Seneca, NY",2,CAINC45,320,"..."," Less: Net income of corporate farms ","Thousands of dollars",6,24,37,27,122,102,95,103,53,62,191,-123,64,-60,-425,-37,41,146,220,192,282,397,96,189,168,63,-213,678,224,74,-245,-625,-484,-965,-831,-323,-854,-1825,20,502,-1032,368,739,374,721,874,261,326,1006,1142,1864,1484,3144,4550
 "36099","Seneca, NY",2,CAINC45,330,"..."," Plus: Statistical adjustment ","Thousands of dollars",0,0,0,0,0,0,0,0,0,0,0,0,0,0,0,0,0,0,0,0,0,0,0,0,0,0,0,0,0,0,0,0,0,0,0,0,0,0,0,0,0,0,0,0,0,0,0,0,0,0,0,0,0,0
 "36099","Seneca, NY",2,CAINC45,340,"...","Equals: Farm proprietors' income ","Thousands of dollars",3144,3449,2924,1038,3233,3951,2081,1876,976,733,2215,-806,1249,-460,-2995,-357,796,3094,4501,4957,4127,4906,1554,3007,3445,768,-1307,5434,2783,1083,-1340,-3465,-3521,-8384,-6009,-2845,-6410,-10669,186,7459,-6424,9485,21262,21966,30983,27125,14227,5926,18988,9718,24046,17444,29025,35759
 "36099","Seneca, NY",2,CAINC45,350,"..."," Plus: Farm wages and salaries ","Thousands of dollars",673,674,698,684,846,977,1214,1303,1546,1627,1978,2249,2386,2857,2614,2486,2380,2103,1996,2161,2203,2489,2340,2204,2581,2699,3224,3580,4014,4429,4346,5373,5849,7657,6855,6640,5353,5854,6974,6259,5702,5542,4728,6956,7021,7519,6109,6938,6625,6232,4952,5359,5088,7256
 "36099","Seneca, NY",2,CAINC45,360,"..."," Plus: Farm supplements to wages and salaries ","Thousands of dollars",79,81,87,82,100,114,178,246,338,357,371,364,323,317,340,323,318,302,306,316,388,462,485,473,571,624,711,691,701,793,831,1049,1284,1419,1270,1212,1054,1183,1638,1947,1652,1535,1406,1713,1978,2015,1851,2024,2187,1708,1537,1529,1616,2626
 "36099","Seneca, NY",2,CAINC45,370,"...","Equals: Farm earnings ","Thousands of dollars",3896,4204,3709,1804,4179,5042,3473,3425,2860,2717,4564,1807,3958,2714,-41,2452,3494,5499,6803,7434,6718,7857,4379,5684,6597,4091,2628,9705,7498,6305,3837,2957,3612,692,2116,5007,-3,-3632,8798,15665,930,16562,27396,30635,39982,36659,22187,14888,27800,17658,30535,24332,35729,45641
 "36101","Steuben, NY",2,CAINC45,10,"...","Cash receipts from marketings (thousands of dollars) ","Thousands of dollars",31558,32021,32387,32039,39184,44687,45552,52142,51991,58559,69470,74437,80258,75009,79206,80367,75966,78324,79473,83075,90632,93723,91443,91737,93907,96426,95900,94780,80651,87096,85458,84809,94294,89469,86150,100294,100866,96122,135369,150895,127244,151375,180527,187270,198785,225375,187500,176170,184870,184667,194345,195081,218820,283603
 "36101","Steuben, NY",2,CAINC45,20,"..."," Cash receipts: Livestock and products ","Thousands of dollars",20848,22044,23040,24475,28235,31380,33213,38834,39343,44245,52857,56066,59157,57488,60732,60448,58285,57575,58137,57928,64443,68605,63314,67949,69734,68262,64141,66854,57458,62778,62288,58374,68360,57982,55494,68283,69019,59992,93635,94454,70043,89192,111600,108441,119348,151927,122030,112052,125913,120367,127565,124343,136400,189350
 "36101","Steuben, NY",2,CAINC45,60,"..."," Cash receipts: Crops ","Thousands of dollars",10710,9977,9347,7564,10949,13307,12339,13308,12648,14314,16613,18371,21101,17521,18474,19919,17681,20749,21336,25147,26189,25118,28129,23788,24173,28164,31759,27926,23193,24318,23170,26435,25934,31487,30656,32011,31847,36130,41734,56441,57201,62183,68927,78829,79437,73448,65470,64118,58957,64300,66780,70738,82420,94253
 "36101","Steuben, NY",2,CAINC45,120,"...","Other income ","Thousands of dollars",1470,1375,1338,1457,1756,1596,1569,1772,1663,2215,2127,2139,2229,2479,3460,4238,3967,4468,4883,4964,5845,4039,3343,4480,5105,5071,4408,4254,4992,4891,6841,9758,4983,8350,9164,7213,8630,8130,6871,9147,12900,12226,11786,17153,18185,15017,13775,12578,14529,10976,18299,34062,15636,20420
 "36101","Steuben, NY",2,CAINC45,130,"..."," Government payments ","Thousands of dollars",725,618,568,641,663,262,288,345,266,744,283,205,268,362,1149,1653,1076,1602,2256,2402,3386,1865,1421,2648,2960,2622,1642,1699,1452,1765,3271,5474,2366,4650,4967,1934,4392,4164,2093,2418,5148,1723,2113,4006,3070,1302,3037,3425,3452,2122,3365,22333,8255,3213
 "36101","Steuben, NY",2,CAINC45,140,"..."," Imputed and miscellaneous income received 1/","Thousands of dollars",745,757,770,816,1093,1334,1281,1427,1397,1471,1844,1934,1961,2117,2311,2585,2891,2866,2627,2562,2459,2174,1922,1832,2145,2449,2766,2555,3540,3126,3570,4284,2617,3700,4197,5279,4238,3966,4778,6729,7752,10503,9673,13147,15115,13715,10738,9153,11077,8854,14934,11729,7381,17207
 "36101","Steuben, NY",2,CAINC45,150,"...","Production expenses ","Thousands of dollars",22649,23831,25044,25718,31289,39732,44039,47923,51742,55248,65649,72407,78238,76766,80060,79228,72569,69828,70108,72749,80438,88701,89984,85390,84468,87493,89984,85923,87238,87792,85383,83513,85927,89368,83220,88376,88280,98494,115788,128507,125018,127723,135487,157193,161733,178817,170109,169537,169691,174457,162555,175632,175599,209116
 "36101","Steuben, NY",2,CAINC45,160,"..."," Feed purchased ","Thousands of dollars",4200,4917,5152,5130,7360,10288,9783,11269,10857,10821,12513,14672,15467,12595,14578,13093,12043,12295,11740,12917,15098,16353,16686,16361,15345,14213,14964,14008,15782,17217,16534,15319,16528,17244,15044,15418,12961,14306,16884,21013,18180,20767,22338,25549,29130,31739,33125,31728,36381,36011,34346,37861,36134,35147
 "36101","Steuben, NY",2,CAINC45,170,"..."," Livestock purchased ","Thousands of dollars",1060,1167,1255,1351,1667,1744,1959,2437,2631,3198,4910,4041,3751,2578,2465,2317,1823,1937,2600,2117,3053,3414,3405,3454,4504,4237,4424,3465,2397,2226,2178,1453,1522,877,774,1470,2793,4110,5108,4196,5439,5124,6247,7013,6145,8453,5421,5605,5153,6693,6846,7301,7891,7304
 "36101","Steuben, NY",2,CAINC45,180,"..."," Seed purchased ","Thousands of dollars",946,881,875,798,1038,1239,1255,1526,1647,1594,1744,1925,2046,1890,1621,2058,1921,1957,1997,2533,2787,3059,3534,2804,2542,2742,2985,3259,3269,3436,2867,3279,3253,4147,4379,4060,3735,3943,4988,5933,6072,6329,7015,8761,9000,9579,8904,9824,10308,9793,8401,9432,7886,14202
 "36101","Steuben, NY",2,CAINC45,190,"..."," Fertilizer and lime (incl. ag. chemicals 1978-fwd.) ","Thousands of dollars",1962,1836,1940,2036,2310,3286,3860,3506,3677,4220,5411,6370,6691,6595,6149,6681,5986,5172,5047,5117,5841,6393,7097,6267,5442,6514,7333,6420,6919,6759,6211,6060,6565,5930,6057,6461,6873,7473,8331,10315,9832,10411,12114,14952,15259,15895,13249,12761,11032,12718,11354,13099,14171,18479
 "36101","Steuben, NY",2,CAINC45,200,"..."," Petroleum products purchased ","Thousands of dollars",1073,1035,1063,1025,1140,1626,2050,2480,2734,2809,3316,4514,4830,4248,3994,4088,3661,3030,2879,2809,2823,3659,3605,3177,3195,3179,3477,3744,3676,3294,2996,3918,3714,3418,3896,4941,5756,6744,8277,9637,7834,8294,9750,11590,12843,13083,9883,8370,8996,8865,8748,8039,9038,13278
 "36101","Steuben, NY",2,CAINC45,210,"..."," Hired farm labor expenses 2/","Thousands of dollars",3576,3575,3713,3640,4253,4827,5901,6137,7130,6831,7386,7540,7219,7967,7685,7878,7973,7237,7276,8214,9030,11173,11207,10258,10612,10313,11017,10440,10293,10370,9117,10069,10417,12634,11397,11746,9957,11424,14090,13371,13235,12757,11723,16458,16929,18676,16180,18322,17148,16071,13702,14503,13358,20499
 "36101","Steuben, NY",2,CAINC45,220,"..."," All other production expenses 3/","Thousands of dollars",9832,10420,11046,11738,13521,16722,19231,20568,23066,25775,30369,33345,38234,40893,43568,43113,39162,38200,38569,39042,41806,44650,44450,43069,42828,46295,45784,44587,44902,44490,45480,43415,43928,45118,41673,44280,46205,50494,58110,64042,64426,64041,66300,72870,72427,81392,83347,82927,80673,84306,79158,85397,87121,100207
 "36101","Steuben, NY",2,CAINC45,240,"...","Value of inventory change ","Thousands of dollars",-549,-578,22,-2000,619,3008,791,-590,-592,470,3626,2397,4386,2329,-1611,-771,122,-1380,-855,-6113,69,1509,-1566,1029,502,2664,-3428,4541,-1209,-382,-271,-4389,2241,3754,523,-679,-1688,2897,320,-58,-3491,505,-4643,-1507,4708,-5505,-3793,-4350,-1047,-2259,-6859,-9776,3779,-10958
 "36101","Steuben, NY",2,CAINC45,250,"..."," Value of inventory change: livestock ","Thousands of dollars",-266,-163,-184,-35,298,1060,384,-697,-1361,-859,1992,1331,2926,1127,428,-811,-2180,-1540,-1871,-2928,-201,172,193,35,-692,-1341,814,769,-1663,-658,-32,-2539,301,2371,-1117,-220,-476,940,935,-3316,1211,-22,248,-420,2587,-363,1729,2318,-1193,-1708,759,-2018,-79,602
 "36101","Steuben, NY",2,CAINC45,260,"..."," Value of inventory change: crops ","Thousands of dollars",-283,-415,206,-1965,321,1948,407,107,769,1329,1634,1066,1460,1202,-2039,40,2302,160,1016,-3185,270,1337,-1480,77,1414,2831,-2943,2848,83,-119,741,-2376,2424,350,2366,-1199,241,1022,-1633,2960,-4689,-914,-4464,-1726,2304,-6049,-6412,-6598,95,-600,-7218,-8142,2954,-11595
 "36101","Steuben, NY",2,CAINC45,265,"..."," Value of inventory change: materials and supplies ","Thousands of dollars",(NA),(NA),(NA),(NA),(NA),(NA),(NA),(NA),(NA),(NA),(NA),(NA),(NA),(NA),(NA),(NA),(NA),(NA),(NA),(NA),(NA),(NA),-279,917,-220,1174,-1299,924,371,395,-980,526,-484,1033,-726,740,-1453,935,1018,298,-13,1441,-427,639,-183,907,890,-70,51,49,-400,384,904,35
 "36101","Steuben, NY",2,CAINC45,270,"...","Cash receipts and other income ","Thousands of dollars",33028,33396,33725,33496,40940,46283,47121,53914,53654,60774,71597,76576,82487,77488,82666,84605,79933,82792,84356,88039,96477,97762,94786,96217,99012,101497,100308,99034,85643,91987,92299,94567,99277,97819,95314,107507,109496,104252,142240,160042,140144,163601,192313,204423,216970,240392,201275,188748,199399,195643,212644,229143,234456,304023
 "36101","Steuben, NY",2,CAINC45,280,"..."," Less: Production expenses ","Thousands of dollars",22649,23831,25044,25718,31289,39732,44039,47923,51742,55248,65649,72407,78238,76766,80060,79228,72569,69828,70108,72749,80438,88701,89984,85390,84468,87493,89984,85923,87238,87792,85383,83513,85927,89368,83220,88376,88280,98494,115788,128507,125018,127723,135487,157193,161733,178817,170109,169537,169691,174457,162555,175632,175599,209116
 "36101","Steuben, NY",2,CAINC45,290,"...","Equals: Realized net income ","Thousands of dollars",10379,9565,8681,7778,9651,6551,3082,5991,1912,5526,5948,4169,4249,722,2606,5377,7364,12964,14248,15290,16039,9061,4802,10827,14544,14004,10324,13111,-1595,4195,6916,11054,13350,8451,12094,19131,21216,5758,26452,31535,15126,35878,56826,47230,55237,61575,31166,19211,29708,21186,50089,53511,58857,94907
 "36101","Steuben, NY",2,CAINC45,300,"..."," Plus: Value of inventory change ","Thousands of dollars",-549,-578,22,-2000,619,3008,791,-590,-592,470,3626,2397,4386,2329,-1611,-771,122,-1380,-855,-6113,69,1509,-1566,1029,502,2664,-3428,4541,-1209,-382,-271,-4389,2241,3754,523,-679,-1688,2897,320,-58,-3491,505,-4643,-1507,4708,-5505,-3793,-4350,-1047,-2259,-6859,-9776,3779,-10958
 "36101","Steuben, NY",2,CAINC45,310,"...","Equals: Net income including corporate farms ","Thousands of dollars",9830,8987,8703,5778,10270,9559,3873,5401,1320,5996,9574,6566,8635,3051,995,4606,7486,11584,13393,9177,16108,10570,3236,11856,15046,16668,6896,17652,-2804,3813,6645,6665,15591,12205,12617,18452,19528,8655,26772,31477,11635,36383,52183,45723,59945,56070,27373,14861,28661,18927,43230,43735,62636,83949
 "36101","Steuben, NY",2,CAINC45,320,"..."," Less: Net income of corporate farms ","Thousands of dollars",445,375,406,406,845,465,224,294,59,356,640,109,430,82,14,227,494,743,944,517,1558,1195,285,1234,1217,2088,754,2804,-506,347,409,483,1547,1506,1471,2696,2417,924,3886,3536,824,3835,7028,5335,6023,5667,1262,1643,2611,3601,5629,6209,11079,17150
 "36101","Steuben, NY",2,CAINC45,330,"..."," Plus: Statistical adjustment ","Thousands of dollars",0,0,0,0,0,0,0,0,0,0,0,0,0,0,0,0,0,0,0,0,-1,0,0,1,0,0,-1,0,0,0,0,0,0,0,0,0,0,0,0,0,0,0,0,0,0,0,0,0,0,0,0,0,0,0
 "36101","Steuben, NY",2,CAINC45,340,"...","Equals: Farm proprietors' income ","Thousands of dollars",9385,8612,8297,5372,9425,9094,3649,5107,1261,5640,8934,6457,8205,2969,981,4379,6992,10841,12449,8660,14549,9375,2951,10623,13829,14580,6141,14848,-2298,3466,6236,6182,14044,10699,11146,15756,17111,7731,22886,27941,10811,32548,45155,40388,53922,50403,26111,13218,26050,15326,37601,37526,51557,66799
 "36101","Steuben, NY",2,CAINC45,350,"..."," Plus: Farm wages and salaries ","Thousands of dollars",2900,2917,3036,2978,3636,4212,4940,5015,5740,5753,6141,6258,6000,6716,6408,6313,6341,5852,5814,6691,7208,8580,8432,8274,8543,7893,8353,8197,8105,7910,7004,7935,8017,9787,9186,9270,7775,8796,10795,10176,9681,9790,8655,13160,13283,14226,11558,13128,12530,11791,9374,10143,9630,13738
 "36101","Steuben, NY",2,CAINC45,360,"..."," Plus: Farm supplements to wages and salaries ","Thousands of dollars",287,301,337,340,426,508,597,713,872,872,907,876,778,744,818,801,817,797,855,943,1209,1520,1684,1720,1886,1850,1904,1670,1522,1496,1401,1609,1813,1865,1752,1748,1588,1849,2669,3278,2876,2748,2595,3244,3752,3823,3508,3835,4131,3237,2923,2907,3067,4977
 "36101","Steuben, NY",2,CAINC45,370,"...","Equals: Farm earnings ","Thousands of dollars",12572,11830,11670,8690,13487,13814,9186,10835,7873,12265,15982,13591,14983,10429,8207,11493,14150,17490,19118,16294,22966,19475,13067,20617,24258,24323,16398,24715,7329,12872,14641,15726,23874,22351,22084,26774,26474,18376,36350,41395,23368,45086,56405,56792,70957,68452,41177,30181,42711,30354,49898,50576,64254,85514
 "36103","Suffolk, NY",2,CAINC45,10,"...","Cash receipts from marketings (thousands of dollars) ","Thousands of dollars",52754,51293,48905,46765,62484,68921,72617,73605,68779,93142,97334,115378,122714,109488,118455,135208,130064,142556,147089,148877,165548,160688,156992,171085,160099,149926,151226,138353,170241,183416,180653,191689,184557,219108,203175,207927,223930,246483,249844,389351,352220,333724,325220,318855,264616,258521,250910,233333,221812,232424,233608,241482,254763,296809
 "36103","Suffolk, NY",2,CAINC45,20,"..."," Cash receipts: Livestock and products ","Thousands of dollars",17760,14837,11682,11146,15835,14025,13541,14770,12973,12373,14989,14831,17168,17358,17938,22062,19691,19866,15797,13302,16484,19090,17271,14674,19061,17439,18403,19720,12738,11941,11478,13459,14168,35192,23493,22367,20937,21180,15615,23249,23981,28238,35304,42977,37505,37109,39829,21991,20009,22835,18771,20622,21117,33904
 "36103","Suffolk, NY",2,CAINC45,60,"..."," Cash receipts: Crops ","Thousands of dollars",34994,36456,37223,35619,46649,54896,59076,58835,55806,80769,82345,100547,105546,92130,100517,113146,110373,122690,131292,135575,149064,141598,139721,156411,141038,132487,132823,118633,157503,171475,169175,178230,170389,183916,179682,185560,202993,225303,234229,366102,328239,305486,289916,275878,227111,221412,211081,211342,201803,209589,214837,220860,233646,262905
 "36103","Suffolk, NY",2,CAINC45,120,"...","Other income ","Thousands of dollars",675,733,807,873,1107,1501,1631,1625,1422,971,1134,1102,1025,1002,1184,1294,1391,1377,1241,1300,1381,1404,1272,1492,1913,2285,2716,2566,3732,3652,4597,6224,3873,6041,5574,6257,4261,3658,4124,7806,10437,15450,16037,28972,33489,25675,18845,13445,20581,16856,29197,41321,26737,33617
 "36103","Suffolk, NY",2,CAINC45,130,"..."," Government payments ","Thousands of dollars",99,100,85,69,43,0,73,69,86,47,50,51,52,50,132,124,90,76,102,101,128,187,83,209,170,101,80,50,44,56,97,399,298,242,103,325,136,248,363,601,239,294,523,1356,645,236,301,158,336,285,142,27838,15310,2148
 "36103","Suffolk, NY",2,CAINC45,140,"..."," Imputed and miscellaneous income received 1/","Thousands of dollars",576,633,722,804,1064,1501,1558,1556,1336,924,1084,1051,973,952,1052,1170,1301,1301,1139,1199,1253,1217,1189,1283,1743,2184,2636,2516,3688,3596,4500,5825,3575,5799,5471,5932,4125,3410,3761,7205,10198,15156,15514,27616,32844,25439,18544,13287,20245,16571,29055,13483,11427,31469
 "36103","Suffolk, NY",2,CAINC45,150,"...","Production expenses ","Thousands of dollars",42134,42234,43715,44170,52663,64918,68644,70177,72556,72205,78713,82783,83947,80330,85312,90960,89640,89134,104187,111651,123155,133842,136468,129297,137004,139009,150941,150735,174716,184383,183120,198452,211066,246333,213930,204294,181456,186920,205857,215972,202835,199006,197362,239674,234700,249259,223614,224943,218239,217537,191723,206541,204711,279984
 "36103","Suffolk, NY",2,CAINC45,160,"..."," Feed purchased ","Thousands of dollars",7385,7310,6692,5958,7771,10007,9009,9806,8911,8358,9401,10735,11033,8767,9980,8810,7957,7969,8239,7725,7674,6735,5772,4688,4665,4263,4737,4562,5946,5978,5269,4461,4374,4119,3876,4264,3832,4504,5644,8326,8031,9964,11444,13734,12686,11064,8795,5902,3996,3956,3773,4159,3969,3861
 "36103","Suffolk, NY",2,CAINC45,170,"..."," Livestock purchased ","Thousands of dollars",1620,1701,1759,1835,2200,2250,1944,1905,1644,1610,2605,2270,2242,1651,1513,1360,1021,1034,1456,1092,1760,2075,2137,1805,3282,3173,3917,3430,2015,1801,1981,2091,2387,5371,2290,2409,3346,4585,2264,2672,4148,3330,3643,4608,2908,2992,2331,1295,860,1339,1043,1280,1271,1356
 "36103","Suffolk, NY",2,CAINC45,180,"..."," Seed purchased ","Thousands of dollars",3610,3649,3879,3758,5152,6445,6158,7083,7280,6722,6773,6882,6734,5728,4945,6319,5929,6067,6960,8749,9519,9791,11170,8691,10514,12864,16548,20008,25555,27534,23484,27382,27643,35810,35244,30467,26146,25747,30388,29354,23957,19918,17532,17111,19163,22478,22810,27266,30802,29263,25103,28183,23563,42434
 "36103","Suffolk, NY",2,CAINC45,190,"..."," Fertilizer and lime (incl. ag. chemicals 1978-fwd.) ","Thousands of dollars",6350,6026,6511,7041,7714,10055,10108,8358,7164,7188,8335,9002,8768,8085,7806,8800,8202,7391,8367,8052,8728,8676,9155,7652,6638,7381,8299,7048,8391,8749,8578,8927,10316,9938,9724,9975,10246,10792,11688,13378,11724,11548,12620,14673,14596,15134,12551,12022,10325,11903,10627,12260,13262,17294
 "36103","Suffolk, NY",2,CAINC45,200,"..."," Petroleum products purchased ","Thousands of dollars",1583,1629,1767,1777,2039,2990,4005,5050,5750,6047,6515,8206,8194,6781,6307,6372,5621,4568,4709,4575,4573,5629,5496,4773,4806,4452,4875,5112,5573,5145,4823,6498,6346,6015,6872,8730,10181,11937,14665,18519,15800,17397,21144,25722,28366,29438,22684,19633,21603,21288,21010,19303,21702,31881
 "36103","Suffolk, NY",2,CAINC45,210,"..."," Hired farm labor expenses 2/","Thousands of dollars",9580,9502,10210,10325,12481,14773,17287,17355,19542,18160,19186,19480,18891,21028,21094,22464,24223,23140,27349,30623,33438,39469,39139,35856,40292,38501,43655,44062,51745,54376,50289,58639,62653,79165,70086,68929,55674,61220,73370,68845,65781,64928,58047,85009,83768,88052,74628,81596,77628,73475,58512,64054,62080,92449
 "36103","Suffolk, NY",2,CAINC45,220,"..."," All other production expenses 3/","Thousands of dollars",12006,12417,12897,13476,15306,18398,20133,20620,22265,24120,25898,26208,28085,28290,33667,36835,36687,38965,47107,50835,57463,61467,63599,65832,66807,68375,68910,66513,75491,80800,88696,90454,97347,105915,85838,79520,72031,68135,67838,74878,73394,71921,72932,78817,73213,80101,79815,77229,73025,76313,71655,77302,78864,90709
 "36103","Suffolk, NY",2,CAINC45,240,"...","Value of inventory change ","Thousands of dollars",-478,-4041,-231,-5498,512,1067,626,-296,7054,3558,4560,5471,7278,5582,-1753,117,5544,159,2542,-110,1078,1742,-1377,2855,1036,3331,-3820,5266,-436,1629,354,-1201,109,2640,-774,1377,-1194,2096,135,1040,-965,2061,-1745,1446,-80,67,561,-726,418,-147,-581,97,758,-254
 "36103","Suffolk, NY",2,CAINC45,250,"..."," Value of inventory change: livestock ","Thousands of dollars",-7,-57,-66,-205,-5,-202,-129,-173,7,-7,9,10,-1,-28,-7,-3,-70,-9,-9,20,-13,-13,-10,4,-4,-13,-4,-1,6,-10,-4,13,-3,5,-3,6,-3,4,-2,4,-11,24,-18,-19,7,10,22,-17,-2,-14,21,-4,-8,3
 "36103","Suffolk, NY",2,CAINC45,260,"..."," Value of inventory change: crops ","Thousands of dollars",-471,-3984,-165,-5293,517,1269,755,-123,7047,3565,4551,5461,7279,5610,-1746,120,5614,168,2551,-130,1091,1755,-1111,2058,1248,2127,-2352,4137,-931,1099,1743,-1982,839,1039,314,298,866,800,-1249,657,-938,379,-1256,786,102,-858,-335,-642,373,-179,-231,-256,-74,-290
 "36103","Suffolk, NY",2,CAINC45,265,"..."," Value of inventory change: materials and supplies ","Thousands of dollars",(NA),(NA),(NA),(NA),(NA),(NA),(NA),(NA),(NA),(NA),(NA),(NA),(NA),(NA),(NA),(NA),(NA),(NA),(NA),(NA),(NA),(NA),-256,793,-208,1217,-1464,1130,489,540,-1385,768,-727,1596,-1085,1073,-2057,1292,1386,379,-16,1658,-471,679,-189,915,874,-67,47,46,-371,357,840,33
 "36103","Suffolk, NY",2,CAINC45,270,"...","Cash receipts and other income ","Thousands of dollars",53429,52026,49712,47638,63591,70422,74248,75230,70201,94113,98468,116480,123739,110490,119639,136502,131455,143933,148330,150177,166929,162092,158264,172577,162012,152211,153942,140919,173973,187068,185250,197913,188430,225149,208749,214184,228191,250141,253968,397157,362657,349174,341257,347827,298105,284196,269755,246778,242393,249280,262805,282803,281500,330426
 "36103","Suffolk, NY",2,CAINC45,280,"..."," Less: Production expenses ","Thousands of dollars",42134,42234,43715,44170,52663,64918,68644,70177,72556,72205,78713,82783,83947,80330,85312,90960,89640,89134,104187,111651,123155,133842,136468,129297,137004,139009,150941,150735,174716,184383,183120,198452,211066,246333,213930,204294,181456,186920,205857,215972,202835,199006,197362,239674,234700,249259,223614,224943,218239,217537,191723,206541,204711,279984
 "36103","Suffolk, NY",2,CAINC45,290,"...","Equals: Realized net income ","Thousands of dollars",11295,9792,5997,3468,10928,5504,5604,5053,-2355,21908,19755,33697,39792,30160,34327,45542,41815,54799,44143,38526,43774,28250,21796,43280,25008,13202,3001,-9816,-743,2685,2130,-539,-22636,-21184,-5181,9890,46735,63221,48111,181185,159822,150168,143895,108153,63405,34937,46141,21835,24154,31743,71082,76262,76789,50442
 "36103","Suffolk, NY",2,CAINC45,300,"..."," Plus: Value of inventory change ","Thousands of dollars",-478,-4041,-231,-5498,512,1067,626,-296,7054,3558,4560,5471,7278,5582,-1753,117,5544,159,2542,-110,1078,1742,-1377,2855,1036,3331,-3820,5266,-436,1629,354,-1201,109,2640,-774,1377,-1194,2096,135,1040,-965,2061,-1745,1446,-80,67,561,-726,418,-147,-581,97,758,-254
 "36103","Suffolk, NY",2,CAINC45,310,"...","Equals: Net income including corporate farms ","Thousands of dollars",10817,5751,5766,-2030,11440,6571,6230,4757,4699,25466,24315,39168,47070,35742,32574,45659,47359,54958,46685,38416,44852,29992,20419,46135,26044,16533,-819,-4550,-1179,4314,2484,-1740,-22527,-18544,-5955,11267,45541,65317,48246,182225,158857,152229,142150,109599,63325,35004,46702,21109,24572,31596,70501,76359,77547,50188
 "36103","Suffolk, NY",2,CAINC45,320,"..."," Less: Net income of corporate farms ","Thousands of dollars",1873,967,1135,-157,4262,1485,1629,1136,900,6324,6600,2555,8983,3592,1658,8421,11697,13224,12346,8227,16658,13169,7053,17824,8388,8570,-790,-3107,-1095,2171,888,-1837,-19265,-12314,-4695,8202,25648,29282,26934,77337,41752,58424,68389,44786,22416,12543,7680,8368,8077,21690,33122,39116,49490,36995
 "36103","Suffolk, NY",2,CAINC45,330,"..."," Plus: Statistical adjustment ","Thousands of dollars",1,1,1,1,1,1,0,-1,-1,1,1,-1,1,-1,1,1,1,1,1,1,-1,1,1,1,1,-1,-1,1,1,-1,1,-1,-1,1,-1,-1,-1,0,-1,-1,-2,1,-1,1,0,1,0,-1,0,-1,1,1,0,-1
 "36103","Suffolk, NY",2,CAINC45,340,"...","Equals: Farm proprietors' income ","Thousands of dollars",8945,4785,4632,-1872,7179,5087,4601,3620,3798,19143,17716,36612,38088,32149,30917,37239,35663,41735,34340,30190,28193,16824,13367,28312,17657,7962,-30,-1442,-83,2142,1597,96,-3263,-6229,-1261,3064,19892,36035,21311,104887,117103,93806,73760,64814,40909,22462,39022,12740,16495,9905,37380,37244,28057,13192
 "36103","Suffolk, NY",2,CAINC45,350,"..."," Plus: Farm wages and salaries ","Thousands of dollars",8927,9192,9787,9789,12321,14450,15990,15534,17015,16535,18021,18707,18392,20774,20343,20607,21261,20224,20644,23888,25870,30956,30505,30019,33258,33010,37620,39984,43057,44457,41408,49010,51314,65530,58728,57139,46008,50493,60416,56285,53119,53371,46947,70998,71691,76762,62353,70816,67596,63593,50603,54740,51972,74190
 "36103","Suffolk, NY",2,CAINC45,360,"..."," Plus: Farm supplements to wages and salaries ","Thousands of dollars",929,957,1107,1128,1438,1746,2081,2498,3116,3071,3050,2832,2418,2215,2525,2526,2654,2630,2949,3273,4188,5296,5929,6104,7124,7464,8224,7728,7588,7834,7680,9149,10623,11282,10111,9760,8476,9686,13621,16961,15087,14703,14004,17683,20463,20817,19063,20814,22433,17580,15890,15808,16665,26974
 "36103","Suffolk, NY",2,CAINC45,370,"...","Equals: Farm earnings ","Thousands of dollars",18801,14934,15526,9045,20938,21283,22672,21652,23929,38749,38787,58151,58898,55138,53785,60372,59578,64589,57933,57351,58251,53076,49801,64435,58039,48436,45814,46270,50562,54433,50685,58255,58674,70583,67578,69963,74376,96214,95348,178133,185309,161880,134711,153495,133063,120041,120438,104370,106524,91078,103873,107792,96694,114356
 "36105","Sullivan, NY",2,CAINC45,10,"...","Cash receipts from marketings (thousands of dollars) ","Thousands of dollars",30636,27836,24298,24536,34103,32740,32154,35862,33145,33445,41769,43217,48299,47646,44589,45934,36285,30705,22824,21123,23865,25356,22883,22356,23836,22392,22261,22886,23503,24914,23932,24844,25661,36175,36472,40689,37995,38466,39445,40999,29005,28654,30014,29603,29853,33378,35898,23261,23930,26418,22335,24246,25930,42050
 "36105","Sullivan, NY",2,CAINC45,20,"..."," Cash receipts: Livestock and products ","Thousands of dollars",29897,27046,23442,23659,32958,31450,30787,34502,31824,32174,40543,41780,46722,46253,43144,44370,34876,28825,20659,18950,21731,23329,20958,20195,21962,20497,20364,21025,21716,22910,21914,22494,23356,33217,32367,36390,33625,33567,37355,38077,26234,25850,27022,26169,25213,28558,31021,18077,18700,20946,16721,18472,19786,35124
 "36105","Sullivan, NY",2,CAINC45,60,"..."," Cash receipts: Crops ","Thousands of dollars",739,790,856,877,1145,1290,1367,1360,1321,1271,1226,1437,1577,1393,1445,1564,1409,1880,2165,2173,2134,2027,1925,2161,1874,1895,1897,1861,1787,2004,2018,2350,2305,2958,4105,4299,4370,4899,2090,2922,2771,2804,2992,3434,4640,4820,4877,5184,5230,5472,5614,5774,6144,6926
 "36105","Sullivan, NY",2,CAINC45,120,"...","Other income ","Thousands of dollars",293,379,464,565,735,1088,1105,1045,860,849,765,762,720,712,854,1211,863,830,866,752,920,652,504,859,716,843,726,936,937,956,1514,1968,1655,2417,2018,1665,1484,1389,1127,1415,2119,1877,1632,2681,3858,3847,3274,2682,4196,3545,6167,6632,3432,6912
 "36105","Sullivan, NY",2,CAINC45,130,"..."," Government payments ","Thousands of dollars",50,45,44,63,38,68,69,60,72,246,54,72,75,65,219,575,232,256,351,266,473,273,186,583,345,380,169,394,168,146,468,586,764,1081,752,289,511,572,231,167,696,154,100,265,145,58,90,153,83,206,264,3865,1009,377
 "36105","Sullivan, NY",2,CAINC45,140,"..."," Imputed and miscellaneous income received 1/","Thousands of dollars",243,334,420,502,697,1020,1036,985,788,603,711,690,645,647,635,636,631,574,515,486,447,379,318,276,371,463,557,542,769,810,1046,1382,891,1336,1266,1376,973,817,896,1248,1423,1723,1532,2416,3713,3789,3184,2529,4113,3339,5903,2767,2423,6535
 "36105","Sullivan, NY",2,CAINC45,150,"...","Production expenses ","Thousands of dollars",25180,25445,24963,24074,29497,30456,30155,33046,31787,32394,39964,42467,47654,45534,44802,42356,31052,26606,21370,20685,23276,24057,21378,21529,22440,22912,23204,22930,26093,27681,28095,27843,29571,32222,29559,31687,31198,35955,42038,38892,33005,29752,27318,28120,31352,37802,39334,40688,43326,45458,40975,44682,44614,53102
 "36105","Sullivan, NY",2,CAINC45,160,"..."," Feed purchased ","Thousands of dollars",11040,11680,11342,10636,14538,16281,14666,16444,14551,13822,16711,19226,21514,18555,19064,16429,11594,9623,6449,6553,7193,6980,6071,6130,6251,6205,6712,6993,9451,9745,8834,7717,7838,7685,7069,7620,6725,7777,9599,10272,7686,7621,7133,7106,8030,8674,8978,8531,9708,9610,9165,10102,9642,9379
 "36105","Sullivan, NY",2,CAINC45,170,"..."," Livestock purchased ","Thousands of dollars",4218,3966,3667,3455,3750,2906,2783,3125,2929,3278,5304,4351,4386,3295,3321,3618,2707,3009,3872,2569,3280,3367,2595,1966,2816,2617,2937,2351,2078,1892,1834,1432,1359,1442,1054,1584,2471,3883,3281,2769,3110,2277,2273,2519,2412,3759,3993,3203,3406,5202,3976,4855,5065,5990
 "36105","Sullivan, NY",2,CAINC45,180,"..."," Seed purchased ","Thousands of dollars",64,65,69,67,91,96,98,122,127,122,144,160,184,183,138,166,120,101,74,97,111,118,126,113,114,130,145,174,217,237,205,242,247,322,307,257,213,201,225,238,221,211,218,256,248,248,216,222,217,206,177,198,166,299
 "36105","Sullivan, NY",2,CAINC45,190,"..."," Fertilizer and lime (incl. ag. chemicals 1978-fwd.) ","Thousands of dollars",145,143,157,169,199,246,303,291,305,359,427,447,454,437,416,508,425,377,350,375,454,495,518,520,450,525,560,500,605,609,578,582,652,610,552,522,496,481,478,584,551,578,668,820,752,687,486,375,233,268,239,276,298,389
 "36105","Sullivan, NY",2,CAINC45,200,"..."," Petroleum products purchased ","Thousands of dollars",384,356,354,332,361,423,579,755,834,885,1123,1528,1747,1631,1409,1425,1012,692,456,484,529,702,670,684,644,590,574,596,613,633,653,959,1012,1028,1082,1300,1457,1656,1987,2025,1443,1341,1384,1444,1771,1996,1667,1561,1857,1830,1807,1660,1867,2743
 "36105","Sullivan, NY",2,CAINC45,210,"..."," Hired farm labor expenses 2/","Thousands of dollars",2491,2410,2515,2475,2913,2817,2913,2665,2613,2206,2737,2976,3383,4176,3560,3486,2730,1994,1382,1501,1626,1866,1673,1648,1628,1490,1448,1309,1380,2178,2571,3383,4052,5595,5799,6357,5760,6964,9173,7157,5698,4470,3082,3133,4248,5674,5655,7391,7909,7446,5990,6425,5982,9465
 "36105","Sullivan, NY",2,CAINC45,220,"..."," All other production expenses 3/","Thousands of dollars",6838,6825,6859,6940,7645,7687,8813,9644,10428,11722,13518,13779,15986,17257,16894,16724,12464,10810,8787,9106,10083,10529,9725,10468,10537,11355,10828,11007,11749,12387,13420,13528,14411,15540,13696,14047,14076,14993,17295,15847,14296,13254,12560,12842,13891,16764,18339,19405,19996,20896,19621,21166,21594,24837
 "36105","Sullivan, NY",2,CAINC45,240,"...","Value of inventory change ","Thousands of dollars",-101,-146,-99,-382,89,-186,-144,-308,-341,-247,746,606,712,-271,-297,-62,-2998,-858,-625,-1004,-58,-13,-153,74,-111,362,-577,393,-165,-151,-295,-253,-80,692,-101,254,-1097,686,529,23,-211,399,39,24,539,-30,116,-56,184,-16,-329,-522,1002,-107
 "36105","Sullivan, NY",2,CAINC45,250,"..."," Value of inventory change: livestock ","Thousands of dollars",-67,-120,-143,-327,64,-121,-132,-442,-277,-390,683,520,826,-279,-196,-63,-3023,-916,-571,-650,-15,3,46,15,-100,-217,101,5,-304,-85,84,-365,-228,522,-269,297,-316,250,188,-138,-64,64,43,39,186,26,204,92,-84,-115,107,-103,-27,54
 "36105","Sullivan, NY",2,CAINC45,260,"..."," Value of inventory change: crops ","Thousands of dollars",-34,-26,44,-55,25,-65,-12,134,-64,143,63,86,-114,8,-101,1,25,58,-54,-354,-43,-16,-110,-220,59,181,-213,38,-8,-217,-20,-73,312,-166,411,-296,-275,106,-13,70,-143,8,80,-124,385,-215,-246,-135,259,90,-364,-489,865,-167
 "36105","Sullivan, NY",2,CAINC45,265,"..."," Value of inventory change: materials and supplies ","Thousands of dollars",(NA),(NA),(NA),(NA),(NA),(NA),(NA),(NA),(NA),(NA),(NA),(NA),(NA),(NA),(NA),(NA),(NA),(NA),(NA),(NA),(NA),(NA),-89,279,-70,398,-465,350,147,151,-359,185,-164,336,-243,253,-506,330,354,91,-4,327,-84,109,-32,159,158,-13,9,9,-72,70,164,6
 "36105","Sullivan, NY",2,CAINC45,270,"...","Cash receipts and other income ","Thousands of dollars",30929,28215,24762,25101,34838,33828,33259,36907,34005,34294,42534,43979,49019,48358,45443,47145,37148,31535,23690,21875,24785,26008,23387,23215,24552,23235,22987,23822,24440,25870,25446,26812,27316,38592,38490,42354,39479,39855,40572,42414,31124,30531,31646,32284,33711,37225,39172,25943,28126,29963,28502,30878,29362,48962
 "36105","Sullivan, NY",2,CAINC45,280,"..."," Less: Production expenses ","Thousands of dollars",25180,25445,24963,24074,29497,30456,30155,33046,31787,32394,39964,42467,47654,45534,44802,42356,31052,26606,21370,20685,23276,24057,21378,21529,22440,22912,23204,22930,26093,27681,28095,27843,29571,32222,29559,31687,31198,35955,42038,38892,33005,29752,27318,28120,31352,37802,39334,40688,43326,45458,40975,44682,44614,53102
 "36105","Sullivan, NY",2,CAINC45,290,"...","Equals: Realized net income ","Thousands of dollars",5749,2770,-201,1027,5341,3372,3104,3861,2218,1900,2570,1512,1365,2824,641,4789,6096,4929,2320,1190,1509,1951,2009,1686,2112,323,-217,892,-1653,-1811,-2649,-1031,-2255,6370,8931,10667,8281,3900,-1466,3522,-1881,779,4328,4164,2359,-577,-162,-14745,-15200,-15495,-12473,-13804,-15252,-4140
 "36105","Sullivan, NY",2,CAINC45,300,"..."," Plus: Value of inventory change ","Thousands of dollars",-101,-146,-99,-382,89,-186,-144,-308,-341,-247,746,606,712,-271,-297,-62,-2998,-858,-625,-1004,-58,-13,-153,74,-111,362,-577,393,-165,-151,-295,-253,-80,692,-101,254,-1097,686,529,23,-211,399,39,24,539,-30,116,-56,184,-16,-329,-522,1002,-107
 "36105","Sullivan, NY",2,CAINC45,310,"...","Equals: Net income including corporate farms ","Thousands of dollars",5648,2624,-300,645,5430,3186,2960,3553,1877,1653,3316,2118,2077,2553,344,4727,3098,4071,1695,186,1451,1938,1856,1760,2001,685,-794,1285,-1818,-1962,-2944,-1284,-2335,7062,8830,10921,7184,4586,-937,3545,-2092,1178,4367,4188,2898,-607,-46,-14801,-15016,-15511,-12802,-14326,-14250,-4247
 "36105","Sullivan, NY",2,CAINC45,320,"..."," Less: Net income of corporate farms ","Thousands of dollars",228,96,-10,38,370,127,145,169,75,89,265,51,172,128,7,272,175,148,36,4,58,104,86,224,189,94,-180,208,-292,-570,-1342,-687,-1242,4107,4251,6120,3122,1603,-676,1156,-1694,306,1315,982,573,-314,-28,-7164,-7677,-5128,-5622,-5987,-5056,-1296
 "36105","Sullivan, NY",2,CAINC45,330,"..."," Plus: Statistical adjustment ","Thousands of dollars",0,0,0,0,0,0,0,0,0,0,0,0,0,0,0,0,0,0,0,0,0,0,0,0,0,0,0,0,0,0,0,0,0,0,0,0,0,0,0,0,0,0,0,0,0,0,0,0,0,0,0,0,0,0
 "36105","Sullivan, NY",2,CAINC45,340,"...","Equals: Farm proprietors' income ","Thousands of dollars",5420,2528,-290,607,5060,3059,2815,3384,1802,1564,3051,2067,1905,2425,337,4455,2923,3923,1659,182,1393,1834,1770,1536,1812,591,-614,1077,-1526,-1392,-1602,-597,-1093,2955,4579,4801,4062,2983,-261,2389,-398,872,3052,3206,2325,-293,-18,-7637,-7339,-10383,-7180,-8339,-9194,-2951
 "36105","Sullivan, NY",2,CAINC45,350,"..."," Plus: Farm wages and salaries ","Thousands of dollars",2352,2324,2371,2285,2725,3084,3154,2801,2813,2485,2895,3182,3263,3867,3262,2773,2314,1675,1204,1339,1401,1612,1555,1493,1458,1267,1248,1114,973,1503,1792,2529,3047,4224,4577,5139,4688,5683,7404,5697,4375,3501,2370,2615,2651,2833,2298,2606,2487,2339,1880,2026,1926,2772
 "36105","Sullivan, NY",2,CAINC45,360,"..."," Plus: Farm supplements to wages and salaries ","Thousands of dollars",256,261,285,276,333,384,398,420,467,425,466,473,435,431,424,360,318,265,208,218,281,334,345,329,343,321,310,257,216,322,400,568,761,894,919,977,930,1136,1709,1758,1282,998,746,716,829,841,759,821,885,699,639,640,668,1050
 "36105","Sullivan, NY",2,CAINC45,370,"...","Equals: Farm earnings ","Thousands of dollars",8028,5113,2366,3168,8118,6527,6367,6605,5082,4474,6412,5722,5603,6723,4023,7588,5555,5863,3071,1739,3075,3780,3670,3358,3613,2179,944,2448,-337,433,590,2500,2715,8073,10075,10917,9680,9802,8852,9844,5259,5371,6168,6537,5805,3381,3039,-4210,-3967,-7345,-4661,-5673,-6600,871
 "36107","Tioga, NY",2,CAINC45,10,"...","Cash receipts from marketings (thousands of dollars) ","Thousands of dollars",14249,14337,14316,14614,17048,18340,19825,23503,23426,25738,30451,33300,35272,34253,35292,35283,32896,32242,31862,31586,34471,35162,32279,34223,34229,33873,32643,34850,28073,32621,32356,30256,35268,30881,30219,35645,35972,32696,36204,36895,27669,32031,37175,35563,40854,47679,38790,38537,41048,40490,43643,43148,46971,59590
 "36107","Tioga, NY",2,CAINC45,20,"..."," Cash receipts: Livestock and products ","Thousands of dollars",13262,13289,13209,13572,15615,16787,17857,21075,21014,23803,28512,31117,32928,32193,33276,33054,30804,29709,29162,28501,31245,31903,28708,30466,30427,30223,28971,31428,25245,29533,29251,26754,31836,24546,23295,28475,28657,24502,31369,29422,20307,24673,29126,26345,29303,36459,28243,27708,30571,29092,31840,30757,32837,43463
 "36107","Tioga, NY",2,CAINC45,60,"..."," Cash receipts: Crops ","Thousands of dollars",987,1048,1107,1042,1433,1553,1968,2428,2412,1935,1939,2183,2344,2060,2016,2229,2092,2533,2700,3085,3226,3259,3571,3757,3802,3650,3672,3422,2828,3088,3105,3502,3432,6335,6924,7170,7315,8194,4835,7473,7362,7358,8049,9218,11551,11220,10547,10829,10477,11398,11803,12391,14134,16127
 "36107","Tioga, NY",2,CAINC45,120,"...","Other income ","Thousands of dollars",533,525,528,615,755,894,835,807,678,833,850,864,885,981,1264,1710,1496,1824,2823,2026,1850,1763,1573,2058,1812,1673,2125,1929,2037,1975,2833,4467,2034,4378,3888,2932,2857,3251,2618,2997,4699,3358,3436,4806,5526,4700,4054,3675,4918,3717,6276,7257,4921,6638
 "36107","Tioga, NY",2,CAINC45,130,"..."," Government payments ","Thousands of dollars",229,176,138,182,169,107,84,83,84,264,124,89,90,118,331,680,358,702,1773,924,701,652,492,895,572,361,726,707,399,534,1182,2480,828,2623,2044,740,1174,1734,840,855,2420,700,1100,1526,1180,570,819,1137,1211,707,1049,4594,2602,668
 "36107","Tioga, NY",2,CAINC45,140,"..."," Imputed and miscellaneous income received 1/","Thousands of dollars",304,349,390,433,586,787,751,724,594,569,726,775,795,863,933,1030,1138,1122,1050,1102,1149,1111,1081,1163,1240,1312,1399,1222,1638,1441,1651,1987,1206,1755,1844,2192,1683,1517,1778,2142,2279,2658,2336,3280,4346,4130,3235,2538,3707,3010,5227,2663,2319,5970
 "36107","Tioga, NY",2,CAINC45,150,"...","Production expenses ","Thousands of dollars",10614,10950,11124,11107,13573,17192,18680,20754,22156,23680,28303,30927,33155,31150,33115,32291,29580,28863,29068,29279,31713,32364,31527,31264,30858,31240,31630,29643,29411,32487,34527,36104,39818,43631,36477,34725,31071,30786,32083,33161,30375,29630,29796,32756,34223,38719,38263,38918,40055,40840,37907,40770,40750,49372
 "36107","Tioga, NY",2,CAINC45,160,"..."," Feed purchased ","Thousands of dollars",3493,3784,3744,3567,4939,6709,6431,7465,7248,7278,8425,9889,10435,8506,9508,8229,7274,7117,6492,6735,7458,7320,7057,7033,6515,5955,6187,5712,6347,7010,6812,6383,6961,7335,6136,6018,4829,5074,5682,6463,5155,5466,5493,5897,6591,7043,7213,6783,7641,7563,7214,7953,7590,7383
 "36107","Tioga, NY",2,CAINC45,170,"..."," Livestock purchased ","Thousands of dollars",1018,971,917,878,970,917,1147,1530,1735,2189,3453,2929,2814,2013,1776,1531,1095,1047,1253,1133,1782,2097,2212,2385,2909,2653,2676,2058,1248,1269,1276,874,983,569,339,493,772,959,867,669,814,731,849,889,717,852,444,383,226,291,307,325,342,302
 "36107","Tioga, NY",2,CAINC45,180,"..."," Seed purchased ","Thousands of dollars",210,204,211,199,267,327,380,514,605,628,623,623,599,500,424,531,490,494,499,593,614,601,648,529,480,517,563,614,618,633,517,578,562,703,828,841,836,944,1266,1323,1210,1142,1158,1337,1586,1912,1983,2415,2770,2631,2257,2534,2119,3816
 "36107","Tioga, NY",2,CAINC45,190,"..."," Fertilizer and lime (incl. ag. chemicals 1978-fwd.) ","Thousands of dollars",474,454,488,516,610,915,1131,1042,1159,1355,1551,1654,1593,1450,1399,1578,1470,1324,1350,1291,1394,1373,1418,1277,1116,1344,1524,1340,1454,1632,1707,1879,2282,2299,1979,1772,1571,1410,1275,1409,1220,1189,1287,1492,1672,1912,1749,1849,1757,2026,1809,2087,2258,2944
 "36107","Tioga, NY",2,CAINC45,200,"..."," Petroleum products purchased ","Thousands of dollars",382,358,359,340,372,523,675,831,927,961,1170,1631,1779,1588,1470,1480,1298,1049,965,943,950,1170,1140,1074,1031,981,1027,1059,994,1113,1219,1874,2050,2142,1913,2001,1986,2030,2217,2420,1856,1861,2082,2360,2922,3320,2792,2632,3148,3102,3061,2813,3163,4647
 "36107","Tioga, NY",2,CAINC45,210,"..."," Hired farm labor expenses 2/","Thousands of dollars",843,826,873,870,1038,1197,1571,1726,2098,2084,2117,2026,1890,1983,2093,2324,2540,2485,2696,2926,3101,3470,3321,3173,3304,3247,3504,3333,3313,3466,3144,3572,3783,4713,3927,3689,2838,2968,3303,2914,2652,2385,2022,2670,2940,3432,3095,3727,3715,3492,2851,3042,2817,4445
 "36107","Tioga, NY",2,CAINC45,220,"..."," All other production expenses 3/","Thousands of dollars",4194,4353,4532,4737,5377,6604,7345,7646,8384,9185,10964,12175,14045,15110,16445,16618,15413,15347,15813,15658,16414,16333,15731,15793,15503,16543,16149,15527,15437,17364,19852,20944,23197,25870,21355,19911,18239,17401,17473,17963,17468,16856,16905,18111,17795,20248,20987,21129,20798,21735,20408,22016,22461,25835
 "36107","Tioga, NY",2,CAINC45,240,"...","Value of inventory change ","Thousands of dollars",-192,-42,12,-339,224,281,247,-182,-642,-103,1077,795,1421,545,-210,-429,-970,-876,-931,-2250,-181,96,-188,-155,-148,280,-454,681,-482,-373,-473,-957,535,1062,114,-345,-1070,807,545,-472,-294,17,-276,-522,1238,-716,-522,-371,-52,-321,-1207,-1880,1360,-1541
 "36107","Tioga, NY",2,CAINC45,250,"..."," Value of inventory change: livestock ","Thousands of dollars",-129,-79,-89,-33,141,433,158,-309,-568,-375,838,646,1438,561,202,-434,-1195,-912,-819,-1310,-75,97,87,10,-255,-525,338,341,-677,-262,-14,-977,134,917,-422,-113,-170,337,272,-961,402,-81,74,-144,625,-108,319,518,-192,-411,200,-517,3,130
 "36107","Tioga, NY",2,CAINC45,260,"..."," Value of inventory change: crops ","Thousands of dollars",-63,37,101,-306,83,-152,89,127,-74,272,239,149,-17,-16,-412,5,225,36,-112,-940,-106,-1,-172,-488,183,402,-353,31,73,-249,-100,-181,595,-285,811,-490,-432,190,-7,414,-693,-211,-265,-497,648,-791,-1028,-874,129,79,-1317,-1450,1153,-1679
 "36107","Tioga, NY",2,CAINC45,265,"..."," Value of inventory change: materials and supplies ","Thousands of dollars",(NA),(NA),(NA),(NA),(NA),(NA),(NA),(NA),(NA),(NA),(NA),(NA),(NA),(NA),(NA),(NA),(NA),(NA),(NA),(NA),(NA),(NA),-103,323,-76,403,-439,309,122,138,-359,201,-194,430,-275,258,-468,280,280,75,-3,309,-85,119,-35,183,187,-15,11,11,-90,87,204,8
 "36107","Tioga, NY",2,CAINC45,270,"...","Cash receipts and other income ","Thousands of dollars",14782,14862,14844,15229,17803,19234,20660,24310,24104,26571,31301,34164,36157,35234,36556,36993,34392,34066,34685,33612,36321,36925,33852,36281,36041,35546,34768,36779,30110,34596,35189,34723,37302,35259,34107,38577,38829,35947,38822,39892,32368,35389,40611,40369,46380,52379,42844,42212,45966,44207,49919,50405,51892,66228
 "36107","Tioga, NY",2,CAINC45,280,"..."," Less: Production expenses ","Thousands of dollars",10614,10950,11124,11107,13573,17192,18680,20754,22156,23680,28303,30927,33155,31150,33115,32291,29580,28863,29068,29279,31713,32364,31527,31264,30858,31240,31630,29643,29411,32487,34527,36104,39818,43631,36477,34725,31071,30786,32083,33161,30375,29630,29796,32756,34223,38719,38263,38918,40055,40840,37907,40770,40750,49372
 "36107","Tioga, NY",2,CAINC45,290,"...","Equals: Realized net income ","Thousands of dollars",4168,3912,3720,4122,4230,2042,1980,3556,1948,2891,2998,3237,3002,4084,3441,4702,4812,5203,5617,4333,4608,4561,2325,5017,5183,4306,3138,7136,699,2109,662,-1381,-2516,-8372,-2370,3852,7758,5161,6739,6731,1993,5759,10815,7613,12157,13660,4581,3294,5911,3367,12012,9635,11142,16856
 "36107","Tioga, NY",2,CAINC45,300,"..."," Plus: Value of inventory change ","Thousands of dollars",-192,-42,12,-339,224,281,247,-182,-642,-103,1077,795,1421,545,-210,-429,-970,-876,-931,-2250,-181,96,-188,-155,-148,280,-454,681,-482,-373,-473,-957,535,1062,114,-345,-1070,807,545,-472,-294,17,-276,-522,1238,-716,-522,-371,-52,-321,-1207,-1880,1360,-1541
 "36107","Tioga, NY",2,CAINC45,310,"...","Equals: Net income including corporate farms ","Thousands of dollars",3976,3870,3732,3783,4454,2323,2227,3374,1306,2788,4075,4032,4423,4629,3231,4273,3842,4327,4686,2083,4427,4657,2137,4862,5035,4586,2684,7817,217,1736,189,-2338,-1981,-7310,-2256,3507,6688,5968,7284,6259,1699,5776,10539,7091,13395,12944,4059,2923,5859,3046,10805,7755,12502,15315
 "36107","Tioga, NY",2,CAINC45,320,"..."," Less: Net income of corporate farms ","Thousands of dollars",89,70,67,89,108,29,42,71,26,81,118,26,74,37,11,43,41,35,30,10,35,42,14,37,31,43,23,105,2,26,3,-152,-121,-565,-230,316,484,379,547,391,71,386,955,589,1015,1041,156,283,490,531,1291,1010,2028,2871
 "36107","Tioga, NY",2,CAINC45,330,"..."," Plus: Statistical adjustment ","Thousands of dollars",0,0,0,0,0,0,0,0,0,0,0,0,0,0,0,0,0,0,0,0,0,0,0,0,0,0,0,0,0,0,0,0,0,0,0,0,0,0,0,0,0,0,0,0,0,0,0,0,0,0,0,0,0,0
 "36107","Tioga, NY",2,CAINC45,340,"...","Equals: Farm proprietors' income ","Thousands of dollars",3887,3800,3665,3694,4346,2294,2185,3303,1280,2707,3957,4006,4349,4592,3220,4230,3801,4292,4656,2073,4392,4615,2123,4825,5004,4543,2661,7712,215,1710,186,-2186,-1860,-6745,-2026,3191,6204,5589,6737,5868,1628,5390,9584,6502,12380,11903,3903,2640,5369,2515,9514,6745,10474,12444
 "36107","Tioga, NY",2,CAINC45,350,"..."," Plus: Farm wages and salaries ","Thousands of dollars",754,758,783,767,938,1078,1328,1408,1669,1707,1765,1743,1615,1752,1764,1841,1947,1902,2003,2242,2360,2746,2656,2568,2655,2467,2627,2585,2566,2622,2420,2848,2975,3761,3187,2919,2231,2310,2599,2261,1992,1874,1543,2195,2220,2376,1929,2189,2089,1966,1571,1696,1610,2305
 "36107","Tioga, NY",2,CAINC45,360,"..."," Plus: Farm supplements to wages and salaries ","Thousands of dollars",81,83,94,93,117,139,167,205,255,258,260,248,216,202,234,241,257,270,299,323,416,519,569,582,632,618,631,553,504,506,488,572,655,688,594,545,456,492,654,756,617,544,481,568,657,668,608,663,716,564,512,509,535,852
 "36107","Tioga, NY",2,CAINC45,370,"...","Equals: Farm earnings ","Thousands of dollars",4722,4641,4542,4554,5401,3511,3680,4916,3204,4672,5982,5997,6180,6546,5218,6312,6005,6464,6958,4638,7168,7880,5348,7975,8291,7628,5919,10850,3285,4838,3094,1234,1770,-2296,1755,6655,8891,8391,9990,8885,4237,7808,11608,9265,15257,14947,6440,5492,8174,5045,11597,8950,12619,15601
 "36109","Tompkins, NY",2,CAINC45,10,"...","Cash receipts from marketings (thousands of dollars) ","Thousands of dollars",16329,17981,18732,20632,28047,29963,28305,29930,26822,27078,40005,43363,46020,44144,44702,46053,45404,43849,45658,49119,54120,56300,57005,58193,69147,63856,72176,84718,51324,54216,52702,52849,56669,42053,41921,49085,49328,45557,60184,64793,51860,60453,70152,69464,72298,82542,64448,61690,64600,62169,67734,66411,72852,95666
 "36109","Tompkins, NY",2,CAINC45,20,"..."," Cash receipts: Livestock and products ","Thousands of dollars",15029,16393,17064,19039,25549,26777,24725,26032,23411,23958,36459,38863,41099,40024,40977,42278,41620,39305,40963,43772,49153,51432,51500,52886,64641,58533,66120,77959,44846,47435,45863,45036,48706,32082,31741,38542,38985,33815,43754,43293,31748,39938,48979,46143,50808,63347,47926,46238,51055,47730,52786,50646,54860,75189
 "36109","Tompkins, NY",2,CAINC45,60,"..."," Cash receipts: Crops ","Thousands of dollars",1300,1588,1668,1593,2498,3186,3580,3898,3411,3120,3546,4500,4921,4120,3725,3775,3784,4544,4695,5347,4967,4868,5505,5307,4506,5323,6056,6759,6478,6781,6839,7813,7963,9971,10180,10543,10343,11742,16430,21500,20112,20515,21173,23321,21490,19195,16522,15452,13545,14439,14948,15765,17992,20477
 "36109","Tompkins, NY",2,CAINC45,120,"...","Other income ","Thousands of dollars",790,718,663,779,765,737,729,781,766,1025,994,1008,1109,1316,2232,1981,2044,3296,3187,3050,2245,2218,2028,1972,2444,1679,1933,1716,1994,2559,3721,5698,3425,5428,5611,5409,4554,4524,4548,4480,5509,4656,3718,5236,6732,6048,5630,4914,7213,5480,10740,13042,7352,9864
 "36109","Tompkins, NY",2,CAINC45,130,"..."," Government payments ","Thousands of dollars",489,399,324,414,272,101,101,112,142,411,176,107,136,181,1072,731,690,2015,2016,1827,976,1002,855,722,1224,485,751,750,792,1037,1541,2624,1381,2022,2072,1234,1396,1710,1250,690,1758,608,591,1085,877,280,885,978,1197,729,2268,8987,3699,684
 "36109","Tompkins, NY",2,CAINC45,140,"..."," Imputed and miscellaneous income received 1/","Thousands of dollars",301,319,339,365,493,636,628,669,624,614,818,901,973,1135,1160,1250,1354,1281,1171,1223,1269,1216,1173,1250,1220,1194,1182,966,1202,1522,2180,3074,2044,3406,3539,4175,3158,2814,3298,3790,3751,4048,3127,4151,5855,5768,4745,3936,6016,4751,8472,4055,3653,9180
 "36109","Tompkins, NY",2,CAINC45,150,"...","Production expenses ","Thousands of dollars",14757,16019,17152,17922,22220,28317,26174,27238,25540,25116,37189,41894,43542,41711,43083,41942,38087,37594,41456,42627,46185,48676,48691,38897,43128,47038,56028,66239,51459,51067,49350,47672,48841,49440,44053,46023,44691,48738,55882,57875,54199,53335,53919,61082,62070,67266,63765,62946,61899,63244,58618,63230,63074,75819
 "36109","Tompkins, NY",2,CAINC45,160,"..."," Feed purchased ","Thousands of dollars",2721,3486,3870,4013,5932,8484,6475,6687,5157,4281,6234,7543,7655,6025,6994,6329,5853,6205,6592,6970,7756,7892,7786,6222,5922,5565,6289,6934,6456,7214,7086,6707,7383,7852,6662,6633,5412,5790,6617,8356,7317,8440,9156,10545,11398,11769,11634,10549,11444,11328,10805,11910,11367,11057
 "36109","Tompkins, NY",2,CAINC45,170,"..."," Livestock purchased ","Thousands of dollars",691,1037,1346,1653,2241,2525,1898,1821,1380,1253,2570,2330,2238,1609,1603,1581,1300,1498,2324,2038,2835,2513,2715,2590,5197,5617,8808,10791,4812,4628,4840,3922,4373,2479,1286,1493,1828,1697,1041,792,951,830,934,958,896,1309,856,1020,1030,1309,1388,1468,1561,1423
 "36109","Tompkins, NY",2,CAINC45,180,"..."," Seed purchased ","Thousands of dollars",193,206,228,228,320,408,372,455,449,418,588,686,714,646,547,688,639,671,764,918,948,955,1055,673,734,917,1193,1674,1501,1510,1209,1330,1271,1566,1628,1487,1348,1404,1752,1926,1846,1821,1927,2309,2417,2620,2479,2783,2972,2823,2422,2719,2273,4093
 "36109","Tompkins, NY",2,CAINC45,190,"..."," Fertilizer and lime (incl. ag. chemicals 1978-fwd.) ","Thousands of dollars",666,688,781,866,1039,1559,1579,1386,1291,1391,2042,2298,2165,1935,1887,2156,2046,1948,2242,2111,2212,2188,2260,1565,1510,1985,2570,2820,2658,2536,2272,2156,2265,1980,2160,2430,2702,3050,3508,3664,3001,2769,2838,3115,3313,3603,3142,3173,2882,3322,2966,3421,3701,4826
 "36109","Tompkins, NY",2,CAINC45,200,"..."," Petroleum products purchased ","Thousands of dollars",387,392,419,417,477,694,753,891,874,851,1289,1837,1904,1620,1549,1616,1479,1297,1395,1359,1345,1684,1652,1217,1225,1222,1416,1768,1417,1273,1160,1520,1445,1331,1517,1926,2244,2628,3225,3552,2745,2776,3128,3574,3991,4101,3126,2675,2905,2862,2825,2596,2919,4288
 "36109","Tompkins, NY",2,CAINC45,210,"..."," Hired farm labor expenses 2/","Thousands of dollars",1377,1635,2016,2264,2987,3777,4080,4240,4485,4154,5398,5519,5044,5301,5101,5194,5287,5034,5608,6759,7664,9517,9797,7698,8216,8170,9483,10738,8859,9058,8064,9087,9532,11716,10042,9941,8067,8865,10449,9459,9013,8424,7488,10216,10100,10492,8652,9335,8447,7929,6598,7010,6458,10110
 "36109","Tompkins, NY",2,CAINC45,220,"..."," All other production expenses 3/","Thousands of dollars",8722,8575,8492,8481,9224,10870,11017,11758,11904,12768,19068,21681,23822,24575,25402,24378,21483,20941,22531,22472,23425,23927,23426,18932,20324,23562,26269,31514,25756,24848,24719,22950,22572,22516,20758,22113,23090,25304,29290,30126,29326,28275,28448,30365,29955,33372,33876,33411,32219,33671,31614,34106,34795,40022
 "36109","Tompkins, NY",2,CAINC45,240,"...","Value of inventory change ","Thousands of dollars",-170,-4,9,-587,273,776,383,-389,-582,-160,1164,614,1448,371,-935,-272,-482,-583,-894,-2505,-209,293,-354,-309,158,672,-651,620,24,-94,-494,-1211,481,929,-35,-28,-1145,820,767,81,-977,-210,-958,-662,1249,-947,-525,-406,-365,-607,-1731,-2130,1236,-2029
 "36109","Tompkins, NY",2,CAINC45,250,"..."," Value of inventory change: livestock ","Thousands of dollars",-109,-86,-103,-121,115,269,65,-388,-519,-335,715,581,1166,434,152,-281,-988,-684,-716,-1086,-61,69,14,21,-222,-463,273,236,-558,-222,24,-929,63,980,-445,-66,-218,382,325,-1353,583,-120,91,-148,833,-162,418,707,-315,-480,173,-591,-4,153
 "36109","Tompkins, NY",2,CAINC45,260,"..."," Value of inventory change: crops ","Thousands of dollars",-61,82,112,-466,158,507,318,-1,-63,175,449,33,282,-63,-1087,9,506,101,-178,-1419,-148,224,-269,-644,457,705,-432,22,431,-33,-116,-498,619,-481,708,-262,-345,68,44,1322,-1555,-593,-904,-725,475,-1074,-1222,-1091,-65,-142,-1783,-1655,967,-2193
 "36109","Tompkins, NY",2,CAINC45,265,"..."," Value of inventory change: materials and supplies ","Thousands of dollars",(NA),(NA),(NA),(NA),(NA),(NA),(NA),(NA),(NA),(NA),(NA),(NA),(NA),(NA),(NA),(NA),(NA),(NA),(NA),(NA),(NA),(NA),-99,314,-77,430,-492,362,151,161,-402,216,-201,430,-298,300,-582,370,398,112,-5,503,-145,211,-59,289,279,-22,15,15,-121,116,273,11
 "36109","Tompkins, NY",2,CAINC45,270,"...","Cash receipts and other income ","Thousands of dollars",17119,18699,19395,21411,28812,30700,29034,30711,27588,28103,40999,44371,47129,45460,46934,48034,47448,47145,48845,52169,56365,58518,59033,60165,71591,65535,74109,86434,53318,56775,56423,58547,60094,47481,47532,54494,53882,50081,64732,69273,57369,65109,73870,74700,79030,88590,70078,66604,71813,67649,78474,79453,80204,105530
 "36109","Tompkins, NY",2,CAINC45,280,"..."," Less: Production expenses ","Thousands of dollars",14757,16019,17152,17922,22220,28317,26174,27238,25540,25116,37189,41894,43542,41711,43083,41942,38087,37594,41456,42627,46185,48676,48691,38897,43128,47038,56028,66239,51459,51067,49350,47672,48841,49440,44053,46023,44691,48738,55882,57875,54199,53335,53919,61082,62070,67266,63765,62946,61899,63244,58618,63230,63074,75819
 "36109","Tompkins, NY",2,CAINC45,290,"...","Equals: Realized net income ","Thousands of dollars",2362,2680,2243,3489,6592,2383,2860,3473,2048,2987,3810,2477,3587,3749,3851,6092,9361,9551,7389,9542,10180,9842,10342,21268,28463,18497,18081,20195,1859,5708,7073,10875,11253,-1959,3479,8471,9191,1343,8850,11398,3170,11774,19951,13618,16960,21324,6313,3658,9914,4405,19856,16223,17130,29711
 "36109","Tompkins, NY",2,CAINC45,300,"..."," Plus: Value of inventory change ","Thousands of dollars",-170,-4,9,-587,273,776,383,-389,-582,-160,1164,614,1448,371,-935,-272,-482,-583,-894,-2505,-209,293,-354,-309,158,672,-651,620,24,-94,-494,-1211,481,929,-35,-28,-1145,820,767,81,-977,-210,-958,-662,1249,-947,-525,-406,-365,-607,-1731,-2130,1236,-2029
 "36109","Tompkins, NY",2,CAINC45,310,"...","Equals: Net income including corporate farms ","Thousands of dollars",2192,2676,2252,2902,6865,3159,3243,3084,1466,2827,4974,3091,5035,4120,2916,5820,8879,8968,6495,7037,9971,10135,9988,20959,28621,19169,17430,20815,1883,5614,6579,9664,11734,-1030,3444,8443,8046,2163,9617,11479,2193,11564,18993,12956,18209,20377,5788,3252,9549,3798,18125,14093,18366,27682
 "36109","Tompkins, NY",2,CAINC45,320,"..."," Less: Net income of corporate farms ","Thousands of dollars",15,29,37,89,286,88,108,97,38,96,195,31,154,69,23,162,316,297,226,235,664,895,765,2803,2868,2666,1899,3159,177,547,540,1092,2172,-214,644,1684,1131,210,1071,1155,159,1410,3297,2150,2628,2986,390,531,1295,1076,3515,2979,4838,8422
 "36109","Tompkins, NY",2,CAINC45,330,"..."," Plus: Statistical adjustment ","Thousands of dollars",0,0,0,0,0,0,0,0,0,0,0,0,0,0,0,0,0,0,0,0,0,0,0,0,0,0,0,0,0,0,0,0,0,0,0,0,0,0,0,0,0,0,0,0,0,0,0,0,0,0,0,0,0,0
 "36109","Tompkins, NY",2,CAINC45,340,"...","Equals: Farm proprietors' income ","Thousands of dollars",2177,2647,2215,2813,6579,3071,3135,2987,1428,2731,4779,3060,4881,4051,2893,5658,8563,8671,6269,6802,9307,9240,9223,18156,25753,16503,15531,17656,1706,5067,6039,8572,9562,-816,2800,6759,6915,1953,8546,10324,2034,10154,15696,10806,15581,17391,5398,2721,8254,2722,14610,11114,13528,19260
 "36109","Tompkins, NY",2,CAINC45,350,"..."," Plus: Farm wages and salaries ","Thousands of dollars",1142,1411,1723,1912,2538,3230,3791,3808,4344,4290,4616,4742,4531,5183,4746,4481,4298,3766,3526,4342,4937,6149,6257,6318,6677,6302,6833,6906,7065,7021,6322,7266,7427,9221,8187,7868,6309,6849,8074,7270,6626,6444,5485,8056,8148,8717,7078,8035,7666,7213,5760,6222,5910,8461
 "36109","Tompkins, NY",2,CAINC45,360,"..."," Plus: Farm supplements to wages and salaries ","Thousands of dollars",109,138,180,210,288,379,408,454,516,506,585,614,584,584,616,566,554,510,517,603,799,1028,1172,1215,1372,1382,1473,1331,1258,1262,1205,1407,1605,1674,1516,1469,1303,1477,2086,2456,2069,1879,1715,2078,2408,2442,2225,2425,2607,2055,1861,1859,1950,3119
 "36109","Tompkins, NY",2,CAINC45,370,"...","Equals: Farm earnings ","Thousands of dollars",3428,4196,4118,4935,9405,6680,7334,7249,6288,7527,9980,8416,9996,9818,8255,10705,13415,12947,10312,11747,15043,16417,16652,25689,33802,24187,23837,25893,10029,13350,13566,17245,18594,10079,12503,16096,14527,10279,18706,20050,10729,18477,22896,20940,26137,28550,14701,13181,18527,11990,22231,19195,21388,30840
 "36111","Ulster, NY",2,CAINC45,10,"...","Cash receipts from marketings (thousands of dollars) ","Thousands of dollars",20979,19726,20467,18937,25660,27980,28311,29021,30618,37623,46671,46894,50124,48918,46111,49692,50182,48840,55101,57209,60059,58680,63499,58957,63684,58572,60703,57188,47821,47484,51380,54064,52453,39911,34484,38565,39624,41897,67482,69436,58251,61845,63901,62137,59786,59122,57071,59239,58348,44474,45530,50563,53876,57502
 "36111","Ulster, NY",2,CAINC45,20,"..."," Cash receipts: Livestock and products ","Thousands of dollars",8461,7874,7245,7401,9119,8815,8570,9719,9428,10295,15910,17022,17965,16967,18836,21710,22826,22344,25855,26239,26140,23647,22772,21012,29344,24445,23667,17063,6384,6986,6517,6862,7318,7778,5543,5785,6085,5553,5674,6564,6628,7847,9616,10784,9986,10223,9117,7910,7459,7740,8023,8016,7974,8677
 "36111","Ulster, NY",2,CAINC45,60,"..."," Cash receipts: Crops ","Thousands of dollars",12518,11852,13222,11536,16541,19165,19741,19302,21190,27328,30761,29872,32159,31951,27275,27982,27356,26496,29246,30970,33919,35033,40727,37945,34340,34127,37036,40125,41437,40498,44863,47202,45135,32133,28941,32780,33539,36344,61808,62872,51623,53998,54285,51353,49800,48899,47954,51329,50889,36734,37507,42547,45902,48825
 "36111","Ulster, NY",2,CAINC45,120,"...","Other income ","Thousands of dollars",510,490,463,489,513,566,560,607,566,701,739,817,795,780,1100,1578,1680,1976,2335,2134,2172,1967,1514,1465,1678,2036,1593,1309,1559,1610,2568,3292,4411,4442,5960,3030,3368,2019,2475,5299,7271,9666,6555,11869,17413,12654,10970,9828,19301,13365,19494,18704,19401,24585
 "36111","Ulster, NY",2,CAINC45,130,"..."," Government payments ","Thousands of dollars",153,136,116,141,80,54,55,58,42,166,77,128,107,53,169,401,218,431,541,381,482,483,214,219,421,764,297,224,155,139,660,759,2798,1828,3414,190,1322,269,506,434,326,363,275,598,317,178,141,280,205,216,237,8326,1905,3503
 "36111","Ulster, NY",2,CAINC45,140,"..."," Imputed and miscellaneous income received 1/","Thousands of dollars",357,354,347,348,433,512,505,549,524,535,662,689,688,727,931,1177,1462,1545,1794,1753,1690,1484,1300,1246,1257,1272,1296,1085,1404,1471,1908,2533,1613,2614,2546,2840,2046,1750,1969,4865,6945,9303,6280,11271,17096,12476,10829,9548,19096,13149,19257,10378,17496,21082
 "36111","Ulster, NY",2,CAINC45,150,"...","Production expenses ","Thousands of dollars",16384,17236,18255,19409,22725,28016,26042,27392,28981,34375,39594,43250,46492,47226,49490,50369,48000,46473,48671,48591,51405,52540,50548,49831,53724,54327,54716,51931,47216,46732,44877,44552,45169,48132,45347,47975,47253,52625,62954,60672,55215,52461,50624,57745,59111,64551,60584,61458,59739,60782,54488,58940,59348,75614
 "36111","Ulster, NY",2,CAINC45,160,"..."," Feed purchased ","Thousands of dollars",2944,2958,2746,2476,3269,4256,3440,3978,3801,4273,4611,5047,4967,3774,5420,5839,6289,7385,8002,7792,8081,7409,6656,6165,5391,4076,3324,2230,1347,1358,1202,1021,1005,953,934,1065,986,1188,1519,1912,1669,1921,2080,2391,2569,2636,2589,2330,2508,2483,2368,2611,2492,2424
 "36111","Ulster, NY",2,CAINC45,170,"..."," Livestock purchased ","Thousands of dollars",1016,947,871,811,871,800,606,618,550,642,1025,881,858,621,672,705,611,710,1035,822,959,852,831,679,1517,1484,1856,1180,416,573,767,848,1178,1332,512,522,688,717,379,328,548,447,500,606,490,605,478,524,468,659,655,722,703,509
 "36111","Ulster, NY",2,CAINC45,180,"..."," Seed purchased ","Thousands of dollars",320,282,265,229,283,321,312,418,485,564,637,724,790,746,591,688,586,543,497,624,680,699,790,670,750,869,1026,1201,1213,1368,1213,1459,1514,2008,2147,2013,1872,1994,2547,2482,2109,1843,1724,1822,1856,1958,1804,1974,2056,1953,1675,1880,1572,2831
 "36111","Ulster, NY",2,CAINC45,190,"..."," Fertilizer and lime (incl. ag. chemicals 1978-fwd.) ","Thousands of dollars",1300,1320,1490,1673,1791,2210,2085,2020,1869,2469,3061,3508,3602,3483,3396,3867,3641,3316,3421,3478,3980,4148,4529,4298,3967,4513,4868,4109,3902,3762,3409,3276,3491,3096,3162,3371,3585,3897,4342,4885,4302,4259,4679,5492,5758,6174,5307,5282,4728,5450,4866,5613,6073,7919
 "36111","Ulster, NY",2,CAINC45,200,"..."," Petroleum products purchased ","Thousands of dollars",521,515,539,528,595,858,969,1224,1385,1656,1925,2588,2741,2391,2222,2244,1978,1606,1489,1474,1502,1874,1843,1751,1912,1862,2006,2147,1922,1650,1432,1782,1600,1388,1661,2170,2579,3065,3802,4044,3018,2947,3208,3542,4039,4241,3309,2902,3236,3189,3147,2892,3251,4776
 "36111","Ulster, NY",2,CAINC45,210,"..."," Hired farm labor expenses 2/","Thousands of dollars",3750,4036,4502,4708,5838,7053,6594,6350,6771,6924,7510,7836,7657,8655,8536,9378,10429,9684,10482,10852,11481,12923,12137,12002,13970,13780,14599,14880,14409,13994,12048,12254,11954,14029,14009,15125,13471,15981,20716,17211,15056,13284,10709,13898,15268,17160,15532,18004,18065,17079,13638,14864,14286,21532
 "36111","Ulster, NY",2,CAINC45,220,"..."," All other production expenses 3/","Thousands of dollars",6533,7178,7842,8984,10078,12518,12036,12784,14120,17847,20825,22666,25877,27556,28653,27648,24466,23229,23745,23549,24722,24635,23762,24266,26217,27743,27037,26184,24007,24027,24806,23912,24427,25326,22922,23709,24072,25783,29649,29810,28513,27760,27724,29994,29131,31777,31565,30442,28678,29969,28139,30358,30971,35623
 "36111","Ulster, NY",2,CAINC45,240,"...","Value of inventory change ","Thousands of dollars",37,267,-32,-520,-1722,1804,-43,-249,468,1313,-9,567,-834,2559,-181,-622,-95,-55,-472,-533,282,248,528,1039,-2378,2333,-382,-245,875,-1809,2895,-3162,191,-4193,7453,3452,-4475,4380,1373,-64,-177,262,-183,-86,1523,-123,-105,-228,3,-32,-438,-401,448,-516
 "36111","Ulster, NY",2,CAINC45,250,"..."," Value of inventory change: livestock ","Thousands of dollars",-50,-41,-45,-47,46,126,32,-135,-207,-142,280,232,487,119,59,-104,-531,-285,-288,-362,-69,-17,6,23,-100,-170,78,94,-143,-95,-16,-178,25,233,-104,-28,-49,106,83,-314,130,-23,15,-35,158,-20,65,72,-20,-60,40,-70,-2,19
 "36111","Ulster, NY",2,CAINC45,260,"..."," Value of inventory change: crops ","Thousands of dollars",87,308,13,-473,-1768,1678,-75,-114,675,1455,-289,335,-1321,2440,-240,-518,436,230,-184,-171,351,265,656,606,-2188,2062,-21,-617,921,-1815,3154,-3111,280,-4664,7735,3290,-4041,4018,1010,173,-304,-44,-106,-183,1402,-284,-345,-286,13,19,-402,-405,277,-542
 "36111","Ulster, NY",2,CAINC45,265,"..."," Value of inventory change: materials and supplies ","Thousands of dollars",(NA),(NA),(NA),(NA),(NA),(NA),(NA),(NA),(NA),(NA),(NA),(NA),(NA),(NA),(NA),(NA),(NA),(NA),(NA),(NA),(NA),(NA),-134,410,-90,441,-439,278,97,101,-243,127,-114,238,-178,190,-385,256,280,77,-3,329,-92,132,-37,181,175,-14,10,9,-76,74,173,7
 "36111","Ulster, NY",2,CAINC45,270,"...","Cash receipts and other income ","Thousands of dollars",21489,20216,20930,19426,26173,28546,28871,29628,31184,38324,47410,47711,50919,49698,47211,51270,51862,50816,57436,59343,62231,60647,65013,60422,65362,60608,62296,58497,49380,49094,53948,57356,56864,44353,40444,41595,42992,43916,69957,74735,65522,71511,70456,74006,77199,71776,68041,69067,77649,57839,65024,69267,73277,82087
 "36111","Ulster, NY",2,CAINC45,280,"..."," Less: Production expenses ","Thousands of dollars",16384,17236,18255,19409,22725,28016,26042,27392,28981,34375,39594,43250,46492,47226,49490,50369,48000,46473,48671,48591,51405,52540,50548,49831,53724,54327,54716,51931,47216,46732,44877,44552,45169,48132,45347,47975,47253,52625,62954,60672,55215,52461,50624,57745,59111,64551,60584,61458,59739,60782,54488,58940,59348,75614
 "36111","Ulster, NY",2,CAINC45,290,"...","Equals: Realized net income ","Thousands of dollars",5105,2980,2675,17,3448,530,2829,2236,2203,3949,7816,4461,4427,2472,-2279,901,3862,4343,8765,10752,10826,8107,14465,10591,11638,6281,7580,6566,2164,2362,9071,12804,11695,-3779,-4903,-6380,-4261,-8709,7003,14063,10307,19050,19832,16261,18088,7225,7457,7609,17910,-2943,10536,10327,13929,6473
 "36111","Ulster, NY",2,CAINC45,300,"..."," Plus: Value of inventory change ","Thousands of dollars",37,267,-32,-520,-1722,1804,-43,-249,468,1313,-9,567,-834,2559,-181,-622,-95,-55,-472,-533,282,248,528,1039,-2378,2333,-382,-245,875,-1809,2895,-3162,191,-4193,7453,3452,-4475,4380,1373,-64,-177,262,-183,-86,1523,-123,-105,-228,3,-32,-438,-401,448,-516
 "36111","Ulster, NY",2,CAINC45,310,"...","Equals: Net income including corporate farms ","Thousands of dollars",5142,3247,2643,-503,1726,2334,2786,1987,2671,5262,7807,5028,3593,5031,-2460,279,3767,4288,8293,10219,11108,8355,14993,11630,9260,8614,7198,6321,3039,553,11966,9642,11886,-7972,2550,-2928,-8736,-4329,8376,13999,10130,19312,19649,16175,19611,7102,7352,7381,17913,-2975,10098,9926,14377,5957
 "36111","Ulster, NY",2,CAINC45,320,"..."," Less: Net income of corporate farms ","Thousands of dollars",458,301,301,-23,400,337,441,274,281,683,1201,200,444,346,-896,32,560,596,1220,1273,2498,2304,3362,4051,2593,3639,2636,3790,1450,206,2942,2599,4151,-2743,854,-1073,-3968,-2223,2406,3522,1796,5637,8040,6245,6023,2015,867,1883,3367,-1124,2714,2909,5248,2511
 "36111","Ulster, NY",2,CAINC45,330,"..."," Plus: Statistical adjustment ","Thousands of dollars",0,0,0,0,0,0,0,0,0,0,0,0,0,0,0,0,0,0,0,0,0,0,0,0,0,0,0,0,0,0,0,0,0,0,0,0,0,0,0,0,0,0,0,0,0,0,0,0,0,0,0,0,0,0
 "36111","Ulster, NY",2,CAINC45,340,"...","Equals: Farm proprietors' income ","Thousands of dollars",4684,2946,2342,-480,1326,1997,2345,1713,2390,4579,6606,4828,3149,4685,-1564,247,3207,3692,7073,8946,8610,6051,11631,7579,6667,4975,4562,2531,1589,347,9024,7043,7735,-5229,1696,-1855,-4768,-2106,5970,10477,8334,13675,11609,9930,13588,5087,6485,5498,14546,-1851,7384,7017,9129,3446
 "36111","Ulster, NY",2,CAINC45,350,"..."," Plus: Farm wages and salaries ","Thousands of dollars",3292,3559,3943,4080,5218,6286,6536,5904,6041,5442,6015,6328,6260,7176,7170,7393,7772,7515,7804,8613,8946,10312,9840,9407,9909,9356,10142,10221,10417,9905,8552,9451,9311,11129,11340,12237,10813,12805,16342,13739,11706,10631,8447,11552,11681,12500,10150,11522,10994,10344,8260,8922,8475,12131
 "36111","Ulster, NY",2,CAINC45,360,"..."," Plus: Farm supplements to wages and salaries ","Thousands of dollars",333,364,419,443,579,712,763,839,956,889,935,913,818,789,908,923,982,987,1115,1187,1468,1798,1953,1963,2186,2181,2289,2052,1917,1833,1671,1871,2056,2066,2094,2229,2130,2608,3922,4378,3498,3029,2601,2972,3443,3496,3188,3471,3739,2944,2667,2659,2795,4473
 "36111","Ulster, NY",2,CAINC45,370,"...","Equals: Farm earnings ","Thousands of dollars",8309,6869,6704,4043,7123,8995,9644,8456,9387,10910,13556,12069,10227,12650,6514,8563,11961,12194,15992,18746,19024,18161,23424,18949,18762,16512,16993,14804,13923,12085,19247,18365,19102,7966,15130,12611,8175,13307,26234,28594,23538,27335,22657,24454,28712,21083,19823,20491,29279,11437,18311,18598,20399,20050
 "36113","Warren, NY",2,CAINC45,10,"...","Cash receipts from marketings (thousands of dollars) ","Thousands of dollars",505,593,674,785,1031,1196,1108,1024,836,748,1305,1543,1723,1713,1673,1740,1680,1637,1721,1755,1887,1812,1730,1977,2009,1949,2042,1990,1569,1667,1646,1837,2283,2747,2446,2305,2299,2237,2053,3333,4230,4236,4455,4605,3620,3201,2718,2307,1827,1962,2000,2040,2192,2434
 "36113","Warren, NY",2,CAINC45,20,"..."," Cash receipts: Livestock and products ","Thousands of dollars",442,483,513,567,711,796,747,690,537,523,1060,1229,1374,1370,1203,1099,932,703,624,603,576,521,473,402,646,712,839,874,325,340,352,442,516,546,465,577,713,809,835,994,1295,1134,1098,1002,885,820,722,577,436,469,469,478,541,568
 "36113","Warren, NY",2,CAINC45,60,"..."," Cash receipts: Crops ","Thousands of dollars",63,110,161,218,320,400,361,334,299,225,245,314,349,343,470,641,748,934,1097,1152,1311,1291,1257,1575,1363,1237,1203,1116,1244,1327,1294,1395,1767,2201,1981,1728,1586,1428,1218,2339,2935,3102,3357,3603,2735,2381,1996,1730,1391,1493,1531,1562,1651,1866
 "36113","Warren, NY",2,CAINC45,120,"...","Other income ","Thousands of dollars",29,41,45,54,74,109,109,101,83,110,136,144,152,171,178,200,215,204,197,195,190,172,166,166,161,139,135,97,125,130,165,215,138,219,1257,2482,2477,2654,3593,3915,3721,4016,2672,3264,3042,1977,1115,590,526,428,743,943,832,868
 "36113","Warren, NY",2,CAINC45,130,"..."," Government payments ","Thousands of dollars",10,10,5,5,3,2,2,2,5,11,6,4,4,3,4,10,5,4,11,10,8,7,17,19,24,12,15,5,11,10,13,14,9,9,13,16,10,9,5,7,4,214,6,18,8,9,13,19,15,7,6,572,438,5
 "36113","Warren, NY",2,CAINC45,140,"..."," Imputed and miscellaneous income received 1/","Thousands of dollars",19,31,40,49,71,107,107,99,78,99,130,140,148,168,174,190,210,200,186,185,182,165,149,147,137,127,120,92,114,120,152,201,129,210,1244,2466,2467,2645,3588,3908,3717,3802,2666,3246,3034,1968,1102,571,511,421,737,371,394,863
 "36113","Warren, NY",2,CAINC45,150,"...","Production expenses ","Thousands of dollars",429,545,659,743,993,1347,1023,927,788,758,971,1142,1324,1381,1509,1584,1539,1556,1643,1780,1997,1923,1804,1775,1923,2086,2234,2160,2639,2758,2791,3039,2996,3419,1328,1807,2166,2383,7331,7822,7424,6679,6173,6985,6446,6302,5265,4711,3998,4008,3602,3865,3822,4912
 "36113","Warren, NY",2,CAINC45,160,"..."," Feed purchased ","Thousands of dollars",137,162,171,171,246,344,224,206,139,97,125,162,187,164,177,148,125,116,100,115,141,132,123,129,145,156,180,182,299,281,227,173,147,116,48,70,72,78,320,520,459,533,582,671,667,625,551,434,393,389,372,410,391,380
 "36113","Warren, NY",2,CAINC45,170,"..."," Livestock purchased ","Thousands of dollars",30,29,27,26,29,27,22,23,21,28,59,65,77,66,56,47,32,28,30,30,42,45,49,44,121,162,261,247,248,197,179,238,0,32,92,216,443,657,688,543,862,378,186,33,27,32,26,28,21,30,30,32,36,25
 "36113","Warren, NY",2,CAINC45,180,"..."," Seed purchased ","Thousands of dollars",5,18,30,38,62,88,56,49,32,16,23,31,38,41,41,60,63,72,79,126,165,172,197,176,163,175,184,193,261,262,209,231,220,269,78,66,51,37,115,183,196,210,239,308,288,277,230,224,205,194,167,187,156,281
 "36113","Warren, NY",2,CAINC45,190,"..."," Fertilizer and lime (incl. ag. chemicals 1978-fwd.) ","Thousands of dollars",16,17,20,21,26,40,33,26,23,25,35,44,48,50,46,49,43,37,34,32,34,29,27,24,27,41,54,52,86,80,71,65,66,54,16,16,15,12,33,58,59,66,80,102,100,99,78,71,57,65,58,68,73,95
 "36113","Warren, NY",2,CAINC45,200,"..."," Petroleum products purchased ","Thousands of dollars",14,14,15,15,17,25,23,27,27,28,48,81,101,101,92,91,78,62,54,63,74,90,89,91,93,94,99,104,136,128,123,168,167,163,54,68,75,69,245,378,318,346,417,506,527,501,348,266,251,248,244,224,252,370
 "36113","Warren, NY",2,CAINC45,210,"..."," Hired farm labor expenses 2/","Thousands of dollars",65,87,120,142,197,259,199,155,122,84,118,146,170,209,212,226,244,232,247,336,420,485,476,494,482,421,395,326,366,450,463,591,680,894,297,357,323,327,1280,1543,1531,1564,1442,2192,2019,1930,1460,1459,1224,1152,919,988,919,1467
 "36113","Warren, NY",2,CAINC45,220,"..."," All other production expenses 3/","Thousands of dollars",162,218,276,330,416,564,466,441,424,480,563,613,703,750,885,963,954,1009,1099,1078,1121,970,843,817,892,1037,1061,1056,1243,1360,1519,1573,1716,1891,743,1014,1187,1203,4650,4597,3999,3582,3227,3173,2818,2838,2572,2229,1847,1930,1812,1956,1995,2294
 "36113","Warren, NY",2,CAINC45,240,"...","Value of inventory change ","Thousands of dollars",-5,-2,33,-6,9,46,4,-5,-28,11,5,7,-10,-1,0,0,0,13,14,-16,1,3,-11,3,-11,16,-30,38,13,2,-27,4,2,19,-9,2,-39,23,12,9,-5,42,-16,11,19,8,9,-8,21,-3,-12,-23,48,-3
 "36113","Warren, NY",2,CAINC45,250,"..."," Value of inventory change: livestock ","Thousands of dollars",-4,-2,-4,-2,6,17,6,-14,-24,0,0,0,-1,-3,0,0,-3,1,0,2,-2,0,0,1,-8,-16,12,15,1,-1,-1,2,0,1,-1,2,-1,3,-1,0,1,4,-5,1,9,2,4,4,2,-7,7,-9,0,2
 "36113","Warren, NY",2,CAINC45,260,"..."," Value of inventory change: crops ","Thousands of dollars",-1,0,37,-4,3,29,-2,9,-4,11,5,7,-9,2,0,0,3,12,14,-18,3,3,-6,-14,1,8,-13,1,2,-6,-4,-9,11,-1,6,-15,-6,-1,-2,2,-6,2,0,-6,14,-13,-11,-11,18,3,-14,-19,36,-5
 "36113","Warren, NY",2,CAINC45,265,"..."," Value of inventory change: materials and supplies ","Thousands of dollars",(NA),(NA),(NA),(NA),(NA),(NA),(NA),(NA),(NA),(NA),(NA),(NA),(NA),(NA),(NA),(NA),(NA),(NA),(NA),(NA),(NA),(NA),-5,16,-4,24,-29,22,10,9,-22,11,-9,19,-14,15,-32,21,15,7,0,36,-11,16,-4,19,16,-1,1,1,-5,5,12,0
 "36113","Warren, NY",2,CAINC45,270,"...","Cash receipts and other income ","Thousands of dollars",534,634,719,839,1105,1305,1217,1125,919,858,1441,1687,1875,1884,1851,1940,1895,1841,1918,1950,2077,1984,1896,2143,2170,2088,2177,2087,1694,1797,1811,2052,2421,2966,3703,4787,4776,4891,5646,7248,7951,8252,7127,7869,6662,5178,3833,2897,2353,2390,2743,2983,3024,3302
 "36113","Warren, NY",2,CAINC45,280,"..."," Less: Production expenses ","Thousands of dollars",429,545,659,743,993,1347,1023,927,788,758,971,1142,1324,1381,1509,1584,1539,1556,1643,1780,1997,1923,1804,1775,1923,2086,2234,2160,2639,2758,2791,3039,2996,3419,1328,1807,2166,2383,7331,7822,7424,6679,6173,6985,6446,6302,5265,4711,3998,4008,3602,3865,3822,4912
 "36113","Warren, NY",2,CAINC45,290,"...","Equals: Realized net income ","Thousands of dollars",105,89,60,96,112,-42,194,198,131,100,470,545,551,503,342,356,356,285,275,170,80,61,92,368,247,2,-57,-73,-945,-961,-980,-987,-575,-453,2375,2980,2610,2508,-1685,-574,527,1573,954,884,216,-1124,-1432,-1814,-1645,-1618,-859,-882,-798,-1610
 "36113","Warren, NY",2,CAINC45,300,"..."," Plus: Value of inventory change ","Thousands of dollars",-5,-2,33,-6,9,46,4,-5,-28,11,5,7,-10,-1,0,0,0,13,14,-16,1,3,-11,3,-11,16,-30,38,13,2,-27,4,2,19,-9,2,-39,23,12,9,-5,42,-16,11,19,8,9,-8,21,-3,-12,-23,48,-3
 "36113","Warren, NY",2,CAINC45,310,"...","Equals: Net income including corporate farms ","Thousands of dollars",100,87,93,90,121,4,198,193,103,111,475,552,541,502,342,356,356,298,289,154,81,64,81,371,236,18,-87,-35,-932,-959,-1007,-983,-573,-434,2366,2982,2571,2531,-1673,-565,522,1615,938,895,235,-1116,-1423,-1822,-1624,-1621,-871,-905,-750,-1613
 "36113","Warren, NY",2,CAINC45,320,"..."," Less: Net income of corporate farms ","Thousands of dollars",0,1,2,3,7,0,10,9,4,5,36,14,49,28,9,31,38,27,27,10,8,6,5,132,59,7,-55,-15,-772,-884,-1074,-993,-481,-293,936,1021,471,218,-176,-113,40,236,216,211,54,-759,-1289,-1443,-1502,-970,-693,-684,-482,-892
 "36113","Warren, NY",2,CAINC45,330,"..."," Plus: Statistical adjustment ","Thousands of dollars",0,0,0,0,0,0,0,0,0,0,0,0,0,0,0,0,0,0,0,0,0,0,0,0,0,0,0,0,0,0,0,0,0,0,0,0,0,0,0,0,0,0,0,0,0,0,0,0,0,0,0,0,0,0
 "36113","Warren, NY",2,CAINC45,340,"...","Equals: Farm proprietors' income ","Thousands of dollars",100,86,91,87,114,4,188,184,99,106,439,538,492,474,333,325,318,271,262,144,73,58,76,239,177,11,-32,-20,-160,-75,67,10,-92,-141,1430,1961,2100,2313,-1497,-452,482,1379,722,684,181,-357,-134,-379,-122,-651,-178,-221,-268,-721
 "36113","Warren, NY",2,CAINC45,350,"..."," Plus: Farm wages and salaries ","Thousands of dollars",58,87,120,145,213,277,255,203,176,130,159,181,194,230,233,238,231,214,205,286,353,468,500,525,509,434,420,365,308,364,377,487,550,733,804,914,838,1023,1333,1306,1284,1334,1208,1875,1894,2027,1647,1870,1784,1680,1336,1446,1373,1960
 "36113","Warren, NY",2,CAINC45,360,"..."," Plus: Farm supplements to wages and salaries ","Thousands of dollars",4,10,15,17,26,36,31,31,31,23,26,26,25,23,26,28,29,29,32,40,56,79,94,107,113,107,107,91,80,84,86,109,133,143,154,173,169,213,327,417,382,376,366,469,544,551,505,553,590,467,420,418,440,713
 "36113","Warren, NY",2,CAINC45,370,"...","Equals: Farm earnings ","Thousands of dollars",162,183,226,249,353,317,474,418,306,259,624,745,711,727,592,591,578,514,499,470,482,605,670,871,799,552,495,436,228,373,530,606,591,735,2388,3048,3107,3549,163,1271,2148,3089,2296,3028,2619,2221,2018,2044,2252,1496,1578,1643,1545,1952
 "36115","Washington, NY",2,CAINC45,10,"...","Cash receipts from marketings (thousands of dollars) ","Thousands of dollars",26194,27670,28894,30278,35291,40132,41132,47116,47394,53207,64339,72130,77463,76454,81537,79264,76878,77003,78293,79038,86805,89740,83238,90037,88234,86173,85534,91969,78518,98620,95640,87604,99263,83179,82676,99294,100342,90355,111871,117311,90776,113319,139288,137431,151819,178384,136980,130770,138353,131959,144681,140904,153893,204959
 "36115","Washington, NY",2,CAINC45,20,"..."," Cash receipts: Livestock and products ","Thousands of dollars",24815,26119,27241,28760,32805,36735,38429,44625,44712,50079,60668,67714,71607,71101,75189,74117,72584,72249,73181,71369,77341,79222,70706,74707,74591,72112,70756,77365,70206,89557,86578,76945,88619,69793,67751,83624,84801,72643,97475,98788,73114,95389,120000,115491,124661,152827,113665,107659,116746,108959,120888,115868,125489,172655
 "36115","Washington, NY",2,CAINC45,60,"..."," Cash receipts: Crops ","Thousands of dollars",1379,1551,1653,1518,2486,3397,2703,2491,2682,3128,3671,4416,5856,5353,6348,5147,4294,4754,5112,7669,9464,10518,12532,15330,13643,14061,14778,14604,8312,9063,9062,10659,10644,13386,14925,15670,15541,17712,14396,18523,17662,17930,19288,21940,27158,25557,23315,23111,21607,23000,23793,25036,28404,32304
 "36115","Washington, NY",2,CAINC45,120,"...","Other income ","Thousands of dollars",699,655,592,708,779,816,846,969,1049,1274,1423,1476,1523,1719,1938,3817,2619,3207,4070,3007,2329,2212,1952,2020,2277,2337,2673,2835,3309,3602,6228,9470,4562,10016,9457,8526,9082,8276,6680,7730,13622,10512,9361,16027,15159,10621,7548,6080,7390,7097,11365,24747,12791,10360
 "36115","Washington, NY",2,CAINC45,130,"..."," Government payments ","Thousands of dollars",299,245,176,263,175,80,109,100,150,254,115,87,83,111,351,2188,949,1673,2734,1628,918,867,664,669,726,595,730,1065,866,1070,2963,5153,1792,6191,5029,2867,4517,3995,1463,1034,5796,1372,1328,3373,1879,187,951,1457,1313,2482,2708,20316,8212,1222
 "36115","Washington, NY",2,CAINC45,140,"..."," Imputed and miscellaneous income received 1/","Thousands of dollars",400,410,416,445,604,736,737,869,899,1020,1308,1389,1440,1608,1587,1629,1670,1534,1336,1379,1411,1345,1288,1351,1551,1742,1943,1770,2443,2532,3265,4317,2770,3825,4428,5659,4565,4281,5217,6696,7826,9140,8033,12654,13280,10434,6597,4623,6077,4615,8657,4431,4579,9138
 "36115","Washington, NY",2,CAINC45,150,"...","Production expenses ","Thousands of dollars",19428,20847,21998,22673,28240,36578,39524,43029,45718,48467,58734,66286,72856,71486,75579,74271,68166,66191,66783,68646,75871,79117,78612,79322,78899,81579,84630,81047,82806,86966,86965,86744,91913,98557,88501,92644,90131,98925,113293,116431,108906,106507,107367,119935,123875,135634,129860,128728,128656,131145,121929,131525,131060,154591
 "36115","Washington, NY",2,CAINC45,160,"..."," Feed purchased ","Thousands of dollars",5886,6634,6766,6602,9323,12867,12089,13757,13097,12901,15299,18353,19759,16404,18787,16690,15178,15312,14445,15318,17322,17344,17042,17300,16551,15635,16787,16026,18413,20083,19283,17862,19268,20099,17030,16932,13791,14729,16798,21177,18516,21338,23125,26615,29271,30777,31006,28677,31762,31439,29985,33053,31546,30685
 "36115","Washington, NY",2,CAINC45,170,"..."," Livestock purchased ","Thousands of dollars",1306,1389,1450,1528,1845,1900,1935,2232,2269,2627,4066,3377,3168,2208,2384,2499,2167,2515,3662,2758,3631,3680,3343,3135,4309,4328,5075,4494,3569,3870,3693,2379,2445,1324,814,1193,1890,2362,2243,1724,2047,1821,2067,2121,2021,3014,2009,2434,2498,3169,3374,3562,3786,3469
 "36115","Washington, NY",2,CAINC45,180,"..."," Seed purchased ","Thousands of dollars",255,279,315,319,453,582,634,817,927,934,1068,1223,1346,1285,1059,1290,1156,1129,1106,1362,1460,1474,1642,1374,1245,1341,1459,1592,1596,1658,1368,1549,1523,1924,1999,1825,1655,1723,2150,2431,2388,2407,2594,3165,3233,3422,3163,3470,3622,3441,2952,3314,2771,4990
 "36115","Washington, NY",2,CAINC45,190,"..."," Fertilizer and lime (incl. ag. chemicals 1978-fwd.) ","Thousands of dollars",1023,1028,1145,1249,1494,2249,2782,2601,2860,3365,4186,4809,4949,4796,4557,5051,4626,4093,4098,4277,5011,5333,5934,5729,4798,5534,5997,5049,5232,5171,4810,4754,5220,4782,4852,5146,5446,5895,6548,6911,5723,5339,5537,6146,6347,6698,5662,5537,4865,5609,5007,5777,6249,8149
 "36115","Washington, NY",2,CAINC45,200,"..."," Petroleum products purchased ","Thousands of dollars",657,647,677,662,746,1074,1382,1697,1893,1959,2543,3709,4183,3836,3541,3547,3097,2487,2275,2258,2306,2881,2840,2708,2664,2598,2787,2943,2836,2548,2323,3046,2896,2673,3001,3770,4361,5083,6215,6989,5510,5672,6505,7560,8435,8659,6595,5637,6120,6031,5952,5469,6149,9033
 "36115","Washington, NY",2,CAINC45,210,"..."," Hired farm labor expenses 2/","Thousands of dollars",2149,2168,2367,2415,2947,3499,4203,4310,4943,4678,5478,5990,6313,7416,6953,6869,6735,5928,5739,7090,8348,10316,10665,10939,11417,11167,12008,11495,11440,12827,12293,14521,16014,20564,16768,16544,13187,14388,16557,15764,15462,14357,13084,17486,18019,19874,17084,19317,18210,17103,14235,15164,14056,21773
 "36115","Washington, NY",2,CAINC45,220,"..."," All other production expenses 3/","Thousands of dollars",8152,8702,9278,9898,11432,14407,16499,17615,19729,22003,26094,28825,33138,35541,38298,38325,35207,34727,35458,35583,37793,38089,37146,38137,37915,40976,40517,39448,39720,40809,43195,42633,44547,47191,44037,47234,49801,54745,62782,61435,59260,55573,54455,56842,56549,63190,64341,63656,61579,64353,60424,65186,66503,76492
 "36115","Washington, NY",2,CAINC45,240,"...","Value of inventory change ","Thousands of dollars",-322,-143,20,-419,480,1491,338,-123,-1412,-180,2188,1726,2606,1430,-741,-834,-1637,-1492,-2053,-5110,-373,386,-325,-77,-312,855,-1131,1943,-1105,-617,-1039,-2647,1057,2861,-317,-360,-2632,2144,1687,-1941,42,553,-371,-692,3125,-877,351,674,-434,-1071,-1408,-2948,2287,-1265
 "36115","Washington, NY",2,CAINC45,250,"..."," Value of inventory change: livestock ","Thousands of dollars",-252,-150,-168,-26,285,948,361,-618,-1198,-793,1804,1349,2980,1342,468,-842,-1796,-1515,-1790,-3054,-145,271,258,18,-602,-1199,845,775,-1544,-587,9,-2524,341,2380,-1076,-399,-524,1060,832,-2886,1228,-293,300,-419,2051,-428,1032,1690,-779,-1149,407,-1369,-30,356
 "36115","Washington, NY",2,CAINC45,260,"..."," Value of inventory change: crops ","Thousands of dollars",-70,7,188,-393,195,543,-23,495,-214,613,384,377,-374,88,-1209,8,159,23,-263,-2056,-228,115,-312,-971,500,923,-719,267,76,-416,-89,-637,1190,-531,1446,-641,-809,267,-15,699,-1175,-279,-345,-752,1209,-1111,-1321,-966,309,43,-1535,-1848,1684,-1646
 "36115","Washington, NY",2,CAINC45,265,"..."," Value of inventory change: materials and supplies ","Thousands of dollars",(NA),(NA),(NA),(NA),(NA),(NA),(NA),(NA),(NA),(NA),(NA),(NA),(NA),(NA),(NA),(NA),(NA),(NA),(NA),(NA),(NA),(NA),-271,876,-210,1131,-1257,901,363,386,-959,514,-474,1012,-687,680,-1299,817,870,246,-11,1125,-326,479,-135,662,640,-50,36,35,-280,269,633,25
 "36115","Washington, NY",2,CAINC45,270,"...","Cash receipts and other income ","Thousands of dollars",26893,28325,29486,30986,36070,40948,41978,48085,48443,54481,65762,73606,78986,78173,83475,83081,79497,80210,82363,82045,89134,91952,85190,92057,90511,88510,88207,94804,81827,102222,101868,97074,103825,93195,92133,107820,109424,98631,118551,125041,104398,123831,148649,153458,166978,189005,144528,136850,145743,139056,156046,165651,166684,215319
 "36115","Washington, NY",2,CAINC45,280,"..."," Less: Production expenses ","Thousands of dollars",19428,20847,21998,22673,28240,36578,39524,43029,45718,48467,58734,66286,72856,71486,75579,74271,68166,66191,66783,68646,75871,79117,78612,79322,78899,81579,84630,81047,82806,86966,86965,86744,91913,98557,88501,92644,90131,98925,113293,116431,108906,106507,107367,119935,123875,135634,129860,128728,128656,131145,121929,131525,131060,154591
 "36115","Washington, NY",2,CAINC45,290,"...","Equals: Realized net income ","Thousands of dollars",7465,7478,7488,8313,7830,4370,2454,5056,2725,6014,7028,7320,6130,6687,7896,8810,11331,14019,15580,13399,13263,12835,6578,12735,11612,6931,3577,13757,-979,15256,14903,10330,11912,-5362,3632,15176,19293,-294,5258,8610,-4508,17324,41282,33523,43103,53371,14668,8122,17087,7911,34117,34126,35624,60728
 "36115","Washington, NY",2,CAINC45,300,"..."," Plus: Value of inventory change ","Thousands of dollars",-322,-143,20,-419,480,1491,338,-123,-1412,-180,2188,1726,2606,1430,-741,-834,-1637,-1492,-2053,-5110,-373,386,-325,-77,-312,855,-1131,1943,-1105,-617,-1039,-2647,1057,2861,-317,-360,-2632,2144,1687,-1941,42,553,-371,-692,3125,-877,351,674,-434,-1071,-1408,-2948,2287,-1265
 "36115","Washington, NY",2,CAINC45,310,"...","Equals: Net income including corporate farms ","Thousands of dollars",7143,7335,7508,7894,8310,5861,2792,4933,1313,5834,9216,9046,8736,8117,7155,7976,9694,12527,13527,8289,12890,13221,6253,12658,11300,7786,2446,15700,-2084,14639,13864,7683,12969,-2501,3315,14816,16661,1850,6945,6669,-4466,17877,40911,32831,46228,52494,15019,8796,16653,6840,32709,31178,37911,59463
 "36115","Washington, NY",2,CAINC45,320,"..."," Less: Net income of corporate farms ","Thousands of dollars",167,173,214,363,472,206,120,207,46,280,550,145,449,238,104,414,662,821,959,472,1265,1523,563,1647,1180,1294,367,3770,-558,2094,1396,912,2182,-438,597,3240,2963,270,1355,1011,-1829,2565,7534,5260,7197,9152,1315,2014,3405,2921,9558,9934,15049,27263
 "36115","Washington, NY",2,CAINC45,330,"..."," Plus: Statistical adjustment ","Thousands of dollars",0,0,0,0,0,0,0,0,0,0,0,0,0,0,0,0,0,0,0,0,0,0,0,0,0,0,0,0,0,0,0,0,0,0,0,0,0,0,0,0,0,0,0,0,0,0,0,0,0,0,0,0,0,0
 "36115","Washington, NY",2,CAINC45,340,"...","Equals: Farm proprietors' income ","Thousands of dollars",6976,7162,7294,7531,7838,5655,2672,4726,1267,5554,8666,8901,8287,7879,7051,7562,9032,11706,12568,7817,11625,11698,5690,11011,10120,6492,2079,11930,-1526,12545,12468,6771,10787,-2063,2718,11576,13698,1580,5590,5658,-2637,15312,33377,27571,39031,43342,13704,6782,13248,3919,23151,21244,22862,32200
 "36115","Washington, NY",2,CAINC45,350,"..."," Plus: Farm wages and salaries ","Thousands of dollars",1823,1911,2063,2090,2605,3107,3542,3503,3920,3848,4656,5270,5523,6683,6137,5821,5585,4907,4633,5818,6714,8439,8684,8846,9202,8564,9137,9056,9073,9567,9067,10892,11557,14903,13041,12387,9768,10487,12269,11226,10413,10297,8925,13319,13449,14400,11697,13286,12680,11931,9491,10267,9747,13911
 "36115","Washington, NY",2,CAINC45,360,"..."," Plus: Farm supplements to wages and salaries ","Thousands of dollars",194,212,248,257,329,409,466,539,652,637,734,774,734,749,798,751,744,709,713,847,1161,1520,1742,1829,2006,1963,2020,1764,1605,1697,1695,2055,2419,2603,2294,2175,1861,2084,2886,3489,3024,2866,2675,3311,3833,3897,3574,3903,4201,3295,2976,2959,3120,5053
 "36115","Washington, NY",2,CAINC45,370,"...","Equals: Farm earnings ","Thousands of dollars",8993,9285,9605,9878,10772,9171,6680,8768,5839,10039,14056,14945,14544,15311,13986,14134,15361,17322,17914,14482,19500,21657,16116,21686,21328,17019,13236,22750,9152,23809,23230,19718,24763,15443,18053,26138,25327,14151,20745,20373,10800,28475,44977,44201,56313,61639,28975,23971,30129,19145,35618,34470,35729,51164
 "36117","Wayne, NY",2,CAINC45,10,"...","Cash receipts from marketings (thousands of dollars) ","Thousands of dollars",34541,34202,36076,33523,46710,53210,52747,52980,54587,65881,78906,81752,88234,81482,77849,81568,79197,76824,82391,89387,96039,97092,105852,101576,99328,100623,110134,118586,117383,113860,116910,120081,118703,106004,98999,114801,115358,118802,168318,184776,161356,181160,205820,209886,214014,225219,214639,214246,218715,174227,175563,194613,219743,260576
 "36117","Wayne, NY",2,CAINC45,20,"..."," Cash receipts: Livestock and products ","Thousands of dollars",12362,12620,12481,13176,16787,17343,17475,20030,19164,20674,27831,29238,30702,29212,30282,32149,31664,30400,32466,32902,35845,37353,35674,35885,41654,39998,42208,46520,39992,38855,37544,38315,41698,30772,29710,35723,35912,32052,36768,40134,33161,42120,55210,55702,60364,74835,68001,54330,57698,58800,57139,58101,67148,97283
 "36117","Wayne, NY",2,CAINC45,60,"..."," Cash receipts: Crops ","Thousands of dollars",22179,21582,23595,20347,29923,35867,35272,32950,35423,45207,51075,52514,57532,52270,47567,49419,47533,46424,49925,56485,60194,59739,70178,65691,57674,60625,67926,72066,77391,75005,79366,81766,77005,75232,69289,79078,79446,86750,131550,144642,128195,139040,150610,154184,153650,150384,146638,159916,161017,115427,118424,136512,152595,163293
 "36117","Wayne, NY",2,CAINC45,120,"...","Other income ","Thousands of dollars",1911,1809,1484,1780,1739,1561,1559,1768,1800,2264,2443,2558,2805,3944,4843,4027,4349,5309,7486,6976,6747,4934,4574,5077,6652,5138,5041,4257,5500,6123,9205,9784,11223,10564,12065,8283,9511,6938,6464,8755,11323,12000,11541,16734,26063,15810,12480,14216,18754,17756,19468,40109,14077,19663
 "36117","Wayne, NY",2,CAINC45,130,"..."," Government payments ","Thousands of dollars",1155,1045,702,962,670,237,176,179,196,592,204,123,183,852,1893,1027,1293,2611,5047,4331,3895,2103,1743,1943,3369,1714,1444,1174,1384,2374,4755,4249,7857,5967,7294,2664,5251,3134,2018,2172,2489,3224,2563,2699,2057,1403,2052,2589,2293,2000,4132,25844,6683,2420
 "36117","Wayne, NY",2,CAINC45,140,"..."," Imputed and miscellaneous income received 1/","Thousands of dollars",756,764,782,818,1069,1324,1383,1589,1604,1672,2239,2435,2622,3092,2950,3000,3056,2698,2439,2645,2852,2831,2831,3134,3283,3424,3597,3083,4116,3749,4450,5535,3366,4597,4771,5619,4260,3804,4446,6583,8834,8776,8978,14035,24006,14407,10428,11627,16461,15756,15336,14265,7394,17243
 "36117","Wayne, NY",2,CAINC45,150,"...","Production expenses ","Thousands of dollars",25979,27598,29902,31538,38039,47538,48778,48323,52319,60060,71387,79243,85035,85502,85592,84396,76485,70742,71533,74514,82149,90298,101536,88239,91761,100220,108434,107777,112957,115422,113813,116406,121901,131630,121579,123293,117694,125822,143310,150092,146139,146606,152489,180316,186161,206393,196397,198762,196376,203140,184177,201441,204495,251959
 "36117","Wayne, NY",2,CAINC45,160,"..."," Feed purchased ","Thousands of dollars",2493,3007,3215,3249,4712,6643,5716,6020,5683,5972,6607,7419,7500,5731,6886,6418,6125,6486,6423,6947,7999,8422,9358,8364,7879,7329,7751,7289,8250,8919,8490,7799,8345,8634,7099,6827,5358,5491,5978,8317,7826,9547,10829,12938,14891,16370,17229,16635,19222,19026,18147,20004,19092,18571
 "36117","Wayne, NY",2,CAINC45,170,"..."," Livestock purchased ","Thousands of dollars",875,1051,1203,1360,1740,1878,1665,1707,1662,2009,3101,2566,2398,1627,1672,1681,1408,1586,2250,1892,2613,2965,3058,2836,4312,4111,4894,4178,3059,2682,2789,2347,2595,1637,919,1203,1713,2028,1494,1586,2552,2722,3749,4722,4374,6430,5058,4924,4899,6788,6335,7153,7988,7719
 "36117","Wayne, NY",2,CAINC45,180,"..."," Seed purchased ","Thousands of dollars",923,945,1015,991,1367,1718,1629,1863,2041,2150,2328,2545,2683,2403,1974,2398,2140,2083,2029,2513,2707,2843,3596,2583,2621,3113,3682,4330,4638,5151,4505,5368,5521,7268,7397,6617,5883,6009,7368,8262,8062,8078,8662,10518,10689,11253,10345,11289,11717,11131,9550,10721,8964,16143
 "36117","Wayne, NY",2,CAINC45,190,"..."," Fertilizer and lime (incl. ag. chemicals 1978-fwd.) ","Thousands of dollars",3749,3589,3863,4145,4400,5592,5941,5325,5265,6717,8603,10125,10637,10210,9602,10523,9528,8317,8213,8540,9965,10958,13688,11306,10213,12682,14784,13382,14888,14219,12750,12109,12744,11142,11589,12548,13520,14869,16740,20033,18600,19280,22042,26814,28448,30867,26855,27063,24537,28286,25253,29132,31515,41097
 "36117","Wayne, NY",2,CAINC45,200,"..."," Petroleum products purchased ","Thousands of dollars",1163,1121,1151,1110,1235,1760,2143,2510,2865,3274,3776,5046,5318,4510,4209,4271,3786,3098,2903,2849,2879,3685,4032,3287,3357,3391,3758,4098,4067,3757,3521,4747,4638,4399,4499,5292,5830,6541,7757,8785,6969,7217,8320,9720,10698,10818,8105,6802,7234,7129,7035,6465,7268,10677
 "36117","Wayne, NY",2,CAINC45,210,"..."," Hired farm labor expenses 2/","Thousands of dollars",6743,6783,7261,7323,8786,10257,11302,10907,12622,13226,14244,14574,13601,14742,13949,14305,14642,13084,13188,14704,16195,19515,21655,18297,20866,22379,25645,26657,28709,28288,24618,26105,26036,31377,30155,31544,27204,31430,39882,34678,31890,29206,24982,33535,36064,39857,36056,39994,39430,37419,30197,33397,33190,46782
 "36117","Wayne, NY",2,CAINC45,220,"..."," All other production expenses 3/","Thousands of dollars",10033,11102,12194,13360,15799,19690,20382,19991,22181,26712,32728,36968,42898,46279,47300,44800,38856,36088,36527,37069,39791,41910,46149,41566,42513,47215,47920,47843,49346,52406,57140,57931,62022,67173,59921,59262,58186,59454,64091,68431,70240,70556,73905,82069,80997,90798,92749,92055,89337,93361,87660,94569,96478,110970
 "36117","Wayne, NY",2,CAINC45,240,"...","Value of inventory change ","Thousands of dollars",-68,60,-6,-2382,-1417,4302,486,-601,1703,3483,1342,1663,-268,6672,-2966,-118,-990,103,-575,-3521,739,1646,576,2297,-4380,7254,-2291,1398,2911,-2580,6930,-10959,671,-12444,22924,11343,-13578,13177,2557,4150,-7002,-230,-6132,-2100,3968,-3856,-3804,-6059,-1863,-432,-6808,-4028,419,-11312
 "36117","Wayne, NY",2,CAINC45,250,"..."," Value of inventory change: livestock ","Thousands of dollars",-121,-80,-87,-84,124,313,83,-312,-480,-314,652,576,997,171,114,-146,-1282,-649,-691,-942,-175,-5,57,30,-277,-502,217,175,-479,-262,-19,-601,-51,921,-460,34,-190,395,234,-963,222,368,-190,-542,726,18,640,-118,-234,-465,404,-16,-281,0
 "36117","Wayne, NY",2,CAINC45,260,"..."," Value of inventory change: crops ","Thousands of dollars",53,140,81,-2298,-1541,3989,403,-289,2183,3797,690,1087,-1265,6501,-3080,28,292,752,116,-2579,914,1651,764,1470,-3907,6676,-1278,320,3017,-2713,7926,-10879,1202,-14385,24082,10613,-12046,11933,1409,4842,-7212,-1938,-5542,-2162,3415,-4737,-5294,-5874,-1678,-14,-6828,-4382,-170,-11346
 "36117","Wayne, NY",2,CAINC45,265,"..."," Value of inventory change: materials and supplies ","Thousands of dollars",(NA),(NA),(NA),(NA),(NA),(NA),(NA),(NA),(NA),(NA),(NA),(NA),(NA),(NA),(NA),(NA),(NA),(NA),(NA),(NA),(NA),(NA),-245,797,-196,1080,-1230,903,373,395,-977,521,-480,1020,-698,696,-1342,849,914,271,-12,1340,-400,604,-173,863,850,-67,49,47,-384,370,870,34
 "36117","Wayne, NY",2,CAINC45,270,"...","Cash receipts and other income ","Thousands of dollars",36452,36011,37560,35303,48449,54771,54306,54748,56387,68145,81349,84310,91039,85426,82692,85595,83546,82133,89877,96363,102786,102026,110426,106653,105980,105761,115175,122843,122883,119983,126115,129865,129926,116568,111064,123084,124869,125740,174782,193531,172679,193160,217361,226620,240077,241029,227119,228462,237469,191983,195031,234722,233820,280239
 "36117","Wayne, NY",2,CAINC45,280,"..."," Less: Production expenses ","Thousands of dollars",25979,27598,29902,31538,38039,47538,48778,48323,52319,60060,71387,79243,85035,85502,85592,84396,76485,70742,71533,74514,82149,90298,101536,88239,91761,100220,108434,107777,112957,115422,113813,116406,121901,131630,121579,123293,117694,125822,143310,150092,146139,146606,152489,180316,186161,206393,196397,198762,196376,203140,184177,201441,204495,251959
 "36117","Wayne, NY",2,CAINC45,290,"...","Equals: Realized net income ","Thousands of dollars",10473,8413,7658,3765,10410,7233,5528,6425,4068,8085,9962,5067,6004,-76,-2900,1199,7061,11391,18344,21849,20637,11728,8890,18414,14219,5541,6741,15066,9926,4561,12302,13459,8025,-15062,-10515,-209,7175,-82,31472,43439,26540,46554,64872,46304,53916,34636,30722,29700,41093,-11157,10854,33281,29325,28280
 "36117","Wayne, NY",2,CAINC45,300,"..."," Plus: Value of inventory change ","Thousands of dollars",-68,60,-6,-2382,-1417,4302,486,-601,1703,3483,1342,1663,-268,6672,-2966,-118,-990,103,-575,-3521,739,1646,576,2297,-4380,7254,-2291,1398,2911,-2580,6930,-10959,671,-12444,22924,11343,-13578,13177,2557,4150,-7002,-230,-6132,-2100,3968,-3856,-3804,-6059,-1863,-432,-6808,-4028,419,-11312
 "36117","Wayne, NY",2,CAINC45,310,"...","Equals: Net income including corporate farms ","Thousands of dollars",10405,8473,7652,1383,8993,11535,6014,5824,5771,11568,11304,6730,5736,6596,-5866,1081,6071,11494,17769,18328,21376,13374,9466,20711,9839,12795,4450,16464,12837,1981,19232,2500,8696,-27506,12409,11134,-6403,13095,34029,47589,19538,46324,58740,44204,57884,30780,26918,23641,39230,-11589,4046,29253,29744,16968
 "36117","Wayne, NY",2,CAINC45,320,"..."," Less: Net income of corporate farms ","Thousands of dollars",780,590,600,165,1261,960,620,585,489,1338,1478,218,562,349,-1642,96,688,1220,1988,1640,3274,2392,1317,4844,1936,3921,1211,7295,3995,520,3546,549,2731,-9362,4016,3940,-2659,2718,8627,8420,1941,5996,8324,4511,6332,4049,1877,4502,6904,-4097,1018,8026,10167,6699
 "36117","Wayne, NY",2,CAINC45,330,"..."," Plus: Statistical adjustment ","Thousands of dollars",1,0,1,0,1,1,0,0,0,1,1,0,1,-1,0,0,0,0,0,0,-1,0,1,1,0,-1,-1,1,1,0,0,-1,-1,0,0,0,0,0,0,0,-1,1,-1,0,0,0,0,0,0,0,0,0,0,0
 "36117","Wayne, NY",2,CAINC45,340,"...","Equals: Farm proprietors' income ","Thousands of dollars",9626,7883,7053,1218,7733,10576,5394,5239,5282,10231,9827,6512,5175,6246,-4224,985,5383,10274,15781,16688,18101,10982,8150,15868,7903,8873,3238,9170,8843,1461,15686,1950,5964,-18144,8393,7194,-3744,10377,25402,39169,17596,40329,50415,39693,51552,26731,25041,19139,32326,-7492,3028,21227,19577,10269
 "36117","Wayne, NY",2,CAINC45,350,"..."," Plus: Farm wages and salaries ","Thousands of dollars",5837,5881,6131,6011,7309,8451,9583,9407,10470,10222,10973,11242,10802,12262,11569,11281,11248,10293,10097,11554,12393,14708,14388,14071,15895,16055,18604,20105,22015,21074,18322,20343,20062,24315,23665,24760,21196,24605,30989,26947,23845,22546,18750,26885,27099,29038,23602,26820,25608,24095,19092,20684,19626,27920
 "36117","Wayne, NY",2,CAINC45,360,"..."," Plus: Farm supplements to wages and salaries ","Thousands of dollars",550,566,631,641,806,960,1081,1248,1478,1443,1547,1526,1389,1327,1457,1385,1399,1331,1437,1576,1994,2498,2778,2846,3364,3564,3981,3780,3753,3604,3306,3702,4054,4079,3942,4076,3753,4552,6754,7819,6493,6004,5387,6410,7404,7554,6970,7635,8223,6421,5777,5726,6066,9967
 "36117","Wayne, NY",2,CAINC45,370,"...","Equals: Farm earnings ","Thousands of dollars",16013,14330,13815,7870,15848,19987,16058,15894,17230,21896,22347,19280,17366,19835,8802,13651,18030,21898,27315,29818,32488,28188,25316,32785,27162,28492,25823,33055,34611,26139,37314,25995,30080,10250,36000,36030,21205,39534,63145,73935,47934,68879,74552,72988,86055,63323,55613,53594,66157,23024,27897,47637,45269,48156
 "36119","Westchester, NY",2,CAINC45,10,"...","Cash receipts from marketings (thousands of dollars) ","Thousands of dollars",5672,5226,4885,4586,4870,4612,5461,6035,6592,7827,8581,9362,9187,8139,7931,8507,8329,8420,9009,8879,9474,8885,8274,9540,8561,7825,8053,7847,11539,11998,11932,12195,10374,9241,8811,9040,9872,10914,9877,13097,11996,11098,10966,10587,9149,8983,8366,7692,7202,6919,7003,7331,7671,8382
 "36119","Westchester, NY",2,CAINC45,20,"..."," Cash receipts: Livestock and products ","Thousands of dollars",2167,1744,1365,1149,1025,640,844,864,824,1026,2103,2141,2214,2095,2231,2575,2658,2620,3088,2628,2256,1745,1299,768,1157,951,1251,1444,3950,3700,3677,3583,2110,808,485,391,393,365,4182,4548,4589,4431,4843,4943,4280,4101,3553,2631,2148,2300,2275,2319,2347,2502
 "36119","Westchester, NY",2,CAINC45,60,"..."," Cash receipts: Crops ","Thousands of dollars",3505,3482,3520,3437,3845,3972,4617,5171,5768,6801,6478,7221,6973,6044,5700,5932,5671,5800,5921,6251,7218,7140,6975,8772,7404,6874,6802,6403,7589,8298,8255,8612,8264,8433,8326,8649,9479,10549,5695,8549,7407,6667,6123,5644,4869,4882,4813,5061,5054,4619,4728,5012,5324,5880
 "36119","Westchester, NY",2,CAINC45,120,"...","Other income ","Thousands of dollars",109,128,145,165,212,298,346,389,383,333,370,333,290,275,292,323,353,346,309,418,542,593,663,829,705,590,517,325,307,1061,1972,3199,2199,3553,4264,5458,4401,4119,5096,7750,10148,14236,13815,24071,24324,15381,9176,5267,6237,5057,9001,6998,4538,9698
 "36119","Westchester, NY",2,CAINC45,130,"..."," Government payments ","Thousands of dollars",7,6,4,7,4,0,1,2,3,6,2,0,1,6,6,8,4,8,5,11,22,2,3,14,5,1,29,6,6,2,3,47,14,6,69,0,3,1,4,23,1,0,4,47,3,0,1,8,4,17,22,2917,1039,5
 "36119","Westchester, NY",2,CAINC45,140,"..."," Imputed and miscellaneous income received 1/","Thousands of dollars",102,122,141,158,208,298,345,387,380,327,368,333,289,269,286,315,349,338,304,407,520,591,660,815,700,589,488,319,301,1059,1969,3152,2185,3547,4195,5458,4398,4118,5092,7727,10147,14236,13811,24024,24321,15381,9175,5259,6233,5040,8979,4081,3499,9693
 "36119","Westchester, NY",2,CAINC45,150,"...","Production expenses ","Thousands of dollars",4518,4100,3843,3501,3762,4102,4815,5456,6193,6481,6985,7214,7225,6866,7092,7197,6866,6640,6843,7325,8228,8878,8902,8935,9260,9490,7795,5493,9986,11022,11825,12948,14112,16253,14652,14555,13656,14511,18225,19498,20006,19925,20208,25400,23067,22932,19552,17895,15614,15885,14370,15587,15572,19096
 "36119","Westchester, NY",2,CAINC45,160,"..."," Feed purchased ","Thousands of dollars",240,221,187,155,187,223,290,421,488,565,712,898,1009,869,946,795,679,637,557,498,465,373,284,210,178,148,109,64,106,180,232,269,346,415,462,578,573,731,978,1303,1189,1417,1579,1861,1897,1831,1677,1391,1358,1344,1282,1414,1349,1312
 "36119","Westchester, NY",2,CAINC45,170,"..."," Livestock purchased ","Thousands of dollars",301,275,247,224,235,208,194,206,194,210,417,432,497,418,387,353,269,276,360,404,581,587,563,365,643,457,451,243,771,603,585,415,210,55,41,59,119,202,1802,1476,2199,1403,1293,1324,860,864,554,420,261,378,359,406,398,283
 "36119","Westchester, NY",2,CAINC45,180,"..."," Seed purchased ","Thousands of dollars",407,424,462,456,635,802,830,1028,1128,1110,918,711,459,170,140,171,154,150,147,184,201,208,235,199,258,358,373,345,686,837,786,989,1063,1452,1369,1130,920,853,943,843,644,491,381,310,392,494,531,664,781,742,636,715,597,1075
 "36119","Westchester, NY",2,CAINC45,190,"..."," Fertilizer and lime (incl. ag. chemicals 1978-fwd.) ","Thousands of dollars",102,98,105,112,121,157,200,205,216,266,277,268,232,188,190,223,217,204,217,205,219,212,217,194,175,216,197,130,248,315,359,424,545,575,523,499,477,467,471,483,387,349,349,370,376,390,324,311,264,304,271,314,339,442
 "36119","Westchester, NY",2,CAINC45,200,"..."," Petroleum products purchased ","Thousands of dollars",128,126,132,129,145,208,297,390,456,489,528,666,667,555,506,500,428,336,300,283,277,329,310,284,320,352,332,279,510,443,389,491,448,397,473,618,734,871,1081,1117,808,763,802,851,896,860,606,472,456,449,443,407,458,673
 "36119","Westchester, NY",2,CAINC45,210,"..."," Hired farm labor expenses 2/","Thousands of dollars",1316,1145,1090,970,1033,1072,1439,1603,1981,1971,2106,2165,2134,2411,2151,2043,1951,1613,1465,1707,1950,2368,2392,2437,2498,2380,1976,1369,2338,2569,2453,2891,3171,4017,3719,3699,3086,3446,4209,4750,5365,6066,6073,9901,8727,7992,5762,5239,3973,3763,3017,3311,3229,4726
 "36119","Westchester, NY",2,CAINC45,220,"..."," All other production expenses 3/","Thousands of dollars",2024,1811,1620,1455,1406,1432,1565,1603,1730,1870,2027,2074,2227,2255,2772,3112,3168,3424,3797,4044,4535,4801,4901,5246,5188,5579,4357,3063,5327,6075,7021,7469,8329,9342,8065,7972,7747,7941,8741,9526,9414,9436,9731,10783,9919,10501,10098,9398,8521,8905,8362,9020,9202,10585
 "36119","Westchester, NY",2,CAINC45,240,"...","Value of inventory change ","Thousands of dollars",-9,4,-4,-25,-53,76,-1,-1,-2,25,0,10,-36,43,-4,-11,-10,3,-14,-25,1,1,-8,22,-25,65,-64,32,-6,-16,-37,-39,4,3,157,155,-252,221,110,9,-12,101,-40,26,44,37,42,-25,26,-3,-30,-33,104,-16
 "36119","Westchester, NY",2,CAINC45,250,"..."," Value of inventory change: livestock ","Thousands of dollars",-13,-7,-5,-3,6,10,3,-4,-11,0,0,1,-1,-7,-3,-1,-20,-1,-2,1,0,0,0,0,0,-5,-2,-4,-29,-12,1,-50,7,56,-24,-2,-7,15,-1,-24,8,9,-10,-3,23,5,13,-7,3,-14,20,-7,-5,2
 "36119","Westchester, NY",2,CAINC45,260,"..."," Value of inventory change: crops ","Thousands of dollars",4,11,1,-22,-59,66,-4,3,9,25,0,9,-35,50,-1,-10,10,4,-12,-26,1,1,2,-6,-18,27,-11,-3,6,-25,22,-25,33,-138,241,97,-124,128,23,10,-19,-2,-4,-8,31,-14,-14,-15,21,9,-33,-42,72,-19
 "36119","Westchester, NY",2,CAINC45,265,"..."," Value of inventory change: materials and supplies ","Thousands of dollars",(NA),(NA),(NA),(NA),(NA),(NA),(NA),(NA),(NA),(NA),(NA),(NA),(NA),(NA),(NA),(NA),(NA),(NA),(NA),(NA),(NA),(NA),-10,28,-7,43,-51,39,17,21,-60,36,-36,85,-60,60,-121,78,88,23,-1,94,-26,37,-10,46,43,-3,2,2,-17,16,37,1
 "36119","Westchester, NY",2,CAINC45,270,"...","Cash receipts and other income ","Thousands of dollars",5781,5354,5030,4751,5082,4910,5807,6424,6975,8160,8951,9695,9477,8414,8223,8830,8682,8766,9318,9297,10016,9478,8937,10369,9266,8415,8570,8172,11846,13059,13904,15394,12573,12794,13075,14498,14273,15033,14973,20847,22144,25334,24781,34658,33473,24364,17542,12959,13439,11976,16004,14329,12209,18080
 "36119","Westchester, NY",2,CAINC45,280,"..."," Less: Production expenses ","Thousands of dollars",4518,4100,3843,3501,3762,4102,4815,5456,6193,6481,6985,7214,7225,6866,7092,7197,6866,6640,6843,7325,8228,8878,8902,8935,9260,9490,7795,5493,9986,11022,11825,12948,14112,16253,14652,14555,13656,14511,18225,19498,20006,19925,20208,25400,23067,22932,19552,17895,15614,15885,14370,15587,15572,19096
 "36119","Westchester, NY",2,CAINC45,290,"...","Equals: Realized net income ","Thousands of dollars",1263,1254,1187,1250,1320,808,992,968,782,1679,1966,2481,2252,1548,1131,1633,1816,2126,2475,1972,1788,600,35,1434,6,-1075,775,2679,1860,2037,2079,2446,-1539,-3459,-1577,-57,617,522,-3252,1349,2138,5409,4573,9258,10406,1432,-2010,-4936,-2175,-3909,1634,-1258,-3363,-1016
 "36119","Westchester, NY",2,CAINC45,300,"..."," Plus: Value of inventory change ","Thousands of dollars",-9,4,-4,-25,-53,76,-1,-1,-2,25,0,10,-36,43,-4,-11,-10,3,-14,-25,1,1,-8,22,-25,65,-64,32,-6,-16,-37,-39,4,3,157,155,-252,221,110,9,-12,101,-40,26,44,37,42,-25,26,-3,-30,-33,104,-16
 "36119","Westchester, NY",2,CAINC45,310,"...","Equals: Net income including corporate farms ","Thousands of dollars",1254,1258,1183,1225,1267,884,991,967,780,1704,1966,2491,2216,1591,1127,1622,1806,2129,2461,1947,1789,601,27,1456,-19,-1010,711,2711,1854,2021,2042,2407,-1535,-3456,-1420,98,365,743,-3142,1358,2126,5510,4533,9284,10450,1469,-1968,-4961,-2149,-3912,1604,-1291,-3259,-1032
 "36119","Westchester, NY",2,CAINC45,320,"..."," Less: Net income of corporate farms ","Thousands of dollars",587,569,624,1002,1252,529,594,453,246,573,680,195,477,169,57,279,392,424,508,311,473,180,6,436,-15,-681,255,1631,917,814,570,781,-1036,-2194,-1034,64,186,315,-2880,569,526,1887,1834,2988,2833,392,-1657,-3277,-1496,-1763,514,-735,-1576,-429
 "36119","Westchester, NY",2,CAINC45,330,"..."," Plus: Statistical adjustment ","Thousands of dollars",0,0,0,0,0,0,0,0,0,0,0,0,0,0,0,0,0,0,0,0,0,0,0,0,0,0,0,0,0,0,0,0,0,0,0,0,0,0,0,0,0,0,0,0,0,0,0,0,0,0,0,0,0,0
 "36119","Westchester, NY",2,CAINC45,340,"...","Equals: Farm proprietors' income ","Thousands of dollars",667,689,559,223,15,355,397,514,534,1131,1286,2296,1739,1422,1070,1343,1414,1705,1953,1636,1316,421,21,1020,-4,-329,456,1080,937,1207,1472,1626,-499,-1262,-386,34,179,428,-262,789,1600,3623,2699,6296,7617,1077,-311,-1684,-653,-2149,1090,-556,-1683,-603
 "36119","Westchester, NY",2,CAINC45,350,"..."," Plus: Farm wages and salaries ","Thousands of dollars",1454,1352,1300,1195,1451,1542,1799,1875,2158,2250,2443,2524,2520,2772,2375,2076,1794,1424,1188,1440,1618,1995,2017,2027,2066,1876,1952,1878,1812,1985,1935,2388,2620,3358,3103,3065,2543,2834,3437,4104,4619,5305,5187,8557,8639,9252,7516,8537,8148,7666,6099,6598,6265,8942
 "36119","Westchester, NY",2,CAINC45,360,"..."," Plus: Farm supplements to wages and salaries ","Thousands of dollars",130,125,130,123,152,164,273,391,558,587,528,443,334,276,284,252,227,198,182,209,276,351,393,402,443,433,446,394,360,411,433,552,689,765,687,643,557,604,819,1284,1346,1476,1552,2127,2460,2506,2298,2508,2703,2120,1913,1906,2008,3250
 "36119","Westchester, NY",2,CAINC45,370,"...","Equals: Farm earnings ","Thousands of dollars",2251,2166,1989,1541,1618,2061,2469,2780,3250,3968,4257,5263,4593,4470,3729,3671,3435,3327,3323,3285,3210,2767,2431,3449,2505,1980,2854,3352,3109,3603,3840,4566,2810,2861,3404,3742,3279,3866,3994,6177,7565,10404,9438,16980,18716,12835,9503,9361,10198,7637,9102,7948,6590,11589
 "36121","Wyoming, NY",2,CAINC45,10,"...","Cash receipts from marketings (thousands of dollars) ","Thousands of dollars",31032,33298,35139,36117,42911,49474,48874,53594,53398,60665,72813,83641,91130,87362,93243,92975,88075,88995,90359,94754,104482,111165,106623,115168,115855,127436,134897,150040,138865,161739,160083,152233,173202,181888,182075,217685,220066,200146,234426,250534,199086,255434,314891,320484,340627,398096,305155,289588,306532,296147,321746,315133,347580,459660
 "36121","Wyoming, NY",2,CAINC45,20,"..."," Cash receipts: Livestock and products ","Thousands of dollars",26383,27938,29376,31192,35317,39619,40954,46888,46483,52866,63729,70893,75284,75122,78970,78819,76269,75692,77430,79871,90780,98094,91789,102364,102535,111697,117109,134670,125752,147130,145903,135561,156672,143986,142149,176499,179263,153333,199911,204492,151398,199998,253602,245381,264834,328396,243458,229575,251650,235384,258629,248478,269911,370682
 "36121","Wyoming, NY",2,CAINC45,60,"..."," Cash receipts: Crops ","Thousands of dollars",4649,5360,5763,4925,7594,9855,7920,6706,6915,7799,9084,12748,15846,12240,14273,14156,11806,13303,12929,14883,13702,13071,14834,12804,13320,15739,17788,15370,13113,14609,14180,16672,16530,37902,39926,41186,40803,46813,34515,46042,47688,55436,61289,75103,75793,69700,61697,60013,54882,60763,63117,66655,77669,88978
 "36121","Wyoming, NY",2,CAINC45,120,"...","Other income ","Thousands of dollars",1194,1089,1112,1236,1319,1244,1252,1413,1449,2032,2086,2171,2403,3081,3720,5230,4624,6817,5658,5712,5238,4906,4197,4717,6395,5703,6845,6358,8687,8413,11245,15711,7846,12654,10992,10808,10718,10715,8918,10932,17380,12971,10592,18255,19517,15104,14463,11617,15484,15941,24571,51091,23686,23177
 "36121","Wyoming, NY",2,CAINC45,130,"..."," Government payments ","Thousands of dollars",702,570,555,631,498,181,161,195,256,646,210,115,161,393,986,2233,1314,3710,2853,2758,2142,1932,1315,1613,2548,1143,1545,1464,1609,2314,4250,7244,2893,7602,5399,3876,5263,5695,2880,2364,8354,1778,1801,4859,3389,945,2790,3411,3420,3755,6710,42011,14339,4322
 "36121","Wyoming, NY",2,CAINC45,140,"..."," Imputed and miscellaneous income received 1/","Thousands of dollars",492,519,557,605,821,1063,1091,1218,1193,1386,1876,2056,2242,2688,2734,2997,3310,3107,2805,2954,3096,2974,2882,3104,3847,4560,5300,4894,7078,6099,6995,8467,4953,5052,5593,6932,5455,5020,6038,8568,9026,11193,8791,13396,16128,14159,11673,8206,12064,12186,17861,9080,9347,18855
 "36121","Wyoming, NY",2,CAINC45,150,"...","Production expenses ","Thousands of dollars",22773,24778,26701,28080,34683,44739,44986,48646,50804,59049,72614,82403,89130,88055,90949,88409,82348,78892,75045,79767,90311,99916,100869,100736,107616,119062,129987,133658,144482,155684,158916,161570,176598,192704,167497,177354,171889,182581,206874,225155,217988,224134,236377,275491,278506,300793,279600,272964,267348,273081,254129,274779,272547,323832
 "36121","Wyoming, NY",2,CAINC45,160,"..."," Feed purchased ","Thousands of dollars",4335,5116,5391,5390,7757,10869,9706,11415,10894,11969,14176,16987,17664,14492,16972,15429,14859,15437,14361,16721,20476,22726,23507,24550,25588,26103,29572,30594,37271,39537,36926,33280,34938,35469,31409,33297,28563,31205,37361,48102,42773,49972,54774,63657,68604,70620,69579,62866,67938,67245,64138,70700,67478,65635
 "36121","Wyoming, NY",2,CAINC45,170,"..."," Livestock purchased ","Thousands of dollars",1844,1987,2098,2229,2715,2813,2485,2727,2573,3115,5057,4422,4248,3109,2984,2816,2297,2469,3196,2678,3877,4357,4369,4565,6151,6821,8212,7630,6145,7814,9915,8629,12572,11638,6416,8217,11243,11913,9299,7739,9870,9552,11767,13071,10952,14429,8267,8492,7358,9363,9854,10441,11128,10172
 "36121","Wyoming, NY",2,CAINC45,180,"..."," Seed purchased ","Thousands of dollars",622,642,694,681,943,1189,1175,1494,1636,1775,1850,1949,1917,1676,1443,1838,1774,1831,1800,2275,2494,2689,3036,2484,2400,2740,3088,3590,3760,4029,3420,3972,3996,5160,5321,4905,4447,4492,5576,6727,6958,7312,8161,10251,10968,12135,11705,13380,14525,13800,11839,13291,11112,20012
 "36121","Wyoming, NY",2,CAINC45,190,"..."," Fertilizer and lime (incl. ag. chemicals 1978-fwd.) ","Thousands of dollars",1660,1696,1909,2103,2489,3685,3900,3462,3489,4287,5411,6291,6320,6093,5856,6569,6278,5691,5544,5470,6085,6409,6816,6101,5352,6468,7235,6495,7063,7441,7367,7735,9013,8746,8902,9637,10289,10892,12117,14372,13245,13646,15522,18797,19497,20666,17551,17252,15240,17569,15686,18094,19576,25527
 "36121","Wyoming, NY",2,CAINC45,200,"..."," Petroleum products purchased ","Thousands of dollars",867,865,912,899,1018,1473,1666,1981,2099,2323,2980,4312,4676,4217,3932,3985,3639,2998,2693,2696,2775,3626,3577,3331,3440,3511,3864,4318,4321,3935,3640,4840,4667,4365,4820,6094,7039,7967,9697,11609,9660,10431,12475,15059,16447,16491,12237,10160,10673,10518,10380,9536,10721,15750
 "36121","Wyoming, NY",2,CAINC45,210,"..."," Hired farm labor expenses 2/","Thousands of dollars",2770,2911,3219,3330,4095,4825,5176,5248,5765,5945,6809,7284,7308,8341,8129,8458,8959,8365,8198,9415,10434,12832,12713,12094,14754,16689,20156,21201,23118,26385,25241,29835,33079,42609,34147,34452,27530,29316,33638,32363,32027,30223,27793,37868,38144,41157,34699,38592,35334,33070,28134,29629,26957,42299
 "36121","Wyoming, NY",2,CAINC45,220,"..."," All other production expenses 3/","Thousands of dollars",10675,11561,12478,13448,15666,19885,20878,22319,24348,29635,36331,41158,46997,50127,51633,49314,44542,42101,39253,40512,44170,47277,46851,47611,49931,56730,57860,59830,62804,66543,72407,73279,78333,84717,76482,80752,82778,86796,99186,104243,103455,102998,105885,116788,113894,125295,125562,122222,116280,121516,114098,123088,125575,144437
 "36121","Wyoming, NY",2,CAINC45,240,"...","Value of inventory change ","Thousands of dollars",-381,-562,93,-2238,719,2441,804,-345,-933,242,3504,2785,5548,3090,-1281,-1156,-624,-2045,-1243,-5498,96,1192,-973,1123,-258,1818,-2604,4378,-1722,-108,-1343,-4608,960,7360,-2646,-766,-2154,4012,1866,-1785,-2961,1912,-5888,732,4846,-4601,-563,-1268,-854,-2775,-3916,-5854,2730,-5777
 "36121","Wyoming, NY",2,CAINC45,250,"..."," Value of inventory change: livestock ","Thousands of dollars",-260,-156,-177,-11,320,1113,426,-680,-1370,-981,2295,1784,4142,1821,586,-1195,-2523,-2184,-2054,-3348,-193,287,284,26,-799,-1708,1186,1188,-2480,-969,4,-4332,597,4028,-1836,-619,-777,1611,1791,-5939,2485,-713,732,-801,4120,-918,2024,3516,-1567,-2246,732,-2789,-5,727
 "36121","Wyoming, NY",2,CAINC45,260,"..."," Value of inventory change: crops ","Thousands of dollars",-121,-406,270,-2227,399,1328,378,335,437,1223,1209,1001,1406,1269,-1867,39,1899,139,811,-2150,289,905,-905,-83,848,1768,-1698,1594,75,141,427,-1222,1225,1503,474,-1462,1194,749,-1740,3619,-5421,-9,-5835,349,1057,-5281,-4116,-4668,629,-608,-3998,-3690,1262,-6563
 "36121","Wyoming, NY",2,CAINC45,265,"..."," Value of inventory change: materials and supplies ","Thousands of dollars",(NA),(NA),(NA),(NA),(NA),(NA),(NA),(NA),(NA),(NA),(NA),(NA),(NA),(NA),(NA),(NA),(NA),(NA),(NA),(NA),(NA),(NA),-352,1180,-307,1758,-2092,1596,683,720,-1774,946,-862,1829,-1284,1315,-2571,1652,1815,535,-25,2634,-785,1184,-331,1598,1529,-116,84,79,-650,625,1473,59
 "36121","Wyoming, NY",2,CAINC45,270,"...","Cash receipts and other income ","Thousands of dollars",32226,34387,36251,37353,44230,50718,50126,55007,54847,62697,74899,85812,93533,90443,96963,98205,92699,95812,96017,100466,109720,116071,110820,119885,122250,133139,141742,156398,147552,170152,171328,167944,181048,194542,193067,228493,230784,210861,243344,261466,216466,268405,325483,338739,360144,413200,319618,301205,322016,312088,346317,366224,371266,482837
 "36121","Wyoming, NY",2,CAINC45,280,"..."," Less: Production expenses ","Thousands of dollars",22773,24778,26701,28080,34683,44739,44986,48646,50804,59049,72614,82403,89130,88055,90949,88409,82348,78892,75045,79767,90311,99916,100869,100736,107616,119062,129987,133658,144482,155684,158916,161570,176598,192704,167497,177354,171889,182581,206874,225155,217988,224134,236377,275491,278506,300793,279600,272964,267348,273081,254129,274779,272547,323832
 "36121","Wyoming, NY",2,CAINC45,290,"...","Equals: Realized net income ","Thousands of dollars",9453,9609,9550,9273,9547,5979,5140,6361,4043,3648,2285,3409,4403,2388,6014,9796,10351,16920,20972,20699,19409,16155,9951,19149,14634,14077,11755,22740,3070,14468,12412,6374,4450,1838,25570,51139,58895,28280,36470,36311,-1522,44271,89106,63248,81638,112407,40018,28241,54668,39007,92188,91445,98719,159005
 "36121","Wyoming, NY",2,CAINC45,300,"..."," Plus: Value of inventory change ","Thousands of dollars",-381,-562,93,-2238,719,2441,804,-345,-933,242,3504,2785,5548,3090,-1281,-1156,-624,-2045,-1243,-5498,96,1192,-973,1123,-258,1818,-2604,4378,-1722,-108,-1343,-4608,960,7360,-2646,-766,-2154,4012,1866,-1785,-2961,1912,-5888,732,4846,-4601,-563,-1268,-854,-2775,-3916,-5854,2730,-5777
 "36121","Wyoming, NY",2,CAINC45,310,"...","Equals: Net income including corporate farms ","Thousands of dollars",9072,9047,9643,7035,10266,8420,5944,6016,3110,3890,5789,6194,9951,5478,4733,8640,9727,14875,19729,15201,19505,17347,8978,20272,14376,15895,9151,27118,1348,14360,11069,1766,5410,9198,22924,50373,56741,32292,38336,34526,-4483,46183,83218,63980,86484,107806,39455,26973,53814,36232,88272,85591,101449,153228
 "36121","Wyoming, NY",2,CAINC45,320,"..."," Less: Net income of corporate farms ","Thousands of dollars",240,250,330,393,720,369,278,239,92,137,271,81,434,140,59,374,542,778,1094,694,1568,1671,689,1542,942,1720,927,4424,176,1552,864,170,766,1604,3616,9444,8516,4133,6150,4292,-1500,5400,12450,8303,9670,12136,2028,3324,5469,7691,12823,13558,20021,34926
 "36121","Wyoming, NY",2,CAINC45,330,"..."," Plus: Statistical adjustment ","Thousands of dollars",0,0,0,0,1,0,0,0,0,0,0,0,1,-1,1,1,1,1,0,1,-1,0,1,1,1,-1,-1,1,1,-1,1,-1,-1,1,-1,-1,-1,0,-1,-1,-1,1,-1,1,-1,1,0,-1,-1,-1,1,1,-1,-1
 "36121","Wyoming, NY",2,CAINC45,340,"...","Equals: Farm proprietors' income ","Thousands of dollars",8832,8797,9313,6642,9547,8051,5666,5777,3018,3753,5518,6113,9518,5337,4675,8267,9186,14098,18635,14508,17936,15676,8290,18731,13435,14174,8223,22695,1173,12807,10206,1595,4643,7595,19307,40928,48224,28159,32185,30233,-2984,40784,70767,55678,76813,95671,37427,23648,48344,28540,75450,72034,81427,118301
 "36121","Wyoming, NY",2,CAINC45,350,"..."," Plus: Farm wages and salaries ","Thousands of dollars",2094,2200,2382,2420,3025,3619,4143,4112,4623,4521,5284,5823,5952,7118,6857,6852,6997,6568,6645,7729,8401,10079,9968,9834,11426,11851,14071,15531,17334,18600,17882,21723,23222,30293,26542,25303,19951,21483,25245,23361,21909,21879,19186,28948,29141,31244,25404,28881,27581,25952,20501,22241,21094,29937
 "36121","Wyoming, NY",2,CAINC45,360,"..."," Plus: Farm supplements to wages and salaries ","Thousands of dollars",225,245,286,295,374,460,495,554,639,620,744,803,779,802,889,872,903,892,972,1082,1395,1766,1972,2027,2465,2676,3060,2972,3009,3217,3245,3959,4685,5064,4445,4224,3606,4069,5640,6869,5976,5782,5413,6688,7715,7888,7322,8038,8656,6740,6041,5976,6355,10557
 "36121","Wyoming, NY",2,CAINC45,370,"...","Equals: Farm earnings ","Thousands of dollars",11151,11242,11981,9357,12946,12130,10304,10443,8280,8894,11546,12739,16249,13257,12421,15991,17086,21558,26252,23319,27732,27521,20230,30592,27326,28701,25354,41198,21516,34624,31333,27277,32550,42952,50294,70455,71781,53711,63070,60463,24901,68445,95366,91314,113669,134803,70153,60567,84581,61232,101992,100251,108876,158795
 "36123","Yates, NY",2,CAINC45,10,"...","Cash receipts from marketings (thousands of dollars) ","Thousands of dollars",14295,14287,15104,14126,19069,21779,22402,22201,22980,27168,31286,31613,35204,33503,31714,32899,30676,30607,32609,33914,35786,36449,36838,35788,35388,36710,38734,41411,41895,43491,45309,46187,49930,51903,49700,58340,58926,56553,86546,93852,78357,95845,116510,118326,121996,138288,112477,108206,113300,103070,108022,110849,123173,155388
 "36123","Yates, NY",2,CAINC45,20,"..."," Cash receipts: Livestock and products ","Thousands of dollars",6268,6029,5808,5935,6750,6903,7339,8621,8637,10127,12284,12934,13908,13768,14935,14791,14741,14756,15858,16240,18507,20186,19145,21019,21542,22027,22471,24527,22035,22257,22615,21308,25720,28476,27880,34342,35356,30633,53649,56397,43586,57944,74605,73770,77318,94613,70459,62887,68015,64942,68637,66862,72617,99620
 "36123","Yates, NY",2,CAINC45,60,"..."," Cash receipts: Crops ","Thousands of dollars",8027,8258,9296,8191,12319,14876,15063,13580,14343,17041,19002,18679,21296,19735,16779,18108,15935,15851,16751,17674,17279,16263,17693,14769,13846,14683,16263,16884,19860,21234,22694,24879,24210,23427,21820,23998,23570,25920,32897,37455,34771,37901,41905,44556,44678,43675,42018,45319,45285,38128,39385,43987,50556,55768
 "36123","Yates, NY",2,CAINC45,120,"...","Other income ","Thousands of dollars",1212,1126,997,1072,1074,1034,1161,1328,1464,1398,1714,1918,2265,2928,3614,2987,3159,3435,4843,4498,3819,3629,3549,3923,4082,3457,2854,2151,2203,2513,3707,4613,3130,3761,6094,7606,8166,8000,8869,10494,10599,10266,8130,10192,11325,10357,8847,7259,9917,7931,13660,14893,8270,15581
 "36123","Yates, NY",2,CAINC45,130,"..."," Government payments ","Thousands of dollars",770,664,492,536,373,92,96,107,238,329,140,87,140,229,1130,500,664,1318,2576,2007,1097,908,811,858,1364,1072,769,668,630,896,1649,1921,1385,1121,1634,690,1902,1645,636,891,1403,608,618,1039,719,278,647,1019,940,784,1141,6440,2512,1465
 "36123","Yates, NY",2,CAINC45,140,"..."," Imputed and miscellaneous income received 1/","Thousands of dollars",442,462,505,536,701,942,1065,1221,1226,1069,1574,1831,2125,2699,2484,2487,2495,2117,2267,2491,2722,2721,2738,3065,2718,2385,2085,1483,1573,1617,2058,2692,1745,2640,4460,6916,6264,6355,8233,9603,9196,9658,7512,9153,10606,10079,8200,6240,8977,7147,12519,8453,5758,14116
 "36123","Yates, NY",2,CAINC45,150,"...","Production expenses ","Thousands of dollars",9664,10208,10936,11455,13797,17377,19582,20586,22359,23771,28382,31476,33946,34834,35806,34171,31290,30794,31984,31687,33621,34061,32931,31636,33777,38165,42130,42258,44263,44100,42845,41476,42673,44273,44242,50363,53806,56494,75534,79870,77508,76996,80278,90806,94522,105310,100958,101633,101707,104672,96941,104892,105059,126257
 "36123","Yates, NY",2,CAINC45,160,"..."," Feed purchased ","Thousands of dollars",1257,1272,1189,1078,1431,1872,1687,1838,1671,1570,1826,2152,2280,1863,2282,2060,1984,2203,2276,2628,3197,3410,3545,3779,3639,3462,3740,3592,4152,4889,5027,4955,5655,6211,5847,6436,5786,6140,8529,11318,10297,12249,13623,16024,17241,17714,17419,15705,16931,16759,15984,17619,16815,16356
 "36123","Yates, NY",2,CAINC45,170,"..."," Livestock purchased ","Thousands of dollars",589,542,493,454,480,434,460,549,574,680,1083,927,901,654,756,792,707,877,1343,1085,1514,1663,1628,1625,2198,2249,2657,2277,1729,1676,1952,1572,2142,2194,1233,1650,2412,2776,3127,2519,3185,2936,3467,3724,3365,4878,3182,3555,3554,4615,4684,5018,5354,4892
 "36123","Yates, NY",2,CAINC45,180,"..."," Seed purchased ","Thousands of dollars",289,301,328,323,449,569,612,782,879,881,954,1042,1097,1004,815,925,810,806,791,992,1080,1109,1251,1060,1073,1273,1505,1769,1894,2004,1682,1933,1928,2468,2709,2598,2465,2416,3469,3769,3579,3500,3672,4374,4686,5190,5011,5734,6232,5920,5079,5702,4767,8585
 "36123","Yates, NY",2,CAINC45,190,"..."," Fertilizer and lime (incl. ag. chemicals 1978-fwd.) ","Thousands of dollars",960,1008,1161,1304,1553,2291,2570,2272,2256,2520,3100,3528,3602,3468,3294,3449,3139,2883,2956,2892,3191,3213,3396,3124,2857,3590,4229,3865,4339,4263,3941,3869,4221,3841,3980,4296,4617,4577,5693,6553,5887,5936,6627,7893,8256,8828,7567,7509,6702,7726,6898,7957,8608,11225
 "36123","Yates, NY",2,CAINC45,200,"..."," Petroleum products purchased ","Thousands of dollars",442,433,449,438,490,704,903,1108,1233,1278,1456,1924,2010,1732,1662,1648,1503,1326,1338,1255,1210,1431,1335,1205,1276,1330,1518,1695,1722,1563,1440,1910,1836,1710,1979,2534,2972,3160,4311,4900,3899,4050,4681,5482,6138,6323,4835,4150,4526,4460,4402,4045,4547,6680
 "36123","Yates, NY",2,CAINC45,210,"..."," Hired farm labor expenses 2/","Thousands of dollars",1972,2060,2276,2341,2877,3365,3942,3946,4409,4138,4877,5259,4827,5444,5224,5126,5157,4765,4903,4986,5079,5329,4867,4273,4827,5383,6349,6088,6500,6347,5281,5120,4851,5558,5794,6722,6312,7044,10360,9591,9396,8609,7821,10235,11513,13271,12231,14101,13859,13041,10926,11725,11074,16531
 "36123","Yates, NY",2,CAINC45,220,"..."," All other production expenses 3/","Thousands of dollars",4155,4592,5040,5517,6517,8142,9408,10091,11337,12704,15086,16644,19229,20669,21773,20171,17990,17934,18377,17849,18350,17906,16909,16570,17907,20878,22132,22972,23927,23358,23522,22117,22040,22291,22700,26127,29242,30381,40045,41220,41265,39716,40387,43074,43323,49106,50713,50879,49903,52151,48968,52826,53894,61988
 "36123","Yates, NY",2,CAINC45,240,"...","Value of inventory change ","Thousands of dollars",12,184,64,-940,-448,2170,329,-232,-6,35,825,412,785,90,-904,-141,-119,-205,-735,-2138,-239,406,-436,-259,115,814,-699,589,183,-240,-523,-1374,373,1042,100,-331,-1390,951,883,503,-2031,-387,-1958,-1340,1754,-2074,-1311,-1531,-1144,-981,-3457,-3244,1147,-5255
 "36123","Yates, NY",2,CAINC45,250,"..."," Value of inventory change: livestock ","Thousands of dollars",-65,-41,-36,-29,51,203,42,-104,-245,-72,337,410,513,122,91,-153,-481,-287,-450,-640,-107,26,-7,42,-220,-455,245,260,-550,-252,-25,-945,129,1054,-497,-109,-209,449,465,-1816,750,-122,187,-242,1423,-268,688,1050,-482,-700,306,-851,-19,252
 "36123","Yates, NY",2,CAINC45,260,"..."," Value of inventory change: crops ","Thousands of dollars",77,225,100,-911,-499,1967,287,-128,239,107,488,2,272,-32,-995,12,362,82,-285,-1498,-132,380,-339,-590,407,866,-479,-18,588,-148,-88,-655,459,-483,950,-598,-411,-9,-157,2152,-2773,-1076,-1904,-1458,432,-2299,-2475,-2544,-688,-306,-3557,-2591,701,-5525
 "36123","Yates, NY",2,CAINC45,265,"..."," Value of inventory change: materials and supplies ","Thousands of dollars",(NA),(NA),(NA),(NA),(NA),(NA),(NA),(NA),(NA),(NA),(NA),(NA),(NA),(NA),(NA),(NA),(NA),(NA),(NA),(NA),(NA),(NA),-90,289,-72,403,-465,347,145,160,-410,226,-215,471,-353,376,-770,511,575,167,-8,811,-241,360,-101,493,476,-37,26,25,-206,198,465,18
 "36123","Yates, NY",2,CAINC45,270,"...","Cash receipts and other income ","Thousands of dollars",15507,15413,16101,15198,20143,22813,23563,23529,24444,28566,33000,33531,37469,36431,35328,35886,33835,34042,37452,38412,39605,40078,40387,39711,39470,40167,41588,43562,44098,46004,49016,50800,53060,55664,55794,65946,67092,64553,95415,104346,88956,106111,124640,128518,133321,148645,121324,115465,123217,111001,121682,125742,131443,170969
 "36123","Yates, NY",2,CAINC45,280,"..."," Less: Production expenses ","Thousands of dollars",9664,10208,10936,11455,13797,17377,19582,20586,22359,23771,28382,31476,33946,34834,35806,34171,31290,30794,31984,31687,33621,34061,32931,31636,33777,38165,42130,42258,44263,44100,42845,41476,42673,44273,44242,50363,53806,56494,75534,79870,77508,76996,80278,90806,94522,105310,100958,101633,101707,104672,96941,104892,105059,126257
 "36123","Yates, NY",2,CAINC45,290,"...","Equals: Realized net income ","Thousands of dollars",5843,5205,5165,3743,6346,5436,3981,2943,2085,4795,4618,2055,3523,1597,-478,1715,2545,3248,5468,6725,5984,6017,7456,8075,5693,2002,-542,1304,-165,1904,6171,9324,10387,11391,11552,15583,13286,8059,19881,24476,11448,29115,44362,37712,38799,43335,20366,13832,21510,6329,24741,20850,26384,44712
 "36123","Yates, NY",2,CAINC45,300,"..."," Plus: Value of inventory change ","Thousands of dollars",12,184,64,-940,-448,2170,329,-232,-6,35,825,412,785,90,-904,-141,-119,-205,-735,-2138,-239,406,-436,-259,115,814,-699,589,183,-240,-523,-1374,373,1042,100,-331,-1390,951,883,503,-2031,-387,-1958,-1340,1754,-2074,-1311,-1531,-1144,-981,-3457,-3244,1147,-5255
 "36123","Yates, NY",2,CAINC45,310,"...","Equals: Net income including corporate farms ","Thousands of dollars",5855,5389,5229,2803,5898,7606,4310,2711,2079,4830,5443,2467,4308,1687,-1382,1574,2426,3043,4733,4587,5745,6423,7020,7816,5808,2816,-1241,1893,18,1664,5648,7950,10760,12433,11652,15252,11896,9010,20764,24979,9417,28728,42404,36372,40553,41261,19055,12301,20366,5348,21284,17606,27531,39457
 "36123","Yates, NY",2,CAINC45,320,"..."," Less: Net income of corporate farms ","Thousands of dollars",176,149,161,131,322,245,222,161,118,408,526,60,317,68,-273,92,167,180,268,196,396,486,388,465,281,225,-193,236,2,136,299,465,684,742,597,862,533,372,1101,1011,237,1059,1968,1440,1455,1564,344,558,794,435,1185,1069,2082,3447
 "36123","Yates, NY",2,CAINC45,330,"..."," Plus: Statistical adjustment ","Thousands of dollars",0,0,0,0,0,0,0,0,0,0,0,0,0,0,0,0,0,0,0,0,0,0,0,0,0,0,0,0,0,0,0,0,0,0,0,0,0,0,0,0,0,0,0,0,0,0,0,0,0,0,0,0,0,0
 "36123","Yates, NY",2,CAINC45,340,"...","Equals: Farm proprietors' income ","Thousands of dollars",5679,5240,5068,2672,5576,7361,4088,2550,1961,4422,4917,2407,3991,1619,-1109,1482,2259,2863,4465,4391,5349,5937,6632,7351,5527,2591,-1048,1657,16,1528,5349,7485,10076,11691,11055,14390,11363,8638,19663,23968,9180,27669,40436,34932,39098,39697,18711,11743,19572,4913,20099,16537,25449,36010
 "36123","Yates, NY",2,CAINC45,350,"..."," Plus: Farm wages and salaries ","Thousands of dollars",1580,1648,1774,1793,2244,2669,2955,2849,3113,2998,3416,3688,3727,4376,4077,3922,3836,3455,3334,3440,3346,3614,3235,2904,3224,3211,3676,3913,4219,3768,3042,3132,2856,3161,3829,4629,4414,5545,7412,6643,6044,5869,5002,7348,7417,7942,6453,7328,6998,6582,5234,5663,5376,7669
 "36123","Yates, NY",2,CAINC45,360,"..."," Plus: Farm supplements to wages and salaries ","Thousands of dollars",153,165,193,205,263,326,370,424,507,491,534,535,490,478,516,488,486,457,479,476,558,641,653,612,718,756,835,789,780,697,589,608,611,558,670,804,833,1091,1726,2059,1748,1629,1494,1817,2103,2140,1961,2144,2313,1809,1633,1625,1711,2780
 "36123","Yates, NY",2,CAINC45,370,"...","Equals: Farm earnings ","Thousands of dollars",7412,7053,7035,4670,8083,10356,7413,5823,5581,7911,8867,6630,8208,6473,3484,5892,6581,6775,8278,8307,9253,10192,10520,10867,9469,6558,3463,6359,5015,5993,8980,11225,13543,15410,15554,19823,16610,15274,28801,32670,16972,35167,46932,44097,48618,49779,27125,21215,28883,13304,26966,23825,32536,46459
"Note: See the included footnote file."
"CAINC45: Farm income and expenses "
"Last updated: November 16, 2023-- new statistics for 2022; revised statistics for 2002-2021."
"U.S. Bureau of Economic Analysis"
