GeoFIPS,GeoName,Region,TableName,LineCode,IndustryClassification,Description,Unit,1969,1970,1971,1972,1973,1974,1975,1976,1977,1978,1979,1980,1981,1982,1983,1984,1985,1986,1987,1988,1989,1990,1991,1992,1993,1994,1995,1996,1997,1998,1999,2000,2001,2002,2003,2004,2005,2006,2007,2008,2009,2010,2011,2012,2013,2014,2015,2016,2017,2018,2019,2020,2021,2022
 "40000","Oklahoma",6,CAINC4,10,"...","Personal income (thousands of dollars) ","Thousands of dollars",8454824,9325575,10163611,11153394,12652931,14079579,15735744,17348684,19295941,21896038,25413798,29286958,34192458,38159431,39088971,41896949,43595242,43867691,43620137,45584662,48472389,51112102,52723718,56001403,58200991,60762957,63357553,67111450,71071391,74943596,76956477,83332119,88609534,90711628,95275667,102917268,112487587,124536498,128994333,143654854,133218319,139695062,150301952,159875362,167796900,177635739,172726289,164709044,171995438,180823960,189981259,199233203,220176482,226307998
 "40000","Oklahoma",6,CAINC4,11,"..."," Nonfarm personal income 1/","Thousands of dollars",8180836,8968454,9830533,10737968,11921710,13630909,15335850,17015834,19118119,21727195,24784915,29027528,33867450,37677731,38880246,41527211,43219512,43229099,43063382,44827602,47679411,50260127,52110310,55166005,57344545,59947890,63082868,66762957,70420128,74435040,76129024,82511280,87804725,89743656,94331163,101673867,111204355,123866984,128350507,142882838,133176969,138902691,148974199,158150274,166071965,175470280,170867426,163735305,170918673,179899239,188943588,198446033,218717657,225780316
 "40000","Oklahoma",6,CAINC4,12,"..."," Farm income 2/","Thousands of dollars",273988,357121,333078,415426,731221,448670,399894,332850,177822,168843,628883,259430,325008,481700,208725,369738,375730,638592,556755,757060,792978,851975,613408,835398,856446,815067,274685,348493,651263,508556,827453,820839,804809,967972,944504,1243401,1283232,669514,643826,772016,41350,792371,1327753,1725088,1724935,2165459,1858863,973739,1076765,924721,1037671,787170,1458825,527682
 "40000","Oklahoma",6,CAINC4,20,"...","Population (persons) 3/","Number of persons",2535000,2566485,2617944,2657448,2694182,2732454,2771858,2823396,2865935,2913056,2970080,3040758,3096159,3206129,3290404,3285535,3271333,3252735,3210124,3167064,3150304,3148825,3175440,3220517,3252285,3280940,3308208,3340129,3372917,3405194,3437147,3454365,3467100,3489080,3504892,3525233,3548597,3594090,3634349,3668976,3717572,3759581,3786640,3815353,3848112,3871583,3901051,3916821,3920455,3928494,3943796,3964912,3991225,4019800
 "40000","Oklahoma",6,CAINC4,30,"...","Per capita personal income (dollars) 4/","Dollars",3335,3634,3882,4197,4696,5153,5677,6145,6733,7517,8557,9631,11044,11902,11880,12752,13326,13486,13588,14393,15387,16232,16604,17389,17895,18520,19152,20092,21071,22009,22390,24124,25557,25999,27184,29194,31699,34650,35493,39154,35835,37157,39693,41903,43605,45882,44277,42052,43871,46029,48172,50249,55165,56298
 "40000","Oklahoma",6,CAINC4,35,"...","Earnings by place of work ","Thousands of dollars",6675751,7255716,7819033,8663553,9875429,10830775,11888966,13147572,14772784,16912837,19762035,22413295,25951715,28508561,28356848,30350650,31208018,31360225,31245274,32714576,34579523,36596599,37738444,40174828,41982343,43564779,44703852,47376661,50613032,53397021,54842686,59043757,62898658,64595080,67873856,74070349,81196886,89608909,90447715,100686422,91235975,95686094,102575598,109779401,119225033,126219487,121344594,112809063,117714834,123927674,129823368,128950605,139236538,149830740
 "40000","Oklahoma",6,CAINC4,36,"...","Less: Contributions for government social insurance 5/","Thousands of dollars",401423,430587,483555,557780,720200,845328,927531,1054229,1197712,1418028,1688124,1970826,2450065,2747662,2738941,2968540,3108688,3161435,3181082,3498187,3730712,4066193,4324351,4549795,4797962,5058091,5275511,5473815,5733667,6032894,6218019,6599721,7047315,7296806,7508691,8030930,8506321,9109958,9585406,10040006,9848097,10095101,9732346,10323739,11890230,12224998,12305283,12059885,12542374,13258622,13797744,14034212,14734284,15999337
 "40000","Oklahoma",6,CAINC4,37,"..."," Employee and self-employed contributions for government social insurance ","Thousands of dollars",213161,228163,254796,288108,374704,439680,480058,527258,600832,707489,845163,993483,1244665,1390873,1371670,1460554,1574040,1605331,1619673,1788820,1933144,2086555,2223399,2336804,2430034,2568846,2680005,2799727,2972748,3158378,3293291,3479513,3683285,3783039,3842957,4056749,4339209,4732601,5038713,5333591,5233753,5358445,4460905,4653218,6081309,6395732,6515607,6572749,6850273,7282381,7582354,7758302,8091218,8913100
 "40000","Oklahoma",6,CAINC4,38,"..."," Employer contributions for government social insurance ","Thousands of dollars",188262,202424,228759,269672,345496,405648,447473,526971,596880,710539,842961,977343,1205400,1356789,1367271,1507986,1534648,1556104,1561409,1709367,1797568,1979638,2100952,2212991,2367928,2489245,2595506,2674088,2760919,2874516,2924728,3120208,3364030,3513767,3665734,3974181,4167112,4377357,4546693,4706415,4614344,4736656,5271441,5670521,5808921,5829266,5789676,5487136,5692101,5976241,6215390,6275910,6643066,7086237
 "40000","Oklahoma",6,CAINC4,42,"...","Plus: Adjustment for residence 6/","Thousands of dollars",64025,65164,64113,73057,82775,106361,141896,176892,152396,148824,161905,169770,197590,203692,240525,288662,330630,381606,428495,477798,504678,568387,597203,618431,656662,713868,746563,779482,858701,892751,938922,1018803,1013994,985693,966689,948902,910931,882612,846393,790484,679203,611722,560542,550627,472050,461637,434211,455625,443274,474875,468274,459072,591698,652014
 "40000","Oklahoma",6,CAINC4,45,"...","Equals: Net earnings by place of residence ","Thousands of dollars",6338353,6890293,7399591,8178830,9238004,10091808,11103331,12270235,13727468,15643633,18235816,20612239,23699240,25964591,25858432,27670772,28429960,28580396,28492687,29694187,31353489,33098793,34011296,36243464,37841043,39220556,40174904,42682328,45738066,48256878,49563589,53462839,56865337,58283967,61331854,66988321,73601496,81381563,81708702,91436900,82067081,86202715,93403794,100006289,107806853,114456126,109473522,101204803,105615734,111143927,116493898,115375465,125093952,134483417
 "40000","Oklahoma",6,CAINC4,46,"...","Plus: Dividends, interest, and rent 7/","Thousands of dollars",1260974,1453872,1633300,1734596,2008986,2324179,2580593,2827900,3175498,3677701,4222811,5255828,6611115,7818448,8429132,9244507,9843486,9629796,9241344,9659313,10490143,10880043,10908283,11027712,11179577,11789698,12649750,13374559,13974767,15098072,15287852,17072459,17612002,17329683,17852510,18929959,20625624,23151388,25838725,28159624,25206512,25804843,28874836,31227276,30730878,33002477,31997772,31206214,32776592,34888536,36269167,37048632,41651703,43113720
 "40000","Oklahoma",6,CAINC4,47,"...","Plus: Personal current transfer receipts ","Thousands of dollars",855497,981410,1130720,1239968,1405941,1663592,2051820,2250549,2392975,2574704,2955171,3418891,3882103,4376392,4801407,4981670,5321796,5657499,5886106,6231162,6628757,7133266,7804139,8730227,9180371,9752703,10532899,11054563,11358558,11588646,12105036,12796821,14132195,15097978,16091303,16998988,18260467,20003547,21446906,24058330,25944726,27687504,28023322,28641797,29259169,30177136,31254995,32298027,33603112,34791497,37218194,46809106,53430827,48710861
 "40000","Oklahoma",6,CAINC4,50,"...","Wages and salaries ","Thousands of dollars",4896002,5306625,5647479,6177620,6861686,7739350,8492201,9514199,10710931,12335243,14159320,16635759,19528371,21539679,21157110,22319975,22852820,22387095,22388275,23396652,24500707,26084633,27245503,28558736,29568920,30675935,31920437,33665719,35744272,38191567,39820646,42486440,44622573,45171642,46238054,48469663,51111460,56339439,59599333,63303528,61167476,62371565,66177088,70159176,72310886,75569526,76957817,75709303,78207172,82167258,85456534,84632230,88792363,96033912
 "40000","Oklahoma",6,CAINC4,60,"...","Supplements to wages and salaries ","Thousands of dollars",630761,703509,793857,905364,1017524,1161484,1345219,1524589,1767029,2042349,2391232,2821068,3331996,3779419,3909676,4189793,4380145,4538375,4519330,4754427,5185100,5621539,6062960,6719568,7078330,7381753,7484896,7771746,7958994,8384007,8641084,9557985,10237954,10779290,11326091,12215825,13014943,13567949,13940392,14230454,14424126,15552055,16216747,16707223,17735928,18446048,18871885,18414014,18893266,19827131,20371224,20208088,20778220,21521215
 "40000","Oklahoma",6,CAINC4,61,"..."," Employer contributions for employee pension and insurance funds 8/","Thousands of dollars",442499,501085,565098,635692,672028,755836,897746,997618,1170149,1331810,1548271,1843725,2126596,2422630,2542405,2681807,2845497,2982271,2957921,3045060,3387532,3641901,3962008,4506577,4710402,4892508,4889390,5097658,5198075,5509491,5716356,6437777,6873924,7265523,7660357,8241644,8847831,9190592,9393699,9524039,9809782,10815399,10945306,11036702,11927007,12616782,13082209,12926878,13201165,13850890,14155834,13932178,14135154,14434978
 "40000","Oklahoma",6,CAINC4,62,"..."," Employer contributions for government social insurance ","Thousands of dollars",188262,202424,228759,269672,345496,405648,447473,526971,596880,710539,842961,977343,1205400,1356789,1367271,1507986,1534648,1556104,1561409,1709367,1797568,1979638,2100952,2212991,2367928,2489245,2595506,2674088,2760919,2874516,2924728,3120208,3364030,3513767,3665734,3974181,4167112,4377357,4546693,4706415,4614344,4736656,5271441,5670521,5808921,5829266,5789676,5487136,5692101,5976241,6215390,6275910,6643066,7086237
 "40000","Oklahoma",6,CAINC4,70,"...","Proprietors' income 9/","Thousands of dollars",1148988,1245582,1377697,1580569,1996219,1929941,2051546,2108784,2294824,2535245,3211483,2956468,3091348,3189463,3290062,3840882,3975053,4434755,4337669,4563497,4893716,4890427,4429981,4896524,5335093,5507091,5298519,5939196,6909766,6821447,6380956,6999332,8038131,8644148,10309711,13384861,17070483,19701521,16907990,23152440,15644373,17762474,20181763,22913002,29178219,32203913,25514892,18685746,20614396,21933285,23995610,24110287,29665955,32275613
 "40000","Oklahoma",6,CAINC4,71,"..."," Farm proprietors' income ","Thousands of dollars",225293,302245,281470,357434,668664,372847,321856,239421,58621,79887,531270,157922,224937,368635,99789,260983,266224,536446,453721,641821,670105,709637,475549,707752,712614,678193,112005,182888,472916,330853,626517,625110,581396,807535,759289,983550,1034465,430300,303432,400476,-241182,518385,1033037,1356524,1417779,1835243,1656020,748940,842710,720933,776181,517573,1215802,246765
 "40000","Oklahoma",6,CAINC4,72,"..."," Nonfarm proprietors' income ","Thousands of dollars",923695,943337,1096227,1223135,1327555,1557094,1729690,1869363,2236203,2455358,2680213,2798546,2866411,2820828,3190273,3579899,3708829,3898309,3883948,3921676,4223611,4180790,3954432,4188772,4622479,4828898,5186514,5756308,6436850,6490594,5754439,6374222,7456735,7836613,9550422,12401311,16036018,19271221,16604558,22751964,15885555,17244089,19148726,21556478,27760440,30368670,23858872,17936806,19771686,21212352,23219429,23592714,28450153,32028848
 "40000","Oklahoma",6,CAINC4,7010,"...","Total employment ","Number of jobs",1107254,1119772,1132251,1183090,1220988,1255780,1268539,1305470,1359195,1428087,1481253,1547367,1625130,1673226,1637587,1665397,1647651,1588059,1598762,1608236,1622640,1654743,1668179,1680022,1715718,1748232,1799650,1849559,1896861,1938705,1953349,1994373,2009183,1987636,1971410,1998176,2043188,2096099,2150026,2186721,2136754,2130312,2159073,2211969,2249096,2273648,2287838,2287131,2291944,2312261,2310371,2266945,2314387,2412886
 "40000","Oklahoma",6,CAINC4,7020,"..."," Wage and salary employment ","Number of jobs",876249,884744,888992,923306,962388,993052,999421,1035979,1077653,1138439,1184033,1239282,1292376,1319392,1262940,1283190,1262386,1221702,1209517,1228267,1254304,1284412,1292795,1314211,1338171,1362485,1395496,1435391,1471484,1516388,1532662,1563936,1577432,1556541,1524751,1543662,1573857,1616490,1645715,1673742,1618958,1606128,1625056,1657454,1679892,1699684,1705945,1689282,1696327,1720358,1741574,1666465,1683378,1743257
 "40000","Oklahoma",6,CAINC4,7040,"..."," Proprietors employment ","Number of jobs",231005,235028,243259,259784,258600,262728,269118,269491,281542,289648,297220,308085,332754,353834,374647,382207,385265,366357,389245,379969,368336,370331,375384,365811,377547,385747,404154,414168,425377,422317,420687,430437,431751,431095,446659,454514,469331,479609,504311,512979,517796,524184,534017,554515,569204,573964,581893,597849,595617,591903,568797,600480,631009,669629
 "40001","Adair, OK",6,CAINC4,10,"...","Personal income (thousands of dollars) ","Thousands of dollars",28386,31954,34889,39055,45471,51351,57539,60549,65204,74878,89381,98796,109252,115908,122092,144849,154045,168077,166683,179068,201485,214027,227242,257496,258332,272464,275979,283943,297104,305874,316145,328746,362411,382808,385615,403042,428137,446078,466868,478669,491326,530843,551112,561700,564174,579553,622361,616247,635443,644545,657698,696105,784508,815623
 "40001","Adair, OK",6,CAINC4,11,"..."," Nonfarm personal income 1/","Thousands of dollars",25704,28916,32476,35947,39470,45734,51269,56358,63325,72097,82242,94866,105798,113535,122885,136135,144619,151038,158400,170274,180710,198276,210473,237115,232739,246481,257434,263704,278427,285839,294114,307507,338529,358658,373431,386490,408069,436036,458478,473814,486668,509711,523652,535411,537244,550860,575200,588972,600317,608926,628783,689998,755485,763064
 "40001","Adair, OK",6,CAINC4,12,"..."," Farm income 2/","Thousands of dollars",2682,3038,2413,3108,6001,5617,6270,4191,1879,2781,7139,3930,3454,2373,-793,8714,9426,17039,8283,8794,20775,15751,16769,20381,25593,25983,18545,20239,18677,20035,22031,21239,23882,24150,12184,16552,20068,10042,8390,4855,4658,21132,27460,26289,26930,28693,47161,27275,35126,35619,28915,6107,29023,52559
 "40001","Adair, OK",6,CAINC4,20,"...","Population (persons) 3/","Number of persons",14888,15187,15547,16274,16725,16786,17077,17300,17663,18185,18702,18518,18258,18437,18845,18369,18357,18557,18815,18771,18516,18444,18844,19178,19483,19784,19933,20182,20421,20748,20904,21031,21101,21271,21445,21589,21887,22215,22345,22346,22477,22693,22334,21872,21609,21284,20913,20695,20284,20158,19893,19451,19479,19576
 "40001","Adair, OK",6,CAINC4,30,"...","Per capita personal income (dollars) 4/","Dollars",1907,2104,2244,2400,2719,3059,3369,3500,3692,4118,4779,5335,5984,6287,6479,7886,8392,9057,8859,9540,10882,11604,12059,13427,13259,13772,13845,14069,14549,14742,15124,15631,17175,17997,17982,18669,19561,20080,20894,21421,21859,23392,24676,25681,26108,27230,29760,29778,31327,31975,33062,35788,40275,41664
 "40001","Adair, OK",6,CAINC4,35,"...","Earnings by place of work ","Thousands of dollars",14045,16679,18888,20604,25004,26760,28751,28289,29647,35476,43978,45559,47776,49883,50204,67130,72800,84966,81591,88059,102337,108588,122591,158227,154841,159497,153367,151091,157502,165331,172292,181535,203232,211904,201671,211452,230793,233465,240480,232996,225061,256084,269269,268616,265763,270003,292553,279446,286292,287140,282507,272737,318178,354221
 "40001","Adair, OK",6,CAINC4,36,"...","Less: Contributions for government social insurance 5/","Thousands of dollars",835,1012,1242,1347,1701,1975,2082,2254,2584,3091,3622,4086,4652,5028,5256,6088,6705,7303,7968,9142,9789,11074,12777,15844,15759,16412,16762,15960,16565,17194,17788,18740,20538,21767,22309,23601,25859,27015,28580,28278,27698,28550,27302,27427,29575,29701,29882,30593,31469,32092,32533,34968,37586,40082
 "40001","Adair, OK",6,CAINC4,37,"..."," Employee and self-employed contributions for government social insurance ","Thousands of dollars",495,587,709,771,967,1108,1160,1225,1392,1641,1914,2167,2490,2720,2837,3257,3667,3969,4341,5092,5467,5983,6908,8868,8221,8656,8881,8547,9012,9433,9990,10442,11328,11885,11915,12263,13281,14227,15315,15336,15235,15801,13343,13160,15730,16157,16623,17823,18339,19110,19331,20944,22257,24076
 "40001","Adair, OK",6,CAINC4,38,"..."," Employer contributions for government social insurance ","Thousands of dollars",340,425,533,576,734,867,922,1029,1192,1450,1708,1919,2162,2308,2419,2831,3038,3334,3627,4050,4322,5091,5869,6976,7538,7756,7881,7413,7553,7761,7798,8298,9210,9882,10394,11338,12578,12788,13265,12942,12463,12749,13959,14267,13845,13544,13259,12770,13130,12982,13202,14024,15329,16006
 "40001","Adair, OK",6,CAINC4,42,"...","Plus: Adjustment for residence 6/","Thousands of dollars",4796,4454,4189,5620,6427,7499,8069,9690,11027,12664,14802,16578,18952,18862,20573,23249,24300,26375,28598,32613,35054,39002,34833,26377,27509,33133,34284,39118,44185,44115,43091,40983,44123,46746,48645,50717,50581,49943,48313,45280,44865,47200,49467,53820,57510,60253,63620,66384,71428,75993,84101,90158,96914,107857
 "40001","Adair, OK",6,CAINC4,45,"...","Equals: Net earnings by place of residence ","Thousands of dollars",18006,20121,21835,24877,29730,32284,34738,35725,38090,45049,55158,58051,62076,63717,65521,84291,90395,104038,102221,111530,127602,136516,144647,168760,166591,176218,170889,174249,185122,192252,197595,203778,226817,236883,228007,238568,255515,256393,260213,249998,242228,274734,291434,295009,293698,300555,326291,315237,326251,331041,334075,327927,377506,421996
 "40001","Adair, OK",6,CAINC4,46,"...","Plus: Dividends, interest, and rent 7/","Thousands of dollars",2579,3037,3437,3729,4504,5292,5882,6746,8044,9379,10859,13651,16407,19000,21034,24222,26110,26490,25970,27117,30327,31266,31802,32790,32827,34639,38452,39743,42678,45596,47041,51399,52867,45558,47640,48177,50946,55113,59609,62143,64660,63420,68554,71034,73276,79238,87222,86941,90138,91604,88957,88793,79580,80464
 "40001","Adair, OK",6,CAINC4,47,"...","Plus: Personal current transfer receipts ","Thousands of dollars",7801,8796,9617,10449,11237,13775,16919,18078,19070,20450,23364,27094,30769,33191,35537,36336,37540,37549,38492,40421,43556,46245,50793,55946,58914,61607,66638,69951,69304,68026,71509,73569,82727,100367,109968,116297,121676,134572,147046,166528,184438,192689,191124,195657,197200,199760,208848,214069,219054,221900,234666,279385,327422,313163
 "40001","Adair, OK",6,CAINC4,50,"...","Wages and salaries ","Thousands of dollars",7793,9844,11694,11871,13094,14834,15671,17029,20050,23564,27065,31082,33490,36275,38176,42630,45732,48205,51609,54324,57655,65880,74819,88508,91605,93516,95175,92253,96654,102614,109103,117185,122229,126087,129152,134148,144545,154599,165694,166861,155755,158603,160518,161345,156843,161043,161305,164909,164434,167166,169538,176701,191717,200408
 "40001","Adair, OK",6,CAINC4,60,"...","Supplements to wages and salaries ","Thousands of dollars",927,1160,1412,1604,1840,2135,2415,2648,3295,3950,4531,5272,5822,6445,6957,7982,9007,9881,10983,11631,13189,16033,18796,22961,24771,25327,24730,24121,24470,25711,26384,28633,32253,34468,36606,39909,44033,45114,47800,46673,46201,50620,50318,48442,50372,52105,51941,50507,48625,49250,48721,49885,51589,52084
 "40001","Adair, OK",6,CAINC4,61,"..."," Employer contributions for employee pension and insurance funds 8/","Thousands of dollars",587,735,879,1028,1106,1268,1493,1619,2103,2500,2823,3353,3660,4137,4538,5151,5969,6547,7356,7581,8867,10942,12927,15985,17233,17571,16849,16708,16917,17950,18586,20335,23043,24586,26212,28571,31455,32326,34535,33731,33738,37871,36359,34175,36527,38561,38682,37737,35495,36268,35519,35861,36260,36078
 "40001","Adair, OK",6,CAINC4,62,"..."," Employer contributions for government social insurance ","Thousands of dollars",340,425,533,576,734,867,922,1029,1192,1450,1708,1919,2162,2308,2419,2831,3038,3334,3627,4050,4322,5091,5869,6976,7538,7756,7881,7413,7553,7761,7798,8298,9210,9882,10394,11338,12578,12788,13265,12942,12463,12749,13959,14267,13845,13544,13259,12770,13130,12982,13202,14024,15329,16006
 "40001","Adair, OK",6,CAINC4,70,"...","Proprietors' income 9/","Thousands of dollars",5325,5675,5782,7129,10070,9791,10665,8612,6302,7962,12382,9205,8464,7163,5071,16518,18061,26880,18999,22104,31493,26675,28976,46758,38465,40654,33462,34717,36378,37006,36805,35717,48750,51349,35913,37395,42215,33752,26986,19462,23105,46861,58433,58829,58548,56855,79307,64030,73233,70724,64248,46151,74872,101729
 "40001","Adair, OK",6,CAINC4,71,"..."," Farm proprietors' income ","Thousands of dollars",2254,2574,1993,2653,5521,5054,5595,3282,596,1742,5957,2662,2163,884,-2259,7199,7851,15508,6672,6860,18597,13096,14098,17792,23073,23912,16440,18436,17075,18507,20373,19678,22161,22953,10412,13529,16668,6314,2428,-1498,-51,16649,22742,20479,22086,23496,43959,23748,31450,32400,24791,1857,25204,48145
 "40001","Adair, OK",6,CAINC4,72,"..."," Nonfarm proprietors' income ","Thousands of dollars",3071,3101,3789,4476,4549,4737,5070,5330,5706,6220,6425,6543,6301,6279,7330,9319,10210,11372,12327,15244,12896,13579,14878,28966,15392,16742,17022,16281,19303,18499,16432,16039,26589,28396,25501,23866,25547,27438,24558,20960,23156,30212,35691,38350,36462,33359,35348,40282,41783,38324,39457,44294,49668,53584
 "40001","Adair, OK",6,CAINC4,7010,"...","Total employment ","Number of jobs",3298,3522,3678,3977,4013,4167,4307,4348,4762,5147,5128,5177,5238,5173,5220,5542,5574,5522,5935,5956,6126,6616,7114,7419,7898,7867,7753,7736,7834,7908,8047,8303,8305,8106,8172,8419,8780,9041,9312,9004,8762,8450,8814,8582,8194,8123,7953,7849,7929,7879,7858,7886,7931,8002
 "40001","Adair, OK",6,CAINC4,7020,"..."," Wage and salary employment ","Number of jobs",2020,2227,2331,2588,2666,2746,2762,2793,3106,3418,3398,3438,3434,3407,3331,3616,3641,3613,3911,3898,4005,4433,4862,5131,5349,5225,5028,4942,5038,5108,5200,5434,5567,5467,5522,5644,5941,6213,6375,6122,5877,5615,5571,5411,5099,5065,4906,4829,4902,4944,4944,4868,4902,4870
 "40001","Adair, OK",6,CAINC4,7040,"..."," Proprietors employment ","Number of jobs",1278,1295,1347,1389,1347,1421,1545,1555,1656,1729,1730,1739,1804,1766,1889,1926,1933,1909,2024,2058,2121,2183,2252,2288,2549,2642,2725,2794,2796,2800,2847,2869,2738,2639,2650,2775,2839,2828,2937,2882,2885,2835,3243,3171,3095,3058,3047,3020,3027,2935,2914,3018,3029,3132
 "40003","Alfalfa, OK",6,CAINC4,10,"...","Personal income (thousands of dollars) ","Thousands of dollars",24868,31898,34357,33314,36812,42632,43528,37914,37216,49466,63801,63408,79645,107070,82853,108872,93224,89674,96296,102494,100561,106416,89547,107467,99246,97151,86147,90631,112032,111084,114776,126959,132270,128256,142030,138363,138768,138596,141345,185630,155264,180569,218677,252569,247755,282263,263726,216353,210064,225030,215343,233653,258672,236289
 "40003","Alfalfa, OK",6,CAINC4,11,"..."," Nonfarm personal income 1/","Thousands of dollars",16881,18079,20114,21677,23917,26660,30728,33236,36255,40526,45334,53531,64869,72481,75016,78293,79454,76159,75772,75142,77736,77754,75740,86909,76886,79006,82887,87144,91004,92827,91872,97684,107468,111128,110646,111042,112374,117440,125629,144549,140761,150234,177607,200786,208475,239880,233412,200086,205201,212047,203706,211712,228944,229482
 "40003","Alfalfa, OK",6,CAINC4,12,"..."," Farm income 2/","Thousands of dollars",7987,13819,14243,11637,12895,15972,12800,4678,961,8940,18467,9877,14776,34589,7837,30579,13770,13515,20524,27352,22825,28662,13807,20558,22360,18145,3260,3487,21028,18257,22904,29275,24802,17128,31384,27321,26394,21156,15716,41081,14503,30335,41070,51783,39280,42383,30314,16267,4863,12983,11637,21941,29728,6807
 "40003","Alfalfa, OK",6,CAINC4,20,"...","Population (persons) 3/","Number of persons",7928,7216,7206,7110,7027,7021,7175,7237,7230,7314,7231,7111,7235,7380,7519,7324,7197,7222,6979,6637,6575,6384,6367,6327,6309,6291,6275,6291,6247,6244,6125,6080,5933,5894,5827,5785,5706,5639,5618,5618,5585,5627,5645,5665,5851,5816,5910,5924,5902,5739,5661,5708,5681,5637
 "40003","Alfalfa, OK",6,CAINC4,30,"...","Per capita personal income (dollars) 4/","Dollars",3137,4420,4768,4686,5239,6072,6067,5239,5147,6763,8823,8917,11008,14508,11019,14865,12953,12417,13798,15443,15294,16669,14064,16985,15731,15443,13729,14406,17934,17791,18739,20881,22294,21760,24374,23918,24320,24578,25159,33042,27800,32090,38738,44584,42344,48532,44624,36521,35592,39211,38040,40934,45533,41918
 "40003","Alfalfa, OK",6,CAINC4,35,"...","Earnings by place of work ","Thousands of dollars",17759,24032,25374,23869,25660,30178,29046,22706,20153,30357,42145,36062,44433,66474,41073,64406,49490,51051,61882,68247,64424,70140,50616,55654,58833,55462,39783,41651,61727,60420,65588,74242,74490,69826,81697,76756,74604,73334,67250,96201,72337,97877,123105,155942,147825,163624,145600,113325,100868,114587,113632,119568,123599,102745
 "40003","Alfalfa, OK",6,CAINC4,36,"...","Less: Contributions for government social insurance 5/","Thousands of dollars",689,722,804,903,1108,1279,1445,1592,1674,1920,2209,2476,2997,3291,3258,3410,3740,4057,4695,4925,5069,5105,4633,4352,4543,4707,4814,4757,4951,5072,5229,5409,5732,6097,5928,6045,6021,6345,6719,7256,7412,8093,8690,10812,12463,13390,12760,11216,11493,12557,12396,12017,11576,12490
 "40003","Alfalfa, OK",6,CAINC4,37,"..."," Employee and self-employed contributions for government social insurance ","Thousands of dollars",416,438,485,537,650,743,823,868,923,1059,1206,1342,1611,1774,1760,1828,2039,2174,2451,2652,2841,2785,2621,2535,2613,2696,2735,2748,2888,2976,3075,3146,3345,3548,3380,3393,3454,3659,3875,4114,4331,4691,4511,5251,6647,7217,6964,6359,6512,7102,7063,6978,6830,7333
 "40003","Alfalfa, OK",6,CAINC4,38,"..."," Employer contributions for government social insurance ","Thousands of dollars",273,284,319,366,458,536,622,724,751,861,1003,1134,1386,1517,1498,1582,1701,1883,2244,2273,2228,2320,2012,1817,1930,2011,2079,2009,2063,2096,2154,2263,2387,2549,2548,2652,2567,2686,2844,3142,3081,3402,4179,5561,5816,6173,5796,4857,4981,5455,5333,5039,4746,5157
 "40003","Alfalfa, OK",6,CAINC4,42,"...","Plus: Adjustment for residence 6/","Thousands of dollars",575,574,571,558,541,589,487,411,464,493,424,258,710,1019,470,538,-75,-1214,-2518,-2502,-2448,-2431,60,1428,2144,2698,3235,3922,4588,4918,4863,5568,6146,6483,7619,8803,10257,12204,12746,14486,12434,11347,9843,4341,3321,1654,5131,7682,6972,5466,7729,6350,7844,10172
 "40003","Alfalfa, OK",6,CAINC4,45,"...","Equals: Net earnings by place of residence ","Thousands of dollars",17645,23884,25141,23524,25093,29488,28088,21525,18943,28930,40360,33844,42146,64202,38285,61534,45675,45780,54669,60820,56907,62604,46043,52730,56434,53453,38204,40816,61364,60266,65222,74401,74904,70212,83388,79514,78840,79193,73277,103431,77359,101131,124258,149471,138683,151888,137971,109791,96347,107496,108965,113901,119867,100427
 "40003","Alfalfa, OK",6,CAINC4,46,"...","Plus: Dividends, interest, and rent 7/","Thousands of dollars",4108,4691,5536,5852,7243,8114,9417,9845,11015,12707,14752,19251,25716,30010,30644,32577,32164,27773,25251,25059,26472,26005,24474,34461,22195,22643,25191,26347,26927,26931,26050,28741,31657,29276,30142,29161,27712,26749,33375,45053,36857,39603,54516,63409,70642,92796,85561,65488,70384,74251,61421,63293,71607,77664
 "40003","Alfalfa, OK",6,CAINC4,47,"...","Plus: Personal current transfer receipts ","Thousands of dollars",3115,3323,3680,3938,4476,5030,6023,6544,7258,7829,8689,10313,11783,12858,13924,14761,15385,16121,16376,16615,17182,17807,19030,20276,20617,21055,22752,23468,23741,23887,23504,23817,25709,28768,28500,29688,32216,32654,34693,37146,41048,39835,39903,39689,38430,37579,40194,41074,43333,43283,44957,56459,67198,58198
 "40003","Alfalfa, OK",6,CAINC4,50,"...","Wages and salaries ","Thousands of dollars",6765,7226,7563,8207,8760,9800,11228,12487,13231,14167,15896,18073,21070,23540,23385,23428,25300,26815,31193,30052,29758,30063,26325,24035,24641,25231,26039,26187,27815,29328,30867,31998,32766,33719,32830,33411,32834,35373,37903,41520,41795,45305,56475,75298,77901,86596,80312,68872,71011,77416,76929,71087,67634,71349
 "40003","Alfalfa, OK",6,CAINC4,60,"...","Supplements to wages and salaries ","Thousands of dollars",724,801,917,1033,1159,1316,1606,1792,1966,2214,2489,2823,3378,3870,4143,4328,4770,5326,6196,5972,6064,6462,6097,6189,6434,6684,6722,6670,6835,7288,7686,8311,8909,9573,9393,10024,9999,10481,10882,11555,11454,13538,15913,20174,21526,24501,23401,20106,19861,21191,21019,20449,18968,18848
 "40003","Alfalfa, OK",6,CAINC4,61,"..."," Employer contributions for employee pension and insurance funds 8/","Thousands of dollars",451,517,598,667,701,780,984,1068,1215,1353,1486,1689,1992,2353,2645,2746,3069,3443,3952,3699,3836,4142,4085,4372,4504,4673,4643,4661,4772,5192,5532,6048,6522,7024,6845,7372,7432,7795,8038,8413,8373,10136,11734,14613,15710,18328,17605,15249,14880,15736,15686,15410,14222,13691
 "40003","Alfalfa, OK",6,CAINC4,62,"..."," Employer contributions for government social insurance ","Thousands of dollars",273,284,319,366,458,536,622,724,751,861,1003,1134,1386,1517,1498,1582,1701,1883,2244,2273,2228,2320,2012,1817,1930,2011,2079,2009,2063,2096,2154,2263,2387,2549,2548,2652,2567,2686,2844,3142,3081,3402,4179,5561,5816,6173,5796,4857,4981,5455,5333,5039,4746,5157
 "40003","Alfalfa, OK",6,CAINC4,70,"...","Proprietors' income 9/","Thousands of dollars",10270,16005,16894,14629,15741,19062,16212,8427,4956,13976,23760,15166,19985,39064,13545,36650,19420,18910,24493,32223,28602,33615,18194,25430,27758,23547,7022,8794,27077,23804,27035,33933,32815,26534,39474,33321,31771,27480,18465,43126,19088,39034,50717,60470,48398,52527,41887,24347,9996,15980,15684,28032,36997,12548
 "40003","Alfalfa, OK",6,CAINC4,71,"..."," Farm proprietors' income ","Thousands of dollars",7234,12962,13432,10718,11907,14761,11613,3320,-698,7763,17068,8324,13163,32668,6031,28809,12006,11882,18883,25604,21037,26673,11940,18897,20433,16271,986,1131,18435,15900,20466,27116,22554,15656,29624,24772,23883,18666,12084,37025,11352,27221,37672,47457,35676,38513,27930,13642,2130,10588,8570,18780,26888,3527
 "40003","Alfalfa, OK",6,CAINC4,72,"..."," Nonfarm proprietors' income ","Thousands of dollars",3036,3043,3462,3911,3834,4301,4599,5107,5654,6213,6692,6842,6822,6396,7514,7841,7414,7028,5610,6619,7565,6942,6254,6533,7325,7276,6036,7663,8642,7904,6569,6817,10261,10878,9850,8549,7888,8814,6381,6101,7736,11813,13045,13013,12722,14014,13957,10705,7866,5392,7114,9252,10109,9021
 "40003","Alfalfa, OK",6,CAINC4,7010,"...","Total employment ","Number of jobs",3879,3849,3794,3823,3822,3829,3714,3551,3493,3356,3372,3405,3630,3677,3749,3651,3535,3439,3557,3489,3311,3356,3340,3262,3317,3256,3234,3150,3187,3133,3034,3079,3018,2973,2892,2866,2887,2852,2909,2977,2920,2961,3028,3316,3425,3544,3486,3328,3244,3143,3040,2949,2772,2884
 "40003","Alfalfa, OK",6,CAINC4,7020,"..."," Wage and salary employment ","Number of jobs",1725,1672,1667,1707,1710,1744,1812,1814,1844,1798,1829,1855,1949,2017,1990,1926,1856,1847,1937,1816,1728,1757,1711,1700,1690,1649,1643,1590,1615,1675,1619,1665,1591,1612,1522,1512,1486,1480,1484,1555,1515,1555,1663,1906,1927,2026,1902,1755,1744,1764,1744,1663,1508,1579
 "40003","Alfalfa, OK",6,CAINC4,7040,"..."," Proprietors employment ","Number of jobs",2154,2177,2127,2116,2112,2085,1902,1737,1649,1558,1543,1550,1681,1660,1759,1725,1679,1592,1620,1673,1583,1599,1629,1562,1627,1607,1591,1560,1572,1458,1415,1414,1427,1361,1370,1354,1401,1372,1425,1422,1405,1406,1365,1410,1498,1518,1584,1573,1500,1379,1296,1286,1264,1305
 "40005","Atoka, OK",6,CAINC4,10,"...","Personal income (thousands of dollars) ","Thousands of dollars",20360,23270,24163,27315,34654,35890,40943,43423,46120,51844,57366,64993,78070,85814,92125,103120,108910,107180,107124,113389,122453,122571,131028,138589,148567,158693,167248,177466,186127,194485,205225,218627,227908,247952,257558,260897,281668,294179,321800,338743,347179,362360,379423,390322,399420,419907,419491,419535,432401,439937,450380,487211,517021,510903
 "40005","Atoka, OK",6,CAINC4,11,"..."," Nonfarm personal income 1/","Thousands of dollars",19091,20715,22783,25200,27689,31129,35964,39351,42482,48306,55408,63753,72480,80854,91521,99734,103276,104588,104076,109438,116888,120399,129054,138596,148202,156922,170139,180602,185835,195685,200757,217416,227157,240471,253635,255059,275911,295573,318291,347619,355060,367096,383279,391665,403196,415375,415562,421824,437101,445461,458743,492441,525312,530244
 "40005","Atoka, OK",6,CAINC4,12,"..."," Farm income 2/","Thousands of dollars",1269,2555,1380,2115,6965,4761,4979,4072,3638,3538,1958,1240,5590,4960,604,3386,5634,2592,3048,3951,5565,2172,1974,-7,365,1771,-2891,-3136,292,-1200,4468,1211,751,7481,3923,5838,5757,-1394,3509,-8876,-7881,-4736,-3856,-1343,-3776,4532,3929,-2289,-4700,-5524,-8363,-5230,-8291,-19341
 "40005","Atoka, OK",6,CAINC4,20,"...","Population (persons) 3/","Number of persons",10516,10993,11231,11396,11617,11895,12068,12130,12254,12289,12596,12745,12713,12811,13548,13674,13599,13317,13175,12979,12881,12773,12866,13172,13260,13336,13553,13572,13785,13749,13856,13820,13816,13836,13973,14046,14034,14013,14118,14220,14155,14221,14205,14092,13988,14036,14024,14044,13957,13981,13972,14154,14252,14262
 "40005","Atoka, OK",6,CAINC4,30,"...","Per capita personal income (dollars) 4/","Dollars",1936,2117,2151,2397,2983,3017,3393,3580,3764,4219,4554,5099,6141,6698,6800,7541,8009,8048,8131,8736,9506,9596,10184,10521,11204,11900,12340,13076,13502,14145,14811,15820,16496,17921,18433,18574,20070,20993,22794,23822,24527,25481,26711,27698,28554,29916,29912,29873,30981,31467,32234,34422,36277,35823
 "40005","Atoka, OK",6,CAINC4,35,"...","Earnings by place of work ","Thousands of dollars",12352,14395,14394,16537,22669,22348,24627,25657,26684,30630,32677,35230,45118,47723,53490,61529,64824,62528,61183,65358,71200,68442,74099,77645,83565,88730,90596,97489,104193,111965,118669,124726,127236,141041,141286,141391,146176,150012,159157,150148,159827,167764,181560,192815,201876,208858,205405,201913,203814,198905,190643,203341,204677,210830
 "40005","Atoka, OK",6,CAINC4,36,"...","Less: Contributions for government social insurance 5/","Thousands of dollars",758,802,903,1014,1294,1514,1680,1838,1966,2385,2830,3156,3871,4319,5136,5714,5909,6057,6007,6821,7323,7453,8293,8937,9535,10147,10916,11236,11465,12278,12793,13532,13800,14634,14914,14902,15601,17343,18173,18329,18987,18921,18302,19243,21390,21387,21004,21703,23633,24013,23591,24139,24390,27038
 "40005","Atoka, OK",6,CAINC4,37,"..."," Employee and self-employed contributions for government social insurance ","Thousands of dollars",456,487,541,605,765,883,968,1028,1110,1325,1559,1731,2108,2367,2723,3007,3226,3330,3337,3868,4250,4278,4821,5177,5424,5734,6153,6386,6548,7142,7507,7890,7841,8252,8295,8186,8556,9795,10507,10570,11040,11113,9766,9974,12107,12369,12506,13482,14448,14856,14681,14798,14990,16660
 "40005","Atoka, OK",6,CAINC4,38,"..."," Employer contributions for government social insurance ","Thousands of dollars",302,315,362,409,529,631,712,810,856,1060,1271,1425,1763,1952,2413,2707,2683,2727,2670,2953,3073,3175,3472,3760,4111,4413,4763,4850,4917,5136,5286,5642,5959,6382,6619,6716,7045,7548,7666,7759,7947,7808,8536,9269,9283,9018,8498,8221,9185,9157,8910,9341,9400,10378
 "40005","Atoka, OK",6,CAINC4,42,"...","Plus: Adjustment for residence 6/","Thousands of dollars",1739,1694,1692,2298,2356,2049,2330,2847,3434,3838,4133,4579,3872,3593,1211,979,1501,1894,3132,4038,4334,5638,6728,7647,9158,10107,11092,12277,13779,14544,15515,17298,17076,17196,18784,21067,23768,27406,28357,30525,28042,31860,34481,34998,34929,37314,43053,43950,47570,53212,60562,55948,57752,62859
 "40005","Atoka, OK",6,CAINC4,45,"...","Equals: Net earnings by place of residence ","Thousands of dollars",13333,15287,15183,17821,23731,22883,25277,26666,28152,32083,33980,36653,45119,46997,49565,56794,60416,58365,58308,62575,68211,66627,72534,76355,83188,88690,90772,98530,106507,114231,121391,128492,130512,143603,145156,147556,154343,160075,169341,162344,168882,180703,197739,208570,215415,224785,227454,224160,227751,228104,227614,235150,238039,246651
 "40005","Atoka, OK",6,CAINC4,46,"...","Plus: Dividends, interest, and rent 7/","Thousands of dollars",2206,2572,2976,3381,4026,4487,5123,5469,6125,7351,8768,11300,13945,17167,19311,22047,22951,22675,22441,22902,24806,24808,25085,25396,25720,27278,31281,31800,33405,34424,35202,38332,40297,41416,44649,38848,37564,40732,52025,68666,59495,57253,59505,58946,57973,66263,60731,63013,64480,66679,72096,70239,76025,78588
 "40005","Atoka, OK",6,CAINC4,47,"...","Plus: Personal current transfer receipts ","Thousands of dollars",4821,5411,6004,6113,6897,8520,10543,11288,11843,12410,14618,17040,19006,21650,23249,24279,25543,26140,26375,27912,29436,31136,33409,36838,39659,42725,45195,47136,46215,45830,48632,51803,57099,62933,67753,74493,89761,93372,100434,107733,118802,124404,122179,122806,126032,128859,131306,132362,140170,145154,150670,181822,202957,185664
 "40005","Atoka, OK",6,CAINC4,50,"...","Wages and salaries ","Thousands of dollars",7272,7494,8150,8623,9665,11050,12325,13494,14471,17063,20011,22436,26791,30028,37582,40094,40077,39786,38586,40197,41724,42015,45396,48583,51041,53235,56578,58787,60937,64868,69375,73505,78292,82212,83665,83634,87389,95572,99301,102642,104345,100863,103994,110551,112083,114337,110006,113349,127713,127127,124126,125318,128234,141518
 "40005","Atoka, OK",6,CAINC4,60,"...","Supplements to wages and salaries ","Thousands of dollars",754,812,954,1093,1279,1513,1789,1964,2161,2697,3214,3643,4558,5079,6743,7506,7811,8100,7956,8418,9428,9839,10795,12282,13267,14166,14796,15404,15648,16516,17369,18939,19947,21473,22954,23879,25383,26380,27887,28335,28298,29693,30216,30198,32080,32264,32186,32045,34061,34624,33669,33994,33015,34597
 "40005","Atoka, OK",6,CAINC4,61,"..."," Employer contributions for employee pension and insurance funds 8/","Thousands of dollars",452,497,592,684,750,882,1077,1154,1305,1637,1943,2218,2795,3127,4330,4799,5128,5373,5286,5465,6355,6664,7323,8522,9156,9753,10033,10554,10731,11380,12083,13297,13988,15091,16335,17163,18338,18832,20221,20576,20351,21885,21680,20929,22797,23246,23688,23824,24876,25467,24759,24653,23615,24219
 "40005","Atoka, OK",6,CAINC4,62,"..."," Employer contributions for government social insurance ","Thousands of dollars",302,315,362,409,529,631,712,810,856,1060,1271,1425,1763,1952,2413,2707,2683,2727,2670,2953,3073,3175,3472,3760,4111,4413,4763,4850,4917,5136,5286,5642,5959,6382,6619,6716,7045,7548,7666,7759,7947,7808,8536,9269,9283,9018,8498,8221,9185,9157,8910,9341,9400,10378
 "40005","Atoka, OK",6,CAINC4,70,"...","Proprietors' income 9/","Thousands of dollars",4326,6089,5290,6821,11725,9785,10513,10199,10052,10870,9452,9151,13769,12616,9165,13929,16936,14642,14641,16743,20048,16588,17908,16780,19257,21329,19222,23298,27608,30581,31925,32282,28997,37356,34667,33878,33404,28060,31969,19171,27184,37208,47350,52066,57713,62257,63213,56519,42040,37154,32848,44029,43428,34715
 "40005","Atoka, OK",6,CAINC4,71,"..."," Farm proprietors' income ","Thousands of dollars",862,2112,980,1682,6526,4243,4429,3388,2740,2863,1192,423,4767,4004,-253,2588,4896,1972,2489,3358,4944,1489,1329,-560,-307,1100,-3719,-4035,-704,-2168,3401,177,-417,6657,2960,4462,4431,-2701,1643,-10909,-9449,-6235,-5484,-3341,-5442,2732,2839,-3532,-5992,-6620,-9781,-6691,-9626,-20885
 "40005","Atoka, OK",6,CAINC4,72,"..."," Nonfarm proprietors' income ","Thousands of dollars",3464,3977,4310,5139,5199,5542,6084,6811,7312,8007,8260,8728,9002,8612,9418,11341,12040,12670,12152,13385,15104,15099,16579,17340,19564,20229,22941,27333,28312,32749,28524,32105,29414,30699,31707,29416,28973,30761,30326,30080,36633,43443,52834,55407,63155,59525,60374,60051,48032,43774,42629,50720,53054,55600
 "40005","Atoka, OK",6,CAINC4,7010,"...","Total employment ","Number of jobs",3218,3141,3168,3255,3357,3478,3550,3578,3663,3908,4054,4073,4247,4387,4722,4895,4869,4796,4978,4805,4856,4778,4904,4980,5258,5386,5608,5811,5825,6298,6367,6464,6247,6244,6295,6213,6377,6483,6715,6685,6568,6087,6103,6367,6498,6376,6200,6298,6450,6367,6197,6293,6195,6451
 "40005","Atoka, OK",6,CAINC4,7020,"..."," Wage and salary employment ","Number of jobs",1933,1886,1883,1938,2030,2162,2174,2170,2132,2278,2447,2475,2622,2760,3007,3122,3060,2974,3009,3004,3033,2907,2980,2977,3079,3105,3202,3248,3287,3339,3382,3431,3513,3606,3621,3534,3658,3725,3772,3828,3718,3572,3575,3677,3703,3622,3542,3643,3780,3710,3596,3606,3479,3641
 "40005","Atoka, OK",6,CAINC4,7040,"..."," Proprietors employment ","Number of jobs",1285,1255,1285,1317,1327,1316,1376,1408,1531,1630,1607,1598,1625,1627,1715,1773,1809,1822,1969,1801,1823,1871,1924,2003,2179,2281,2406,2563,2538,2959,2985,3033,2734,2638,2674,2679,2719,2758,2943,2857,2850,2515,2528,2690,2795,2754,2658,2655,2670,2657,2601,2687,2716,2810
 "40007","Beaver, OK",6,CAINC4,10,"...","Personal income (thousands of dollars) ","Thousands of dollars",22967,29629,31997,40469,52599,36748,37959,41322,37640,51235,80356,80772,75569,97865,90698,106251,111499,103758,93562,98545,92696,101170,95490,102885,107250,99665,98855,101666,114939,121751,140317,142292,148274,135933,152276,158118,175893,168246,182623,214386,179819,224553,274619,291791,307765,316497,275222,245282,264423,282311,286483,291771,341433,329305
 "40007","Beaver, OK",6,CAINC4,11,"..."," Nonfarm personal income 1/","Thousands of dollars",16401,17108,18888,20143,22981,25711,30294,32037,36544,41906,49474,57106,73147,82093,89438,92876,95729,87589,83084,84883,86630,87493,87646,86632,91463,93929,100446,103856,108036,110212,107476,113021,121187,118494,128516,134367,143375,149330,162232,189837,175970,182241,197689,216597,227521,234773,207425,191996,202647,216066,213208,222658,234373,238960
 "40007","Beaver, OK",6,CAINC4,12,"..."," Farm income 2/","Thousands of dollars",6566,12521,13109,20326,29618,11037,7665,9285,1096,9329,30882,23666,2422,15772,1260,13375,15770,16169,10478,13662,6066,13677,7844,16253,15787,5736,-1591,-2190,6903,11539,32841,29271,27087,17439,23760,23751,32518,18916,20391,24549,3849,42312,76930,75194,80244,81724,67797,53286,61776,66245,73275,69113,107060,90345
 "40007","Beaver, OK",6,CAINC4,20,"...","Population (persons) 3/","Number of persons",6494,6283,6317,6117,5892,5847,5910,5921,6016,6259,6485,6838,6955,7129,7164,7093,6971,6890,6577,6353,6204,5982,5969,5869,5854,5880,5908,5921,5928,6039,6024,5782,5657,5617,5609,5577,5569,5514,5571,5521,5562,5626,5610,5546,5500,5449,5355,5313,5221,5153,5128,5029,4999,5016
 "40007","Beaver, OK",6,CAINC4,30,"...","Per capita personal income (dollars) 4/","Dollars",3537,4716,5065,6616,8927,6285,6423,6979,6257,8186,12391,11812,10865,13728,12660,14980,15995,15059,14226,15512,14941,16912,15998,17530,18321,16950,16732,17170,19389,20161,23293,24609,26211,24200,27149,28352,31584,30513,32781,38831,32330,39913,48952,52613,55957,58084,51395,46166,50646,54786,55866,58018,68300,65651
 "40007","Beaver, OK",6,CAINC4,35,"...","Earnings by place of work ","Thousands of dollars",18292,24063,25417,33584,44033,26604,26473,28322,23285,35503,62344,57667,43200,61006,47987,58211,61442,60235,52481,58551,48665,57189,50058,58029,59654,51197,45790,45930,57625,64853,81100,78514,80653,69527,75881,79119,94042,89472,94880,111464,84261,130985,175041,188694,202359,207129,178287,150271,172223,191627,193004,171061,217399,210480
 "40007","Beaver, OK",6,CAINC4,36,"...","Less: Contributions for government social insurance 5/","Thousands of dollars",732,724,788,893,1157,1334,1616,1585,1817,2212,2826,3041,3929,4509,4344,4449,4659,4629,4464,5124,4901,5127,5125,4968,5245,5492,5785,5639,5762,5956,5627,5732,6172,6067,6006,6543,6931,7468,8260,9029,8671,9351,9247,10524,12329,12823,11720,10669,12498,14576,13414,11024,11346,12813
 "40007","Beaver, OK",6,CAINC4,37,"..."," Employee and self-employed contributions for government social insurance ","Thousands of dollars",417,415,447,493,635,711,841,813,944,1142,1443,1590,2047,2333,2296,2260,2430,2400,2326,2666,2639,2693,2704,2670,2781,2923,3082,3064,3200,3378,3204,3205,3337,3302,3224,3379,3707,4126,4576,4983,4892,5239,4608,5104,6524,6855,6426,6071,7051,8045,7671,6535,6738,7516
 "40007","Beaver, OK",6,CAINC4,38,"..."," Employer contributions for government social insurance ","Thousands of dollars",315,309,341,400,522,623,775,772,873,1070,1383,1451,1882,2176,2048,2189,2229,2229,2138,2458,2262,2434,2421,2298,2464,2569,2703,2575,2562,2578,2423,2527,2835,2765,2782,3164,3224,3342,3684,4046,3779,4112,4639,5420,5805,5968,5294,4598,5447,6531,5743,4489,4608,5297
 "40007","Beaver, OK",6,CAINC4,42,"...","Plus: Adjustment for residence 6/","Thousands of dollars",230,341,473,582,774,1143,1387,1893,2002,2189,2301,3573,3279,2940,4216,4578,4843,4819,4692,4803,5452,6639,8621,9676,10333,12090,12896,14400,16013,17309,18550,20556,20295,20735,24184,25157,25653,27411,30280,31236,29460,26725,26802,24503,28732,29810,27978,25001,21355,18862,22370,32093,32321,34634
 "40007","Beaver, OK",6,CAINC4,45,"...","Equals: Net earnings by place of residence ","Thousands of dollars",17790,23680,25102,33273,43650,26413,26244,28630,23470,35480,61819,58199,42550,59437,47859,58340,61626,60425,52709,58230,49216,58701,53554,62737,64742,57795,52901,54691,67876,76206,94023,93338,94776,84195,94059,97733,112764,109415,116900,133671,105050,148359,192596,202673,218762,224116,194545,164603,181080,195913,201960,192130,238374,232301
 "40007","Beaver, OK",6,CAINC4,46,"...","Plus: Dividends, interest, and rent 7/","Thousands of dollars",3846,4399,5169,5386,6736,7846,8691,9275,10478,11556,13887,17150,26461,30818,34186,38344,39820,32860,30106,29385,32180,30466,29548,26715,25815,27541,28171,28714,28805,28895,28936,30965,34561,31363,36662,37734,39103,33238,38263,51045,44056,43317,50125,56370,55289,58118,46250,42912,42763,43852,42335,49226,44070,46113
 "40007","Beaver, OK",6,CAINC4,47,"...","Plus: Personal current transfer receipts ","Thousands of dollars",1331,1550,1726,1810,2213,2489,3024,3417,3692,4199,4650,5423,6558,7610,8653,9567,10053,10473,10747,10930,11300,12003,12388,13433,16693,14329,17783,18261,18258,16650,17358,17989,18937,20375,21555,22651,24026,25593,27460,29670,30713,32877,31898,32748,33714,34263,34427,37767,40580,42546,42188,50415,58989,50891
 "40007","Beaver, OK",6,CAINC4,50,"...","Wages and salaries ","Thousands of dollars",8025,8256,8390,9032,10039,11274,13710,13175,15323,17982,22381,24131,30193,34076,31752,32439,33429,32289,30646,33323,30630,31961,31473,30001,30852,31426,33155,32609,33657,36279,35310,36790,40016,37426,37272,40817,43029,46497,51730,56666,53231,57346,62647,73495,76503,81954,73503,65576,79081,90574,83808,62574,64144,71333
 "40007","Beaver, OK",6,CAINC4,60,"...","Supplements to wages and salaries ","Thousands of dollars",862,922,1003,1151,1302,1487,2001,2080,2438,2977,3679,3932,4999,5841,5772,5999,6316,6395,6237,6801,6687,7326,7493,7793,8208,8508,8584,8342,8449,8611,8242,8702,9859,9308,9619,10856,11350,12300,12920,13542,13563,15227,16240,18429,20475,21475,19977,18000,20481,22609,21125,17114,16947,17716
 "40007","Beaver, OK",6,CAINC4,61,"..."," Employer contributions for employee pension and insurance funds 8/","Thousands of dollars",547,613,662,751,780,864,1226,1308,1565,1907,2296,2481,3117,3665,3724,3810,4087,4166,4099,4343,4425,4892,5072,5495,5744,5939,5881,5767,5887,6033,5819,6175,7024,6543,6837,7692,8126,8958,9236,9496,9784,11115,11601,13009,14670,15507,14683,13402,15034,16078,15382,12625,12339,12419
 "40007","Beaver, OK",6,CAINC4,62,"..."," Employer contributions for government social insurance ","Thousands of dollars",315,309,341,400,522,623,775,772,873,1070,1383,1451,1882,2176,2048,2189,2229,2229,2138,2458,2262,2434,2421,2298,2464,2569,2703,2575,2562,2578,2423,2527,2835,2765,2782,3164,3224,3342,3684,4046,3779,4112,4639,5420,5805,5968,5294,4598,5447,6531,5743,4489,4608,5297
 "40007","Beaver, OK",6,CAINC4,70,"...","Proprietors' income 9/","Thousands of dollars",9405,14885,16024,23401,32692,13843,10762,13067,5524,14544,36284,29604,8008,21089,10463,19773,21697,21551,15598,18427,11348,17902,11092,20235,20594,11263,4051,4979,15519,19963,37548,33022,30778,22793,28990,27446,39663,30675,30230,41256,17467,58412,96154,96770,105381,103700,84807,66695,72661,78444,88071,91373,136308,121431
 "40007","Beaver, OK",6,CAINC4,71,"..."," Farm proprietors' income ","Thousands of dollars",5628,11494,12167,19293,28530,9751,6397,7841,-646,8042,29390,22039,726,13817,-584,11553,13969,14497,8797,11781,4065,11361,5612,14188,13602,3776,-3795,-4305,4740,8272,27987,23584,19596,11387,17500,16057,26122,13709,14270,18116,-894,37891,72311,69639,75616,76733,64750,49868,58221,63187,69335,65053,103381,86087
 "40007","Beaver, OK",6,CAINC4,72,"..."," Nonfarm proprietors' income ","Thousands of dollars",3777,3391,3857,4108,4162,4092,4365,5226,6170,6502,6894,7565,7282,7272,11047,8220,7728,7054,6801,6646,7283,6541,5480,6047,6992,7487,7846,9284,10779,11691,9561,9438,11182,11406,11490,11389,13541,16966,15960,23140,18361,20521,23843,27131,29765,26967,20057,16827,14440,15257,18736,26320,32927,35344
 "40007","Beaver, OK",6,CAINC4,7010,"...","Total employment ","Number of jobs",3606,3558,3422,3511,3499,3485,3322,3146,3116,3151,3312,3445,3592,3634,3603,3572,3509,3331,3419,3278,3139,3141,3065,2991,3075,3146,3125,3075,3148,3430,3249,3361,3250,3200,3179,3184,3195,3227,3330,3470,3452,3539,3460,3728,3852,3905,3644,3647,3744,3642,3479,3192,3172,3377
 "40007","Beaver, OK",6,CAINC4,7020,"..."," Wage and salary employment ","Number of jobs",1627,1602,1531,1563,1562,1588,1618,1585,1621,1725,1887,2004,2163,2172,2075,2002,1913,1745,1734,1789,1666,1700,1652,1579,1580,1659,1646,1598,1626,1654,1542,1595,1718,1690,1563,1645,1666,1708,1768,1843,1800,1782,1766,1943,2002,2067,1844,1720,1913,1951,1873,1578,1505,1659
 "40007","Beaver, OK",6,CAINC4,7040,"..."," Proprietors employment ","Number of jobs",1979,1956,1891,1948,1937,1897,1704,1561,1495,1426,1425,1441,1429,1462,1528,1570,1596,1586,1685,1489,1473,1441,1413,1412,1495,1487,1479,1477,1522,1776,1707,1766,1532,1510,1616,1539,1529,1519,1562,1627,1652,1757,1694,1785,1850,1838,1800,1927,1831,1691,1606,1614,1667,1718
 "40009","Beckham, OK",6,CAINC4,10,"...","Personal income (thousands of dollars) ","Thousands of dollars",45480,49212,51007,57256,68552,68075,74047,84353,96206,112113,143408,158743,219986,257344,235935,242192,247284,225272,216435,225083,236446,239767,247923,253783,267705,277438,287252,296848,316174,330422,333831,363951,396693,401983,436255,464892,532919,587027,646624,718810,646102,713928,845316,949702,999730,1066081,875239,750208,777525,833870,834146,833238,871119,852226
 "40009","Beckham, OK",6,CAINC4,11,"..."," Nonfarm personal income 1/","Thousands of dollars",40155,43728,47453,50950,55982,63684,71930,81056,94059,106491,129881,156830,211590,257993,237376,241747,245890,221023,209255,216647,230015,233374,244641,245418,260404,273711,287979,298253,313521,328004,327275,359975,392848,387140,422975,452289,523113,583282,644487,717108,657160,724513,848939,947361,998327,1046644,874731,756490,783044,839111,840251,831281,869929,868241
 "40009","Beckham, OK",6,CAINC4,12,"..."," Farm income 2/","Thousands of dollars",5325,5484,3554,6306,12570,4391,2117,3297,2147,5622,13527,1913,8396,-649,-1441,445,1394,4249,7180,8436,6431,6393,3282,8365,7301,3727,-727,-1405,2653,2418,6556,3976,3845,14843,13280,12603,9806,3745,2137,1702,-11058,-10585,-3623,2341,1403,19437,508,-6282,-5519,-5241,-6105,1957,1190,-16015
 "40009","Beckham, OK",6,CAINC4,20,"...","Population (persons) 3/","Number of persons",16148,15737,15753,15539,15622,15888,16147,15927,16435,17125,18268,19603,21010,25027,26383,23502,22160,21114,19551,19290,19001,18770,18789,18685,18579,18799,18969,18971,18885,19442,19957,19777,19937,20142,19663,18580,19151,20040,21855,22817,22369,22077,22418,23277,23772,23993,24034,23000,22393,22419,22600,22342,22044,22009
 "40009","Beckham, OK",6,CAINC4,30,"...","Per capita personal income (dollars) 4/","Dollars",2816,3127,3238,3685,4388,4285,4586,5296,5854,6547,7850,8098,10471,10283,8943,10305,11159,10669,11070,11668,12444,12774,13195,13582,14409,14758,15143,15647,16742,16995,16728,18403,19897,19957,22187,25021,27827,29293,29587,31503,28884,32338,37707,40800,42055,44433,36417,32618,34722,37195,36909,37295,39517,38722
 "40009","Beckham, OK",6,CAINC4,35,"...","Earnings by place of work ","Thousands of dollars",32831,34865,34684,40280,49654,46074,47014,54615,62613,75563,105142,110694,167893,209188,149376,139847,139398,121533,117058,125704,127273,133970,140226,148079,160368,169719,172944,178350,199543,209818,213570,235791,261769,272819,300897,332781,378113,451955,521258,591703,510031,551969,688437,870732,930396,983373,786439,622503,678879,753289,683465,593258,589576,595441
 "40009","Beckham, OK",6,CAINC4,36,"...","Less: Contributions for government social insurance 5/","Thousands of dollars",1721,1863,2012,2263,2897,3351,3534,3977,4723,5682,7895,9517,15247,21275,14783,13721,13973,12052,11378,13029,13741,14760,16425,16651,18281,20060,21075,21260,22354,23502,24080,26496,29970,30611,33628,37346,41670,49495,58465,65366,58323,61414,66903,81680,94219,95332,82564,69617,79130,88159,78849,69458,70652,75344
 "40009","Beckham, OK",6,CAINC4,37,"..."," Employee and self-employed contributions for government social insurance ","Thousands of dollars",1047,1130,1221,1346,1722,1973,2076,2259,2672,3162,4288,5197,8152,10952,7746,7207,7543,6635,6395,7345,7895,8236,9128,9293,9995,10879,11479,11615,12497,13196,13508,14767,16139,16339,17582,19113,21829,26084,30835,34561,31199,32786,30553,36476,47831,49488,43347,37716,42005,46719,42745,38466,38409,41497
 "40009","Beckham, OK",6,CAINC4,38,"..."," Employer contributions for government social insurance ","Thousands of dollars",674,733,791,917,1175,1378,1458,1718,2051,2520,3607,4320,7095,10323,7037,6514,6430,5417,4983,5684,5846,6524,7297,7358,8286,9181,9596,9645,9857,10306,10572,11729,13831,14272,16046,18233,19841,23411,27630,30805,27124,28628,36350,45204,46388,45844,39217,31901,37125,41440,36104,30992,32243,33847
 "40009","Beckham, OK",6,CAINC4,42,"...","Plus: Adjustment for residence 6/","Thousands of dollars",231,89,36,-40,-117,-349,177,-26,521,-153,-3346,-4125,-13414,-26320,-9379,-2591,-3200,-576,1171,1447,1091,2141,640,253,-968,-2699,-3648,-4443,-6149,-7938,-9995,-13849,-17055,-16480,-22228,-30619,-39071,-59409,-84681,-105937,-82482,-78117,-100143,-152306,-155283,-165458,-146473,-104075,-128591,-146650,-107485,-86469,-86381,-88102
 "40009","Beckham, OK",6,CAINC4,45,"...","Equals: Net earnings by place of residence ","Thousands of dollars",31341,33091,32708,37977,46640,42374,43657,50612,58411,69728,93901,97052,139232,161593,125214,123535,122225,108905,106851,114122,114623,121351,124441,131681,141119,146960,148221,152647,171040,178378,179495,195446,214744,225728,245041,264816,297372,343051,378112,420400,369226,412438,521391,636746,680894,722583,557402,448811,471158,518480,497131,437331,432543,431995
 "40009","Beckham, OK",6,CAINC4,46,"...","Plus: Dividends, interest, and rent 7/","Thousands of dollars",7053,8049,9122,9550,11107,12825,14990,17079,20181,23754,28316,37566,53126,64139,72747,80944,86768,75095,68259,69678,77114,71313,72238,64716,65955,66619,71148,73849,76516,81769,79565,91450,99117,84555,95224,99338,128943,129598,147491,164167,132793,151839,179231,166267,169438,190032,161631,138144,139984,145570,149382,143192,157999,167139
 "40009","Beckham, OK",6,CAINC4,47,"...","Plus: Personal current transfer receipts ","Thousands of dollars",7086,8072,9177,9729,10805,12876,15400,16662,17614,18631,21191,24125,27628,31612,37974,37713,38291,41272,41325,41283,44709,47103,51244,57386,60631,63859,67883,70352,68618,70275,74771,77055,82832,91700,95990,100738,106604,114378,121021,134243,144083,149651,144694,146689,149398,153466,156206,163253,166383,169820,187633,252715,280577,253092
 "40009","Beckham, OK",6,CAINC4,50,"...","Wages and salaries ","Thousands of dollars",17218,18738,19110,20197,22398,25349,26825,30627,36905,43853,60845,75170,117717,160141,106828,94496,94131,77582,71435,77626,79479,86023,95423,95759,104205,113597,118642,123484,132629,141283,148772,169332,186430,183709,203869,225612,260275,321748,383369,440887,374589,390451,471131,578311,599038,616462,538017,448219,516721,568944,504554,428390,429941,460807
 "40009","Beckham, OK",6,CAINC4,60,"...","Supplements to wages and salaries ","Thousands of dollars",1769,1982,2177,2506,2819,3257,3733,4305,5307,6602,9268,11206,17808,25542,18024,16594,16814,14878,13561,14884,16140,17897,20259,22127,24590,26898,27461,28170,29364,31010,32328,36399,41320,41524,46863,54341,59758,69666,76894,82542,78288,85059,97067,115741,122671,124405,115387,98320,111976,120732,108113,96708,97063,100590
 "40009","Beckham, OK",6,CAINC4,61,"..."," Employer contributions for employee pension and insurance funds 8/","Thousands of dollars",1095,1249,1386,1589,1644,1879,2275,2587,3256,4082,5661,6886,10713,15219,10987,10080,10384,9461,8578,9200,10294,11373,12962,14769,16304,17717,17865,18525,19507,20704,21756,24670,27489,27252,30817,36108,39917,46255,49264,51737,51164,56431,60717,70537,76283,78561,76170,66419,74851,79292,72009,65716,64820,66743
 "40009","Beckham, OK",6,CAINC4,62,"..."," Employer contributions for government social insurance ","Thousands of dollars",674,733,791,917,1175,1378,1458,1718,2051,2520,3607,4320,7095,10323,7037,6514,6430,5417,4983,5684,5846,6524,7297,7358,8286,9181,9596,9645,9857,10306,10572,11729,13831,14272,16046,18233,19841,23411,27630,30805,27124,28628,36350,45204,46388,45844,39217,31901,37125,41440,36104,30992,32243,33847
 "40009","Beckham, OK",6,CAINC4,70,"...","Proprietors' income 9/","Thousands of dollars",13844,14145,13397,17577,24437,17468,16456,19683,20401,25108,35029,24318,32368,23505,24524,28757,28453,29073,32062,33194,31654,30050,24544,30193,31573,29224,26841,26696,37550,37525,32470,30060,34019,47586,50165,52828,58080,60541,60995,68274,57154,76459,120239,176680,208687,242506,133035,75964,50182,63613,70798,68160,62572,34044
 "40009","Beckham, OK",6,CAINC4,71,"..."," Farm proprietors' income ","Thousands of dollars",4694,4796,2932,5629,11878,3573,1322,2397,1066,4859,12718,1098,7620,-1505,-2337,-509,364,3228,6088,7305,5317,5198,2208,7440,6298,2806,-1788,-2451,1561,1333,5332,2792,2504,13881,12173,11065,8336,2345,150,-616,-12912,-12481,-5748,-443,-914,16951,-1029,-7963,-7271,-6788,-8081,-79,-634,-18123
 "40009","Beckham, OK",6,CAINC4,72,"..."," Nonfarm proprietors' income ","Thousands of dollars",9150,9349,10465,11948,12559,13895,15134,17286,19335,20249,22311,23220,24748,25010,26861,29266,28089,25845,25974,25889,26337,24852,22336,22753,25275,26418,28629,29147,35989,36192,27138,27268,31515,33705,37992,41763,49744,58196,60845,68890,70066,88940,125987,177123,209601,225555,134064,83927,57453,70401,78879,68239,63206,52167
 "40009","Beckham, OK",6,CAINC4,7010,"...","Total employment ","Number of jobs",6999,7130,6843,7163,7349,7341,6963,7172,7436,7898,8754,8977,11113,13544,10921,10323,9840,8750,8284,8603,8570,8425,8591,8635,9028,9269,9530,9673,9922,10127,10418,10812,11026,11051,11245,11656,12089,12929,13839,14804,13939,14129,15360,16917,17442,17684,16500,14894,15427,15313,14135,13029,12992,13324
 "40009","Beckham, OK",6,CAINC4,7020,"..."," Wage and salary employment ","Number of jobs",4262,4363,4249,4424,4608,4644,4401,4715,4970,5438,6257,6418,8182,10069,7312,6789,6446,5679,5225,5571,5610,5503,5693,5733,6083,6326,6471,6487,6768,6999,7221,7528,7738,7729,7874,8167,8541,9231,10045,10765,9968,9885,11077,12308,12488,12802,11672,10081,10756,11066,10134,9026,8871,9004
 "40009","Beckham, OK",6,CAINC4,7040,"..."," Proprietors employment ","Number of jobs",2737,2767,2594,2739,2741,2697,2562,2457,2466,2460,2497,2559,2931,3475,3609,3534,3394,3071,3059,3032,2960,2922,2898,2902,2945,2943,3059,3186,3154,3128,3197,3284,3288,3322,3371,3489,3548,3698,3794,4039,3971,4244,4283,4609,4954,4882,4828,4813,4671,4247,4001,4003,4121,4320
 "40011","Blaine, OK",6,CAINC4,10,"...","Personal income (thousands of dollars) ","Thousands of dollars",32943,36358,41973,44453,55188,54532,62678,63242,66567,77654,98215,109105,127022,163298,153424,165237,171017,160972,151236,158318,157194,159989,157710,186538,167592,168387,174657,183371,192991,198993,205241,212506,218307,221398,237366,244540,272034,283994,282071,337892,291072,318607,345447,361750,345759,390366,366459,341825,360733,394978,405843,390836,437512,424357
 "40011","Blaine, OK",6,CAINC4,11,"..."," Nonfarm personal income 1/","Thousands of dollars",27218,30395,34680,37600,41350,45536,53644,59715,66870,76573,85490,103594,126513,144117,148483,154584,158830,148414,144419,144709,146984,149021,152046,175112,157365,162643,168366,175794,184190,187359,184816,196449,214606,211185,221679,227039,247678,266724,275837,306396,286403,295890,314772,325886,320408,359307,342074,332947,363665,393691,405571,390139,427223,438144
 "40011","Blaine, OK",6,CAINC4,12,"..."," Farm income 2/","Thousands of dollars",5725,5963,7293,6853,13838,8996,9034,3527,-303,1081,12725,5511,509,19181,4941,10653,12187,12558,6817,13609,10210,10968,5664,11426,10227,5744,6291,7577,8801,11634,20425,16057,3701,10213,15687,17501,24356,17270,6234,31496,4669,22717,30675,35864,25351,31059,24385,8878,-2932,1287,272,697,10289,-13787
 "40011","Blaine, OK",6,CAINC4,20,"...","Population (persons) 3/","Number of persons",11963,11851,12175,12199,12153,12274,12537,12755,12906,13034,13354,13602,14215,14968,14653,14026,13558,13116,12641,12185,11824,11453,11655,11544,11565,11687,11821,11778,11884,11832,11882,11959,11915,11574,11196,12277,12264,11965,12010,12019,11896,9891,9595,9640,9545,9521,9376,9185,9029,8891,8791,8702,8523,8409
 "40011","Blaine, OK",6,CAINC4,30,"...","Per capita personal income (dollars) 4/","Dollars",2754,3068,3447,3644,4541,4443,4999,4958,5158,5958,7355,8021,8936,10910,10470,11781,12614,12273,11964,12993,13294,13969,13532,16159,14491,14408,14775,15569,16240,16818,17273,17770,18322,19129,21201,19919,22182,23735,23486,28113,24468,32212,36003,37526,36224,41001,39085,37216,39953,44424,46166,44913,51333,50465
 "40011","Blaine, OK",6,CAINC4,35,"...","Earnings by place of work ","Thousands of dollars",23164,25005,28925,30732,39732,36591,42098,41457,42232,51447,66864,70410,69131,95802,80187,85374,88214,85926,81924,89944,87284,90497,87883,94562,98172,97539,95897,99966,106598,117062,124772,122715,118860,129923,141919,142885,161695,171787,154843,192165,157993,173857,185292,199360,201253,230923,222947,201822,217561,218800,247531,204162,220696,201196
 "40011","Blaine, OK",6,CAINC4,36,"...","Less: Contributions for government social insurance 5/","Thousands of dollars",1195,1284,1495,1715,2164,2383,2775,3198,3584,4408,4946,5980,6683,7644,7323,7395,7726,7608,7868,8620,8976,9334,9937,9998,10717,11329,11184,11233,11563,12404,12533,12643,13127,13825,14457,14902,16008,17663,17922,18598,18362,17595,16477,17135,19846,22350,21763,21283,24413,24658,28177,24739,25787,27038
 "40011","Blaine, OK",6,CAINC4,37,"..."," Employee and self-employed contributions for government social insurance ","Thousands of dollars",694,755,866,970,1218,1331,1538,1702,1907,2302,2587,3140,3555,4062,3865,3888,4169,4120,4294,4721,4979,5051,5403,5454,5699,6004,6011,6038,6358,6769,6892,6895,7279,7590,7817,7858,8566,9573,9638,10100,10068,9839,8199,8390,10586,11883,11944,12300,14003,14251,15842,14132,14610,15499
 "40011","Blaine, OK",6,CAINC4,38,"..."," Employer contributions for government social insurance ","Thousands of dollars",501,529,629,745,946,1052,1237,1496,1677,2106,2359,2840,3128,3582,3458,3507,3557,3488,3574,3899,3997,4283,4534,4544,5018,5325,5173,5195,5205,5635,5641,5748,5848,6235,6640,7044,7442,8090,8284,8498,8294,7756,8278,8745,9260,10467,9819,8983,10410,10407,12335,10607,11177,11539
 "40011","Blaine, OK",6,CAINC4,42,"...","Plus: Adjustment for residence 6/","Thousands of dollars",1127,1303,1311,1411,1515,1684,1654,1379,1629,1095,2227,2114,6251,7878,5525,6514,6023,5309,4622,4681,4922,5162,4950,4996,4294,3906,4306,3575,3288,2097,1188,2140,3106,3701,4742,7120,9008,11460,15061,20349,12548,12751,9417,7128,-62,-2057,-9363,-15201,-22768,-13687,-30571,-16201,-15294,-11790
 "40011","Blaine, OK",6,CAINC4,45,"...","Equals: Net earnings by place of residence ","Thousands of dollars",23096,25024,28741,30428,39083,35892,40977,39638,40277,48134,64145,66544,68699,96036,78389,84493,86511,83627,78678,86005,83230,86325,82896,89560,91749,90116,89019,92308,98323,106755,113427,112212,108839,119799,132204,135103,154695,165584,151982,193916,152179,169013,178232,189353,181345,206516,191821,165338,170380,180455,188783,163222,179615,162368
 "40011","Blaine, OK",6,CAINC4,46,"...","Plus: Dividends, interest, and rent 7/","Thousands of dollars",5255,6163,7449,7776,9072,10229,11737,12807,14617,16664,19775,26377,39920,46961,51983,57000,59723,50865,46301,45589,46170,44592,43576,63420,40048,40691,44724,48342,52078,51141,50666,56037,60851,50301,52073,53583,59092,55346,63186,71524,62308,67500,82651,87385,80933,102037,88298,87407,99091,124774,124543,110426,125673,139638
 "40011","Blaine, OK",6,CAINC4,47,"...","Plus: Personal current transfer receipts ","Thousands of dollars",4592,5171,5783,6249,7033,8411,9964,10797,11673,12856,14295,16184,18403,20301,23052,23744,24783,26480,26257,26724,27794,29072,31238,33558,35795,37580,40914,42721,42590,41097,41148,44257,48617,51298,53089,55854,58247,63064,66903,72452,76585,82094,84564,85012,83481,81813,86340,89080,91262,89749,92517,117188,132224,122351
 "40011","Blaine, OK",6,CAINC4,50,"...","Wages and salaries ","Thousands of dollars",11874,12819,14458,15977,17457,18356,21901,25640,28769,34678,37720,46267,48758,55639,52885,51296,52268,50130,50652,52550,53602,55823,58266,58091,61496,64674,63354,65827,68925,74024,76460,77443,77066,78870,83388,85365,93174,107300,106362,112910,108503,101873,103874,110020,114027,131998,127669,124170,144820,146008,170773,138730,145998,152630
 "40011","Blaine, OK",6,CAINC4,60,"...","Supplements to wages and salaries ","Thousands of dollars",1318,1459,1726,2035,2327,2563,3120,3675,4326,5455,5967,7346,8073,9418,9499,9426,9817,9846,10196,10735,11470,12477,13345,14378,15772,16554,15816,16308,16339,17748,17778,19009,19103,20134,21918,22938,24944,26437,26427,26730,26554,27077,27353,27577,30080,34090,33638,32230,36052,37073,42254,35767,35986,35881
 "40011","Blaine, OK",6,CAINC4,61,"..."," Employer contributions for employee pension and insurance funds 8/","Thousands of dollars",817,930,1097,1290,1381,1511,1883,2179,2649,3349,3608,4506,4945,5836,6041,5919,6260,6358,6622,6836,7473,8194,8811,9834,10754,11229,10643,11113,11134,12113,12137,13261,13255,13899,15278,15894,17502,18347,18143,18232,18260,19321,19075,18832,20820,23623,23819,23247,25642,26666,29919,25160,24809,24342
 "40011","Blaine, OK",6,CAINC4,62,"..."," Employer contributions for government social insurance ","Thousands of dollars",501,529,629,745,946,1052,1237,1496,1677,2106,2359,2840,3128,3582,3458,3507,3557,3488,3574,3899,3997,4283,4534,4544,5018,5325,5173,5195,5205,5635,5641,5748,5848,6235,6640,7044,7442,8090,8284,8498,8294,7756,8278,8745,9260,10467,9819,8983,10410,10407,12335,10607,11177,11539
 "40011","Blaine, OK",6,CAINC4,70,"...","Proprietors' income 9/","Thousands of dollars",9972,10727,12741,12720,19948,15672,17077,12142,9137,11314,23177,16797,12300,30745,17803,24652,26129,25950,21076,26659,22212,22197,16272,22093,20904,16311,16727,17831,21334,25290,30534,26263,22691,30919,36613,34582,43577,38050,22054,52525,22936,44907,54065,61763,57146,64835,61640,45422,36689,35719,34504,29665,38712,12685
 "40011","Blaine, OK",6,CAINC4,71,"..."," Farm proprietors' income ","Thousands of dollars",5184,5349,6709,6194,13137,8143,8204,2581,-1452,276,11763,4431,-618,17828,3617,9303,10802,11239,5452,12052,8510,8969,3681,9571,8256,3979,4318,5670,6851,9735,18320,14046,1451,8627,13749,14651,21507,14406,2008,26905,1192,19362,27100,31377,21610,27055,21906,6172,-5753,-1207,-2913,-2588,7348,-17186
 "40011","Blaine, OK",6,CAINC4,72,"..."," Nonfarm proprietors' income ","Thousands of dollars",4788,5378,6032,6526,6811,7529,8873,9561,10589,11038,11414,12366,12918,12917,14186,15349,15327,14711,15624,14607,13702,13228,12591,12522,12648,12332,12409,12161,14483,15555,12214,12217,21240,22292,22864,19931,22070,23644,20046,25620,21744,25545,26965,30386,35536,37780,39734,39250,42442,36926,37417,32253,31364,29871
 "40011","Blaine, OK",6,CAINC4,7010,"...","Total employment ","Number of jobs",5384,5453,5698,5997,5877,5797,5872,5803,5799,5897,5815,6130,6243,6513,6428,6268,6106,5843,6217,6072,5901,5894,5785,5628,5894,5935,5763,5779,5916,6104,5997,6018,5562,5436,5468,5596,5815,5811,5836,5820,5768,5492,5440,5574,5654,5808,5703,5559,5609,5444,5583,5126,5063,5214
 "40011","Blaine, OK",6,CAINC4,7020,"..."," Wage and salary employment ","Number of jobs",3040,3131,3326,3505,3535,3417,3655,3766,3852,4037,3972,4294,4329,4500,4281,4025,3781,3497,3598,3593,3562,3600,3522,3473,3654,3626,3525,3552,3603,3756,3684,3683,3541,3526,3537,3600,3801,3819,3783,3746,3618,3286,3210,3281,3341,3446,3311,3230,3422,3362,3648,3182,3177,3262
 "40011","Blaine, OK",6,CAINC4,7040,"..."," Proprietors employment ","Number of jobs",2344,2322,2372,2492,2342,2380,2217,2037,1947,1860,1843,1836,1914,2013,2147,2243,2325,2346,2619,2479,2339,2294,2263,2155,2240,2309,2238,2227,2313,2348,2313,2335,2021,1910,1931,1996,2014,1992,2053,2074,2150,2206,2230,2293,2313,2362,2392,2329,2187,2082,1935,1944,1886,1952
 "40013","Bryan, OK",6,CAINC4,10,"...","Personal income (thousands of dollars) ","Thousands of dollars",58940,64794,69833,78224,92100,102421,115178,128027,143758,156391,179455,201381,230971,252412,280779,300989,319074,327756,329777,351224,373463,402119,424473,452037,473659,509294,542968,582724,617961,652319,678645,723289,778261,793165,813805,852541,887773,955709,1039220,1098726,1148379,1166684,1197970,1258425,1300898,1387517,1417454,1488882,1560898,1606931,1722496,1886808,2110981,2141998
 "40013","Bryan, OK",6,CAINC4,11,"..."," Nonfarm personal income 1/","Thousands of dollars",56151,62362,68241,76694,86733,98646,111531,124424,139780,156317,175706,200686,223445,247794,276151,298714,315760,325651,328846,347003,364203,392440,416514,442878,469776,499760,540552,580019,617599,652706,670899,720597,772074,782979,809514,842932,877814,950144,1028750,1100764,1147924,1164195,1196033,1254850,1300106,1371464,1408333,1488551,1560845,1607756,1724295,1883845,2107692,2160407
 "40013","Bryan, OK",6,CAINC4,12,"..."," Farm income 2/","Thousands of dollars",2789,2432,1592,1530,5367,3775,3647,3603,3978,74,3749,695,7526,4618,4628,2275,3314,2105,931,4221,9260,9679,7959,9159,3883,9534,2416,2705,362,-387,7746,2692,6187,10186,4291,9609,9959,5565,10470,-2038,455,2489,1937,3575,792,16053,9121,331,53,-825,-1799,2963,3289,-18409
 "40013","Bryan, OK",6,CAINC4,20,"...","Population (persons) 3/","Number of persons",26274,25611,26196,26434,26676,27300,27582,28212,28765,29150,30092,30534,30474,30527,31411,32008,32201,32468,32877,32273,31933,32143,32335,32761,33523,33789,34370,34675,35299,35887,36182,36604,36577,37003,37260,37887,38309,39739,40350,41453,41859,42521,42837,42940,43371,43500,43798,44134,44747,45185,45691,46327,47187,48182
 "40013","Bryan, OK",6,CAINC4,30,"...","Per capita personal income (dollars) 4/","Dollars",2243,2530,2666,2959,3453,3752,4176,4538,4998,5365,5964,6595,7579,8268,8939,9404,9909,10095,10031,10883,11695,12510,13127,13798,14129,15073,15798,16805,17506,18177,18756,19760,21277,21435,21841,22502,23174,24050,25755,26505,27434,27438,27966,29307,29995,31897,32363,33735,34883,35563,37699,40728,44736,44456
 "40013","Bryan, OK",6,CAINC4,35,"...","Earnings by place of work ","Thousands of dollars",35272,38188,41335,46939,56924,62036,67583,75195,84690,88104,99771,104665,118293,123874,136301,144722,149732,153937,154217,168707,182189,198356,210953,225744,240404,267222,285071,313090,334800,350800,364318,376813,421385,450049,473550,513221,559234,603319,657376,668001,677409,691624,693058,717076,772282,819837,867166,921399,997314,1044945,1124980,1244583,1300909,1399122
 "40013","Bryan, OK",6,CAINC4,36,"...","Less: Contributions for government social insurance 5/","Thousands of dollars",2247,2479,2835,3362,4382,5140,5605,6355,7134,7983,8979,9981,11343,12227,13102,14342,14944,15695,16148,18806,20382,22313,24501,26020,28618,31546,34627,36905,39377,41467,42409,43956,48546,51873,55703,61021,67005,72147,77919,79669,80339,80407,74671,77470,92441,94467,99614,105659,115494,123372,133342,150319,156504,173444
 "40013","Bryan, OK",6,CAINC4,37,"..."," Employee and self-employed contributions for government social insurance ","Thousands of dollars",1310,1438,1634,1891,2458,2867,3110,3397,3804,4242,4784,5263,6009,6596,7005,7639,8266,8709,9028,10533,11583,12334,13603,14416,15576,17125,18814,20006,21427,22481,23301,23949,26252,27798,29164,31205,34134,37020,40617,41987,43232,43551,35495,36337,48044,49708,53341,58803,64311,68743,73841,82275,85946,96282
 "40013","Bryan, OK",6,CAINC4,38,"..."," Employer contributions for government social insurance ","Thousands of dollars",937,1041,1201,1471,1924,2273,2495,2958,3330,3741,4195,4718,5334,5631,6097,6703,6678,6986,7120,8273,8799,9979,10898,11604,13042,14421,15813,16899,17950,18986,19108,20007,22294,24075,26539,29816,32871,35127,37302,37682,37107,36856,39176,41133,44397,44759,46273,46856,51183,54629,59501,68044,70558,77162
 "40013","Bryan, OK",6,CAINC4,42,"...","Plus: Adjustment for residence 6/","Thousands of dollars",7534,7875,7290,8366,9578,10409,10124,11403,13497,17390,21243,23982,28087,29790,32057,36209,40818,44129,46910,50789,53067,58261,60436,62201,63984,66326,69534,72866,75505,80173,86282,93592,87418,79753,65685,46697,24652,16241,-511,-7521,4776,-6282,-669,17130,7617,13063,8955,-8152,-28863,-35272,-42968,-99008,-45596,-55763
 "40013","Bryan, OK",6,CAINC4,45,"...","Equals: Net earnings by place of residence ","Thousands of dollars",40559,43584,45790,51943,62120,67305,72102,80243,91053,97511,112035,118666,135037,141437,155256,166589,175606,182371,184979,200690,214874,234304,246888,261925,275770,302002,319978,349051,370928,389506,408191,426449,460257,477929,483532,498897,516881,547413,578946,580811,601846,604935,617718,656736,687458,738433,776507,807588,852957,886301,948670,995256,1098809,1169915
 "40013","Bryan, OK",6,CAINC4,46,"...","Plus: Dividends, interest, and rent 7/","Thousands of dollars",7367,8901,10353,11447,13338,15304,18070,19861,22581,26010,30135,38784,46954,56452,64413,70038,74448,74031,70618,72204,74698,76712,78691,80032,81231,84870,92128,96956,105072,110948,113821,125265,125992,121085,122920,132650,137878,150178,184583,208368,205756,203950,220495,227152,229243,254398,241802,263421,274804,274990,300067,306872,342671,352135
 "40013","Bryan, OK",6,CAINC4,47,"...","Plus: Personal current transfer receipts ","Thousands of dollars",11014,12309,13690,14834,16642,19812,25006,27923,30124,32870,37285,43931,48980,54523,61110,64362,69020,71354,74180,78330,83891,91103,98894,110080,116658,122422,130862,136717,141961,151865,156633,171575,192012,194151,207353,220994,233014,258118,275691,309547,340777,357799,359757,374537,384197,394686,399145,417873,433137,445640,473759,584680,669501,619948
 "40013","Bryan, OK",6,CAINC4,50,"...","Wages and salaries ","Thousands of dollars",23340,26194,28532,32258,36603,41675,46118,51826,58150,62443,68263,75763,81437,87446,94851,100175,100598,102097,103972,114630,122238,133843,143889,151571,164381,177657,192655,210543,229581,249815,260609,274442,294219,307735,332791,363386,397697,436986,473904,496843,483764,484944,497386,519368,556597,573777,609866,655034,722004,768956,837797,922313,967829,1078893
 "40013","Bryan, OK",6,CAINC4,60,"...","Supplements to wages and salaries ","Thousands of dollars",2675,3132,3666,4386,5160,5968,6754,7728,9115,9928,11488,12663,13915,15256,17311,18678,19204,20405,20604,23073,25608,29669,32901,37653,41840,45422,48352,52306,54814,59228,61166,66913,70317,76374,83381,92939,104761,109868,118176,118411,115940,127780,129921,127715,142290,148145,155529,163967,179090,194958,207585,220430,209451,222596
 "40013","Bryan, OK",6,CAINC4,61,"..."," Employer contributions for employee pension and insurance funds 8/","Thousands of dollars",1738,2091,2465,2915,3236,3695,4259,4770,5785,6187,7293,7945,8581,9625,11214,11975,12526,13419,13484,14800,16809,19690,22003,26049,28798,31001,32539,35407,36864,40242,42058,46906,48023,52299,56842,63123,71890,74741,80874,80729,78833,90924,90745,86582,97893,103386,109256,117111,127907,140329,148084,152386,138893,145434
 "40013","Bryan, OK",6,CAINC4,62,"..."," Employer contributions for government social insurance ","Thousands of dollars",937,1041,1201,1471,1924,2273,2495,2958,3330,3741,4195,4718,5334,5631,6097,6703,6678,6986,7120,8273,8799,9979,10898,11604,13042,14421,15813,16899,17950,18986,19108,20007,22294,24075,26539,29816,32871,35127,37302,37682,37107,36856,39176,41133,44397,44759,46273,46856,51183,54629,59501,68044,70558,77162
 "40013","Bryan, OK",6,CAINC4,70,"...","Proprietors' income 9/","Thousands of dollars",9257,8862,9137,10295,15161,14393,14711,15641,17425,15733,20020,16239,22941,21172,24139,25869,29930,31435,29641,31004,34343,34844,34163,36520,34183,44143,44064,50241,50405,41757,42543,35458,56849,65940,57378,56896,56776,56465,65296,52747,77705,78900,65751,69993,73395,97915,101771,102398,96220,81031,79598,101840,123629,97633
 "40013","Bryan, OK",6,CAINC4,71,"..."," Farm proprietors' income ","Thousands of dollars",2064,1656,891,775,4556,2835,2650,2397,2425,-1150,2435,-645,6208,3176,3319,1041,2143,1071,-59,3027,7900,8017,6270,7536,2142,7957,647,956,-1412,-3047,3831,-1957,19,5196,-1210,2225,3198,-628,2033,-10232,-5058,-2229,-2500,-1231,-3216,11743,6477,-2609,-3006,-3482,-5208,-548,121,-22070
 "40013","Bryan, OK",6,CAINC4,72,"..."," Nonfarm proprietors' income ","Thousands of dollars",7193,7206,8246,9520,10605,11558,12061,13244,15000,16883,17585,16884,16733,17996,20820,24828,27787,30364,29700,27977,26443,26827,27893,28984,32041,36186,43417,49285,51817,44804,38712,37415,56830,60744,58588,54671,53578,57093,63263,62979,82763,81129,68251,71224,76611,86172,95294,105007,99226,84513,84806,102388,123508,119703
 "40013","Bryan, OK",6,CAINC4,7010,"...","Total employment ","Number of jobs",8375,8675,8919,9587,9757,10064,10173,10673,11267,11310,11397,11447,11488,11396,11872,12232,11966,11926,12414,13085,13426,14046,14029,14278,14869,15309,15869,16834,17527,18143,17992,18481,19148,18999,19226,20057,21316,22026,22831,22275,21266,21578,21437,21746,22059,22394,22638,23801,24872,25769,26405,27051,26790,28477
 "40013","Bryan, OK",6,CAINC4,7020,"..."," Wage and salary employment ","Number of jobs",5536,5773,5946,6496,6860,7214,7259,7609,8137,8157,8229,8244,8246,8073,8406,8613,8257,8202,8310,8902,9386,9909,9776,10054,10492,10836,11180,11941,12524,13269,13181,13580,14195,14197,14263,14939,15990,16638,17162,16688,15760,15910,15787,15921,16165,16407,16706,17923,18871,19591,20494,20935,20434,21784
 "40013","Bryan, OK",6,CAINC4,7040,"..."," Proprietors employment ","Number of jobs",2839,2902,2973,3091,2897,2850,2914,3064,3130,3153,3168,3203,3242,3323,3466,3619,3709,3724,4104,4183,4040,4137,4253,4224,4377,4473,4689,4893,5003,4874,4811,4901,4953,4802,4963,5118,5326,5388,5669,5587,5506,5668,5650,5825,5894,5987,5932,5878,6001,6178,5911,6116,6356,6693
 "40015","Caddo, OK",6,CAINC4,10,"...","Personal income (thousands of dollars) ","Thousands of dollars",74535,82060,85949,98482,130025,128502,145349,153410,153533,178220,212079,227262,286076,320988,334549,355632,346924,355492,335759,355105,363544,412136,397194,426421,436968,457813,465191,482461,512227,507332,526411,555662,568090,605155,615693,614370,634848,652084,709768,755435,757942,804025,871196,912342,915920,953751,942134,914228,1006289,1039589,1069392,1115649,1203461,1160959
 "40015","Caddo, OK",6,CAINC4,11,"..."," Nonfarm personal income 1/","Thousands of dollars",64616,70472,80424,89189,98228,110191,128939,143359,157791,175011,196641,228107,271308,316729,328878,347452,346391,331093,317019,328395,339598,363029,368867,386195,400518,416753,440873,454967,480212,484657,496271,528371,537480,539995,557308,574367,600805,643912,691988,750906,765446,799659,859225,887172,899502,916960,921403,904290,992663,1032552,1059288,1104088,1178501,1170645
 "40015","Caddo, OK",6,CAINC4,12,"..."," Farm income 2/","Thousands of dollars",9919,11588,5525,9293,31797,18311,16410,10051,-4258,3209,15438,-845,14768,4259,5671,8180,533,24399,18740,26710,23946,49107,28327,40226,36450,41060,24318,27494,32015,22675,30140,27291,30610,65160,58385,40003,34043,8172,17780,4529,-7504,4366,11971,25170,16418,36791,20731,9938,13626,7037,10104,11561,24960,-9686
 "40015","Caddo, OK",6,CAINC4,20,"...","Population (persons) 3/","Number of persons",29536,29074,29747,30100,30299,30691,30977,31527,31732,31977,30941,31096,31803,33479,34592,33475,32664,31966,31438,30897,30106,29421,29072,29685,29757,29954,30327,30404,30500,30483,30257,30037,29677,29532,29550,29470,29202,29087,27932,28612,29459,29665,29382,29321,28986,28663,28471,28535,28089,27667,27263,26900,26441,26198
 "40015","Caddo, OK",6,CAINC4,30,"...","Per capita personal income (dollars) 4/","Dollars",2524,2822,2889,3272,4291,4187,4692,4866,4838,5573,6854,7308,8995,9588,9671,10624,10621,11121,10680,11493,12075,14008,13662,14365,14685,15284,15339,15868,16794,16643,17398,18499,19142,20492,20836,20847,21740,22418,25411,26403,25729,27103,29651,31116,31599,33275,33091,32039,35825,37575,39225,41474,45515,44315
 "40015","Caddo, OK",6,CAINC4,35,"...","Earnings by place of work ","Thousands of dollars",50709,53667,50718,59085,86160,76207,85874,87927,84809,100234,128657,130307,163125,180343,166460,175020,160672,180279,166252,179230,180274,215480,205359,230226,238067,253647,239602,250329,277971,264844,273766,280114,282580,333905,336381,327125,343519,333902,358891,384105,376639,401548,421235,455008,441820,462445,455766,436857,500634,510522,509737,521107,539400,503934
 "40015","Caddo, OK",6,CAINC4,36,"...","Less: Contributions for government social insurance 5/","Thousands of dollars",2702,2724,2989,3433,4357,4767,5653,6184,7000,7895,9780,11570,14039,17240,15344,16088,16168,16221,15634,17285,18156,19334,21016,22467,24016,25768,26715,27205,29490,28769,29102,29959,28701,30727,31627,33038,34758,36452,39043,42841,43640,44615,41632,44536,47467,48385,50793,50872,57809,60626,59581,62806,64066,66496
 "40015","Caddo, OK",6,CAINC4,37,"..."," Employee and self-employed contributions for government social insurance ","Thousands of dollars",1522,1563,1720,1932,2452,2682,3112,3313,3777,4236,5173,6131,7419,9009,8092,8421,8664,8664,8435,9530,10280,10641,11638,12365,13001,13877,14320,14486,15766,15677,16050,16310,16056,17080,17415,17998,19269,20274,21972,23865,24747,25146,21135,21704,25866,26481,27967,28934,32697,34573,34371,36556,37270,39207
 "40015","Caddo, OK",6,CAINC4,38,"..."," Employer contributions for government social insurance ","Thousands of dollars",1180,1161,1269,1501,1905,2085,2541,2871,3223,3659,4607,5439,6620,8231,7252,7667,7504,7557,7199,7755,7876,8693,9378,10102,11015,11891,12395,12719,13724,13092,13052,13649,12645,13647,14212,15040,15489,16178,17071,18976,18893,19469,20497,22832,21601,21904,22826,21938,25112,26053,25210,26250,26796,27289
 "40015","Caddo, OK",6,CAINC4,42,"...","Plus: Adjustment for residence 6/","Thousands of dollars",3318,4343,5339,6017,6430,7790,7343,8193,8435,10577,8804,7303,8606,6343,14303,16472,17884,18117,19912,21805,22903,23332,26059,27900,28785,30971,34440,36758,37468,42726,45775,51972,54260,52382,52890,53651,54957,60123,58354,58050,56425,68840,91010,106083,120455,126629,121093,114169,121372,138291,147277,125632,129897,141590
 "40015","Caddo, OK",6,CAINC4,45,"...","Equals: Net earnings by place of residence ","Thousands of dollars",51325,55286,53068,61669,88233,79230,87564,89936,86244,102916,127681,126040,157692,169446,165419,175404,162388,182175,170530,183750,185021,219478,210402,235659,242836,258850,247327,259882,285949,278801,290439,302127,308139,355560,357644,347738,363718,357573,378202,399314,389424,425773,470613,516555,514808,540689,526066,500154,564197,588187,597433,583933,605231,579028
 "40015","Caddo, OK",6,CAINC4,46,"...","Plus: Dividends, interest, and rent 7/","Thousands of dollars",10211,11903,14046,14877,17431,20019,23630,25821,29345,33703,38491,50374,76288,95819,107845,116918,118244,103688,93014,95872,99866,111601,99333,97697,97862,100011,111848,112748,118192,119592,120629,132302,127437,105350,108785,109480,109452,116687,143500,147991,149097,148927,170884,160739,163280,175582,159851,150224,162697,165134,159592,160941,174865,180002
 "40015","Caddo, OK",6,CAINC4,47,"...","Plus: Personal current transfer receipts ","Thousands of dollars",12999,14871,18835,21936,24361,29253,34155,37653,37944,41601,45907,50848,52096,55723,61285,63310,66292,69629,72215,75483,78657,81057,87459,93065,96270,98952,106016,109831,108086,108939,115343,121233,132514,144245,149264,157152,161678,177824,188066,208130,219421,229325,229699,235048,237832,237480,256217,263850,279395,286268,312367,370775,423365,401929
 "40015","Caddo, OK",6,CAINC4,50,"...","Wages and salaries ","Thousands of dollars",29651,30366,31064,34219,37500,39282,47310,52250,59475,65052,79512,94616,109668,132840,116199,119150,115719,112900,106907,109740,110808,118152,125039,134025,141166,148693,152689,158316,171328,170755,174552,181798,171005,180230,185725,191817,199781,212220,225615,249068,249995,255355,260072,281293,269001,279565,295107,296723,338812,351385,346239,347314,356869,361622
 "40015","Caddo, OK",6,CAINC4,60,"...","Supplements to wages and salaries ","Thousands of dollars",3491,3770,4166,4817,5367,5916,7532,8559,9994,11416,14126,16581,19853,24681,22724,23890,22689,23067,22050,22662,24012,26833,29557,33979,36819,38803,39237,40787,43206,42020,44750,47952,48022,51807,53982,57435,60196,62964,64538,68514,69239,76148,77755,78369,81117,84007,88107,88501,95758,99445,98509,101315,100227,98097
 "40015","Caddo, OK",6,CAINC4,61,"..."," Employer contributions for employee pension and insurance funds 8/","Thousands of dollars",2311,2609,2897,3316,3462,3831,4991,5688,6771,7757,9519,11142,13233,16450,15472,16223,15185,15510,14851,14907,16136,18140,20179,23877,25804,26912,26842,28068,29482,28928,31698,34303,35377,38160,39770,42395,44707,46786,47467,49538,50346,56679,57258,55537,59516,62103,65281,66563,70646,73392,73299,75065,73431,70808
 "40015","Caddo, OK",6,CAINC4,62,"..."," Employer contributions for government social insurance ","Thousands of dollars",1180,1161,1269,1501,1905,2085,2541,2871,3223,3659,4607,5439,6620,8231,7252,7667,7504,7557,7199,7755,7876,8693,9378,10102,11015,11891,12395,12719,13724,13092,13052,13649,12645,13647,14212,15040,15489,16178,17071,18976,18893,19469,20497,22832,21601,21904,22826,21938,25112,26053,25210,26250,26796,27289
 "40015","Caddo, OK",6,CAINC4,70,"...","Proprietors' income 9/","Thousands of dollars",17567,19531,15488,20049,43293,31009,31032,27118,15340,23766,35019,19110,33604,22822,27537,31980,22264,44312,37295,46828,45454,70495,50763,62222,60082,66151,47676,51226,63437,52069,54464,50364,63553,101868,96674,77873,83542,58718,68738,66523,57405,70045,83408,95346,91702,98873,72552,51633,66064,59692,64989,72478,82304,44215
 "40015","Caddo, OK",6,CAINC4,71,"..."," Farm proprietors' income ","Thousands of dollars",8272,9713,3753,7285,29633,15658,13702,6828,-8360,191,12184,-4172,11542,663,2227,4776,-2841,21321,15717,23292,20274,44828,24175,36365,32295,37266,19993,23249,27620,18728,26124,23750,26962,62804,55486,35666,29672,3704,11156,-3358,-13967,-2302,4436,15180,8098,27882,15205,3929,7358,1476,3008,4235,18417,-17250
 "40015","Caddo, OK",6,CAINC4,72,"..."," Nonfarm proprietors' income ","Thousands of dollars",9295,9818,11735,12764,13660,15351,17330,20290,23700,23575,22835,23282,22062,22159,25310,27204,25105,22991,21578,23536,25180,25667,26588,25857,27787,28885,27683,27977,35817,33341,28340,26614,36591,39064,41188,42207,53870,55014,57582,69881,71372,72347,78972,80166,83604,70991,57347,47704,58706,58216,61981,68243,63887,61465
 "40015","Caddo, OK",6,CAINC4,7010,"...","Total employment ","Number of jobs",10609,10507,10431,10963,10973,10800,10816,10986,11311,11381,11887,12508,12901,13514,12967,12888,12056,11479,11335,11039,10841,11143,11334,11598,11750,11745,11964,12240,12846,12267,12001,12084,11819,11674,11608,11441,11648,11637,11895,12295,12153,12134,11958,12172,12142,11916,12105,11933,12425,12135,11970,11750,11748,11863
 "40015","Caddo, OK",6,CAINC4,7020,"..."," Wage and salary employment ","Number of jobs",6369,6184,6081,6457,6594,6518,6807,7157,7486,7601,8129,8717,8824,9487,8666,8648,7952,7670,7464,7219,7127,7373,7472,7726,7786,7755,7837,8123,8535,8158,8019,8063,7763,7728,7633,7540,7686,7704,7855,8209,8007,7934,7709,7895,7699,7508,7787,7803,8340,8249,8125,7860,7772,7727
 "40015","Caddo, OK",6,CAINC4,7040,"..."," Proprietors employment ","Number of jobs",4240,4323,4350,4506,4379,4282,4009,3829,3825,3780,3758,3791,4077,4027,4301,4240,4104,3809,3871,3820,3714,3770,3862,3872,3964,3990,4127,4117,4311,4109,3982,4021,4056,3946,3975,3901,3962,3933,4040,4086,4146,4200,4249,4277,4443,4408,4318,4130,4085,3886,3845,3890,3976,4136
 "40017","Canadian, OK",6,CAINC4,10,"...","Personal income (thousands of dollars) ","Thousands of dollars",110240,128273,148442,170808,203638,226840,253700,282855,334329,402746,502894,615299,721257,838346,866073,956165,1003941,1018147,1004665,1072446,1166048,1220306,1277937,1375082,1458163,1552257,1640554,1756733,1858660,1960504,2092695,2248652,2370561,2486993,2535155,2777432,3020148,3390098,3680932,4147342,4034129,4287419,4699591,5133722,5370068,5749180,5808014,5856701,6153832,6615555,6979571,7552060,8487366,9113653
 "40017","Canadian, OK",6,CAINC4,11,"..."," Nonfarm personal income 1/","Thousands of dollars",102735,119103,139045,162328,185468,215562,244555,275711,329564,401283,488526,603263,726208,829276,867585,953414,999270,1003604,996573,1058795,1152113,1208794,1267107,1355248,1441281,1531802,1641338,1753614,1855794,1955908,2082368,2237222,2359698,2473688,2517564,2751294,2996250,3380608,3673971,4117563,4038414,4275087,4671278,5095477,5347285,5724280,5782948,5840979,6143401,6610130,6973785,7546648,8474103,9116432
 "40017","Canadian, OK",6,CAINC4,12,"..."," Farm income 2/","Thousands of dollars",7505,9170,9397,8480,18170,11278,9145,7144,4765,1463,14368,12036,-4951,9070,-1512,2751,4671,14543,8092,13651,13935,11512,10830,19834,16882,20455,-784,3119,2866,4596,10327,11430,10863,13305,17591,26138,23898,9490,6961,29779,-4285,12332,28313,38245,22783,24900,25066,15722,10431,5425,5786,5412,13263,-2779
 "40017","Canadian, OK",6,CAINC4,20,"...","Population (persons) 3/","Number of persons",31049,32523,33816,36528,39777,42432,43735,45190,47324,50143,54752,57205,60110,64245,67279,69888,71931,73234,73251,72898,73637,74662,75871,77063,78668,79911,81245,83015,84186,85266,86306,88230,89931,91507,93449,96101,99176,102876,106804,109969,113186,116406,119648,122954,126622,130224,134299,137792,141670,146351,150674,155425,161981,169149
 "40017","Canadian, OK",6,CAINC4,30,"...","Per capita personal income (dollars) 4/","Dollars",3551,3944,4390,4676,5119,5346,5801,6259,7065,8032,9185,10756,11999,13049,12873,13681,13957,13903,13715,14712,15835,16344,16844,17844,18536,19425,20193,21162,22078,22993,24247,25486,26360,27178,27129,28901,30452,32953,34464,37714,35642,36832,39278,41753,42410,44148,43247,42504,43438,45203,46322,48590,52397,53879
 "40017","Canadian, OK",6,CAINC4,35,"...","Earnings by place of work ","Thousands of dollars",65975,80000,89931,102888,122943,129837,137300,141632,166660,193761,242978,281003,307516,357756,350064,386497,410520,436619,416258,437264,490118,522329,554132,611672,648445,691060,719102,757117,810912,830409,909247,1108568,1031576,1043840,1075931,1090288,1176004,1340154,1429968,1597703,1407016,1539028,1627728,1886469,2086509,2255982,2230662,2125259,2268409,2593091,2633664,2371105,2500638,2743672
 "40017","Canadian, OK",6,CAINC4,36,"...","Less: Contributions for government social insurance 5/","Thousands of dollars",4280,5011,5764,6936,8824,10178,10817,11207,13486,16518,20504,23704,29099,33346,32698,36185,39241,41920,40402,44126,50296,56038,61417,66817,71914,77582,83519,86463,90378,92166,102035,121264,110663,111661,115892,121117,129925,144595,157485,167493,161522,172955,164255,185919,221205,236063,234297,231602,260523,303897,310443,278323,294429,332718
 "40017","Canadian, OK",6,CAINC4,37,"..."," Employee and self-employed contributions for government social insurance ","Thousands of dollars",2250,2590,2945,3509,4451,4878,5180,5219,6356,7764,9657,11716,14900,17117,16776,18312,20487,21839,21256,23423,26864,29591,32441,35017,36986,40020,43071,44773,47978,49383,54721,66085,59615,60070,60996,61021,65966,75717,83882,89617,86623,92602,77231,85796,115228,125322,127134,130610,144635,168640,171816,158645,165930,189277
 "40017","Canadian, OK",6,CAINC4,38,"..."," Employer contributions for government social insurance ","Thousands of dollars",2030,2421,2819,3427,4373,5300,5637,5988,7130,8754,10847,11988,14199,16229,15922,17873,18754,20081,19146,20703,23432,26447,28976,31800,34928,37562,40448,41690,42400,42783,47314,55179,51048,51591,54896,60096,63959,68878,73603,77876,74899,80353,87024,100123,105977,110741,107163,100992,115888,135257,138627,119678,128499,143441
 "40017","Canadian, OK",6,CAINC4,42,"...","Plus: Adjustment for residence 6/","Thousands of dollars",24068,23500,28555,35505,44834,55313,65238,83605,104378,135219,173804,224180,274005,312020,325018,359189,368585,364192,375707,410423,432535,446696,460073,481229,512943,532874,554884,605890,643475,707480,742500,675582,785183,830072,861840,1025271,1102960,1240169,1338708,1461979,1546449,1585486,1786721,1871886,1906996,1988950,2108770,2212257,2272351,2277822,2531738,2864449,3160133,3677407
 "40017","Canadian, OK",6,CAINC4,45,"...","Equals: Net earnings by place of residence ","Thousands of dollars",85763,98489,112722,131457,158953,174972,191721,214030,257552,312462,396278,481479,552422,636430,642384,709501,739864,758891,751563,803561,872357,912987,952788,1026084,1089474,1146352,1190467,1276544,1364009,1445723,1549712,1662886,1706096,1762251,1821879,1994442,2149039,2435728,2611191,2892189,2791943,2951559,3250194,3572436,3772300,4008869,4105135,4105914,4280237,4567016,4854959,4957231,5366342,6088361
 "40017","Canadian, OK",6,CAINC4,46,"...","Plus: Dividends, interest, and rent 7/","Thousands of dollars",15737,19682,23812,26146,29748,33951,38687,43343,50116,61108,72441,92648,121111,146563,161669,178906,188403,183448,173571,182506,201969,205270,209577,213308,222750,250095,274672,294297,311042,320295,339318,363978,418127,439659,399780,442712,493338,536000,613034,712921,651411,690651,784980,882470,886484,980733,898172,906158,972587,1078668,1056571,1155406,1421204,1563444
 "40017","Canadian, OK",6,CAINC4,47,"...","Plus: Personal current transfer receipts ","Thousands of dollars",8740,10102,11908,13205,14937,17917,23292,25482,26661,29176,34175,41172,47724,55353,62020,67758,75674,75808,79531,86379,91722,102049,115572,135690,145939,155810,175415,185892,183609,194486,203665,221788,246338,285083,313496,340278,377771,418370,456707,542232,590775,645209,664417,678816,711284,759578,804707,844629,901008,969871,1068041,1439423,1699820,1461848
 "40017","Canadian, OK",6,CAINC4,50,"...","Wages and salaries ","Thousands of dollars",41160,51100,57546,66969,74055,83223,89156,89596,106660,129800,157065,189802,225131,255105,245983,263703,277741,287783,274460,282857,318490,348155,377219,411583,438496,466909,505744,537309,568875,589780,653049,826316,682034,667244,706731,725006,784482,880250,956973,1041935,979700,1041766,1066811,1211416,1315947,1436979,1414657,1390151,1584768,1884505,1889303,1604175,1693210,1915888
 "40017","Canadian, OK",6,CAINC4,60,"...","Supplements to wages and salaries ","Thousands of dollars",5841,7346,8848,10500,11629,13819,15152,15996,19201,23405,28650,33404,38610,45221,45880,50031,53694,58395,57181,59078,68290,76936,85668,99217,107033,116144,118327,122593,123046,128243,141599,166753,156462,162929,173519,187897,204310,213740,224651,235657,235518,260130,263457,284843,316892,338544,342044,332205,366209,424010,424332,378356,388926,419589
 "40017","Canadian, OK",6,CAINC4,61,"..."," Employer contributions for employee pension and insurance funds 8/","Thousands of dollars",3811,4925,6029,7073,7256,8519,9515,10008,12071,14651,17803,21416,24411,28992,29958,32158,34940,38314,38035,38375,44858,50489,56692,67417,72105,78582,77879,80903,80646,85460,94285,111574,105414,111338,118623,127801,140351,144862,151048,157781,160619,179777,176433,184720,210915,227803,234881,231213,250321,288753,285705,258678,260427,276148
 "40017","Canadian, OK",6,CAINC4,62,"..."," Employer contributions for government social insurance ","Thousands of dollars",2030,2421,2819,3427,4373,5300,5637,5988,7130,8754,10847,11988,14199,16229,15922,17873,18754,20081,19146,20703,23432,26447,28976,31800,34928,37562,40448,41690,42400,42783,47314,55179,51048,51591,54896,60096,63959,68878,73603,77876,74899,80353,87024,100123,105977,110741,107163,100992,115888,135257,138627,119678,128499,143441
 "40017","Canadian, OK",6,CAINC4,70,"...","Proprietors' income 9/","Thousands of dollars",18974,21554,23537,25419,37259,32795,32992,36040,40799,40556,57263,57797,43775,57430,58201,72763,79085,90441,84617,95329,103338,97238,91245,100872,102916,108007,95031,97215,118991,112386,114599,115499,193080,213667,195681,177385,187212,246164,248344,320111,191798,237132,297460,390210,453670,480459,473961,402903,317432,284576,320029,388574,418502,408195
 "40017","Canadian, OK",6,CAINC4,71,"..."," Farm proprietors' income ","Thousands of dollars",6323,7801,8078,6962,16506,9218,7122,4844,1990,-561,12177,9786,-7183,6614,-3972,227,2050,12018,5474,10957,11297,8691,8311,17675,14517,18263,-3324,591,210,1234,5783,6369,4429,8250,12353,19644,18465,5002,1605,23559,-9311,7237,22563,30826,16605,18236,20993,11158,5685,1339,521,-2,8358,-8455
 "40017","Canadian, OK",6,CAINC4,72,"..."," Nonfarm proprietors' income ","Thousands of dollars",12651,13753,15459,18457,20753,23577,25870,31196,38809,41117,45086,48011,50958,50816,62173,72536,77035,78423,79143,84372,92041,88547,82934,83197,88399,89744,98355,96624,118781,111152,108816,109130,188651,205417,183328,157741,168747,241162,246739,296552,201109,229895,274897,359384,437065,462223,452968,391745,311747,283237,319508,388576,410144,416650
 "40017","Canadian, OK",6,CAINC4,7010,"...","Total employment ","Number of jobs",10745,11563,12316,13570,14128,14820,14815,14872,16019,17626,19441,21158,22580,24693,24563,24963,25248,25005,24737,24625,25433,26373,27219,27910,29009,30037,31422,31767,32896,33748,35044,35396,35434,35466,35623,36869,39052,40445,42442,43705,43123,43590,44151,46834,50041,51749,52456,53726,56571,60632,60576,57777,60355,64299
 "40017","Canadian, OK",6,CAINC4,7020,"..."," Wage and salary employment ","Number of jobs",7541,8344,8828,9659,10159,10624,10491,10511,11258,12552,13872,15033,15840,17071,16486,16642,16797,16971,16124,15995,16844,17678,18320,19286,20120,20839,21953,22117,22655,23614,24671,24706,24913,24729,24430,25178,26433,27407,28692,29664,28818,29171,29083,31048,33506,34873,34614,34575,36579,39909,40379,35574,36594,38952
 "40017","Canadian, OK",6,CAINC4,7040,"..."," Proprietors employment ","Number of jobs",3204,3219,3488,3911,3969,4196,4324,4361,4761,5074,5569,6125,6740,7622,8077,8321,8451,8034,8613,8630,8589,8695,8899,8624,8889,9198,9469,9650,10241,10134,10373,10690,10521,10737,11193,11691,12619,13038,13750,14041,14305,14419,15068,15786,16535,16876,17842,19151,19992,20723,20197,22203,23761,25347
 "40019","Carter, OK",6,CAINC4,10,"...","Personal income (thousands of dollars) ","Thousands of dollars",107671,119923,129379,142843,164441,189817,211907,232983,267135,299609,346943,411250,486573,531105,549247,589379,606723,595413,600172,595711,651662,673322,675667,713564,779620,791770,835821,881466,940294,959073,953728,1012977,1037447,1053161,1134395,1200949,1325077,1408031,1490106,1713493,1594408,1696991,1800542,1937033,1952543,2094808,1988779,1925751,1972211,2070231,2100591,2223609,2422673,2449376
 "40019","Carter, OK",6,CAINC4,11,"..."," Nonfarm personal income 1/","Thousands of dollars",106088,117702,128471,141157,159377,185025,209290,231606,266022,300040,344962,411011,483644,530713,552648,591724,608710,599303,600595,594149,651145,674380,675543,713336,777521,789305,838221,886990,937930,960692,951627,1012892,1033121,1049587,1130615,1195018,1315357,1405293,1487174,1724200,1606192,1706104,1803232,1936196,1961725,2097538,1992533,1934269,1981294,2080010,2111466,2235885,2433977,2473467
 "40019","Carter, OK",6,CAINC4,12,"..."," Farm income 2/","Thousands of dollars",1583,2221,908,1686,5064,4792,2617,1377,1113,-431,1981,239,2929,392,-3401,-2345,-1987,-3890,-423,1562,517,-1058,124,228,2099,2465,-2400,-5524,2364,-1619,2101,85,4326,3574,3780,5931,9720,2738,2932,-10707,-11784,-9113,-2690,837,-9182,-2730,-3754,-8518,-9083,-9779,-10875,-12276,-11304,-24091
 "40019","Carter, OK",6,CAINC4,20,"...","Population (persons) 3/","Number of persons",37502,37564,38733,39152,39833,40773,41663,42311,42903,43050,42845,43741,44184,46062,46816,46824,46907,46770,45549,44020,43242,42899,42833,43309,43809,44061,44488,44706,45035,45223,45578,45547,45455,45656,45854,46218,46169,46430,46582,46910,47421,47804,48030,47960,48373,48466,48418,48298,48135,48071,48016,48036,48324,48510
 "40019","Carter, OK",6,CAINC4,30,"...","Per capita personal income (dollars) 4/","Dollars",2871,3192,3340,3648,4128,4655,5086,5506,6226,6960,8098,9402,11012,11530,11732,12587,12935,12731,13176,13533,15070,15696,15774,16476,17796,17970,18788,19717,20879,21208,20925,22240,22824,23067,24739,25984,28701,30326,31989,36527,33622,35499,37488,40389,40364,43222,41075,39872,40972,43066,43748,46290,50134,50492
 "40019","Carter, OK",6,CAINC4,35,"...","Earnings by place of work ","Thousands of dollars",83599,93183,98564,112055,130909,150433,164846,183888,218544,248684,291748,341339,396952,415741,419991,450676,460862,445826,452073,437747,480860,507973,497769,535215,604272,605365,629677,668344,718849,720773,712589,756264,777479,801812,877762,924625,1033176,1059393,1105024,1262848,1168394,1258137,1322278,1408180,1464018,1558477,1493428,1430202,1429991,1504422,1506745,1467509,1522115,1606127
 "40019","Carter, OK",6,CAINC4,36,"...","Less: Contributions for government social insurance 5/","Thousands of dollars",5248,5836,6452,7643,10247,12134,13271,15071,17839,21091,25682,30567,38019,41615,41831,45695,47745,47593,47191,49409,53021,57852,59639,63166,70864,72375,76097,79049,80638,82059,82707,85879,91098,96203,101981,108777,116356,119772,127712,137039,133545,140032,134176,140572,162292,166905,167713,164135,167356,178075,178220,178160,187100,201892
 "40019","Carter, OK",6,CAINC4,37,"..."," Employee and self-employed contributions for government social insurance ","Thousands of dollars",2982,3297,3628,4169,5551,6559,7170,7873,9318,10916,13275,15903,19838,21523,21356,22875,24526,24417,24663,25517,28490,30765,31030,33210,36921,37614,39517,41488,43750,44717,45325,47242,47967,50177,52832,55104,59883,61607,66601,72807,70934,74350,60931,63298,82214,86154,87138,88612,90539,96499,96923,97694,101133,110379
 "40019","Carter, OK",6,CAINC4,38,"..."," Employer contributions for government social insurance ","Thousands of dollars",2266,2539,2824,3474,4696,5575,6101,7198,8521,10175,12407,14664,18181,20092,20475,22820,23219,23176,22528,23892,24531,27087,28609,29956,33943,34761,36580,37561,36888,37342,37382,38637,43131,46026,49149,53673,56473,58165,61111,64232,62611,65682,73245,77274,80078,80751,80575,75523,76817,81576,81297,80466,85967,91513
 "40019","Carter, OK",6,CAINC4,42,"...","Plus: Adjustment for residence 6/","Thousands of dollars",-4445,-5828,-5912,-7027,-8704,-11009,-12259,-14361,-18184,-21743,-26600,-32798,-38327,-38344,-39792,-44060,-45595,-45681,-43353,-40734,-42895,-45588,-47268,-49831,-55661,-57320,-58239,-60980,-61339,-63367,-64436,-66340,-81619,-85818,-94214,-107994,-115208,-116816,-118075,-124678,-123211,-132564,-150341,-152365,-172847,-175602,-181035,-176163,-171286,-175051,-170765,-156756,-174536,-189607
 "40019","Carter, OK",6,CAINC4,45,"...","Equals: Net earnings by place of residence ","Thousands of dollars",73906,81519,86200,97385,111958,127290,139316,154456,182521,205850,239466,277974,320606,335782,338368,360921,367522,352552,361529,347604,384944,404533,390862,422218,477747,475670,495341,528315,576872,575347,565446,604045,604762,619791,681567,707854,801612,822805,859237,1001131,911638,985541,1037761,1115243,1128879,1215970,1144680,1089904,1091349,1151296,1157760,1132593,1160479,1214628
 "40019","Carter, OK",6,CAINC4,46,"...","Plus: Dividends, interest, and rent 7/","Thousands of dollars",17660,19872,22270,23208,27529,32805,36818,39363,43372,50040,58332,76820,101976,122981,130959,146784,153446,150632,142818,148012,160587,155184,160748,153262,155685,158880,172057,177697,178453,193156,193428,208716,215581,199556,206270,237431,250695,289381,314451,362538,303045,315927,357628,401407,391855,444580,396656,376006,406306,430425,419703,444466,519118,546211
 "40019","Carter, OK",6,CAINC4,47,"...","Plus: Personal current transfer receipts ","Thousands of dollars",16105,18532,20909,22250,24954,29722,35773,39164,41242,43719,49145,56456,63991,72342,79920,81674,85755,92229,95825,100095,106131,113605,124057,138084,146188,157220,168423,175454,184969,190570,194854,200216,217104,233814,246558,255664,272770,295845,316418,349824,379725,395523,405153,420383,431809,434258,447443,459841,474556,488510,523128,646550,743076,688537
 "40019","Carter, OK",6,CAINC4,50,"...","Wages and salaries ","Thousands of dollars",57293,64636,68079,76870,88691,102274,112878,128150,151194,174323,205919,247738,291860,310886,309008,329042,338500,326257,313278,318041,327375,349632,364187,382321,420937,427363,446273,468328,479367,497576,509044,526691,578751,595304,626890,660226,701737,753110,814803,881934,838538,868383,910065,962260,997605,1040257,1069041,1057657,1073611,1125467,1121297,1085326,1143422,1232100
 "40019","Carter, OK",6,CAINC4,60,"...","Supplements to wages and salaries ","Thousands of dollars",6571,7493,8310,10192,12296,15009,17305,19861,24368,28402,34221,40689,47773,52265,54768,58778,62543,65108,62950,62380,68374,73463,79992,87932,98341,101605,104551,105834,105311,106807,107681,115466,135321,139188,151254,166738,181259,188183,190822,198870,200156,217303,224245,230749,247230,257715,267510,260061,260658,271389,268936,262759,269976,279813
 "40019","Carter, OK",6,CAINC4,61,"..."," Employer contributions for employee pension and insurance funds 8/","Thousands of dollars",4305,4954,5486,6718,7600,9434,11204,12663,15847,18227,21814,26025,29592,32173,34293,35958,39324,41932,40422,38488,43843,46376,51383,57976,64398,66844,67971,68273,68423,69465,70299,76829,92190,93162,102105,113065,124786,130018,129711,134638,137545,151621,151000,153475,167152,176964,186935,184538,183841,189813,187639,182293,184009,188300
 "40019","Carter, OK",6,CAINC4,62,"..."," Employer contributions for government social insurance ","Thousands of dollars",2266,2539,2824,3474,4696,5575,6101,7198,8521,10175,12407,14664,18181,20092,20475,22820,23219,23176,22528,23892,24531,27087,28609,29956,33943,34761,36580,37561,36888,37342,37382,38637,43131,46026,49149,53673,56473,58165,61111,64232,62611,65682,73245,77274,80078,80751,80575,75523,76817,81576,81297,80466,85967,91513
 "40019","Carter, OK",6,CAINC4,70,"...","Proprietors' income 9/","Thousands of dollars",19735,21054,22175,24993,29922,33150,34663,35877,42982,45959,51608,52912,57319,52590,56215,62856,59819,54461,75845,57326,85111,84878,53590,64962,84994,76397,78853,94182,134171,116390,95864,114107,63407,67320,99618,97661,150180,118100,99399,182044,129700,172451,187968,215171,219183,260505,156877,112484,95722,107566,116512,119424,108717,94214
 "40019","Carter, OK",6,CAINC4,71,"..."," Farm proprietors' income ","Thousands of dollars",1102,1692,422,1154,4506,4131,1942,570,87,-1180,1130,-674,2014,-678,-4416,-3330,-2961,-4771,-1283,650,-414,-2089,-845,-623,1146,1571,-3448,-6583,1231,-2875,554,-1536,2351,2074,2101,3630,7575,729,138,-13844,-14225,-11542,-5359,-2559,-12012,-5776,-5621,-10596,-11245,-11656,-13285,-14754,-13541,-26676
 "40019","Carter, OK",6,CAINC4,72,"..."," Nonfarm proprietors' income ","Thousands of dollars",18633,19362,21753,23839,25416,29019,32721,35307,42895,47139,50478,53586,55305,53268,60631,66186,62780,59232,77128,56676,85525,86967,54435,65585,83848,74826,82301,100765,132940,119265,95310,115643,61056,65246,97517,94031,142605,117371,99261,195888,143925,183993,193327,217730,231195,266281,162498,123080,106967,119222,129797,134178,122258,120890
 "40019","Carter, OK",6,CAINC4,7010,"...","Total employment ","Number of jobs",15578,16088,16202,17045,17828,18395,18333,19217,20483,21489,22100,23328,24420,24424,24097,24624,24736,23515,23264,22900,22970,23370,23728,23725,25053,25395,26191,26588,26957,27076,27165,27544,27931,27853,28461,29032,29505,30282,31100,32146,30400,30716,31278,32223,33124,33508,33908,33968,33228,32798,32186,31189,31729,32710
 "40019","Carter, OK",6,CAINC4,7020,"..."," Wage and salary employment ","Number of jobs",12047,12530,12402,13173,13878,14393,14097,14810,15734,16502,17081,18180,18763,18612,18013,18406,18425,17589,16915,16767,17108,17532,17824,18071,19138,19254,19824,20157,20339,20375,20413,20682,21548,21664,22061,22625,22881,23445,23859,24597,23283,23289,23828,24348,24842,25252,25563,25367,25100,25107,24717,23289,23601,24141
 "40019","Carter, OK",6,CAINC4,7040,"..."," Proprietors employment ","Number of jobs",3531,3558,3800,3872,3950,4002,4236,4407,4749,4987,5019,5148,5657,5812,6084,6218,6311,5926,6349,6133,5862,5838,5904,5654,5915,6141,6367,6431,6618,6701,6752,6862,6383,6189,6400,6407,6624,6837,7241,7549,7117,7427,7450,7875,8282,8256,8345,8601,8128,7691,7469,7900,8128,8569
 "40021","Cherokee, OK",6,CAINC4,10,"...","Personal income (thousands of dollars) ","Thousands of dollars",48162,53375,60098,66904,74272,89931,102740,119721,132518,149601,167448,191381,215106,237775,266580,290278,311203,348245,364201,398409,432918,471909,517316,555115,534207,548406,584431,598178,629157,655279,690744,725070,763501,814882,843877,891761,951264,1000907,1065665,1126326,1168082,1244281,1284254,1351373,1360319,1400965,1470313,1467915,1526437,1578982,1666850,1809614,1994352,2007126
 "40021","Cherokee, OK",6,CAINC4,11,"..."," Nonfarm personal income 1/","Thousands of dollars",46223,50858,57243,63518,71401,84906,98020,112193,125344,142760,161475,185999,207494,228210,250195,273798,294561,307009,315775,334331,360540,381510,415627,445557,471679,500295,538788,564113,604828,635553,664537,700853,730880,784582,818571,861389,901391,967420,1022375,1092872,1142145,1219217,1256971,1318999,1342098,1376784,1453206,1450427,1506019,1561940,1644259,1785772,1965087,1987325
 "40021","Cherokee, OK",6,CAINC4,12,"..."," Farm income 2/","Thousands of dollars",1939,2517,2855,3386,2871,5025,4720,7528,7174,6841,5973,5382,7612,9565,16385,16480,16642,41236,48426,64078,72378,90399,101689,109558,62528,48111,45643,34065,24329,19726,26207,24217,32621,30300,25306,30372,49873,33487,43290,33454,25937,25064,27283,32374,18221,24181,17107,17488,20418,17042,22591,23842,29265,19801
 "40021","Cherokee, OK",6,CAINC4,20,"...","Population (persons) 3/","Number of persons",22507,23310,24392,24662,25034,26095,26708,27943,28509,29311,29958,30681,30614,30863,32558,32789,33162,33542,33568,33702,34051,34170,35074,36019,36557,37245,38324,39198,40234,41126,41937,42635,43066,43625,44066,44437,44805,45517,45546,46217,46492,47081,47479,47583,47283,47465,47414,47691,47589,47145,47078,47090,47631,48098
 "40021","Cherokee, OK",6,CAINC4,30,"...","Per capita personal income (dollars) 4/","Dollars",2140,2290,2464,2713,2967,3446,3847,4284,4648,5104,5589,6238,7026,7704,8188,8853,9384,10382,10850,11822,12714,13811,14749,15412,14613,14724,15250,15260,15637,15933,16471,17006,17729,18679,19150,20068,21231,21990,23398,24370,25124,26429,27049,28400,28770,29516,31010,30780,32075,33492,35406,38429,41871,41730
 "40021","Cherokee, OK",6,CAINC4,35,"...","Earnings by place of work ","Thousands of dollars",28073,30433,34066,39712,44566,54710,59694,71122,77487,87519,95363,102483,111318,120346,137042,150747,160059,193589,205596,231131,251135,280760,311685,338579,306373,312296,328486,328605,347202,363082,390737,406047,417467,451283,469089,508525,553328,564827,622680,634770,659680,713954,710321,732156,743164,762007,797231,807162,806298,806342,849238,944620,1024332,1061878
 "40021","Cherokee, OK",6,CAINC4,36,"...","Less: Contributions for government social insurance 5/","Thousands of dollars",1669,1779,2068,2468,3324,4178,4622,5403,6029,7148,8255,9100,10337,10953,11584,12919,14198,15377,16257,18753,20506,21994,24728,26798,28710,31394,33977,34599,37386,39066,41955,43637,43926,48028,50474,55244,58657,62276,69747,72739,76153,80682,72745,75966,86583,86597,89729,90577,91547,94055,99329,113526,121336,130445
 "40021","Cherokee, OK",6,CAINC4,37,"..."," Employee and self-employed contributions for government social insurance ","Thousands of dollars",1009,1067,1217,1417,1893,2321,2517,2823,3147,3704,4252,4650,5285,5766,6047,6676,7565,8196,8669,10126,11145,11720,13155,14239,14954,16381,17536,17881,19546,20726,22432,23058,23409,25458,26381,28296,30054,32464,36169,37670,40306,42647,34305,34815,44016,45197,47937,50583,51820,53717,56456,62504,67348,72755
 "40021","Cherokee, OK",6,CAINC4,38,"..."," Employer contributions for government social insurance ","Thousands of dollars",660,712,851,1051,1431,1857,2105,2580,2882,3444,4003,4450,5052,5187,5537,6243,6633,7181,7588,8627,9361,10274,11573,12559,13756,15013,16441,16718,17840,18340,19523,20579,20517,22570,24093,26948,28603,29812,33578,35069,35847,38035,38440,41151,42567,41400,41792,39994,39727,40338,42873,51022,53988,57690
 "40021","Cherokee, OK",6,CAINC4,42,"...","Plus: Adjustment for residence 6/","Thousands of dollars",6476,6949,7533,7334,8195,9310,10413,11873,13144,15694,18684,22081,25899,29081,30830,34330,36561,37835,39271,41386,45505,50874,51890,53656,55667,57337,57181,60963,63971,69673,72937,76700,85985,85154,79024,71200,75841,81373,50560,33594,32517,18364,36091,50876,57072,64993,78069,69876,82619,110378,117424,75190,75104,98100
 "40021","Cherokee, OK",6,CAINC4,45,"...","Equals: Net earnings by place of residence ","Thousands of dollars",32880,35603,39531,44578,49437,59842,65485,77592,84602,96065,105792,115464,126880,138474,156288,172158,182422,216047,228610,253764,276134,309640,338847,365437,333330,338239,351690,354969,373787,393689,421719,439110,459526,488409,497639,524481,570512,583924,603493,595625,616044,651636,673667,707066,713653,740403,785571,786461,797370,822665,867333,906284,978100,1029533
 "40021","Cherokee, OK",6,CAINC4,46,"...","Plus: Dividends, interest, and rent 7/","Thousands of dollars",6173,7389,8676,9619,11378,13431,15685,17984,21067,24709,29123,37192,44632,51750,57679,62704,68047,70390,68982,71300,80145,80251,86470,85756,89021,95542,105463,108879,114972,121320,122704,130251,129277,125020,135250,139438,143614,157442,179034,205577,204790,218845,226293,248399,254213,256711,268816,254096,264730,278636,303904,310956,333374,331739
 "40021","Cherokee, OK",6,CAINC4,47,"...","Plus: Personal current transfer receipts ","Thousands of dollars",9109,10383,11891,12707,13457,16658,21570,24145,26849,28827,32533,38725,43594,47551,52613,55416,60734,61808,66609,73345,76639,82018,91999,103922,111856,114625,127278,134330,140398,140270,146321,155709,174698,201453,210988,227842,237138,259541,283138,325124,347248,373800,384294,395908,392453,403851,415926,427358,464337,477681,495613,592374,682878,645854
 "40021","Cherokee, OK",6,CAINC4,50,"...","Wages and salaries ","Thousands of dollars",17727,19724,21626,25092,28923,35548,38785,45873,51709,57706,64644,71886,78132,83914,89719,97685,103709,109072,113299,121013,130636,140168,154761,166140,175189,185718,200949,211143,228629,243158,265362,280836,277550,297125,313611,347075,366297,387516,438677,463923,476587,499443,491278,514669,525879,536994,554050,563130,566989,576434,615012,695020,755508,803027
 "40021","Cherokee, OK",6,CAINC4,60,"...","Supplements to wages and salaries ","Thousands of dollars",1939,2252,2771,3378,3981,4982,5675,6742,7712,9107,10308,11519,12902,13806,15712,18114,19966,21516,22493,24718,28367,31981,36544,42537,45636,48980,52529,55053,58619,62197,67306,74070,67137,73998,80172,90687,98176,101267,111824,116000,116921,132140,129350,126673,138816,143829,153146,150108,148836,154018,157058,167013,163688,167033
 "40021","Cherokee, OK",6,CAINC4,61,"..."," Employer contributions for employee pension and insurance funds 8/","Thousands of dollars",1279,1540,1920,2327,2550,3125,3570,4162,4830,5663,6305,7069,7850,8619,10175,11871,13333,14335,14905,16091,19006,21707,24971,29978,31880,33967,36088,38335,40779,43857,47783,53491,46620,51428,56079,63739,69573,71455,78246,80931,81074,94105,90910,85522,96249,102429,111354,110114,109109,113680,114185,115991,109700,109343
 "40021","Cherokee, OK",6,CAINC4,62,"..."," Employer contributions for government social insurance ","Thousands of dollars",660,712,851,1051,1431,1857,2105,2580,2882,3444,4003,4450,5052,5187,5537,6243,6633,7181,7588,8627,9361,10274,11573,12559,13756,15013,16441,16718,17840,18340,19523,20579,20517,22570,24093,26948,28603,29812,33578,35069,35847,38035,38440,41151,42567,41400,41792,39994,39727,40338,42873,51022,53988,57690
 "40021","Cherokee, OK",6,CAINC4,70,"...","Proprietors' income 9/","Thousands of dollars",8407,8457,9669,11242,11662,14180,15234,18507,18066,20706,20411,19078,20284,22626,31611,34948,36384,63001,69804,85400,92132,108611,120380,129902,85548,77598,75008,62409,59954,57727,58069,51141,72780,80160,75306,70763,88855,76044,72179,54847,66172,82371,89693,90814,78469,81184,90035,93924,90473,75890,77168,82587,105136,91818
 "40021","Cherokee, OK",6,CAINC4,71,"..."," Farm proprietors' income ","Thousands of dollars",531,640,844,858,-81,1145,655,2512,555,1971,197,-1008,1068,1660,8471,8296,7964,32817,39548,53486,60408,75790,86826,95154,47353,34609,30605,19670,9743,5054,9455,7795,13769,16676,9350,7713,27912,12118,12559,-387,-50,-311,-250,-2220,-10595,-6839,-1911,-3672,-1603,-2052,-1950,-1454,6422,-6609
 "40021","Cherokee, OK",6,CAINC4,72,"..."," Nonfarm proprietors' income ","Thousands of dollars",7876,7817,8825,10384,11743,13035,14579,15995,17511,18735,20214,20086,19216,20966,23140,26652,28420,30184,30256,31914,31724,32821,33554,34748,38195,42989,44403,42739,50211,52673,48614,43346,59011,63484,65956,63050,60943,63926,59620,55234,66222,82682,89943,93034,89064,88023,91946,97596,92076,77942,79118,84041,98714,98427
 "40021","Cherokee, OK",6,CAINC4,7010,"...","Total employment ","Number of jobs",6551,6877,7243,7915,8264,8956,9245,10012,10429,10668,10609,10616,10757,10795,11421,11888,11921,11972,12507,12417,12678,13445,14264,14653,15151,15467,16108,16551,17534,18487,19170,19531,17975,18105,17956,18842,19202,19703,20958,21052,21537,21562,21455,21568,21630,21624,21697,21905,21158,21046,21444,22175,22369,23624
 "40021","Cherokee, OK",6,CAINC4,7020,"..."," Wage and salary employment ","Number of jobs",4840,5119,5339,5960,6284,7006,7134,7715,7915,7983,7960,7997,8149,8044,8481,8851,8836,8899,9154,9340,9631,10242,10876,11304,11462,11585,11860,12172,12887,13369,13851,14092,13325,13535,13344,14142,14409,14751,15832,16022,16526,16510,16121,16387,16426,16210,16458,16396,15686,15588,16107,16758,16709,17681
 "40021","Cherokee, OK",6,CAINC4,7040,"..."," Proprietors employment ","Number of jobs",1711,1758,1904,1955,1980,1950,2111,2297,2514,2685,2649,2619,2608,2751,2940,3037,3085,3073,3353,3077,3047,3203,3388,3349,3689,3882,4248,4379,4647,5118,5319,5439,4650,4570,4612,4700,4793,4952,5126,5030,5011,5052,5334,5181,5204,5414,5239,5509,5472,5458,5337,5417,5660,5943
 "40023","Choctaw, OK",6,CAINC4,10,"...","Personal income (thousands of dollars) ","Thousands of dollars",34038,36034,40143,43615,49467,55155,59668,64460,67677,78222,96303,107651,116557,120730,130804,136850,148645,154330,158261,165712,170229,176147,183028,190382,194276,210427,202290,214205,223057,232131,247874,255109,281039,296308,296111,312586,328605,344979,357078,376269,376424,394486,415095,433389,435604,454739,459191,442754,443284,455551,475926,530068,587854,566556
 "40023","Choctaw, OK",6,CAINC4,11,"..."," Nonfarm personal income 1/","Thousands of dollars",32608,34914,39166,40699,44277,50061,55603,61084,66282,75666,89903,102784,112540,119038,126913,133213,140480,146295,151601,157680,161049,171388,178038,187885,190452,205116,203948,216181,220083,230538,236838,248055,270804,284976,287195,300233,316176,341970,358336,384042,385273,400039,416458,427761,432997,443762,448848,443580,446777,458821,481287,532905,593348,585114
 "40023","Choctaw, OK",6,CAINC4,12,"..."," Farm income 2/","Thousands of dollars",1430,1120,977,2916,5190,5094,4065,3376,1395,2556,6400,4867,4017,1692,3891,3637,8165,8035,6660,8032,9180,4759,4990,2497,3824,5311,-1658,-1976,2974,1593,11036,7054,10235,11332,8916,12353,12429,3009,-1258,-7773,-8849,-5553,-1363,5628,2607,10977,10343,-826,-3493,-3270,-5361,-2837,-5494,-18558
 "40023","Choctaw, OK",6,CAINC4,20,"...","Population (persons) 3/","Number of persons",15307,15307,16382,17224,17644,17975,18609,16571,16687,18408,17298,17165,16981,16655,16599,16190,15725,15958,16174,15937,15438,15317,15302,15429,15442,15559,15351,15376,15362,15305,15265,15325,15165,15307,15236,15292,15244,15277,15210,15112,15127,15223,15224,15076,14908,14924,14752,14597,14487,14304,14236,14201,14314,14358
 "40023","Choctaw, OK",6,CAINC4,30,"...","Per capita personal income (dollars) 4/","Dollars",2224,2354,2450,2532,2804,3068,3206,3890,4056,4249,5567,6272,6864,7249,7880,8453,9453,9671,9785,10398,11027,11500,11961,12339,12581,13524,13178,13931,14520,15167,16238,16647,18532,19358,19435,20441,21556,22582,23477,24899,24884,25914,27266,28747,29219,30470,31127,30332,30599,31848,33431,37326,41068,39459
 "40023","Choctaw, OK",6,CAINC4,35,"...","Earnings by place of work ","Thousands of dollars",22376,22446,21916,26599,31233,33256,34533,37091,38336,46084,65346,68610,64970,62846,62984,66042,73665,76679,80428,84305,88257,87547,94144,95004,100335,111524,93923,101929,111216,114255,127653,131073,147866,158502,149703,160767,174628,180769,179608,176816,179883,195072,206524,210964,222188,235491,244233,223199,216858,222249,223585,237164,272407,270341
 "40023","Choctaw, OK",6,CAINC4,36,"...","Less: Contributions for government social insurance 5/","Thousands of dollars",1505,1554,1568,1803,2273,2521,2679,2970,3274,3998,5738,6262,6411,6598,6143,6612,7116,7543,8247,9056,9636,10132,11118,11456,12201,13533,12542,13554,13870,14286,14848,15436,16856,18061,17405,18453,20527,22205,22967,23486,24019,24974,23861,23661,27230,27175,27916,27268,27727,29409,29731,31631,35404,38151
 "40023","Choctaw, OK",6,CAINC4,37,"..."," Employee and self-employed contributions for government social insurance ","Thousands of dollars",861,888,907,1033,1287,1388,1464,1568,1725,2073,2883,3171,3278,3435,3231,3465,3840,4079,4461,5049,5523,5632,6163,6417,6707,7421,7033,7425,7645,7892,8304,8573,9279,9930,9509,10047,11072,11993,12670,13005,13528,14074,11983,11782,14735,15020,15689,15963,16356,17502,17735,18927,20909,22785
 "40023","Choctaw, OK",6,CAINC4,38,"..."," Employer contributions for government social insurance ","Thousands of dollars",644,666,661,770,986,1133,1215,1402,1549,1925,2855,3091,3133,3163,2912,3147,3276,3464,3786,4007,4113,4500,4955,5039,5494,6112,5509,6129,6225,6394,6544,6863,7577,8131,7896,8406,9455,10212,10297,10481,10491,10900,11878,11879,12495,12155,12227,11305,11371,11907,11996,12704,14495,15366
 "40023","Choctaw, OK",6,CAINC4,42,"...","Plus: Adjustment for residence 6/","Thousands of dollars",1419,1720,4695,2316,2465,3074,2809,3388,3661,3953,-809,-810,4120,5136,8378,10412,11045,11935,12272,13867,14699,15948,13149,15851,14467,14927,16927,17019,18352,18818,18289,18764,18501,16559,17001,16300,14735,15274,14196,12160,7700,8659,9610,10985,10335,12134,12537,15550,20023,18869,23671,23214,26679,23607
 "40023","Choctaw, OK",6,CAINC4,45,"...","Equals: Net earnings by place of residence ","Thousands of dollars",22290,22612,25043,27112,31425,33809,34663,37509,38723,46039,58799,61538,62679,61384,65219,69842,77594,81071,84453,89116,93320,93363,96175,99399,102601,112918,98308,105394,115698,118787,131094,134401,149511,157000,149299,158614,168836,173838,170837,165490,163564,178757,192273,198288,205293,220450,228854,211481,209154,211709,217525,228747,263682,255797
 "40023","Choctaw, OK",6,CAINC4,46,"...","Plus: Dividends, interest, and rent 7/","Thousands of dollars",3382,4058,4738,5223,6089,6963,7655,8408,9667,11381,13556,18082,21784,24097,27697,28675,30503,30862,29050,29952,30630,31700,31175,30392,28187,30223,33214,34468,36377,37804,37886,40439,44049,39769,38834,38675,38821,36956,45990,56518,52682,52825,60158,62004,58185,59547,56652,59099,60507,63360,65150,66363,66445,66938
 "40023","Choctaw, OK",6,CAINC4,47,"...","Plus: Personal current transfer receipts ","Thousands of dollars",8366,9364,10362,11280,11953,14383,17350,18543,19287,20802,23948,28031,32094,35249,37888,38333,40548,42397,44758,46644,46279,51084,55678,60591,63488,67286,70768,74343,70982,75540,78894,80269,87479,99539,107978,115297,120948,134185,140251,154261,160178,162904,162664,173097,172126,174742,173685,172174,173623,180482,193251,234958,257727,243821
 "40023","Choctaw, OK",6,CAINC4,50,"...","Wages and salaries ","Thousands of dollars",14784,15357,14451,15600,17400,18431,19723,22380,24794,29545,42833,46915,44336,44968,41444,42749,44486,45107,49645,50793,52269,56396,61320,62864,65303,70787,64560,70095,72370,75858,80679,83754,95910,101911,97316,101637,112459,123747,128877,133258,134125,139590,143401,142613,145961,147406,152430,146620,148985,157012,159023,163592,189422,200037
 "40023","Choctaw, OK",6,CAINC4,60,"...","Supplements to wages and salaries ","Thousands of dollars",1583,1741,1813,2065,2401,2719,3017,3421,3911,4459,6395,7292,7264,7560,7662,8211,8887,9550,10671,10977,11838,13700,15866,16810,17614,19212,16725,18104,18155,19138,20773,22380,26043,28407,28595,31057,34411,36502,37369,37557,38253,42596,43376,39532,43118,43755,45108,43116,42798,44712,45568,46878,49059,48926
 "40023","Choctaw, OK",6,CAINC4,61,"..."," Employer contributions for employee pension and insurance funds 8/","Thousands of dollars",939,1075,1152,1295,1415,1586,1802,2019,2362,2534,3540,4201,4131,4397,4750,5064,5611,6086,6885,6970,7725,9200,10911,11771,12120,13100,11216,11975,11930,12744,14229,15517,18466,20276,20699,22651,24956,26290,27072,27076,27762,31696,31498,27653,30623,31600,32881,31811,31427,32805,33572,34174,34564,33560
 "40023","Choctaw, OK",6,CAINC4,62,"..."," Employer contributions for government social insurance ","Thousands of dollars",644,666,661,770,986,1133,1215,1402,1549,1925,2855,3091,3133,3163,2912,3147,3276,3464,3786,4007,4113,4500,4955,5039,5494,6112,5509,6129,6225,6394,6544,6863,7577,8131,7896,8406,9455,10212,10297,10481,10491,10900,11878,11879,12495,12155,12227,11305,11371,11907,11996,12704,14495,15366
 "40023","Choctaw, OK",6,CAINC4,70,"...","Proprietors' income 9/","Thousands of dollars",6009,5348,5652,8934,11432,12106,11793,11290,9631,12080,16118,14403,13370,10318,13878,15082,20292,22022,20112,22535,24150,17451,16958,15330,17418,21525,12638,13730,20691,19259,26201,24939,25913,28184,23792,28073,27758,20520,13362,6001,7505,12886,19747,28819,33109,44330,46695,33463,25075,20525,18994,26694,33926,21378
 "40023","Choctaw, OK",6,CAINC4,71,"..."," Farm proprietors' income ","Thousands of dollars",1115,767,649,2551,4809,4633,3514,2625,330,1709,5468,3892,3060,595,2871,2654,7213,7183,5833,7182,8344,3871,4200,1832,3112,4670,-2375,-2683,2254,913,10315,6364,9464,10796,8200,11185,11182,1655,-3347,-10105,-10678,-7345,-3338,3144,536,8743,8982,-2360,-5087,-4637,-7124,-4655,-7146,-20470
 "40023","Choctaw, OK",6,CAINC4,72,"..."," Nonfarm proprietors' income ","Thousands of dollars",4894,4581,5003,6383,6623,7473,8279,8665,9301,10371,10650,10511,10310,9723,11007,12428,13079,14839,14279,15353,15806,13580,12758,13498,14306,16855,15013,16413,18437,18346,15886,18575,16449,17388,15592,16888,16576,18865,16709,16106,18183,20231,23085,25675,32573,35587,37713,35823,30162,25162,26118,31349,41072,41848
 "40023","Choctaw, OK",6,CAINC4,7010,"...","Total employment ","Number of jobs",5050,4964,4726,4927,4935,4899,5040,5088,5244,5842,6291,6088,5939,5738,5585,5663,5667,5534,5825,5853,5800,6004,6108,5982,6106,6314,6248,6394,6473,6674,6814,6885,7192,7281,6989,6965,7229,7301,7398,7275,7246,7175,7263,7092,7247,7142,6997,6836,6838,6893,6733,6745,7068,7231
 "40023","Choctaw, OK",6,CAINC4,7020,"..."," Wage and salary employment ","Number of jobs",3576,3482,3185,3305,3407,3350,3400,3466,3555,4112,4516,4256,4045,3928,3642,3670,3655,3538,3655,3727,3768,4034,4219,4097,4022,4189,3973,4057,4095,4215,4281,4303,4648,4833,4486,4498,4805,4930,4936,4913,4977,4924,4977,4826,4858,4757,4753,4572,4597,4660,4530,4471,4778,4865
 "40023","Choctaw, OK",6,CAINC4,7040,"..."," Proprietors employment ","Number of jobs",1474,1482,1541,1622,1528,1549,1640,1622,1689,1730,1775,1832,1894,1810,1943,1993,2012,1996,2170,2126,2032,1970,1889,1885,2084,2125,2275,2337,2378,2459,2533,2582,2544,2448,2503,2467,2424,2371,2462,2362,2269,2251,2286,2266,2389,2385,2244,2264,2241,2233,2203,2274,2290,2366
 "40025","Cimarron, OK",6,CAINC4,10,"...","Personal income (thousands of dollars) ","Thousands of dollars",14844,19554,20592,27672,27432,18152,22970,20426,20154,25532,40603,28561,42888,58649,55907,58720,69246,61339,57319,62493,58848,65370,66327,62681,68112,56318,47998,52378,61751,63807,77428,70816,70552,74948,80058,77658,82716,75852,84907,108236,79128,104155,130964,135868,180737,154965,186191,157666,154250,134045,143894,146693,161817,161664
 "40025","Cimarron, OK",6,CAINC4,11,"..."," Nonfarm personal income 1/","Thousands of dollars",8519,9484,10557,11422,12711,14500,15604,16869,18421,20405,22984,26697,31142,34164,37381,39486,40691,39108,37540,37239,37665,37512,37975,38363,39743,41549,43312,46190,48802,51663,52948,54734,56092,55814,57674,57672,60165,59008,62179,67386,66616,69712,77415,74442,79751,83087,86844,90229,87446,89688,90677,98898,106665,104406
 "40025","Cimarron, OK",6,CAINC4,12,"..."," Farm income 2/","Thousands of dollars",6325,10070,10035,16250,14721,3652,7366,3557,1733,5127,17619,1864,11746,24485,18526,19234,28555,22231,19779,25254,21183,27858,28352,24318,28369,14769,4686,6188,12949,12144,24480,16082,14460,19134,22384,19986,22551,16844,22728,40850,12512,34443,53549,61426,100986,71878,99347,67437,66804,44357,53217,47795,55152,57258
 "40025","Cimarron, OK",6,CAINC4,20,"...","Population (persons) 3/","Number of persons",4316,4114,3996,3916,3965,4004,4010,3930,3796,3629,3575,3661,3709,3648,3806,3853,3790,3763,3891,3551,3441,3294,3239,3239,3235,3229,3162,3194,3255,3182,3129,3121,3009,2914,2822,2707,2610,2572,2530,2449,2495,2476,2497,2433,2377,2358,2302,2270,2257,2282,2279,2290,2255,2252
 "40025","Cimarron, OK",6,CAINC4,30,"...","Per capita personal income (dollars) 4/","Dollars",3439,4753,5153,7066,6919,4533,5728,5197,5309,7036,11357,7801,11563,16077,14689,15240,18271,16301,14731,17599,17102,19845,20478,19352,21055,17441,15180,16399,18971,20052,24745,22690,23447,25720,28369,28688,31692,29491,33560,44196,31715,42066,52449,55844,76036,65719,80882,69456,68343,58740,63139,64058,71759,71787
 "40025","Cimarron, OK",6,CAINC4,35,"...","Earnings by place of work ","Thousands of dollars",11921,16374,17120,24041,23268,13747,17590,14556,13996,18468,32148,17352,28305,42052,36269,37195,46760,40947,38604,44944,40173,47016,47518,44291,49747,36421,25682,28085,35894,37500,49852,41234,39479,44479,48075,45219,47904,42473,48227,67423,40945,64709,85938,94003,135994,108768,141025,112202,108656,86244,97328,97260,107028,110760
 "40025","Cimarron, OK",6,CAINC4,36,"...","Less: Contributions for government social insurance 5/","Thousands of dollars",355,400,459,535,683,847,846,922,1020,1125,1276,1361,1600,1778,1733,1803,1908,1977,2048,2264,2284,2346,2443,2519,2759,2841,2876,2903,2971,3171,3239,3175,3071,3070,3134,3258,3308,3320,3563,3756,3707,3894,3692,3927,4343,4336,4449,4801,4752,5005,5224,5752,5876,6731
 "40025","Cimarron, OK",6,CAINC4,37,"..."," Employee and self-employed contributions for government social insurance ","Thousands of dollars",196,216,244,274,350,423,409,426,478,535,608,658,779,890,882,905,999,1040,1072,1228,1250,1237,1288,1342,1411,1448,1439,1458,1517,1652,1707,1668,1647,1681,1667,1666,1722,1815,1875,1896,2030,2092,1869,1803,2097,2255,2489,2781,2764,2909,3048,3250,3346,3633
 "40025","Cimarron, OK",6,CAINC4,38,"..."," Employer contributions for government social insurance ","Thousands of dollars",159,184,215,261,333,424,437,496,542,590,668,703,821,888,851,898,909,937,976,1036,1034,1109,1155,1177,1348,1393,1437,1445,1454,1519,1532,1507,1424,1389,1467,1592,1586,1505,1688,1860,1677,1802,1823,2124,2246,2081,1960,2020,1988,2096,2176,2502,2530,3098
 "40025","Cimarron, OK",6,CAINC4,42,"...","Plus: Adjustment for residence 6/","Thousands of dollars",-26,-39,-75,-114,-112,-175,-87,-27,-230,-301,-351,-328,-134,-208,12,-28,-23,-179,-361,-324,-468,-679,-481,-315,-213,38,295,676,1146,1495,1897,2453,2764,3051,3188,3405,3640,4050,4457,6118,5717,6407,7379,8443,9721,10071,10135,10487,10747,10745,11143,10915,11041,11201
 "40025","Cimarron, OK",6,CAINC4,45,"...","Equals: Net earnings by place of residence ","Thousands of dollars",11540,15935,16586,23392,22473,12725,16657,13607,12746,17042,30521,15663,26571,40066,34548,35364,44829,38791,36195,42356,37421,43991,44594,41457,46775,33618,23101,25858,34069,35824,48510,40512,39172,44460,48129,45366,48236,43203,49121,69785,42955,67222,89625,98519,141372,114503,146711,117888,114651,91984,103247,102423,112193,115230
 "40025","Cimarron, OK",6,CAINC4,46,"...","Plus: Dividends, interest, and rent 7/","Thousands of dollars",2202,2354,2601,2725,3246,3478,4006,4219,4704,5513,6825,9063,11938,13617,15757,17190,17787,15946,14419,13310,14542,14036,13972,12935,12782,13373,15018,16193,17245,16996,17444,18337,18103,16257,17241,16587,18004,16034,17812,20134,17501,16709,18739,16213,19343,19828,18635,18396,17985,19449,17088,18066,18536,19250
 "40025","Cimarron, OK",6,CAINC4,47,"...","Plus: Personal current transfer receipts ","Thousands of dollars",1102,1265,1405,1555,1713,1949,2307,2600,2704,2977,3257,3835,4379,4966,5602,6166,6630,6602,6705,6827,6885,7343,7761,8289,8555,9327,9879,10327,10437,10987,11474,11967,13277,14231,14688,15705,16476,16615,17974,18317,18672,20224,22600,21136,20022,20634,20845,21382,21614,22612,23559,26204,31088,27184
 "40025","Cimarron, OK",6,CAINC4,50,"...","Wages and salaries ","Thousands of dollars",4456,5209,5622,6391,7052,8648,8329,8963,10093,10051,11005,11860,12850,13883,13329,13259,13313,13374,13689,14075,13743,14645,14922,15256,16661,16777,17489,18289,19087,20584,21342,21055,20483,18958,19835,21077,21236,21389,23405,24307,23340,22932,23176,24984,23567,26037,24827,27079,27660,28727,31125,32254,33680,36913
 "40025","Cimarron, OK",6,CAINC4,60,"...","Supplements to wages and salaries ","Thousands of dollars",492,581,700,840,939,1129,1268,1403,1596,1741,1920,2059,2239,2361,2348,2390,2431,2584,2686,2718,2877,3144,3341,3741,4125,4204,4243,4399,4428,4763,4740,4951,4825,4868,5133,5527,5580,5450,5793,5860,5671,6102,5997,6086,6598,6991,7048,7327,7416,7861,7919,8618,8435,9508
 "40025","Cimarron, OK",6,CAINC4,61,"..."," Employer contributions for employee pension and insurance funds 8/","Thousands of dollars",333,397,485,579,606,705,831,907,1054,1151,1252,1356,1418,1473,1497,1492,1522,1647,1710,1682,1843,2035,2186,2564,2777,2811,2806,2954,2974,3244,3208,3444,3401,3479,3666,3935,3994,3945,4105,4000,3994,4300,4174,3962,4352,4910,5088,5307,5428,5765,5743,6116,5905,6410
 "40025","Cimarron, OK",6,CAINC4,62,"..."," Employer contributions for government social insurance ","Thousands of dollars",159,184,215,261,333,424,437,496,542,590,668,703,821,888,851,898,909,937,976,1036,1034,1109,1155,1177,1348,1393,1437,1445,1454,1519,1532,1507,1424,1389,1467,1592,1586,1505,1688,1860,1677,1802,1823,2124,2246,2081,1960,2020,1988,2096,2176,2502,2530,3098
 "40025","Cimarron, OK",6,CAINC4,70,"...","Proprietors' income 9/","Thousands of dollars",6973,10584,10798,16810,15277,3970,7993,4190,2307,6676,19223,3433,13216,25808,20592,21546,31016,24989,22229,28151,23553,29227,29255,25294,28961,15440,3950,5397,12379,12153,23770,15228,14171,20653,23107,18615,21088,15634,19029,37256,11934,35675,56765,62933,105829,75740,109150,77796,73580,49656,58284,56388,64913,64339
 "40025","Cimarron, OK",6,CAINC4,71,"..."," Farm proprietors' income ","Thousands of dollars",5453,8961,8877,14835,13071,1530,5421,1494,-584,3597,15848,-68,9761,22166,16233,16911,26166,19965,17465,22651,18409,24627,25230,21396,24983,11445,608,1988,8302,7717,19662,11626,9605,15786,18458,14481,17218,11750,15386,32729,6346,28345,47003,53019,93986,64395,94684,62418,61563,39664,47247,41624,49663,50918
 "40025","Cimarron, OK",6,CAINC4,72,"..."," Nonfarm proprietors' income ","Thousands of dollars",1520,1623,1921,1975,2206,2440,2572,2696,2891,3079,3375,3501,3455,3642,4359,4635,4850,5024,4764,5500,5144,4600,4025,3898,3978,3995,3342,3409,4077,4436,4108,3602,4566,4867,4649,4134,3870,3884,3643,4527,5588,7330,9762,9914,11843,11345,14466,15378,12017,9992,11037,14764,15250,13421
 "40025","Cimarron, OK",6,CAINC4,7010,"...","Total employment ","Number of jobs",2216,2327,2284,2448,2477,2588,2307,2226,2167,1997,1981,1939,1977,1956,1957,1921,1842,1823,1939,1838,1776,1777,1767,1814,1890,1859,1834,1916,1928,2071,2050,2084,1959,1877,1808,1814,1777,1770,1752,1732,1735,1729,1706,1695,1726,1706,1643,1740,1720,1702,1710,1738,1744,1890
 "40025","Cimarron, OK",6,CAINC4,7020,"..."," Wage and salary employment ","Number of jobs",1095,1177,1213,1354,1384,1521,1313,1317,1299,1173,1199,1195,1218,1216,1196,1135,1041,1015,1067,1029,962,982,997,1039,1072,1038,1034,1070,1066,1131,1064,1072,1007,948,913,951,910,905,882,864,850,818,798,783,809,802,752,808,805,815,830,876,862,985
 "40025","Cimarron, OK",6,CAINC4,7040,"..."," Proprietors employment ","Number of jobs",1121,1150,1071,1094,1093,1067,994,909,868,824,782,744,759,740,761,786,801,808,872,809,814,795,770,775,818,821,800,846,862,940,986,1012,952,929,895,863,867,865,870,868,885,911,908,912,917,904,891,932,915,887,880,862,882,905
 "40027","Cleveland, OK",6,CAINC4,10,"...","Personal income (thousands of dollars) ","Thousands of dollars",270101,302254,353393,409742,467793,538634,613403,702822,808130,954458,1136293,1386617,1640508,1884030,1995346,2164283,2273468,2306210,2326767,2492207,2674409,2847946,3001820,3198968,3385861,3586364,3782822,3989680,4222424,4526580,4777209,5382233,5658018,5914717,6347623,6806829,7309479,8082940,8580766,9051272,8981926,9544346,10228332,10732596,10981829,11614865,11854693,11805675,12178855,12627061,13150459,14053351,15252498,15501557
 "40027","Cleveland, OK",6,CAINC4,11,"..."," Nonfarm personal income 1/","Thousands of dollars",269319,301168,353041,408841,465470,537150,611603,701465,807161,954832,1134337,1386080,1640804,1884989,1995878,2164690,2270878,2301945,2328564,2492925,2673352,2847481,3000612,3196594,3384117,3583401,3780854,3987888,4220536,4527459,4776171,5382474,5658254,5913491,6347284,6805005,7305238,8080279,8575070,9054926,8988826,9547600,10229913,10732127,10988312,11618226,11862483,11815444,12189020,12637400,13161391,14064552,15261988,15522248
 "40027","Cleveland, OK",6,CAINC4,12,"..."," Farm income 2/","Thousands of dollars",782,1086,352,901,2323,1484,1800,1357,969,-374,1956,537,-296,-959,-532,-407,2590,4265,-1797,-718,1057,465,1208,2374,1744,2963,1968,1792,1888,-879,1038,-241,-236,1226,339,1824,4241,2661,5696,-3654,-6900,-3254,-1581,469,-6483,-3361,-7790,-9769,-10165,-10339,-10932,-11201,-9490,-20691
 "40027","Cleveland, OK",6,CAINC4,20,"...","Population (persons) 3/","Number of persons",74984,82619,87446,93078,99538,106130,104922,108889,115237,119971,127432,134502,139567,148470,156631,162174,164533,167782,169453,169669,171753,174716,177804,181338,185499,189607,192741,195785,200515,203730,206844,208614,213414,217235,221714,225447,229743,237257,241409,246790,251803,257294,263114,268077,272669,273401,278448,283380,285924,288653,292559,296207,298099,299587
 "40027","Cleveland, OK",6,CAINC4,30,"...","Per capita personal income (dollars) 4/","Dollars",3602,3658,4041,4402,4700,5075,5846,6454,7013,7956,8917,10309,11754,12690,12739,13345,13818,13745,13731,14689,15571,16300,16883,17641,18253,18915,19626,20378,21058,22219,23096,25800,26512,27227,28630,30193,31816,34068,35545,36676,35670,37095,38874,40035,40275,42483,42574,41660,42595,43745,44950,47444,51166,51743
 "40027","Cleveland, OK",6,CAINC4,35,"...","Earnings by place of work ","Thousands of dollars",112203,128913,153038,183532,209042,234393,261922,301922,345912,400843,467009,558443,658529,753866,799713,857227,892231,909612,913144,980927,1030522,1115143,1164239,1258996,1359447,1460848,1552556,1639660,1764606,1936628,2067027,2302277,2391294,2561678,2768919,3014576,3201757,3453625,3712267,3887619,3899603,4171152,4372275,4641977,4964404,5206739,5289526,5180733,5187478,5313923,5601697,5944255,6424384,6891836
 "40027","Cleveland, OK",6,CAINC4,36,"...","Less: Contributions for government social insurance 5/","Thousands of dollars",7338,8418,10355,12994,17078,20082,22351,25714,29283,35678,42731,51748,65315,75909,77324,83750,88123,90627,92497,106290,111481,123349,131946,142368,154446,169257,181777,189877,200964,216924,234174,253736,263389,283728,303468,325059,340903,368354,406814,420249,430907,445139,418483,440559,520709,543684,559839,554615,572188,599716,635782,678398,725056,792636
 "40027","Cleveland, OK",6,CAINC4,37,"..."," Employee and self-employed contributions for government social insurance ","Thousands of dollars",4175,4740,5775,7071,9357,11043,12216,13731,15681,18774,22421,26692,33680,39136,39664,42363,46026,47717,48848,56204,59519,65556,69791,74754,79466,86503,91678,95784,103039,113429,123963,135636,138876,148318,156429,165045,173753,191428,212612,220651,229709,238890,196585,205126,269378,284472,298033,309342,319014,336791,356148,378962,402700,445407
 "40027","Cleveland, OK",6,CAINC4,38,"..."," Employer contributions for government social insurance ","Thousands of dollars",3163,3678,4580,5923,7721,9039,10135,11983,13602,16904,20310,25056,31635,36773,37660,41387,42097,42910,43649,50086,51962,57793,62155,67614,74980,82754,90099,94093,97925,103495,110211,118100,124513,135410,147039,160014,167150,176926,194202,199598,201198,206249,221898,235433,251331,259212,261806,245273,253174,262925,279634,299436,322356,347229
 "40027","Cleveland, OK",6,CAINC4,42,"...","Plus: Adjustment for residence 6/","Thousands of dollars",108875,112631,127604,146602,168495,198165,226852,263034,311102,381429,467071,581722,684745,769421,790446,867019,903520,905840,922907,983225,1064497,1123965,1190000,1248807,1286154,1329558,1352725,1423125,1479682,1560427,1614791,1865711,1943183,1988012,2073376,2158952,2265336,2466344,2445062,2551634,2471362,2565925,2774314,2879030,2778420,2911809,2971397,2946538,3115492,3244315,3270780,3082704,3126535,3259389
 "40027","Cleveland, OK",6,CAINC4,45,"...","Equals: Net earnings by place of residence ","Thousands of dollars",213740,233126,270287,317140,360459,412476,466423,539242,627731,746594,891349,1088417,1277959,1447378,1512835,1640496,1707628,1724825,1743554,1857862,1983538,2115759,2222293,2365435,2491155,2621149,2723504,2872908,3043324,3280131,3447644,3914252,4071088,4265962,4538827,4848469,5126190,5551615,5750515,6019004,5940058,6291938,6728106,7080448,7222115,7574864,7701084,7572656,7730782,7958522,8236695,8348561,8825863,9358589
 "40027","Cleveland, OK",6,CAINC4,46,"...","Plus: Dividends, interest, and rent 7/","Thousands of dollars",41143,51155,61724,68320,78197,90226,99993,111080,124679,146579,173155,213415,265486,325999,359842,392958,423120,423947,414870,447906,490607,508628,524628,538194,574192,609909,670265,706654,761180,808541,862646,960339,1020924,1011871,1112664,1187416,1329775,1571284,1779349,1873475,1704197,1780653,1965365,2077919,2119995,2347461,2362076,2343318,2456107,2560516,2658376,2807363,3095476,3202443
 "40027","Cleveland, OK",6,CAINC4,47,"...","Plus: Personal current transfer receipts ","Thousands of dollars",15218,17973,21382,24282,29137,35932,46987,52500,55720,61285,71789,84785,97063,110653,122669,130829,142720,157438,168343,186439,200264,223559,254899,295339,320514,355306,389053,410118,417920,437908,466919,507642,566006,636884,696132,770944,853514,960041,1050902,1158793,1337671,1471755,1534861,1574229,1639719,1692540,1791533,1889701,1991966,2108023,2255388,2897427,3331159,2940525
 "40027","Cleveland, OK",6,CAINC4,50,"...","Wages and salaries ","Thousands of dollars",79276,93336,109946,131290,146423,163558,180580,206924,234310,279619,325297,394474,477068,560706,580978,613843,630159,628428,636625,686944,713685,775940,824945,887732,951712,1017927,1089761,1160590,1229568,1335207,1454475,1554318,1645692,1745860,1861137,1968037,2079366,2255346,2517135,2655255,2662236,2717730,2779428,2953531,3170025,3341044,3457000,3440127,3529826,3690973,3917819,4076372,4358948,4766621
 "40027","Cleveland, OK",6,CAINC4,60,"...","Supplements to wages and salaries ","Thousands of dollars",8282,10088,12814,16368,19255,21989,25178,28870,33890,41519,49817,61080,74279,89021,97397,106031,112778,118500,121289,134119,149018,168029,184556,212370,232088,251006,265007,279905,290772,311395,333467,369599,390110,428712,468869,510910,548371,570959,623341,641424,646297,700870,723004,725083,812726,863953,901360,881416,900292,941204,974274,989165,1016375,1051032
 "40027","Cleveland, OK",6,CAINC4,61,"..."," Employer contributions for employee pension and insurance funds 8/","Thousands of dollars",5119,6410,8234,10445,11534,12950,15043,16887,20288,24615,29507,36024,42644,52248,59737,64644,70681,75590,77640,84033,97056,110236,122401,144756,157108,168252,174908,185812,192847,207900,223256,251499,265597,293302,321830,350896,381221,394033,429139,441826,445099,494621,501106,489650,561395,604741,639554,636143,647118,678279,694640,689729,694019,703803
 "40027","Cleveland, OK",6,CAINC4,62,"..."," Employer contributions for government social insurance ","Thousands of dollars",3163,3678,4580,5923,7721,9039,10135,11983,13602,16904,20310,25056,31635,36773,37660,41387,42097,42910,43649,50086,51962,57793,62155,67614,74980,82754,90099,94093,97925,103495,110211,118100,124513,135410,147039,160014,167150,176926,194202,199598,201198,206249,221898,235433,251331,259212,261806,245273,253174,262925,279634,299436,322356,347229
 "40027","Cleveland, OK",6,CAINC4,70,"...","Proprietors' income 9/","Thousands of dollars",24645,25489,30278,35874,43364,48846,56164,66128,77712,79705,91895,102889,107182,104139,121338,137353,149294,162684,155230,159864,167819,171174,154738,158894,175647,191915,197788,199165,244266,290026,279085,378360,355492,387106,438913,535629,574020,627320,571791,590940,591070,752552,869843,963363,981653,1001742,931166,859190,757360,681746,709604,878718,1049061,1074183
 "40027","Cleveland, OK",6,CAINC4,71,"..."," Farm proprietors' income ","Thousands of dollars",429,703,3,523,1939,1031,1335,799,254,-894,1265,-289,-1206,-2095,-1604,-1459,1540,3302,-2748,-1718,56,-629,209,1494,715,1952,730,498,464,-2094,-115,-1199,-1164,676,-497,321,2529,714,2566,-7023,-9429,-5671,-4139,-2706,-9128,-6198,-9541,-11688,-12165,-12101,-13182,-13529,-11577,-23103
 "40027","Cleveland, OK",6,CAINC4,72,"..."," Nonfarm proprietors' income ","Thousands of dollars",24216,24786,30275,35351,41425,47815,54829,65329,77458,80599,90630,103178,108388,106234,122942,138812,147754,159382,157978,161582,167763,171803,154529,157400,174932,189963,197058,198667,243802,292120,279200,379559,356656,386430,439410,535308,571491,626606,569225,597963,600499,758223,873982,966069,990781,1007940,940707,870878,769525,693847,722786,892247,1060638,1097286
 "40027","Cleveland, OK",6,CAINC4,7010,"...","Total employment ","Number of jobs",21114,22799,25120,28803,29579,30294,31403,33193,34919,38123,40529,42942,46277,51031,51965,54559,55031,55157,57724,58429,58603,61265,63047,63927,66567,68299,72616,75682,78364,81473,85465,88322,89158,91243,94328,97312,101694,104661,110956,111234,111215,111584,113740,116152,120261,123318,124909,126599,128061,130354,131598,131501,137304,142846
 "40027","Cleveland, OK",6,CAINC4,7020,"..."," Wage and salary employment ","Number of jobs",17047,18508,20335,23031,23817,24592,25280,26965,28419,31416,33565,35738,38264,41379,41384,42452,41430,40901,40869,42450,43135,45656,47162,48674,50651,51837,54944,57220,59230,61721,63820,65919,66884,68249,70020,71634,74427,76561,81304,81375,80739,80242,81657,82980,86344,88406,89648,88362,89081,90261,93158,91122,95195,97777
 "40027","Cleveland, OK",6,CAINC4,7040,"..."," Proprietors employment ","Number of jobs",4067,4291,4785,5772,5762,5702,6123,6228,6500,6707,6964,7204,8013,9652,10581,12107,13601,14256,16855,15979,15468,15609,15885,15253,15916,16462,17672,18462,19134,19752,21645,22403,22274,22994,24308,25678,27267,28100,29652,29859,30476,31342,32083,33172,33917,34912,35261,38237,38980,40093,38440,40379,42109,45069
 "40029","Coal, OK",6,CAINC4,10,"...","Personal income (thousands of dollars) ","Thousands of dollars",11400,13676,14861,16396,19143,19945,21172,22573,24902,25569,29458,33903,40296,43616,46594,49021,51838,51722,52856,55817,59265,59400,61595,63821,66534,70553,72815,76229,84292,82527,88667,92249,102002,107065,108058,113807,117712,125153,142256,166423,162536,169961,175889,173885,170829,193146,186309,180014,187915,198530,210518,214957,230844,227438
 "40029","Coal, OK",6,CAINC4,11,"..."," Nonfarm personal income 1/","Thousands of dollars",11024,11850,12977,14590,16074,17632,19830,21520,23467,26119,29590,34358,38150,42546,46623,49712,52161,53316,54212,55245,57305,59100,61544,64422,66803,70197,76306,80884,83676,83988,86907,92381,101636,106905,110480,112700,115950,126419,138209,160881,160688,164720,171256,171077,167302,180282,174697,172745,177954,188825,201537,206160,218110,220626
 "40029","Coal, OK",6,CAINC4,12,"..."," Farm income 2/","Thousands of dollars",376,1826,1884,1806,3069,2313,1342,1053,1435,-550,-132,-455,2146,1070,-29,-691,-323,-1594,-1356,572,1960,300,51,-601,-269,356,-3491,-4655,616,-1461,1760,-132,366,160,-2422,1107,1762,-1266,4047,5542,1848,5241,4633,2808,3527,12864,11612,7269,9961,9705,8981,8797,12734,6812
 "40029","Coal, OK",6,CAINC4,20,"...","Population (persons) 3/","Number of persons",5403,5538,5681,5940,5840,5889,6010,6273,6284,6254,6209,6057,6110,5972,6271,6126,6079,6160,6134,6040,5980,5740,5658,5717,5816,5878,5958,6011,6005,5912,6021,6009,6010,5954,5925,5880,5743,5671,5718,5745,5962,5903,5886,5827,5654,5590,5441,5452,5403,5274,5237,5284,5319,5313
 "40029","Coal, OK",6,CAINC4,30,"...","Per capita personal income (dollars) 4/","Dollars",2110,2469,2616,2760,3278,3387,3523,3598,3963,4088,4744,5597,6595,7303,7430,8002,8527,8396,8617,9241,9911,10348,10886,11163,11440,12003,12221,12682,14037,13959,14726,15352,16972,17982,18238,19355,20497,22069,24879,28968,27262,28792,29883,29841,30214,34552,34242,33018,34780,37643,40198,40681,43400,42808
 "40029","Coal, OK",6,CAINC4,35,"...","Earnings by place of work ","Thousands of dollars",6202,7923,8322,8968,10572,10516,10320,10838,12072,11224,12612,14082,17032,17066,17866,18227,20662,20870,22202,24810,26329,24674,26144,26347,28711,31271,29540,30176,37348,33661,36683,36996,42208,43261,37793,38957,41120,42503,51194,57514,56880,65954,74395,72234,72095,88923,82614,74117,77026,84828,101812,85889,93342,91294
 "40029","Coal, OK",6,CAINC4,36,"...","Less: Contributions for government social insurance 5/","Thousands of dollars",441,458,501,561,690,785,847,927,1005,1126,1274,1471,1573,1683,1836,1953,2208,2377,2521,2856,2983,2912,3249,3371,3720,4016,4381,4443,4663,4455,4505,4752,5164,5253,4837,4627,4965,5383,5804,6124,6420,6858,7141,7110,7535,8096,8002,8012,8208,9121,11264,9593,9914,10824
 "40029","Coal, OK",6,CAINC4,37,"..."," Employee and self-employed contributions for government social insurance ","Thousands of dollars",256,270,293,325,391,436,469,498,543,612,689,790,863,952,1018,1094,1253,1346,1433,1639,1770,1699,1878,1951,2081,2249,2438,2470,2582,2508,2568,2663,2906,3002,2804,2720,2892,3130,3416,3615,3887,4096,3835,3722,4314,4655,4662,4828,4949,5518,6530,5883,6037,6638
 "40029","Coal, OK",6,CAINC4,38,"..."," Employer contributions for government social insurance ","Thousands of dollars",185,188,208,236,299,349,378,429,462,514,585,681,710,731,818,859,955,1031,1088,1217,1213,1213,1371,1420,1639,1767,1943,1973,2081,1947,1937,2089,2258,2251,2033,1907,2073,2253,2388,2509,2533,2762,3306,3388,3221,3441,3340,3184,3259,3603,4734,3710,3877,4186
 "40029","Coal, OK",6,CAINC4,42,"...","Plus: Adjustment for residence 6/","Thousands of dollars",1595,1612,1750,2209,2437,2294,2539,2712,2994,3636,4311,4882,5642,6273,6511,7320,6886,6594,5987,5954,6284,7101,7423,8142,9125,9400,10141,11213,12279,13911,15611,17363,18262,19568,21902,24242,27159,30269,33126,41332,31912,27694,24822,25146,21927,21599,23422,24464,25144,26253,19220,24780,24562,26428
 "40029","Coal, OK",6,CAINC4,45,"...","Equals: Net earnings by place of residence ","Thousands of dollars",7356,9077,9571,10616,12319,12025,12012,12623,14061,13734,15649,17493,21101,21656,22541,23594,25340,25087,25668,27908,29630,28863,30318,31118,34116,36655,35300,36946,44964,43117,47789,49607,55306,57576,54858,58572,63314,67389,78516,92722,82372,86790,92076,90270,86487,102426,98034,90569,93962,101960,109768,101076,107990,106898
 "40029","Coal, OK",6,CAINC4,46,"...","Plus: Dividends, interest, and rent 7/","Thousands of dollars",1302,1445,1661,1898,2433,2801,2978,3258,3708,4267,4957,6496,7977,9772,10797,11838,12592,12191,12397,12314,13228,13217,12914,12425,11508,11611,14006,14809,15385,15433,15778,16861,17775,15572,16147,18086,16787,16831,21521,28980,32112,31670,31612,30626,31168,36451,32538,34778,37613,40969,41853,40879,39212,41345
 "40029","Coal, OK",6,CAINC4,47,"...","Plus: Personal current transfer receipts ","Thousands of dollars",2742,3154,3629,3882,4391,5119,6182,6692,7133,7568,8852,9914,11218,12188,13256,13589,13906,14444,14791,15595,16407,17320,18363,20278,20910,22287,23509,24474,23943,23977,25100,25781,28921,33917,37053,37149,37611,40933,42219,44721,48052,51501,52201,52989,53174,54269,55737,54667,56340,55601,58897,73002,83642,79195
 "40029","Coal, OK",6,CAINC4,50,"...","Wages and salaries ","Thousands of dollars",4152,4278,4376,4803,5284,5816,6335,6960,7682,8263,8921,10505,10591,11083,12424,12546,13834,14578,15442,16328,16427,16228,17637,18073,19560,20833,22609,23581,25615,24685,25236,26839,27795,27985,25446,23379,24594,27538,30504,33167,33901,36046,41604,41306,38209,42256,41516,41815,43324,47000,62451,48444,49962,53345
 "40029","Coal, OK",6,CAINC4,60,"...","Supplements to wages and salaries ","Thousands of dollars",445,473,518,605,694,797,876,953,1080,1233,1354,1617,1685,1807,2154,2284,2618,2876,3095,3343,3531,3649,4026,4419,4876,5187,5541,5757,6027,5920,6228,6767,7056,7329,6839,6681,7241,7938,8770,9121,9394,10773,12200,11713,11223,12035,12163,11789,12009,12982,15715,13028,12866,13311
 "40029","Coal, OK",6,CAINC4,61,"..."," Employer contributions for employee pension and insurance funds 8/","Thousands of dollars",260,285,310,369,395,448,498,524,618,719,769,936,975,1076,1336,1425,1663,1845,2007,2126,2318,2436,2655,2999,3237,3420,3598,3784,3946,3973,4291,4678,4798,5078,4806,4774,5168,5685,6382,6612,6861,8011,8894,8325,8002,8594,8823,8605,8750,9379,10981,9318,8989,9125
 "40029","Coal, OK",6,CAINC4,62,"..."," Employer contributions for government social insurance ","Thousands of dollars",185,188,208,236,299,349,378,429,462,514,585,681,710,731,818,859,955,1031,1088,1217,1213,1213,1371,1420,1639,1767,1943,1973,2081,1947,1937,2089,2258,2251,2033,1907,2073,2253,2388,2509,2533,2762,3306,3388,3221,3441,3340,3184,3259,3603,4734,3710,3877,4186
 "40029","Coal, OK",6,CAINC4,70,"...","Proprietors' income 9/","Thousands of dollars",1605,3172,3428,3560,4594,3903,3109,2925,3310,1728,2337,1960,4756,4176,3288,3397,4210,3416,3665,5139,6371,4797,4481,3855,4275,5251,1390,838,5706,3056,5219,3390,7357,7947,5508,8897,9285,7027,11920,15226,13585,19135,20591,19215,22663,34632,28935,20513,21693,24846,23646,24417,30514,24638
 "40029","Coal, OK",6,CAINC4,71,"..."," Farm proprietors' income ","Thousands of dollars",161,1562,1620,1494,2720,1871,913,567,854,-964,-538,-832,1812,732,-374,-1058,-715,-1982,-1773,116,1485,-239,-463,-1067,-876,-295,-4339,-5602,-462,-2440,748,-1046,-592,-473,-3194,-30,620,-2411,2355,3638,359,3762,3002,740,1800,11007,10474,6000,8641,8564,7513,7283,11364,5228
 "40029","Coal, OK",6,CAINC4,72,"..."," Nonfarm proprietors' income ","Thousands of dollars",1444,1610,1808,2066,1874,2032,2196,2358,2456,2692,2875,2792,2944,3444,3662,4455,4925,5398,5438,5023,4886,5036,4944,4922,5151,5546,5729,6440,6168,5496,4471,4436,7949,8420,8702,8927,8665,9438,9565,11588,13226,15373,17589,18475,20863,23625,18461,14513,13052,16282,16133,17134,19150,19410
 "40029","Coal, OK",6,CAINC4,7010,"...","Total employment ","Number of jobs",1934,1907,1919,2039,1981,1975,1986,1984,2012,2000,1971,2047,2055,2106,2233,2243,2255,2299,2379,2381,2291,2266,2285,2285,2450,2482,2648,2695,2756,2704,2640,2585,2570,2438,2234,2169,2229,2310,2395,2411,2391,2404,2440,2539,2558,2597,2572,2603,2565,2644,2768,2598,2607,2737
 "40029","Coal, OK",6,CAINC4,7020,"..."," Wage and salary employment ","Number of jobs",1163,1141,1105,1179,1186,1207,1199,1151,1159,1142,1109,1173,1148,1151,1244,1237,1240,1291,1320,1334,1285,1241,1239,1255,1344,1359,1492,1508,1562,1493,1464,1403,1431,1375,1159,1087,1117,1205,1247,1256,1268,1290,1337,1326,1282,1331,1303,1300,1282,1337,1509,1296,1279,1365
 "40029","Coal, OK",6,CAINC4,7040,"..."," Proprietors employment ","Number of jobs",771,766,814,860,795,768,787,833,853,858,862,874,907,955,989,1006,1015,1008,1059,1047,1006,1025,1046,1030,1106,1123,1156,1187,1194,1211,1176,1182,1139,1063,1075,1082,1112,1105,1148,1155,1123,1114,1103,1213,1276,1266,1269,1303,1283,1307,1259,1302,1328,1372
 "40031","Comanche, OK",6,CAINC4,10,"...","Personal income (thousands of dollars) ","Thousands of dollars",413993,453010,454951,462543,514257,570031,610023,707226,756042,837024,918063,1010870,1162087,1319738,1390378,1477619,1572885,1628654,1686798,1697539,1734542,1797703,1859218,2105557,2093413,2119022,2192091,2241553,2268958,2374348,2436482,2551726,2754300,2906641,3087351,3178062,3321828,3640992,3828783,4078960,4204441,4553802,4688158,4647613,4650786,4725012,4820961,4772328,4883679,4963335,5135097,5519000,5911172,5869778
 "40031","Comanche, OK",6,CAINC4,11,"..."," Nonfarm personal income 1/","Thousands of dollars",410239,449611,452822,458890,505262,564351,605394,704271,755850,836475,912224,1009578,1156705,1314790,1384840,1476829,1569595,1620936,1684405,1690600,1726839,1788698,1853651,2095344,2084505,2113449,2192100,2240252,2266432,2372371,2429969,2544876,2751220,2895362,3080422,3166052,3309969,3639799,3824815,4081718,4216895,4564649,4689818,4644793,4645674,4699015,4807868,4763626,4874513,4957396,5129151,5515156,5907109,5873626
 "40031","Comanche, OK",6,CAINC4,12,"..."," Farm income 2/","Thousands of dollars",3754,3399,2129,3653,8995,5680,4629,2955,192,549,5839,1292,5382,4948,5538,790,3290,7718,2393,6939,7703,9005,5567,10213,8908,5573,-9,1301,2526,1977,6513,6850,3080,11279,6929,12010,11859,1193,3968,-2758,-12454,-10847,-1660,2820,5112,25997,13093,8702,9166,5939,5946,3844,4063,-3848
 "40031","Comanche, OK",6,CAINC4,20,"...","Population (persons) 3/","Number of persons",112963,108012,107876,100399,102712,104194,105847,114272,115535,117402,115023,112921,114573,119414,121858,120749,120211,118976,118365,116417,112313,111473,111454,120903,118945,118733,116713,116635,115912,115577,116064,115082,113551,113551,111098,116000,115085,116653,119534,118001,119952,125406,126135,126460,124686,124667,123734,121598,122040,121045,121262,121125,122438,123046
 "40031","Comanche, OK",6,CAINC4,30,"...","Per capita personal income (dollars) 4/","Dollars",3665,4194,4217,4607,5007,5471,5763,6189,6544,7130,7982,8952,10143,11052,11410,12237,13084,13689,14251,14582,15444,16127,16681,17415,17600,17847,18782,19219,19575,20543,20993,22173,24256,25598,27789,27397,28864,31212,32031,34567,35051,36312,37168,36752,37300,37901,38962,39247,40017,41004,42347,45564,48279,47704
 "40031","Comanche, OK",6,CAINC4,35,"...","Earnings by place of work ","Thousands of dollars",351035,367542,368466,374518,414341,454108,479910,558329,593663,659442,716260,774392,889057,1015302,1054689,1123729,1200010,1252357,1305725,1312514,1322926,1369699,1417300,1625906,1593329,1599830,1616077,1634288,1671664,1734712,1765808,1839267,2004809,2128428,2290211,2400651,2503205,2775713,2858961,3021905,3140686,3432558,3434821,3360161,3378400,3395928,3470238,3419576,3458799,3506445,3612023,3731893,3911468,3987590
 "40031","Comanche, OK",6,CAINC4,36,"...","Less: Contributions for government social insurance 5/","Thousands of dollars",18737,21023,22613,23118,27223,31718,35808,43354,45898,51568,57650,63042,75517,85249,91294,99754,108542,115518,122295,131239,134932,144813,153856,178497,178986,179581,181041,181807,185036,191204,195384,202010,217058,230673,246888,262788,269785,298780,309522,326293,348501,376816,346483,341182,381819,380805,389133,377891,389284,400034,411414,429742,445769,462175
 "40031","Comanche, OK",6,CAINC4,37,"..."," Employee and self-employed contributions for government social insurance ","Thousands of dollars",8261,8726,8977,9323,11919,13920,14815,17288,19165,22597,25445,28031,34262,39822,41793,45321,50453,53601,56540,60719,63174,67251,71366,79698,80134,83337,84804,85932,88720,92395,95373,98063,106165,111953,116767,121038,124088,133754,140266,148445,157189,168238,130655,128156,166866,169233,175795,179630,184824,190669,196749,206124,213949,225158
 "40031","Comanche, OK",6,CAINC4,38,"..."," Employer contributions for government social insurance ","Thousands of dollars",10476,12297,13636,13795,15304,17798,20993,26066,26733,28971,32205,35011,41255,45427,49501,54433,58089,61917,65755,70520,71758,77562,82490,98799,98852,96244,96237,95875,96316,98809,100011,103947,110893,118720,130121,141750,145697,165026,169256,177848,191312,208578,215828,213026,214953,211572,213338,198261,204460,209365,214665,223618,231820,237017
 "40031","Comanche, OK",6,CAINC4,42,"...","Plus: Adjustment for residence 6/","Thousands of dollars",-10081,-11071,-11854,-12680,-13963,-15279,-15718,-16415,-17031,-22206,-19386,-17060,-16639,-22412,-22519,-25763,-29619,-32689,-37102,-35746,-36564,-37880,-40418,-50138,-47979,-47882,-49458,-48682,-47680,-51082,-52346,-53097,-64421,-77500,-96107,-109337,-121471,-149100,-152677,-170826,-179168,-197501,-182591,-164383,-154505,-142785,-139974,-164370,-156156,-155914,-152544,-159286,-158237,-146172
 "40031","Comanche, OK",6,CAINC4,45,"...","Equals: Net earnings by place of residence ","Thousands of dollars",322217,335448,333999,338720,373155,407111,428384,498560,530734,585668,639224,694290,796901,907641,940876,998212,1061849,1104150,1146328,1145529,1151430,1187006,1223026,1397271,1366364,1372367,1385578,1403799,1438948,1492426,1518078,1584160,1723330,1820255,1947216,2028526,2111949,2327833,2396762,2524786,2613017,2858241,2905747,2854596,2842076,2872338,2941131,2877315,2913359,2950497,3048065,3142865,3307462,3379243
 "40031","Comanche, OK",6,CAINC4,46,"...","Plus: Dividends, interest, and rent 7/","Thousands of dollars",72510,95276,94908,94692,107189,121889,130959,152174,165637,187927,204897,230167,267730,303381,331782,355640,378991,386564,393533,392103,409128,417955,422971,466330,475061,479068,513275,529642,513475,558289,570387,598250,615560,644306,655864,645247,658466,715939,786059,826079,807574,846407,903918,888510,881559,891021,874688,854177,886459,885541,860474,864966,887882,908793
 "40031","Comanche, OK",6,CAINC4,47,"...","Plus: Personal current transfer receipts ","Thousands of dollars",19266,22286,26044,29131,33913,41031,50680,56492,59671,63429,73942,86413,97456,108716,117720,123767,132045,137940,146937,159907,173984,192742,213221,241956,251988,267587,293238,308112,316535,323633,348017,369316,415410,442080,484271,504289,551413,597220,645962,728095,783850,849154,878493,904507,927151,961653,1005142,1040836,1083861,1127297,1226558,1511169,1715828,1581742
 "40031","Comanche, OK",6,CAINC4,50,"...","Wages and salaries ","Thousands of dollars",257427,268138,266631,270179,296573,326362,342527,398038,423686,479661,515786,562839,646836,745968,765649,813709,865425,892761,940932,943786,950784,990806,1031181,1178520,1158363,1164121,1192544,1209205,1234981,1290267,1324547,1373940,1446436,1511808,1611285,1692250,1756808,1964516,2040292,2164919,2241729,2395134,2387872,2339854,2358014,2360257,2421269,2415799,2479029,2543840,2606093,2652962,2745470,2840295
 "40031","Comanche, OK",6,CAINC4,60,"...","Supplements to wages and salaries ","Thousands of dollars",68196,73478,76031,74687,81377,91172,98161,117960,124065,130562,141700,155590,181919,207548,218160,232474,248867,261012,269405,274559,276686,279984,293218,344609,324022,320014,319594,315405,313769,327284,333329,354131,375398,411781,478607,509764,544174,603054,621901,644955,683303,784923,792917,763190,771698,765089,776749,757937,772847,803200,829311,858344,896856,911829
 "40031","Comanche, OK",6,CAINC4,61,"..."," Employer contributions for employee pension and insurance funds 8/","Thousands of dollars",57720,61181,62395,60892,66073,73374,77168,91894,97332,101591,109495,120579,140664,162121,168659,178041,190778,199095,203650,204039,204928,202422,210728,245810,225170,223770,223357,219530,217453,228475,233318,250184,264505,293061,348486,368014,398477,438028,452645,467107,491991,576345,577089,550164,556745,553517,563411,559676,568387,593835,614646,634726,665036,674812
 "40031","Comanche, OK",6,CAINC4,62,"..."," Employer contributions for government social insurance ","Thousands of dollars",10476,12297,13636,13795,15304,17798,20993,26066,26733,28971,32205,35011,41255,45427,49501,54433,58089,61917,65755,70520,71758,77562,82490,98799,98852,96244,96237,95875,96316,98809,100011,103947,110893,118720,130121,141750,145697,165026,169256,177848,191312,208578,215828,213026,214953,211572,213338,198261,204460,209365,214665,223618,231820,237017
 "40031","Comanche, OK",6,CAINC4,70,"...","Proprietors' income 9/","Thousands of dollars",25412,25926,25804,29652,36391,36574,39222,42331,45912,49219,58774,55963,60302,61786,70880,77546,85718,98584,95388,94169,95456,98909,92901,102777,110944,115695,103939,109678,122914,117161,107932,111196,182975,204839,200319,198637,202223,208143,196768,212031,215654,252501,254032,257117,248688,270582,272220,245840,206923,159405,176619,220587,269142,235466
 "40031","Comanche, OK",6,CAINC4,71,"..."," Farm proprietors' income ","Thousands of dollars",3204,2816,1610,3103,8419,5022,3922,2082,-946,-346,4865,286,4395,3839,4550,-128,2456,7019,1773,6101,6663,7654,4124,8770,7269,3999,-1901,-637,422,0,4400,4904,976,9845,5319,9818,9821,-710,1344,-5624,-14640,-12963,-3945,-16,2745,23446,11536,6959,7353,4376,3936,1778,2192,-6013
 "40031","Comanche, OK",6,CAINC4,72,"..."," Nonfarm proprietors' income ","Thousands of dollars",22208,23110,24194,26549,27972,31552,35300,40249,46858,49565,53909,55677,55907,57947,66330,77674,83262,91565,93615,88068,88793,91255,88777,94007,103675,111696,105840,110315,122492,117161,103532,106292,181999,194994,195000,188819,192402,208853,195424,217655,230294,265464,257977,257133,245943,247136,260684,238881,199570,155029,172683,218809,266950,241479
 "40031","Comanche, OK",6,CAINC4,7010,"...","Total employment ","Number of jobs",56862,54140,50384,47400,48900,50062,50170,54094,54656,55478,56038,57195,57322,60920,60239,61507,62669,61795,62986,61734,60464,60030,58401,62851,62008,60735,61536,62278,62107,61586,61813,62172,62055,62290,62437,63443,61781,64405,65584,66277,66593,68698,67013,65663,66206,65913,66240,65735,66171,66093,66898,65766,65966,66349
 "40031","Comanche, OK",6,CAINC4,7020,"..."," Wage and salary employment ","Number of jobs",51769,48937,44772,41488,42927,43981,43949,48036,48348,49005,49336,50215,50257,53422,52475,53604,54774,54196,54881,53641,52740,52321,50748,55009,54048,52905,53183,53696,53438,53304,53550,53623,53688,54036,54051,54909,53192,55768,56502,57271,57527,59650,58024,56606,57004,56595,57073,56485,56628,56625,57481,55668,55220,54907
 "40031","Comanche, OK",6,CAINC4,7040,"..."," Proprietors employment ","Number of jobs",5093,5203,5612,5912,5973,6081,6221,6058,6308,6473,6702,6980,7065,7498,7764,7903,7895,7599,8105,8093,7724,7709,7653,7842,7960,7830,8353,8582,8669,8282,8263,8549,8367,8254,8386,8534,8589,8637,9082,9006,9066,9048,8989,9057,9202,9318,9167,9250,9543,9468,9417,10098,10746,11442
 "40033","Cotton, OK",6,CAINC4,10,"...","Personal income (thousands of dollars) ","Thousands of dollars",19827,21217,22926,25924,33004,31782,34160,39641,37034,40944,55981,53061,64624,68763,71847,76465,85510,93809,87667,96418,93867,102997,94398,99763,103432,104870,106534,116835,123410,125920,130301,136676,140796,146293,160454,178152,191148,195509,195667,229891,208996,223286,232750,241156,240124,244580,229346,227401,232693,234806,249989,268176,278493,263181
 "40033","Cotton, OK",6,CAINC4,11,"..."," Nonfarm personal income 1/","Thousands of dollars",16336,18084,19825,21734,23407,26246,29672,32604,36213,39986,43059,48730,56180,64163,68986,72886,76227,76884,77855,81280,84475,84910,86959,90140,93200,98833,104579,108656,113853,116658,119760,124412,133436,139128,147832,158729,167517,182931,196446,206192,208834,218164,220703,218426,220126,219355,217751,221168,228458,232911,245315,258137,274757,269800
 "40033","Cotton, OK",6,CAINC4,12,"..."," Farm income 2/","Thousands of dollars",3491,3133,3101,4190,9597,5536,4488,7037,821,958,12922,4331,8444,4600,2861,3579,9283,16925,9812,15138,9392,18087,7439,9623,10232,6037,1955,8179,9557,9262,10541,12264,7360,7165,12622,19423,23631,12578,-779,23699,162,5122,12047,22730,19998,25225,11595,6233,4235,1895,4674,10039,3736,-6619
 "40033","Cotton, OK",6,CAINC4,20,"...","Population (persons) 3/","Number of persons",6754,6823,6841,6707,6622,6614,6744,6885,6927,7011,7177,7313,7204,7004,7226,7297,7050,6921,6936,6872,6731,6639,6442,6510,6540,6590,6699,6722,6585,6499,6478,6613,6404,6338,6386,6341,6390,6327,6280,6165,6179,6163,6162,6127,6119,6075,5937,5840,5769,5689,5531,5535,5467,5477
 "40033","Cotton, OK",6,CAINC4,30,"...","Per capita personal income (dollars) 4/","Dollars",2936,3110,3351,3865,4984,4805,5065,5758,5346,5840,7800,7256,8971,9818,9943,10479,12129,13554,12639,14031,13945,15514,14654,15325,15815,15914,15903,17381,18741,19375,20114,20668,21986,23082,25126,28095,29914,30901,31157,37290,33824,36230,37772,39360,39242,40260,38630,38939,40335,41274,45198,48451,50941,48052
 "40033","Cotton, OK",6,CAINC4,35,"...","Earnings by place of work ","Thousands of dollars",12710,13195,13708,15872,21690,18687,19165,23226,19179,20738,32590,25107,30531,30169,29015,29999,36733,45169,38240,44469,38075,43899,32775,35998,37916,35649,32533,39896,43347,42868,45930,45741,45417,47422,57678,70764,82483,76527,75705,105354,80157,85237,87401,93290,94292,101930,99572,83201,87978,92526,106804,101223,108621,111802
 "40033","Cotton, OK",6,CAINC4,36,"...","Less: Contributions for government social insurance 5/","Thousands of dollars",621,669,729,818,1015,1132,1234,1366,1562,1740,1797,1931,2181,2588,2572,2673,2879,3020,3136,3445,3563,3181,3250,3351,3551,3833,4071,4051,4155,4087,4319,4065,4312,4548,4980,5756,6540,7234,8958,9356,9278,9040,7748,7492,8622,8790,10342,9170,10131,10860,12132,11032,12735,14983
 "40033","Cotton, OK",6,CAINC4,37,"..."," Employee and self-employed contributions for government social insurance ","Thousands of dollars",364,397,428,475,580,646,698,743,846,937,977,1055,1196,1434,1415,1470,1604,1681,1744,1971,2073,1840,1888,1955,2059,2203,2340,2331,2424,2422,2590,2435,2632,2761,2950,3294,3737,4122,5019,5224,5300,5216,4147,3958,4907,5053,5787,5469,6037,6561,7229,6664,7490,8701
 "40033","Cotton, OK",6,CAINC4,38,"..."," Employer contributions for government social insurance ","Thousands of dollars",257,272,301,343,435,486,536,623,716,803,820,876,985,1154,1157,1203,1275,1339,1392,1474,1490,1341,1362,1396,1492,1630,1731,1720,1731,1665,1729,1630,1680,1787,2030,2462,2803,3112,3939,4132,3978,3824,3601,3534,3715,3737,4555,3701,4094,4299,4903,4368,5245,6282
 "40033","Cotton, OK",6,CAINC4,42,"...","Plus: Adjustment for residence 6/","Thousands of dollars",2744,2986,3419,3836,4288,4890,5191,5642,5843,6784,7524,8210,10547,11709,12328,14272,15762,16501,17961,19721,21596,23732,25353,27877,29491,30969,32866,34733,36928,39349,41187,44646,46748,49022,52208,52258,53564,61165,53603,56096,58316,67042,69202,71399,69794,62737,52812,65580,61062,60965,56331,64620,61326,50825
 "40033","Cotton, OK",6,CAINC4,45,"...","Equals: Net earnings by place of residence ","Thousands of dollars",14833,15512,16398,18890,24963,22445,23122,27502,23460,25782,38317,31386,38897,39290,38771,41598,49616,58650,53065,60745,56108,64450,54878,60524,63856,62785,61328,70578,76120,78130,82798,86322,87853,91896,104906,117266,129507,130458,120350,152094,129195,143239,148855,157197,155464,155877,142042,139611,138909,142631,151003,154811,157212,147644
 "40033","Cotton, OK",6,CAINC4,46,"...","Plus: Dividends, interest, and rent 7/","Thousands of dollars",2364,2759,3184,3455,4185,4773,5583,6086,7023,8215,9631,12466,15343,17833,19893,20724,21019,19534,18507,19076,20834,20626,20206,19199,19143,19458,21545,21694,23422,24436,22774,25211,26833,24258,23278,26386,25936,27218,32961,32887,32423,31145,34521,34227,33746,35511,34716,33587,35852,33412,36046,35727,33590,34670
 "40033","Cotton, OK",6,CAINC4,47,"...","Plus: Personal current transfer receipts ","Thousands of dollars",2630,2946,3344,3579,3856,4564,5455,6053,6551,6947,8033,9209,10384,11640,13183,14143,14875,15625,16095,16597,16925,17921,19314,20040,20433,22627,23661,24563,23868,23354,24729,25143,26110,30139,32270,34500,35705,37833,42356,44910,47378,48902,49374,49732,50914,53192,52588,54203,57932,58763,62940,77638,87691,80867
 "40033","Cotton, OK",6,CAINC4,50,"...","Wages and salaries ","Thousands of dollars",6329,6705,6901,7370,7934,8612,9508,10680,12483,13287,13059,14126,15101,18108,17908,17795,18820,19323,19887,20260,20314,18320,18449,18716,19328,20526,21316,21701,22084,21732,22996,22296,22981,23617,26574,31828,37618,41511,52547,55931,53905,51897,48800,47753,49297,50473,60470,53047,58771,62351,71367,60756,72760,84776
 "40033","Cotton, OK",6,CAINC4,60,"...","Supplements to wages and salaries ","Thousands of dollars",671,733,800,919,1014,1131,1354,1556,1845,2047,2029,2220,2468,3028,3142,3218,3498,3747,3920,4052,4323,4107,4341,4801,5085,5474,5585,5675,5788,5818,6388,6173,6678,7196,8394,10487,12198,13565,16584,17042,15754,16652,15286,13691,15402,16423,18709,16253,17545,18651,20138,17771,18592,20322
 "40033","Cotton, OK",6,CAINC4,61,"..."," Employer contributions for employee pension and insurance funds 8/","Thousands of dollars",414,461,499,576,579,645,818,933,1129,1244,1209,1344,1483,1874,1985,2015,2223,2408,2528,2578,2833,2766,2979,3405,3593,3844,3854,3955,4057,4153,4659,4543,4998,5409,6364,8025,9395,10453,12645,12910,11776,12828,11685,10157,11687,12686,14154,12552,13451,14352,15235,13403,13347,14040
 "40033","Cotton, OK",6,CAINC4,62,"..."," Employer contributions for government social insurance ","Thousands of dollars",257,272,301,343,435,486,536,623,716,803,820,876,985,1154,1157,1203,1275,1339,1392,1474,1490,1341,1362,1396,1492,1630,1731,1720,1731,1665,1729,1630,1680,1787,2030,2462,2803,3112,3939,4132,3978,3824,3601,3534,3715,3737,4555,3701,4094,4299,4903,4368,5245,6282
 "40033","Cotton, OK",6,CAINC4,70,"...","Proprietors' income 9/","Thousands of dollars",5710,5757,6007,7583,12742,8944,8303,10990,4851,5404,17502,8761,12962,9033,7965,8986,14415,22099,14433,20157,13438,21472,9985,12481,13503,9649,5632,12520,15475,15318,16546,17272,15758,16609,22710,28449,32667,21451,6574,32381,10498,16688,23315,31846,29593,35034,20393,13901,11662,11524,15299,22696,17269,6704
 "40033","Cotton, OK",6,CAINC4,71,"..."," Farm proprietors' income ","Thousands of dollars",3136,2737,2732,3779,9169,5022,3943,6362,-69,300,12111,3402,7460,3400,1737,2473,8207,15952,8865,14081,8269,16795,6201,8493,9045,4976,771,7046,8412,8156,9328,11106,6059,6248,11556,17896,22150,11124,-2876,21482,-1479,3577,10424,20762,18357,23458,10516,5028,2981,812,3284,8610,2446,-8112
 "40033","Cotton, OK",6,CAINC4,72,"..."," Nonfarm proprietors' income ","Thousands of dollars",2574,3020,3275,3804,3573,3922,4360,4628,4920,5104,5391,5359,5502,5633,6228,6513,6208,6147,5568,6076,5169,4677,3784,3988,4458,4673,4861,5474,7063,7162,7218,6166,9699,10361,11154,10553,10517,10327,9450,10899,11977,13111,12891,11084,11236,11576,9877,8873,8681,10712,12015,14086,14823,14816
 "40033","Cotton, OK",6,CAINC4,7010,"...","Total employment ","Number of jobs",3044,3095,2984,3075,3021,3008,2938,2869,2975,2938,2745,2748,2837,2918,2895,2832,2756,2635,2731,2704,2669,2499,2508,2519,2537,2618,2599,2586,2633,2585,2604,2577,2433,2343,2484,2603,2680,2734,3173,3113,2962,2830,2601,2639,2662,2698,2735,2695,2757,2676,2768,2760,2786,2952
 "40033","Cotton, OK",6,CAINC4,7020,"..."," Wage and salary employment ","Number of jobs",1594,1584,1556,1593,1576,1578,1583,1592,1716,1699,1521,1520,1549,1664,1620,1565,1512,1471,1532,1525,1515,1315,1280,1275,1288,1335,1322,1347,1378,1325,1324,1298,1273,1255,1380,1534,1633,1677,2032,1996,1850,1727,1561,1543,1583,1619,1673,1633,1732,1743,1855,1753,1765,1895
 "40033","Cotton, OK",6,CAINC4,7040,"..."," Proprietors employment ","Number of jobs",1450,1511,1428,1482,1445,1430,1355,1277,1259,1239,1224,1228,1288,1254,1275,1267,1244,1164,1199,1179,1154,1184,1228,1244,1249,1283,1277,1239,1255,1260,1280,1279,1160,1088,1104,1069,1047,1057,1141,1117,1112,1103,1040,1096,1079,1079,1062,1062,1025,933,913,1007,1021,1057
 "40035","Craig, OK",6,CAINC4,10,"...","Personal income (thousands of dollars) ","Thousands of dollars",40009,46115,50188,53319,62871,66513,70877,76882,87870,97087,105749,117541,132659,152329,158931,170549,178332,175141,169009,173164,177869,179024,189031,202342,202875,213102,220878,237122,255382,264246,276454,294719,310268,328848,331818,342935,348637,374409,404993,417898,420782,428024,450871,471704,468000,516438,525464,503738,515876,532817,557488,580989,615273,616433
 "40035","Craig, OK",6,CAINC4,11,"..."," Nonfarm personal income 1/","Thousands of dollars",36545,41013,44821,45601,53800,62702,68205,73499,86307,95578,106131,116448,131225,145835,157447,169014,171240,167250,162790,169116,172918,177285,184855,196057,198277,208761,221784,239198,251718,263615,273610,289445,312256,319192,329969,333524,342671,372389,398645,421692,431159,430152,445189,455472,456444,478057,493989,488825,496922,515146,538779,562053,597054,603333
 "40035","Craig, OK",6,CAINC4,12,"..."," Farm income 2/","Thousands of dollars",3464,5102,5367,7718,9071,3811,2672,3383,1563,1509,-382,1093,1434,6494,1484,1535,7092,7891,6219,4048,4951,1739,4176,6285,4598,4341,-906,-2076,3664,631,2844,5274,-1988,9656,1849,9411,5966,2020,6348,-3794,-10377,-2128,5682,16232,11556,38381,31475,14913,18954,17671,18709,18936,18219,13100
 "40035","Craig, OK",6,CAINC4,20,"...","Population (persons) 3/","Number of persons",14595,14752,14895,15145,14826,14855,14698,14624,15006,15248,15237,14988,14858,15076,15164,14968,15040,14997,14835,14618,14298,14069,14087,14202,14232,14385,14462,14674,14814,14870,14899,14928,14768,14712,14736,14739,14896,14881,14978,14910,14914,15057,14979,14754,14683,14617,14684,14440,14297,14236,14068,14136,14176,14123
 "40035","Craig, OK",6,CAINC4,30,"...","Per capita personal income (dollars) 4/","Dollars",2741,3126,3369,3521,4241,4477,4822,5257,5856,6367,6940,7842,8928,10104,10481,11394,11857,11678,11393,11846,12440,12725,13419,14247,14255,14814,15273,16159,17239,17770,18555,19743,21009,22352,22518,23267,23405,25160,27039,28028,28214,28427,30100,31971,31874,35331,35785,34885,36083,37427,39628,41100,43402,43647
 "40035","Craig, OK",6,CAINC4,35,"...","Earnings by place of work ","Thousands of dollars",27450,32452,35111,37236,45599,46132,47437,53615,63448,72312,79502,88363,97466,108425,112431,123546,123561,119316,114268,120181,123011,126665,137309,149652,150473,159376,160658,172398,186744,193928,200753,213613,220629,234674,232709,240561,251783,271370,280748,278186,272950,274842,278729,296863,288148,323876,328729,311180,309708,316081,329071,325591,339473,346175
 "40035","Craig, OK",6,CAINC4,36,"...","Less: Contributions for government social insurance 5/","Thousands of dollars",1651,1887,2070,2200,3139,3656,3818,4408,5170,6132,7143,8263,9755,10342,10755,12173,12001,12024,11835,13685,14324,15221,16288,17336,17833,19247,20299,21218,22366,23148,23575,24090,25539,25927,26794,27653,29367,31181,32549,33442,33836,32958,29794,31426,33742,34278,34915,34781,35108,36823,38344,38513,40151,42618
 "40035","Craig, OK",6,CAINC4,37,"..."," Employee and self-employed contributions for government social insurance ","Thousands of dollars",963,1086,1210,1261,1758,2065,2161,2386,2833,3291,3853,4269,5031,5400,5638,6284,6358,6240,6192,7216,7600,7885,8512,9032,9183,9890,10436,11036,11652,12231,12653,13102,13771,13933,14111,14238,15334,16334,17214,17668,18287,17745,14145,14423,17509,18206,19032,19780,20060,21300,22130,22221,22983,24703
 "40035","Craig, OK",6,CAINC4,38,"..."," Employer contributions for government social insurance ","Thousands of dollars",688,801,860,939,1381,1591,1657,2022,2337,2841,3290,3994,4724,4942,5117,5889,5643,5784,5643,6469,6724,7336,7776,8304,8650,9357,9863,10182,10714,10917,10922,10988,11768,11994,12683,13415,14033,14847,15335,15774,15549,15213,15649,17003,16233,16072,15883,15001,15048,15523,16214,16292,17168,17915
 "40035","Craig, OK",6,CAINC4,42,"...","Plus: Adjustment for residence 6/","Thousands of dollars",2436,2117,1910,2017,1042,1021,483,-1530,-2880,-4958,-6224,-10331,-10843,-10843,-12394,-15096,-12615,-12290,-10929,-12705,-13980,-16084,-16714,-18361,-16992,-18491,-18615,-20101,-22083,-22360,-22586,-20689,-20430,-20273,-22107,-22739,-24133,-26585,-25815,-27287,-28459,-25332,-20581,-19627,-13908,-13538,-13586,-15468,-13175,-12605,-14453,-11221,-9370,-6758
 "40035","Craig, OK",6,CAINC4,45,"...","Equals: Net earnings by place of residence ","Thousands of dollars",28235,32682,34951,37053,43502,43497,44102,47677,55398,61222,66135,69769,76868,87240,89282,96277,98945,95002,91504,93791,94707,95360,104307,113955,115648,121638,121744,131079,142295,148420,154592,168834,174660,188474,183808,190169,198283,213604,222384,217457,210655,216552,228354,245810,240498,276060,280228,260931,261425,266653,276274,275857,289952,296799
 "40035","Craig, OK",6,CAINC4,46,"...","Plus: Dividends, interest, and rent 7/","Thousands of dollars",5953,6801,7628,8180,10149,12116,13873,14932,16909,19440,20688,26151,31206,36593,39423,43361,45925,44735,41596,41913,45513,43487,42618,40972,38628,40371,41707,43945,48218,48907,52621,55296,57127,54720,55722,55878,52356,53315,67945,75206,75732,70074,80229,82532,83054,82028,84379,80402,82690,87721,93816,86144,83316,84334
 "40035","Craig, OK",6,CAINC4,47,"...","Plus: Personal current transfer receipts ","Thousands of dollars",5821,6632,7609,8086,9220,10900,12902,14273,15563,16425,18926,21621,24585,28496,30226,30911,33462,35404,35909,37460,37649,40177,42106,47415,48599,51093,57427,62098,64869,66919,69241,70589,78481,85654,92288,96888,97998,107490,114664,125235,134395,141398,142288,143362,144448,158350,160857,162405,171761,178443,187398,218988,242005,235300
 "40035","Craig, OK",6,CAINC4,50,"...","Wages and salaries ","Thousands of dollars",17490,20427,20594,21002,26567,29144,30279,36217,42094,48286,54749,64427,71517,74836,78616,86548,83441,82664,80102,85951,89469,95279,99574,105513,105782,113619,119125,127110,138779,146660,151026,152466,153305,151308,157471,162147,172266,188269,194604,205360,207861,197650,193116,202957,195465,201309,206412,207293,206192,215300,225745,215959,225495,236810
 "40035","Craig, OK",6,CAINC4,60,"...","Supplements to wages and salaries ","Thousands of dollars",2051,2418,2646,2854,3751,4262,4706,5750,6961,8567,9865,12264,14084,14977,16049,17005,16378,17487,17204,18676,20028,21969,23758,27536,28645,30133,30629,32222,33812,34738,36279,38087,40338,41512,43358,46950,49841,52403,53563,54647,54852,57675,55563,54454,56388,58301,59258,58731,57142,59779,61428,60444,59726,59350
 "40035","Craig, OK",6,CAINC4,61,"..."," Employer contributions for employee pension and insurance funds 8/","Thousands of dollars",1363,1617,1786,1915,2370,2671,3049,3728,4624,5726,6575,8270,9360,10035,10932,11116,10735,11703,11561,12207,13304,14633,15982,19232,19995,20776,20766,22040,23098,23821,25357,27099,28570,29518,30675,33535,35808,37556,38228,38873,39303,42462,39914,37451,40155,42229,43375,43730,42094,44256,45214,44152,42558,41435
 "40035","Craig, OK",6,CAINC4,62,"..."," Employer contributions for government social insurance ","Thousands of dollars",688,801,860,939,1381,1591,1657,2022,2337,2841,3290,3994,4724,4942,5117,5889,5643,5784,5643,6469,6724,7336,7776,8304,8650,9357,9863,10182,10714,10917,10922,10988,11768,11994,12683,13415,14033,14847,15335,15774,15549,15213,15649,17003,16233,16072,15883,15001,15048,15523,16214,16292,17168,17915
 "40035","Craig, OK",6,CAINC4,70,"...","Proprietors' income 9/","Thousands of dollars",7909,9607,11871,13380,15281,12726,12452,11648,14393,15459,14888,11672,11865,18612,17766,19993,23742,19165,16962,15554,13514,9417,13977,16603,16046,15624,10904,13066,14153,12530,13448,23060,26986,41854,31880,31464,29676,30698,32581,18179,10237,19517,30050,39452,36295,64266,63059,45156,46374,41002,41898,49188,54252,50015
 "40035","Craig, OK",6,CAINC4,71,"..."," Farm proprietors' income ","Thousands of dollars",2986,4570,4873,7171,8492,3115,1903,2406,252,482,-1417,98,530,5545,508,483,5963,6766,5014,2751,3619,242,2765,5008,3158,2969,-2537,-3744,1870,-1104,949,3456,-4031,8212,202,7078,3735,-145,3259,-7486,-13400,-5267,2120,11518,7623,34167,28873,12056,15977,15052,15362,15476,15114,9513
 "40035","Craig, OK",6,CAINC4,72,"..."," Nonfarm proprietors' income ","Thousands of dollars",4923,5037,6998,6209,6789,9611,10549,9242,14141,14977,16305,11574,11335,13067,17258,19510,17779,12399,11948,12803,9895,9175,11212,11595,12888,12655,13441,16810,12283,13634,12499,19604,31017,33642,31678,24386,25941,30843,29322,25665,23637,24784,27930,27934,28672,30099,34186,33100,30397,25950,26536,33712,39138,40502
 "40035","Craig, OK",6,CAINC4,7010,"...","Total employment ","Number of jobs",6280,6415,6233,6271,6634,6632,6499,6647,6933,7111,7274,7549,7625,7483,7662,7733,7431,7082,7090,7288,7392,7667,7813,8095,8148,8305,8574,8759,9373,9258,9173,9204,8790,8666,8618,8729,9090,9215,9321,9547,9283,8919,8683,8601,8464,8442,8426,8353,8199,8128,8135,7845,7761,8051
 "40035","Craig, OK",6,CAINC4,7020,"..."," Wage and salary employment ","Number of jobs",4123,4321,4102,4133,4577,4626,4487,4614,4849,5011,5203,5491,5521,5342,5393,5524,5307,5066,5053,5285,5386,5599,5677,5890,5809,5916,6092,6250,6688,6652,6540,6516,6293,6143,6038,6140,6405,6602,6640,6906,6642,6333,6079,6084,5857,5822,5865,5837,5688,5786,5740,5421,5309,5524
 "40035","Craig, OK",6,CAINC4,7040,"..."," Proprietors employment ","Number of jobs",2157,2094,2131,2138,2057,2006,2012,2033,2084,2100,2071,2058,2104,2141,2269,2209,2124,2016,2037,2003,2006,2068,2136,2205,2339,2389,2482,2509,2685,2606,2633,2688,2497,2523,2580,2589,2685,2613,2681,2641,2641,2586,2604,2517,2607,2620,2561,2516,2511,2342,2395,2424,2452,2527
 "40037","Creek, OK",6,CAINC4,10,"...","Personal income (thousands of dollars) ","Thousands of dollars",130611,137673,149067,162609,187788,218286,250517,283021,316679,362495,422577,507353,594685,642164,649598,706366,745250,742335,728260,749302,798621,843364,874204,928790,954671,1000893,1041185,1100525,1196982,1284708,1317798,1404011,1520562,1572971,1610056,1664370,1780282,1950566,2123286,2350436,2302195,2355389,2498636,2543212,2599253,2703405,2727692,2737687,2786534,2890674,3043650,3240126,3487746,3505800
 "40037","Creek, OK",6,CAINC4,11,"..."," Nonfarm personal income 1/","Thousands of dollars",129159,136726,148074,161949,183709,214757,247403,281885,315323,362089,420143,507134,592599,639814,647967,705827,745617,744527,731041,751114,800021,844048,874201,928424,955180,999926,1042375,1102006,1197343,1286193,1318483,1402077,1519513,1569183,1612157,1662336,1778322,1950056,2123301,2355176,2308891,2359596,2501082,2541247,2609712,2709429,2735339,2753605,2804351,2908857,3063188,3259436,3507205,3538436
 "40037","Creek, OK",6,CAINC4,12,"..."," Farm income 2/","Thousands of dollars",1452,947,993,660,4079,3529,3114,1136,1356,406,2434,219,2086,2350,1631,539,-367,-2192,-2781,-1812,-1400,-684,3,366,-509,967,-1190,-1481,-361,-1485,-685,1934,1049,3788,-2101,2034,1960,510,-15,-4740,-6696,-4207,-2446,1965,-10459,-6024,-7647,-15918,-17817,-18183,-19538,-19310,-19459,-32636
 "40037","Creek, OK",6,CAINC4,20,"...","Population (persons) 3/","Number of persons",45440,45668,46879,47670,48816,50446,51467,53109,55397,57236,58370,59404,60848,63238,64360,67458,67432,66045,64531,62869,61617,60813,61554,62087,62591,63270,64053,64638,65540,66326,67056,67507,67768,68148,68094,67843,67715,67791,68292,68817,69535,70252,70693,70838,70683,70696,70961,71354,72044,71940,71631,71837,72186,72699
 "40037","Creek, OK",6,CAINC4,30,"...","Per capita personal income (dollars) 4/","Dollars",2874,3015,3180,3411,3847,4327,4868,5329,5717,6333,7240,8541,9773,10155,10093,10471,11052,11240,11285,11918,12961,13868,14202,14959,15253,15819,16255,17026,18263,19370,19652,20798,22438,23082,23645,24533,26291,28773,31091,34155,33108,33528,35345,35902,36773,38240,38439,38368,38678,40182,42491,45104,48316,48223
 "40037","Creek, OK",6,CAINC4,35,"...","Earnings by place of work ","Thousands of dollars",63757,67004,73550,81481,95507,108295,124260,142100,155124,176662,198703,233797,275958,285708,280585,314503,334670,333686,339742,359731,374948,391236,409288,454726,476766,486481,533401,561816,591225,626239,624518,662148,709475,728811,736141,773253,819191,868429,914567,1007111,925690,966245,1018354,1070002,1138105,1208351,1180098,1175565,1176851,1266020,1349439,1358024,1395038,1512066
 "40037","Creek, OK",6,CAINC4,36,"...","Less: Contributions for government social insurance 5/","Thousands of dollars",4222,4408,4952,5720,7536,8919,10166,11810,12818,15050,17500,20926,26366,28196,27282,30864,33210,33386,34223,38052,40027,43403,47255,52294,55259,57581,64293,66471,68055,71728,72319,76007,82591,85364,87508,92955,97810,101670,109713,115896,109957,113090,112800,119169,137692,140836,140783,141110,145170,158338,168874,167264,173410,195140
 "40037","Creek, OK",6,CAINC4,37,"..."," Employee and self-employed contributions for government social insurance ","Thousands of dollars",2404,2548,2848,3223,4214,4895,5541,6217,6794,7945,9236,11123,14019,14976,14294,16014,17861,18191,18765,20967,22378,23750,25668,28214,29300,30650,33641,34891,36612,39097,40082,41471,43966,45257,45448,47277,49968,54017,59294,63628,61660,63266,54377,55740,72234,76087,77209,80939,83420,91217,96618,96449,98694,111530
 "40037","Creek, OK",6,CAINC4,38,"..."," Employer contributions for government social insurance ","Thousands of dollars",1818,1860,2104,2497,3322,4024,4625,5593,6024,7105,8264,9803,12347,13220,12988,14850,15349,15195,15458,17085,17649,19653,21587,24080,25959,26931,30652,31580,31443,32631,32237,34536,38625,40107,42060,45678,47842,47653,50419,52268,48297,49824,58423,63429,65458,64749,63574,60171,61750,67121,72256,70815,74716,83610
 "40037","Creek, OK",6,CAINC4,42,"...","Plus: Adjustment for residence 6/","Thousands of dollars",38473,39226,41115,45615,52446,63061,70349,79476,93784,109514,133638,164027,188907,199954,188709,197701,204425,205350,196851,202559,221869,244931,240598,228444,232527,242594,215192,223925,276908,317593,338307,352890,397159,405045,408198,389850,425748,495163,531267,550030,546702,540845,567498,543712,525557,530148,552954,554674,561289,567112,580756,594905,601834,578072
 "40037","Creek, OK",6,CAINC4,45,"...","Equals: Net earnings by place of residence ","Thousands of dollars",98008,101822,109713,121376,140417,162437,184443,209766,236090,271126,314841,376898,438499,457466,442012,481340,505885,505650,502370,524238,556790,592764,602631,630876,654034,671494,684300,719270,800078,872104,890506,939031,1024043,1048492,1056831,1070148,1147129,1261922,1336121,1441245,1362435,1394000,1473052,1494545,1525970,1597663,1592269,1589129,1592970,1674794,1761321,1785665,1823462,1894998
 "40037","Creek, OK",6,CAINC4,46,"...","Plus: Dividends, interest, and rent 7/","Thousands of dollars",15710,16728,17722,17965,21200,25072,28818,31831,36062,43499,52645,67269,83921,100670,114526,131058,144874,139710,132194,126032,137975,134597,139492,146061,137764,151952,163671,174890,184468,192368,193711,219264,224236,228526,239426,252120,263295,277806,335679,404406,406896,389344,446243,452893,469867,468933,490359,481318,505451,509487,526552,522985,600946,632692
 "40037","Creek, OK",6,CAINC4,47,"...","Plus: Personal current transfer receipts ","Thousands of dollars",16893,19123,21632,23268,26171,30777,37256,41424,44527,47870,55091,63186,72265,84028,93060,93968,94491,96975,93696,99032,103856,116003,132081,151853,162873,177447,193214,206365,212436,220236,233581,245716,272283,295953,313799,342102,369858,410838,451486,504785,532864,572045,579341,595774,603416,636809,645064,667240,688113,706393,755777,931476,1063338,978110
 "40037","Creek, OK",6,CAINC4,50,"...","Wages and salaries ","Thousands of dollars",42497,44627,47760,52709,60130,68762,80341,93847,100545,115553,130733,160897,194378,201593,192901,210552,220682,211681,215456,227841,235521,254732,277038,307369,319032,327846,372556,391893,404789,430725,436663,464312,490445,493360,505508,529024,550201,582771,633530,688997,631704,639479,688493,727634,775709,814472,819040,812832,828110,898351,967112,929771,965421,1096283
 "40037","Creek, OK",6,CAINC4,60,"...","Supplements to wages and salaries ","Thousands of dollars",4883,5259,5857,6836,8023,9475,11556,13669,15588,18309,21153,26105,32219,34678,35276,39395,42056,42730,44083,47672,51584,56707,63506,75852,80637,83689,91083,95323,94322,97534,97684,108695,115202,120820,126837,136379,143650,141739,149441,153240,147825,159747,171927,178403,192293,200571,206168,198058,203646,220087,232415,226204,231837,249991
 "40037","Creek, OK",6,CAINC4,61,"..."," Employer contributions for employee pension and insurance funds 8/","Thousands of dollars",3065,3399,3753,4339,4701,5451,6931,8076,9564,11204,12889,16302,19872,21458,22288,24545,26707,27535,28625,30587,33935,37054,41919,51772,54678,56758,60431,63743,62879,64903,65447,74159,76577,80713,84777,90701,95808,94086,99022,100972,99528,109923,113504,114974,126835,135822,142594,137887,141896,152966,160159,155389,157121,166381
 "40037","Creek, OK",6,CAINC4,62,"..."," Employer contributions for government social insurance ","Thousands of dollars",1818,1860,2104,2497,3322,4024,4625,5593,6024,7105,8264,9803,12347,13220,12988,14850,15349,15195,15458,17085,17649,19653,21587,24080,25959,26931,30652,31580,31443,32631,32237,34536,38625,40107,42060,45678,47842,47653,50419,52268,48297,49824,58423,63429,65458,64749,63574,60171,61750,67121,72256,70815,74716,83610
 "40037","Creek, OK",6,CAINC4,70,"...","Proprietors' income 9/","Thousands of dollars",16377,17118,19933,21936,27354,30058,32363,34584,38991,42800,46817,46795,49361,49437,52408,64556,71932,79275,80203,84218,87843,79797,68744,71505,77097,74946,69762,74600,92114,97980,90171,89141,103828,114631,103796,107850,125340,143919,131596,164874,146161,167019,157934,163965,170103,193308,154890,164675,145095,147582,149912,202049,197780,165792
 "40037","Creek, OK",6,CAINC4,71,"..."," Farm proprietors' income ","Thousands of dollars",1169,647,728,379,3795,3203,2807,802,971,141,2081,-208,1616,1760,1067,-6,-903,-2668,-3243,-2329,-1960,-1335,-641,-232,-1213,276,-2034,-2371,-1341,-2349,-1544,1196,311,3329,-2778,882,680,-910,-2256,-7231,-8651,-6116,-4558,-663,-12654,-8397,-9082,-17560,-19522,-19620,-21400,-21224,-21206,-34657
 "40037","Creek, OK",6,CAINC4,72,"..."," Nonfarm proprietors' income ","Thousands of dollars",15208,16471,19205,21557,23559,26855,29556,33782,38020,42659,44736,47003,47745,47677,51341,64562,72835,81943,83446,86547,89803,81132,69385,71737,78310,74670,71796,76971,93455,100329,91715,87945,103517,111302,106574,106968,124660,144829,133852,172105,154812,173135,162492,164628,182757,201705,163972,182235,164617,167202,171312,223273,218986,200449
 "40037","Creek, OK",6,CAINC4,7010,"...","Total employment ","Number of jobs",11887,11903,12143,12526,13223,14049,15122,16040,16477,17130,17694,19132,21260,21648,21017,21914,22103,20731,20965,20886,20839,21376,22036,22854,23498,23885,25638,26377,26744,28267,28504,28768,27392,26851,26719,27058,26755,26798,27707,28259,26914,27032,27779,28254,28786,29112,29264,29489,29260,29824,30031,29542,30157,31792
 "40037","Creek, OK",6,CAINC4,7020,"..."," Wage and salary employment ","Number of jobs",8825,8799,8898,9142,9660,9862,10502,11044,11261,11790,12171,13301,14447,14163,13295,14070,14275,13516,13450,13823,13997,14566,15197,16068,16379,16628,18078,18685,18726,19341,19299,19346,19265,19126,18816,18886,18360,18377,18949,19193,17880,17937,18652,19127,19598,20084,20071,19597,19414,20148,20679,19780,19877,20949
 "40037","Creek, OK",6,CAINC4,7040,"..."," Proprietors employment ","Number of jobs",3062,3104,3245,3384,3563,4187,4620,4996,5216,5340,5523,5831,6813,7485,7722,7844,7828,7215,7515,7063,6842,6810,6839,6786,7119,7257,7560,7692,8018,8926,9205,9422,8127,7725,7903,8172,8395,8421,8758,9066,9034,9095,9127,9127,9188,9028,9193,9892,9846,9676,9352,9762,10280,10843
 "40039","Custer, OK",6,CAINC4,10,"...","Personal income (thousands of dollars) ","Thousands of dollars",65866,72193,78896,85552,103858,108167,123726,133328,137922,164251,203846,224218,278005,360372,350048,376002,372540,365653,349179,367796,387776,398880,407091,421032,436991,451527,456331,470248,493184,509436,506831,539640,553478,550182,592821,631227,692378,747345,785383,930007,867336,954526,1096848,1158117,1150518,1215371,1100358,1026218,1101426,1153994,1180824,1218697,1334773,1321446
 "40039","Custer, OK",6,CAINC4,11,"..."," Nonfarm personal income 1/","Thousands of dollars",58341,62449,70438,76231,84378,95946,111397,123824,138613,157030,178564,212493,278998,350621,350319,364319,371914,349095,342409,351840,373059,381550,400192,405376,420725,436015,454907,467829,486184,498309,493567,529613,545810,539517,567717,607622,668251,732544,781088,890789,862548,936984,1071110,1132057,1129434,1176874,1081516,1018185,1096049,1147760,1172938,1203240,1318604,1323693
 "40039","Custer, OK",6,CAINC4,12,"..."," Farm income 2/","Thousands of dollars",7525,9744,8458,9321,19480,12221,12329,9504,-691,7221,25282,11725,-993,9751,-271,11683,626,16558,6770,15956,14717,17330,6899,15656,16266,15512,1424,2419,7000,11127,13264,10027,7668,10665,25104,23605,24127,14801,4295,39218,4788,17542,25738,26060,21084,38497,18842,8033,5377,6234,7886,15457,16169,-2247
 "40039","Custer, OK",6,CAINC4,20,"...","Population (persons) 3/","Number of persons",21978,22643,23023,23536,23567,23577,23426,23928,24396,24978,25814,26336,27655,31078,32285,30500,29659,28896,27791,27065,27452,26814,26557,26749,26694,26772,26609,26327,26172,26227,26263,26066,25778,25347,25554,25631,25876,26148,26356,26816,27284,27579,27777,28550,29252,29428,29456,29090,28773,28752,28711,28444,28132,27886
 "40039","Custer, OK",6,CAINC4,30,"...","Per capita personal income (dollars) 4/","Dollars",2997,3188,3427,3635,4407,4588,5282,5572,5653,6576,7897,8514,10053,11596,10842,12328,12561,12654,12564,13589,14126,14876,15329,15740,16370,16866,17149,17862,18844,19424,19298,20703,21471,21706,23199,24627,26758,28581,29799,34681,31789,34611,39488,40565,39331,41300,37356,35277,38280,40136,41128,42845,47447,47387
 "40039","Custer, OK",6,CAINC4,35,"...","Earnings by place of work ","Thousands of dollars",50002,54460,58989,64487,80667,82135,92835,99929,101604,124814,158475,167438,201900,276537,231796,247398,236454,244316,234994,255742,268719,282863,289694,302410,311017,321925,314063,318791,332745,345024,346473,360975,365734,374875,409320,437448,472885,511969,518583,610932,589851,649618,764597,842638,868662,904771,820928,741717,804436,851468,875967,844429,872405,871578
 "40039","Custer, OK",6,CAINC4,36,"...","Less: Contributions for government social insurance 5/","Thousands of dollars",2809,2930,3388,3857,5013,5958,6776,7640,8656,10286,12112,14348,20066,27169,23110,23827,24281,23956,24099,26757,28429,30279,32844,33122,34556,36388,37478,37320,37420,37750,38265,39645,41062,42150,44310,48342,51709,56048,58788,63475,65091,68031,72637,80781,92373,93224,87134,79879,87740,95783,98849,96592,99693,104247
 "40039","Custer, OK",6,CAINC4,37,"..."," Employee and self-employed contributions for government social insurance ","Thousands of dollars",1578,1655,1903,2122,2753,3240,3654,3979,4492,5288,6223,7317,10237,13696,11611,11804,12382,12259,12393,13855,14959,15835,17274,17378,17646,18555,19061,19130,19683,20211,20630,21261,21488,21928,22648,24127,26091,28636,30568,33159,34417,36278,32947,35734,46462,47531,45338,43417,47701,51754,53367,52304,53665,56621
 "40039","Custer, OK",6,CAINC4,38,"..."," Employer contributions for government social insurance ","Thousands of dollars",1231,1275,1485,1735,2260,2718,3122,3661,4164,4998,5889,7031,9829,13473,11499,12023,11899,11697,11706,12902,13470,14444,15570,15744,16910,17833,18417,18190,17737,17539,17635,18384,19574,20222,21662,24215,25618,27412,28220,30316,30674,31753,39690,45047,45911,45693,41796,36462,40039,44029,45482,44288,46028,47626
 "40039","Custer, OK",6,CAINC4,42,"...","Plus: Adjustment for residence 6/","Thousands of dollars",854,403,137,63,-33,-521,-1322,-1770,-2842,-4467,-4968,-7745,-11587,-20579,-11178,-10908,-10577,-10044,-10739,-10955,-12496,-12914,-13902,-14056,-13640,-13334,-13654,-13544,-11509,-11671,-12055,-11387,-11230,-11141,-11224,-12478,-11313,-13461,-9229,-10024,-18587,-21539,-44477,-50805,-52124,-51278,-52887,-43995,-47105,-56427,-65715,-67467,-70429,-62592
 "40039","Custer, OK",6,CAINC4,45,"...","Equals: Net earnings by place of residence ","Thousands of dollars",48047,51933,55738,60693,75621,75656,84737,90519,90106,110061,141395,145345,170247,228789,197508,212663,201596,210316,200156,218030,227794,239670,242948,255232,262821,272203,262931,267927,283816,295603,296153,309943,313442,321584,353786,376628,409863,442460,450566,537433,506173,560048,647483,711052,724165,760269,680907,617843,669591,699258,711403,680370,702283,704739
 "40039","Custer, OK",6,CAINC4,46,"...","Plus: Dividends, interest, and rent 7/","Thousands of dollars",10641,11980,13747,14450,16696,19102,22421,24532,27763,32272,37839,50848,76858,96809,113043,123020,126752,108398,98552,100574,105112,101674,101868,95404,100483,100414,111132,116480,120106,125983,121052,135774,135207,114893,121498,131774,150082,164148,184613,223167,182100,203731,263948,257318,241234,270413,220459,205000,222354,236683,235867,233308,283214,300828
 "40039","Custer, OK",6,CAINC4,47,"...","Plus: Personal current transfer receipts ","Thousands of dollars",7178,8280,9411,10409,11541,13409,16568,18277,20053,21918,24612,28025,30900,34774,39497,40319,44192,46939,50471,49192,54870,57536,62275,70396,73687,78910,82268,85841,89262,87850,89626,93923,104829,113705,117537,122825,132433,140737,150204,169407,179063,190747,185417,189747,185119,184689,198992,203375,209481,218053,233554,305019,349276,315879
 "40039","Custer, OK",6,CAINC4,50,"...","Wages and salaries ","Thousands of dollars",30434,32339,35454,38493,42853,49433,57091,63736,72585,83474,95564,114234,153255,206686,173395,173299,172728,164964,165025,173602,181418,189512,201296,203243,210075,217440,223281,227236,228151,233554,240023,251253,258294,258661,272581,293713,315611,351662,372437,409393,405883,429032,514972,578370,592554,605292,568791,515418,570837,625852,646482,610221,631354,655540
 "40039","Custer, OK",6,CAINC4,60,"...","Supplements to wages and salaries ","Thousands of dollars",3268,3603,4244,4910,5623,6711,8053,9151,10967,12986,14969,18216,24358,33765,30022,30495,31217,31599,32584,34842,38321,41374,45655,49610,52964,55408,55608,55370,53633,54793,56514,61462,64510,66831,71738,79711,85540,88735,90319,94058,97754,109348,121308,129900,140413,145466,141339,130117,138575,149472,151917,147614,148798,148583
 "40039","Custer, OK",6,CAINC4,61,"..."," Employer contributions for employee pension and insurance funds 8/","Thousands of dollars",2037,2328,2759,3175,3363,3993,4931,5490,6803,7988,9080,11185,14529,20292,18523,18472,19318,19902,20878,21940,24851,26930,30085,33866,36054,37575,37191,37180,35896,37254,38879,43078,44936,46609,50076,55496,59922,61323,62099,63742,67080,77595,81618,84853,94502,99773,99543,93655,98536,105443,106435,103326,102770,100957
 "40039","Custer, OK",6,CAINC4,62,"..."," Employer contributions for government social insurance ","Thousands of dollars",1231,1275,1485,1735,2260,2718,3122,3661,4164,4998,5889,7031,9829,13473,11499,12023,11899,11697,11706,12902,13470,14444,15570,15744,16910,17833,18417,18190,17737,17539,17635,18384,19574,20222,21662,24215,25618,27412,28220,30316,30674,31753,39690,45047,45911,45693,41796,36462,40039,44029,45482,44288,46028,47626
 "40039","Custer, OK",6,CAINC4,70,"...","Proprietors' income 9/","Thousands of dollars",16300,18518,19291,21084,32191,25991,27691,27042,18052,28354,47942,34988,24287,36086,28379,43604,32509,47753,37385,47298,48980,51977,42743,49557,47978,49077,35174,36185,50961,56677,49936,48260,42930,49383,65001,64024,71734,71572,55827,107481,86214,111238,128317,134368,135695,154013,110798,96182,95024,76144,77568,86594,92253,67455
 "40039","Custer, OK",6,CAINC4,71,"..."," Farm proprietors' income ","Thousands of dollars",6767,8872,7627,8373,18456,10960,10985,7846,-2856,5555,23508,9930,-2740,7849,-2069,9921,-1097,14990,5243,14238,12874,15179,4804,13705,14124,13522,-886,115,4568,8863,10867,7836,5323,9082,23281,21061,21699,12479,1005,35073,1268,13768,21363,20129,16142,33199,15562,4458,1648,2938,3678,11116,12286,-6734
 "40039","Custer, OK",6,CAINC4,72,"..."," Nonfarm proprietors' income ","Thousands of dollars",9533,9646,11664,12711,13735,15031,16706,19196,20908,22799,24434,25058,27027,28237,30448,33683,33606,32763,32142,33060,36106,36798,37939,35852,33854,35555,36060,36070,46393,47814,39069,40424,37607,40301,41720,42963,50035,59093,54822,72408,84946,97470,106954,114239,119553,120814,95236,91724,93376,73206,73890,75478,79967,74189
 "40039","Custer, OK",6,CAINC4,7010,"...","Total employment ","Number of jobs",10561,10388,10653,10971,11217,11566,11757,11758,12102,12479,12775,13640,15196,17932,15735,15312,14800,14041,14270,14423,14627,14613,14790,14993,15304,15462,15785,15705,15547,15737,15701,15860,15206,14933,14916,15365,15610,15844,16254,16727,16828,16738,17716,18432,19229,19335,18739,18354,18481,18778,18785,17862,18134,18408
 "40039","Custer, OK",6,CAINC4,7020,"..."," Wage and salary employment ","Number of jobs",7448,7309,7649,7842,8075,8472,8850,8947,9306,9708,9958,10760,12061,14557,12246,11719,11159,10497,10438,10815,11135,11084,11184,11348,11458,11620,11804,11697,11544,11640,11650,11728,11587,11412,11254,11703,11910,12112,12259,12617,12686,12540,13408,13912,14467,14491,13790,13182,13549,13924,14127,13063,13130,13119
 "40039","Custer, OK",6,CAINC4,7040,"..."," Proprietors employment ","Number of jobs",3113,3079,3004,3129,3142,3094,2907,2811,2796,2771,2817,2880,3135,3375,3489,3593,3641,3544,3832,3608,3492,3529,3606,3645,3846,3842,3981,4008,4003,4097,4051,4132,3619,3521,3662,3662,3700,3732,3995,4110,4142,4198,4308,4520,4762,4844,4949,5172,4932,4854,4658,4799,5004,5289
 "40041","Delaware, OK",6,CAINC4,10,"...","Personal income (thousands of dollars) ","Thousands of dollars",36583,40795,44810,50448,59526,67513,74824,84031,95113,106185,126930,141967,165420,187090,208869,241160,265622,282484,282247,302624,334874,363703,384697,417218,464413,501719,531403,570933,635304,661242,692752,762678,803129,821382,827184,888264,914513,937127,996956,1034201,1055105,1122971,1179791,1196390,1222210,1264807,1319403,1287051,1354270,1393104,1465307,1542952,1728220,1809086
 "40041","Delaware, OK",6,CAINC4,11,"..."," Nonfarm personal income 1/","Thousands of dollars",34252,37758,42102,46694,52597,61922,70403,80645,91641,105517,122091,140504,163531,183537,204851,229771,249111,258325,264574,282833,305649,338756,363105,393378,432278,472559,514354,548339,607522,630940,660285,727279,759569,779049,800589,849876,882786,924747,983215,1019356,1053649,1078818,1125275,1140209,1160391,1200118,1225871,1228503,1278795,1317652,1398501,1513930,1665840,1698845
 "40041","Delaware, OK",6,CAINC4,12,"..."," Farm income 2/","Thousands of dollars",2331,3037,2708,3754,6929,5591,4421,3386,3472,668,4839,1463,1889,3553,4018,11389,16511,24159,17673,19791,29225,24947,21592,23840,32135,29160,17049,22594,27782,30302,32467,35399,43560,42333,26595,38388,31727,12380,13741,14845,1456,44153,54516,56181,61819,64689,93532,58548,75475,75452,66806,29022,62380,110241
 "40041","Delaware, OK",6,CAINC4,20,"...","Population (persons) 3/","Number of persons",17553,17926,18751,19162,19720,20145,20335,20641,21476,21996,23944,24060,24477,25340,26314,26533,26914,27157,27545,27796,28001,28134,28630,29600,30549,31741,33028,34117,34966,35675,36503,37108,37606,37970,38634,38998,39277,40266,40984,41018,41290,41499,41338,41145,40868,40682,40370,40332,40767,40700,40546,40385,40927,41413
 "40041","Delaware, OK",6,CAINC4,30,"...","Per capita personal income (dollars) 4/","Dollars",2084,2276,2390,2633,3019,3351,3680,4071,4429,4827,5301,5901,6758,7383,7938,9089,9869,10402,10247,10887,11959,12928,13437,14095,15202,15807,16089,16735,18169,18535,18978,20553,21356,21632,21411,22777,23284,23273,24325,25213,25554,27060,28540,29077,29906,31090,32683,31911,33220,34229,36139,38206,42227,43684
 "40041","Delaware, OK",6,CAINC4,35,"...","Earnings by place of work ","Thousands of dollars",15955,18212,20154,23428,29177,32017,33877,37670,43133,46786,58678,57366,62883,68683,74692,91282,101604,111241,105949,110247,123973,131011,138211,150006,176397,189592,190478,200668,228846,246796,255372,283455,302571,316480,304395,339243,365319,367957,385014,394907,393539,444904,470756,475230,486671,494629,540214,507383,541806,537885,552251,538396,606351,712210
 "40041","Delaware, OK",6,CAINC4,36,"...","Less: Contributions for government social insurance 5/","Thousands of dollars",895,1010,1200,1380,1799,2190,2412,2793,3296,3938,4860,5084,5884,6437,6813,7829,8647,8897,9307,10373,11313,12613,14233,15379,17528,19833,21906,22255,24000,25552,26965,29171,30563,32686,33031,35972,40565,43468,46773,48380,50767,51515,49512,50418,55835,56513,58479,60027,63581,64757,67658,74530,78290,89079
 "40041","Delaware, OK",6,CAINC4,37,"..."," Employee and self-employed contributions for government social insurance ","Thousands of dollars",561,627,732,837,1088,1312,1428,1598,1868,2212,2682,2864,3354,3746,3918,4448,5025,5224,5468,6208,6923,7465,8451,9169,10266,11589,12506,12558,13758,14774,15693,16849,17366,18431,18464,19836,21997,24568,27036,27826,29708,30502,26553,26484,31775,32501,34353,36711,39138,40966,42433,47301,49550,56493
 "40041","Delaware, OK",6,CAINC4,38,"..."," Employer contributions for government social insurance ","Thousands of dollars",334,383,468,543,711,878,984,1195,1428,1726,2178,2220,2530,2691,2895,3381,3622,3673,3839,4165,4390,5148,5782,6210,7262,8244,9400,9697,10242,10778,11272,12322,13197,14255,14567,16136,18568,18900,19737,20554,21059,21013,22959,23934,24060,24012,24126,23316,24443,23791,25225,27229,28740,32586
 "40041","Delaware, OK",6,CAINC4,42,"...","Plus: Adjustment for residence 6/","Thousands of dollars",9167,9102,8883,9512,10474,11415,12396,14620,17186,20751,24239,29207,34186,37905,42559,48632,52420,58255,64024,74822,84338,98136,105107,113682,122383,139708,148481,160149,187360,190993,206563,226568,228913,223021,221520,217618,211017,204180,192261,170524,153192,153273,150042,153472,150628,160043,160863,161336,164770,179132,185424,188618,200170,215372
 "40041","Delaware, OK",6,CAINC4,45,"...","Equals: Net earnings by place of residence ","Thousands of dollars",24227,26304,27837,31560,37852,41242,43861,49497,57023,63599,78057,81489,91185,100151,110438,132085,145377,160599,160666,174696,196998,216534,229085,248309,281252,309467,317053,338562,392206,412237,434970,480852,500921,506815,492884,520889,535771,528669,530502,517051,495964,546662,571286,578284,581464,598159,642598,608692,642995,652260,670017,652484,728231,838503
 "40041","Delaware, OK",6,CAINC4,46,"...","Plus: Dividends, interest, and rent 7/","Thousands of dollars",4768,5965,7111,8031,9849,11797,13341,14729,16921,19915,22114,29107,36712,43247,50668,58919,65923,65686,63062,64795,70343,73244,76375,76931,84632,85282,96885,106464,116372,120563,123448,142409,145921,138694,148930,159516,157052,165341,199849,219980,232081,227694,255119,253037,264775,272800,276952,268630,281242,290408,306426,305913,333722,340296
 "40041","Delaware, OK",6,CAINC4,47,"...","Plus: Personal current transfer receipts ","Thousands of dollars",7588,8526,9862,10857,11825,14474,17622,19805,21169,22671,26759,31371,37523,43692,47763,50156,54322,56199,58519,63133,67533,73925,79237,91978,98529,106970,117465,125907,126726,128442,134334,139417,156287,175873,185370,207859,221690,243117,266605,297170,327060,348615,353386,365069,375971,393848,399853,409729,430033,450436,488864,584555,666267,630287
 "40041","Delaware, OK",6,CAINC4,50,"...","Wages and salaries ","Thousands of dollars",7847,9219,10507,11624,13090,15684,17173,20333,24407,28637,34516,36127,39452,43135,46199,51220,54994,54364,56217,58282,60988,69369,76853,81713,91959,101587,113776,119673,128520,138194,148853,161761,173394,180759,180453,194347,213770,227985,246784,264097,269741,269617,278083,284265,283949,287169,305429,312505,331884,328146,346146,359036,378955,434530
 "40041","Delaware, OK",6,CAINC4,60,"...","Supplements to wages and salaries ","Thousands of dollars",882,1055,1273,1489,1743,2183,2473,2943,3618,4422,5410,5629,6325,7165,7934,9122,10147,10520,10970,11398,12580,14909,16997,19452,22273,24681,26984,28228,29369,31987,34438,38872,41351,45133,46609,51970,58894,59292,61377,63730,67496,72194,73376,71291,75787,78413,81471,80788,84494,84519,87480,90671,90846,98431
 "40041","Delaware, OK",6,CAINC4,61,"..."," Employer contributions for employee pension and insurance funds 8/","Thousands of dollars",548,672,805,946,1032,1305,1489,1748,2190,2696,3232,3409,3795,4474,5039,5741,6525,6847,7131,7233,8190,9761,11215,13242,15011,16437,17584,18531,19127,21209,23166,26550,28154,30878,32042,35834,40326,40392,41640,43176,46437,51181,50417,47357,51727,54401,57345,57472,60051,60728,62255,63442,62106,65845
 "40041","Delaware, OK",6,CAINC4,62,"..."," Employer contributions for government social insurance ","Thousands of dollars",334,383,468,543,711,878,984,1195,1428,1726,2178,2220,2530,2691,2895,3381,3622,3673,3839,4165,4390,5148,5782,6210,7262,8244,9400,9697,10242,10778,11272,12322,13197,14255,14567,16136,18568,18900,19737,20554,21059,21013,22959,23934,24060,24012,24126,23316,24443,23791,25225,27229,28740,32586
 "40041","Delaware, OK",6,CAINC4,70,"...","Proprietors' income 9/","Thousands of dollars",7226,7938,8374,10315,14344,14150,14231,14394,15108,13727,18752,15610,17106,18383,20559,30940,36463,46357,38762,40567,50405,46733,44361,48841,62165,63324,49718,52767,70957,76615,72081,82822,87826,90588,77333,92926,92655,80680,76853,67080,56302,103093,119297,119674,126935,129047,153314,114090,125428,125220,118625,88689,136550,179249
 "40041","Delaware, OK",6,CAINC4,71,"..."," Farm proprietors' income ","Thousands of dollars",1772,2427,2154,3151,6296,4846,3694,2560,2466,-40,3938,409,754,2153,2587,9863,14874,22535,15941,17964,27392,22933,19750,22211,30313,27437,15022,20533,25590,28036,29823,32746,40466,40065,24144,35199,28904,9869,10495,11086,-1576,41095,51079,51756,58128,60717,91101,55836,72655,73011,63668,25788,59456,106862
 "40041","Delaware, OK",6,CAINC4,72,"..."," Nonfarm proprietors' income ","Thousands of dollars",5454,5511,6220,7164,8048,9304,10537,11834,12642,13767,14814,15201,16352,16230,17972,21077,21589,23822,22821,22603,23013,23800,24611,26630,31852,35887,34696,32234,45367,48579,42258,50076,47360,50523,53189,57727,63751,70811,66358,55994,57878,61998,68218,67918,68807,68330,62213,58254,52773,52209,54957,62901,77094,72387
 "40041","Delaware, OK",6,CAINC4,7010,"...","Total employment ","Number of jobs",3822,4079,4244,4492,4604,4904,5142,5483,6053,6636,6954,6961,7110,7515,7776,8053,8206,7977,8380,7908,7980,8429,8813,9101,9936,10463,11238,11447,11755,12811,13118,13483,12938,13070,12846,13120,13949,14013,14580,14816,14847,14619,15349,15167,14623,15098,14972,14995,15315,14971,15187,15151,15636,16641
 "40041","Delaware, OK",6,CAINC4,7020,"..."," Wage and salary employment ","Number of jobs",2227,2382,2560,2657,2794,3056,3123,3330,3629,4001,4253,4158,4213,4381,4410,4611,4757,4580,4750,4701,4742,5120,5418,5610,6197,6535,7164,7295,7424,7699,7901,8154,8328,8428,8099,8301,8998,9150,9383,9690,9727,9504,9657,9505,9441,9483,9533,9729,10097,9590,9865,9687,9861,10565
 "40041","Delaware, OK",6,CAINC4,7040,"..."," Proprietors employment ","Number of jobs",1595,1697,1684,1835,1810,1848,2019,2153,2424,2635,2701,2803,2897,3134,3366,3442,3449,3397,3630,3207,3238,3309,3395,3491,3739,3928,4074,4152,4331,5112,5217,5329,4610,4642,4747,4819,4951,4863,5197,5126,5120,5115,5692,5662,5182,5615,5439,5266,5218,5381,5322,5464,5775,6076
 "40043","Dewey, OK",6,CAINC4,10,"...","Personal income (thousands of dollars) ","Thousands of dollars",15029,18780,18093,23855,29987,27090,27238,29586,33912,34025,46528,51322,65883,83244,83290,86745,87892,86745,78115,83773,85911,87881,82612,84974,87886,88532,86926,90422,95877,98965,96291,100001,107018,111206,127197,129283,135264,138777,147386,183670,153407,177415,194455,208572,220609,236591,204749,193860,188282,224127,242103,231502,217141,220189
 "40043","Dewey, OK",6,CAINC4,11,"..."," Nonfarm personal income 1/","Thousands of dollars",11534,12715,13685,14918,17418,20018,23081,25807,29052,33793,38634,48317,67750,77169,81588,82690,83078,75778,73274,73352,74483,75618,77549,78018,79596,83590,85695,87258,91160,93697,91390,97078,104158,104929,112858,118867,127765,137600,148054,178230,163511,181844,194376,200007,214409,213594,200461,198511,195204,225474,242890,229235,220436,232058
 "40043","Dewey, OK",6,CAINC4,12,"..."," Farm income 2/","Thousands of dollars",3495,6065,4408,8937,12569,7072,4157,3779,4860,232,7894,3005,-1867,6075,1702,4055,4814,10967,4841,10421,11428,12263,5063,6956,8290,4942,1231,3164,4717,5268,4901,2923,2860,6277,14339,10416,7499,1177,-668,5440,-10104,-4429,79,8565,6200,22997,4288,-4651,-6922,-1347,-787,2267,-3295,-11869
 "40043","Dewey, OK",6,CAINC4,20,"...","Population (persons) 3/","Number of persons",5738,5663,5653,5528,5480,5341,5264,5459,5615,5771,6026,5950,6054,6501,6711,6456,6200,6155,5947,5715,5647,5537,5469,5417,5266,5183,5079,5007,4913,4840,4811,4714,4645,4601,4601,4685,4611,4621,4660,4737,4770,4800,4742,4737,4742,4814,4799,4676,4639,4641,4575,4474,4415,4401
 "40043","Dewey, OK",6,CAINC4,30,"...","Per capita personal income (dollars) 4/","Dollars",2619,3316,3201,4315,5472,5072,5174,5420,6040,5896,7721,8626,10883,12805,12411,13436,14176,14093,13135,14658,15214,15872,15106,15687,16689,17081,17115,18059,19515,20447,20015,21214,23039,24170,27646,27595,29335,30032,31628,38773,32161,36961,41007,44030,46522,49146,42665,41459,40587,48293,52919,51744,49183,50032
 "40043","Dewey, OK",6,CAINC4,35,"...","Earnings by place of work ","Thousands of dollars",10172,13349,11952,17759,22884,18759,16916,17729,19816,17236,27121,27534,33038,44586,36170,37873,39398,44123,35035,40923,42529,45860,43253,47539,50102,47183,43173,44081,47734,49307,44470,43102,45193,49730,60118,61925,64426,68417,70132,93875,71460,90919,104068,119905,144369,146440,120102,117061,103638,144990,170573,144607,123505,154851
 "40043","Dewey, OK",6,CAINC4,36,"...","Less: Contributions for government social insurance 5/","Thousands of dollars",466,502,526,633,846,985,1053,1150,1242,1448,1699,2160,3366,3870,3366,3359,3516,3427,3178,3520,3723,3960,4682,4850,5030,5128,5186,4823,4848,4958,4576,4554,4836,4932,5123,5640,6100,6795,7407,8471,8261,9262,9973,10127,14746,11625,11286,12893,12326,15846,17540,15142,15047,20190
 "40043","Dewey, OK",6,CAINC4,37,"..."," Employee and self-employed contributions for government social insurance ","Thousands of dollars",282,304,322,376,496,569,604,633,689,800,937,1200,1821,2062,1795,1789,1927,1889,1790,1996,2157,2233,2584,2712,2781,2837,2887,2754,2831,2925,2759,2729,2780,2856,2942,3214,3503,3936,4345,4935,4931,5528,4917,5022,7273,6536,6440,7228,7077,8892,9986,8830,8556,11194
 "40043","Dewey, OK",6,CAINC4,38,"..."," Employer contributions for government social insurance ","Thousands of dollars",184,198,204,257,350,416,449,517,553,648,762,960,1545,1808,1571,1570,1589,1538,1388,1524,1566,1727,2098,2138,2249,2291,2299,2069,2017,2033,1817,1825,2056,2076,2181,2426,2597,2859,3062,3536,3330,3734,5056,5105,7473,5089,4846,5665,5249,6954,7554,6312,6491,8996
 "40043","Dewey, OK",6,CAINC4,42,"...","Plus: Adjustment for residence 6/","Thousands of dollars",61,201,101,-122,-254,-128,155,415,809,1668,2439,1637,1371,2193,1992,2436,2014,1573,2397,2067,2440,2818,1639,2006,2867,3927,4603,6615,8311,8528,9198,10868,12028,12038,13663,15590,17500,20947,23177,24570,17147,12858,11229,13405,4714,9273,7098,1314,2715,-1235,-5324,-4444,-7484,-28597
 "40043","Dewey, OK",6,CAINC4,45,"...","Equals: Net earnings by place of residence ","Thousands of dollars",9767,13048,11527,17004,21784,17646,16018,16994,19383,17456,27861,27011,31043,42909,34796,36950,37896,42269,34254,39470,41246,44718,40210,44695,47939,45982,42590,45873,51197,52877,49092,49416,52385,56836,68658,71875,75826,82569,85902,109974,80346,94515,105324,123183,134337,144088,115914,105482,94027,127909,147709,125021,100974,106064
 "40043","Dewey, OK",6,CAINC4,46,"...","Plus: Dividends, interest, and rent 7/","Thousands of dollars",3028,3361,3913,4015,4948,5738,6686,7573,8970,10505,11834,16496,25630,30098,36775,37556,37323,30883,29852,30234,30939,29024,27115,23756,23650,25062,25320,24697,25610,26708,27978,30598,33716,31737,34530,32772,34111,28671,33247,43431,40196,47273,55096,49678,50752,53799,50523,50144,54030,54744,50593,48458,51165,55907
 "40043","Dewey, OK",6,CAINC4,47,"...","Plus: Personal current transfer receipts ","Thousands of dollars",2234,2371,2653,2836,3255,3706,4534,5019,5559,6064,6833,7815,9210,10237,11719,12239,12673,13593,14009,14069,13726,14139,15287,16523,16297,17488,19016,19852,19070,19380,19221,19987,20917,22633,24009,24636,25327,27537,28237,30265,32865,35627,34035,35711,35520,38704,38312,38234,40225,41474,43801,58023,65002,58218
 "40043","Dewey, OK",6,CAINC4,50,"...","Wages and salaries ","Thousands of dollars",4235,4570,4479,5430,6420,7372,7870,8745,9615,10667,12459,16361,25327,28254,24256,23191,23771,22526,20153,20929,21456,23011,27077,27931,28358,28515,28599,26604,26830,28148,25483,25174,27446,27310,28093,30886,33732,38173,41546,48481,45433,50478,60638,62925,81168,68461,66203,75312,75682,95361,107835,87960,91134,126262
 "40043","Dewey, OK",6,CAINC4,60,"...","Supplements to wages and salaries ","Thousands of dollars",468,541,557,691,847,994,1128,1258,1436,1690,2010,2593,4180,4841,4470,4409,4682,4685,4192,4418,4775,5300,6456,7221,7493,7550,7375,6813,6659,6801,6559,6742,7669,7931,8314,9421,10016,10700,11058,11871,11947,13623,15779,15543,20857,17660,18058,19891,19053,23626,25609,22791,22337,30221
 "40043","Dewey, OK",6,CAINC4,61,"..."," Employer contributions for employee pension and insurance funds 8/","Thousands of dollars",284,343,353,434,497,578,679,741,883,1042,1248,1633,2635,3033,2899,2839,3093,3147,2804,2894,3209,3573,4358,5083,5244,5259,5076,4744,4642,4768,4742,4917,5613,5855,6133,6995,7419,7841,7996,8335,8617,9889,10723,10438,13384,12571,13212,14226,13804,16672,18055,16479,15846,21225
 "40043","Dewey, OK",6,CAINC4,62,"..."," Employer contributions for government social insurance ","Thousands of dollars",184,198,204,257,350,416,449,517,553,648,762,960,1545,1808,1571,1570,1589,1538,1388,1524,1566,1727,2098,2138,2249,2291,2299,2069,2017,2033,1817,1825,2056,2076,2181,2426,2597,2859,3062,3536,3330,3734,5056,5105,7473,5089,4846,5665,5249,6954,7554,6312,6491,8996
 "40043","Dewey, OK",6,CAINC4,70,"...","Proprietors' income 9/","Thousands of dollars",5469,8238,6916,11638,15617,10393,7918,7726,8765,4879,12652,8580,3531,11491,7444,10273,10945,16912,10690,15576,16298,17549,9720,12387,14251,11118,7199,10664,14245,14358,12428,11186,10078,14489,23711,21618,20678,19544,17528,33523,14080,26818,27651,41437,42344,60319,35841,21858,8903,26003,37129,33856,10034,-1632
 "40043","Dewey, OK",6,CAINC4,71,"..."," Farm proprietors' income ","Thousands of dollars",3140,5643,3989,8445,11992,6352,3435,2945,3829,-537,7044,2114,-2758,5068,760,3160,3953,10205,4117,9608,10559,11253,4078,6038,7273,3990,116,2046,3522,4219,3864,2046,1992,5740,13633,9301,6321,-66,-2585,3466,-11529,-5731,-1254,6999,4894,21587,3429,-5619,-7928,-2208,-1897,1120,-4340,-13077
 "40043","Dewey, OK",6,CAINC4,72,"..."," Nonfarm proprietors' income ","Thousands of dollars",2329,2595,2927,3193,3625,4041,4483,4781,4936,5416,5608,6466,6289,6423,6684,7113,6992,6707,6573,5968,5739,6296,5642,6349,6978,7128,7083,8618,10723,10139,8564,9140,8086,8749,10078,12317,14357,19610,20113,30057,25609,32549,28905,34438,37450,38732,32412,27477,16831,28211,39026,32736,14374,11445
 "40043","Dewey, OK",6,CAINC4,7010,"...","Total employment ","Number of jobs",2707,2752,2584,2789,2898,2883,2715,2658,2711,2721,2687,2796,3252,3285,3164,3142,3128,2908,2932,2854,2719,2835,3010,3019,3117,3106,3068,3019,3012,2937,2855,2845,2833,2785,2789,2785,2827,2850,2903,3070,3041,3169,3279,3360,3614,3363,3427,3513,3272,3418,3484,3222,3232,3574
 "40043","Dewey, OK",6,CAINC4,7020,"..."," Wage and salary employment ","Number of jobs",1028,1051,993,1137,1229,1294,1298,1314,1353,1368,1376,1516,1903,1912,1688,1629,1592,1402,1326,1382,1355,1425,1532,1574,1524,1471,1470,1397,1393,1380,1305,1283,1330,1338,1339,1406,1433,1447,1462,1558,1569,1601,1724,1666,1829,1655,1657,1805,1682,1934,2087,1820,1776,2070
 "40043","Dewey, OK",6,CAINC4,7040,"..."," Proprietors employment ","Number of jobs",1679,1701,1591,1652,1669,1589,1417,1344,1358,1353,1311,1280,1349,1373,1476,1513,1536,1506,1606,1472,1364,1410,1478,1445,1593,1635,1598,1622,1619,1557,1550,1562,1503,1447,1450,1379,1394,1403,1441,1512,1472,1568,1555,1694,1785,1708,1770,1708,1590,1484,1397,1402,1456,1504
 "40045","Ellis, OK",6,CAINC4,10,"...","Personal income (thousands of dollars) ","Thousands of dollars",17227,21538,21867,25224,29500,27535,30433,33782,33271,34719,50600,56479,64497,80287,74338,76769,77946,75098,74620,68740,72180,73214,71768,74502,80450,76430,71839,74690,82464,83290,86621,88742,94347,92495,104056,110456,119895,121829,126246,158478,132067,177159,227564,254181,268393,304036,236160,187994,196894,203290,209156,203076,216889,220632
 "40045","Ellis, OK",6,CAINC4,11,"..."," Nonfarm personal income 1/","Thousands of dollars",12662,14084,16468,16794,19473,21704,26935,27853,31863,34575,40163,50213,61200,72313,73578,76307,76414,70891,66481,58939,61008,61963,61473,63716,70784,69163,69696,73108,77937,75357,74457,78988,85712,84067,92513,96425,101124,110662,121804,145233,126929,152058,188502,207553,218837,235670,181582,151937,163343,172918,176098,174841,180792,183920
 "40045","Ellis, OK",6,CAINC4,12,"..."," Farm income 2/","Thousands of dollars",4565,7454,5399,8430,10027,5831,3498,5929,1408,144,10437,6266,3297,7974,760,462,1532,4207,8139,9801,11172,11251,10295,10786,9666,7267,2143,1582,4527,7933,12164,9754,8635,8428,11543,14031,18771,11167,4442,13245,5138,25101,39062,46628,49556,68366,54578,36057,33551,30372,33058,28235,36097,36712
 "40045","Ellis, OK",6,CAINC4,20,"...","Population (persons) 3/","Number of persons",5289,5161,5357,5261,5208,5235,5349,5396,5344,5455,5809,5674,5976,6410,6365,5986,5598,5257,5050,4728,4652,4469,4396,4330,4299,4193,4178,4156,4144,4174,4134,4050,3923,4002,3979,3998,3983,3898,3982,4043,4127,4156,4031,4061,4105,4080,4171,4029,3900,3872,3788,3739,3731,3657
 "40045","Ellis, OK",6,CAINC4,30,"...","Per capita personal income (dollars) 4/","Dollars",3257,4173,4082,4795,5664,5260,5689,6261,6226,6365,8711,9954,10793,12525,11679,12825,13924,14285,14776,14539,15516,16383,16326,17206,18714,18228,17195,17972,19900,19954,20953,21912,24050,23112,26151,27628,30102,31254,31704,39198,32001,42627,56453,62591,65382,74519,56620,46660,50486,52503,55215,54313,58132,60331
 "40045","Ellis, OK",6,CAINC4,35,"...","Earnings by place of work ","Thousands of dollars",12820,16595,16376,19405,22733,19846,22327,23973,22476,23459,38481,40402,45894,58683,53718,55491,57405,58093,59520,38289,39405,42107,40385,39249,42849,36428,30818,31362,36023,37843,42055,39888,41594,43061,49933,55311,64331,61287,59418,78157,62721,92927,125993,153710,174426,193110,148402,110382,114109,113980,119046,104276,109895,111327
 "40045","Ellis, OK",6,CAINC4,36,"...","Less: Contributions for government social insurance 5/","Thousands of dollars",545,610,746,767,1064,1232,1672,1598,1890,2125,2657,3191,4239,5261,5440,5722,5879,5764,5740,3329,3466,3743,3730,3507,3855,3713,3700,3740,3830,3684,3742,3740,3993,4197,4591,5006,5332,5756,6587,7352,6723,7060,7554,9007,10949,10608,9257,8367,8999,9479,9639,9172,9133,9811
 "40045","Ellis, OK",6,CAINC4,37,"..."," Employee and self-employed contributions for government social insurance ","Thousands of dollars",321,358,425,439,589,670,879,825,971,1091,1362,1663,2218,2671,2712,2800,2983,2936,2862,1844,1930,2022,2055,1968,2249,2055,2060,2088,2176,2090,2152,2127,2296,2416,2577,2766,3011,3254,3695,4090,3827,4095,3994,4567,6021,5961,5206,4825,5213,5500,5640,5428,5393,5742
 "40045","Ellis, OK",6,CAINC4,38,"..."," Employer contributions for government social insurance ","Thousands of dollars",224,252,321,328,475,562,793,773,919,1034,1295,1528,2021,2590,2728,2922,2896,2828,2878,1485,1536,1721,1675,1539,1606,1658,1640,1652,1654,1594,1590,1613,1697,1781,2014,2240,2321,2502,2892,3262,2896,2965,3560,4440,4928,4647,4051,3542,3786,3979,3999,3744,3740,4069
 "40045","Ellis, OK",6,CAINC4,42,"...","Plus: Adjustment for residence 6/","Thousands of dollars",380,439,306,438,394,531,-10,622,428,60,-109,-279,-3267,-4366,-6535,-7993,-9685,-10269,-9925,3016,3266,3155,3633,4160,4915,5646,6092,6534,7672,8192,7944,9107,10483,9967,10803,11733,12823,15164,16128,17766,13514,17744,18213,18472,14194,22303,16093,13940,16352,15768,15652,14513,11935,16376
 "40045","Ellis, OK",6,CAINC4,45,"...","Equals: Net earnings by place of residence ","Thousands of dollars",12655,16424,15936,19076,22063,19145,20645,22997,21014,21394,35715,36932,38388,49056,41743,41776,41841,42060,43855,37976,39205,41519,40288,39902,43909,38361,33210,34156,39865,42351,46257,45255,48084,48831,56145,62038,71822,70695,68959,88571,69512,103611,136652,163175,177671,204805,155238,115955,121462,120269,125059,109617,112697,117892
 "40045","Ellis, OK",6,CAINC4,46,"...","Plus: Dividends, interest, and rent 7/","Thousands of dollars",2686,3072,3622,3786,4589,5201,5881,6515,7662,8286,9139,12906,18309,22298,22855,24883,25741,22438,20274,20079,21014,19634,18997,20883,22777,22942,22509,23548,25159,24387,23753,25551,27490,24254,27653,27100,26671,27390,33621,44280,37015,46179,62895,63044,64231,73271,50453,39914,42801,49157,47506,46385,49448,52733
 "40045","Ellis, OK",6,CAINC4,47,"...","Plus: Personal current transfer receipts ","Thousands of dollars",1886,2042,2309,2362,2848,3189,3907,4270,4595,5039,5746,6641,7800,8933,9740,10110,10364,10600,10491,10685,11961,12061,12483,13717,13764,15127,16120,16986,17440,16552,16611,17936,18773,19410,20258,21318,21402,23744,23666,25627,25540,27369,28017,27962,26491,25960,30469,32125,32631,33864,36591,47074,54744,50007
 "40045","Ellis, OK",6,CAINC4,50,"...","Wages and salaries ","Thousands of dollars",5299,6042,7313,6924,8610,9729,13882,13153,15782,17223,21084,26199,33237,39874,41293,41163,40834,38491,38642,19957,20623,22643,21730,20063,20165,20093,19705,20277,20952,20792,21229,21612,22361,22841,25587,28150,29905,33124,38390,44286,38912,39020,44779,56042,62217,60481,53115,49248,52684,54523,56562,51876,52151,54738
 "40045","Ellis, OK",6,CAINC4,60,"...","Supplements to wages and salaries ","Thousands of dollars",624,723,923,933,1166,1381,1888,1860,2306,2660,3293,4163,5422,6808,7627,7701,7390,7478,7588,4033,4472,5065,5069,5067,5187,5276,5164,5331,5416,5360,5450,5764,5773,6065,6813,7536,8002,8550,9551,10343,9886,10804,12000,13992,16359,15661,14711,13323,13990,14873,15166,14557,14093,14222
 "40045","Ellis, OK",6,CAINC4,61,"..."," Employer contributions for employee pension and insurance funds 8/","Thousands of dollars",400,471,602,605,691,819,1095,1087,1387,1626,1998,2635,3401,4218,4899,4779,4494,4650,4710,2548,2936,3344,3394,3528,3581,3618,3524,3679,3762,3766,3860,4151,4076,4284,4799,5296,5681,6048,6659,7081,6990,7839,8440,9552,11431,11014,10660,9781,10204,10894,11167,10813,10353,10153
 "40045","Ellis, OK",6,CAINC4,62,"..."," Employer contributions for government social insurance ","Thousands of dollars",224,252,321,328,475,562,793,773,919,1034,1295,1528,2021,2590,2728,2922,2896,2828,2878,1485,1536,1721,1675,1539,1606,1658,1640,1652,1654,1594,1590,1613,1697,1781,2014,2240,2321,2502,2892,3262,2896,2965,3560,4440,4928,4647,4051,3542,3786,3979,3999,3744,3740,4069
 "40045","Ellis, OK",6,CAINC4,70,"...","Proprietors' income 9/","Thousands of dollars",6897,9830,8140,11548,12957,8736,6557,8960,4388,3576,14104,10040,7235,12001,4798,6627,9181,12124,13290,14299,14310,14399,13586,14119,17497,11059,5949,5754,9655,11691,15376,12512,13460,14155,17533,19625,26424,19613,11477,23528,13923,43103,69214,83676,95850,116968,80576,47811,47435,44584,47318,37843,43651,42367
 "40045","Ellis, OK",6,CAINC4,71,"..."," Farm proprietors' income ","Thousands of dollars",4146,6968,4931,7894,9444,5109,2795,5145,490,-527,9735,5568,2636,7257,-88,-549,325,2907,6650,8287,9709,9701,8918,9613,8397,6108,816,272,3172,6665,10812,8507,7291,7515,10413,12351,17070,9450,1878,10464,3043,23076,36902,43927,47302,65949,53089,34418,31843,28873,31141,26259,34322,34660
 "40045","Ellis, OK",6,CAINC4,72,"..."," Nonfarm proprietors' income ","Thousands of dollars",2751,2862,3209,3654,3513,3627,3762,3815,3898,4103,4369,4472,4599,4744,4886,7176,8856,9217,6640,6012,4601,4698,4668,4506,9100,4951,5133,5482,6483,5026,4564,4005,6169,6640,7120,7274,9354,10163,9599,13064,10880,20027,32312,39749,48548,51019,27487,13393,15592,15711,16177,11584,9329,7707
 "40045","Ellis, OK",6,CAINC4,7010,"...","Total employment ","Number of jobs",2775,2799,2951,2942,2944,2945,2930,2818,2888,2759,2801,2969,3144,3279,3237,3183,3038,2902,3022,2463,2464,2529,2410,2257,2351,2386,2409,2411,2501,2411,2373,2380,2347,2256,2278,2301,2348,2362,2455,2509,2435,2546,2644,2931,3082,2962,2896,2788,2665,2607,2586,2536,2574,2646
 "40045","Ellis, OK",6,CAINC4,7020,"..."," Wage and salary employment ","Number of jobs",1291,1366,1506,1404,1509,1518,1583,1536,1650,1563,1657,1865,2030,2157,2065,1994,1841,1728,1782,1257,1287,1369,1270,1163,1173,1162,1148,1152,1178,1143,1126,1106,1087,1065,1095,1128,1138,1174,1254,1299,1215,1198,1246,1432,1521,1468,1410,1339,1318,1350,1355,1306,1240,1270
 "40045","Ellis, OK",6,CAINC4,7040,"..."," Proprietors employment ","Number of jobs",1484,1433,1445,1538,1435,1427,1347,1282,1238,1196,1144,1104,1114,1122,1172,1189,1197,1174,1240,1206,1177,1160,1140,1094,1178,1224,1261,1259,1323,1268,1247,1274,1260,1191,1183,1173,1210,1188,1201,1210,1220,1348,1398,1499,1561,1494,1486,1449,1347,1257,1231,1230,1334,1376
 "40047","Garfield, OK",6,CAINC4,10,"...","Personal income (thousands of dollars) ","Thousands of dollars",200371,220525,240055,259831,289212,320536,359151,398849,451706,505892,594685,695080,825532,908467,889362,950720,936923,912140,878072,917814,953248,982125,989772,1049351,1080308,1131894,1149512,1192142,1293837,1337321,1328581,1398332,1461768,1519004,1619583,1737727,1824339,2030779,2113758,2275854,2195581,2403141,2551838,2754096,2704700,2895567,2792889,2747417,2652119,2692538,2730653,2792550,3036214,3026153
 "40047","Garfield, OK",6,CAINC4,11,"..."," Nonfarm personal income 1/","Thousands of dollars",192789,211919,229150,248705,273208,308403,350043,386941,441130,503400,575218,682979,828029,888256,890928,925660,924939,891204,859234,884468,918176,951439,982460,1030504,1061380,1111699,1146397,1185241,1270632,1315734,1310055,1373981,1446311,1499039,1575832,1685346,1785070,1987021,2096434,2254081,2193086,2393409,2521792,2705971,2679624,2865992,2769069,2736573,2643444,2689666,2715436,2771243,2997670,3028311
 "40047","Garfield, OK",6,CAINC4,12,"..."," Farm income 2/","Thousands of dollars",7582,8606,10905,11126,16004,12133,9108,11908,10576,2492,19467,12101,-2497,20211,-1566,25060,11984,20936,18838,33346,35072,30686,7312,18847,18928,20195,3115,6901,23205,21587,18526,24351,15457,19965,43751,52381,39269,43758,17324,21773,2495,9732,30046,48125,25076,29575,23820,10844,8675,2872,15217,21307,38544,-2158
 "40047","Garfield, OK",6,CAINC4,20,"...","Population (persons) 3/","Number of persons",55616,56532,57616,57604,56540,57571,58729,60129,61098,61926,62264,63179,64500,67597,67225,65759,64151,62550,59858,57691,57178,56686,56486,56780,56879,57296,57939,57794,57831,58122,58197,57721,57279,57249,57230,57459,57358,57723,58153,58845,59989,60815,60987,61762,62948,63563,64191,63696,62990,62703,62936,62692,61947,61920
 "40047","Garfield, OK",6,CAINC4,30,"...","Per capita personal income (dollars) 4/","Dollars",3603,3901,4166,4511,5115,5568,6115,6633,7393,8169,9551,11002,12799,13439,13230,14458,14605,14583,14669,15909,16672,17326,17522,18481,18993,19755,19840,20627,22373,23009,22829,24226,25520,26533,28300,30243,31806,35181,36348,38675,36600,39516,41842,44592,42967,45554,43509,43133,42104,42941,43388,44544,49013,48872
 "40047","Garfield, OK",6,CAINC4,35,"...","Earnings by place of work ","Thousands of dollars",161809,175309,189468,207434,230511,253087,279572,312175,356725,399645,473690,542095,631685,678986,640116,685430,655858,634741,606474,632759,648327,670603,666225,701100,736345,768624,763635,782481,868340,882657,881036,916244,964313,1014956,1095016,1177135,1255968,1358306,1367463,1486855,1457617,1607017,1686316,1833630,1905217,2038629,2000712,1973179,1772022,1766132,1782310,1721627,1795607,1854977
 "40047","Garfield, OK",6,CAINC4,36,"...","Less: Contributions for government social insurance 5/","Thousands of dollars",10263,11088,12299,13972,17570,20314,22654,25466,29242,34472,40859,47952,61671,65953,63240,66602,66345,64342,62250,67383,69388,74187,78644,81154,86160,90287,91903,92905,98343,99713,100653,102943,109627,116330,121392,129892,136709,144899,153788,160966,164264,172827,165362,179884,209542,220857,220212,222982,201373,204755,207025,206367,215603,230919
 "40047","Garfield, OK",6,CAINC4,37,"..."," Employee and self-employed contributions for government social insurance ","Thousands of dollars",5374,5753,6317,7067,9013,10370,11494,12531,14477,17011,20253,23951,31159,33163,31496,32522,33281,32464,31400,34028,35713,37824,39984,41364,43474,45975,47052,47417,51321,52449,53432,54296,57065,59882,61481,64644,69063,73606,79116,83575,85358,90628,74127,79050,104704,112185,112468,116500,106032,108581,109148,109186,112727,122193
 "40047","Garfield, OK",6,CAINC4,38,"..."," Employer contributions for government social insurance ","Thousands of dollars",4889,5335,5982,6905,8557,9944,11160,12935,14765,17461,20606,24001,30512,32790,31744,34080,33064,31878,30850,33355,33675,36363,38660,39790,42686,44312,44851,45488,47022,47264,47221,48647,52562,56448,59911,65248,67646,71293,74672,77391,78906,82199,91235,100834,104838,108672,107744,106482,95341,96174,97877,97181,102876,108726
 "40047","Garfield, OK",6,CAINC4,42,"...","Plus: Adjustment for residence 6/","Thousands of dollars",-2543,-2899,-3212,-3625,-3914,-4312,-4663,-5485,-5644,-6976,-7145,-7285,-5745,-5431,-9440,-10526,-8527,-6325,-3540,-3391,-686,-783,-4160,-6919,-7870,-8893,-8459,-9612,-11154,-11914,-13548,-13372,-14280,-18388,-20312,-21783,-21696,-20173,-25037,-31593,-39520,-46222,-46326,-60502,-63490,-68967,-72851,-85513,-34180,-25032,-21317,-37887,-37753,-34361
 "40047","Garfield, OK",6,CAINC4,45,"...","Equals: Net earnings by place of residence ","Thousands of dollars",149003,161322,173957,189837,209027,228461,252255,281224,321839,358197,425686,486858,564269,607602,567436,608302,580986,564074,540684,561985,578253,595633,583421,613027,642315,669444,663273,679964,758843,771030,766835,799929,840406,880238,953312,1025460,1097563,1193234,1188638,1294296,1253833,1387968,1474628,1593244,1632185,1748805,1707649,1664684,1536469,1536345,1553968,1477373,1542251,1589697
 "40047","Garfield, OK",6,CAINC4,46,"...","Plus: Dividends, interest, and rent 7/","Thousands of dollars",34227,39804,43734,45394,51890,58966,66454,72464,81213,94515,108010,137851,180090,205778,217156,232353,235929,217631,206149,216993,227282,226496,227943,241763,229370,245923,254303,271688,283825,305972,306903,334431,335243,333270,347111,365378,372764,448796,510817,528358,465526,516088,575609,652265,566675,641775,568212,549685,563334,594614,591311,587950,653053,676436
 "40047","Garfield, OK",6,CAINC4,47,"...","Plus: Personal current transfer receipts ","Thousands of dollars",17141,19399,22364,24600,28295,33109,40442,45161,48654,53180,60989,70371,81173,95087,104770,110065,120008,130435,131239,138836,147713,159996,178408,194561,208623,216527,231936,240490,251169,260319,254843,263972,286119,305496,319160,346889,354012,388749,414303,453200,476222,499085,501601,508587,505840,504987,517028,533048,552316,561579,585374,727227,840910,760020
 "40047","Garfield, OK",6,CAINC4,50,"...","Wages and salaries ","Thousands of dollars",115171,124312,131414,143120,158236,175794,195717,217100,247972,287505,329532,392744,481366,501867,474035,486189,472676,438947,422537,435049,438880,458054,479674,492258,513869,532295,540377,563039,604846,627698,642699,662242,684291,710519,739011,778923,823846,890221,962182,1029706,1015524,1067132,1117875,1248182,1321876,1427869,1415962,1428519,1248841,1268294,1277029,1242767,1302496,1392313
 "40047","Garfield, OK",6,CAINC4,60,"...","Supplements to wages and salaries ","Thousands of dollars",17212,19293,20904,23574,25926,29401,34296,38035,44332,51626,60442,71103,85264,91502,91754,95325,93204,92109,89622,92328,97424,103623,111286,118705,124209,130494,129947,133193,136607,140948,144045,153031,161126,173871,188191,203579,215999,224220,232149,239582,251408,279599,289102,306167,325440,344786,347295,342501,307662,314970,320846,321616,330685,343941
 "40047","Garfield, OK",6,CAINC4,61,"..."," Employer contributions for employee pension and insurance funds 8/","Thousands of dollars",12323,13958,14922,16669,17369,19457,23136,25100,29567,34165,39836,47102,54752,58712,60010,61245,60140,60231,58772,58973,63749,67260,72626,78915,81523,86182,85096,87705,89585,93684,96824,104384,108564,117423,128280,138331,148353,152927,157477,162191,172502,197400,197867,205333,220602,236114,239551,236019,212321,218796,222969,224435,227809,235215
 "40047","Garfield, OK",6,CAINC4,62,"..."," Employer contributions for government social insurance ","Thousands of dollars",4889,5335,5982,6905,8557,9944,11160,12935,14765,17461,20606,24001,30512,32790,31744,34080,33064,31878,30850,33355,33675,36363,38660,39790,42686,44312,44851,45488,47022,47264,47221,48647,52562,56448,59911,65248,67646,71293,74672,77391,78906,82199,91235,100834,104838,108672,107744,106482,95341,96174,97877,97181,102876,108726
 "40047","Garfield, OK",6,CAINC4,70,"...","Proprietors' income 9/","Thousands of dollars",29426,31704,37150,40740,46349,47892,49559,57040,64421,60514,83716,78248,65055,85617,74327,103916,89978,103685,94315,105382,112023,108926,75265,90137,98267,105835,93311,86249,126887,114011,94292,100971,118896,130566,167814,194633,216123,243865,173132,217567,190685,260286,279339,279281,257901,265974,237455,202159,215519,182868,184435,157244,162426,118723
 "40047","Garfield, OK",6,CAINC4,71,"..."," Farm proprietors' income ","Thousands of dollars",6813,7717,10050,10148,14924,10794,7703,10200,8356,815,17749,10429,-4035,18563,-3172,23447,10359,19427,17340,31677,33311,28654,5362,17042,16946,18344,943,4750,20916,19474,16303,22358,13350,18560,41947,49614,36400,40786,12822,17015,-1015,6431,26605,43923,21574,25819,21502,8294,6017,543,12233,18227,35775,-5355
 "40047","Garfield, OK",6,CAINC4,72,"..."," Nonfarm proprietors' income ","Thousands of dollars",22613,23987,27100,30592,31425,37098,41856,46840,56065,59699,65967,67819,69090,67054,77499,80469,79619,84258,76975,73705,78712,80272,69903,73095,81321,87491,92368,81499,105971,94537,77989,78613,105546,112006,125867,145019,179723,203079,160310,200552,191700,253855,252734,235358,236327,240155,215953,193865,209502,182325,172202,139017,126651,124078
 "40047","Garfield, OK",6,CAINC4,7010,"...","Total employment ","Number of jobs",27200,27435,27233,27881,28388,29130,29368,29733,31156,32482,33792,35874,38599,38596,36727,36862,35121,32271,31523,31608,31302,31722,32187,31861,32707,33416,33519,33499,34343,34609,34232,34319,33369,33258,33991,34451,34822,35565,36830,38099,37696,37994,38073,39159,39624,40239,39831,39657,37546,37260,36804,36148,36283,37174
 "40047","Garfield, OK",6,CAINC4,7020,"..."," Wage and salary employment ","Number of jobs",21168,21340,21119,21617,22049,22731,23050,23529,24863,26150,27157,28869,30963,30743,28371,28603,27070,24970,24113,24006,23891,24327,24717,24640,25198,25738,25666,25777,26555,27032,26549,26494,25843,25833,26262,26813,26952,27528,28202,29052,28555,28684,29013,29511,29806,30383,29943,29665,27771,27541,27696,26549,26386,26688
 "40047","Garfield, OK",6,CAINC4,7040,"..."," Proprietors employment ","Number of jobs",6032,6095,6114,6264,6339,6399,6318,6204,6293,6332,6635,7005,7636,7853,8356,8259,8051,7301,7410,7602,7411,7395,7470,7221,7509,7678,7853,7722,7788,7577,7683,7825,7526,7425,7729,7638,7870,8037,8628,9047,9141,9310,9060,9648,9818,9856,9888,9992,9775,9719,9108,9599,9897,10486
 "40049","Garvin, OK",6,CAINC4,10,"...","Personal income (thousands of dollars) ","Thousands of dollars",67234,74644,79958,84945,99986,113365,128467,141314,160331,179578,220381,251359,299929,339715,336709,352638,369036,355842,338080,352410,370182,382264,398872,406557,431194,457720,470169,499227,528641,529706,530921,554237,615049,623677,649917,689616,718932,794376,893794,934626,893272,903431,946249,991719,1002144,1062810,1024851,966314,1004002,1054531,1104270,1208119,1282423,1275240
 "40049","Garvin, OK",6,CAINC4,11,"..."," Nonfarm personal income 1/","Thousands of dollars",65192,72637,78305,84115,94491,110769,125779,138749,157423,180523,217298,251590,297755,339846,335363,352421,368274,357791,338302,347601,363837,379120,396024,399285,426183,450745,472660,500906,527668,532636,526480,550663,610527,610533,647729,684817,715019,796715,889148,939633,899719,904161,946981,986595,1004734,1052157,1016643,971107,1009480,1063207,1113031,1217593,1290617,1297408
 "40049","Garvin, OK",6,CAINC4,12,"..."," Farm income 2/","Thousands of dollars",2042,2007,1653,830,5495,2596,2688,2565,2908,-945,3083,-231,2174,-131,1346,217,762,-1949,-222,4809,6345,3144,2848,7272,5011,6975,-2491,-1679,973,-2930,4441,3574,4522,13144,2188,4799,3913,-2339,4646,-5007,-6447,-730,-732,5124,-2590,10653,8208,-4793,-5478,-8676,-8761,-9474,-8194,-22168
 "40049","Garvin, OK",6,CAINC4,20,"...","Population (persons) 3/","Number of persons",26119,25049,25903,26344,26155,26499,26925,27046,26913,27261,27384,28032,28684,29893,30552,30118,29350,29199,28230,27418,26843,26578,26592,26586,26587,26729,26856,26841,26940,26967,26971,27258,27034,27083,27068,26942,27089,27249,27399,27529,27582,27525,27209,26886,26767,26747,26834,26661,26394,26074,25820,25645,25738,25713
 "40049","Garvin, OK",6,CAINC4,30,"...","Per capita personal income (dollars) 4/","Dollars",2574,2980,3087,3224,3823,4278,4771,5225,5957,6587,8048,8967,10456,11364,11021,11709,12574,12187,11976,12853,13791,14383,15000,15292,16218,17124,17507,18599,19623,19643,19685,20333,22751,23028,24011,25596,26540,29152,32621,33951,32386,32822,34777,36886,37440,39736,38192,36244,38039,40444,42768,47109,49826,49595
 "40049","Garvin, OK",6,CAINC4,35,"...","Earnings by place of work ","Thousands of dollars",49454,53766,56024,58852,70879,79067,86668,94255,107569,119817,154657,163937,193862,217573,196099,205066,210364,190828,180742,187254,192325,200322,212046,212992,225457,244707,242224,259534,280940,285077,289035,301329,344998,362768,372721,395379,421886,466752,565412,541266,508746,529855,562137,643804,675736,739272,687821,629580,661036,693385,737508,753649,802766,816357
 "40049","Garvin, OK",6,CAINC4,36,"...","Less: Contributions for government social insurance 5/","Thousands of dollars",3166,3435,3725,4140,5448,6547,7089,7725,8745,10383,13755,14907,18749,22169,19210,20398,21164,19642,19097,20609,21424,22990,25069,24385,26183,28475,29637,30467,31597,32314,32922,34257,38836,40567,42404,46059,49093,52694,61468,60906,58615,59327,58140,65038,74742,78863,74767,71658,76788,81578,85151,87333,91470,97808
 "40049","Garvin, OK",6,CAINC4,37,"..."," Employee and self-employed contributions for government social insurance ","Thousands of dollars",1805,1971,2140,2333,3045,3638,3922,4176,4746,5590,7258,7959,10012,11579,10069,10624,11401,10737,10357,11447,12198,12739,13873,13767,14581,15850,16495,17114,18122,18807,19233,19713,21600,22391,23043,24347,26228,28586,35187,33489,32763,33185,27982,30279,38865,41857,40277,40049,42777,45662,47820,49928,51808,55877
 "40049","Garvin, OK",6,CAINC4,38,"..."," Employer contributions for government social insurance ","Thousands of dollars",1361,1464,1585,1807,2403,2909,3167,3549,3999,4793,6497,6948,8737,10590,9141,9774,9763,8905,8740,9162,9226,10251,11196,10618,11602,12625,13142,13353,13475,13507,13689,14544,17236,18176,19361,21712,22865,24108,26281,27417,25852,26142,30158,34759,35877,37006,34490,31609,34011,35916,37331,37405,39662,41931
 "40049","Garvin, OK",6,CAINC4,42,"...","Plus: Adjustment for residence 6/","Thousands of dollars",1276,1782,2239,3014,3286,3256,3596,4544,5448,6370,4972,9570,10205,9252,10147,9177,7344,8665,8149,10128,11023,9384,8491,12176,12530,12039,12240,12550,12637,14201,16844,19178,16111,17163,18556,17327,18331,19453,-1929,21665,15305,8325,-4436,-29806,-48914,-61781,-43701,-39780,-41266,-42112,-51468,-54205,-58936,-58314
 "40049","Garvin, OK",6,CAINC4,45,"...","Equals: Net earnings by place of residence ","Thousands of dollars",47564,52113,54538,57726,68717,75776,83175,91074,104272,115804,145874,158600,185318,204656,187036,193845,196544,179851,169794,176773,181924,186716,195468,200783,211804,228271,224827,241617,261980,266964,272957,286250,322273,339364,348873,366647,391124,433511,502015,502025,465436,478853,499561,548960,552080,598628,569353,518142,542982,569695,600889,612111,652360,660235
 "40049","Garvin, OK",6,CAINC4,46,"...","Plus: Dividends, interest, and rent 7/","Thousands of dollars",9636,10960,12403,13110,15614,18448,21229,23277,26575,31228,36366,48100,62312,74272,79776,85171,93112,89055,82052,83098,88959,88645,88251,83546,84457,87291,96777,103285,109345,110057,107227,111823,120718,105430,112693,121372,123130,135346,159412,183036,164282,155979,178459,171791,176943,189547,188882,173228,179062,198853,203007,231429,214977,227083
 "40049","Garvin, OK",6,CAINC4,47,"...","Plus: Personal current transfer receipts ","Thousands of dollars",10034,11571,13017,14109,15655,19141,24063,26963,29484,32546,38141,44659,52299,60787,69897,73622,79380,86936,86234,92539,99299,106903,115153,122228,134933,142158,148565,154325,157316,152685,150737,156164,172058,178883,188351,201597,204678,225519,232367,249565,263554,268599,268229,270968,273121,274635,266616,274944,281958,285983,300374,364579,415086,387922
 "40049","Garvin, OK",6,CAINC4,50,"...","Wages and salaries ","Thousands of dollars",33949,37287,38017,39905,45006,52926,57424,62450,71198,82456,107801,117817,141654,163479,139654,142931,145521,128130,122563,122129,123589,133162,143859,136654,143684,153927,160471,170395,180977,189703,196186,207306,227827,232385,242129,263041,283495,315056,397024,371418,344584,349066,370857,421354,440150,482656,456688,436426,467054,494265,517259,504539,527771,563592
 "40049","Garvin, OK",6,CAINC4,60,"...","Supplements to wages and salaries ","Thousands of dollars",4022,4547,4778,5362,6165,7434,8562,9336,11375,13393,17801,19199,23278,27943,26293,27873,29122,27693,27280,26296,28202,31199,34835,35605,38255,41121,41965,43172,44200,44035,44495,47834,58324,59466,64138,71615,76141,82614,88910,88071,89003,93761,97120,105790,113691,121082,121316,116931,121174,126160,130749,127851,129262,135715
 "40049","Garvin, OK",6,CAINC4,61,"..."," Employer contributions for employee pension and insurance funds 8/","Thousands of dollars",2661,3083,3193,3555,3762,4525,5395,5787,7376,8600,11304,12251,14541,17353,17152,18099,19359,18788,18540,17134,18976,20948,23639,24987,26653,28496,28823,29819,30725,30528,30806,33290,41088,41290,44777,49903,53276,58506,62629,60654,63151,67619,66962,71031,77814,84076,86826,85322,87163,90244,93418,90446,89600,93784
 "40049","Garvin, OK",6,CAINC4,62,"..."," Employer contributions for government social insurance ","Thousands of dollars",1361,1464,1585,1807,2403,2909,3167,3549,3999,4793,6497,6948,8737,10590,9141,9774,9763,8905,8740,9162,9226,10251,11196,10618,11602,12625,13142,13353,13475,13507,13689,14544,17236,18176,19361,21712,22865,24108,26281,27417,25852,26142,30158,34759,35877,37006,34490,31609,34011,35916,37331,37405,39662,41931
 "40049","Garvin, OK",6,CAINC4,70,"...","Proprietors' income 9/","Thousands of dollars",11483,11932,13229,13585,19708,18707,20682,22469,24996,23968,29055,26921,28930,26151,30152,34262,35721,35005,30899,38829,40534,35961,33352,40733,43518,49659,39788,45967,55763,51339,48354,46189,58847,70917,66454,60723,62250,69082,79478,81777,75159,87028,94160,116660,121895,135534,109817,76223,72808,72960,89500,121259,145733,117050
 "40049","Garvin, OK",6,CAINC4,71,"..."," Farm proprietors' income ","Thousands of dollars",1195,1110,862,-6,4665,1644,1735,1450,1524,-1957,1869,-1591,738,-1826,-249,-1363,-813,-3418,-1728,3186,4666,1275,1098,5725,3295,5376,-4354,-3557,-1016,-4841,2367,1595,2309,11592,452,2393,1674,-4481,1676,-8448,-9220,-3529,-3875,1076,-5964,7022,5986,-7270,-8055,-10909,-11630,-12434,-10869,-25260
 "40049","Garvin, OK",6,CAINC4,72,"..."," Nonfarm proprietors' income ","Thousands of dollars",10288,10822,12367,13591,15043,17063,18947,21019,23472,25925,27186,28512,28192,27977,30401,35625,36534,38423,32627,35643,35868,34686,32254,35008,40223,44283,44142,49524,56779,56180,45987,44594,56538,59325,66002,58330,60576,73563,77802,90225,84379,90557,98035,115584,127859,128512,103831,83493,80863,83869,101130,133693,156602,142310
 "40049","Garvin, OK",6,CAINC4,7010,"...","Total employment ","Number of jobs",9947,10158,10041,10481,10652,11198,11249,11166,11325,11777,12862,12879,13455,14017,13491,13584,13283,12631,13160,12802,12474,12738,13028,12454,12794,13198,13295,13623,13960,13885,14008,14274,14340,14212,14059,14271,14729,15020,15731,16051,15717,15420,15499,16150,16429,16625,16407,15972,15774,15858,15701,15465,15364,15790
 "40049","Garvin, OK",6,CAINC4,7020,"..."," Wage and salary employment ","Number of jobs",6851,7121,6991,7146,7529,8006,7867,7912,7919,8252,9283,9218,9667,10168,9369,9292,8879,8321,8420,8098,7884,8190,8495,8082,8206,8534,8546,8814,8932,8826,8852,9007,9443,9394,9276,9514,9718,9953,10480,10693,10267,9916,10021,10448,10611,10810,10642,10337,10287,10512,10595,10261,10169,10359
 "40049","Garvin, OK",6,CAINC4,7040,"..."," Proprietors employment ","Number of jobs",3096,3037,3050,3335,3123,3192,3382,3254,3406,3525,3579,3661,3788,3849,4122,4292,4404,4310,4740,4704,4590,4548,4533,4372,4588,4664,4749,4809,5028,5059,5156,5267,4897,4818,4783,4757,5011,5067,5251,5358,5450,5504,5478,5702,5818,5815,5765,5635,5487,5346,5106,5204,5195,5431
 "40051","Grady, OK",6,CAINC4,10,"...","Personal income (thousands of dollars) ","Thousands of dollars",85445,93987,106278,119942,143870,155283,174781,197340,221046,259246,298813,350538,418722,478624,490633,514593,522632,505330,489694,510745,535020,551369,575930,609647,635218,670684,701625,753207,784880,848314,877140,952973,1019115,1076496,1134794,1215446,1295365,1394943,1478579,1675013,1625042,1726267,1885620,1929163,1968510,2113101,2052238,2006085,2102232,2218962,2328939,2456904,2679721,2727531
 "40051","Grady, OK",6,CAINC4,11,"..."," Nonfarm personal income 1/","Thousands of dollars",79692,87708,101017,114203,130066,147175,167299,190959,219235,254739,294529,347612,414418,474520,485592,511395,515026,497019,480891,497670,519938,540483,567809,593332,617882,652588,697324,744733,774714,837006,860761,935193,995819,1050760,1116961,1182106,1260774,1378730,1460722,1641503,1617262,1705169,1852379,1885702,1934520,2065154,2021223,1996898,2090499,2206833,2315049,2445976,2650422,2724045
 "40051","Grady, OK",6,CAINC4,12,"..."," Farm income 2/","Thousands of dollars",5753,6279,5261,5739,13804,8108,7482,6381,1811,4507,4284,2926,4304,4104,5041,3198,7606,8311,8803,13075,15082,10886,8121,16315,17336,18096,4301,8474,10166,11308,16379,17780,23296,25736,17833,33340,34591,16213,17857,33510,7780,21098,33241,43461,33990,47947,31015,9187,11733,12129,13890,10928,29299,3486
 "40051","Grady, OK",6,CAINC4,20,"...","Population (persons) 3/","Number of persons",29269,29532,30587,32074,32860,34000,34994,36121,36917,37543,38655,39795,40943,43836,45454,45098,45013,43899,43089,42587,42247,41660,41673,41795,42254,42646,43399,44297,44760,44999,45280,45534,45856,46691,47277,48167,49256,50462,50931,51621,52231,52411,52625,52804,53313,53455,54022,54030,54064,54540,54777,54873,55608,56658
 "40051","Grady, OK",6,CAINC4,30,"...","Per capita personal income (dollars) 4/","Dollars",2919,3183,3475,3740,4378,4567,4995,5463,5988,6905,7730,8809,10227,10919,10794,11411,11611,11511,11365,11993,12664,13235,13820,14587,15033,15727,16167,17004,17535,18852,19371,20929,22224,23056,24003,25234,26299,27643,29031,32448,31113,32937,35831,36534,36924,39530,37989,37129,38884,40685,42517,44774,48189,48140
 "40051","Grady, OK",6,CAINC4,35,"...","Earnings by place of work ","Thousands of dollars",54727,58427,65172,74769,92511,94293,102725,117789,130471,154957,173283,194408,227406,255549,254490,263619,263348,252809,249000,265917,270360,276068,293384,315872,335063,356969,374622,398120,405276,428107,423934,450369,481818,523086,532270,580807,605581,632652,635878,706396,648183,704939,760699,808027,804682,867637,815645,745912,755443,844531,894774,853546,887773,930877
 "40051","Grady, OK",6,CAINC4,36,"...","Less: Contributions for government social insurance 5/","Thousands of dollars",3270,3499,4109,4942,6533,7286,8054,9373,10765,12890,14998,17050,21474,24925,24180,25788,25942,25530,25949,28630,29553,31693,34185,35844,38436,41352,45201,46096,46094,47480,47045,49450,53310,58443,60331,64669,66916,71017,72645,76693,74217,77283,76144,80427,88837,92711,89721,86530,89679,101953,106921,100983,103995,114860
 "40051","Grady, OK",6,CAINC4,37,"..."," Employee and self-employed contributions for government social insurance ","Thousands of dollars",1858,1987,2315,2698,3568,4009,4362,4919,5654,6726,7839,9000,11305,13083,12568,13189,13667,13430,13524,15129,15874,16558,18238,18978,19918,21578,23689,24436,24819,26184,26400,27312,28425,30803,31196,32744,34219,37350,39078,41550,41304,43252,37304,38273,47090,50185,49773,50134,52128,59029,62013,59033,60326,67083
 "40051","Grady, OK",6,CAINC4,38,"..."," Employer contributions for government social insurance ","Thousands of dollars",1412,1512,1794,2244,2965,3277,3692,4454,5111,6164,7159,8050,10169,11842,11612,12599,12275,12100,12425,13501,13679,15135,15947,16866,18518,19774,21512,21660,21275,21296,20645,22138,24885,27640,29135,31925,32697,33667,33567,35143,32913,34031,38840,42154,41747,42526,39948,36396,37551,42924,44908,41950,43669,47777
 "40051","Grady, OK",6,CAINC4,42,"...","Plus: Adjustment for residence 6/","Thousands of dollars",9892,11190,13108,15596,18084,21193,24405,27649,33014,41298,51859,64687,76086,84697,78208,82747,85338,84418,82898,86975,94243,102085,105028,108764,114032,121186,118302,131155,151337,179067,202546,231207,247078,261302,291928,298981,316423,362563,397953,457042,435672,446397,487524,517204,546959,569939,584620,581915,627437,627241,645157,673214,723643,784841
 "40051","Grady, OK",6,CAINC4,45,"...","Equals: Net earnings by place of residence ","Thousands of dollars",61349,66118,74171,85423,104062,108200,119076,136065,152720,183365,210144,242045,282018,315321,308518,320578,322744,311697,305949,324262,335050,346460,364227,388792,410659,436803,447723,483179,510519,559694,579435,632126,675586,725945,763867,815119,855088,924198,961186,1086745,1009638,1074053,1172079,1244804,1262804,1344865,1310544,1241297,1293201,1369819,1433010,1425777,1507421,1600858
 "40051","Grady, OK",6,CAINC4,46,"...","Plus: Dividends, interest, and rent 7/","Thousands of dollars",12657,14949,17587,18803,22204,25810,29493,32969,38121,44187,51943,66492,89057,109044,120450,131364,133956,123499,112346,112204,120415,118356,115985,113792,113104,116062,126501,135702,142980,148873,151259,165851,177240,162770,170565,187941,206395,215060,241499,273810,275095,282059,345363,311454,329806,375236,335783,338622,361158,386607,409768,411300,475942,508726
 "40051","Grady, OK",6,CAINC4,47,"...","Plus: Personal current transfer receipts ","Thousands of dollars",11439,12920,14520,15716,17604,21273,26212,28306,30205,31694,36726,42001,47647,54259,61665,62651,65932,70134,71399,74279,79555,86553,95718,107063,111455,117819,127401,134326,131381,139747,146446,154996,166289,187781,200362,212386,233882,255685,275894,314458,340309,370155,368178,372905,375900,393000,405911,426166,447873,462536,486161,619827,696358,617947
 "40051","Grady, OK",6,CAINC4,50,"...","Wages and salaries ","Thousands of dollars",35421,38260,42876,49361,56806,60621,67710,78847,90310,104241,117634,135016,161737,184041,176641,182758,178842,170349,173820,179519,180611,193895,200658,212354,225042,239696,262725,273216,278569,287920,288688,304405,327059,349405,359591,378412,390736,417436,428513,462292,427316,435625,467539,496781,499323,536012,517510,493719,508331,579522,611863,555234,577007,636280
 "40051","Grady, OK",6,CAINC4,60,"...","Supplements to wages and salaries ","Thousands of dollars",4023,4440,5289,6665,7792,8643,10239,12195,14528,16884,20098,23209,28076,32213,33252,35269,35143,35373,35452,38287,39166,43100,46877,53282,57976,61006,63808,65488,63872,65070,64445,71290,78119,87430,91840,99440,103597,102222,102691,106005,102724,110442,115506,119334,124734,131733,131075,125213,128503,142670,146476,138312,139082,147764
 "40051","Grady, OK",6,CAINC4,61,"..."," Employer contributions for employee pension and insurance funds 8/","Thousands of dollars",2611,2928,3495,4421,4827,5366,6547,7741,9417,10720,12939,15159,17907,20371,21640,22670,22868,23273,23027,24786,25487,27965,30930,36416,39458,41232,42296,43828,42597,43774,43800,49152,53234,59790,62705,67515,70900,68555,69124,70862,69811,76411,76666,77180,82987,89207,91127,88817,90952,99746,101568,96362,95413,99987
 "40051","Grady, OK",6,CAINC4,62,"..."," Employer contributions for government social insurance ","Thousands of dollars",1412,1512,1794,2244,2965,3277,3692,4454,5111,6164,7159,8050,10169,11842,11612,12599,12275,12100,12425,13501,13679,15135,15947,16866,18518,19774,21512,21660,21275,21296,20645,22138,24885,27640,29135,31925,32697,33667,33567,35143,32913,34031,38840,42154,41747,42526,39948,36396,37551,42924,44908,41950,43669,47777
 "40051","Grady, OK",6,CAINC4,70,"...","Proprietors' income 9/","Thousands of dollars",15283,15727,17007,18743,27913,25029,24776,26747,25633,33832,35551,36183,37593,39295,44597,45592,49363,47087,39728,48111,50583,39073,45849,50236,52045,56267,48089,59416,62835,75117,70801,74674,76640,86251,80839,102955,111248,112994,104674,138099,118143,158872,177654,191912,180625,199892,167060,126980,118609,122339,136435,160000,171684,146833
 "40051","Grady, OK",6,CAINC4,71,"..."," Farm proprietors' income ","Thousands of dollars",4703,5098,4145,4479,12410,6416,5604,3997,-1391,1954,1485,18,1427,870,2081,414,4995,6063,6733,10047,11170,5636,2430,10460,10905,12090,-2710,1492,2772,4169,8517,10378,15116,20025,11285,24333,26072,8194,6601,21936,-527,13495,25492,34317,26380,39745,25989,3582,5902,7088,7408,4249,23266,-3491
 "40051","Grady, OK",6,CAINC4,72,"..."," Nonfarm proprietors' income ","Thousands of dollars",10580,10629,12862,14264,15503,18613,19172,22750,27024,31878,34066,36165,36166,38425,42516,45178,44368,41024,32995,38064,39413,33437,43419,39776,41140,44177,50799,57924,60063,70948,62284,64296,61524,66226,69554,78622,85176,104800,98073,116163,118670,145377,152162,157595,154245,160147,141071,123398,112707,115251,129027,155751,148418,150324
 "40051","Grady, OK",6,CAINC4,7010,"...","Total employment ","Number of jobs",11389,11294,11781,12731,13116,13173,13359,14077,14773,15428,16032,16598,17479,18147,18055,18260,17481,16356,16726,16656,16473,17130,16700,17101,17689,18274,19128,19656,19944,20387,19778,20214,19588,19897,19641,19879,20178,20024,20366,20672,19818,19561,20089,20406,20688,21211,20676,21493,21448,22242,22273,21207,21145,22330
 "40051","Grady, OK",6,CAINC4,7020,"..."," Wage and salary employment ","Number of jobs",7624,7738,8094,8780,9379,9427,9624,10389,10905,11433,11877,12255,12959,13103,12617,12791,12085,11313,11508,11554,11318,11975,11517,11928,12345,12710,13281,13672,13718,13748,13125,13432,13780,14176,13877,14087,14245,14129,14215,14502,13582,13346,13590,13728,13829,14175,13743,13521,13567,14315,14498,13305,12981,13757
 "40051","Grady, OK",6,CAINC4,7040,"..."," Proprietors employment ","Number of jobs",3765,3556,3687,3951,3737,3746,3735,3688,3868,3995,4155,4343,4520,5044,5438,5469,5396,5043,5218,5102,5155,5155,5183,5173,5344,5564,5847,5984,6226,6639,6653,6782,5808,5721,5764,5792,5933,5895,6151,6170,6236,6215,6499,6678,6859,7036,6933,7972,7881,7927,7775,7902,8164,8573
 "40053","Grant, OK",6,CAINC4,10,"...","Personal income (thousands of dollars) ","Thousands of dollars",24097,28845,32912,34388,40057,43379,44751,40808,46304,46123,60952,63341,71370,104162,82093,112581,100380,93575,89472,99664,106246,109191,92005,100989,104962,110177,95510,97572,121592,118478,114754,120712,118474,123773,136437,153471,144635,150108,159856,203965,159966,169337,199166,210786,212524,222335,215750,187944,178690,179155,202999,224352,244852,204426
 "40053","Grant, OK",6,CAINC4,11,"..."," Nonfarm personal income 1/","Thousands of dollars",16423,17190,18874,19978,23252,27245,30758,32918,36721,41221,46514,55496,68560,76887,79386,88388,89068,80521,75459,76914,80595,81592,82225,82032,86174,88498,92521,95658,100522,101182,98368,103982,109766,112118,116616,120838,128070,131699,145450,162618,145876,154038,167213,172143,189034,211036,199905,180402,173446,176946,183688,197105,204407,202765
 "40053","Grant, OK",6,CAINC4,12,"..."," Farm income 2/","Thousands of dollars",7674,11655,14038,14410,16805,16134,13993,7890,9583,4902,14438,7845,2810,27275,2707,24193,11312,13054,14013,22750,25651,27599,9780,18957,18788,21679,2989,1914,21070,17296,16386,16730,8708,11655,19821,32633,16565,18409,14406,41347,14090,15299,31953,38643,23490,11299,15845,7542,5244,2209,19311,27247,40445,1661
 "40053","Grant, OK",6,CAINC4,20,"...","Population (persons) 3/","Number of persons",7468,7111,7048,6899,6882,6690,6728,7004,6896,6743,6583,6557,6704,6669,6792,6725,6617,6470,6216,5974,5757,5677,5570,5483,5550,5535,5428,5441,5378,5278,5171,5127,5047,4979,4939,4789,4771,4645,4633,4598,4484,4531,4537,4486,4450,4382,4389,4327,4232,4153,4145,4174,4153,4124
 "40053","Grant, OK",6,CAINC4,30,"...","Per capita personal income (dollars) 4/","Dollars",3227,4056,4670,4984,5821,6484,6651,5826,6715,6840,9259,9660,10646,15619,12087,16741,15170,14463,14394,16683,18455,19234,16518,18419,18912,19906,17596,17933,22609,22448,22192,23544,23474,24859,27624,32047,30315,32316,34504,44360,35675,37373,43898,46988,47758,50738,49157,43435,42224,43139,48974,53750,58958,49570
 "40053","Grant, OK",6,CAINC4,35,"...","Earnings by place of work ","Thousands of dollars",15980,19874,22811,23792,27461,29378,28151,23233,27001,24496,36963,33820,35241,61158,36689,61845,47181,46318,45486,56190,61331,63524,45939,56483,58173,61062,44537,43078,65412,62512,57845,59710,54442,58569,68039,81995,72594,75571,72949,110449,81387,90247,112424,132833,157693,160642,149383,115840,111178,108751,128042,135625,142507,111670
 "40053","Grant, OK",6,CAINC4,36,"...","Less: Contributions for government social insurance 5/","Thousands of dollars",545,559,609,663,867,1114,1166,1278,1451,1663,1999,2387,3199,3379,3333,3610,3614,3575,3502,3936,4268,4348,4527,4663,4907,4934,5356,5199,5447,5564,5124,5176,5438,5655,5707,5967,6658,6726,7003,7500,7611,8249,8085,9253,14376,15622,14839,12480,12440,12647,13026,13026,12435,13859
 "40053","Grant, OK",6,CAINC4,37,"..."," Employee and self-employed contributions for government social insurance ","Thousands of dollars",340,345,375,406,523,652,680,705,797,914,1090,1293,1710,1840,1791,1969,2015,1931,1897,2189,2441,2398,2500,2584,2702,2731,2939,2843,3011,3078,2922,2950,3064,3188,3197,3302,3723,3813,4072,4434,4531,4851,4225,4610,7693,8427,7943,6951,6978,7214,7433,7509,7166,7921
 "40053","Grant, OK",6,CAINC4,38,"..."," Employer contributions for government social insurance ","Thousands of dollars",205,214,234,257,344,462,486,573,654,749,909,1094,1489,1539,1542,1641,1599,1644,1605,1747,1827,1950,2027,2079,2205,2203,2417,2356,2436,2486,2202,2226,2374,2467,2510,2665,2935,2913,2931,3066,3080,3398,3860,4643,6683,7195,6896,5529,5462,5433,5593,5517,5269,5938
 "40053","Grant, OK",6,CAINC4,42,"...","Plus: Adjustment for residence 6/","Thousands of dollars",1158,1220,1252,1330,1401,1373,1596,1675,1731,1839,1749,1668,1319,2357,2676,3194,3644,3532,3656,4002,3662,4092,4613,4988,5491,6246,5882,6735,7303,7877,9030,9954,11098,12325,12778,14190,13709,15710,19241,19847,15015,12918,10668,5404,-19042,-21980,-16045,-3859,-5729,-5864,-4545,2411,6153,3741
 "40053","Grant, OK",6,CAINC4,45,"...","Equals: Net earnings by place of residence ","Thousands of dollars",16593,20535,23454,24459,27995,29637,28581,23630,27281,24672,36713,33101,33361,60136,36032,61429,47211,46275,45640,56256,60725,63268,46025,56808,58757,62374,45063,44614,67268,64825,61751,64488,60102,65239,75110,90218,79645,84555,85187,122796,88791,94916,115007,128984,124275,123040,118499,99501,93009,90240,110471,125010,136225,101552
 "40053","Grant, OK",6,CAINC4,46,"...","Plus: Dividends, interest, and rent 7/","Thousands of dollars",4923,5437,6185,6399,8024,9140,10678,11182,12563,14163,16076,21163,27495,32559,33457,37481,39304,33020,29566,29051,30113,30043,29180,26111,27646,27654,28716,30291,31667,31995,31544,34058,34577,33020,34999,35845,36427,34806,42465,46369,35624,37351,48635,46940,52740,62128,57770,48224,47407,49031,49170,45388,48819,50586
 "40053","Grant, OK",6,CAINC4,47,"...","Plus: Personal current transfer receipts ","Thousands of dollars",2581,2873,3273,3530,4038,4602,5492,5996,6460,7288,8163,9077,10514,11467,12604,13671,13865,14280,14266,14357,15408,15880,16800,18070,18559,20149,21731,22667,22657,21658,21459,22166,23795,25514,26328,27408,28563,30747,32204,34800,35551,37070,35524,34862,35509,37167,39481,40219,38274,39884,43358,53954,59808,52288
 "40053","Grant, OK",6,CAINC4,50,"...","Wages and salaries ","Thousands of dollars",5208,5528,5498,5824,6637,8592,9035,10150,11700,12460,14989,18367,23922,24570,24160,24453,24113,23883,23128,23901,24865,25722,26460,27171,28002,27517,29976,30037,31603,33088,30370,31025,31752,32077,32588,33860,38519,38433,40933,44342,45105,48175,52731,62596,93506,103514,96038,77806,77496,78124,81149,77942,73461,81245
 "40053","Grant, OK",6,CAINC4,60,"...","Supplements to wages and salaries ","Thousands of dollars",570,623,681,735,870,1096,1229,1373,1622,1854,2210,2681,3721,4078,4301,4525,4529,4772,4684,4820,5216,5632,6055,6660,7035,7017,7389,7328,7544,7751,7487,7887,8580,8344,8552,9153,10043,10153,10231,10619,11171,12800,13117,15027,21334,23175,22471,18869,19263,19516,19089,19554,18359,19278
 "40053","Grant, OK",6,CAINC4,61,"..."," Employer contributions for employee pension and insurance funds 8/","Thousands of dollars",365,409,447,478,526,634,743,800,968,1105,1301,1587,2232,2539,2759,2884,2930,3128,3079,3073,3389,3682,4028,4581,4830,4814,4972,4972,5108,5265,5285,5661,6206,5877,6042,6488,7108,7240,7300,7553,8091,9402,9257,10384,14651,15980,15575,13340,13801,14083,13496,14037,13090,13340
 "40053","Grant, OK",6,CAINC4,62,"..."," Employer contributions for government social insurance ","Thousands of dollars",205,214,234,257,344,462,486,573,654,749,909,1094,1489,1539,1542,1641,1599,1644,1605,1747,1827,1950,2027,2079,2205,2203,2417,2356,2436,2486,2202,2226,2374,2467,2510,2665,2935,2913,2931,3066,3080,3398,3860,4643,6683,7195,6896,5529,5462,5433,5593,5517,5269,5938
 "40053","Grant, OK",6,CAINC4,70,"...","Proprietors' income 9/","Thousands of dollars",10202,13723,16632,17233,19954,19690,17887,11710,13679,10182,19764,12772,7598,32510,8228,32867,18539,17663,17674,27469,31250,32170,13424,22652,23136,26528,7172,5713,26265,21673,19988,20798,14110,18148,26899,38982,24032,26985,21785,55488,25111,29272,46576,55210,42853,33953,30874,19165,14419,11111,27804,38129,50687,11147
 "40053","Grant, OK",6,CAINC4,71,"..."," Farm proprietors' income ","Thousands of dollars",6945,10846,13290,13580,15928,15081,12866,6497,7751,3501,12858,6162,1115,25321,912,22489,9686,11622,12651,21234,24041,25746,7998,17327,16971,19968,976,-120,18902,15354,14413,15005,6950,10527,18469,30678,14630,16498,11605,38220,11676,12906,29347,35304,20709,8318,14003,5525,3142,357,16946,24806,38257,-868
 "40053","Grant, OK",6,CAINC4,72,"..."," Nonfarm proprietors' income ","Thousands of dollars",3257,2877,3342,3653,4026,4609,5021,5213,5928,6681,6906,6610,6483,7189,7316,10378,8853,6041,5023,6235,7209,6424,5426,5325,6165,6560,6196,5833,7363,6319,5575,5793,7160,7621,8430,8304,9402,10487,10180,17268,13435,16366,17229,19906,22144,25635,16871,13640,11277,10754,10858,13323,12430,12015
 "40053","Grant, OK",6,CAINC4,7010,"...","Total employment ","Number of jobs",3652,3670,3543,3609,3512,3596,3368,3248,3286,3199,3172,3224,3529,3439,3531,3491,3259,3107,3021,2974,3071,3055,3043,3031,3054,3030,3050,2979,3027,2932,2793,2816,2721,2714,2657,2681,2687,2677,2741,2737,2745,2760,2820,2999,3605,3689,3467,3223,3085,2994,2895,2961,2898,2968
 "40053","Grant, OK",6,CAINC4,7020,"..."," Wage and salary employment ","Number of jobs",1273,1279,1231,1271,1298,1432,1402,1442,1536,1520,1556,1644,1865,1844,1840,1832,1646,1596,1536,1533,1516,1525,1531,1507,1487,1468,1557,1536,1573,1528,1375,1379,1367,1373,1315,1325,1345,1342,1324,1344,1346,1381,1374,1517,2100,2210,1947,1694,1617,1557,1540,1566,1496,1525
 "40053","Grant, OK",6,CAINC4,7040,"..."," Proprietors employment ","Number of jobs",2379,2391,2312,2338,2214,2164,1966,1806,1750,1679,1616,1580,1664,1595,1691,1659,1613,1511,1485,1441,1555,1530,1512,1524,1567,1562,1493,1443,1454,1404,1418,1437,1354,1341,1342,1356,1342,1335,1417,1393,1399,1379,1446,1482,1505,1479,1520,1529,1468,1437,1355,1395,1402,1443
 "40055","Greer, OK",6,CAINC4,10,"...","Personal income (thousands of dollars) ","Thousands of dollars",19655,19863,19946,22933,31028,26973,30120,29799,32855,39275,51374,47007,56023,62336,68686,71825,70558,72999,72668,74400,76380,95861,91367,111550,102045,108578,110408,115176,124751,125395,125369,131598,132437,130149,129038,130734,130706,129788,125809,150333,143259,141456,152865,165523,181386,194437,174678,161454,164613,166262,177561,183487,193180,188865
 "40055","Greer, OK",6,CAINC4,11,"..."," Nonfarm personal income 1/","Thousands of dollars",15273,16448,17759,18691,20317,22815,25794,28080,31172,34891,39552,44796,50671,58790,63851,66359,66363,66798,65756,67037,71652,86168,87670,104798,93563,99474,106030,111382,115162,117021,115881,121107,123560,123055,121549,120585,121371,127970,127096,135973,143306,141984,148950,156955,166558,172043,167694,156308,159699,160182,170025,173649,181771,180458
 "40055","Greer, OK",6,CAINC4,12,"..."," Farm income 2/","Thousands of dollars",4382,3415,2187,4242,10711,4158,4326,1719,1683,4384,11822,2211,5352,3546,4835,5466,4195,6201,6912,7363,4728,9693,3697,6752,8482,9104,4378,3794,9589,8374,9488,10491,8877,7094,7489,10149,9335,1818,-1287,14360,-47,-528,3915,8568,14828,22394,6984,5146,4914,6080,7536,9838,11409,8407
 "40055","Greer, OK",6,CAINC4,20,"...","Population (persons) 3/","Number of persons",8213,7940,7723,7636,7472,7434,7296,7277,7209,6885,6881,7073,7244,7479,7537,7317,7097,6901,6913,6875,6710,6525,6384,6293,6278,6293,6459,6353,6135,6016,6193,6044,5894,5970,5942,6031,6082,6048,6160,6200,6273,6205,6116,6004,6065,6026,5914,5820,5639,5621,5504,5493,5483,5547
 "40055","Greer, OK",6,CAINC4,30,"...","Per capita personal income (dollars) 4/","Dollars",2393,2502,2583,3003,4153,3628,4128,4095,4557,5704,7466,6646,7734,8335,9113,9816,9942,10578,10512,10822,11383,14691,14312,17726,16254,17254,17094,18129,20334,20844,20244,21773,22470,21801,21716,21677,21491,21460,20424,24247,22837,22797,24994,27569,29907,32266,29536,27741,29192,29579,32260,33404,35233,34048
 "40055","Greer, OK",6,CAINC4,35,"...","Earnings by place of work ","Thousands of dollars",13224,12593,11829,14678,21855,16315,17314,15960,17775,22273,32028,24075,29346,31060,34252,35679,34095,36627,37876,39178,37523,44002,38798,44175,48326,52653,49965,52396,61480,61822,63206,65983,67247,66917,65260,69059,68681,64392,57070,75626,61346,53743,57827,65948,77356,85951,70478,63251,63070,63551,59851,62549,63949,61771
 "40055","Greer, OK",6,CAINC4,36,"...","Less: Contributions for government social insurance 5/","Thousands of dollars",660,694,761,850,1050,1183,1247,1366,1529,1738,2011,2196,2559,2966,3032,3179,3236,3347,3513,3997,4276,4361,4525,4783,5150,5624,6063,6207,6605,6605,6679,6847,7233,7457,7193,7458,7588,8052,7711,8021,8042,7179,6771,7187,8264,8128,7886,7569,7686,7860,7306,7732,7736,8339
 "40055","Greer, OK",6,CAINC4,37,"..."," Employee and self-employed contributions for government social insurance ","Thousands of dollars",397,421,465,512,626,703,738,781,870,983,1128,1216,1412,1621,1663,1746,1817,1868,1965,2262,2466,2415,2526,2655,2811,3027,3234,3303,3499,3545,3616,3668,3912,4034,3871,4044,4196,4444,4382,4561,4631,4205,3639,3725,4627,4659,4624,4634,4718,4902,4688,4903,4963,5406
 "40055","Greer, OK",6,CAINC4,38,"..."," Employer contributions for government social insurance ","Thousands of dollars",263,273,296,338,424,480,509,585,659,755,883,980,1147,1345,1369,1433,1419,1479,1548,1735,1810,1946,1999,2128,2339,2597,2829,2904,3106,3060,3063,3179,3321,3423,3322,3414,3392,3608,3329,3460,3411,2974,3132,3462,3637,3469,3262,2935,2968,2958,2618,2829,2773,2933
 "40055","Greer, OK",6,CAINC4,42,"...","Plus: Adjustment for residence 6/","Thousands of dollars",272,350,233,-11,-256,-222,-406,-307,-209,22,-33,-466,-1634,-1069,-567,-407,-583,-393,-382,-387,-421,11485,12086,12082,13315,13516,14519,15751,16112,17418,18176,19306,18110,16708,16276,14060,11755,9708,6870,2857,4887,11923,17622,23338,26734,27124,24345,21774,24574,26156,26288,23400,24553,26405
 "40055","Greer, OK",6,CAINC4,45,"...","Equals: Net earnings by place of residence ","Thousands of dollars",12836,12249,11301,13817,20549,14910,15661,14287,16037,20557,29984,21413,25153,27025,30653,32093,30276,32887,33981,34794,32826,51126,46359,51474,56491,60545,58421,61940,70987,72635,74703,78442,78124,76168,74343,75661,72848,66048,56229,70462,58191,58487,68678,82099,95826,104947,86937,77456,79958,81847,78833,78217,80766,79837
 "40055","Greer, OK",6,CAINC4,46,"...","Plus: Dividends, interest, and rent 7/","Thousands of dollars",3043,3421,3820,4045,4782,5482,6467,6821,7561,8678,10076,12953,16366,19564,20982,21797,21705,21192,19503,19810,22618,23015,21859,35512,19791,20852,22718,23438,24209,24056,22596,23701,23674,20396,20210,20312,20002,21506,25226,29218,29760,26456,29849,27461,30120,32002,30530,27505,28742,27514,31088,30228,28440,29612
 "40055","Greer, OK",6,CAINC4,47,"...","Plus: Personal current transfer receipts ","Thousands of dollars",3776,4193,4825,5071,5697,6581,7992,8691,9257,10040,11314,12641,14504,15747,17051,17935,18577,18920,19184,19796,20936,21720,23149,24564,25763,27181,29269,29798,29555,28704,28070,29455,30639,33585,34485,34761,37856,42234,44354,50653,55308,56513,54338,55963,55440,57488,57211,56493,55913,56901,67640,75042,83974,79416
 "40055","Greer, OK",6,CAINC4,50,"...","Wages and salaries ","Thousands of dollars",6677,7001,7085,7559,8029,8632,9031,10187,11828,12818,14737,15830,17606,20927,21823,21866,21781,22130,22722,23650,24583,25966,26507,27727,29102,31196,33192,34830,38012,38655,39987,41395,43396,43832,42086,42519,42937,45712,42796,45538,44817,38438,38947,42265,43484,43418,42292,40653,40351,40445,37051,37579,36992,39349
 "40055","Greer, OK",6,CAINC4,60,"...","Supplements to wages and salaries ","Thousands of dollars",734,802,874,1008,1089,1212,1305,1451,1692,1943,2235,2454,2876,3550,3839,4034,4162,4436,4675,5003,5528,6108,6406,7354,7977,8728,9290,10086,10780,11137,11254,12031,11745,12125,12150,12615,12858,13200,12926,13366,12879,11859,11760,11664,12947,13458,13641,12909,12767,12917,11662,11406,10353,10542
 "40055","Greer, OK",6,CAINC4,61,"..."," Employer contributions for employee pension and insurance funds 8/","Thousands of dollars",471,529,578,670,665,732,796,866,1033,1188,1352,1474,1729,2205,2470,2601,2743,2957,3127,3268,3718,4162,4407,5226,5638,6131,6461,7182,7674,8077,8191,8852,8424,8702,8828,9201,9466,9592,9597,9906,9468,8885,8628,8202,9310,9989,10379,9974,9799,9959,9044,8577,7580,7609
 "40055","Greer, OK",6,CAINC4,62,"..."," Employer contributions for government social insurance ","Thousands of dollars",263,273,296,338,424,480,509,585,659,755,883,980,1147,1345,1369,1433,1419,1479,1548,1735,1810,1946,1999,2128,2339,2597,2829,2904,3106,3060,3063,3179,3321,3423,3322,3414,3392,3608,3329,3460,3411,2974,3132,3462,3637,3469,3262,2935,2968,2958,2618,2829,2773,2933
 "40055","Greer, OK",6,CAINC4,70,"...","Proprietors' income 9/","Thousands of dollars",5813,4790,3870,6111,12737,6471,6978,4322,4255,7512,15056,5791,8864,6583,8590,9779,8152,10061,10479,10525,7412,11928,5885,9094,11247,12729,7483,7480,12688,12030,11965,12557,12106,10960,11024,13925,12886,5480,1348,16722,3650,3446,7120,12019,20925,29075,14545,9689,9952,10189,11138,13564,16604,11880
 "40055","Greer, OK",6,CAINC4,71,"..."," Farm proprietors' income ","Thousands of dollars",3938,2948,1780,3815,10296,3679,3784,1010,709,3627,11005,1378,4516,2654,4003,4666,3421,5501,6230,6642,3998,8891,2959,6103,7812,8522,3741,3198,9001,7791,8831,9853,8151,6574,6891,9313,8543,1053,-2359,13121,-1039,-1523,2806,7131,13629,21108,6195,4273,4005,5286,6519,8787,10462,7312
 "40055","Greer, OK",6,CAINC4,72,"..."," Nonfarm proprietors' income ","Thousands of dollars",1875,1842,2090,2296,2441,2792,3194,3312,3546,3885,4051,4413,4348,3929,4587,5113,4731,4560,4249,3883,3414,3037,2926,2991,3435,4207,3742,4282,3687,4239,3134,2704,3955,4386,4133,4612,4343,4427,3707,3601,4689,4969,4314,4888,7296,7967,8350,5416,5947,4903,4619,4777,6142,4568
 "40055","Greer, OK",6,CAINC4,7010,"...","Total employment ","Number of jobs",3378,3243,3153,3227,3123,3121,3011,2945,3019,3007,3033,2988,2993,3129,3171,3017,2768,2543,2506,2492,2468,2527,2419,2486,2597,2693,2774,2855,2942,2878,2822,2799,2732,2659,2564,2556,2504,2502,2486,2479,2407,2183,2212,2278,2351,2336,2312,2295,2151,2126,2014,1941,1911,1956
 "40055","Greer, OK",6,CAINC4,7020,"..."," Wage and salary employment ","Number of jobs",1808,1767,1667,1758,1703,1716,1686,1714,1765,1765,1794,1730,1772,1865,1811,1784,1686,1624,1689,1651,1643,1715,1629,1647,1732,1780,1816,1894,1942,1949,1873,1842,1840,1804,1712,1691,1657,1672,1558,1560,1522,1307,1291,1335,1379,1384,1365,1343,1262,1219,1115,1058,999,1015
 "40055","Greer, OK",6,CAINC4,7040,"..."," Proprietors employment ","Number of jobs",1570,1476,1486,1469,1420,1405,1325,1231,1254,1242,1239,1258,1221,1264,1360,1233,1082,919,817,841,825,812,790,839,865,913,958,961,1000,929,949,957,892,855,852,865,847,830,928,919,885,876,921,943,972,952,947,952,889,907,899,883,912,941
 "40057","Harmon, OK",6,CAINC4,10,"...","Personal income (thousands of dollars) ","Thousands of dollars",14635,13502,16345,15769,25701,18628,19767,19762,21484,24668,29125,26189,40514,44699,42661,42690,42181,46078,47562,49597,47484,54533,44285,52258,59783,62256,54777,56453,61602,60028,62754,61097,65549,63514,67208,70811,71552,68466,72190,81736,89806,103500,95695,102244,111250,112430,104033,99633,101861,99320,108134,114202,120876,115998
 "40057","Harmon, OK",6,CAINC4,11,"..."," Nonfarm personal income 1/","Thousands of dollars",9725,10173,11088,12029,13071,14437,16471,17777,19363,21277,23587,26675,29977,33226,34680,36826,38139,37999,38031,38440,40421,41726,42347,43296,45575,49029,51495,51795,54560,53819,50241,52392,55974,55721,56104,56648,58033,62257,65358,67885,75593,81940,81087,83452,89040,91036,92938,89524,89776,91435,95752,104330,104994,104490
 "40057","Harmon, OK",6,CAINC4,12,"..."," Farm income 2/","Thousands of dollars",4910,3329,5257,3740,12630,4191,3296,1985,2121,3391,5538,-486,10537,11473,7981,5864,4042,8079,9531,11157,7063,12807,1938,8962,14208,13227,3282,4658,7042,6209,12513,8705,9575,7793,11104,14163,13519,6209,6832,13851,14213,21560,14608,18792,22210,21394,11095,10109,12085,7885,12382,9872,15882,11508
 "40057","Harmon, OK",6,CAINC4,20,"...","Population (persons) 3/","Number of persons",5422,5067,4896,4800,4816,4831,5010,5203,5008,5036,4864,4543,4632,4555,4458,4382,4286,4113,4041,3933,3896,3774,3713,3636,3619,3555,3578,3534,3485,3433,3278,3272,3153,3051,2984,2936,2953,2915,2829,2827,2861,2919,2923,2894,2862,2763,2731,2653,2647,2610,2559,2473,2413,2428
 "40057","Harmon, OK",6,CAINC4,30,"...","Per capita personal income (dollars) 4/","Dollars",2699,2665,3338,3285,5337,3856,3946,3798,4290,4898,5988,5765,8747,9813,9570,9742,9842,11203,11770,12610,12188,14450,11927,14372,16519,17512,15309,15974,17676,17486,19144,18673,20789,20817,22523,24118,24230,23487,25518,28913,31390,35457,32739,35330,38871,40691,38093,37555,38482,38054,42256,46180,50094,47775
 "40057","Harmon, OK",6,CAINC4,35,"...","Earnings by place of work ","Thousands of dollars",10328,8789,11092,10373,19542,11849,11840,11046,12006,14446,17456,12534,23810,25162,22077,20996,19404,23418,25252,27676,24695,31541,20890,29076,35638,36551,27315,28135,33165,32162,34714,31568,34106,32837,36295,39493,38800,33165,35164,43461,46125,54932,48615,56519,64963,64164,54367,50438,48642,44583,51317,50908,56709,53079
 "40057","Harmon, OK",6,CAINC4,36,"...","Less: Contributions for government social insurance 5/","Thousands of dollars",387,397,425,500,609,709,774,811,885,998,1129,1241,1363,1418,1392,1529,1621,1651,1731,1981,2182,2269,2356,2479,2650,2830,2950,2838,3029,3015,2724,2786,2956,2971,3008,3217,3281,3444,3647,3789,3998,4151,3914,4433,5086,4699,4642,4640,4498,4614,4834,5275,5221,5492
 "40057","Harmon, OK",6,CAINC4,37,"..."," Employee and self-employed contributions for government social insurance ","Thousands of dollars",229,238,258,293,356,406,439,450,492,556,629,685,754,797,787,862,927,937,992,1152,1302,1296,1368,1441,1522,1635,1717,1631,1762,1767,1600,1607,1676,1695,1678,1739,1805,1933,2029,2091,2284,2317,1984,2115,2704,2642,2699,2771,2706,2776,2919,3160,3165,3351
 "40057","Harmon, OK",6,CAINC4,38,"..."," Employer contributions for government social insurance ","Thousands of dollars",158,159,167,207,253,303,335,361,393,442,500,556,609,621,605,667,694,714,739,829,880,973,988,1038,1128,1195,1233,1207,1267,1248,1124,1179,1280,1276,1330,1478,1476,1511,1618,1698,1714,1834,1930,2318,2382,2057,1943,1869,1792,1838,1915,2115,2056,2141
 "40057","Harmon, OK",6,CAINC4,42,"...","Plus: Adjustment for residence 6/","Thousands of dollars",422,453,491,539,691,640,642,644,581,468,498,356,762,1304,1252,1438,1606,1818,1820,1864,1799,1717,1795,1969,2273,2525,2748,3145,3353,3642,4074,4281,4144,4143,4055,3551,3372,3223,3053,2925,4426,6176,8111,7063,8039,10729,11852,12296,12787,14342,15007,15190,15022,15763
 "40057","Harmon, OK",6,CAINC4,45,"...","Equals: Net earnings by place of residence ","Thousands of dollars",10363,8845,11158,10412,19624,11780,11708,10879,11702,13916,16825,11649,23209,25048,21937,20905,19389,23585,25341,27559,24312,30989,20329,28566,35261,36246,27113,28442,33489,32789,36064,33063,35294,34009,37342,39827,38891,32944,34570,42597,46553,56957,52812,59149,67916,70194,61577,58094,56931,54311,61490,60823,66510,63350
 "40057","Harmon, OK",6,CAINC4,46,"...","Plus: Dividends, interest, and rent 7/","Thousands of dollars",1869,2097,2433,2507,2852,3150,3694,4026,4523,5163,5827,7452,9166,10569,10795,11498,11971,11437,11117,10752,11149,10779,10262,9704,9350,9737,10755,10775,11374,11117,10838,11833,12547,10470,10621,10864,10909,10721,12930,14422,16276,18876,16107,15746,16457,16610,16308,14805,15433,15245,16290,16984,14328,14991
 "40057","Harmon, OK",6,CAINC4,47,"...","Plus: Personal current transfer receipts ","Thousands of dollars",2403,2560,2754,2850,3225,3698,4365,4857,5259,5589,6473,7088,8139,9082,9929,10287,10821,11056,11104,11286,12023,12765,13694,13988,15172,16273,16909,17236,16739,16122,15852,16201,17708,19035,19245,20120,21752,24801,24690,24717,26977,27667,26776,27349,26877,25626,26148,26734,29497,29764,30354,36395,40038,37657
 "40057","Harmon, OK",6,CAINC4,50,"...","Wages and salaries ","Thousands of dollars",4054,4205,4208,4769,4971,5651,6287,6658,7445,7982,8760,9704,9990,10223,10032,10554,10918,10950,11171,11743,12292,13164,13346,13819,14405,15004,15427,15661,16857,17402,16151,16729,17584,17195,17926,19539,19864,20739,22027,22930,23515,24476,25341,29402,29073,26944,25887,26191,25667,24985,26339,27671,27617,28492
 "40057","Harmon, OK",6,CAINC4,60,"...","Supplements to wages and salaries ","Thousands of dollars",419,447,503,594,644,756,878,929,1050,1207,1312,1498,1604,1693,1779,1890,2007,2097,2201,2365,2603,2937,3070,3461,3679,3855,3929,3977,4257,4322,4060,4388,4849,4978,5168,5723,5875,5920,6302,6356,6384,7210,7293,7958,8497,8093,7960,7814,7661,7782,7805,8057,7621,7630
 "40057","Harmon, OK",6,CAINC4,61,"..."," Employer contributions for employee pension and insurance funds 8/","Thousands of dollars",261,288,336,387,391,453,543,568,657,765,812,942,995,1072,1174,1223,1313,1383,1462,1536,1723,1964,2082,2423,2551,2660,2696,2770,2990,3074,2936,3209,3569,3702,3838,4245,4399,4409,4684,4658,4670,5376,5363,5640,6115,6036,6017,5945,5869,5944,5890,5942,5565,5489
 "40057","Harmon, OK",6,CAINC4,62,"..."," Employer contributions for government social insurance ","Thousands of dollars",158,159,167,207,253,303,335,361,393,442,500,556,609,621,605,667,694,714,739,829,880,973,988,1038,1128,1195,1233,1207,1267,1248,1124,1179,1280,1276,1330,1478,1476,1511,1618,1698,1714,1834,1930,2318,2382,2057,1943,1869,1792,1838,1915,2115,2056,2141
 "40057","Harmon, OK",6,CAINC4,70,"...","Proprietors' income 9/","Thousands of dollars",5855,4137,6381,5010,13927,5442,4675,3459,3511,5257,7384,1332,12216,13246,10266,8552,6479,10371,11880,13568,9800,15440,4474,11796,17554,17692,7959,8497,12051,10438,14503,10451,11673,10664,13201,14231,13061,6506,6835,14175,16226,23246,15981,19159,27393,29127,20520,16433,15314,11816,17173,15180,21471,16957
 "40057","Harmon, OK",6,CAINC4,71,"..."," Farm proprietors' income ","Thousands of dollars",4316,2717,4733,3202,12119,3626,2708,1268,1188,2711,4794,-1259,9780,10618,7141,5004,3153,7223,8641,10214,6108,11752,955,8097,13215,12266,2120,3463,5740,4876,10968,7179,7802,6501,9569,11954,11343,4080,3715,10677,11972,19516,12556,16381,20199,19237,9766,8643,10559,6547,10669,8109,14299,9677
 "40057","Harmon, OK",6,CAINC4,72,"..."," Nonfarm proprietors' income ","Thousands of dollars",1539,1420,1648,1808,1808,1816,1967,2191,2323,2546,2590,2591,2436,2628,3125,3548,3326,3148,3239,3354,3692,3688,3519,3699,4339,5426,5839,5034,6311,5562,3535,3272,3871,4163,3632,2277,1718,2426,3120,3498,4254,3730,3425,2778,7194,9890,10754,7790,4755,5269,6504,7071,7172,7280
 "40057","Harmon, OK",6,CAINC4,7010,"...","Total employment ","Number of jobs",2279,2211,2108,2190,2130,2142,2078,2028,2038,1963,1943,1948,1915,1829,1857,1804,1714,1619,1647,1668,1644,1652,1653,1680,1658,1656,1699,1683,1749,1689,1616,1640,1651,1570,1512,1539,1541,1510,1514,1479,1479,1495,1470,1540,1514,1453,1399,1387,1322,1310,1305,1281,1216,1280
 "40057","Harmon, OK",6,CAINC4,7020,"..."," Wage and salary employment ","Number of jobs",1128,1089,1045,1111,1104,1151,1151,1147,1197,1173,1143,1135,1126,1062,1051,1019,970,920,957,961,962,967,968,1012,968,964,975,961,1021,1003,905,914,917,902,849,896,884,853,847,830,832,839,801,905,898,833,784,784,760,732,753,742,694,743
 "40057","Harmon, OK",6,CAINC4,7040,"..."," Proprietors employment ","Number of jobs",1151,1122,1063,1079,1026,991,927,881,841,790,800,813,789,767,806,785,744,699,690,707,682,685,685,668,690,692,724,722,728,686,711,726,734,668,663,643,657,657,667,649,647,656,669,635,616,620,615,603,562,578,552,539,522,537
 "40059","Harper, OK",6,CAINC4,10,"...","Personal income (thousands of dollars) ","Thousands of dollars",16446,20792,21502,25718,28447,26525,28987,31865,32068,33997,50763,43605,60295,77217,65301,72376,75944,73262,63591,65119,69553,77663,67026,76863,78631,68294,71082,69809,89784,87498,92567,105200,117005,115614,119457,109162,119935,117351,113603,139145,129723,138208,165074,173021,187187,203670,211809,176579,189708,184152,186908,179518,191465,202956
 "40059","Harper, OK",6,CAINC4,11,"..."," Nonfarm personal income 1/","Thousands of dollars",12330,13597,14746,16124,17363,19373,22779,24490,27062,30888,36177,37456,46251,54094,56198,60528,62445,58917,56687,57963,61291,61976,61394,63301,64805,65123,69051,71170,72580,71191,70737,76035,87022,84033,85759,82368,87252,97416,106439,122198,115526,119589,129936,139220,139851,145573,136827,128709,128104,133068,134959,140573,146749,147157
 "40059","Harper, OK",6,CAINC4,12,"..."," Farm income 2/","Thousands of dollars",4116,7195,6756,9594,11084,7152,6208,7375,5006,3109,14586,6149,14044,23123,9103,11848,13499,14345,6904,7156,8262,15687,5632,13562,13826,3171,2031,-1361,17204,16307,21830,29165,29983,31581,33698,26794,32683,19935,7164,16947,14197,18619,35138,33801,47336,58097,74982,47870,61604,51084,51949,38945,44716,55799
 "40059","Harper, OK",6,CAINC4,20,"...","Population (persons) 3/","Number of persons",5176,5079,4791,4740,4716,4800,4924,4872,4875,4804,4746,4758,4926,5046,5049,4852,4654,4508,4412,4359,4117,4050,3967,3867,3867,3866,3801,3732,3597,3574,3602,3537,3444,3469,3412,3465,3458,3527,3522,3645,3654,3686,3666,3628,3745,3731,3628,3556,3531,3447,3376,3248,3172,3129
 "40059","Harper, OK",6,CAINC4,30,"...","Per capita personal income (dollars) 4/","Dollars",3177,4094,4488,5426,6032,5526,5887,6540,6578,7077,10696,9165,12240,15303,12933,14917,16318,16252,14413,14939,16894,19176,16896,19877,20334,17665,18701,18706,24961,24482,25699,29743,33974,33328,35011,31504,34683,33272,32255,38174,35502,37495,45028,47690,49983,54589,58382,49657,53726,53424,55364,55270,60361,64863
 "40059","Harper, OK",6,CAINC4,35,"...","Earnings by place of work ","Thousands of dollars",12450,16212,16314,20317,22353,19688,20950,23141,22518,23224,38176,26307,34841,46855,32566,36051,39871,41341,34040,35637,37769,45319,35421,45713,47558,36129,35073,32076,50151,48048,52838,61274,68754,72186,73899,64386,72772,64128,51882,64081,62754,72730,89433,89403,107479,123813,135393,102203,112886,103219,103834,92333,97437,110658
 "40059","Harper, OK",6,CAINC4,36,"...","Less: Contributions for government social insurance 5/","Thousands of dollars",544,576,630,722,920,1068,1246,1326,1470,1740,2137,1814,2007,2287,2204,2307,2578,2671,2712,3106,3390,3505,3675,3906,4129,4117,4170,3967,3830,3745,3824,3959,4433,4648,4603,4653,4916,5236,5461,5582,5607,6132,5706,6020,6878,7189,6676,6304,6171,6396,6484,6988,7019,7772
 "40059","Harper, OK",6,CAINC4,37,"..."," Employee and self-employed contributions for government social insurance ","Thousands of dollars",318,343,368,417,521,596,680,703,783,922,1123,985,1094,1263,1212,1258,1449,1507,1549,1776,1922,1908,1984,2118,2202,2196,2250,2221,2190,2141,2166,2192,2495,2608,2517,2435,2632,2811,2971,3031,3194,3432,2846,2870,3630,3883,3690,3603,3578,3772,3826,4155,4194,4572
 "40059","Harper, OK",6,CAINC4,38,"..."," Employer contributions for government social insurance ","Thousands of dollars",226,233,262,305,399,472,566,623,687,818,1014,829,913,1024,992,1049,1129,1164,1163,1330,1468,1597,1691,1788,1927,1921,1920,1746,1640,1604,1658,1767,1938,2040,2086,2218,2284,2425,2490,2551,2413,2700,2860,3150,3248,3306,2986,2701,2593,2624,2658,2833,2825,3200
 "40059","Harper, OK",6,CAINC4,42,"...","Plus: Adjustment for residence 6/","Thousands of dollars",317,342,290,247,188,155,10,156,103,-38,-173,797,2527,3025,2623,2863,2750,2490,2542,2584,2415,2926,3229,2798,2894,3011,2963,3302,3777,3846,3439,3602,4283,4322,4815,6323,8529,11441,14682,19650,18677,15144,21114,26095,28674,23980,25707,23790,25409,27201,27397,25350,24280,27135
 "40059","Harper, OK",6,CAINC4,45,"...","Equals: Net earnings by place of residence ","Thousands of dollars",12223,15978,15974,19842,21621,18775,19714,21971,21151,21446,35866,25290,35361,47593,32985,36607,40043,41160,33870,35115,36794,44740,34975,44605,46323,35023,33866,31411,50098,48149,52453,60917,68604,71860,74111,66056,76385,70333,61103,78149,75824,81742,104841,109478,129275,140604,154424,119689,132124,124024,124747,110695,114698,130021
 "40059","Harper, OK",6,CAINC4,46,"...","Plus: Dividends, interest, and rent 7/","Thousands of dollars",2734,3140,3651,3850,4517,5096,6000,6359,7147,8482,10299,12998,18886,22856,24598,27622,27567,23372,20819,20727,22694,22084,20781,19715,19614,19607,22764,23606,24999,24989,24700,28157,30944,24988,27080,25724,25403,27409,32318,38533,29724,31237,35462,37835,32662,36505,31264,29473,28506,30213,28646,30376,30392,31031
 "40059","Harper, OK",6,CAINC4,47,"...","Plus: Personal current transfer receipts ","Thousands of dollars",1489,1674,1877,2026,2309,2654,3273,3535,3770,4069,4598,5317,6048,6768,7718,8147,8334,8730,8902,9277,10065,10839,11270,12543,12694,13664,14452,14792,14687,14360,15414,16126,17457,18766,18266,17382,18147,19609,20182,22463,24175,25229,24771,25708,25250,26561,26121,27417,29078,29915,33515,38447,46375,41904
 "40059","Harper, OK",6,CAINC4,50,"...","Wages and salaries ","Thousands of dollars",5739,6096,6380,6904,7718,8761,10183,10938,12356,13870,16706,13639,14292,16296,15880,16010,17348,17504,17157,18391,20063,21271,22232,23379,24231,23641,23824,22728,22332,23011,24481,26143,27862,27728,27963,28963,30270,32052,33729,34469,33638,36388,37845,40570,41134,44105,39912,37833,36818,37267,38547,38738,39511,42268
 "40059","Harper, OK",6,CAINC4,60,"...","Supplements to wages and salaries ","Thousands of dollars",619,671,755,853,989,1133,1484,1657,1928,2274,2760,2162,2315,2746,2794,2928,3243,3430,3463,3764,4275,4676,5058,5783,6134,6138,5956,5585,5278,5329,5634,6144,6814,7117,7340,7796,8211,8547,8762,8999,9147,10279,10665,10657,11727,12732,12088,11333,11065,11304,11187,11362,11291,11619
 "40059","Harper, OK",6,CAINC4,61,"..."," Employer contributions for employee pension and insurance funds 8/","Thousands of dollars",393,438,493,548,590,661,918,1034,1241,1456,1746,1333,1402,1722,1802,1879,2114,2266,2300,2434,2807,3079,3367,3995,4207,4217,4036,3839,3638,3725,3976,4377,4876,5077,5254,5578,5927,6122,6272,6448,6734,7579,7805,7507,8479,9426,9102,8632,8472,8680,8529,8529,8466,8419
 "40059","Harper, OK",6,CAINC4,62,"..."," Employer contributions for government social insurance ","Thousands of dollars",226,233,262,305,399,472,566,623,687,818,1014,829,913,1024,992,1049,1129,1164,1163,1330,1468,1597,1691,1788,1927,1921,1920,1746,1640,1604,1658,1767,1938,2040,2086,2218,2284,2425,2490,2551,2413,2700,2860,3150,3248,3306,2986,2701,2593,2624,2658,2833,2825,3200
 "40059","Harper, OK",6,CAINC4,70,"...","Proprietors' income 9/","Thousands of dollars",6092,9445,9179,12560,13646,9794,9283,10546,8234,7080,18710,10506,18234,27813,13892,17113,19280,20407,13420,13482,13431,19372,8131,16551,17193,6350,5293,3763,22541,19708,22723,28987,34078,37341,38596,27627,34291,23529,9391,20613,19969,26063,40923,38176,54618,66976,83393,53037,65003,54648,54100,42233,46635,56771
 "40059","Harper, OK",6,CAINC4,71,"..."," Farm proprietors' income ","Thousands of dollars",3581,6550,6118,8841,10261,6109,5210,6260,3683,2201,13589,5109,13013,21965,7960,10693,12314,13223,5751,5684,6524,13487,3348,11288,11403,974,-471,-3774,14706,13235,17747,24700,24373,27201,29136,21142,27913,16029,2421,12020,10668,15324,31770,29736,43948,54463,72736,45412,59042,48824,49062,35967,42050,52719
 "40059","Harper, OK",6,CAINC4,72,"..."," Nonfarm proprietors' income ","Thousands of dollars",2511,2895,3061,3719,3385,3685,4073,4286,4551,4879,5121,5397,5221,5848,5932,6420,6966,7184,7669,7798,6907,5885,4783,5263,5790,5376,5764,7537,7835,6473,4976,4287,9705,10140,9460,6485,6378,7500,6970,8593,9301,10739,9153,8440,10670,12513,10657,7625,5961,5824,5038,6266,4585,4052
 "40059","Harper, OK",6,CAINC4,7010,"...","Total employment ","Number of jobs",2599,2657,2621,2651,2659,2629,2585,2488,2522,2445,2499,2252,2263,2308,2310,2340,2384,2380,2520,2488,2448,2428,2438,2473,2519,2443,2446,2352,2341,2374,2266,2334,2392,2392,2281,2258,2292,2298,2341,2427,2446,2395,2386,2486,2579,2552,2443,2336,2172,2123,2083,2089,2059,2121
 "40059","Harper, OK",6,CAINC4,7020,"..."," Wage and salary employment ","Number of jobs",1350,1359,1338,1374,1424,1418,1427,1402,1473,1434,1521,1294,1246,1301,1236,1224,1224,1223,1257,1282,1317,1310,1326,1373,1356,1327,1283,1211,1184,1213,1216,1266,1307,1318,1216,1203,1218,1202,1178,1223,1204,1182,1191,1222,1264,1283,1173,1116,1066,1044,1052,1069,1026,1053
 "40059","Harper, OK",6,CAINC4,7040,"..."," Proprietors employment ","Number of jobs",1249,1298,1283,1277,1235,1211,1158,1086,1049,1011,978,958,1017,1007,1074,1116,1160,1157,1263,1206,1131,1118,1112,1100,1163,1116,1163,1141,1157,1161,1050,1068,1085,1074,1065,1055,1074,1096,1163,1204,1242,1213,1195,1264,1315,1269,1270,1220,1106,1079,1031,1020,1033,1068
 "40061","Haskell, OK",6,CAINC4,10,"...","Personal income (thousands of dollars) ","Thousands of dollars",20890,23991,25364,28533,32975,35398,39476,44065,49914,52028,66397,75772,90045,92930,93010,98988,106849,105127,104298,113169,122383,126792,131376,139977,146938,161134,163763,174219,193054,199657,212799,228051,255462,260061,256660,275025,293955,293898,317310,343624,337483,374458,406845,415422,425440,430575,439605,407590,407778,410106,420715,442824,497746,513902
 "40061","Haskell, OK",6,CAINC4,11,"..."," Nonfarm personal income 1/","Thousands of dollars",20310,22739,24451,26671,29595,32728,37990,42793,47358,52903,62317,74721,84005,90555,92725,99642,105094,105491,104087,110449,115897,122670,127764,137041,142554,152164,161023,171058,189603,195406,203969,218920,243451,244902,251647,259832,276744,290551,310209,338199,336295,355214,379834,384435,388712,390184,390469,380156,374391,375596,391670,425996,466064,468758
 "40061","Haskell, OK",6,CAINC4,12,"..."," Farm income 2/","Thousands of dollars",580,1252,913,1862,3380,2670,1486,1272,2556,-875,4080,1051,6040,2375,285,-654,1755,-364,211,2720,6486,4122,3612,2936,4384,8970,2740,3161,3451,4251,8830,9131,12011,15159,5013,15193,17211,3347,7101,5425,1188,19244,27011,30987,36728,40391,49136,27434,33387,34510,29045,16828,31682,45144
 "40061","Haskell, OK",6,CAINC4,20,"...","Population (persons) 3/","Number of persons",9582,9639,9934,9814,9721,9966,10188,10405,10462,10734,10857,11045,11164,11153,11453,11373,11445,11320,11160,11053,10963,10960,10912,11048,11032,11143,11406,11500,11650,11652,11707,11818,11790,11806,12002,12129,12175,12329,12411,12620,12772,12751,12620,12567,12551,12355,12170,12022,11941,11780,11670,11552,11601,11641
 "40061","Haskell, OK",6,CAINC4,30,"...","Per capita personal income (dollars) 4/","Dollars",2180,2489,2553,2907,3392,3552,3875,4235,4771,4847,6116,6860,8066,8332,8121,8704,9336,9287,9346,10239,11163,11569,12040,12670,13319,14461,14358,15149,16571,17135,18177,19297,21668,22028,21385,22675,24144,23838,25567,27229,26424,29367,32238,33057,33897,34850,36122,33904,34149,34814,36051,38333,42905,44146
 "40061","Haskell, OK",6,CAINC4,35,"...","Earnings by place of work ","Thousands of dollars",11986,13934,14029,16302,18903,19080,20641,22816,25345,24819,35424,38421,45897,43238,40929,43670,47533,46455,46440,52069,56951,59030,61620,64357,65944,74626,71139,74282,85106,87158,93464,98160,118879,131340,124946,138365,150038,144111,155775,166528,163529,186629,205509,208961,220778,220366,230701,203549,202480,201937,204475,202141,226962,250431
 "40061","Haskell, OK",6,CAINC4,36,"...","Less: Contributions for government social insurance 5/","Thousands of dollars",753,844,907,1015,1279,1397,1629,1818,1928,2259,2827,3347,3821,4038,3923,4365,4674,4842,4898,5709,6180,6666,7207,7627,7707,8326,8847,8955,10069,9979,10210,10637,12783,14061,14512,15179,16850,17417,18732,19811,19696,19974,19313,19841,22404,21944,21801,21705,21825,22568,23338,24916,26414,28354
 "40061","Haskell, OK",6,CAINC4,37,"..."," Employee and self-employed contributions for government social insurance ","Thousands of dollars",456,510,546,607,757,828,943,1028,1091,1249,1553,1825,2086,2219,2163,2395,2634,2734,2791,3279,3582,3751,4067,4300,4367,4730,4998,5042,5658,5752,6002,6180,7127,7738,7856,8132,8803,9412,10321,10976,11155,11337,9796,9875,11917,12053,12389,12893,13013,13655,14083,14822,15545,17089
 "40061","Haskell, OK",6,CAINC4,38,"..."," Employer contributions for government social insurance ","Thousands of dollars",297,334,361,408,522,569,686,790,837,1010,1274,1522,1735,1819,1760,1970,2040,2108,2107,2430,2598,2915,3140,3327,3340,3596,3849,3913,4411,4227,4208,4457,5656,6323,6656,7047,8047,8005,8411,8835,8541,8637,9517,9966,10487,9891,9412,8812,8812,8913,9255,10094,10869,11265
 "40061","Haskell, OK",6,CAINC4,42,"...","Plus: Adjustment for residence 6/","Thousands of dollars",2593,2791,2877,3068,3295,3700,4119,4859,6431,7391,8338,9082,10206,10549,9414,10167,10145,10119,10636,11225,11484,12413,12821,15177,18571,21393,23447,26055,28620,31250,35357,38389,37123,34228,30997,30410,27450,28014,27575,25859,22222,26668,33931,37716,35076,37023,33542,27219,27727,29041,30582,24924,22300,24763
 "40061","Haskell, OK",6,CAINC4,45,"...","Equals: Net earnings by place of residence ","Thousands of dollars",13826,15881,15999,18355,20919,21383,23131,25857,29848,29951,40935,44156,52282,49749,46420,49472,53004,51732,52178,57585,62255,64777,67234,71907,76808,87693,85739,91382,103657,108429,118611,125912,143219,151507,141431,153596,160638,154708,164618,172576,166055,193323,220127,226836,233450,235445,242442,209063,208382,208410,211719,202149,222848,246840
 "40061","Haskell, OK",6,CAINC4,46,"...","Plus: Dividends, interest, and rent 7/","Thousands of dollars",2475,2892,3371,3688,4423,5103,5656,6487,7667,8923,10156,14084,17920,21208,22859,25535,28294,26836,25051,27314,29965,29951,29014,28793,29113,29447,31965,34010,37159,38043,36954,42432,44707,40226,43556,45955,52073,50840,57919,66749,56033,57514,61349,60021,59661,61809,57046,59496,56894,57323,57942,60208,62089,64039
 "40061","Haskell, OK",6,CAINC4,47,"...","Plus: Personal current transfer receipts ","Thousands of dollars",4589,5218,5994,6490,7633,8912,10689,11721,12399,13154,15306,17532,19843,21973,23731,23981,25551,26559,27069,28270,30163,32064,35128,39277,41017,43994,46059,48827,52238,53185,57234,59707,67536,68328,71673,75474,81244,88350,94773,104299,115395,123621,125369,128565,132329,133321,140117,139031,142502,144373,151054,180467,212809,203023
 "40061","Haskell, OK",6,CAINC4,50,"...","Wages and salaries ","Thousands of dollars",7814,8711,8791,9368,9905,10263,12697,14326,14976,17102,21203,25936,27454,28500,27524,29481,30583,30872,30851,33786,35779,39129,41092,42484,41503,44187,46760,48268,56405,56978,59955,64085,73980,79854,82002,83670,90469,97312,105821,114500,109113,107910,108757,111069,111874,113006,113769,114283,114708,117954,122092,122186,132645,144320
 "40061","Haskell, OK",6,CAINC4,60,"...","Supplements to wages and salaries ","Thousands of dollars",894,1012,1083,1253,1380,1437,1884,2191,2428,2943,3912,5148,5420,5694,5482,5833,6116,6589,6699,6954,7738,8769,9697,10848,10765,11515,11840,12347,13744,13785,14472,15761,19234,21239,22644,23899,26586,26745,27455,28312,28413,30262,29809,29258,31120,31159,31382,30922,30537,31314,32643,33642,35005,35659
 "40061","Haskell, OK",6,CAINC4,61,"..."," Employer contributions for employee pension and insurance funds 8/","Thousands of dollars",597,678,722,845,858,868,1198,1401,1591,1933,2638,3626,3685,3875,3722,3863,4076,4481,4592,4524,5140,5854,6557,7521,7425,7919,7991,8434,9333,9558,10264,11304,13578,14916,15988,16852,18539,18740,19044,19477,19872,21625,20292,19292,20633,21268,21970,22110,21725,22401,23388,23548,24136,24394
 "40061","Haskell, OK",6,CAINC4,62,"..."," Employer contributions for government social insurance ","Thousands of dollars",297,334,361,408,522,569,686,790,837,1010,1274,1522,1735,1819,1760,1970,2040,2108,2107,2430,2598,2915,3140,3327,3340,3596,3849,3913,4411,4227,4208,4457,5656,6323,6656,7047,8047,8005,8411,8835,8541,8637,9517,9966,10487,9891,9412,8812,8812,8913,9255,10094,10869,11265
 "40061","Haskell, OK",6,CAINC4,70,"...","Proprietors' income 9/","Thousands of dollars",3278,4211,4155,5681,7618,7380,6060,6299,7941,4774,10309,7337,13023,9044,7923,8356,10834,8994,8890,11329,13434,11132,10831,11025,13676,18924,12539,13667,14957,16395,19037,18314,25665,30247,20300,30796,32983,20054,22499,23716,26003,48457,66943,68634,77784,76201,85550,58344,57235,52669,49740,46313,59312,70452
 "40061","Haskell, OK",6,CAINC4,71,"..."," Farm proprietors' income ","Thousands of dollars",338,982,664,1586,3083,2314,1122,839,2003,-1288,3603,529,5510,1745,-304,-1222,1201,-861,-271,2193,5931,3495,3021,2399,3735,8317,1928,2290,2490,3140,7426,7607,10105,13691,3293,12708,14782,950,3608,1811,-1417,16839,24548,28064,34289,37766,47526,25641,31521,32892,26967,14683,29741,42900
 "40061","Haskell, OK",6,CAINC4,72,"..."," Nonfarm proprietors' income ","Thousands of dollars",2940,3229,3491,4095,4535,5066,4938,5460,5938,6062,6706,6808,7513,7299,8227,9578,9633,9855,9161,9136,7503,7637,7810,8626,9941,10607,10611,11377,12467,13255,11611,10707,15560,16556,17007,18088,18201,19104,18891,21905,27420,31618,42395,40570,43495,38435,38024,32703,25714,19777,22773,31630,29571,27552
 "40061","Haskell, OK",6,CAINC4,7010,"...","Total employment ","Number of jobs",3086,3164,3057,3150,3131,3034,3260,3292,3395,3369,3436,3673,3811,3862,3904,3988,3963,3922,3961,4146,4168,4263,4169,4299,4364,4497,4647,4853,5383,5648,5887,6047,6083,6211,6041,5974,6133,6257,6385,6559,6397,6280,6154,6165,6155,6118,6081,5979,5792,5606,5700,5644,5657,5773
 "40061","Haskell, OK",6,CAINC4,7020,"..."," Wage and salary employment ","Number of jobs",1944,1965,1883,1939,1956,1850,1984,1985,2009,1927,2026,2282,2368,2386,2301,2365,2354,2357,2322,2497,2548,2636,2537,2595,2532,2589,2691,2803,3305,3411,3586,3729,4006,4169,4079,4004,4102,4209,4262,4451,4339,4205,4061,3998,3939,3939,3911,3851,3746,3660,3784,3640,3603,3654
 "40061","Haskell, OK",6,CAINC4,7040,"..."," Proprietors employment ","Number of jobs",1142,1199,1174,1211,1175,1184,1276,1307,1386,1442,1410,1391,1443,1476,1603,1623,1609,1565,1639,1649,1620,1627,1632,1704,1832,1908,1956,2050,2078,2237,2301,2318,2077,2042,1962,1970,2031,2048,2123,2108,2058,2075,2093,2167,2216,2179,2170,2128,2046,1946,1916,2004,2054,2119
 "40063","Hughes, OK",6,CAINC4,10,"...","Personal income (thousands of dollars) ","Thousands of dollars",32579,34980,37506,41551,48801,50497,56357,60282,64676,70226,82437,92477,106919,112847,118073,123617,127277,127808,125157,132656,141778,150691,154939,161180,163136,173489,177314,199493,210625,210787,207609,227945,246079,255721,263748,280431,295306,310745,329037,374987,349816,378885,411033,409873,442101,486052,478271,454746,493176,520380,552922,543171,658962,627717
 "40063","Hughes, OK",6,CAINC4,11,"..."," Nonfarm personal income 1/","Thousands of dollars",30804,33309,36115,39591,42235,47490,54107,58456,64089,69698,78772,90953,104558,113946,120209,125738,127362,128183,125480,132652,140719,148300,154189,160410,165798,171940,179360,197194,198028,205413,200142,212050,229146,240565,249345,259240,272047,298039,317503,365042,344129,356984,373006,375250,377912,389937,379695,365786,374993,400443,416812,438333,471482,475315
 "40063","Hughes, OK",6,CAINC4,12,"..."," Farm income 2/","Thousands of dollars",1775,1671,1391,1960,6566,3007,2250,1826,587,528,3665,1524,2361,-1099,-2136,-2121,-85,-375,-323,4,1059,2391,750,770,-2662,1549,-2046,2299,12597,5374,7467,15895,16933,15156,14403,21191,23259,12706,11534,9945,5687,21901,38027,34623,64189,96115,98576,88960,118183,119937,136110,104838,187480,152402
 "40063","Hughes, OK",6,CAINC4,20,"...","Population (persons) 3/","Number of persons",13938,13257,13485,13984,13900,14130,14479,14527,14469,14180,14336,14353,14388,14522,14721,14617,14233,14105,13967,13499,13234,12976,12898,12822,12743,12797,12970,13694,14079,14148,14177,14106,13821,13858,13752,13660,13595,13450,13456,13397,13705,14033,13779,13708,13709,13772,13702,13549,13417,13448,13430,13348,13394,13407
 "40063","Hughes, OK",6,CAINC4,30,"...","Per capita personal income (dollars) 4/","Dollars",2337,2639,2781,2971,3511,3574,3892,4150,4470,4952,5750,6443,7431,7771,8021,8457,8942,9061,8961,9827,10713,11613,12013,12571,12802,13557,13671,14568,14960,14899,14644,16159,17805,18453,19179,20529,21722,23104,24453,27990,25525,27000,29830,29900,32249,35293,34905,33563,36758,38696,41171,40693,49198,46820
 "40063","Hughes, OK",6,CAINC4,35,"...","Earnings by place of work ","Thousands of dollars",18171,18857,20005,22141,27904,26783,28557,30749,33214,35374,42573,46009,53154,49191,46633,48382,49178,47038,45865,51041,55092,59998,59755,61137,61980,71829,69711,91130,94603,92162,91951,106677,118952,118336,118914,128977,138059,137446,136754,154044,137398,160341,182792,194479,232056,260798,249894,228271,260332,274344,295211,259778,340459,314452
 "40063","Hughes, OK",6,CAINC4,36,"...","Less: Contributions for government social insurance 5/","Thousands of dollars",1041,1118,1239,1377,1728,2027,2219,2463,2816,3119,3608,4169,5100,5163,4828,5198,5253,5203,5280,6338,6981,7298,7701,7852,8488,9239,9691,11140,10292,10926,11009,11603,12548,12820,12821,13492,14235,15023,15713,16818,16627,17282,17000,19158,22241,20999,19298,18248,18968,21022,21681,21687,21694,23838
 "40063","Hughes, OK",6,CAINC4,37,"..."," Employee and self-employed contributions for government social insurance ","Thousands of dollars",675,720,787,862,1066,1218,1316,1402,1593,1756,2021,2322,2820,2902,2735,2907,3021,2980,3042,3715,4205,4246,4503,4638,4910,5331,5571,6495,5960,6222,6283,6521,7178,7324,7284,7533,8007,8596,9127,9800,9788,10147,9036,9490,11687,11685,11186,11081,11560,12787,13129,13137,13222,14592
 "40063","Hughes, OK",6,CAINC4,38,"..."," Employer contributions for government social insurance ","Thousands of dollars",366,398,452,515,662,809,903,1061,1223,1363,1587,1847,2280,2261,2093,2291,2232,2223,2238,2623,2776,3052,3198,3214,3578,3908,4120,4645,4332,4704,4726,5082,5370,5496,5537,5959,6228,6427,6586,7018,6839,7135,7964,9668,10554,9314,8112,7167,7408,8235,8552,8550,8472,9246
 "40063","Hughes, OK",6,CAINC4,42,"...","Plus: Adjustment for residence 6/","Thousands of dollars",4213,4594,4556,5459,5409,5365,5581,5383,5463,6322,6824,7095,7698,9494,10353,11841,13026,13325,13740,13943,15158,17483,18372,19867,20376,20180,20365,18857,22460,22723,24059,25541,26788,28488,30484,31809,35647,42462,46114,50255,45138,43352,41909,36101,32273,35279,37881,38208,41262,45896,45066,41749,42746,46201
 "40063","Hughes, OK",6,CAINC4,45,"...","Equals: Net earnings by place of residence ","Thousands of dollars",21343,22333,23322,26223,31585,30121,31919,33669,35861,38577,45789,48935,55752,53522,52158,55025,56951,55160,54325,58646,63269,70183,70426,73152,73868,82770,80385,98847,106771,103959,105001,120615,133192,134004,136577,147294,159471,164885,167155,187481,165909,186411,207701,211422,242088,275078,268477,248231,282626,299218,318596,279840,361511,336815
 "40063","Hughes, OK",6,CAINC4,46,"...","Plus: Dividends, interest, and rent 7/","Thousands of dollars",4091,4734,5452,5972,7017,8014,9288,10070,11440,13077,15006,19204,23601,28408,31959,34520,35200,35440,32617,33442,36230,35367,35423,34637,35366,34362,37303,38613,42596,43189,40334,42390,42764,39762,41837,44224,42683,47184,58627,77046,65800,65676,73319,66596,69502,80466,71480,68365,70345,78526,79842,75867,83208,87758
 "40063","Hughes, OK",6,CAINC4,47,"...","Plus: Personal current transfer receipts ","Thousands of dollars",7145,7913,8732,9356,10199,12362,15150,16543,17375,18572,21642,24338,27566,30917,33956,34072,35126,37208,38215,40568,42279,45141,49090,53391,53902,56357,59626,62033,61258,63639,62274,64940,70123,81955,85334,88913,93152,98676,103255,110460,118107,126798,130013,131855,130511,130508,138314,138150,140205,142636,154484,187464,214243,203144
 "40063","Hughes, OK",6,CAINC4,50,"...","Wages and salaries ","Thousands of dollars",9032,9852,10384,10973,12120,13819,15391,17545,20261,21550,24387,29399,34674,33803,31522,32319,31447,29983,29579,32855,34584,37395,38919,39355,42543,45995,48418,62953,52647,56656,57651,62059,70759,69788,69697,73032,75025,79485,84008,91612,89523,92647,99625,111996,117237,114461,104560,97298,100833,110169,115320,111977,111190,120793
 "40063","Hughes, OK",6,CAINC4,60,"...","Supplements to wages and salaries ","Thousands of dollars",981,1119,1269,1436,1646,1939,2228,2548,3086,3450,3955,4760,5863,6023,5850,6329,6332,6415,6528,7114,7866,8772,9450,10280,11270,12220,12504,14226,13823,15390,15496,17368,17685,17973,18582,19996,21010,21159,21809,23199,23467,25866,26887,29529,32562,31047,29941,28190,28816,30861,31307,30664,29046,29932
 "40063","Hughes, OK",6,CAINC4,61,"..."," Employer contributions for employee pension and insurance funds 8/","Thousands of dollars",615,721,817,921,984,1130,1325,1487,1863,2087,2368,2913,3583,3762,3757,4038,4100,4192,4290,4491,5090,5720,6252,7066,7692,8312,8384,9581,9491,10686,10770,12286,12315,12477,13045,14037,14782,14732,15223,16181,16628,18731,18923,19861,22008,21733,21829,21023,21408,22626,22755,22114,20574,20686
 "40063","Hughes, OK",6,CAINC4,62,"..."," Employer contributions for government social insurance ","Thousands of dollars",366,398,452,515,662,809,903,1061,1223,1363,1587,1847,2280,2261,2093,2291,2232,2223,2238,2623,2776,3052,3198,3214,3578,3908,4120,4645,4332,4704,4726,5082,5370,5496,5537,5959,6228,6427,6586,7018,6839,7135,7964,9668,10554,9314,8112,7167,7408,8235,8552,8550,8472,9246
 "40063","Hughes, OK",6,CAINC4,70,"...","Proprietors' income 9/","Thousands of dollars",8158,7886,8352,9732,14138,11025,10938,10656,9867,10374,14231,11850,12617,9365,9261,9734,11399,10640,9758,11072,12642,13831,11386,11502,8167,13614,8789,13951,28133,20116,18804,27250,30508,30575,30635,35949,42024,36802,30937,39233,24408,41828,56280,52954,82257,115290,115393,102783,130683,133314,148584,117137,200223,163727
 "40063","Hughes, OK",6,CAINC4,71,"..."," Farm proprietors' income ","Thousands of dollars",1296,1153,924,1454,6040,2392,1592,1009,-493,-290,2761,575,1427,-2167,-3112,-3037,-956,-1135,-1045,-771,259,1505,-70,51,-3719,335,-3714,387,10339,3232,5146,13728,14562,13521,12093,17401,19080,8244,4456,2233,-149,16225,31904,27001,57843,89271,94391,84272,113305,115736,130698,99270,182435,146567
 "40063","Hughes, OK",6,CAINC4,72,"..."," Nonfarm proprietors' income ","Thousands of dollars",6862,6733,7428,8278,8098,8633,9346,9647,10360,10664,11470,11275,11190,11532,12373,12771,12355,11775,10803,11843,12383,12326,11456,11451,11886,13279,12503,13564,17794,16884,13658,13522,15946,17054,18542,18548,22944,28558,26481,37000,24557,25603,24376,25953,24414,26019,21002,18511,17378,17578,17886,17867,17788,17160
 "40063","Hughes, OK",6,CAINC4,7010,"...","Total employment ","Number of jobs",4382,4310,4385,4390,4368,4457,4578,4734,4965,4995,5105,5319,5718,5577,5293,5291,5115,4820,4915,4813,4773,4838,4885,4859,4996,5118,5200,5439,5683,5845,5798,5890,5811,5590,5441,5342,5403,5363,5478,5694,5669,5535,5519,5911,5989,5794,5564,5669,5569,5362,5335,5210,5044,5254
 "40063","Hughes, OK",6,CAINC4,7020,"..."," Wage and salary employment ","Number of jobs",2503,2462,2419,2446,2546,2669,2763,2869,3050,3050,3097,3223,3461,3314,3011,2974,2785,2613,2613,2612,2610,2669,2700,2690,2766,2784,2847,3049,3265,3395,3296,3372,3573,3448,3292,3249,3263,3208,3268,3421,3455,3374,3394,3711,3793,3554,3353,3330,3308,3355,3407,3293,3108,3250
 "40063","Hughes, OK",6,CAINC4,7040,"..."," Proprietors employment ","Number of jobs",1879,1848,1966,1944,1822,1788,1815,1865,1915,1945,2008,2096,2257,2263,2282,2317,2330,2207,2302,2201,2163,2169,2185,2169,2230,2334,2353,2390,2418,2450,2502,2518,2238,2142,2149,2093,2140,2155,2210,2273,2214,2161,2125,2200,2196,2240,2211,2339,2261,2007,1928,1917,1936,2004
 "40065","Jackson, OK",6,CAINC4,10,"...","Personal income (thousands of dollars) ","Thousands of dollars",103224,126172,133063,143277,169449,171787,184376,195168,193752,225419,246048,251091,286672,339123,351029,359211,367576,368495,401525,416983,413567,445351,429341,444852,478636,499299,501382,536093,564317,585319,594808,627042,659410,689145,747665,762535,782485,810107,842491,888584,870545,909273,924426,942973,936757,968056,919940,939182,975412,992925,1053774,1123178,1217336,1200616
 "40065","Jackson, OK",6,CAINC4,11,"..."," Nonfarm personal income 1/","Thousands of dollars",96080,121423,129342,139337,152026,167781,181887,190557,192723,217113,232524,255322,277347,314216,338167,350923,363891,373152,378816,386877,400335,407822,424819,427588,451109,468185,501850,529592,544218,563543,573361,598259,639822,668975,714033,736150,753538,801570,832519,855562,856341,887359,898391,907366,904746,932510,922536,948201,964388,991389,1043006,1128545,1192471,1201995
 "40065","Jackson, OK",6,CAINC4,12,"..."," Farm income 2/","Thousands of dollars",7144,4749,3721,3940,17423,4006,2489,4611,1029,8306,13524,-4231,9325,24907,12862,8288,3685,-4657,22709,30106,13232,37529,4522,17264,27527,31114,-468,6501,20099,21776,21447,28783,19588,20170,33632,26385,28947,8537,9972,33022,14204,21914,26035,35607,32011,35546,-2596,-9019,11024,1536,10768,-5367,24865,-1379
 "40065","Jackson, OK",6,CAINC4,20,"...","Population (persons) 3/","Number of persons",30731,31150,32080,32034,31943,32399,32118,33366,32514,31568,30066,30287,29956,30292,31464,31760,31313,30810,30796,29995,29395,28638,28479,28778,28985,29190,30034,30194,28930,28955,28789,28278,28036,27513,27242,27480,26862,26805,26335,26038,26256,26497,26481,26331,26291,26028,25698,25765,25437,25047,24819,24736,24720,24556
 "40065","Jackson, OK",6,CAINC4,30,"...","Per capita personal income (dollars) 4/","Dollars",3359,4050,4148,4473,5305,5302,5741,5849,5959,7141,8184,8290,9570,11195,11157,11310,11739,11960,13038,13902,14069,15551,15076,15458,16513,17105,16694,17755,19506,20215,20661,22174,23520,25048,27445,27749,29130,30222,31991,34126,33156,34316,34909,35812,35630,37193,35798,36452,38346,39642,42458,45407,49245,48893
 "40065","Jackson, OK",6,CAINC4,35,"...","Earnings by place of work ","Thousands of dollars",85026,100306,106612,114913,137378,136472,143707,151984,148453,172048,187889,182570,209194,252071,255188,257278,260204,262861,293065,304577,292012,322161,301528,313787,346190,360849,351693,379719,406284,432847,439219,468772,490890,520402,571637,575986,591992,601859,602909,613578,586300,627471,632438,642616,644783,669396,640206,670592,700471,720244,759129,790332,849104,858303
 "40065","Jackson, OK",6,CAINC4,36,"...","Less: Contributions for government social insurance 5/","Thousands of dollars",4667,5997,6860,7410,8612,9985,11253,12040,11809,13055,14421,15508,17410,19467,21361,22518,23728,25389,26202,28641,29741,31194,33150,33723,37069,38060,40422,42305,43456,45563,46651,48727,52301,55762,59845,61825,63710,67028,67621,66009,66260,68803,62843,63112,70014,72649,72961,75035,76642,80351,84842,91511,94717,99914
 "40065","Jackson, OK",6,CAINC4,37,"..."," Employee and self-employed contributions for government social insurance ","Thousands of dollars",2182,2597,2839,3048,3828,4471,4750,4988,5183,5934,6585,7109,8103,9291,9969,10452,11237,11926,12237,13440,14109,14564,15497,15505,16807,17787,19032,19943,20842,22136,22825,23671,25407,26869,28058,28503,29424,31083,31711,31280,31339,32693,25630,25417,32486,33725,34726,37216,38311,40460,42246,45394,46846,50179
 "40065","Jackson, OK",6,CAINC4,38,"..."," Employer contributions for government social insurance ","Thousands of dollars",2485,3400,4021,4362,4784,5514,6503,7052,6626,7121,7836,8399,9307,10176,11392,12066,12491,13463,13965,15201,15632,16630,17653,18218,20262,20273,21390,22362,22614,23427,23826,25056,26894,28893,31787,33322,34286,35945,35910,34729,34921,36110,37213,37695,37528,38924,38235,37819,38331,39891,42596,46117,47871,49735
 "40065","Jackson, OK",6,CAINC4,42,"...","Plus: Adjustment for residence 6/","Thousands of dollars",-2559,-2826,-3240,-3325,-3698,-4424,-4944,-5720,-6606,-6916,-8985,-10308,-12460,-14672,-15363,-15502,-15812,-16755,-16497,-16014,-15155,-15385,-17470,-18569,-22740,-24807,-28930,-33550,-36020,-40157,-43389,-47745,-46225,-44517,-44049,-40064,-36299,-32366,-26447,-15859,-18877,-25574,-28840,-25458,-26847,-29182,-34778,-42232,-41063,-43359,-53698,-60088,-63126,-63231
 "40065","Jackson, OK",6,CAINC4,45,"...","Equals: Net earnings by place of residence ","Thousands of dollars",77800,91483,96512,104178,125068,122063,127510,134224,130038,152077,164483,156754,179324,217932,218464,219258,220664,220717,250366,259922,247116,275582,250908,261495,286381,297982,282341,303864,326808,347127,349179,372300,392364,420123,467743,474097,491983,502465,508841,531710,501163,533094,540755,554046,547922,567565,532467,553325,582766,596534,620589,638733,691261,695158
 "40065","Jackson, OK",6,CAINC4,46,"...","Plus: Dividends, interest, and rent 7/","Thousands of dollars",16864,25146,25734,27168,31055,34409,37868,40084,41500,49126,53629,62196,71179,80961,88801,93672,97482,97435,98455,101408,107143,105972,108498,107525,112675,120005,131159,140286,144974,148643,152540,159094,160165,149264,153590,157696,150802,155864,170459,175737,173218,173890,187617,183907,183211,191862,179714,174772,179564,178336,198784,202017,192442,201089
 "40065","Jackson, OK",6,CAINC4,47,"...","Plus: Personal current transfer receipts ","Thousands of dollars",8560,9543,10817,11931,13326,15315,18998,20860,22214,24216,27936,32141,36169,40230,43764,46281,49430,50343,52704,55653,59308,63797,69935,75832,79580,81312,87882,91943,92535,89549,93089,95648,106881,119758,126332,130742,139700,151778,163191,181137,196164,202289,196054,205020,205624,208629,207759,211085,213082,218055,234401,282428,333633,304369
 "40065","Jackson, OK",6,CAINC4,50,"...","Wages and salaries ","Thousands of dollars",57046,69467,73788,79307,85979,94577,99870,104425,105135,116302,123887,134102,144464,165282,174422,178537,184341,192844,197576,199713,203046,208941,218321,217067,235426,243028,261716,280537,288435,305083,315779,332186,349181,365212,389249,396724,409585,430955,435573,427535,417050,430047,426682,425469,425922,441580,446077,466531,474356,496372,524297,546716,569488,603349
 "40065","Jackson, OK",6,CAINC4,60,"...","Supplements to wages and salaries ","Thousands of dollars",14050,18896,20738,22382,24417,26894,29033,30007,28363,31261,33448,36286,39117,45258,49288,50810,53080,56303,57004,58876,60609,60465,63512,63895,67307,68661,72181,76009,77075,81383,83572,89189,94918,103886,118914,124816,128364,131252,132470,127919,129617,140328,141542,139041,141325,147207,147283,150717,151646,158183,167608,175547,181840,186390
 "40065","Jackson, OK",6,CAINC4,61,"..."," Employer contributions for employee pension and insurance funds 8/","Thousands of dollars",11565,15496,16717,18020,19633,21380,22530,22955,21737,24140,25612,27887,29810,35082,37896,38744,40589,42840,43039,43675,44977,43835,45859,45677,47045,48388,50791,53647,54461,57956,59746,64133,68024,74993,87127,91494,94078,95307,96560,93190,94696,104218,104329,101346,103797,108283,109048,112898,113315,118292,125012,129430,133969,136655
 "40065","Jackson, OK",6,CAINC4,62,"..."," Employer contributions for government social insurance ","Thousands of dollars",2485,3400,4021,4362,4784,5514,6503,7052,6626,7121,7836,8399,9307,10176,11392,12066,12491,13463,13965,15201,15632,16630,17653,18218,20262,20273,21390,22362,22614,23427,23826,25056,26894,28893,31787,33322,34286,35945,35910,34729,34921,36110,37213,37695,37528,38924,38235,37819,38331,39891,42596,46117,47871,49735
 "40065","Jackson, OK",6,CAINC4,70,"...","Proprietors' income 9/","Thousands of dollars",13930,11943,12086,13224,26982,15001,14804,17552,14955,24485,30554,12182,25613,41531,31478,27931,22783,13714,38485,45988,28357,52755,19695,32825,43457,49160,17796,23173,40774,46381,39868,47397,46791,51304,63474,54446,54043,39652,34866,58124,39633,57096,64214,78106,77536,80609,46846,53344,74469,65689,67224,68069,97776,68564
 "40065","Jackson, OK",6,CAINC4,71,"..."," Farm proprietors' income ","Thousands of dollars",5996,3509,2601,2729,16167,2544,903,2620,-1625,6264,11356,-6417,7215,22611,10502,5802,1059,-7225,20023,27288,10422,34458,1717,14803,24636,28256,-3983,2831,16035,17917,17277,24903,15341,17237,30141,21345,23986,3645,2834,25714,8985,17157,21224,29946,27292,30477,-5709,-12470,7431,-1592,6754,-9506,21134,-5690
 "40065","Jackson, OK",6,CAINC4,72,"..."," Nonfarm proprietors' income ","Thousands of dollars",7934,8434,9485,10495,10815,12457,13901,14932,16580,18221,19198,18599,18398,18920,20976,22129,21724,20939,18462,18700,17935,18297,17978,18022,18821,20904,21779,20342,24739,28464,22591,22494,31450,34067,33333,33101,30057,36007,32032,32410,30648,39939,42990,48160,50244,50132,52555,65814,67038,67281,60470,77575,76642,74254
 "40065","Jackson, OK",6,CAINC4,7010,"...","Total employment ","Number of jobs",14461,15274,14906,14869,14955,15311,15235,15035,14417,14728,14612,14361,14224,15029,15125,15040,14656,14554,14615,14332,14211,13964,13815,13614,14429,14805,15466,15831,15949,16133,16092,16103,15974,16119,16172,16069,15793,15933,15816,15269,14756,14721,14599,14358,14341,14285,14230,14365,14387,14451,14473,14396,14404,14665
 "40065","Jackson, OK",6,CAINC4,7020,"..."," Wage and salary employment ","Number of jobs",11764,12598,12276,12134,12379,12682,12660,12560,11998,12376,12285,12049,11876,12603,12621,12547,12203,12207,12127,11759,11768,11500,11323,11085,11780,12084,12601,12844,12918,13147,13195,13144,13372,13499,13539,13592,13261,13360,13170,12693,12102,12089,11875,11577,11511,11436,11356,11390,11364,11467,11651,11436,11403,11505
 "40065","Jackson, OK",6,CAINC4,7040,"..."," Proprietors employment ","Number of jobs",2697,2676,2630,2735,2576,2629,2575,2475,2419,2352,2327,2312,2348,2426,2504,2493,2453,2347,2488,2573,2443,2464,2492,2529,2649,2721,2865,2987,3031,2986,2897,2959,2602,2620,2633,2477,2532,2573,2646,2576,2654,2632,2724,2781,2830,2849,2874,2975,3023,2984,2822,2960,3001,3160
 "40067","Jefferson, OK",6,CAINC4,10,"...","Personal income (thousands of dollars) ","Thousands of dollars",18453,20164,23533,25742,30304,31967,35134,36984,38961,45000,56019,60286,70431,77706,79137,82623,81776,81468,82565,87914,86520,89127,94625,98404,102306,103793,101052,106909,121776,115544,118993,120367,120581,131743,142346,151240,161106,163167,169861,187264,177970,189798,213578,207236,202282,233069,222591,200065,188254,198217,201071,214423,216736,220041
 "40067","Jefferson, OK",6,CAINC4,11,"..."," Nonfarm personal income 1/","Thousands of dollars",16236,17690,20418,22091,24434,28106,30743,33931,38053,43131,47767,55948,64174,71095,76580,79521,80328,75365,74351,76281,79223,80759,86653,88616,92762,95701,100267,105587,111764,111349,109996,116088,114249,119451,126823,127698,131069,141923,156340,169804,167710,174397,183644,184927,187561,200709,196454,184059,176366,187868,196178,206443,212283,215759
 "40067","Jefferson, OK",6,CAINC4,12,"..."," Farm income 2/","Thousands of dollars",2217,2474,3115,3651,5870,3861,4391,3053,908,1869,8252,4338,6257,6611,2557,3102,1448,6103,8214,11633,7297,8368,7972,9788,9544,8092,785,1322,10012,4195,8997,4279,6332,12292,15523,23542,30037,21244,13521,17460,10260,15401,29934,22309,14721,32360,26137,16006,11888,10349,4893,7980,4453,4282
 "40067","Jefferson, OK",6,CAINC4,20,"...","Population (persons) 3/","Number of persons",7402,7177,7444,7764,7680,7802,7852,7943,8057,8285,8178,8270,8158,8418,8596,8135,7956,7632,7394,7177,7153,7012,7020,7043,7065,7130,7042,6987,6972,6918,6902,6773,6663,6543,6528,6498,6483,6418,6385,6408,6521,6419,6364,6185,6136,6008,5915,5833,5696,5570,5420,5325,5396,5389
 "40067","Jefferson, OK",6,CAINC4,30,"...","Per capita personal income (dollars) 4/","Dollars",2493,2810,3161,3316,3946,4097,4475,4656,4836,5432,6850,7290,8633,9231,9206,10156,10279,10675,11166,12249,12096,12711,13479,13972,14481,14557,14350,15301,17466,16702,17240,17772,18097,20135,21805,23275,24851,25423,26603,29223,27292,29568,33560,33506,32966,38793,37632,34299,33050,35587,37098,40267,40166,40832
 "40067","Jefferson, OK",6,CAINC4,35,"...","Earnings by place of work ","Thousands of dollars",10761,11259,13603,14998,18073,17741,18702,18608,18348,21975,29939,28059,32853,36142,35872,36700,35239,37347,40218,44158,41737,42993,45874,51610,56769,56904,51140,54780,67991,59982,62744,59033,52084,57993,63559,69363,76665,70182,64029,70921,65563,75242,94562,86649,81207,107196,98298,84006,67251,74190,70925,75132,63181,65263
 "40067","Jefferson, OK",6,CAINC4,36,"...","Less: Contributions for government social insurance 5/","Thousands of dollars",534,562,685,769,952,1127,1165,1251,1412,1675,1888,2119,2542,2937,3245,3308,3419,3183,3336,3684,4063,4052,4554,5028,5724,6010,6394,6565,6955,6704,6607,6602,5673,5708,5912,5776,5958,6207,6670,6931,7210,7536,7317,7414,8253,8915,8448,8661,7671,8505,8689,9637,8970,9805
 "40067","Jefferson, OK",6,CAINC4,37,"..."," Employee and self-employed contributions for government social insurance ","Thousands of dollars",355,374,438,477,592,682,692,716,802,942,1061,1197,1431,1657,1794,1841,1962,1863,1976,2222,2504,2434,2748,2997,3302,3456,3619,3705,3949,3869,3870,3853,3306,3348,3446,3406,3563,3727,3997,4160,4425,4622,4116,4005,4778,5179,5157,5384,4932,5474,5581,6204,5977,6575
 "40067","Jefferson, OK",6,CAINC4,38,"..."," Employer contributions for government social insurance ","Thousands of dollars",179,188,247,292,360,445,473,535,610,733,827,922,1111,1280,1451,1467,1457,1320,1360,1462,1559,1618,1806,2031,2422,2554,2775,2860,3006,2835,2737,2749,2367,2360,2466,2370,2395,2480,2673,2771,2785,2914,3201,3409,3475,3736,3291,3277,2739,3031,3108,3433,2993,3230
 "40067","Jefferson, OK",6,CAINC4,42,"...","Plus: Adjustment for residence 6/","Thousands of dollars",2507,2876,2922,3273,3631,4262,4845,5713,6764,7884,9333,11512,13430,12865,10626,10911,10649,9319,8484,8869,8288,8840,8775,7569,7052,6773,5973,6139,6167,6891,6967,8098,12707,14913,17466,20664,24697,29535,34625,39548,33455,33432,36488,38535,39266,41224,40204,32065,33757,36643,37418,34060,37049,42132
 "40067","Jefferson, OK",6,CAINC4,45,"...","Equals: Net earnings by place of residence ","Thousands of dollars",12734,13573,15840,17502,20752,20876,22382,23070,23700,28184,37384,37452,43741,46070,43253,44303,42469,43483,45366,49343,45962,47781,50095,54151,58097,57667,50719,54354,67203,60169,63104,60529,59118,67198,75113,84251,95404,93510,91984,103538,91808,101138,123733,117770,112220,139505,130054,107410,93337,102328,99654,99555,91260,97590
 "40067","Jefferson, OK",6,CAINC4,46,"...","Plus: Dividends, interest, and rent 7/","Thousands of dollars",2261,2691,3199,3507,4239,4876,5428,5959,6856,7644,8321,10825,13420,16357,19569,21692,21906,19756,18890,19579,20222,19691,21409,18886,17875,17976,20173,21050,23601,23707,23889,26140,26201,24752,26114,25543,23044,23329,28876,30050,27467,27606,29648,29972,29316,32566,30280,27854,29952,32227,31948,31392,28327,29455
 "40067","Jefferson, OK",6,CAINC4,47,"...","Plus: Personal current transfer receipts ","Thousands of dollars",3458,3900,4494,4733,5313,6215,7324,7955,8405,9172,10314,12009,13270,15279,16315,16628,17401,18229,18309,18992,20336,21655,23121,25367,26334,28150,30160,31505,30972,31668,32000,33698,35262,39793,41119,41446,42658,46328,49001,53676,58695,61054,60197,59494,60746,60998,62257,64801,64965,63662,69469,83476,97149,92996
 "40067","Jefferson, OK",6,CAINC4,50,"...","Wages and salaries ","Thousands of dollars",4631,4964,5931,6612,7200,8335,8501,9288,10879,12299,13501,15136,17334,20153,22457,21803,21616,19209,19622,19967,21268,21604,23816,26364,30054,31326,33681,35652,38419,37521,37634,37371,31950,30918,31576,29954,30280,32439,35253,37174,37221,38177,40492,41809,41909,46616,43708,45346,38556,42148,43900,46381,41752,44146
 "40067","Jefferson, OK",6,CAINC4,60,"...","Supplements to wages and salaries ","Thousands of dollars",505,556,784,929,1073,1290,1293,1396,1691,1999,2226,2473,2922,3475,4074,4076,4250,3989,4014,4234,4710,4862,5597,6787,7653,8027,8314,8814,9053,8741,8860,9223,8562,8522,8802,8835,9085,9326,9845,9980,10038,11053,11365,11108,11950,12723,12201,12216,10513,11865,12026,12510,11259,11326
 "40067","Jefferson, OK",6,CAINC4,61,"..."," Employer contributions for employee pension and insurance funds 8/","Thousands of dollars",326,368,537,637,713,845,820,861,1081,1266,1399,1551,1811,2195,2623,2609,2793,2669,2654,2772,3151,3244,3791,4756,5231,5473,5539,5954,6047,5906,6123,6474,6195,6162,6336,6465,6690,6846,7172,7209,7253,8139,8164,7699,8475,8987,8910,8939,7774,8834,8918,9077,8266,8096
 "40067","Jefferson, OK",6,CAINC4,62,"..."," Employer contributions for government social insurance ","Thousands of dollars",179,188,247,292,360,445,473,535,610,733,827,922,1111,1280,1451,1467,1457,1320,1360,1462,1559,1618,1806,2031,2422,2554,2775,2860,3006,2835,2737,2749,2367,2360,2466,2370,2395,2480,2673,2771,2785,2914,3201,3409,3475,3736,3291,3277,2739,3031,3108,3433,2993,3230
 "40067","Jefferson, OK",6,CAINC4,70,"...","Proprietors' income 9/","Thousands of dollars",5625,5739,6888,7457,9800,8116,8908,7924,5778,7677,14212,10450,12597,12514,9341,10821,9373,14149,16582,19957,15759,16527,16461,18459,19062,17551,9145,10314,20519,13720,16250,12439,11572,18553,23181,30574,37300,28417,18931,23767,18304,26012,42705,33732,27348,47857,42389,26444,18182,20177,14999,16241,10170,9791
 "40067","Jefferson, OK",6,CAINC4,71,"..."," Farm proprietors' income ","Thousands of dollars",1738,1918,2574,3028,5168,3005,3417,1790,-813,485,6843,2972,4987,5287,1370,2008,429,5220,7378,10653,6208,7067,6683,8568,8075,6609,-1071,-645,7807,2123,6781,2242,4134,10793,13896,21408,28131,19537,11279,14899,8225,13353,27665,19377,12279,29736,24518,14223,10029,8721,2810,5833,2523,2052
 "40067","Jefferson, OK",6,CAINC4,72,"..."," Nonfarm proprietors' income ","Thousands of dollars",3887,3821,4314,4429,4632,5111,5491,6134,6591,7192,7369,7478,7610,7227,7971,8813,8944,8929,9204,9304,9551,9460,9778,9891,10987,10942,10216,10959,12712,11597,9469,10197,7438,7760,9285,9166,9169,8880,7652,8868,10079,12659,15040,14355,15069,18121,17871,12221,8153,11456,12189,10408,7647,7739
 "40067","Jefferson, OK",6,CAINC4,7010,"...","Total employment ","Number of jobs",2910,2940,3004,3165,2943,3049,2941,2978,3065,2987,2961,2981,3131,3217,3313,3267,3149,2895,3013,2941,2907,2785,2779,2850,3023,3059,3193,3367,3469,3148,3013,2955,2867,2597,2488,2437,2422,2456,2544,2551,2524,2483,2377,2407,2462,2421,2405,2391,2227,2325,2247,2261,2202,2270
 "40067","Jefferson, OK",6,CAINC4,7020,"..."," Wage and salary employment ","Number of jobs",1451,1489,1595,1671,1652,1742,1629,1693,1821,1784,1780,1818,1929,1959,2012,1949,1841,1633,1664,1623,1646,1565,1603,1726,1823,1902,1983,2106,2149,2069,1983,1923,1702,1533,1432,1387,1387,1422,1402,1383,1378,1362,1346,1323,1341,1342,1291,1310,1162,1295,1289,1291,1186,1214
 "40067","Jefferson, OK",6,CAINC4,7040,"..."," Proprietors employment ","Number of jobs",1459,1451,1409,1494,1291,1307,1312,1285,1244,1203,1181,1163,1202,1258,1301,1318,1308,1262,1349,1318,1261,1220,1176,1124,1200,1157,1210,1261,1320,1079,1030,1032,1165,1064,1056,1050,1035,1034,1142,1168,1146,1121,1031,1084,1121,1079,1114,1081,1065,1030,958,970,1016,1056
 "40069","Johnston, OK",6,CAINC4,10,"...","Personal income (thousands of dollars) ","Thousands of dollars",16360,20398,22755,25003,25806,29556,32709,36147,39650,43179,51534,60918,67972,74830,78442,83279,85342,85718,84931,88943,94913,110065,105457,114911,122534,133673,134890,140575,147690,153101,162775,174763,197547,209237,217392,232104,242410,251119,269951,283995,299700,328820,340011,339394,337522,368452,360452,365356,384319,405302,397239,426291,464453,472988
 "40069","Johnston, OK",6,CAINC4,11,"..."," Nonfarm personal income 1/","Thousands of dollars",15366,18180,20713,22409,24640,28096,31617,34617,38264,43508,49343,59284,66389,73303,78180,83496,85760,86148,85667,88636,92296,108305,102785,109923,116514,123992,132721,139446,144643,151858,156781,169614,191381,200273,213786,223389,237214,251225,267125,292709,307441,332524,341797,338257,337690,360194,355372,365065,384152,405432,399610,429185,466544,481220
 "40069","Johnston, OK",6,CAINC4,12,"..."," Farm income 2/","Thousands of dollars",994,2218,2042,2594,1166,1460,1092,1530,1386,-329,2191,1634,1583,1527,262,-217,-418,-430,-736,307,2617,1760,2672,4988,6020,9681,2169,1129,3047,1243,5994,5149,6166,8964,3606,8715,5196,-106,2826,-8714,-7741,-3704,-1786,1137,-168,8258,5080,291,167,-130,-2371,-2894,-2091,-8232
 "40069","Johnston, OK",6,CAINC4,20,"...","Population (persons) 3/","Number of persons",8100,7873,8138,8543,8762,9078,9363,9841,9958,10135,10307,10395,10538,10445,10835,10741,10641,10673,10668,10453,10115,10030,9987,10151,10049,10212,10245,10286,10498,10467,10529,10521,10505,10475,10526,10459,10431,10709,10779,10772,10838,10988,10999,10837,10802,10853,10662,10746,10693,10510,10500,10241,10357,10406
 "40069","Johnston, OK",6,CAINC4,30,"...","Per capita personal income (dollars) 4/","Dollars",2020,2591,2796,2927,2945,3256,3493,3673,3982,4260,5000,5860,6450,7164,7240,7753,8020,8031,7961,8509,9383,10974,10559,11320,12194,13090,13166,13667,14068,14627,15460,16611,18805,19975,20653,22192,23239,23449,25044,26364,27653,29925,30913,31318,31246,33949,33807,33999,35941,38563,37832,41626,44844,45453
 "40069","Johnston, OK",6,CAINC4,35,"...","Earnings by place of work ","Thousands of dollars",9479,12919,14331,15236,14798,16074,16483,17818,19069,19840,24656,28110,30249,32303,33334,36111,37697,38598,38961,42647,44227,46329,49675,59834,66824,77177,74872,78959,82804,88807,94740,101096,108949,115941,121538,131434,139622,139846,141951,135050,141913,160816,159423,152776,147349,162042,169065,174459,193046,210890,182793,188291,192025,206237
 "40069","Johnston, OK",6,CAINC4,36,"...","Less: Contributions for government social insurance 5/","Thousands of dollars",573,713,840,891,1133,1250,1315,1421,1548,1832,2113,2572,2951,3178,3273,3688,3982,4148,4327,4976,5089,5394,5831,6708,7456,8508,9410,9990,10220,11300,11531,12474,11370,11946,13100,13826,14938,15813,16265,16610,16666,17464,16247,16250,17554,18038,19405,20282,22313,24424,22219,23753,24508,27655
 "40069","Johnston, OK",6,CAINC4,37,"..."," Employee and self-employed contributions for government social insurance ","Thousands of dollars",362,441,510,534,669,731,759,795,863,1012,1158,1384,1598,1749,1791,2001,2204,2302,2414,2823,2940,3032,3286,3702,4019,4445,4766,4955,5034,5452,5596,5929,6504,6779,7235,7448,8137,8686,9120,9337,9717,10204,8464,8091,9673,10109,10931,11903,12981,14280,13227,14039,14419,16310
 "40069","Johnston, OK",6,CAINC4,38,"..."," Employer contributions for government social insurance ","Thousands of dollars",211,272,330,357,464,519,556,626,685,820,955,1188,1353,1429,1482,1687,1778,1846,1913,2153,2149,2362,2545,3006,3437,4063,4644,5035,5186,5848,5935,6545,4866,5167,5865,6378,6801,7127,7145,7273,6949,7260,7783,8159,7881,7929,8474,8379,9332,10144,8992,9714,10089,11345
 "40069","Johnston, OK",6,CAINC4,42,"...","Plus: Adjustment for residence 6/","Thousands of dollars",1184,1095,1271,1877,2418,3102,3551,4370,5399,6715,8073,9752,11223,11500,11468,11365,11455,11239,10670,10091,10623,11185,11877,10121,10074,9136,8298,8507,9561,9394,10520,11247,16234,16788,15707,16793,16879,19088,24940,27319,27320,29898,36701,40620,42927,44508,40242,39161,36821,38767,50479,51604,55324,58278
 "40069","Johnston, OK",6,CAINC4,45,"...","Equals: Net earnings by place of residence ","Thousands of dollars",10090,13301,14762,16222,16083,17926,18719,20767,22920,24723,30616,35290,38521,40625,41529,43788,45170,45689,45304,47762,49761,52120,55721,63247,69442,77805,73760,77476,82145,86901,93729,99869,113813,120783,124145,134401,141563,143121,150626,145759,152567,173250,179877,177146,172722,188512,189902,193338,207554,225233,211053,216142,222841,236860
 "40069","Johnston, OK",6,CAINC4,46,"...","Plus: Dividends, interest, and rent 7/","Thousands of dollars",1988,2424,2854,3193,3672,4147,4729,5313,6235,7284,8163,10739,13031,15689,16598,18646,18869,18331,17296,17968,19285,30023,19132,18630,18658,19240,21700,22258,25288,24727,24841,27704,30081,28219,29799,30098,26790,25490,31604,38889,40095,42312,49085,48127,50209,62628,52215,51421,53688,56173,57483,58515,65263,68224
 "40069","Johnston, OK",6,CAINC4,47,"...","Plus: Personal current transfer receipts ","Thousands of dollars",4282,4673,5139,5588,6051,7483,9261,10067,10495,11172,12755,14889,16420,18516,20315,20845,21303,21698,22331,23213,25867,27922,30604,33034,34434,36628,39430,40841,40257,41473,44205,47190,53653,60235,63448,67605,74057,82508,87721,99347,107038,113258,111049,114121,114591,117312,118335,120597,123077,123896,128703,151634,176349,167904
 "40069","Johnston, OK",6,CAINC4,50,"...","Wages and salaries ","Thousands of dollars",5233,7270,8299,8155,9025,9667,10067,10974,12132,13632,15395,19029,20615,22430,23487,25492,26684,26960,27667,29277,28977,31329,33261,39078,43090,47431,51319,54132,54503,59945,62486,67376,64440,66262,73183,75963,83608,89827,91795,95500,91329,93319,94039,95172,95289,100405,110415,116439,128857,142235,124774,126278,131718,149135
 "40069","Johnston, OK",6,CAINC4,60,"...","Supplements to wages and salaries ","Thousands of dollars",604,785,977,1090,1301,1461,1556,1651,1878,2205,2544,3144,3576,3908,4392,4864,5278,5455,5603,6049,6478,7141,7766,10260,11931,13899,15749,16718,16976,18865,20389,22825,17620,18753,21643,23241,25271,25758,25616,25835,24672,27221,27283,26506,28141,29832,33297,34770,41447,46017,35307,35481,34945,37368
 "40069","Johnston, OK",6,CAINC4,61,"..."," Employer contributions for employee pension and insurance funds 8/","Thousands of dollars",393,513,647,733,837,942,1000,1025,1193,1385,1589,1956,2223,2479,2910,3177,3500,3609,3690,3896,4329,4779,5221,7254,8494,9836,11105,11683,11790,13017,14454,16280,12754,13586,15778,16863,18470,18631,18471,18562,17723,19961,19500,18347,20260,21903,24823,26391,32115,35873,26315,25767,24856,26023
 "40069","Johnston, OK",6,CAINC4,62,"..."," Employer contributions for government social insurance ","Thousands of dollars",211,272,330,357,464,519,556,626,685,820,955,1188,1353,1429,1482,1687,1778,1846,1913,2153,2149,2362,2545,3006,3437,4063,4644,5035,5186,5848,5935,6545,4866,5167,5865,6378,6801,7127,7145,7273,6949,7260,7783,8159,7881,7929,8474,8379,9332,10144,8992,9714,10089,11345
 "40069","Johnston, OK",6,CAINC4,70,"...","Proprietors' income 9/","Thousands of dollars",3642,4864,5055,5991,4472,4946,4860,5193,5059,4003,6717,5937,6058,5965,5455,5755,5735,6183,5691,7321,8772,7859,8648,10496,11803,15847,7804,8109,11325,9997,11865,10895,26889,30926,26712,32230,30743,24261,24540,13715,25912,40276,38101,31098,23919,31805,25353,23250,22742,22638,22712,26532,25362,19734
 "40069","Johnston, OK",6,CAINC4,71,"..."," Farm proprietors' income ","Thousands of dollars",581,1761,1618,2128,662,853,414,659,200,-1262,1198,628,625,462,-755,-1217,-1398,-1316,-1598,-657,1586,568,1515,3924,4767,8443,652,-472,1284,-380,4300,3619,4547,7886,2417,7137,3763,-1414,1072,-10548,-9088,-4945,-3088,-397,-1444,6870,4245,-675,-835,-967,-3460,-4018,-3126,-9430
 "40069","Johnston, OK",6,CAINC4,72,"..."," Nonfarm proprietors' income ","Thousands of dollars",3061,3103,3437,3863,3810,4093,4446,4534,4859,5265,5519,5309,5433,5503,6210,6972,7133,7499,7289,7978,7186,7291,7133,6572,7036,7404,7152,8581,10041,10377,7565,7276,22342,23040,24295,25093,26980,25675,23468,24263,35000,45221,41189,31495,25363,24935,21108,23925,23577,23605,26172,30550,28488,29164
 "40069","Johnston, OK",6,CAINC4,7010,"...","Total employment ","Number of jobs",2441,2703,2839,2834,2930,2898,2904,2971,3032,3086,3188,3324,3307,3363,3443,3516,3539,3372,3449,3453,3305,3452,3482,3688,3914,4112,4355,4404,4326,4361,4484,4583,4766,4566,4723,4680,4944,5036,4971,4992,4941,4717,4590,4594,4677,4672,4951,5197,6157,6457,4853,4763,4784,5008
 "40069","Johnston, OK",6,CAINC4,7020,"..."," Wage and salary employment ","Number of jobs",1388,1673,1755,1711,1838,1836,1838,1828,1871,1922,2044,2192,2167,2226,2229,2294,2333,2203,2233,2179,2088,2208,2209,2452,2619,2781,2918,2935,2827,2951,3090,3176,3189,3004,3207,3132,3350,3437,3295,3361,3286,3126,2966,2970,2978,3024,3282,3597,4541,4859,3359,3264,3203,3376
 "40069","Johnston, OK",6,CAINC4,7040,"..."," Proprietors employment ","Number of jobs",1053,1030,1084,1123,1092,1062,1066,1143,1161,1164,1144,1132,1140,1137,1214,1222,1206,1169,1216,1274,1217,1244,1273,1236,1295,1331,1437,1469,1499,1410,1394,1407,1577,1562,1516,1548,1594,1599,1676,1631,1655,1591,1624,1624,1699,1648,1669,1600,1616,1598,1494,1499,1581,1632
 "40071","Kay, OK",6,CAINC4,10,"...","Personal income (thousands of dollars) ","Thousands of dollars",176839,191926,210432,220823,251722,280906,319334,334049,368017,400246,471505,547571,630361,718536,745620,843147,856402,853181,799426,800780,814757,841694,863707,919229,917393,919966,920180,971750,1001281,1007625,990248,1058896,1224474,1232109,1224981,1248635,1207642,1335823,1439503,1639242,1557124,1584254,1668965,1713724,1726273,1763995,1744967,1717307,1749329,1753981,1818320,1978816,2131993,2114511
 "40071","Kay, OK",6,CAINC4,11,"..."," Nonfarm personal income 1/","Thousands of dollars",171408,182927,198990,212526,232687,263439,302899,326381,363785,397342,455329,539230,634231,707047,748702,832784,854322,841919,793954,783380,795736,829847,861916,909171,912771,902659,923042,967902,982282,1000768,983178,1053062,1222796,1224588,1206563,1222947,1193841,1331765,1436422,1608215,1538186,1572078,1652743,1684541,1714993,1761647,1742774,1718977,1745793,1757992,1807534,1964656,2101803,2119807
 "40071","Kay, OK",6,CAINC4,12,"..."," Farm income 2/","Thousands of dollars",5431,8999,11442,8297,19035,17467,16435,7668,4232,2904,16176,8341,-3870,11489,-3082,10363,2080,11262,5472,17400,19021,11847,1791,10058,4622,17307,-2862,3848,18999,6857,7070,5834,1678,7521,18418,25688,13801,4058,3081,31027,18938,12176,16222,29183,11280,2348,2193,-1670,3536,-4011,10786,14160,30190,-5296
 "40071","Kay, OK",6,CAINC4,20,"...","Population (persons) 3/","Number of persons",48344,48773,48923,48436,48450,47778,48231,49099,49403,49554,49253,50078,50891,52236,53113,52520,51627,50891,50143,48775,48494,48029,48321,49060,48992,48591,48659,48463,48295,48311,48360,47954,47518,47686,47363,46903,46469,46220,46461,46410,46814,46436,45891,45763,45653,45603,45415,45116,44648,44273,43915,43609,43724,43668
 "40071","Kay, OK",6,CAINC4,30,"...","Per capita personal income (dollars) 4/","Dollars",3658,3935,4301,4559,5196,5879,6621,6804,7449,8077,9573,10934,12386,13756,14038,16054,16588,16765,15943,16418,16801,17525,17874,18737,18725,18933,18911,20051,20733,20857,20477,22081,25769,25838,25864,26622,25988,28901,30983,35321,33262,34117,36368,37448,37813,38682,38423,38064,39180,39617,41405,45376,48760,48422
 "40071","Kay, OK",6,CAINC4,35,"...","Earnings by place of work ","Thousands of dollars",145451,155359,169324,178003,204330,225522,255243,264674,290943,317444,384239,440541,503410,573009,591204,684740,683807,683129,635858,632509,617057,652465,681736,736209,736615,725457,700152,734559,743681,745867,718538,762195,944252,943954,904339,903480,884541,987351,1063669,1137011,1047066,1053268,1087110,1136055,1158272,1141905,1128372,1097786,1130919,1154589,1172605,1203995,1262290,1292445
 "40071","Kay, OK",6,CAINC4,36,"...","Less: Contributions for government social insurance 5/","Thousands of dollars",8578,8881,9940,11188,14534,16592,18537,19958,21976,24972,30228,35891,45284,52166,53424,60226,61574,64161,62893,66598,68626,75678,82493,87419,88763,86141,85571,86773,84059,85760,82949,86955,106203,107148,101251,103868,106176,117862,126565,128871,120817,120191,112733,117915,134599,131653,128902,127306,133466,140068,138600,144379,150710,159503
 "40071","Kay, OK",6,CAINC4,37,"..."," Employee and self-employed contributions for government social insurance ","Thousands of dollars",4796,5023,5597,6165,7907,9006,10057,10604,11762,13246,16021,19141,24215,27311,28266,32112,34180,34620,32613,34226,35212,38319,41727,44224,44388,43885,44072,45469,45037,46398,45588,47412,56637,57231,53241,53177,53544,59861,65256,67718,64779,64692,52623,53445,68456,68918,69082,70848,73808,77481,77653,81924,84066,90725
 "40071","Kay, OK",6,CAINC4,38,"..."," Employer contributions for government social insurance ","Thousands of dollars",3782,3858,4343,5023,6627,7586,8480,9354,10214,11726,14207,16750,21069,24855,25158,28114,27394,29541,30280,32372,33414,37359,40766,43195,44375,42256,41499,41304,39022,39362,37361,39543,49566,49917,48010,50691,52632,58001,61309,61153,56038,55499,60110,64470,66143,62735,59820,56458,59658,62587,60947,62455,66644,68778
 "40071","Kay, OK",6,CAINC4,42,"...","Plus: Adjustment for residence 6/","Thousands of dollars",-2590,-2595,-3122,-3672,-4994,-6207,-9110,-8906,-8630,-9622,-11776,-15735,-21131,-27388,-31465,-38566,-41496,-42253,-41700,-41087,-36783,-43130,-48412,-52008,-51901,-48366,-47989,-51060,-49395,-50859,-47203,-49960,-64442,-67139,-61335,-64060,-62242,-77275,-88791,-48220,-38264,-36548,-37248,-39176,-35938,-28752,-16696,-16772,-24298,-28421,-20557,-21922,-28648,-27253
 "40071","Kay, OK",6,CAINC4,45,"...","Equals: Net earnings by place of residence ","Thousands of dollars",134283,143883,156262,163143,184802,202723,227596,235810,260337,282850,342235,388915,436995,493455,506315,585948,580737,576715,531265,524824,511648,533657,550831,596782,595951,590950,566592,596726,610227,609248,588386,625280,773607,769667,741753,735552,716123,792214,848313,959920,887985,896529,937129,978964,987735,981500,982774,953708,973155,986100,1013448,1037694,1082932,1105689
 "40071","Kay, OK",6,CAINC4,46,"...","Plus: Dividends, interest, and rent 7/","Thousands of dollars",26138,29332,32912,34427,40077,46591,52932,56616,62994,68706,75172,96924,122043,144795,152860,166818,179613,175396,163565,167324,187887,184688,182133,176796,171001,174325,188499,198965,213453,219884,216038,238501,242547,230728,237614,256783,225177,249619,277611,333588,291053,285752,332053,328488,325553,361520,333733,322167,318167,304946,310275,335765,357457,365438
 "40071","Kay, OK",6,CAINC4,47,"...","Plus: Personal current transfer receipts ","Thousands of dollars",16418,18711,21258,23253,26843,31592,38806,41623,44686,48690,54098,61732,71323,80286,86445,90381,96052,101070,104596,108632,115222,123349,130743,145651,150441,154691,165089,176059,177601,178493,185824,195115,208320,231714,245614,256300,266342,293990,313579,345734,378086,401973,399783,406272,412985,420975,428460,441432,458007,462935,494597,605357,691604,643384
 "40071","Kay, OK",6,CAINC4,50,"...","Wages and salaries ","Thousands of dollars",100587,105961,113355,120258,133436,146518,166883,179307,196129,217027,253595,303642,359834,398836,415530,475129,481889,469260,444395,437999,434991,469345,503766,535954,534846,516071,513976,539800,531490,555210,540157,569683,646974,648947,614389,631569,632439,720166,790300,824730,747242,733997,752135,781598,804726,807166,793667,784524,815693,847574,843172,849874,883791,933462
 "40071","Kay, OK",6,CAINC4,60,"...","Supplements to wages and salaries ","Thousands of dollars",17246,17876,18542,20334,22032,26497,33057,35191,40902,45343,57620,68806,85104,101255,108518,123342,123133,124774,122998,109268,94432,102690,112851,124960,128736,124775,121195,121528,119412,116454,113369,124882,150711,149049,148695,160956,162021,175341,183903,180754,170799,175871,178737,180749,192238,191206,191565,185164,193321,201384,198623,197503,201867,204306
 "40071","Kay, OK",6,CAINC4,61,"..."," Employer contributions for employee pension and insurance funds 8/","Thousands of dollars",13464,14018,14199,15311,15405,18911,24577,25837,30688,33617,43413,52056,64035,76400,83360,95228,95739,95233,92718,76896,61018,65331,72085,81765,84361,82519,79696,80224,80390,77092,76008,85339,101145,99132,100685,110265,109389,117340,122594,119601,114761,120372,118627,116279,126095,128471,131745,128706,133663,138797,137676,135048,135223,135528
 "40071","Kay, OK",6,CAINC4,62,"..."," Employer contributions for government social insurance ","Thousands of dollars",3782,3858,4343,5023,6627,7586,8480,9354,10214,11726,14207,16750,21069,24855,25158,28114,27394,29541,30280,32372,33414,37359,40766,43195,44375,42256,41499,41304,39022,39362,37361,39543,49566,49917,48010,50691,52632,58001,61309,61153,56038,55499,60110,64470,66143,62735,59820,56458,59658,62587,60947,62455,66644,68778
 "40071","Kay, OK",6,CAINC4,70,"...","Proprietors' income 9/","Thousands of dollars",27618,31522,37427,37411,48862,52507,55303,50176,53912,55074,73024,68093,58472,72918,67156,86269,78785,89095,68465,85242,87634,80430,65119,75295,73033,84611,64981,73231,92779,74203,65012,67630,146567,145958,141255,110955,90081,91844,89466,131527,129025,143400,156238,173708,161308,143533,143140,128098,121905,105631,130810,156618,176632,154677
 "40071","Kay, OK",6,CAINC4,71,"..."," Farm proprietors' income ","Thousands of dollars",4736,8204,10684,7434,18092,16313,15231,6213,2364,1484,14629,6743,-5442,9735,-4655,8911,725,10094,4376,16216,17800,10482,519,8940,3378,16137,-4237,2463,17517,5448,5552,4413,114,6439,17205,24022,12251,2591,1049,28523,16823,9950,13630,25764,8430,-725,322,-3778,1344,-5889,8364,11665,27922,-7918
 "40071","Kay, OK",6,CAINC4,72,"..."," Nonfarm proprietors' income ","Thousands of dollars",22882,23318,26743,29977,30770,36194,40072,43963,51548,53590,58395,61350,63914,63183,71811,77358,78060,79001,64089,69026,69834,69948,64600,66355,69655,68474,69218,70768,75262,68755,59460,63217,146453,139519,124050,86933,77830,89253,88417,103004,112202,133450,142608,147944,152878,144258,142818,131876,120561,111520,122446,144953,148710,162595
 "40071","Kay, OK",6,CAINC4,7010,"...","Total employment ","Number of jobs",22195,22108,22230,22819,23451,23719,23796,23902,24175,24696,25651,27370,28930,29084,28211,28331,26938,25486,25688,26315,26690,26926,27748,27823,27368,26895,27456,27819,27944,28213,27527,27783,27496,27124,26111,25938,25894,27141,27810,28783,27007,25974,26131,26303,26335,25844,25260,24520,24728,24563,24075,23532,23886,24569
 "40071","Kay, OK",6,CAINC4,7020,"..."," Wage and salary employment ","Number of jobs",16977,16908,17007,17410,18155,18285,18256,18588,18817,19362,20179,21682,22859,22631,21391,21670,20501,19748,19940,20612,20937,21132,21847,22114,21662,21234,21677,21988,22025,22445,21818,21936,21963,21755,20615,20465,20370,21491,22053,23005,21287,20271,20288,20287,20400,19959,19485,18933,19314,19294,19031,18356,18554,18959
 "40071","Kay, OK",6,CAINC4,7040,"..."," Proprietors employment ","Number of jobs",5218,5200,5223,5409,5296,5434,5540,5314,5358,5334,5472,5688,6071,6453,6820,6661,6437,5738,5748,5703,5753,5794,5901,5709,5706,5661,5779,5831,5919,5768,5709,5847,5533,5369,5496,5473,5524,5650,5757,5778,5720,5703,5843,6016,5935,5885,5775,5587,5414,5269,5044,5176,5332,5610
 "40073","Kingfisher, OK",6,CAINC4,10,"...","Personal income (thousands of dollars) ","Thousands of dollars",37815,41403,46894,46222,61607,59514,71069,73683,78304,90728,123889,146905,177196,215497,187499,203253,209156,209872,203295,192917,201831,207680,212489,228657,234848,252856,253749,268081,297846,300647,294302,323469,362725,370513,392509,403218,433598,462979,482433,552902,475893,525384,588973,644446,667258,763459,724084,715401,757386,845457,897498,940524,1079458,1099735
 "40073","Kingfisher, OK",6,CAINC4,11,"..."," Nonfarm personal income 1/","Thousands of dollars",31085,33382,36735,38855,44087,51037,59331,66020,75775,86164,103103,132742,178840,195291,190452,198373,201730,194545,192558,179813,187473,193260,203413,213527,221985,237879,253865,262645,281910,290043,290026,312268,353038,351073,367086,373347,402529,441630,466733,518361,484556,515426,569116,608025,648613,727179,691971,695327,735647,821763,870998,911502,1032828,1087162
 "40073","Kingfisher, OK",6,CAINC4,12,"..."," Farm income 2/","Thousands of dollars",6730,8021,10159,7367,17520,8477,11738,7663,2529,4564,20786,14163,-1644,20206,-2953,4880,7426,15327,10737,13104,14358,14420,9076,15130,12863,14977,-116,5436,15936,10604,4276,11201,9687,19440,25423,29871,31069,21349,15700,34541,-8663,9958,19857,36421,18645,36280,32113,20074,21739,23694,26500,29022,46630,12573
 "40073","Kingfisher, OK",6,CAINC4,20,"...","Population (persons) 3/","Number of persons",12401,12841,12864,12828,12727,12882,13042,13575,13980,14158,13845,14346,14959,16193,16372,16212,15755,15350,14512,14035,13534,13177,13093,13100,13194,13392,13593,13734,13801,13857,13919,13898,13910,13940,14151,14223,14390,14464,14705,14748,14901,15061,15095,14900,15108,15247,15265,15265,15311,15386,15304,15174,15253,15293
 "40073","Kingfisher, OK",6,CAINC4,30,"...","Per capita personal income (dollars) 4/","Dollars",3049,3224,3645,3603,4841,4620,5449,5428,5601,6408,8948,10240,11845,13308,11452,12537,13276,13672,14009,13745,14913,15761,16229,17455,17800,18881,18668,19520,21581,21696,21144,23274,26077,26579,27737,28350,30132,32009,32807,37490,31937,34884,39018,43251,44166,50073,47434,46865,49467,54950,58645,61983,70770,71911
 "40073","Kingfisher, OK",6,CAINC4,35,"...","Earnings by place of work ","Thousands of dollars",26758,28832,32453,31176,44291,40539,50009,51410,55514,64711,97598,116303,142950,165156,116999,123483,126863,126582,121899,125256,132785,137791,142064,154154,159553,173354,164432,171560,197819,195353,184168,202002,241554,253122,266009,275770,290883,308579,309608,352750,293952,323833,376477,430679,443624,519647,464238,449852,472147,527420,557580,541764,574496,588036
 "40073","Kingfisher, OK",6,CAINC4,36,"...","Less: Contributions for government social insurance 5/","Thousands of dollars",1291,1348,1477,1650,2155,2655,3135,3587,4380,5115,6871,9181,14175,14766,11879,12013,12368,11856,11921,12786,13646,14582,16147,16543,17512,19109,20173,19998,21300,21593,21170,22139,25716,26098,26678,27482,28664,31166,32973,34933,33174,33607,33885,37356,43502,46567,44109,46629,49855,57601,59757,56169,56654,63503
 "40073","Kingfisher, OK",6,CAINC4,37,"..."," Employee and self-employed contributions for government social insurance ","Thousands of dollars",754,792,864,941,1220,1488,1726,1900,2302,2674,3546,4776,7331,7492,6024,5978,6314,6042,6099,6535,7109,7489,8258,8573,8972,9831,10296,10315,11229,11489,11401,11887,13892,14034,14087,14122,15028,16366,17557,18708,18252,18494,16223,17373,22677,25308,23994,25724,27286,31267,32703,31620,31669,35423
 "40073","Kingfisher, OK",6,CAINC4,38,"..."," Employer contributions for government social insurance ","Thousands of dollars",537,556,613,709,935,1167,1409,1687,2078,2441,3325,4405,6844,7274,5855,6035,6054,5814,5822,6251,6537,7093,7889,7970,8540,9278,9877,9683,10071,10104,9769,10252,11824,12064,12591,13360,13636,14800,15416,16225,14922,15113,17662,19983,20825,21259,20115,20905,22569,26334,27054,24549,24985,28080
 "40073","Kingfisher, OK",6,CAINC4,42,"...","Plus: Adjustment for residence 6/","Thousands of dollars",1109,1296,1566,1724,1653,1266,153,-110,-1552,-1409,-4514,-9483,-17925,-13512,-4424,-1991,-1827,-623,-966,241,-458,-356,23,3444,4428,5477,7390,10359,11147,13367,17511,22217,18557,20035,20653,22352,22256,22904,23196,25514,26148,29457,28181,26022,23782,19490,28415,26499,19721,6530,5599,20664,26100,25618
 "40073","Kingfisher, OK",6,CAINC4,45,"...","Equals: Net earnings by place of residence ","Thousands of dollars",26576,28780,32542,31250,43789,39150,47027,47713,49582,58187,86213,97639,110850,136878,100696,109479,112668,114103,109012,112711,118681,122853,125940,141055,146469,159722,151649,161921,187666,187127,180509,202080,234395,247059,259984,270640,284475,300317,299831,343331,286926,319683,370773,419345,423904,492570,448544,429722,442013,476349,503422,506259,543942,550151
 "40073","Kingfisher, OK",6,CAINC4,46,"...","Plus: Dividends, interest, and rent 7/","Thousands of dollars",7530,8355,9595,9799,11726,13412,15675,16808,19006,21710,25228,34511,50306,60469,67227,72526,73942,71983,70194,55435,57511,57640,56451,53748,52559,55017,60262,61641,63735,65024,64631,71650,73524,67881,74021,70896,82457,89923,105537,122186,96319,102708,117210,123451,137532,168701,164928,171880,194826,244280,260487,263107,338835,373781
 "40073","Kingfisher, OK",6,CAINC4,47,"...","Plus: Personal current transfer receipts ","Thousands of dollars",3709,4268,4757,5173,6092,6952,8367,9162,9716,10831,12448,14755,16040,18150,19576,21248,22546,23786,24089,24771,25639,27187,30098,33854,35820,38117,41838,44519,46445,48496,49162,49739,54806,55573,58504,61682,66666,72739,77065,87385,92648,102993,100990,101650,105822,102188,110612,113799,120547,124828,133589,171158,196681,175803
 "40073","Kingfisher, OK",6,CAINC4,50,"...","Wages and salaries ","Thousands of dollars",13406,14050,14683,15628,17719,21636,26095,30097,37247,42250,55725,76498,113557,112498,88352,86395,87541,81354,81080,82916,87116,91443,100535,102317,106014,114176,122705,123807,134423,139599,138117,145210,158361,155771,160786,162833,175247,196633,211209,227215,208346,206686,228447,255270,268245,298519,279382,296074,317845,372757,389044,343600,345423,383401
 "40073","Kingfisher, OK",6,CAINC4,60,"...","Supplements to wages and salaries ","Thousands of dollars",1453,1618,1797,2055,2412,2919,3774,4371,5553,6583,8686,11773,17104,18224,15904,16000,16479,16460,16477,17055,18354,19540,22185,24189,26055,28298,28919,28633,29833,30569,30379,32064,36029,37440,39713,42605,44447,48584,48630,48873,49339,51646,55650,60160,64490,67091,67635,69674,75110,85261,88360,80700,81249,85611
 "40073","Kingfisher, OK",6,CAINC4,61,"..."," Employer contributions for employee pension and insurance funds 8/","Thousands of dollars",916,1062,1184,1346,1477,1752,2365,2684,3475,4142,5361,7368,10260,10950,10049,9965,10425,10646,10655,10804,11817,12447,14296,16219,17515,19020,19042,18950,19762,20465,20610,21812,24205,25376,27122,29245,30811,33784,33214,32648,34417,36533,37988,40177,43665,45832,47520,48769,52541,58927,61306,56151,56264,57531
 "40073","Kingfisher, OK",6,CAINC4,62,"..."," Employer contributions for government social insurance ","Thousands of dollars",537,556,613,709,935,1167,1409,1687,2078,2441,3325,4405,6844,7274,5855,6035,6054,5814,5822,6251,6537,7093,7889,7970,8540,9278,9877,9683,10071,10104,9769,10252,11824,12064,12591,13360,13636,14800,15416,16225,14922,15113,17662,19983,20825,21259,20115,20905,22569,26334,27054,24549,24985,28080
 "40073","Kingfisher, OK",6,CAINC4,70,"...","Proprietors' income 9/","Thousands of dollars",11899,13164,15973,13493,24160,15984,20140,16942,12714,15878,33187,28032,12289,34434,12743,21088,22843,28768,24342,25285,27315,26808,19344,27648,27484,30880,12808,19120,33563,25185,15672,24728,47164,59911,65510,70332,71189,63362,49769,76662,36267,65501,92380,115249,110889,154037,117221,84104,79192,69402,80176,117464,147824,119024
 "40073","Kingfisher, OK",6,CAINC4,71,"..."," Farm proprietors' income ","Thousands of dollars",6121,7307,9460,6557,16605,7347,10623,6391,983,3431,19556,12894,-2887,18810,-4370,3391,5836,13763,9075,11338,12576,12453,7266,13523,10556,12350,-3712,1356,11111,6263,-162,7322,5720,16890,22336,25396,26620,16963,9242,27514,-13971,4814,14352,29530,12899,30111,28313,15887,17375,19876,21605,23975,42090,7326
 "40073","Kingfisher, OK",6,CAINC4,72,"..."," Nonfarm proprietors' income ","Thousands of dollars",5778,5857,6513,6936,7555,8637,9517,10551,11731,12447,13631,15138,15176,15624,17113,17697,17007,15005,15267,13947,14739,14355,12078,14125,16928,18530,16520,17764,22452,18922,15834,17406,41444,43021,43174,44936,44569,46399,40527,49148,50238,60687,78028,85719,97990,123926,88908,68217,61817,49526,58571,93489,105734,111698
 "40073","Kingfisher, OK",6,CAINC4,7010,"...","Total employment ","Number of jobs",5777,5906,5832,6164,6099,6358,6363,6533,6830,6815,7221,7836,9237,9474,8718,8571,8354,7845,7960,7935,7911,7923,8147,7939,8300,8626,8863,8769,9164,8945,8738,8611,9152,8859,8700,8673,8873,9252,9632,9942,9665,9806,10012,10517,11013,11101,11162,11526,11728,11761,11778,11121,11055,11636
 "40073","Kingfisher, OK",6,CAINC4,7020,"..."," Wage and salary employment ","Number of jobs",3071,3064,3052,3219,3302,3531,3706,3925,4272,4333,4743,5331,6348,6467,5571,5377,5111,4802,4775,4789,4864,4872,5054,4996,5202,5489,5700,5708,6027,6024,5769,5629,5747,5608,5413,5393,5523,5852,6001,6155,5837,5650,5901,6087,6302,6422,6397,6565,6877,7232,7588,6893,6682,7026
 "40073","Kingfisher, OK",6,CAINC4,7040,"..."," Proprietors employment ","Number of jobs",2706,2842,2780,2945,2797,2827,2657,2608,2558,2482,2478,2505,2889,3007,3147,3194,3243,3043,3185,3146,3047,3051,3093,2943,3098,3137,3163,3061,3137,2921,2969,2982,3405,3251,3287,3280,3350,3400,3631,3787,3828,4156,4111,4430,4711,4679,4765,4961,4851,4529,4190,4228,4373,4610
 "40075","Kiowa, OK",6,CAINC4,10,"...","Personal income (thousands of dollars) ","Thousands of dollars",34744,37788,36920,42984,58411,56393,60053,59473,59296,73092,89621,94123,121608,125803,134914,143940,143116,143280,140128,149377,151442,162009,149141,159930,168096,171919,167776,169583,182777,194364,198295,208885,223849,228642,232949,248393,249974,244731,252003,304491,261283,280194,315137,332389,349136,344705,319585,310052,306377,300822,330115,363446,381371,372290
 "40075","Kiowa, OK",6,CAINC4,11,"..."," Nonfarm personal income 1/","Thousands of dollars",27348,29662,33580,35495,39836,44898,50671,54763,60619,67839,76389,91871,104460,119469,126559,130939,134808,130637,126829,127226,135431,137243,141357,146206,148981,156952,164215,167648,173079,177911,180380,189136,206485,212687,212808,216399,225300,237610,247694,268822,260381,268397,290122,293514,303196,301986,293910,292591,289332,285331,304403,335710,346106,351083
 "40075","Kiowa, OK",6,CAINC4,12,"..."," Farm income 2/","Thousands of dollars",7396,8126,3340,7489,18575,11495,9382,4710,-1323,5253,13232,2252,17148,6334,8355,13001,8308,12643,13299,22151,16011,24766,7784,13724,19115,14967,3561,1935,9698,16453,17915,19749,17364,15955,20141,31994,24674,7121,4309,35669,902,11797,25015,38875,45940,42719,25675,17461,17045,15491,25712,27736,35265,21207
 "40075","Kiowa, OK",6,CAINC4,20,"...","Population (persons) 3/","Number of persons",13481,12481,12437,12189,12140,12354,12464,12645,12492,12700,12774,12742,12844,13006,13283,13100,12497,11962,11933,11922,11450,11337,11150,11008,11074,10931,10874,10646,10623,10430,10236,10201,10054,10015,9965,9885,9955,9756,9543,9518,9445,9435,9393,9301,9262,9175,8985,8875,8669,8524,8497,8493,8358,8345
 "40075","Kiowa, OK",6,CAINC4,30,"...","Per capita personal income (dollars) 4/","Dollars",2577,3028,2969,3526,4811,4565,4818,4703,4747,5755,7016,7387,9468,9673,10157,10988,11452,11978,11743,12530,13226,14290,13376,14529,15179,15728,15429,15929,17206,18635,19372,20477,22265,22830,23377,25128,25110,25085,26407,31991,27664,29697,33550,35737,37696,37570,35569,34935,35342,35291,38851,42794,45629,44612
 "40075","Kiowa, OK",6,CAINC4,35,"...","Earnings by place of work ","Thousands of dollars",22938,24485,21831,26731,39900,34989,35043,32190,28559,38210,49881,44474,62052,56514,58912,64742,60745,66631,67539,76743,73600,84027,70663,79113,87963,89285,78418,76289,89108,97286,99914,103621,109608,114579,116342,126721,121511,107679,106467,142892,108508,129696,151579,169337,180595,173675,150842,146738,136017,121313,136898,156096,160148,153296
 "40075","Kiowa, OK",6,CAINC4,36,"...","Less: Contributions for government social insurance 5/","Thousands of dollars",1048,1112,1266,1367,1747,2017,2167,2328,2554,2899,3374,3955,4503,5044,4945,5213,5447,5742,5906,6501,7058,7154,7793,8081,8575,9232,9458,9227,9692,9802,10082,10168,10931,11842,11661,11919,12075,12384,12905,13300,13395,14429,14116,14478,15908,15525,14956,15504,14746,13700,14318,15992,16134,17791
 "40075","Kiowa, OK",6,CAINC4,37,"..."," Employee and self-employed contributions for government social insurance ","Thousands of dollars",646,684,773,815,1031,1162,1240,1290,1418,1609,1862,2161,2465,2828,2748,2896,3105,3237,3361,3755,4175,4113,4505,4662,4884,5245,5424,5254,5516,5588,5787,5756,6136,6541,6333,6396,6682,6997,7394,7621,7825,8283,7225,7245,8799,8812,8681,9286,9068,8711,9037,10022,10114,11123
 "40075","Kiowa, OK",6,CAINC4,38,"..."," Employer contributions for government social insurance ","Thousands of dollars",402,428,493,552,716,855,927,1038,1136,1290,1512,1794,2038,2216,2197,2317,2342,2505,2545,2746,2883,3041,3288,3419,3691,3987,4034,3973,4176,4214,4295,4412,4795,5301,5328,5523,5393,5387,5511,5679,5570,6146,6891,7233,7109,6713,6275,6218,5678,4989,5281,5970,6020,6668
 "40075","Kiowa, OK",6,CAINC4,42,"...","Plus: Adjustment for residence 6/","Thousands of dollars",1533,1638,1767,2120,2334,2591,2871,3321,3950,4932,5830,6357,6571,7193,6827,6719,6618,6272,6110,6118,5845,5929,6705,7873,8833,9736,11095,12681,13629,14831,15684,17484,17903,18417,20558,21888,23986,26844,27830,26915,27146,27796,31486,35974,39224,40420,40207,37717,40549,47093,48414,45792,47113,48965
 "40075","Kiowa, OK",6,CAINC4,45,"...","Equals: Net earnings by place of residence ","Thousands of dollars",23423,25011,22332,27484,40487,35563,35747,33183,29955,40243,52337,46876,64120,58663,60794,66248,61916,67161,67743,76360,72387,82802,69575,78905,88221,89789,80055,79743,93045,102315,105516,110937,116580,121154,125239,136690,133422,122139,121392,156507,122259,143063,168949,190833,203911,198570,176093,168951,161820,154706,170994,185896,191127,184470
 "40075","Kiowa, OK",6,CAINC4,46,"...","Plus: Dividends, interest, and rent 7/","Thousands of dollars",5690,6487,7449,7883,9460,10880,12492,13489,15341,17508,20084,26792,34362,41583,45791,47963,50385,44562,40481,40122,43360,41713,40471,38414,36185,36664,39213,40211,41480,43280,41379,46062,51382,48003,45690,48621,49597,50530,55167,68053,54297,47904,55812,51365,53221,54052,51105,47074,48609,48692,54792,52196,51950,54693
 "40075","Kiowa, OK",6,CAINC4,47,"...","Plus: Personal current transfer receipts ","Thousands of dollars",5631,6290,7139,7617,8464,9950,11814,12801,14000,15341,17200,20455,23126,25557,28329,29729,30815,31557,31904,32895,35695,37494,39095,42611,43690,45466,48508,49629,48252,48769,51400,51886,55887,59485,62020,63082,66955,72062,75444,79931,84727,89227,90376,90191,92004,92083,92387,94027,95948,97424,104329,125354,138294,133127
 "40075","Kiowa, OK",6,CAINC4,50,"...","Wages and salaries ","Thousands of dollars",10152,10936,11906,12491,13904,15478,16708,18013,19824,21479,24505,29014,30934,34360,33856,34117,34608,35837,36216,37108,38836,40375,43073,44472,46365,49033,49631,50104,54301,56431,59892,61527,63499,67165,65444,66226,66973,68635,71369,74835,72974,78455,82457,85371,86053,85455,81266,84009,78744,68628,74038,78547,80978,87390
 "40075","Kiowa, OK",6,CAINC4,60,"...","Supplements to wages and salaries ","Thousands of dollars",1112,1268,1497,1730,1953,2197,2505,2744,3079,3458,3936,4812,5317,6068,6262,6461,6749,7319,7508,7760,8619,9180,10106,11336,12095,12881,12903,12803,13446,14092,14661,15736,17810,19342,19380,20367,20678,20382,20621,20631,20771,23697,24683,24187,25546,25321,25136,24823,22396,20568,21736,23752,23383,24199
 "40075","Kiowa, OK",6,CAINC4,61,"..."," Employer contributions for employee pension and insurance funds 8/","Thousands of dollars",710,840,1004,1178,1237,1342,1578,1706,1943,2168,2424,3018,3279,3852,4065,4144,4407,4814,4963,5014,5736,6139,6818,7917,8404,8894,8869,8830,9270,9878,10366,11324,13015,14041,14052,14844,15285,14995,15110,14952,15201,17551,17792,16954,18437,18608,18861,18605,16718,15579,16455,17782,17363,17531
 "40075","Kiowa, OK",6,CAINC4,62,"..."," Employer contributions for government social insurance ","Thousands of dollars",402,428,493,552,716,855,927,1038,1136,1290,1512,1794,2038,2216,2197,2317,2342,2505,2545,2746,2883,3041,3288,3419,3691,3987,4034,3973,4176,4214,4295,4412,4795,5301,5328,5523,5393,5387,5511,5679,5570,6146,6891,7233,7109,6713,6275,6218,5678,4989,5281,5970,6020,6668
 "40075","Kiowa, OK",6,CAINC4,70,"...","Proprietors' income 9/","Thousands of dollars",11674,12281,8428,12510,24043,17314,15830,11433,5656,13273,21440,10648,25801,16086,18794,24164,19388,23475,23815,31875,26145,34472,17484,23305,29503,27371,15884,13382,21361,26763,25361,26358,28299,28072,31518,40128,33860,18662,14477,47426,14763,27544,44439,59779,68996,62899,44440,37906,34877,32117,41124,53797,55787,41707
 "40075","Kiowa, OK",6,CAINC4,71,"..."," Farm proprietors' income ","Thousands of dollars",6650,7270,2523,6557,17562,10250,8197,3390,-2892,4178,12055,1029,15957,4974,7020,11638,6920,11336,11981,20774,14639,23275,6427,12543,17813,13751,2146,509,8192,14964,16239,18116,15511,14636,18649,29957,22766,5340,1827,32668,-1566,9206,22068,34931,42656,39198,23495,15084,14566,13295,22910,24840,32678,18215
 "40075","Kiowa, OK",6,CAINC4,72,"..."," Nonfarm proprietors' income ","Thousands of dollars",5024,5011,5905,5953,6481,7064,7633,8043,8548,9095,9385,9619,9844,11112,11774,12526,12468,12139,11834,11101,11506,11197,11057,10762,11690,13620,13738,12873,13169,11799,9122,8242,12788,13436,12869,10171,11094,13322,12650,14758,16329,18338,22371,24848,26340,23701,20945,22822,20311,18822,18214,28957,23109,23492
 "40075","Kiowa, OK",6,CAINC4,7010,"...","Total employment ","Number of jobs",5325,5317,5303,5434,5419,5444,5178,4945,4995,4919,4891,5005,5135,5128,5115,5041,4803,4604,4676,4605,4629,4662,4715,4747,4871,4923,4927,4924,5031,5025,4952,5098,4944,4871,4554,4481,4373,4227,4287,4250,4153,4165,4160,4264,4251,4146,4024,3894,3787,3532,3442,3523,3502,3627
 "40075","Kiowa, OK",6,CAINC4,7020,"..."," Wage and salary employment ","Number of jobs",2775,2812,2814,2869,2929,2982,2920,2890,2976,2934,2973,3131,3172,3197,3026,3019,2898,2876,2984,2902,2952,2949,2962,3045,3101,3085,3074,3043,3117,3222,3225,3359,3334,3302,3001,2942,2864,2736,2718,2704,2622,2611,2593,2626,2588,2523,2466,2389,2265,2038,2053,2057,2063,2131
 "40075","Kiowa, OK",6,CAINC4,7040,"..."," Proprietors employment ","Number of jobs",2550,2505,2489,2565,2490,2462,2258,2055,2019,1985,1918,1874,1963,1931,2089,2022,1905,1728,1692,1703,1677,1713,1753,1702,1770,1838,1853,1881,1914,1803,1727,1739,1610,1569,1553,1539,1509,1491,1569,1546,1531,1554,1567,1638,1663,1623,1558,1505,1522,1494,1389,1466,1439,1496
 "40077","Latimer, OK",6,CAINC4,10,"...","Personal income (thousands of dollars) ","Thousands of dollars",17558,20597,23383,27079,30190,32146,37567,41046,43605,45094,52227,59336,67505,74615,80689,86690,89683,90777,91752,104188,112310,124067,134991,139001,144325,155124,166117,173696,185163,181989,191977,212021,240779,225752,241179,257191,263687,295551,326234,346169,325482,344231,341411,357913,351978,353157,351690,350569,349859,346958,343819,357867,376984,377082
 "40077","Latimer, OK",6,CAINC4,11,"..."," Nonfarm personal income 1/","Thousands of dollars",16817,19918,22666,25708,28599,30999,36436,40180,42795,45277,51466,58754,65886,74954,81500,86546,90410,92157,92301,104063,112101,124631,135200,139016,144634,154750,168738,178131,187618,185028,192828,212007,240472,222841,240612,255611,262080,296688,323292,350111,329700,344757,338572,353597,350157,345802,342677,346024,344623,341970,340996,354719,373705,378555
 "40077","Latimer, OK",6,CAINC4,12,"..."," Farm income 2/","Thousands of dollars",741,679,717,1371,1591,1147,1131,866,810,-183,761,582,1619,-339,-811,144,-727,-1380,-549,125,209,-564,-209,-15,-309,374,-2621,-4435,-2455,-3039,-851,14,307,2911,567,1580,1607,-1137,2942,-3942,-4218,-526,2839,4316,1821,7355,9013,4545,5236,4988,2823,3148,3279,-1473
 "40077","Latimer, OK",6,CAINC4,20,"...","Population (persons) 3/","Number of persons",8630,8597,8664,9155,9659,9715,10074,9895,9842,9650,9541,9846,9855,9841,10001,9969,9962,10105,10064,10175,10320,10364,10678,10561,10385,10410,10528,10484,10526,10577,10662,10661,10637,10703,10689,10763,10796,10841,10875,11068,11155,11139,11089,10847,10566,10480,10258,10123,9826,9612,9443,9481,9482,9630
 "40077","Latimer, OK",6,CAINC4,30,"...","Per capita personal income (dollars) 4/","Dollars",2035,2396,2699,2958,3126,3309,3729,4148,4431,4673,5474,6026,6850,7582,8068,8696,9003,8983,9117,10240,10883,11971,12642,13162,13897,14901,15779,16568,17591,17206,18006,19888,22636,21092,22563,23896,24425,27262,29999,31277,29178,30903,30788,32996,33312,33698,34284,34631,35605,36096,36410,37746,39758,39157
 "40077","Latimer, OK",6,CAINC4,35,"...","Earnings by place of work ","Thousands of dollars",11499,13944,16148,18903,21174,21857,25560,27400,28183,28478,33092,37444,43276,46020,45485,49119,48854,49499,49947,61893,65395,76048,84517,83160,84584,97423,104684,113292,125985,115422,126492,142832,178203,147033,169247,194874,195926,232974,251661,275005,222608,229619,196189,213451,208778,214700,209566,192576,171965,164199,162624,160522,163035,170875
 "40077","Latimer, OK",6,CAINC4,36,"...","Less: Contributions for government social insurance 5/","Thousands of dollars",701,864,1038,1227,1630,1815,2136,2369,2421,2553,3030,3432,4107,4580,4457,4789,5050,5272,5280,7056,7516,8850,9999,9763,10057,11587,12915,13872,14648,13067,14029,15502,19724,16013,18935,22859,23362,27028,28634,31935,25626,26611,21086,23289,25590,25148,24134,22796,21105,20510,20657,19379,19947,22649
 "40077","Latimer, OK",6,CAINC4,37,"..."," Employee and self-employed contributions for government social insurance ","Thousands of dollars",398,482,568,659,864,961,1119,1213,1256,1338,1576,1756,2115,2340,2291,2453,2684,2817,2860,3780,4082,4674,5248,5123,5185,5915,6555,7064,7743,7192,7843,8674,10517,8643,9885,11324,11362,14162,15396,16994,14080,14120,9944,10561,12940,13148,12978,12740,11935,11876,12001,11005,11221,12673
 "40077","Latimer, OK",6,CAINC4,38,"..."," Employer contributions for government social insurance ","Thousands of dollars",303,382,470,568,766,854,1017,1156,1165,1215,1454,1676,1992,2240,2166,2336,2366,2455,2420,3276,3434,4176,4751,4640,4872,5672,6360,6808,6905,5875,6186,6828,9207,7370,9050,11535,12000,12866,13238,14941,11546,12491,11142,12728,12650,12000,11156,10056,9170,8634,8656,8374,8726,9976
 "40077","Latimer, OK",6,CAINC4,42,"...","Plus: Adjustment for residence 6/","Thousands of dollars",1222,1010,715,851,709,406,-24,379,641,534,764,-297,-935,-469,509,1288,2314,2797,3294,1373,2522,351,-604,1776,2411,-901,-2908,-5068,-7107,-1965,-4294,-7759,-15836,-5747,-15497,-28450,-27204,-40178,-40981,-55043,-26119,-22655,-5151,-6075,-3678,-3271,-2326,1078,11279,18515,19073,15774,15831,20860
 "40077","Latimer, OK",6,CAINC4,45,"...","Equals: Net earnings by place of residence ","Thousands of dollars",12020,14090,15825,18527,20253,20448,23400,25410,26403,26459,30826,33715,38234,40971,41537,45618,46118,47024,47961,56210,60401,67549,73914,75173,76938,84935,88861,94352,104230,100390,108169,119571,142643,125273,134815,143565,145360,165768,182046,188027,170863,180353,169952,184087,179510,186281,183106,170858,162139,162204,161040,156917,158919,169086
 "40077","Latimer, OK",6,CAINC4,46,"...","Plus: Dividends, interest, and rent 7/","Thousands of dollars",2076,2565,3113,3627,4331,4939,5735,6358,7131,8212,9452,11675,14259,17291,20417,22486,23417,22553,21732,24487,27311,29284,30220,28118,28203,29187,34075,34498,36629,38260,38251,42564,45155,38051,40306,41387,40894,44276,55735,62477,51080,51653,57073,57111,56385,58127,54493,55662,54652,55219,54089,51432,48920,49460
 "40077","Latimer, OK",6,CAINC4,47,"...","Plus: Personal current transfer receipts ","Thousands of dollars",3462,3942,4445,4925,5606,6759,8432,9278,10071,10423,11949,13946,15012,16353,18735,18586,20148,21200,22059,23491,24598,27234,30857,35710,39184,41002,43181,44846,44304,43339,45557,49886,52981,62428,66058,72239,77433,85507,88453,95665,103539,112225,114386,116715,116083,108749,114091,124049,133068,129535,128690,149518,169145,158536
 "40077","Latimer, OK",6,CAINC4,50,"...","Wages and salaries ","Thousands of dollars",8474,10729,12238,13691,15463,16122,18996,20596,20969,21542,24417,28125,32115,35916,35074,36425,36167,36198,35259,44160,46573,54864,61283,59498,60029,68922,76773,85404,94367,84066,93989,108036,126807,97332,117643,141204,139935,169664,181104,209664,157435,157503,136006,151748,148644,150347,144473,132845,117878,110821,112303,106102,108207,122571
 "40077","Latimer, OK",6,CAINC4,60,"...","Supplements to wages and salaries ","Thousands of dollars",1085,1331,1705,2005,2320,2536,3042,3365,3589,3892,4461,5216,6152,6980,7069,7485,7364,7674,7735,9470,10717,13235,15010,15846,16560,19041,20604,22486,23305,20331,22464,25218,30012,24249,29690,35814,36005,40939,40674,44279,40588,44294,39925,42620,44360,43982,42840,40060,36360,34614,34281,32967,32567,33804
 "40077","Latimer, OK",6,CAINC4,61,"..."," Employer contributions for employee pension and insurance funds 8/","Thousands of dollars",782,949,1235,1437,1554,1682,2025,2209,2424,2677,3007,3540,4160,4740,4903,5149,4998,5219,5315,6194,7283,9059,10259,11206,11688,13369,14244,15678,16400,14456,16278,18390,20805,16879,20640,24279,24005,28073,27436,29338,29042,31803,28783,29892,31710,31982,31684,30004,27190,25980,25625,24593,23841,23828
 "40077","Latimer, OK",6,CAINC4,62,"..."," Employer contributions for government social insurance ","Thousands of dollars",303,382,470,568,766,854,1017,1156,1165,1215,1454,1676,1992,2240,2166,2336,2366,2455,2420,3276,3434,4176,4751,4640,4872,5672,6360,6808,6905,5875,6186,6828,9207,7370,9050,11535,12000,12866,13238,14941,11546,12491,11142,12728,12650,12000,11156,10056,9170,8634,8656,8374,8726,9976
 "40077","Latimer, OK",6,CAINC4,70,"...","Proprietors' income 9/","Thousands of dollars",1940,1884,2205,3207,3391,3199,3522,3439,3625,3044,4214,4103,5009,3124,3342,5209,5323,5627,6953,8263,8105,7949,8224,7816,7995,9460,7307,5402,8313,11025,10039,9578,21384,25452,21914,17856,19986,22371,29883,21062,24585,27822,20258,19083,15774,20371,22253,19671,17727,18764,16040,21453,22261,14500
 "40077","Latimer, OK",6,CAINC4,71,"..."," Farm proprietors' income ","Thousands of dollars",525,449,508,1147,1362,879,887,611,522,-360,545,339,1362,-645,-1100,-140,-1000,-1632,-804,-197,-177,-1050,-714,-509,-840,-106,-3160,-4969,-2996,-3544,-1387,-483,-231,2548,114,903,920,-1839,1904,-5135,-5174,-1480,1776,2949,679,6128,8262,3705,4360,4234,1853,2147,2370,-2525
 "40077","Latimer, OK",6,CAINC4,72,"..."," Nonfarm proprietors' income ","Thousands of dollars",1415,1435,1697,2060,2029,2320,2635,2828,3103,3404,3669,3764,3647,3769,4442,5349,6323,7259,7757,8460,8282,8999,8938,8325,8835,9566,10467,10371,11309,14569,11426,10061,21615,22904,21800,16953,19066,24210,27979,26197,29759,29302,18482,16134,15095,14243,13991,15966,13367,14530,14187,19306,19891,17025
 "40077","Latimer, OK",6,CAINC4,7010,"...","Total employment ","Number of jobs",2511,3243,3657,3820,3893,3771,3800,3924,3742,3586,3694,3824,3943,3982,3892,4003,3973,3975,4305,4437,4496,4912,5039,4851,4896,5212,5540,5914,6112,5816,6112,6436,6635,5413,5746,6003,5976,6117,6268,6976,6193,6048,5406,5600,5721,5598,5294,5047,4609,4453,4407,4280,4313,4592
 "40077","Latimer, OK",6,CAINC4,7020,"..."," Wage and salary employment ","Number of jobs",1915,2633,2977,3119,3179,3061,3027,3132,2868,2652,2733,2832,2891,2930,2795,2810,2698,2638,2793,3044,3139,3542,3646,3452,3398,3662,3926,4261,4396,3883,4123,4416,4735,3612,3926,4209,4134,4308,4394,4983,4210,4176,3565,3743,3845,3706,3401,3227,2847,2691,2682,2581,2547,2766
 "40077","Latimer, OK",6,CAINC4,7040,"..."," Proprietors employment ","Number of jobs",596,610,680,701,714,710,773,792,874,934,961,992,1052,1052,1097,1193,1275,1337,1512,1393,1357,1370,1393,1399,1498,1550,1614,1653,1716,1933,1989,2020,1900,1801,1820,1794,1842,1809,1874,1993,1983,1872,1841,1857,1876,1892,1893,1820,1762,1762,1725,1699,1766,1826
 "40079","Le Flore, OK",6,CAINC4,10,"...","Personal income (thousands of dollars) ","Thousands of dollars",72401,81060,89267,98101,111884,125952,142821,162007,181718,200747,234490,263246,307876,328228,349127,380321,398764,414767,428414,450256,501121,529811,548245,589890,633973,695965,718740,759758,807069,830943,855356,884451,962746,990309,1005502,1063026,1113511,1174342,1238802,1320343,1279126,1402813,1457577,1512620,1520588,1543905,1547324,1521671,1578446,1615395,1679623,1764403,1954477,2027309
 "40079","Le Flore, OK",6,CAINC4,11,"..."," Nonfarm personal income 1/","Thousands of dollars",70576,78177,86488,94393,104906,121087,138336,157294,178052,201500,230174,263058,300977,327554,347808,378368,396698,407565,423554,445352,486635,520333,536542,573012,609768,661885,698480,732435,776821,797373,809531,845998,914209,942430,977579,1013641,1066403,1155918,1228477,1295367,1274520,1329232,1367484,1419647,1433598,1469717,1436764,1459238,1505367,1541455,1613663,1737887,1888564,1917309
 "40079","Le Flore, OK",6,CAINC4,12,"..."," Farm income 2/","Thousands of dollars",1825,2883,2779,3708,6978,4865,4485,4713,3666,-753,4316,188,6899,674,1319,1953,2066,7202,4860,4904,14486,9478,11703,16878,24205,34080,20260,27323,30248,33570,45825,38453,48537,47879,27923,49385,47108,18424,10325,24976,4606,73581,90093,92973,86990,74188,110560,62433,73079,73940,65960,26516,65913,110000
 "40079","Le Flore, OK",6,CAINC4,20,"...","Population (persons) 3/","Number of persons",32159,32317,33441,34061,34439,35664,36755,37280,38170,38894,40262,40584,40053,40561,41321,41740,41819,42245,43016,43061,43052,43427,43682,43851,44778,45320,46268,46684,47335,47674,47858,48104,48018,48321,48437,48623,48869,49209,49589,49802,49989,50484,50286,49951,49737,49478,49107,49052,48747,48627,48182,48195,48601,48907
 "40079","Le Flore, OK",6,CAINC4,30,"...","Per capita personal income (dollars) 4/","Dollars",2251,2508,2669,2880,3249,3532,3886,4346,4761,5161,5824,6486,7687,8092,8449,9112,9535,9818,9959,10456,11640,12200,12551,13452,14158,15357,15534,16274,17050,17430,17873,18386,20050,20494,20759,21863,22786,23864,24981,26512,25588,27787,28986,30282,30573,31204,31509,31022,32380,33220,34860,36610,40215,41452
 "40079","Le Flore, OK",6,CAINC4,35,"...","Earnings by place of work ","Thousands of dollars",36272,41771,43210,47045,53884,58344,64413,73677,81867,87259,104496,109836,131744,133753,132585,145066,152799,164980,175437,190573,248222,271535,247945,260439,292708,333534,340435,361292,382904,393419,411378,406650,446462,458494,458649,496076,546272,567599,604289,637107,596456,690760,742737,772608,799502,821501,818322,766342,789271,795206,807849,773007,827286,918688
 "40079","Le Flore, OK",6,CAINC4,36,"...","Less: Contributions for government social insurance 5/","Thousands of dollars",2488,2795,2999,3326,4148,4949,5524,6236,6928,7990,9456,10350,12640,13859,13335,14731,15891,17063,18435,21812,27849,31485,28831,29689,32477,36624,39366,40038,41873,42589,44238,44007,47442,49295,51755,55592,61892,67152,74161,76138,75170,76921,75744,79540,91546,94666,89938,87939,90536,94130,97891,102116,104480,113783
 "40079","Le Flore, OK",6,CAINC4,37,"..."," Employee and self-employed contributions for government social insurance ","Thousands of dollars",1450,1616,1730,1901,2343,2653,2914,3228,3631,4129,4869,5411,6646,7396,7106,7848,8752,9295,10198,12141,15442,16955,16131,16693,18012,20227,21664,22038,23117,23755,24807,24601,26262,27211,28089,29529,32992,36109,40117,41406,41320,42619,36917,37617,47641,50392,49206,50409,52464,54886,56712,60033,61516,67657
 "40079","Le Flore, OK",6,CAINC4,38,"..."," Employer contributions for government social insurance ","Thousands of dollars",1038,1179,1269,1425,1805,2296,2610,3008,3297,3861,4587,4939,5994,6463,6229,6883,7139,7768,8237,9671,12407,14530,12700,12996,14465,16397,17702,18000,18756,18834,19431,19406,21180,22084,23666,26063,28900,31043,34044,34732,33850,34302,38827,41923,43905,44274,40732,37530,38072,39244,41179,42083,42964,46126
 "40079","Le Flore, OK",6,CAINC4,42,"...","Plus: Adjustment for residence 6/","Thousands of dollars",15705,15524,18066,20108,23031,26850,29708,34650,41765,49322,54751,61302,66028,64947,74012,81464,84841,89629,95627,99093,84745,84475,111405,125011,132012,140827,140285,145862,165628,170765,172619,190400,195774,192782,193427,191811,189374,195467,185946,175887,158478,153826,139020,149135,134264,112587,119758,132604,154415,167436,166508,155712,188550,220747
 "40079","Le Flore, OK",6,CAINC4,45,"...","Equals: Net earnings by place of residence ","Thousands of dollars",49489,54500,58277,63827,72767,80245,88597,102091,116704,128591,149791,160788,185132,184841,193262,211799,221749,237546,252629,267854,305118,324525,330519,355761,392243,437737,441354,467116,506659,521595,539759,553043,594794,601981,600321,632295,673754,695914,716074,736856,679764,767665,806013,842203,842220,839422,848142,811007,853150,868512,876466,826603,911356,1025652
 "40079","Le Flore, OK",6,CAINC4,46,"...","Plus: Dividends, interest, and rent 7/","Thousands of dollars",6936,8578,10174,11348,13515,15945,18479,20781,24070,28168,33328,42933,52696,63635,68325,76817,80816,80434,77065,80807,86574,87989,88535,86281,89137,95928,103224,110385,118139,127882,126710,137154,146930,134587,134814,144734,143474,156373,184631,202914,181186,192503,199053,207842,208599,213186,208651,212454,215972,222581,232490,239044,248302,251727
 "40079","Le Flore, OK",6,CAINC4,47,"...","Plus: Personal current transfer receipts ","Thousands of dollars",15976,17982,20816,22926,25602,29762,35745,39135,40944,43988,51371,59525,70048,79752,87540,91705,96199,96787,98720,101595,109429,117297,129191,147848,152593,162300,174162,182257,182271,181466,188887,194254,221022,253741,270367,285997,296283,322055,338097,380573,418176,442645,452511,462575,469769,491297,490531,498210,509324,524302,570667,698756,794819,749930
 "40079","Le Flore, OK",6,CAINC4,50,"...","Wages and salaries ","Thousands of dollars",22750,26232,26615,28098,30508,34606,38703,44613,49961,56800,65467,73295,85974,91756,87483,91641,95383,100145,106704,119091,154093,177237,154591,157342,172643,191174,203252,211687,225920,232754,246352,247175,262707,266968,284736,305580,340631,379185,426288,447340,423163,430437,462338,487728,506843,542828,516081,498315,507115,520500,541099,538432,551936,595118
 "40079","Le Flore, OK",6,CAINC4,60,"...","Supplements to wages and salaries ","Thousands of dollars",2765,3409,3723,3997,4390,5336,6140,7162,8398,9941,11570,12839,15302,16590,16754,18153,19534,21598,23284,26021,34712,40563,37272,40990,45652,50867,53049,54744,56372,58723,62860,64824,67842,71785,78530,86702,96349,102598,111461,113363,111895,121793,124725,124222,135576,142814,138425,133205,133461,139340,141226,138870,133579,140006
 "40079","Le Flore, OK",6,CAINC4,61,"..."," Employer contributions for employee pension and insurance funds 8/","Thousands of dollars",1727,2230,2454,2572,2585,3040,3530,4154,5101,6080,6983,7900,9308,10127,10525,11270,12395,13830,15047,16350,22305,26033,24572,27994,31187,34470,35347,36744,37616,39889,43429,45418,46662,49701,54864,60639,67449,71555,77417,78631,78045,87491,85898,82299,91671,98540,97693,95675,95389,100096,100047,96787,90615,93880
 "40079","Le Flore, OK",6,CAINC4,62,"..."," Employer contributions for government social insurance ","Thousands of dollars",1038,1179,1269,1425,1805,2296,2610,3008,3297,3861,4587,4939,5994,6463,6229,6883,7139,7768,8237,9671,12407,14530,12700,12996,14465,16397,17702,18000,18756,18834,19431,19406,21180,22084,23666,26063,28900,31043,34044,34732,33850,34302,38827,41923,43905,44274,40732,37530,38072,39244,41179,42083,42964,46126
 "40079","Le Flore, OK",6,CAINC4,70,"...","Proprietors' income 9/","Thousands of dollars",10757,12130,12872,14950,18986,18402,19570,21902,23508,20518,27459,23702,30468,25407,28348,35272,37882,43237,45449,45461,59417,53735,56082,62107,74413,91493,84134,94861,100612,101942,102166,94651,115913,119741,95383,103794,109292,85816,66540,76404,61398,138530,155674,160658,157083,135859,163816,134822,148695,135366,125524,95705,141771,183564
 "40079","Le Flore, OK",6,CAINC4,71,"..."," Farm proprietors' income ","Thousands of dollars",1031,2050,2051,2951,6227,4015,3562,3556,2126,-1936,3083,-1033,5755,-562,11,515,461,5552,3030,3014,12620,7462,9872,15296,22396,32355,18216,25195,27976,31066,42754,35217,44608,44910,24583,44823,42858,14440,4805,19199,371,69636,85998,88040,82875,69765,107847,59415,69940,71215,62458,22902,62647,106226
 "40079","Le Flore, OK",6,CAINC4,72,"..."," Nonfarm proprietors' income ","Thousands of dollars",9726,10080,10821,11999,12759,14387,16008,18346,21382,22454,24376,24735,24713,25969,28337,34757,37421,37685,42419,42447,46797,46273,46210,46811,52017,59138,65918,69666,72636,70876,59412,59434,71305,74831,70800,58971,66434,71376,61735,57205,61027,68894,69676,72618,74208,66094,55969,75407,78755,64151,63066,72803,79124,77338
 "40079","Le Flore, OK",6,CAINC4,7010,"...","Total employment ","Number of jobs",7731,8060,7896,8389,8437,8729,9097,9536,9897,10269,10575,10683,11135,11397,11121,11423,11401,11574,12394,12991,14478,14795,14348,14605,15533,16452,17197,17801,18091,18255,18413,18249,17860,17748,17730,18242,19070,19320,20410,20330,20032,19774,20055,20110,20484,20700,20171,19702,19132,19393,19163,18974,18580,19390
 "40079","Le Flore, OK",6,CAINC4,7020,"..."," Wage and salary employment ","Number of jobs",5250,5511,5274,5591,5730,5951,6086,6346,6479,6670,6904,6921,7363,7373,6995,7137,7036,7226,7635,8231,9723,9882,9248,9565,10180,10759,11300,11486,11649,12004,12303,12024,12122,12274,12236,12707,13522,13882,14777,14884,14606,14369,14449,14478,14686,14957,14371,13978,13405,13685,13654,13221,12802,13378
 "40079","Le Flore, OK",6,CAINC4,7040,"..."," Proprietors employment ","Number of jobs",2481,2549,2622,2798,2707,2778,3011,3190,3418,3599,3671,3762,3772,4024,4126,4286,4365,4348,4759,4760,4755,4913,5100,5040,5353,5693,5897,6315,6442,6251,6110,6225,5738,5474,5494,5535,5548,5438,5633,5446,5426,5405,5606,5632,5798,5743,5800,5724,5727,5708,5509,5753,5778,6012
 "40081","Lincoln, OK",6,CAINC4,10,"...","Personal income (thousands of dollars) ","Thousands of dollars",57672,63173,71639,76857,91095,101195,109833,120418,137861,157242,185741,218628,255373,275100,287752,312872,320450,317459,312568,335161,360571,385349,396370,423871,439558,461858,493431,540909,567656,572705,592914,624463,664300,667032,687172,732220,798188,863685,916238,973311,933314,971942,1045430,1094660,1122433,1188188,1182223,1171110,1194888,1227318,1297654,1421552,1558080,1552187
 "40081","Lincoln, OK",6,CAINC4,11,"..."," Nonfarm personal income 1/","Thousands of dollars",56279,61386,68595,74341,83904,95047,105292,118192,134655,157032,182000,217343,252575,276060,288378,311847,319541,318246,313199,334470,359168,385313,397664,423121,438648,460867,496902,543795,565905,576022,589854,623591,663732,663572,686638,726242,791839,862156,911850,976051,937918,973566,1047088,1093667,1135952,1185329,1190431,1189374,1213640,1246752,1318499,1441554,1578483,1595026
 "40081","Lincoln, OK",6,CAINC4,12,"..."," Farm income 2/","Thousands of dollars",1393,1787,3044,2516,7191,6148,4541,2226,3206,210,3741,1285,2798,-960,-626,1025,909,-787,-631,691,1403,36,-1294,750,910,991,-3471,-2886,1751,-3317,3060,872,568,3460,534,5978,6349,1529,4388,-2740,-4604,-1624,-1658,993,-13519,2859,-8208,-18264,-18752,-19434,-20845,-20002,-20403,-42839
 "40081","Lincoln, OK",6,CAINC4,20,"...","Population (persons) 3/","Number of persons",19299,19578,20315,20998,21710,22177,22427,22927,23447,24137,25631,26766,27382,28262,29311,30066,30411,30161,29687,29203,29483,29123,29358,29298,29717,29958,30431,30803,30967,31248,31796,32155,32295,32489,32672,32875,33011,33441,33636,33710,34027,34318,34076,33833,33759,33895,34132,33948,33854,33564,33521,33495,33856,34188
 "40081","Lincoln, OK",6,CAINC4,30,"...","Per capita personal income (dollars) 4/","Dollars",2988,3227,3526,3660,4196,4563,4897,5252,5880,6515,7247,8168,9326,9734,9817,10406,10537,10525,10529,11477,12230,13232,13501,14468,14791,15417,16215,17560,18331,18328,18647,19420,20570,20531,21032,22273,24179,25827,27240,28873,27429,28322,30679,32355,33248,35055,34637,34497,35295,36566,38712,42441,46021,45402
 "40081","Lincoln, OK",6,CAINC4,35,"...","Earnings by place of work ","Thousands of dollars",25935,28700,33663,35708,45374,48899,49209,52881,60592,67414,79538,87243,98958,96437,99142,110352,107809,103090,100734,115835,124807,134931,143980,156748,169724,179788,185890,194355,210665,217065,219212,229762,249928,253766,249028,267612,289976,314471,325232,349655,337913,364623,380361,407639,409968,456457,430765,412785,393944,408790,430013,467537,507275,524609
 "40081","Lincoln, OK",6,CAINC4,36,"...","Less: Contributions for government social insurance 5/","Thousands of dollars",1649,1820,2156,2396,3162,3643,3749,4231,4769,5743,6748,7729,9261,9650,9570,10599,10653,10477,10422,12800,13986,15562,17372,18584,20292,21710,23113,23382,23941,24950,25160,26322,29068,29304,28915,30475,32544,35990,38412,41480,41521,42440,40546,42448,47265,48873,47841,47985,49911,54164,57428,60616,63893,70474
 "40081","Lincoln, OK",6,CAINC4,37,"..."," Employee and self-employed contributions for government social insurance ","Thousands of dollars",986,1083,1259,1382,1810,2066,2122,2323,2627,3127,3649,4197,5036,5288,5238,5775,6028,5993,6038,7365,8226,8844,9821,10479,11174,12038,12793,12992,13557,14300,14575,14987,16124,16299,16054,16677,18011,20292,21931,23702,24043,24931,21591,22116,27024,28457,28767,30149,30901,33423,35205,37040,39059,43245
 "40081","Lincoln, OK",6,CAINC4,38,"..."," Employer contributions for government social insurance ","Thousands of dollars",663,737,897,1014,1352,1577,1627,1908,2142,2616,3099,3532,4225,4362,4332,4824,4625,4484,4384,5435,5760,6718,7551,8105,9118,9672,10320,10390,10384,10650,10585,11335,12944,13005,12861,13798,14533,15698,16481,17778,17478,17509,18955,20332,20241,20416,19074,17836,19010,20741,22223,23576,24834,27229
 "40081","Lincoln, OK",6,CAINC4,42,"...","Plus: Adjustment for residence 6/","Thousands of dollars",15845,16571,18251,20175,22046,25029,27655,31685,37890,46036,56238,69208,81746,90611,91487,99640,103371,103275,104664,109905,117282,128451,125544,134340,135713,141624,148391,179724,187613,177618,188917,197435,200759,189715,196549,228448,251173,269308,280867,276904,248249,245861,280289,287889,310729,321575,326882,328307,346894,341695,356478,348478,356153,379514
 "40081","Lincoln, OK",6,CAINC4,45,"...","Equals: Net earnings by place of residence ","Thousands of dollars",40131,43451,49758,53487,64258,70285,73115,80335,93713,107707,129028,148722,171443,177398,181059,199393,200527,195888,194976,212940,228103,247820,252152,272504,285145,299702,311168,350697,374337,369733,382969,400875,421619,414177,416662,465585,508605,547789,567687,585079,544641,568044,620104,653080,673432,729159,709806,693107,690927,696321,729063,755399,799535,833649
 "40081","Lincoln, OK",6,CAINC4,46,"...","Plus: Dividends, interest, and rent 7/","Thousands of dollars",9775,10848,11969,12458,14334,16265,18669,20361,23209,27045,31438,40590,50260,59104,64707,70210,73655,71674,66323,68220,75303,75862,77493,75063,77095,78902,91882,95775,101657,106626,110847,119412,128748,122044,128455,116675,122718,134499,156322,168658,153695,152942,169816,182420,185693,187172,180122,173802,191189,212113,229205,241900,262272,266629
 "40081","Lincoln, OK",6,CAINC4,47,"...","Plus: Personal current transfer receipts ","Thousands of dollars",7766,8874,9912,10912,12503,14645,18049,19722,20939,22490,25275,29316,33670,38598,41986,43269,46268,49897,51269,54001,57165,61667,66725,76304,77318,83254,90381,94437,91662,96346,99098,104176,113933,130811,142055,149960,166865,181397,192229,219574,234978,250956,255510,259160,263308,271857,292295,304201,312772,318884,339386,424253,496273,451909
 "40081","Lincoln, OK",6,CAINC4,50,"...","Wages and salaries ","Thousands of dollars",16670,18916,21570,22232,25339,28261,29223,33346,37926,44405,50624,58840,66633,67457,66715,71093,68146,64695,62846,73678,79037,88834,98162,104422,112121,117200,124109,128374,132029,138971,141995,150339,167857,164584,160807,167500,177555,197053,214491,237908,227490,231398,239328,252514,254574,265622,255878,252544,266680,290105,312848,322814,343828,375546
 "40081","Lincoln, OK",6,CAINC4,60,"...","Supplements to wages and salaries ","Thousands of dollars",2024,2318,2682,3089,3631,4253,4787,5586,6743,7584,8981,10176,11715,12555,13125,14088,13209,13096,12568,14981,17011,19637,22325,25678,28389,29989,31034,32095,32949,35075,35206,39020,41070,41706,41297,44858,48130,50290,52669,56241,56340,60720,61417,62647,65799,68592,67264,65561,68142,73170,76865,78364,79803,84686
 "40081","Lincoln, OK",6,CAINC4,61,"..."," Employer contributions for employee pension and insurance funds 8/","Thousands of dollars",1361,1581,1785,2075,2279,2676,3160,3678,4601,4968,5882,6644,7490,8193,8793,9264,8584,8612,8184,9546,11251,12919,14774,17573,19271,20317,20714,21705,22565,24425,24621,27685,28126,28701,28436,31060,33597,34592,36188,38463,38862,43211,42462,42315,45558,48176,48190,47725,49132,52429,54642,54788,54969,57457
 "40081","Lincoln, OK",6,CAINC4,62,"..."," Employer contributions for government social insurance ","Thousands of dollars",663,737,897,1014,1352,1577,1627,1908,2142,2616,3099,3532,4225,4362,4332,4824,4625,4484,4384,5435,5760,6718,7551,8105,9118,9672,10320,10390,10384,10650,10585,11335,12944,13005,12861,13798,14533,15698,16481,17778,17478,17509,18955,20332,20241,20416,19074,17836,19010,20741,22223,23576,24834,27229
 "40081","Lincoln, OK",6,CAINC4,70,"...","Proprietors' income 9/","Thousands of dollars",7241,7466,9411,10387,16404,16385,15199,13949,15923,15425,19933,18227,20610,16425,19302,25171,26454,25299,25320,27176,28759,26460,23493,26648,29214,32599,30747,33886,45687,43019,42011,40403,41001,47476,46924,55254,64291,67128,58072,55506,54083,72505,79616,92478,89595,122243,107623,94680,59122,45515,40300,66359,83644,64377
 "40081","Lincoln, OK",6,CAINC4,71,"..."," Farm proprietors' income ","Thousands of dollars",902,1279,2608,2068,6746,5651,3988,1522,2264,-544,2829,259,1703,-2256,-1759,-8,-41,-1598,-1384,-85,634,-781,-2027,148,240,367,-4199,-3629,962,-4392,1562,-870,-1715,1630,-1464,3274,3880,-764,1269,-5888,-6826,-3612,-3646,-1280,-15415,816,-9455,-19665,-20208,-20684,-22458,-21659,-21905,-44577
 "40081","Lincoln, OK",6,CAINC4,72,"..."," Nonfarm proprietors' income ","Thousands of dollars",6339,6187,6803,8319,9658,10734,11211,12427,13659,15969,17104,17968,18907,18681,21061,25179,26495,26897,26704,27261,28125,27241,25520,26500,28974,32232,34946,37515,44725,47411,40449,41273,42716,45846,48388,51980,60411,67892,56803,61394,60909,76117,83262,93758,105010,121427,117078,114345,79330,66199,62758,88018,105549,108954
 "40081","Lincoln, OK",6,CAINC4,7010,"...","Total employment ","Number of jobs",6542,6803,7040,7193,7134,7251,7291,7649,7991,8555,8999,8986,9463,9466,9368,9736,9584,9239,9600,9647,9742,10191,10502,10761,11527,11770,12047,12199,12380,13009,13312,13506,13151,12696,12441,12496,12765,13078,13304,13714,13471,13354,13393,13707,13700,13646,13432,13448,13449,13256,13431,13471,13538,14163
 "40081","Lincoln, OK",6,CAINC4,7020,"..."," Wage and salary employment ","Number of jobs",4045,4231,4459,4459,4597,4694,4534,4726,4864,5283,5671,5573,5839,5660,5440,5597,5296,4950,4880,5267,5464,5884,6189,6450,6880,6880,7111,7093,7064,7071,7240,7325,7678,7381,6873,6964,7148,7409,7453,7853,7595,7404,7479,7638,7550,7596,7337,7163,7292,7422,7629,7479,7495,7873
 "40081","Lincoln, OK",6,CAINC4,7040,"..."," Proprietors employment ","Number of jobs",2497,2572,2581,2734,2537,2557,2757,2923,3127,3272,3328,3413,3624,3806,3928,4139,4288,4289,4720,4380,4278,4307,4313,4311,4647,4890,4936,5106,5316,5938,6072,6181,5473,5315,5568,5532,5617,5669,5851,5861,5876,5950,5914,6069,6150,6050,6095,6285,6157,5834,5802,5992,6043,6290
 "40083","Logan, OK",6,CAINC4,10,"...","Personal income (thousands of dollars) ","Thousands of dollars",55915,62470,70617,77399,91918,103983,114852,129953,145098,171784,202356,240300,280397,314985,328307,353984,367239,362129,362503,384536,408529,421246,436101,465349,481325,505405,520752,553607,589365,615753,638876,756692,777049,837191,926992,974424,1044092,1151156,1236323,1347884,1348446,1408912,1527718,1643914,1693081,1785775,1773546,1751167,1947507,2043461,2148849,2262391,2461939,2517524
 "40083","Logan, OK",6,CAINC4,11,"..."," Nonfarm personal income 1/","Thousands of dollars",53447,59735,67623,74750,84575,97810,109425,123589,143152,169531,195117,236791,277990,311325,328747,351488,363053,355876,353683,373093,393906,409948,427800,456861,475117,498354,518911,551991,584166,614258,638413,756067,775543,834539,920823,966703,1030795,1141422,1231376,1343470,1350556,1412261,1527772,1639216,1696916,1783125,1775104,1758042,1953848,2051500,2155726,2267037,2463900,2538431
 "40083","Logan, OK",6,CAINC4,12,"..."," Farm income 2/","Thousands of dollars",2468,2735,2994,2649,7343,6173,5427,6364,1946,2253,7239,3509,2407,3660,-440,2496,4186,6253,8820,11443,14623,11298,8301,8488,6208,7051,1841,1616,5199,1495,463,625,1506,2652,6169,7721,13297,9734,4947,4414,-2110,-3349,-54,4698,-3835,2650,-1558,-6875,-6341,-8039,-6877,-4646,-1961,-20907
 "40083","Logan, OK",6,CAINC4,20,"...","Population (persons) 3/","Number of persons",18797,19929,21463,22481,23069,23551,24055,24332,24691,25268,25923,27036,27606,28684,30239,31178,30989,30556,29951,29505,29091,29080,29549,30131,30998,31202,31618,31679,32328,32876,33503,33967,34657,35030,35922,35842,36501,37060,38709,39964,41116,42066,42674,43225,44107,45050,45816,46586,47458,48051,48931,49743,50924,51933
 "40083","Logan, OK",6,CAINC4,30,"...","Per capita personal income (dollars) 4/","Dollars",2975,3135,3290,3443,3984,4415,4775,5341,5877,6798,7806,8888,10157,10981,10857,11354,11851,11851,12103,13033,14043,14486,14759,15444,15528,16198,16470,17476,18231,18730,19069,22277,22421,23899,25806,27187,28604,31062,31939,33727,32796,33493,35800,38032,38386,39640,38710,37590,41036,42527,43916,45482,48345,48476
 "40083","Logan, OK",6,CAINC4,35,"...","Earnings by place of work ","Thousands of dollars",26598,30339,33245,35712,44698,49284,49706,55830,58525,68851,79224,85953,91446,104509,105456,117150,122667,125008,129395,140556,151781,155805,154562,162309,169619,182482,178544,192816,213779,216958,219632,257177,220344,235092,251564,278493,292582,309252,321051,357298,352326,385430,427551,448427,450730,464657,441501,433292,465144,479735,496967,524597,560613,575704
 "40083","Logan, OK",6,CAINC4,36,"...","Less: Contributions for government social insurance 5/","Thousands of dollars",1659,1880,2106,2366,3056,3589,3739,4171,4767,5851,6578,7607,8717,9996,10185,11188,11750,11842,12362,14102,15112,16033,16817,17710,18677,20188,20815,21726,22830,23679,24916,27619,24845,26480,27685,29883,30672,33336,36917,39310,39175,41844,42591,43991,49246,51042,51312,52285,55978,59281,60944,62636,65757,72449
 "40083","Logan, OK",6,CAINC4,37,"..."," Employee and self-employed contributions for government social insurance ","Thousands of dollars",986,1120,1248,1383,1787,2080,2133,2293,2611,3138,3525,4083,4713,5479,5512,6007,6538,6659,6941,8047,8836,9235,9754,10238,10631,11471,11677,12181,13088,13667,14387,16258,13887,14671,15109,16077,16756,18974,21270,22679,23138,24623,22625,22933,27690,29114,29806,31819,34330,36849,38015,37383,39094,43466
 "40083","Logan, OK",6,CAINC4,38,"..."," Employer contributions for government social insurance ","Thousands of dollars",673,760,858,983,1269,1509,1606,1878,2156,2713,3053,3524,4004,4517,4673,5181,5212,5183,5421,6055,6276,6798,7063,7472,8046,8717,9138,9545,9742,10012,10529,11361,10958,11809,12576,13806,13916,14362,15647,16631,16037,17221,19966,21058,21556,21928,21506,20466,21648,22432,22929,25253,26663,28983
 "40083","Logan, OK",6,CAINC4,42,"...","Plus: Adjustment for residence 6/","Thousands of dollars",14113,14734,17224,20323,23424,27536,32631,38255,46654,57874,72201,90649,109473,120517,119156,127400,130173,126946,127025,134278,141637,145651,153451,168196,174160,178624,188355,200068,213990,224806,234070,303264,323539,344404,390860,414874,434949,482331,538861,561717,569395,573933,624689,669835,713087,747003,761130,760539,892092,935662,1001740,967255,1024137,1133828
 "40083","Logan, OK",6,CAINC4,45,"...","Equals: Net earnings by place of residence ","Thousands of dollars",39052,43193,48363,53669,65066,73231,78598,89914,100412,120874,144847,168995,192202,215030,214427,233362,241090,240112,244058,260732,278306,285423,291196,312795,325102,340918,346084,371158,404939,418085,428786,532822,519038,553016,614739,663484,696859,758247,822995,879705,882546,917519,1009649,1074271,1114571,1160618,1151319,1141546,1301258,1356116,1437763,1429216,1518993,1637083
 "40083","Logan, OK",6,CAINC4,46,"...","Plus: Dividends, interest, and rent 7/","Thousands of dollars",9011,10449,12143,12767,14493,16429,18755,20637,23532,27641,32099,41750,53716,60872,70161,74756,77460,72357,67691,70269,73653,75609,78178,78400,77865,79823,85723,90278,93433,103065,112785,121779,145211,157003,173366,157842,175130,203264,211702,235824,210163,219455,243382,288429,283939,315243,297149,275187,294486,317576,324166,337865,378220,389736
 "40083","Logan, OK",6,CAINC4,47,"...","Plus: Personal current transfer receipts ","Thousands of dollars",7852,8828,10111,10963,12359,14323,17499,19402,21154,23269,25410,29555,34479,39083,43719,45866,48689,49660,50754,53535,56570,60214,66727,74154,78358,84664,88945,92171,90993,94603,97305,102091,112800,127172,138887,153098,172103,189645,201626,232355,255737,271938,274687,281214,294571,309914,325078,334434,351763,369769,386920,495310,564726,490705
 "40083","Logan, OK",6,CAINC4,50,"...","Wages and salaries ","Thousands of dollars",16539,19008,20187,21442,24109,27319,28631,32092,37026,43957,47861,55666,60542,69986,71227,74975,76025,73510,76795,81600,84427,89321,91901,96343,100374,106399,110781,118487,123566,130854,141245,152005,143552,149906,154844,163162,169054,179149,198041,216231,206272,220253,240238,251198,256057,272437,272722,275729,291632,305057,313830,331907,351528,386289
 "40083","Logan, OK",6,CAINC4,60,"...","Supplements to wages and salaries ","Thousands of dollars",1712,2094,2381,2715,3125,3649,3971,4521,5513,6787,7578,8760,9788,11587,12550,13558,14209,14507,15016,15917,17220,18980,20427,23249,24964,26994,27435,29037,29413,30861,32978,36368,35295,38617,40596,44065,45536,46579,49734,52148,52157,58306,61688,60952,64284,67279,68398,67111,70439,73160,74820,80212,81337,85202
 "40083","Logan, OK",6,CAINC4,61,"..."," Employer contributions for employee pension and insurance funds 8/","Thousands of dollars",1039,1334,1523,1732,1856,2140,2365,2643,3357,4074,4525,5236,5784,7070,7877,8377,8997,9324,9595,9862,10944,12182,13364,15777,16918,18277,18297,19492,19671,20849,22449,25007,24337,26808,28020,30259,31620,32217,34087,35517,36120,41085,41722,39894,42728,45351,46892,46645,48791,50728,51891,54959,54674,56219
 "40083","Logan, OK",6,CAINC4,62,"..."," Employer contributions for government social insurance ","Thousands of dollars",673,760,858,983,1269,1509,1606,1878,2156,2713,3053,3524,4004,4517,4673,5181,5212,5183,5421,6055,6276,6798,7063,7472,8046,8717,9138,9545,9742,10012,10529,11361,10958,11809,12576,13806,13916,14362,15647,16631,16037,17221,19966,21058,21556,21928,21506,20466,21648,22432,22929,25253,26663,28983
 "40083","Logan, OK",6,CAINC4,70,"...","Proprietors' income 9/","Thousands of dollars",8347,9237,10677,11555,17464,18316,17104,19217,15986,18107,23785,21527,21116,22936,21679,28617,32433,36991,37584,43039,50134,47504,42234,42717,44281,49089,40328,45292,60800,55243,45409,68804,41497,46569,56124,71266,77992,83524,73276,88919,93897,106871,125625,136277,130389,124941,100381,90452,103073,101518,108317,112478,127748,104213
 "40083","Logan, OK",6,CAINC4,71,"..."," Farm proprietors' income ","Thousands of dollars",1749,1935,2247,1820,6438,5095,4344,5103,376,1089,5942,2139,1027,2094,-1966,939,2580,4701,7201,9668,12773,9186,6286,6630,4112,5055,-535,-801,2583,-1308,-2910,-2842,-2643,-456,2910,3577,9740,6685,1136,-495,-6347,-7941,-5433,-2631,-9945,-3898,-5608,-11301,-10956,-12111,-12081,-10018,-6773,-26468
 "40083","Logan, OK",6,CAINC4,72,"..."," Nonfarm proprietors' income ","Thousands of dollars",6598,7302,8430,9735,11026,13221,12760,14114,15610,17018,17843,19388,20089,20842,23645,27678,29853,32290,30383,33371,37361,38318,35948,36087,40169,44034,40863,46093,58217,56551,48319,71646,44140,47025,53214,67689,68252,76839,72140,89414,100244,114812,131058,138908,140334,128839,105989,101753,114029,113629,120398,122496,134521,130681
 "40083","Logan, OK",6,CAINC4,7010,"...","Total employment ","Number of jobs",6773,6804,7101,7289,7236,7270,7188,7414,7790,8076,8126,8235,8319,8872,9086,9312,9392,9379,10193,9782,9986,10139,10264,10307,10758,11112,10936,11161,11790,12512,13350,13763,11215,11336,11176,11378,11682,11828,12541,12890,12637,12923,13421,13865,13951,13984,14111,15868,16096,16803,16615,17368,17862,18799
 "40083","Logan, OK",6,CAINC4,7020,"..."," Wage and salary employment ","Number of jobs",4463,4515,4624,4693,4796,4928,4946,5051,5333,5551,5603,5693,5528,5980,5956,5824,5562,5395,5552,5811,5917,6027,6041,6054,6373,6587,6611,6805,6920,7105,7179,7456,6985,7104,6777,6874,6986,7117,7253,7578,7318,7453,7863,7980,8009,8149,8092,8172,8395,8446,8515,8650,8607,9004
 "40083","Logan, OK",6,CAINC4,7040,"..."," Proprietors employment ","Number of jobs",2310,2289,2477,2596,2440,2342,2242,2363,2457,2525,2523,2542,2791,2892,3130,3488,3830,3984,4641,3971,4069,4112,4223,4253,4385,4525,4325,4356,4870,5407,6171,6307,4230,4232,4399,4504,4696,4711,5288,5312,5319,5470,5558,5885,5942,5835,6019,7696,7701,8357,8100,8718,9255,9795
 "40085","Love, OK",6,CAINC4,10,"...","Personal income (thousands of dollars) ","Thousands of dollars",14272,15416,17787,18863,23202,25170,29159,33384,35155,40060,48915,59231,67574,75640,79556,81695,85153,90033,88348,95177,98895,109096,116806,129362,125765,128361,128186,133620,141281,144217,154509,167093,189698,201637,206208,211966,224487,238228,251962,269286,268765,284329,302642,303608,318126,342291,352055,359923,362227,382438,397776,423183,448846,443076
 "40085","Love, OK",6,CAINC4,11,"..."," Nonfarm personal income 1/","Thousands of dollars",12311,13545,15547,17761,20702,23844,27073,30562,34226,39368,46494,55211,62995,70029,73561,78071,83314,85664,86935,91056,94916,103452,110342,123790,121841,123714,129519,137178,143463,147912,153854,165970,182977,194190,202659,205959,218486,234552,247373,268618,272696,284534,302297,302252,320351,338510,351865,362521,366141,387073,402567,427795,454374,455043
 "40085","Love, OK",6,CAINC4,12,"..."," Farm income 2/","Thousands of dollars",1961,1871,2240,1102,2500,1326,2086,2822,929,692,2421,4020,4579,5611,5995,3624,1839,4369,1413,4121,3979,5644,6464,5572,3924,4647,-1333,-3558,-2182,-3695,655,1123,6721,7447,3549,6007,6001,3676,4589,668,-3931,-205,345,1356,-2225,3781,190,-2598,-3914,-4635,-4791,-4612,-5528,-11967
 "40085","Love, OK",6,CAINC4,20,"...","Population (persons) 3/","Number of persons",6037,5668,5923,6220,6415,6624,6877,7171,7248,7320,7544,7467,7447,7862,8113,8107,8088,8129,8222,8077,8250,7788,7921,8066,8095,8329,8462,8706,8716,8724,8806,8826,8749,8836,8916,9044,9159,9207,9252,9291,9340,9409,9376,9556,9677,9708,9774,9984,10029,10042,10100,10159,10244,10218
 "40085","Love, OK",6,CAINC4,30,"...","Per capita personal income (dollars) 4/","Dollars",2364,2720,3003,3033,3617,3800,4240,4655,4850,5473,6484,7932,9074,9621,9806,10077,10528,11076,10745,11784,11987,14008,14746,16038,15536,15411,15148,15348,16209,16531,17546,18932,21682,22820,23128,23437,24510,25875,27233,28984,28776,30219,32278,31771,32874,35259,36020,36050,36118,38084,39384,41656,43816,43362
 "40085","Love, OK",6,CAINC4,35,"...","Earnings by place of work ","Thousands of dollars",9356,9707,11493,11724,14493,14230,16531,19048,18414,19914,24557,27977,30711,35026,35530,35376,35961,40771,39075,45345,45895,53631,58364,68606,61157,58151,52645,52329,57390,54395,62125,67172,82399,97132,100660,96218,110962,130178,147630,166576,178276,196888,204416,214661,230032,263413,288287,305993,313039,323712,328058,345076,341555,345763
 "40085","Love, OK",6,CAINC4,36,"...","Less: Contributions for government social insurance 5/","Thousands of dollars",513,544,670,787,1026,1132,1244,1399,1506,1709,2060,2205,2591,2986,2910,3130,3474,3783,3993,4613,4947,5675,6295,7204,6888,6531,6707,6750,6918,6853,7281,7747,8463,9655,10488,9803,11418,13873,16106,18253,20438,21451,20009,21133,25267,28321,31656,33385,34744,36944,37786,41096,40356,42557
 "40085","Love, OK",6,CAINC4,37,"..."," Employee and self-employed contributions for government social insurance ","Thousands of dollars",298,316,377,437,568,625,679,736,800,903,1085,1192,1407,1624,1578,1711,1934,2093,2215,2600,2785,3094,3446,4171,3781,3642,3728,3761,3954,3922,4248,4463,4879,5723,6029,5669,6518,7842,8960,10072,11214,11786,9691,10064,13270,14775,16586,18147,19003,19904,20499,21883,21790,23279
 "40085","Love, OK",6,CAINC4,38,"..."," Employer contributions for government social insurance ","Thousands of dollars",215,228,293,350,458,507,565,663,706,806,975,1013,1184,1362,1332,1419,1540,1690,1778,2013,2162,2581,2849,3033,3107,2889,2979,2989,2964,2931,3033,3284,3584,3932,4459,4134,4900,6031,7146,8181,9224,9665,10318,11069,11997,13546,15070,15238,15741,17040,17287,19213,18566,19278
 "40085","Love, OK",6,CAINC4,42,"...","Plus: Adjustment for residence 6/","Thousands of dollars",1646,1900,1974,2426,3181,4147,4725,5467,7095,9020,11215,14423,16503,16968,16353,17817,18607,19124,19188,19345,20326,22534,23871,25686,28437,30853,32273,34928,37739,40928,43592,48094,50060,45522,44793,48208,43423,33243,21490,6455,-8461,-14413,-10408,-23598,-26067,-38402,-53425,-67242,-74633,-70681,-64391,-85272,-68320,-63620
 "40085","Love, OK",6,CAINC4,45,"...","Equals: Net earnings by place of residence ","Thousands of dollars",10489,11063,12797,13363,16648,17245,20012,23116,24003,27225,33712,40195,44623,49008,48973,50063,51094,56112,54270,60077,61274,70490,75940,87088,82706,82473,78211,80507,88211,88470,98436,107519,123996,132999,134965,134623,142967,149548,153014,154778,149377,161024,173999,169930,178698,196690,203206,205366,203662,216087,225881,218708,232879,239586
 "40085","Love, OK",6,CAINC4,46,"...","Plus: Dividends, interest, and rent 7/","Thousands of dollars",1415,1734,2095,2344,2939,3490,3937,4345,5006,6025,7318,9920,12675,14970,17742,18533,20010,19261,18731,19249,20483,20485,20837,19688,19412,20093,21707,22869,23312,24983,24855,26545,29041,26995,27537,29028,30332,31674,38257,46446,43767,42471,47681,49912,54665,57530,57673,60491,60436,65328,67832,76233,70560,72137
 "40085","Love, OK",6,CAINC4,47,"...","Plus: Personal current transfer receipts ","Thousands of dollars",2368,2619,2895,3156,3615,4435,5210,5923,6146,6810,7885,9116,10276,11662,12841,13099,14049,14660,15347,15851,17138,18121,20029,22586,23647,25795,28268,30244,29758,30764,31218,33029,36661,41643,43706,48315,51188,57006,60691,68062,75621,80834,80962,83766,84763,88071,91176,94066,98129,101023,104063,128242,145407,131353
 "40085","Love, OK",6,CAINC4,50,"...","Wages and salaries ","Thousands of dollars",5071,5308,6470,7244,8131,8690,9620,10940,11790,12850,15154,16549,18502,21220,20582,21129,23080,24506,25533,27722,29566,34254,37367,39602,38912,34922,35999,37017,38045,38962,42261,45498,47561,58041,63990,59848,70511,85928,101020,117516,129700,136274,140839,149591,159911,180743,204372,220245,229283,238122,243522,257781,253392,266049
 "40085","Love, OK",6,CAINC4,60,"...","Supplements to wages and salaries ","Thousands of dollars",556,600,760,892,1050,1179,1409,1622,1827,2036,2439,2640,2994,3598,3655,3837,4282,4783,4937,5361,6064,7387,8136,9162,9373,8895,8908,9144,9003,9218,9913,10908,12093,14487,16904,17279,21708,26917,31887,36532,38284,43236,44336,43359,49970,55852,62753,68388,70148,73319,70221,69837,62809,60286
 "40085","Love, OK",6,CAINC4,61,"..."," Employer contributions for employee pension and insurance funds 8/","Thousands of dollars",341,372,467,542,592,672,844,959,1121,1230,1464,1627,1810,2236,2323,2418,2742,3093,3159,3348,3902,4806,5287,6129,6266,6006,5929,6155,6039,6287,6880,7624,8509,10555,12445,13145,16808,20886,24741,28351,29060,33571,34018,32290,37973,42306,47683,53150,54407,56279,52934,50624,44243,41008
 "40085","Love, OK",6,CAINC4,62,"..."," Employer contributions for government social insurance ","Thousands of dollars",215,228,293,350,458,507,565,663,706,806,975,1013,1184,1362,1332,1419,1540,1690,1778,2013,2162,2581,2849,3033,3107,2889,2979,2989,2964,2931,3033,3284,3584,3932,4459,4134,4900,6031,7146,8181,9224,9665,10318,11069,11997,13546,15070,15238,15741,17040,17287,19213,18566,19278
 "40085","Love, OK",6,CAINC4,70,"...","Proprietors' income 9/","Thousands of dollars",3729,3799,4263,3588,5312,4361,5502,6486,4797,5028,6964,8788,9215,10208,11293,10410,8599,11482,8605,12262,10265,11990,12861,19842,12872,14334,7738,6168,10342,6215,9951,10766,22745,24604,19766,19091,18743,17333,14723,12528,10292,17378,19241,21711,20151,26818,21162,17360,13608,12271,14315,17458,25354,19428
 "40085","Love, OK",6,CAINC4,71,"..."," Farm proprietors' income ","Thousands of dollars",1673,1549,1943,768,2139,893,1595,2181,45,-2,1714,3337,3948,4952,5359,2977,1175,3721,719,3313,3091,4583,5414,4573,2913,3780,-2260,-4400,-2999,-4446,-125,420,5975,6950,2748,4564,4328,1788,1517,-2254,-5861,-1806,-1114,-143,-3473,2435,-629,-3520,-4873,-5458,-5852,-5703,-6519,-13113
 "40085","Love, OK",6,CAINC4,72,"..."," Nonfarm proprietors' income ","Thousands of dollars",2056,2250,2320,2820,3173,3468,3907,4305,4752,5030,5250,5451,5267,5256,5934,7433,7424,7761,7886,8949,7174,7407,7447,15269,9959,10554,9998,10568,13341,10661,10076,10346,16770,17654,17018,14527,14415,15545,13206,14782,16153,19184,20355,21854,23624,24383,21791,20880,18481,17729,20167,23161,31873,32541
 "40085","Love, OK",6,CAINC4,7010,"...","Total employment ","Number of jobs",2417,2381,2496,2574,2657,2632,2656,2794,2901,2936,2969,2817,2796,2934,2937,2914,2938,2940,3093,3112,3192,3431,3431,3461,3505,3427,3542,3555,3589,3606,3619,3713,3797,3926,4221,4126,4716,5303,5593,5809,5964,6067,6094,6318,6631,6941,7419,8247,8231,8200,7971,8024,7517,7367
 "40085","Love, OK",6,CAINC4,7020,"..."," Wage and salary employment ","Number of jobs",1427,1405,1521,1605,1691,1697,1677,1776,1795,1760,1824,1690,1652,1764,1735,1684,1702,1733,1809,1843,1943,2196,2216,2286,2216,2133,2146,2101,2069,2057,2093,2158,2207,2408,2673,2604,3182,3761,4044,4244,4462,4544,4582,4760,5030,5330,5852,6658,6645,6561,6344,6302,5762,5546
 "40085","Love, OK",6,CAINC4,7040,"..."," Proprietors employment ","Number of jobs",990,976,975,969,966,935,979,1018,1106,1176,1145,1127,1144,1170,1202,1230,1236,1207,1284,1269,1249,1235,1215,1175,1289,1294,1396,1454,1520,1549,1526,1555,1590,1518,1548,1522,1534,1542,1549,1565,1502,1523,1512,1558,1601,1611,1567,1589,1586,1639,1627,1722,1755,1821
 "40087","McClain, OK",6,CAINC4,10,"...","Personal income (thousands of dollars) ","Thousands of dollars",41802,45804,52439,57511,69218,75475,85146,97104,111132,128221,150282,180580,212941,242623,253488,278977,292803,290344,290538,306014,319647,336066,356751,386247,413338,445582,472408,508496,538108,547752,582229,622013,653864,674532,697556,769590,853561,967284,1065548,1154430,1172151,1254266,1396103,1552918,1604105,1668289,1595674,1617439,1724130,1874952,1998963,2085295,2348220,2541050
 "40087","McClain, OK",6,CAINC4,11,"..."," Nonfarm personal income 1/","Thousands of dollars",38532,42592,48792,55332,63277,73374,83199,94501,108784,126483,149037,179879,210458,239531,250259,275945,286918,282935,279944,295055,307833,325537,347540,376560,404123,435105,469911,503343,533520,547147,578497,620583,652340,669210,694949,765013,848210,965327,1060111,1158162,1178492,1257585,1395185,1544105,1599996,1650211,1590296,1617017,1723131,1875465,2000149,2083263,2346417,2554174
 "40087","McClain, OK",6,CAINC4,12,"..."," Farm income 2/","Thousands of dollars",3270,3212,3647,2179,5941,2101,1947,2603,2348,1738,1245,701,2483,3092,3229,3032,5885,7409,10594,10959,11814,10529,9211,9687,9215,10477,2497,5153,4588,605,3732,1430,1524,5322,2607,4577,5351,1957,5437,-3732,-6341,-3319,918,8813,4109,18078,5378,422,999,-513,-1186,2032,1803,-13124
 "40087","McClain, OK",6,CAINC4,20,"...","Population (persons) 3/","Number of persons",13407,14300,14920,15819,16849,17590,18165,18431,19121,19775,19851,20412,20862,21855,23276,23772,24045,23896,23331,22886,22699,22873,23152,23566,24222,24878,25535,25856,26300,26825,27436,27863,27871,28169,28814,29350,30322,31419,32470,33107,33822,34749,35260,35691,36617,37458,38243,38939,39680,40280,40946,41911,43497,45306
 "40087","McClain, OK",6,CAINC4,30,"...","Per capita personal income (dollars) 4/","Dollars",3118,3203,3515,3636,4108,4291,4687,5269,5812,6484,7571,8847,10207,11101,10891,11736,12177,12150,12453,13371,14082,14693,15409,16390,17065,17911,18500,19666,20460,20419,21221,22324,23460,23946,24209,26221,28150,30787,32816,34870,34656,36095,39595,43510,43808,44538,41725,41538,43451,46548,48819,49755,53986,56086
 "40087","McClain, OK",6,CAINC4,35,"...","Earnings by place of work ","Thousands of dollars",18534,20124,22177,23085,29548,28792,31025,36088,40855,43549,48433,55309,65191,73698,77762,89902,95533,95565,95633,107886,112049,115732,126541,141322,153357,167254,169365,180592,184193,187869,210196,217418,243838,253613,268544,285374,306872,351653,374766,386767,388148,429021,510926,598943,626033,621155,549937,528798,582345,680191,697677,677863,716194,829141
 "40087","McClain, OK",6,CAINC4,36,"...","Less: Contributions for government social insurance 5/","Thousands of dollars",994,1119,1221,1453,1892,2201,2337,2646,3076,3470,4027,4782,5982,6901,7109,8293,8875,8817,8694,10523,11303,12146,13743,15339,16733,18616,19893,20248,20478,21488,24187,25195,27081,27880,30196,32304,33950,38386,41810,43482,45066,48049,47917,51787,59843,60206,60161,61800,65894,74813,76038,80819,84214,96574
 "40087","McClain, OK",6,CAINC4,37,"..."," Employee and self-employed contributions for government social insurance ","Thousands of dollars",606,672,737,849,1104,1261,1341,1466,1714,1936,2248,2652,3268,3815,3868,4484,4925,4947,4913,5946,6424,6744,7704,8583,9229,10263,10939,11252,11528,12149,13707,14076,15226,15680,16503,17256,18506,21098,23306,24148,25657,27338,24656,26624,33125,33880,33986,36409,38840,44418,45477,48790,50796,59196
 "40087","McClain, OK",6,CAINC4,38,"..."," Employer contributions for government social insurance ","Thousands of dollars",388,447,484,604,788,940,996,1180,1362,1534,1779,2130,2714,3086,3241,3809,3950,3870,3781,4577,4879,5402,6039,6756,7504,8353,8954,8996,8950,9339,10480,11119,11855,12200,13693,15048,15444,17288,18504,19334,19409,20711,23261,25163,26718,26326,26175,25391,27054,30395,30561,32029,33418,37378
 "40087","McClain, OK",6,CAINC4,42,"...","Plus: Adjustment for residence 6/","Thousands of dollars",14386,15150,17795,20727,23766,27730,30965,35638,42277,52582,64740,79819,93961,105946,104910,111905,114850,112581,112853,116135,121430,129805,135792,145839,157496,167997,182274,199240,217424,220140,228091,247975,246511,248138,244684,281681,313320,355826,398353,424425,423455,441903,475450,519332,534288,570819,572101,591874,619023,639114,709548,711993,811326,938253
 "40087","McClain, OK",6,CAINC4,45,"...","Equals: Net earnings by place of residence ","Thousands of dollars",31926,34155,38751,42359,51422,54321,59653,69080,80056,92661,109146,130346,153170,172743,175563,193514,201508,199329,199792,213498,222176,233391,248590,271822,294120,316635,331746,359584,381139,386521,414100,440198,463268,473871,483032,534751,586242,669093,731309,767710,766537,822875,938459,1066488,1100478,1131768,1061877,1058872,1135474,1244492,1331187,1309037,1443306,1670820
 "40087","McClain, OK",6,CAINC4,46,"...","Plus: Dividends, interest, and rent 7/","Thousands of dollars",5498,6668,7912,8702,10240,11716,13765,15329,17730,21068,24043,30295,37196,44948,50303,56462,59793,56737,55125,55293,58400,59577,60461,61447,61968,66546,72492,76616,82671,83851,86982,96544,95635,93804,99135,113122,131093,144762,168385,194399,190625,200424,219613,232501,241793,260361,244282,248458,263263,287098,298761,300828,343702,362799
 "40087","McClain, OK",6,CAINC4,47,"...","Plus: Personal current transfer receipts ","Thousands of dollars",4378,4981,5776,6450,7556,9438,11728,12695,13346,14492,17093,19939,22575,24932,27622,29001,31502,34278,35621,37223,39071,43098,47700,52978,57250,62401,68170,72296,74298,77380,81147,85271,94961,106857,115389,121717,136226,153429,165854,192321,214989,230967,238031,253929,261834,276160,289515,310109,325393,343362,369015,475430,561212,507431
 "40087","McClain, OK",6,CAINC4,50,"...","Wages and salaries ","Thousands of dollars",8999,10614,10635,12627,14121,15711,16306,18899,22143,23672,26938,33225,40078,45986,48069,53636,55943,54166,53838,60972,64442,69730,78345,86690,92804,102565,109383,113852,117526,126672,143288,149434,154504,154907,169589,178717,188882,218376,238428,254842,258914,272533,282753,306665,326788,339138,343774,352387,375413,419753,422925,437989,457391,513320
 "40087","McClain, OK",6,CAINC4,60,"...","Supplements to wages and salaries ","Thousands of dollars",1018,1206,1341,1663,1942,2259,2440,2806,3362,3771,4332,5335,6532,7716,8382,9746,10588,10654,10533,13286,14308,15604,18021,21425,23568,25817,26134,26665,26652,28417,31201,33992,36053,37554,42219,46604,49285,53574,57132,59231,60907,67527,69817,72881,79103,81807,84761,84316,89712,98866,99156,101077,102649,110164
 "40087","McClain, OK",6,CAINC4,61,"..."," Employer contributions for employee pension and insurance funds 8/","Thousands of dollars",630,759,857,1059,1154,1319,1444,1626,2000,2237,2553,3205,3818,4630,5141,5937,6638,6784,6752,8709,9429,10202,11982,14669,16064,17464,17180,17669,17702,19078,20721,22873,24198,25354,28526,31556,33841,36286,38628,39897,41498,46816,46556,47718,52385,55481,58586,58925,62658,68471,68595,69048,69231,72786
 "40087","McClain, OK",6,CAINC4,62,"..."," Employer contributions for government social insurance ","Thousands of dollars",388,447,484,604,788,940,996,1180,1362,1534,1779,2130,2714,3086,3241,3809,3950,3870,3781,4577,4879,5402,6039,6756,7504,8353,8954,8996,8950,9339,10480,11119,11855,12200,13693,15048,15444,17288,18504,19334,19409,20711,23261,25163,26718,26326,26175,25391,27054,30395,30561,32029,33418,37378
 "40087","McClain, OK",6,CAINC4,70,"...","Proprietors' income 9/","Thousands of dollars",8517,8304,10201,8795,13485,10822,12279,14383,15350,16106,17163,16749,18581,19996,21311,26520,29002,30745,31262,33628,33299,30398,30175,33207,36985,38872,33848,40075,40015,32780,35707,33992,53281,61152,56736,60053,68705,79703,79206,72694,68327,88961,158356,219397,220142,200210,121402,92095,117220,161572,175596,138797,156154,205657
 "40087","McClain, OK",6,CAINC4,71,"..."," Farm proprietors' income ","Thousands of dollars",2641,2473,2918,1328,4966,893,751,1228,653,505,-130,-749,1037,1438,1653,1484,4374,6048,9282,9415,10085,8450,7121,7696,7033,8458,169,2827,2153,-1731,1203,-1007,-1228,3383,383,1364,2245,-1116,1003,-8595,-10054,-6935,-2990,3918,32,13694,2688,-2565,-2110,-3215,-4653,-1539,-1417,-16845
 "40087","McClain, OK",6,CAINC4,72,"..."," Nonfarm proprietors' income ","Thousands of dollars",5876,5831,7283,7467,8519,9929,11528,13155,14697,15601,17293,17498,17544,18558,19658,25036,24628,24697,21980,24213,23214,21948,23054,25511,29952,30414,33679,37248,37862,34511,34504,34999,54509,57769,56353,58689,66460,80819,78203,81289,78381,95896,161346,215479,220110,186516,118714,94660,119330,164787,180249,140336,157571,222502
 "40087","McClain, OK",6,CAINC4,7010,"...","Total employment ","Number of jobs",4054,4273,4309,4532,4632,4820,4764,4909,5244,5351,5605,6057,6252,6608,6876,7244,7245,6926,7160,7396,7261,7466,7947,8301,8678,9233,9571,9710,10107,9591,9952,10058,11343,11339,12174,12646,13192,13876,14450,14680,14539,14639,15075,15708,16167,16452,16546,16724,17223,17840,17507,18044,18597,19730
 "40087","McClain, OK",6,CAINC4,7020,"..."," Wage and salary employment ","Number of jobs",2225,2417,2348,2574,2720,2817,2667,2790,3017,3023,3133,3426,3573,3820,3875,4159,4148,3948,3966,4314,4283,4486,4958,5230,5456,5815,6005,5992,6175,6341,6682,6697,6787,6772,7129,7437,7594,8105,8429,8739,8533,8572,8759,9226,9428,9483,9612,9667,10118,10622,10485,10516,10582,11254
 "40087","McClain, OK",6,CAINC4,7040,"..."," Proprietors employment ","Number of jobs",1829,1856,1961,1958,1912,2003,2097,2119,2227,2328,2472,2631,2679,2788,3001,3085,3097,2978,3194,3082,2978,2980,2989,3071,3222,3418,3566,3718,3932,3250,3270,3361,4556,4567,5045,5209,5598,5771,6021,5941,6006,6067,6316,6482,6739,6969,6934,7057,7105,7218,7022,7528,8015,8476
 "40089","McCurtain, OK",6,CAINC4,10,"...","Personal income (thousands of dollars) ","Thousands of dollars",55596,64934,83460,92589,102858,114542,123001,135319,152913,169214,198193,217058,245232,260566,265751,291115,295467,315647,319902,342547,370706,383310,407507,465737,494444,520266,523159,548630,571003,601814,610506,630214,663974,661947,655321,706553,736849,766559,795666,842549,844590,909121,942781,957830,979901,1000241,1033839,1021789,1049120,1057700,1085250,1185069,1335697,1356622
 "40089","McCurtain, OK",6,CAINC4,11,"..."," Nonfarm personal income 1/","Thousands of dollars",53231,63271,81436,89803,94638,107643,118161,132072,149868,167975,193270,215812,241068,261330,266069,288478,291891,304138,315777,335313,353929,370158,391251,436543,438892,473811,493682,511128,537887,564725,569354,593859,618099,618983,630666,661454,693536,746896,780694,830600,843860,873218,905812,920354,944856,962967,970886,978812,1002624,1011265,1045999,1173904,1295826,1290523
 "40089","McCurtain, OK",6,CAINC4,12,"..."," Farm income 2/","Thousands of dollars",2365,1663,2024,2786,8220,6899,4840,3247,3045,1239,4923,1246,4164,-764,-318,2637,3576,11509,4125,7234,16777,13152,16256,29194,55552,46455,29477,37502,33116,37089,41152,36355,45875,42964,24655,45099,43313,19663,14972,11949,730,35903,36969,37476,35045,37274,62953,42977,46496,46435,39251,11165,39871,66099
 "40089","McCurtain, OK",6,CAINC4,20,"...","Population (persons) 3/","Number of persons",28365,29123,31516,33775,34954,36158,36966,34207,34908,36965,36620,36091,35788,35179,35601,34696,34697,34358,34337,34108,33855,33386,33217,33503,33573,33634,34147,34362,34283,34420,34348,34348,33944,33788,33625,33282,33235,33198,33128,33112,33002,33155,33063,32901,32587,32351,32136,31868,31603,31311,30955,30838,30884,30931
 "40089","McCurtain, OK",6,CAINC4,30,"...","Per capita personal income (dollars) 4/","Dollars",1960,2230,2648,2741,2943,3168,3327,3956,4380,4578,5412,6014,6852,7407,7465,8390,8516,9187,9317,10043,10950,11481,12268,13901,14727,15468,15321,15966,16656,17484,17774,18348,19561,19591,19489,21229,22171,23091,24018,25445,25592,27420,28515,29112,30070,30918,32171,32063,33197,33780,35059,38429,43249,43860
 "40089","McCurtain, OK",6,CAINC4,35,"...","Earnings by place of work ","Thousands of dollars",36106,44069,79364,69808,78216,85192,84026,94204,109600,122108,142401,150622,170670,177195,171086,194188,193688,213195,218959,237754,259283,266296,279839,332440,359392,376435,366678,383076,401637,428965,430505,446218,464030,456314,432719,468590,492809,501326,479601,475018,455988,525615,550907,555168,582961,593000,632704,613415,638830,643842,656072,668559,781824,839100
 "40089","McCurtain, OK",6,CAINC4,36,"...","Less: Contributions for government social insurance 5/","Thousands of dollars",2332,2995,5750,4943,5979,6916,6880,7941,9164,10644,12653,13810,16541,18422,17118,19189,19709,21342,23125,26311,28094,29780,31543,36033,36396,39935,41417,41016,42920,44700,45059,46947,49924,49945,49389,53324,56973,60879,57912,58301,57757,59689,58298,59522,70431,69870,70730,70351,74079,75909,78700,84686,95030,100135
 "40089","McCurtain, OK",6,CAINC4,37,"..."," Employee and self-employed contributions for government social insurance ","Thousands of dollars",1323,1634,2909,2581,3157,3630,3648,4082,4733,5466,6502,7151,8587,9505,8877,9900,10400,11206,12112,13851,15036,15768,16985,19267,19298,21021,21664,21720,23033,24496,25094,25787,26364,26226,25543,26615,28199,30305,30536,30620,30879,32410,27422,27375,35014,35905,37465,39356,41687,43216,44327,47497,52122,55724
 "40089","McCurtain, OK",6,CAINC4,38,"..."," Employer contributions for government social insurance ","Thousands of dollars",1009,1361,2841,2362,2822,3286,3232,3859,4431,5178,6151,6659,7954,8917,8241,9289,9309,10136,11013,12460,13058,14012,14558,16766,17098,18914,19753,19296,19887,20204,19965,21160,23560,23719,23846,26709,28774,30574,27376,27681,26878,27279,30876,32147,35417,33965,33265,30995,32392,32693,34373,37189,42908,44411
 "40089","McCurtain, OK",6,CAINC4,42,"...","Plus: Adjustment for residence 6/","Thousands of dollars",3269,2434,-14638,905,1065,704,899,630,298,298,2147,1427,-287,-1620,-159,-862,-332,-1788,-3269,-4004,-3977,-2294,942,-3382,-529,-2190,-2469,-2428,-2561,-3232,-2838,-3559,-6791,-6401,-4854,-5811,-6914,-9289,-1110,13946,22912,5106,3670,14438,12720,10967,10441,8099,7211,6006,2760,-2113,-8016,-6076
 "40089","McCurtain, OK",6,CAINC4,45,"...","Equals: Net earnings by place of residence ","Thousands of dollars",37043,43508,58976,65770,73302,78980,78045,86893,100734,111762,131895,138239,153842,157153,153809,174137,173647,190065,192565,207439,227212,234222,249238,293025,322467,334310,322792,339632,356156,381033,382608,395712,407315,399968,378476,409455,428922,431158,420579,430663,421143,471032,496279,510084,525250,534097,572415,551163,571962,573939,580132,581760,678778,732889
 "40089","McCurtain, OK",6,CAINC4,46,"...","Plus: Dividends, interest, and rent 7/","Thousands of dollars",5440,6530,7816,8407,10081,11873,14359,15702,17862,20825,24340,29834,35035,41088,44583,48476,50525,50949,50651,53630,58985,57122,57603,58716,56394,60463,67164,71756,78489,81550,82686,87407,94312,83942,84975,91524,90058,95612,116363,127295,116923,118169,123285,123075,127808,133687,127123,128248,127417,129584,135302,154982,153556,156340
 "40089","McCurtain, OK",6,CAINC4,47,"...","Plus: Personal current transfer receipts ","Thousands of dollars",13113,14896,16668,18412,19475,23689,30597,32724,34317,36627,41958,48985,56355,62325,67359,68502,71295,74633,76686,81478,84509,91966,100666,113996,115583,125493,133203,137242,136358,139231,145212,147095,162347,178037,191870,205574,217869,239789,258724,284591,306524,319920,323217,324671,326843,332457,334301,342378,349741,354177,369816,448327,503363,467393
 "40089","McCurtain, OK",6,CAINC4,50,"...","Wages and salaries ","Thousands of dollars",22971,30884,60816,47555,50010,56460,56886,65344,75316,85013,97823,106740,120691,133811,123403,132729,133539,140245,151243,162744,169855,177939,184320,211210,208610,225335,234425,235561,250198,263229,270285,286074,312573,302315,294879,309953,321776,346891,338071,340867,326647,341259,354829,363984,379325,389566,405202,416216,440075,443860,458179,482393,545567,573624
 "40089","McCurtain, OK",6,CAINC4,60,"...","Supplements to wages and salaries ","Thousands of dollars",2595,3517,6415,6215,7039,8063,8346,9689,11731,13613,15768,17366,19884,22152,22127,24272,25163,28263,30005,32792,36014,38548,40564,48978,49674,54206,54768,55699,57151,60178,61435,67418,72247,74563,74797,80741,86083,88338,86145,86028,85168,94074,98019,96221,105989,110097,111252,109016,110990,112685,117188,123214,130694,132648
 "40089","McCurtain, OK",6,CAINC4,61,"..."," Employer contributions for employee pension and insurance funds 8/","Thousands of dollars",1586,2156,3574,3853,4217,4777,5114,5830,7300,8435,9617,10707,11930,13235,13886,14983,15854,18127,18992,20332,22956,24536,26006,32212,32576,35292,35015,36403,37264,39974,41470,46258,48687,50844,50951,54032,57309,57764,58769,58347,58290,66795,67143,64074,70572,76132,77987,78021,78598,79992,82815,86025,87786,88237
 "40089","McCurtain, OK",6,CAINC4,62,"..."," Employer contributions for government social insurance ","Thousands of dollars",1009,1361,2841,2362,2822,3286,3232,3859,4431,5178,6151,6659,7954,8917,8241,9289,9309,10136,11013,12460,13058,14012,14558,16766,17098,18914,19753,19296,19887,20204,19965,21160,23560,23719,23846,26709,28774,30574,27376,27681,26878,27279,30876,32147,35417,33965,33265,30995,32392,32693,34373,37189,42908,44411
 "40089","McCurtain, OK",6,CAINC4,70,"...","Proprietors' income 9/","Thousands of dollars",10540,9668,12133,16038,21167,20669,18794,19171,22553,23482,28810,26516,30095,21232,25556,37187,34986,44687,37711,42218,53414,49809,54955,72252,101108,96894,77485,91816,94288,105558,98785,92726,79210,79436,63043,77896,84950,66097,55385,48123,44173,90282,98059,94963,97647,93337,116250,88183,87765,87297,80705,62952,105563,132828
 "40089","McCurtain, OK",6,CAINC4,71,"..."," Farm proprietors' income ","Thousands of dollars",1853,978,1287,1862,7131,5474,3503,1794,1387,80,3642,-98,2831,-2286,-1898,939,1726,9656,2126,5256,14927,11269,14665,27923,53942,44772,27311,35143,30424,34465,38261,33573,42728,40730,22165,41656,40101,16615,10724,7306,-2817,32465,33241,32841,31181,33107,60415,40119,43525,43889,35968,7782,36793,62540
 "40089","McCurtain, OK",6,CAINC4,72,"..."," Nonfarm proprietors' income ","Thousands of dollars",8687,8690,10846,14176,14036,15195,15291,17377,21166,23402,25168,26614,27264,23518,27454,36248,33260,35031,35585,36962,38487,38540,40290,44329,47166,52122,50174,56673,63864,71093,60524,59153,36482,38706,40878,36240,44849,49482,44661,40817,46990,57817,64818,62122,66466,60230,55835,48064,44240,43408,44737,55170,68770,70288
 "40089","McCurtain, OK",6,CAINC4,7010,"...","Total employment ","Number of jobs",7641,8593,11505,10489,10634,11009,10953,11316,11827,12352,12596,12495,12928,12808,12476,12888,12539,12435,13179,13610,13815,13955,14221,15015,15300,15754,16088,16199,16422,16871,17244,17570,17803,17142,16256,16311,16219,16285,16164,16047,15735,15928,16377,16207,16739,16647,16727,16838,16974,16673,16823,17217,17844,18222
 "40089","McCurtain, OK",6,CAINC4,7020,"..."," Wage and salary employment ","Number of jobs",5617,6483,9251,8065,8286,8619,8335,8559,8903,9292,9521,9381,9633,9595,9017,9352,8995,8968,9333,9744,10005,10050,10223,11012,10991,11316,11425,11413,11594,12039,12283,12514,12825,12213,11467,11545,11409,11579,11303,11322,11041,11338,11461,11312,11724,11716,11835,12008,11997,11672,11984,12194,12767,12957
 "40089","McCurtain, OK",6,CAINC4,7040,"..."," Proprietors employment ","Number of jobs",2024,2110,2254,2424,2348,2390,2618,2757,2924,3060,3075,3114,3295,3213,3459,3536,3544,3467,3846,3866,3810,3905,3998,4003,4309,4438,4663,4786,4828,4832,4961,5056,4978,4929,4789,4766,4810,4706,4861,4725,4694,4590,4916,4895,5015,4931,4892,4830,4977,5001,4839,5023,5077,5265
 "40091","McIntosh, OK",6,CAINC4,10,"...","Personal income (thousands of dollars) ","Thousands of dollars",24447,27923,31554,35508,40220,44666,50966,57304,63835,72717,84345,97944,117465,126686,138643,147265,160415,165176,165419,175636,188258,197975,206024,222944,240719,256762,272312,291085,307833,314638,331921,351481,370350,387106,393430,411167,421182,453153,487437,521912,538948,565863,599334,616279,618478,647776,649678,637110,641606,657046,710473,767945,825295,833219
 "40091","McIntosh, OK",6,CAINC4,11,"..."," Nonfarm personal income 1/","Thousands of dollars",23519,26659,30058,34362,37901,43058,49626,55960,62436,72610,83067,97328,112763,125558,136173,145570,156212,160087,164896,173933,185540,196952,206259,222368,240400,253308,274317,292268,306855,316208,329264,349185,367293,385139,395287,406848,420341,455951,485546,529243,545312,570996,604613,616261,623227,646460,648794,640629,644317,659777,714925,770731,829317,844485
 "40091","McIntosh, OK",6,CAINC4,12,"..."," Farm income 2/","Thousands of dollars",928,1264,1496,1146,2319,1608,1340,1344,1399,107,1278,616,4702,1128,2470,1695,4203,5089,523,1703,2718,1023,-235,576,319,3454,-2005,-1183,978,-1570,2657,2296,3057,1967,-1857,4319,841,-2798,1891,-7331,-6364,-5133,-5279,18,-4749,1316,884,-3519,-2711,-2731,-4452,-2786,-4022,-11266
 "40091","McIntosh, OK",6,CAINC4,20,"...","Population (persons) 3/","Number of persons",12627,12493,12638,12725,12960,13132,13583,13971,14096,14473,15221,15609,15770,16312,16874,16922,17128,17124,17117,17004,16681,16770,16904,17128,17557,18042,18456,18495,18775,19017,19320,19432,19451,19552,19582,19597,19595,19730,19952,19952,20160,20250,20179,20039,19886,19670,19457,19339,19206,19147,18976,18950,19262,19451
 "40091","McIntosh, OK",6,CAINC4,30,"...","Per capita personal income (dollars) 4/","Dollars",1936,2235,2497,2790,3103,3401,3752,4102,4529,5024,5541,6275,7449,7766,8216,8703,9366,9646,9664,10329,11286,11805,12188,13016,13711,14231,14755,15739,16396,16545,17180,18088,19040,19799,20091,20981,21494,22968,24430,26158,26734,27944,29701,30754,31101,32932,33390,32944,33407,34316,37441,40525,42846,42837
 "40091","McIntosh, OK",6,CAINC4,35,"...","Earnings by place of work ","Thousands of dollars",11729,13670,15412,17503,19978,20827,23004,25402,27962,31782,37839,41114,48664,48733,52908,53740,60361,63206,63351,69767,76435,77945,77901,85480,96461,104581,104327,110803,121349,119970,128161,129735,128593,138884,138571,150678,147554,157578,167996,169825,172716,188363,190309,197772,196683,210051,210226,204695,197321,205935,229734,234666,251019,267494
 "40091","McIntosh, OK",6,CAINC4,36,"...","Less: Contributions for government social insurance 5/","Thousands of dollars",740,853,980,1193,1481,1669,1892,2088,2276,2786,3382,3806,4449,4895,5013,5249,5820,6207,6844,8017,9058,9383,9848,10626,11947,13031,13983,14326,15146,15095,16207,16007,16055,17687,18319,19487,19941,21666,23213,24312,24913,25946,24556,24961,27464,27557,27582,27714,27860,29506,32681,33559,35763,40243
 "40091","McIntosh, OK",6,CAINC4,37,"..."," Employee and self-employed contributions for government social insurance ","Thousands of dollars",462,533,605,717,893,1007,1110,1200,1326,1595,1911,2150,2504,2793,2851,3020,3437,3619,3998,4735,5432,5556,5921,6441,7186,7716,8192,8322,8790,8900,9464,9462,9491,10272,10506,11119,11567,12709,13767,14472,15042,15812,13774,13951,16325,16767,17123,18041,18287,19624,21173,21984,23245,26237
 "40091","McIntosh, OK",6,CAINC4,38,"..."," Employer contributions for government social insurance ","Thousands of dollars",278,320,375,476,588,662,782,888,950,1191,1471,1656,1945,2102,2162,2229,2383,2588,2846,3282,3626,3827,3927,4185,4761,5315,5791,6004,6356,6195,6743,6545,6564,7415,7813,8368,8374,8957,9446,9840,9871,10134,10782,11010,11139,10790,10459,9673,9573,9882,11508,11575,12518,14006
 "40091","McIntosh, OK",6,CAINC4,42,"...","Plus: Adjustment for residence 6/","Thousands of dollars",3587,3670,4001,4742,5317,5761,6178,7395,8401,9506,10225,11948,15163,17060,17282,19692,21444,21883,22237,23050,24409,27616,31238,34824,37079,39274,41216,45927,50700,57618,62626,69473,73839,74699,74601,69922,77939,84041,86794,94844,93894,90850,96262,102694,101481,102190,105996,103728,107825,112808,115176,113601,111804,115777
 "40091","McIntosh, OK",6,CAINC4,45,"...","Equals: Net earnings by place of residence ","Thousands of dollars",14576,16487,18433,21052,23814,24919,27290,30709,34087,38502,44682,49256,59378,60898,65177,68183,75985,78882,78744,84800,91786,96178,99291,109678,121593,130824,131560,142404,156903,162493,174580,183201,186377,195896,194853,201113,205552,219953,231577,240357,241697,253267,262015,275505,270700,284684,288640,280709,277286,289237,312229,314708,327060,343028
 "40091","McIntosh, OK",6,CAINC4,46,"...","Plus: Dividends, interest, and rent 7/","Thousands of dollars",3814,4516,5243,5879,7092,8224,9705,10850,12598,14982,17403,22471,27590,31880,36453,39964,43051,43342,42011,43322,45813,47095,47430,46665,48021,49679,56228,59219,63269,63542,64998,71677,74986,70834,69558,73469,71811,73573,85868,91229,88966,95130,104628,106221,105663,115289,112982,108728,111360,112161,120641,119406,118827,121669
 "40091","McIntosh, OK",6,CAINC4,47,"...","Plus: Personal current transfer receipts ","Thousands of dollars",6057,6920,7878,8577,9314,11523,13971,15745,17150,19233,22260,26217,30497,33908,37013,39118,41379,42952,44664,47514,50659,54702,59303,66601,71105,76259,84524,89462,87661,88603,92343,96603,108987,120376,129019,136585,143819,159627,169992,190326,208285,217466,232691,234553,242115,247803,248056,247673,252960,255648,277603,333831,379408,368522
 "40091","McIntosh, OK",6,CAINC4,50,"...","Wages and salaries ","Thousands of dollars",6775,7934,8762,10369,10956,11957,13873,15383,16739,20102,23838,27165,30129,32976,33912,33647,35930,37733,41053,44998,49048,50298,50803,53491,58853,63973,68700,72268,77187,75715,83134,82114,85756,92849,95297,99356,98135,108277,116611,125109,124767,127903,127885,127303,128794,130869,132235,131476,130031,135970,155817,149581,162583,183134
 "40091","McIntosh, OK",6,CAINC4,60,"...","Supplements to wages and salaries ","Thousands of dollars",737,868,1036,1268,1451,1653,2048,2302,2605,3201,3813,4362,5049,5698,6071,6030,6632,7295,7980,9036,10466,11205,11464,13201,14797,16372,17286,18297,19142,19428,21463,21955,21505,24348,25607,27463,28079,29045,30266,31335,31628,34973,34763,33125,35572,35976,36228,34772,34488,36043,39437,38996,39660,42413
 "40091","McIntosh, OK",6,CAINC4,61,"..."," Employer contributions for employee pension and insurance funds 8/","Thousands of dollars",459,548,661,792,863,991,1266,1414,1655,2010,2342,2706,3104,3596,3909,3801,4249,4707,5134,5754,6840,7378,7537,9016,10036,11057,11495,12293,12786,13233,14720,15410,14941,16933,17794,19095,19705,20088,20820,21495,21757,24839,23981,22115,24433,25186,25769,25099,24915,26161,27929,27421,27142,28407
 "40091","McIntosh, OK",6,CAINC4,62,"..."," Employer contributions for government social insurance ","Thousands of dollars",278,320,375,476,588,662,782,888,950,1191,1471,1656,1945,2102,2162,2229,2383,2588,2846,3282,3626,3827,3927,4185,4761,5315,5791,6004,6356,6195,6743,6545,6564,7415,7813,8368,8374,8957,9446,9840,9871,10134,10782,11010,11139,10790,10459,9673,9573,9882,11508,11575,12518,14006
 "40091","McIntosh, OK",6,CAINC4,70,"...","Proprietors' income 9/","Thousands of dollars",4217,4868,5614,5866,7571,7217,7083,7717,8618,8479,10188,9587,13486,10059,12925,14063,17799,18178,14318,15733,16921,16442,15634,18788,22811,24236,18341,20238,25020,24827,23564,25666,21332,21687,17667,23859,21340,20256,21119,13381,16321,25487,27661,37344,32317,43206,41763,38447,32802,33922,34480,46089,48776,41947
 "40091","McIntosh, OK",6,CAINC4,71,"..."," Farm proprietors' income ","Thousands of dollars",722,1038,1291,922,2092,1335,1028,937,837,-329,787,94,4174,529,1926,1183,3720,4671,135,1283,2281,535,-697,162,-173,2965,-2607,-1824,271,-2282,1850,1501,2146,1309,-2631,3220,-220,-3841,399,-8962,-7630,-6351,-6614,-1613,-6110,-156,-4,-4540,-3771,-3620,-5610,-3981,-5118,-12535
 "40091","McIntosh, OK",6,CAINC4,72,"..."," Nonfarm proprietors' income ","Thousands of dollars",3495,3830,4323,4944,5479,5882,6055,6780,7781,8808,9401,9493,9312,9530,10999,12880,14079,13507,14183,14450,14640,15907,16331,18626,22984,21271,20948,22062,24749,27109,21714,24165,19186,20378,20298,20639,21560,24097,20720,22343,23951,31838,34275,38957,38427,43362,41767,42987,36573,37542,40090,50070,53894,54482
 "40091","McIntosh, OK",6,CAINC4,7010,"...","Total employment ","Number of jobs",3230,3365,3464,3766,3831,3910,4081,4182,4273,4442,4720,4931,5064,5190,5265,5227,5255,5121,5466,5667,5828,5852,5741,5927,6380,6578,6798,6947,7230,7295,7382,7274,7042,7121,7244,7179,7345,7376,7585,7658,7597,7510,7654,7432,7391,7422,7283,7190,7175,7137,7381,7441,7504,7875
 "40091","McIntosh, OK",6,CAINC4,7020,"..."," Wage and salary employment ","Number of jobs",1823,1938,1976,2194,2313,2363,2422,2479,2502,2636,2845,2967,3071,3135,3073,3005,3040,2968,3199,3486,3713,3708,3562,3694,3955,4120,4274,4372,4498,4442,4580,4426,4492,4664,4708,4630,4620,4643,4779,4922,4840,4776,4651,4456,4534,4454,4380,4313,4256,4315,4671,4552,4580,4840
 "40091","McIntosh, OK",6,CAINC4,7040,"..."," Proprietors employment ","Number of jobs",1407,1427,1488,1572,1518,1547,1659,1703,1771,1806,1875,1964,1993,2055,2192,2222,2215,2153,2267,2181,2115,2144,2179,2233,2425,2458,2524,2575,2732,2853,2802,2848,2550,2457,2536,2549,2725,2733,2806,2736,2757,2734,3003,2976,2857,2968,2903,2877,2919,2822,2710,2889,2924,3035
 "40093","Major, OK",6,CAINC4,10,"...","Personal income (thousands of dollars) ","Thousands of dollars",22521,25651,27780,31552,36214,40509,43328,40385,45945,51208,66840,70958,90418,113855,106962,117075,115456,106608,98754,106856,113708,119904,113913,124439,128410,127401,133941,136490,153762,148919,147029,163366,177934,173361,192932,201829,212308,225673,229271,261128,227997,254724,302499,327033,327296,374329,323773,294438,306865,336401,333619,338050,370068,349070
 "40093","Major, OK",6,CAINC4,11,"..."," Nonfarm personal income 1/","Thousands of dollars",18768,19633,22179,23670,26010,29254,33035,37250,42613,48517,56790,66610,87914,102015,98910,104672,107512,96185,92847,95503,103028,106475,109266,113174,116222,120507,127472,133968,142348,141878,138703,149261,166681,156035,168047,173790,184168,202944,208249,250139,227636,243021,277164,294011,303209,331217,298357,280735,295562,320601,318303,318532,340839,343737
 "40093","Major, OK",6,CAINC4,12,"..."," Farm income 2/","Thousands of dollars",3753,6018,5601,7882,10204,11255,10293,3135,3332,2691,10050,4348,2504,11840,8052,12403,7944,10423,5907,11353,10680,13429,4647,11265,12188,6894,6469,2522,11414,7041,8326,14105,11253,17326,24885,28039,28140,22729,21022,10989,361,11703,25335,33022,24087,43112,25416,13703,11303,15800,15316,19518,29229,5333
 "40093","Major, OK",6,CAINC4,20,"...","Population (persons) 3/","Number of persons",7161,7520,7505,7603,7870,8140,8269,8378,8322,8582,8941,8867,9234,9724,9685,9439,9174,8879,8658,8558,8295,7999,7864,7763,7605,7672,7646,7599,7662,7662,7550,7536,7575,7559,7429,7423,7379,7449,7465,7456,7557,7523,7665,7744,7772,7865,7865,7868,7818,7748,7786,7746,7617,7502
 "40093","Major, OK",6,CAINC4,30,"...","Per capita personal income (dollars) 4/","Dollars",3145,3411,3702,4150,4602,4977,5240,4820,5521,5967,7476,8002,9792,11709,11044,12403,12585,12007,11406,12486,13708,14990,14485,16030,16885,16606,17518,17962,20068,19436,19474,21678,23490,22934,25970,27190,28772,30296,30713,35023,30170,33859,39465,42231,42112,47594,41166,37422,39251,43418,42849,43642,48584,46530
 "40093","Major, OK",6,CAINC4,35,"...","Earnings by place of work ","Thousands of dollars",16841,18812,20195,23695,27212,30641,31577,27480,32408,35757,50734,48305,57101,74973,58868,64693,59843,56344,51636,59565,65529,69496,60967,70094,75071,72343,76811,76986,92905,84818,79461,91717,92906,97435,110988,117615,125010,138306,132202,146361,118139,140986,172474,197018,200020,234225,185735,149921,156484,172772,164991,156280,167624,153385
 "40093","Major, OK",6,CAINC4,36,"...","Less: Contributions for government social insurance 5/","Thousands of dollars",818,789,931,1050,1330,1581,1713,1964,2378,2779,3582,3870,5268,6442,4970,5196,5265,4677,4684,5279,6155,6394,6653,6855,7327,7763,8535,8558,8924,8668,8096,8695,9296,9211,9590,10147,10657,12389,12734,14231,13133,14103,14541,15791,18559,19916,17830,15603,17061,18875,18095,16178,16183,18365
 "40093","Major, OK",6,CAINC4,37,"..."," Employee and self-employed contributions for government social insurance ","Thousands of dollars",488,486,558,611,769,900,967,1055,1270,1481,1888,2079,2787,3320,2596,2696,2821,2566,2598,2962,3474,3559,3738,3891,4083,4304,4662,4815,5206,5047,4801,5104,5192,5154,5334,5509,5916,6964,7188,8067,7631,8064,7276,7702,9924,10933,9857,9052,9784,10763,10464,9666,9767,10919
 "40093","Major, OK",6,CAINC4,38,"..."," Employer contributions for government social insurance ","Thousands of dollars",330,303,373,439,561,681,746,909,1108,1298,1694,1791,2481,3122,2374,2500,2444,2111,2086,2317,2681,2835,2915,2964,3244,3459,3873,3743,3718,3621,3295,3591,4104,4057,4256,4638,4741,5425,5546,6164,5502,6039,7265,8089,8635,8983,7973,6551,7277,8112,7631,6512,6416,7446
 "40093","Major, OK",6,CAINC4,42,"...","Plus: Adjustment for residence 6/","Thousands of dollars",840,1239,1073,1102,1115,1052,1281,1254,503,1021,-37,1162,1526,526,3728,4683,5048,5611,5695,6355,5195,6530,7813,8321,8518,8970,7519,7769,8369,10085,11822,12077,12670,13564,13957,15151,15516,14687,17007,15920,17686,20738,24525,28393,28263,27295,36031,41070,40429,42107,44842,41651,41432,44432
 "40093","Major, OK",6,CAINC4,45,"...","Equals: Net earnings by place of residence ","Thousands of dollars",16863,19262,20337,23747,26997,30112,31145,26770,30533,33999,47115,45597,53359,69057,57626,64180,59626,57278,52647,60641,64569,69632,62127,71560,76262,73550,75795,76197,92350,86235,83187,95099,96280,101788,115355,122619,129869,140604,136475,148050,122692,147621,182458,209620,209724,241604,203936,175388,179852,196004,191738,181753,192873,179452
 "40093","Major, OK",6,CAINC4,46,"...","Plus: Dividends, interest, and rent 7/","Thousands of dollars",3423,3837,4519,4703,5617,6260,7394,8173,9498,10778,12459,17186,27612,34075,37115,40028,42144,34603,31161,30557,32840,33256,32975,31833,30947,31247,33610,34786,35888,35661,35851,39439,49820,37686,41303,39592,42540,40724,46919,62160,53084,52183,60820,60092,63840,77492,60293,57569,62746,73876,69951,67308,76037,80757
 "40093","Major, OK",6,CAINC4,47,"...","Plus: Personal current transfer receipts ","Thousands of dollars",2235,2552,2924,3102,3600,4137,4789,5442,5914,6431,7266,8175,9447,10723,12221,12867,13686,14727,14946,15658,16299,17016,18811,21046,21201,22604,24536,25507,25524,27023,27991,28828,31834,33887,36274,39618,39899,44345,45877,50918,52221,54920,59221,57321,53732,55233,59544,61481,64267,66521,71930,88989,101158,88861
 "40093","Major, OK",6,CAINC4,50,"...","Wages and salaries ","Thousands of dollars",7944,7444,8577,9433,10420,12363,13530,15661,19423,21945,28025,30459,39916,47209,35529,35656,35221,29763,29123,30819,35607,36586,37491,38149,40301,43016,48745,51116,55736,55383,51698,56379,55336,52415,54237,57074,61636,73965,75647,85782,76322,80661,92683,103188,111035,127308,110660,92568,101470,111453,107544,89254,89444,100913
 "40093","Major, OK",6,CAINC4,60,"...","Supplements to wages and salaries ","Thousands of dollars",856,823,992,1167,1360,1615,1894,2207,2809,3354,4317,4729,6258,7531,6319,6479,6500,5918,6130,6460,7709,8148,8629,9561,10509,11111,11963,11894,12023,11830,11286,12288,13624,13357,13987,15159,16130,18552,17728,18913,18277,20625,22992,25521,28368,32743,28840,23610,26114,27276,26218,23168,22386,24220
 "40093","Major, OK",6,CAINC4,61,"..."," Employer contributions for employee pension and insurance funds 8/","Thousands of dollars",526,520,619,728,799,934,1148,1298,1701,2056,2623,2938,3777,4409,3945,3979,4056,3807,4044,4143,5028,5313,5714,6597,7265,7652,8090,8151,8305,8209,7991,8697,9520,9300,9731,10521,11389,13127,12182,12749,12775,14586,15727,17432,19733,23760,20867,17059,18837,19164,18587,16656,15970,16774
 "40093","Major, OK",6,CAINC4,62,"..."," Employer contributions for government social insurance ","Thousands of dollars",330,303,373,439,561,681,746,909,1108,1298,1694,1791,2481,3122,2374,2500,2444,2111,2086,2317,2681,2835,2915,2964,3244,3459,3873,3743,3718,3621,3295,3591,4104,4057,4256,4638,4741,5425,5546,6164,5502,6039,7265,8089,8635,8983,7973,6551,7277,8112,7631,6512,6416,7446
 "40093","Major, OK",6,CAINC4,70,"...","Proprietors' income 9/","Thousands of dollars",8041,10545,10626,13095,15432,16663,16153,9612,10176,10458,18392,13117,10927,20233,17020,22558,18122,20663,16383,22286,22213,24762,14847,22384,24261,18216,16103,13976,25146,17605,16477,23050,23946,31663,42764,45382,47244,45789,38827,41666,23540,39700,56799,68309,60617,74174,46235,33743,28900,34043,31229,43858,55794,28252
 "40093","Major, OK",6,CAINC4,71,"..."," Farm proprietors' income ","Thousands of dollars",3276,5479,5090,7301,9567,10487,9503,2197,2145,1804,9092,3367,1541,10776,7062,11437,7012,9582,5095,10435,9694,12281,3528,10216,10791,5379,4471,301,8838,4544,5581,11489,8330,15272,22432,24475,24625,19241,15927,5551,-3699,7855,21263,28052,19945,38648,22686,10651,8128,13059,11790,15888,25944,1538
 "40093","Major, OK",6,CAINC4,72,"..."," Nonfarm proprietors' income ","Thousands of dollars",4765,5066,5536,5794,5865,6176,6650,7415,8031,8654,9300,9750,9386,9457,9958,11121,11110,11081,11288,11851,12519,12481,11319,12168,13470,12837,11632,13675,16308,13061,10896,11561,15616,16391,20332,20907,22619,26548,22900,36115,27239,31845,35536,40257,40672,35526,23549,23092,20772,20984,19439,27970,29850,26714
 "40093","Major, OK",6,CAINC4,7010,"...","Total employment ","Number of jobs",3623,3476,3640,3811,3819,3913,3803,3778,3877,3837,4042,4022,4340,4660,4309,4410,4399,4201,4512,4515,4439,4425,4473,4425,4569,4626,4732,4779,4943,4817,4670,4732,4649,4536,4496,4514,4600,4809,4921,5169,4990,5011,4941,5077,5296,5416,5215,5102,5017,4984,4783,4515,4428,4701
 "40093","Major, OK",6,CAINC4,7020,"..."," Wage and salary employment ","Number of jobs",1714,1577,1659,1811,1843,1926,1982,2079,2245,2270,2461,2417,2689,2913,2449,2413,2262,2018,2051,2030,2113,2130,2182,2205,2220,2302,2437,2510,2620,2603,2492,2558,2472,2399,2316,2318,2396,2562,2602,2772,2629,2618,2683,2752,2858,2948,2686,2473,2548,2619,2568,2312,2196,2387
 "40093","Major, OK",6,CAINC4,7040,"..."," Proprietors employment ","Number of jobs",1909,1899,1981,2000,1976,1987,1821,1699,1632,1567,1581,1605,1651,1747,1860,1997,2137,2183,2461,2485,2326,2295,2291,2220,2349,2324,2295,2269,2323,2214,2178,2174,2177,2137,2180,2196,2204,2247,2319,2397,2361,2393,2258,2325,2438,2468,2529,2629,2469,2365,2215,2203,2232,2314
 "40095","Marshall, OK",6,CAINC4,10,"...","Personal income (thousands of dollars) ","Thousands of dollars",17470,20408,22708,25688,28578,33057,36665,41593,47985,55622,66044,76005,89045,97372,102742,110894,116350,121880,119273,122175,130044,138610,147733,160355,171866,181888,191551,200035,204630,215580,229869,242023,266629,280377,293771,318128,347285,379147,414977,450583,434714,442208,481588,504708,489831,519017,498212,510032,526805,553271,582676,634819,691983,713273
 "40095","Marshall, OK",6,CAINC4,11,"..."," Nonfarm personal income 1/","Thousands of dollars",16984,19014,21697,24180,27011,31656,35002,40132,46333,54233,63812,74726,86403,96843,102220,110512,115835,121288,119915,121790,129219,137428,146694,159277,171906,180643,192145,201193,207178,219742,232170,242651,267487,279270,293936,313645,340642,375687,410832,455906,439850,445478,481805,501960,489691,514277,497373,512140,530748,557470,588034,639588,697177,723916
 "40095","Marshall, OK",6,CAINC4,12,"..."," Farm income 2/","Thousands of dollars",486,1394,1011,1508,1567,1401,1663,1461,1652,1389,2232,1279,2642,529,522,382,515,592,-642,385,825,1182,1039,1078,-40,1245,-594,-1158,-2548,-4162,-2301,-628,-858,1107,-165,4483,6643,3460,4145,-5323,-5136,-3270,-217,2748,140,4740,839,-2108,-3943,-4199,-5358,-4769,-5194,-10643
 "40095","Marshall, OK",6,CAINC4,20,"...","Population (persons) 3/","Number of persons",7614,7783,8258,8455,8530,8675,8920,9275,9530,9779,10475,10605,10811,10970,11260,11331,11274,11482,11180,11026,10870,10847,11059,11363,11670,11793,12155,12327,12586,12870,13097,13170,13372,13659,13809,14149,14686,14988,15318,15482,15652,15797,15743,15644,15521,15448,15386,15219,15156,15339,15356,15340,15546,15882
 "40095","Marshall, OK",6,CAINC4,30,"...","Per capita personal income (dollars) 4/","Dollars",2294,2622,2750,3038,3350,3811,4110,4484,5035,5688,6305,7167,8237,8876,9125,9787,10320,10615,10668,11081,11964,12779,13359,14112,14727,15423,15759,16227,16259,16751,17551,18377,19939,20527,21274,22484,23647,25297,27091,29104,27774,27993,30591,32262,31559,33598,32381,33513,34759,36070,37945,41383,44512,44911
 "40095","Marshall, OK",6,CAINC4,35,"...","Earnings by place of work ","Thousands of dollars",10667,12350,13378,15485,16851,18702,19599,22589,26230,30684,35793,37537,44001,46225,49571,53302,55885,56722,54903,60740,65491,70784,77978,86375,90239,102031,104028,104113,103681,110111,119535,125387,139011,151260,156577,168138,181139,186387,194525,201743,178678,195499,210452,229572,235951,248491,233148,233483,239825,259259,276140,286166,311601,349153
 "40095","Marshall, OK",6,CAINC4,36,"...","Less: Contributions for government social insurance 5/","Thousands of dollars",697,769,889,1026,1327,1553,1614,1885,2166,2663,3145,3431,4186,4718,4893,5317,5683,5861,6033,6966,7763,8393,9405,10380,11117,12320,12848,12614,12707,13341,14190,14575,16385,17875,18890,20771,21852,23171,24726,25551,23694,25171,24827,26524,29505,30232,29146,29238,30441,33238,35804,37303,40862,46471
 "40095","Marshall, OK",6,CAINC4,37,"..."," Employee and self-employed contributions for government social insurance ","Thousands of dollars",416,455,524,597,762,880,914,1028,1189,1438,1694,1855,2254,2556,2638,2876,3171,3266,3347,3923,4425,4639,5227,5692,5968,6788,7161,7144,7280,7786,8435,8513,9170,9832,10089,10715,11474,12352,13362,14071,13415,14117,12218,12640,15842,16487,16213,17013,17948,19690,20873,21997,23416,26972
 "40095","Marshall, OK",6,CAINC4,38,"..."," Employer contributions for government social insurance ","Thousands of dollars",281,314,365,429,565,673,700,857,977,1225,1451,1576,1932,2162,2255,2441,2512,2595,2686,3043,3338,3754,4178,4688,5149,5532,5687,5470,5427,5555,5755,6062,7215,8043,8801,10056,10378,10819,11364,11480,10279,11054,12609,13884,13663,13745,12933,12225,12493,13548,14931,15306,17446,19499
 "40095","Marshall, OK",6,CAINC4,42,"...","Plus: Adjustment for residence 6/","Thousands of dollars",522,732,868,1070,1353,1809,2378,3086,3848,4397,5945,8563,9828,9777,8240,8795,9191,9002,8777,8326,8825,9742,9296,9538,10818,11200,12260,14601,16570,18192,19259,21850,24804,25719,28595,32011,38934,48956,52233,63680,59666,56550,53622,46962,42692,44040,51044,54016,58935,59971,54760,57700,57466,59344
 "40095","Marshall, OK",6,CAINC4,45,"...","Equals: Net earnings by place of residence ","Thousands of dollars",10492,12313,13357,15529,16877,18958,20363,23790,27912,32418,38593,42669,49643,51284,52918,56780,59393,59863,57647,62100,66553,72133,77869,85533,89940,100911,103440,106100,107544,114962,124604,132662,147430,159104,166282,179378,198221,212172,222032,239872,214650,226878,239247,250010,249138,262299,255046,258261,268319,285992,295096,306563,328205,362026
 "40095","Marshall, OK",6,CAINC4,46,"...","Plus: Dividends, interest, and rent 7/","Thousands of dollars",2972,3525,4117,4449,5342,6309,7044,7694,8851,10999,13390,16730,20656,24828,26416,29502,30918,34561,33368,30152,32459,33212,34016,34418,39042,35417,37990,39598,41625,43638,46123,47863,53340,45966,49333,52147,57086,63314,80164,87933,85672,75638,94864,105911,89055,100902,84531,90614,90772,93255,99413,99857,106656,110478
 "40095","Marshall, OK",6,CAINC4,47,"...","Plus: Personal current transfer receipts ","Thousands of dollars",4006,4570,5234,5710,6359,7790,9258,10109,11222,12205,14061,16606,18746,21260,23408,24612,26039,27456,28258,29923,31032,33265,35848,40404,42884,45560,50121,54337,55461,56980,59142,61498,65859,75307,78156,86603,91978,103661,112781,122778,134392,139692,147477,148787,151638,155816,158635,161157,167714,174024,188167,228399,257122,240769
 "40095","Marshall, OK",6,CAINC4,50,"...","Wages and salaries ","Thousands of dollars",6780,7590,8288,9030,10389,11900,12236,14377,16657,20060,23021,25099,29238,32669,33819,34987,36052,35932,36962,39918,43375,47488,51745,58032,61581,68281,71918,72739,75253,80600,87992,92067,94991,101363,106956,115161,121182,130218,141633,147753,131231,135685,143550,155434,160408,167389,158454,158220,163426,176811,194720,195273,214477,246169
 "40095","Marshall, OK",6,CAINC4,60,"...","Supplements to wages and salaries ","Thousands of dollars",720,831,978,1182,1410,1676,1763,2142,2599,3208,3949,4282,5327,6078,6631,6830,7271,7810,7933,9051,10050,11413,13123,16047,17660,18535,17957,17467,17157,18026,19207,21224,23880,26564,28555,31803,33795,34044,36230,36401,32882,36038,38284,39791,42116,44117,43214,42029,42892,46093,48565,47327,51513,55644
 "40095","Marshall, OK",6,CAINC4,61,"..."," Employer contributions for employee pension and insurance funds 8/","Thousands of dollars",439,517,613,753,845,1003,1063,1285,1622,1983,2498,2706,3395,3916,4376,4389,4759,5215,5247,6008,6712,7659,8945,11359,12511,13003,12270,11997,11730,12471,13452,15162,16665,18521,19754,21747,23417,23225,24866,24921,22603,24984,25675,25907,28453,30372,30281,29804,30399,32545,33634,32021,34067,36145
 "40095","Marshall, OK",6,CAINC4,62,"..."," Employer contributions for government social insurance ","Thousands of dollars",281,314,365,429,565,673,700,857,977,1225,1451,1576,1932,2162,2255,2441,2512,2595,2686,3043,3338,3754,4178,4688,5149,5532,5687,5470,5427,5555,5755,6062,7215,8043,8801,10056,10378,10819,11364,11480,10279,11054,12609,13884,13663,13745,12933,12225,12493,13548,14931,15306,17446,19499
 "40095","Marshall, OK",6,CAINC4,70,"...","Proprietors' income 9/","Thousands of dollars",3167,3929,4112,5273,5052,5126,5600,6070,6974,7416,8823,8156,9436,7478,9121,11485,12562,12980,10008,11771,12066,11883,13110,12296,10998,15215,14153,13907,11271,11485,12336,12096,20140,23333,21066,21174,26162,22125,16662,17589,14565,23776,28618,34347,33427,36985,31480,33234,33507,36355,32855,43566,45611,47340
 "40095","Marshall, OK",6,CAINC4,71,"..."," Farm proprietors' income ","Thousands of dollars",241,1097,720,1165,1180,919,1196,934,1018,943,1741,767,2133,-45,4,-104,67,208,-995,-17,390,675,545,627,-486,874,-975,-1492,-2858,-4618,-2964,-1406,-1881,284,-1215,2878,4977,1756,1539,-7805,-6759,-4622,-1448,1483,-917,3600,145,-2890,-4757,-4896,-6257,-5692,-6033,-11613
 "40095","Marshall, OK",6,CAINC4,72,"..."," Nonfarm proprietors' income ","Thousands of dollars",2926,2832,3392,4108,3872,4207,4404,5136,5956,6473,7082,7389,7303,7523,9117,11589,12495,12772,11003,11788,11676,11208,12565,11669,11484,14341,15128,15399,14129,16103,15300,13502,22021,23049,22281,18296,21185,20369,15123,25394,21324,28398,30066,32864,34344,33385,31335,36124,38264,41251,39112,49258,51644,58953
 "40095","Marshall, OK",6,CAINC4,7010,"...","Total employment ","Number of jobs",2824,2892,2875,3081,3176,3249,3223,3387,3526,3776,3849,3761,4016,4133,4093,4140,4104,3972,4087,4257,4415,4666,4790,5020,5169,5401,5636,5631,5789,5874,6018,6092,6083,6072,6158,6408,6538,6663,6762,6829,6368,6472,6587,6874,7160,7105,6823,6608,6573,6752,6925,6716,7046,7499
 "40095","Marshall, OK",6,CAINC4,7020,"..."," Wage and salary employment ","Number of jobs",1826,1847,1834,1969,2085,2171,2114,2231,2354,2613,2686,2587,2791,2891,2836,2854,2803,2714,2724,2876,3055,3252,3300,3542,3660,3842,3931,3858,3953,4096,4306,4350,4323,4345,4366,4564,4602,4706,4702,4777,4377,4361,4510,4607,4775,4819,4535,4373,4313,4519,4763,4508,4738,5086
 "40095","Marshall, OK",6,CAINC4,7040,"..."," Proprietors employment ","Number of jobs",998,1045,1041,1112,1091,1078,1109,1156,1172,1163,1163,1174,1225,1242,1257,1286,1301,1258,1363,1381,1360,1414,1490,1478,1509,1559,1705,1773,1836,1778,1712,1742,1760,1727,1792,1844,1936,1957,2060,2052,1991,2111,2077,2267,2385,2286,2288,2235,2260,2233,2162,2208,2308,2413
 "40097","Mayes, OK",6,CAINC4,10,"...","Personal income (thousands of dollars) ","Thousands of dollars",62639,71852,78465,88286,100586,114946,134673,151109,171005,193317,218350,249621,282003,310520,332484,358508,364443,371153,368172,388849,419557,454300,467596,495798,520161,556777,586440,626570,678167,708531,721653,770163,831625,829919,849102,882340,930860,987004,1089252,1150495,1138185,1172155,1200363,1247317,1271081,1346674,1385701,1370963,1395296,1456697,1517105,1642758,1780634,1773323
 "40097","Mayes, OK",6,CAINC4,11,"..."," Nonfarm personal income 1/","Thousands of dollars",60966,68442,75751,84708,97225,113477,131967,149068,167754,192595,215925,248596,279844,311032,329828,357969,360835,365917,365110,384525,411662,449660,463734,490925,515433,550113,590024,627063,675226,706742,714444,762295,819450,822036,839182,874504,913622,983638,1078281,1156536,1150875,1173718,1197551,1239343,1265345,1327012,1364914,1360850,1380262,1442145,1503832,1631694,1762455,1767039
 "40097","Mayes, OK",6,CAINC4,12,"..."," Farm income 2/","Thousands of dollars",1673,3410,2714,3578,3361,1469,2706,2041,3251,722,2425,1025,2159,-512,2656,539,3608,5236,3062,4324,7895,4640,3862,4873,4728,6664,-3584,-493,2941,1789,7209,7868,12175,7883,9920,7836,17238,3366,10971,-6041,-12690,-1563,2812,7974,5736,19662,20787,10113,15034,14552,13273,11064,18179,6284
 "40097","Mayes, OK",6,CAINC4,20,"...","Population (persons) 3/","Number of persons",22898,23372,23931,24666,25711,26313,28064,29148,29827,30457,31643,32344,32617,33314,34162,34862,34133,33864,33488,33159,33132,33440,33869,34287,34796,35237,35872,36419,36999,37560,38217,38413,38554,38702,39030,39331,39670,40107,40569,40984,41093,41263,41071,40702,40314,40071,39835,39759,39521,39492,39254,39053,39246,39589
 "40097","Mayes, OK",6,CAINC4,30,"...","Per capita personal income (dollars) 4/","Dollars",2736,3074,3279,3579,3912,4368,4799,5184,5733,6347,6900,7718,8646,9321,9733,10284,10677,10960,10994,11727,12663,13586,13806,14460,14949,15801,16348,17204,18329,18864,18883,20050,21570,21444,21755,22434,23465,24609,26849,28072,27698,28407,29227,30645,31530,33607,34786,34482,35305,36886,38648,42065,45371,44793
 "40097","Mayes, OK",6,CAINC4,35,"...","Earnings by place of work ","Thousands of dollars",35137,40204,42805,49572,57078,64922,78306,90446,104313,122366,136322,152199,160796,169491,185426,207956,202072,204759,207218,222149,241006,261368,267672,271340,291137,316410,327603,343070,367460,389791,420082,440362,469322,448239,463832,466775,511369,527782,576213,580999,555803,598275,612924,659137,725885,777621,827150,800303,800075,849925,857930,903463,934862,967810
 "40097","Mayes, OK",6,CAINC4,36,"...","Less: Contributions for government social insurance 5/","Thousands of dollars",2228,2467,2787,3327,4468,5421,6399,7523,8578,10685,12230,14160,15904,17152,18028,21352,20563,20915,21871,24715,26686,29872,31114,31230,34150,37478,40330,40852,42030,45003,47920,49986,51776,49968,51055,53306,59026,62298,67982,69949,67912,70597,66725,72743,88113,90789,94371,93304,94363,104088,106692,111511,113805,122911
 "40097","Mayes, OK",6,CAINC4,37,"..."," Employee and self-employed contributions for government social insurance ","Thousands of dollars",1298,1432,1608,1875,2513,3021,3493,3975,4534,5552,6382,7327,8314,9072,9421,10785,10801,11049,11467,12987,14172,15697,16576,16720,17867,19651,21117,21617,22881,24485,26433,27138,28079,27319,27604,28047,30392,32907,36384,37718,37515,38914,32222,33441,44566,47369,50549,52309,53172,58135,59270,62768,64241,69649
 "40097","Mayes, OK",6,CAINC4,38,"..."," Employer contributions for government social insurance ","Thousands of dollars",930,1035,1179,1452,1955,2400,2906,3548,4044,5133,5848,6833,7590,8080,8607,10567,9762,9866,10404,11728,12514,14175,14538,14510,16283,17827,19213,19235,19149,20518,21487,22848,23697,22649,23451,25259,28634,29391,31598,32231,30397,31683,34503,39302,43547,43420,43822,40995,41191,45953,47422,48743,49564,53262
 "40097","Mayes, OK",6,CAINC4,42,"...","Plus: Adjustment for residence 6/","Thousands of dollars",12921,14355,15299,16941,19155,21703,22325,23736,25754,25748,28341,30341,39913,45097,42706,40469,47397,51009,49884,52094,56452,65524,65120,76496,74872,79758,79831,87231,111623,115435,94655,104779,118941,122986,118104,118991,124346,141154,143820,148375,129454,112322,103237,90593,59318,57429,52612,56363,60335,52973,62168,55713,59639,66203
 "40097","Mayes, OK",6,CAINC4,45,"...","Equals: Net earnings by place of residence ","Thousands of dollars",45830,52092,55317,63186,71765,81204,94232,106659,121489,137429,152433,168380,184805,197436,210104,227073,228906,234853,235231,249528,270772,297020,301678,316606,331859,358690,367104,389449,437053,460223,466817,495155,536487,521257,530881,532460,576689,606638,652051,659425,617345,640000,649436,676987,697090,744261,785391,763362,766047,798810,813406,847665,880696,911102
 "40097","Mayes, OK",6,CAINC4,46,"...","Plus: Dividends, interest, and rent 7/","Thousands of dollars",7470,8941,10327,11323,13239,15404,17664,19617,22572,26847,32040,41112,51078,61086,65852,73556,76835,75982,72434,75246,81433,81115,81306,81754,84406,84633,94705,103756,111267,119588,119656,133727,142085,126490,125735,133649,129777,131394,165496,193322,196839,189778,206870,215421,217829,225559,215544,213158,214471,228886,240123,245353,263050,266734
 "40097","Mayes, OK",6,CAINC4,47,"...","Plus: Personal current transfer receipts ","Thousands of dollars",9339,10819,12821,13777,15582,18338,22777,24833,26944,29041,33877,40129,46120,51998,56528,57879,58702,60318,60507,64075,67352,76165,84612,97438,103896,113454,124631,133365,129847,128720,135180,141281,153053,182172,192486,216231,224394,248972,271705,297748,324001,342377,344057,354909,356162,376854,384766,394443,414778,429001,463576,549740,636888,595487
 "40097","Mayes, OK",6,CAINC4,50,"...","Wages and salaries ","Thousands of dollars",22957,25880,27826,31707,36532,42700,51774,61773,70420,85577,94382,109611,115931,123876,129632,150628,141146,138866,145997,157122,167120,184797,187182,186464,200567,217280,234878,242760,251140,277556,299154,316930,306801,287537,291931,302244,331628,359714,398394,420957,392709,404253,415873,454056,499904,535128,566916,561572,562752,623092,636749,648536,667905,714484
 "40097","Mayes, OK",6,CAINC4,60,"...","Supplements to wages and salaries ","Thousands of dollars",2596,2949,3318,4029,4773,5898,7889,9315,10989,13294,14991,17478,19199,21725,23568,26959,26157,27473,29448,32436,36544,41001,43578,47465,51423,56405,57760,58957,58094,61921,67386,74886,74925,72909,75410,80143,90565,94116,103456,105185,99800,107269,109742,115616,130868,136992,142473,136855,139086,151204,153203,155457,153202,159437
 "40097","Mayes, OK",6,CAINC4,61,"..."," Employer contributions for employee pension and insurance funds 8/","Thousands of dollars",1666,1914,2139,2577,2818,3498,4983,5767,6945,8161,9143,10645,11609,13645,14961,16392,16395,17607,19044,20708,24030,26826,29040,32955,35140,38578,38547,39722,38945,41403,45899,52038,51228,50260,51959,54884,61931,64725,71858,72954,69403,75586,75239,76314,87321,93572,98651,95860,97895,105251,105781,106714,103638,106175
 "40097","Mayes, OK",6,CAINC4,62,"..."," Employer contributions for government social insurance ","Thousands of dollars",930,1035,1179,1452,1955,2400,2906,3548,4044,5133,5848,6833,7590,8080,8607,10567,9762,9866,10404,11728,12514,14175,14538,14510,16283,17827,19213,19235,19149,20518,21487,22848,23697,22649,23451,25259,28634,29391,31598,32231,30397,31683,34503,39302,43547,43420,43822,40995,41191,45953,47422,48743,49564,53262
 "40097","Mayes, OK",6,CAINC4,70,"...","Proprietors' income 9/","Thousands of dollars",9584,11375,11661,13836,15773,16324,18643,19358,22904,23495,26949,25110,25666,23890,32226,30369,34769,38420,31773,32591,37342,35570,36912,37411,39147,42725,34965,41353,58226,50314,53542,48546,87596,87793,96491,84388,89176,73952,74363,54857,63294,86753,87309,89465,95113,105501,117761,101876,98237,75629,67978,99470,113755,93889
 "40097","Mayes, OK",6,CAINC4,71,"..."," Farm proprietors' income ","Thousands of dollars",1239,2934,2277,3099,2862,873,2029,1167,2063,-228,1392,-43,1115,-1691,1557,-505,2605,4356,2230,3370,6852,3413,2656,3753,3523,5568,-4830,-1716,1675,592,5926,6663,10843,6962,8653,5745,14961,905,7109,-11226,-17295,-6656,-3254,-369,-1209,12204,16184,5063,9770,9924,7352,4949,12695,-57
 "40097","Mayes, OK",6,CAINC4,72,"..."," Nonfarm proprietors' income ","Thousands of dollars",8345,8441,9384,10737,12911,15451,16614,18191,20841,23723,25557,25153,24551,25581,30669,30874,32164,34064,29543,29221,30490,32157,34256,33658,35624,37157,39795,43069,56551,49722,47616,41883,76753,80831,87838,78643,74215,73047,67254,66083,80589,93409,90563,89834,96322,93297,101577,96813,88467,65705,60626,94521,101060,93946
 "40097","Mayes, OK",6,CAINC4,7010,"...","Total employment ","Number of jobs",7011,7311,7541,8154,8614,9031,9668,10371,10847,11461,11741,11999,11987,12208,12452,12936,12397,12132,12680,13219,13259,13877,13996,13856,14264,14740,15661,16353,15625,15663,16547,16934,17533,16440,16138,16180,16742,17453,18474,18253,17003,16745,17062,17472,18313,18375,18550,18331,18173,19148,18744,18661,18849,19621
 "40097","Mayes, OK",6,CAINC4,7020,"..."," Wage and salary employment ","Number of jobs",4717,4981,5115,5623,6039,6426,6902,7423,7713,8183,8471,8733,8615,8814,8877,9247,8658,8415,8622,9168,9345,9905,9961,9766,10087,10505,11179,11651,10787,11440,12290,12599,12284,11311,10800,10983,11507,12129,12980,12918,11718,11612,11755,12244,13002,13099,13422,13182,12906,13740,13558,13168,13053,13565
 "40097","Mayes, OK",6,CAINC4,7040,"..."," Proprietors employment ","Number of jobs",2294,2330,2426,2531,2575,2605,2766,2948,3134,3278,3270,3266,3372,3394,3575,3689,3739,3717,4058,4051,3914,3972,4035,4090,4177,4235,4482,4702,4838,4223,4257,4335,5249,5129,5338,5197,5235,5324,5494,5335,5285,5133,5307,5228,5311,5276,5128,5149,5267,5408,5186,5493,5796,6056
 "40099","Murray, OK",6,CAINC4,10,"...","Personal income (thousands of dollars) ","Thousands of dollars",27589,31244,33664,34559,37582,42988,47289,52128,56690,63782,72559,89727,109112,122725,125556,130657,136110,132694,129972,135135,143437,146999,158172,169127,176796,184532,194579,201480,210386,218552,222179,238584,253261,261503,268336,289630,327587,356372,382642,420375,439985,470158,505550,531126,537773,567245,583211,545654,568851,594435,613602,636829,674119,679696
 "40099","Murray, OK",6,CAINC4,11,"..."," Nonfarm personal income 1/","Thousands of dollars",25189,29153,31562,34055,36643,40678,44824,49702,54801,62194,71416,89361,107081,121894,125705,129966,136000,132182,130119,134796,140925,145398,156572,166272,173425,180738,190262,200227,208696,217882,218502,232432,247253,254246,265342,285595,322807,355292,382673,424978,444818,472526,501715,527527,540528,566163,579454,546501,569046,595471,615166,637677,672907,685155
 "40099","Murray, OK",6,CAINC4,12,"..."," Farm income 2/","Thousands of dollars",2400,2091,2102,504,939,2310,2465,2426,1889,1588,1143,366,2031,831,-149,691,110,512,-147,339,2512,1601,1600,2855,3371,3794,4317,1253,1690,670,3677,6152,6008,7257,2994,4035,4780,1080,-31,-4603,-4833,-2368,3835,3599,-2755,1082,3757,-847,-195,-1036,-1564,-848,1212,-5459
 "40099","Murray, OK",6,CAINC4,20,"...","Population (persons) 3/","Number of persons",11146,10632,10489,10875,10821,10774,10786,10776,10804,10850,12017,12222,12500,13031,13431,13360,12997,12989,12680,12502,12308,11979,12050,12163,12052,12063,12299,12586,12551,12497,12635,12582,12689,12665,12707,12681,12803,12969,12966,13144,13373,13524,13590,13606,13658,13731,13818,13873,13869,13910,14004,13877,13712,13672
 "40099","Murray, OK",6,CAINC4,30,"...","Per capita personal income (dollars) 4/","Dollars",2475,2939,3209,3178,3473,3990,4384,4837,5247,5879,6038,7341,8729,9418,9348,9780,10472,10216,10250,10809,11654,12271,13126,13905,14669,15297,15821,16008,16762,17488,17584,18962,19959,20648,21117,22840,25587,27479,29511,31982,32901,34765,37200,39036,39374,41311,42207,39332,41016,42734,43816,45891,49163,49714
 "40099","Murray, OK",6,CAINC4,35,"...","Earnings by place of work ","Thousands of dollars",19036,21490,22673,22771,24116,26566,28218,31092,32292,36453,40348,53814,68988,76513,72150,72580,76978,72251,72211,75434,77529,79445,89082,92122,98633,101596,105124,104530,110392,116927,116493,125379,127954,133719,136458,151329,177215,200172,211831,231319,247990,267549,285546,299990,305675,324886,342918,295334,315868,332793,339703,321947,332155,349488
 "40099","Murray, OK",6,CAINC4,36,"...","Less: Contributions for government social insurance 5/","Thousands of dollars",1115,1317,1426,1596,1928,2079,2174,2419,2586,3041,3563,4932,6698,7638,7100,7163,7927,7546,7627,8522,8684,9043,10351,10503,11236,11688,12385,12377,12886,13466,13329,14066,14019,14707,15340,17113,19800,22639,24402,26753,29418,30284,28469,30225,34454,35172,36677,32801,35333,37654,38565,38304,39320,43506
 "40099","Murray, OK",6,CAINC4,37,"..."," Employee and self-employed contributions for government social insurance ","Thousands of dollars",648,752,817,905,1097,1195,1242,1336,1437,1675,1952,2595,3484,4004,3706,3730,4192,4015,4118,4638,4867,5000,5714,5836,6161,6427,6684,6692,6989,7423,7434,7699,7820,8175,8388,9125,10548,12116,13186,14349,15787,16343,13584,14050,17805,18629,19759,18528,20036,21510,22081,21686,22301,24750
 "40099","Murray, OK",6,CAINC4,38,"..."," Employer contributions for government social insurance ","Thousands of dollars",467,565,609,691,831,884,932,1083,1149,1366,1611,2337,3214,3634,3394,3433,3735,3531,3509,3884,3817,4043,4637,4667,5075,5261,5701,5685,5897,6043,5895,6367,6199,6532,6952,7988,9252,10523,11216,12404,13631,13941,14885,16175,16649,16543,16918,14273,15297,16144,16484,16618,17019,18756
 "40099","Murray, OK",6,CAINC4,42,"...","Plus: Adjustment for residence 6/","Thousands of dollars",941,1079,1139,1297,1788,2561,3058,3476,4927,6226,8230,7454,6605,6318,6939,9426,8706,9418,8909,9010,10511,11795,11528,13947,15770,17882,18926,21174,22424,24172,26253,28628,32246,32580,34265,35046,35402,35976,37816,37976,35992,38873,44320,47589,50348,54158,52393,60611,58669,60377,61981,63600,65702,70918
 "40099","Murray, OK",6,CAINC4,45,"...","Equals: Net earnings by place of residence ","Thousands of dollars",18862,21252,22386,22472,23976,27048,29102,32149,34633,39638,45015,56336,68895,75193,71989,74843,77757,74123,73493,75922,79356,82197,90259,95566,103167,107790,111665,113327,119930,127633,129417,139941,146181,151592,155383,169262,192817,213509,225245,242542,254564,276138,301397,317354,321569,343872,358634,323144,339204,355516,363119,347243,358537,376900
 "40099","Murray, OK",6,CAINC4,46,"...","Plus: Dividends, interest, and rent 7/","Thousands of dollars",3603,4228,4868,5239,6121,7073,7678,8550,9847,11198,12921,16720,21032,25419,29165,30887,32163,30197,28219,29365,32088,31610,31306,31381,31087,32004,33952,36670,39853,39886,39671,43766,46618,43043,43588,49136,57699,60292,69854,79230,77649,81203,88111,92804,95324,96063,98126,91001,92634,97662,99341,104731,109494,112060
 "40099","Murray, OK",6,CAINC4,47,"...","Plus: Personal current transfer receipts ","Thousands of dollars",5124,5764,6410,6848,7485,8867,10509,11429,12210,12946,14623,16671,19185,22113,24402,24927,26190,28374,28260,29848,31993,33192,36607,42180,42542,44738,48962,51483,50603,51033,53091,54877,60462,66868,69365,71232,77071,82571,87543,98603,107772,112817,116042,120968,120880,127310,126451,131509,137013,141257,151142,184855,206088,190736
 "40099","Murray, OK",6,CAINC4,50,"...","Wages and salaries ","Thousands of dollars",11920,14495,14689,15554,16245,16593,17143,19288,20624,23327,26606,37972,49674,56277,52161,50839,55498,51272,50889,53460,52538,54635,61555,61423,64167,64475,68492,69538,73062,76643,77567,82765,81869,84326,88173,98295,115496,134164,145643,165340,181568,186000,188969,202922,208147,217495,228082,199781,214629,226869,234522,224319,235171,258097
 "40099","Murray, OK",6,CAINC4,60,"...","Supplements to wages and salaries ","Thousands of dollars",1277,1570,1744,1984,2189,2321,2570,2940,3209,3770,4357,6405,8543,10030,9766,9570,10565,10293,10454,11423,11704,12363,14505,15601,16818,17291,17999,18462,19177,19961,20033,21857,21508,22474,24630,28796,33936,38639,42115,46739,49769,54650,55691,56166,61244,65637,69684,58854,61933,65560,64802,61753,60673,63490
 "40099","Murray, OK",6,CAINC4,61,"..."," Employer contributions for employee pension and insurance funds 8/","Thousands of dollars",810,1005,1135,1293,1358,1437,1638,1857,2060,2404,2746,4068,5329,6396,6372,6137,6830,6762,6945,7539,7887,8320,9868,10934,11743,12030,12298,12777,13280,13918,14138,15490,15309,15942,17678,20808,24684,28116,30899,34335,36138,40709,40806,39991,44595,49094,52766,44581,46636,49416,48318,45135,43654,44734
 "40099","Murray, OK",6,CAINC4,62,"..."," Employer contributions for government social insurance ","Thousands of dollars",467,565,609,691,831,884,932,1083,1149,1366,1611,2337,3214,3634,3394,3433,3735,3531,3509,3884,3817,4043,4637,4667,5075,5261,5701,5685,5897,6043,5895,6367,6199,6532,6952,7988,9252,10523,11216,12404,13631,13941,14885,16175,16649,16543,16918,14273,15297,16144,16484,16618,17019,18756
 "40099","Murray, OK",6,CAINC4,70,"...","Proprietors' income 9/","Thousands of dollars",5839,5425,6240,5233,5682,7652,8505,8864,8459,9356,9385,9437,10771,10206,10223,12171,10915,10686,10868,10551,13287,12447,13022,15098,17648,19830,18633,16530,18153,20323,18893,20757,24577,26919,23655,24238,27783,27369,24073,19240,16653,26899,40886,40902,36284,41754,45152,36699,39306,40364,40379,35875,36311,27901
 "40099","Murray, OK",6,CAINC4,71,"..."," Farm proprietors' income ","Thousands of dollars",1683,1368,1494,-104,345,1675,1854,1746,1076,1014,542,-234,1458,215,-833,-71,-747,-369,-1119,-692,1474,454,541,1909,2349,2857,3243,197,588,-426,2443,4953,4643,6282,1928,2621,3502,-74,-1574,-7005,-7151,-5079,486,-1155,-6715,-3165,1131,-3717,-3188,-3678,-4937,-4333,-1908,-9062
 "40099","Murray, OK",6,CAINC4,72,"..."," Nonfarm proprietors' income ","Thousands of dollars",4156,4057,4746,5337,5337,5977,6651,7118,7383,8342,8843,9671,9313,9991,11056,12242,11662,11055,11987,11243,11813,11993,12481,13189,15299,16973,15390,16333,17565,20749,16450,15804,19934,20637,21727,21617,24281,27443,25647,26245,23804,31978,40400,42057,42999,44919,44021,40416,42494,44042,45316,40208,38219,36963
 "40099","Murray, OK",6,CAINC4,7010,"...","Total employment ","Number of jobs",3939,4065,4013,4096,4138,4007,3889,3918,3941,4021,4234,4702,5191,5529,5345,5258,5303,4977,5052,5196,4928,4927,5263,5136,5281,5370,5622,5660,5804,5969,5839,6000,5584,5519,5514,5985,6569,7150,7389,7717,7980,7917,7894,8175,8219,8351,8506,8129,8109,8243,8012,7611,7642,7982
 "40099","Murray, OK",6,CAINC4,7020,"..."," Wage and salary employment ","Number of jobs",2836,2975,2876,2926,2955,2843,2705,2729,2726,2804,2982,3411,3857,4043,3694,3576,3614,3386,3398,3636,3452,3425,3713,3670,3713,3756,3931,3947,4021,4035,3894,4018,3841,3807,3778,4238,4764,5330,5466,5718,6055,5936,5882,6111,6092,6249,6354,5788,5897,6065,5988,5544,5488,5733
 "40099","Murray, OK",6,CAINC4,7040,"..."," Proprietors employment ","Number of jobs",1103,1090,1137,1170,1183,1164,1184,1189,1215,1217,1252,1291,1334,1486,1651,1682,1689,1591,1654,1560,1476,1502,1550,1466,1568,1614,1691,1713,1783,1934,1945,1982,1743,1712,1736,1747,1805,1820,1923,1999,1925,1981,2012,2064,2127,2102,2152,2341,2212,2178,2024,2067,2154,2249
 "40101","Muskogee, OK",6,CAINC4,10,"...","Personal income (thousands of dollars) ","Thousands of dollars",172317,190871,208452,228119,253884,292650,322750,365075,406713,434858,485478,548345,614754,659069,701422,750352,785684,805569,799138,821432,867314,903850,933001,981361,1011442,1081810,1102275,1178374,1218939,1272030,1328024,1385136,1494428,1585742,1633321,1680604,1786950,1911256,2011666,2094777,2100938,2166277,2219560,2247800,2282975,2326967,2408851,2392168,2438815,2465892,2563440,2782374,2969645,2967800
 "40101","Muskogee, OK",6,CAINC4,11,"..."," Nonfarm personal income 1/","Thousands of dollars",169154,187089,204260,225111,245730,286869,320155,360706,399798,435946,484550,547458,605601,656160,696250,746844,781111,792438,789609,812129,854761,896850,926105,974175,1004915,1071032,1100777,1174896,1217084,1276671,1328002,1390052,1499461,1579287,1631008,1671771,1778836,1913533,2003937,2101273,2106914,2169025,2225131,2239646,2277104,2314447,2403377,2395060,2442280,2470485,2566197,2780669,2971176,2987570
 "40101","Muskogee, OK",6,CAINC4,12,"..."," Farm income 2/","Thousands of dollars",3163,3782,4192,3008,8154,5781,2595,4369,6915,-1088,928,887,9153,2909,5172,3508,4573,13131,9529,9303,12553,7000,6896,7186,6527,10778,1498,3478,1855,-4641,22,-4916,-5033,6455,2313,8833,8114,-2277,7729,-6496,-5976,-2748,-5571,8154,5871,12520,5474,-2892,-3465,-4593,-2757,1705,-1531,-19770
 "40101","Muskogee, OK",6,CAINC4,20,"...","Population (persons) 3/","Number of persons",60348,59570,59996,60022,60892,61241,62187,64092,65437,65950,65800,67188,67684,68169,70265,70692,70264,69760,69527,68346,67840,68153,68424,68758,68889,69241,69217,69271,69231,69470,69413,69418,69428,69334,69666,69592,69806,69958,70119,70050,70677,71086,70591,70217,69728,69144,68599,68136,68052,67258,66784,66241,66255,66354
 "40101","Muskogee, OK",6,CAINC4,30,"...","Per capita personal income (dollars) 4/","Dollars",2855,3204,3474,3801,4169,4779,5190,5696,6215,6594,7378,8161,9083,9668,9983,10614,11182,11548,11494,12019,12785,13262,13636,14273,14682,15624,15925,17011,17607,18310,19132,19954,21525,22871,23445,24149,25599,27320,28689,29904,29726,30474,31443,32012,32741,33654,35115,35109,35838,36663,38384,42004,44821,44727
 "40101","Muskogee, OK",6,CAINC4,35,"...","Earnings by place of work ","Thousands of dollars",130735,144130,156010,174428,195114,225180,242316,284620,320683,338386,374212,414505,458717,487693,517887,559086,587881,608191,600607,608987,642195,680030,701527,737242,766568,808928,811998,885099,920649,967249,1031120,1064081,1134154,1200485,1203770,1243237,1324801,1392545,1433646,1467338,1487834,1584624,1635862,1668804,1719317,1762000,1842634,1800510,1809608,1830210,1968876,1981600,2042396,2129306
 "40101","Muskogee, OK",6,CAINC4,36,"...","Less: Contributions for government social insurance 5/","Thousands of dollars",8534,9212,10228,12052,15175,18432,19644,23705,26415,29285,33454,37251,43164,47235,50022,55378,59668,62352,62778,66962,71350,77527,81827,85488,90067,95219,97779,104520,109074,115021,122242,125382,132402,140235,141174,145973,155311,162677,169010,172403,177761,185700,174567,180387,205454,207521,214311,208269,213672,220098,237535,242552,249530,266141
 "40101","Muskogee, OK",6,CAINC4,37,"..."," Employee and self-employed contributions for government social insurance ","Thousands of dollars",4590,4943,5479,6301,7917,9439,10072,11725,13055,14435,16630,18551,21737,23944,25106,27362,30156,31623,31840,34499,37238,40039,42347,44217,45776,48779,50016,53407,55843,58877,63201,64471,68347,71876,71425,73039,78041,82260,86535,88657,91901,96067,77955,78812,101657,104451,110103,111306,114541,118622,127375,131333,134330,145398
 "40101","Muskogee, OK",6,CAINC4,38,"..."," Employer contributions for government social insurance ","Thousands of dollars",3944,4269,4749,5751,7258,8993,9572,11980,13360,14850,16824,18700,21427,23291,24916,28016,29512,30729,30938,32463,34112,37488,39480,41271,44291,46440,47763,51113,53231,56144,59041,60911,64055,68359,69749,72934,77270,80417,82475,83746,85860,89633,96612,101575,103797,103070,104208,96963,99131,101476,110160,111219,115200,120743
 "40101","Muskogee, OK",6,CAINC4,42,"...","Plus: Adjustment for residence 6/","Thousands of dollars",-1189,-2209,-3671,-5466,-5957,-9277,-10101,-15636,-18685,-18925,-20146,-24232,-25699,-31863,-36236,-42786,-47721,-49006,-51062,-50709,-53932,-60481,-64987,-71530,-77396,-81615,-83972,-97562,-105498,-117691,-134957,-142046,-140718,-144607,-138287,-141347,-147908,-145589,-146428,-166977,-187416,-262267,-304645,-302984,-304379,-339074,-362076,-345759,-363784,-362462,-452046,-424971,-422123,-454219
 "40101","Muskogee, OK",6,CAINC4,45,"...","Equals: Net earnings by place of residence ","Thousands of dollars",121012,132709,142111,156910,173982,197471,212571,245279,275583,290176,320612,353022,389854,408595,431629,460922,480492,496833,486767,491316,516913,542022,554713,580224,599105,632094,630247,683017,706077,734537,773921,796653,861034,915643,924309,955917,1021582,1084279,1118208,1127958,1122657,1136657,1156650,1185433,1209484,1215405,1266247,1246482,1232152,1247650,1279295,1314077,1370743,1408946
 "40101","Muskogee, OK",6,CAINC4,46,"...","Plus: Dividends, interest, and rent 7/","Thousands of dollars",23764,27104,30739,33024,39052,46220,50166,54598,61201,70145,79716,96056,113636,129600,140470,155219,163187,162026,158738,166744,180325,180704,177476,176953,178476,202968,206514,215298,227826,242321,246120,273955,282290,288466,301954,288957,311868,331485,365873,387184,355261,370505,399277,387435,384634,412919,413718,398059,426367,421631,433016,442420,439914,449583
 "40101","Muskogee, OK",6,CAINC4,47,"...","Plus: Personal current transfer receipts ","Thousands of dollars",27541,31058,35602,38185,40850,48959,60013,65198,69929,74537,85150,99267,111264,120874,129323,134211,142005,146710,153633,163372,170076,181124,200812,224184,233861,246748,265514,280059,285036,295172,307983,314528,351104,381633,407058,435730,453500,495492,527585,579635,623020,659115,663633,674932,688857,698643,728886,747627,780296,796611,851129,1025877,1158988,1109271
 "40101","Muskogee, OK",6,CAINC4,50,"...","Wages and salaries ","Thousands of dollars",98802,109142,115821,130824,142117,166189,178813,213069,235036,253981,279671,313947,341506,371996,387563,416158,439540,442156,444860,448179,466354,497818,515995,537107,556385,573563,586714,637554,678710,729160,786415,812457,843854,875640,876393,889498,941577,1000555,1037219,1071390,1086258,1134140,1164804,1202452,1220532,1252582,1307050,1271897,1298291,1329039,1454617,1430738,1465362,1564919
 "40101","Muskogee, OK",6,CAINC4,60,"...","Supplements to wages and salaries ","Thousands of dollars",11640,13507,15683,18649,20960,25035,28754,33741,38810,42530,48079,54743,60397,67816,73386,78995,85164,89598,90101,91952,100740,110073,117861,129861,138065,143395,143732,154320,159540,171573,183822,197505,209556,224501,230743,242343,259543,265522,269908,274863,290319,322109,330117,324876,343905,355220,366110,357370,364177,376092,400899,402129,401977,413216
 "40101","Muskogee, OK",6,CAINC4,61,"..."," Employer contributions for employee pension and insurance funds 8/","Thousands of dollars",7696,9238,10934,12898,13702,16042,19182,21761,25450,27680,31255,36043,38970,44525,48470,50979,55652,58869,59163,59489,66628,72585,78381,88590,93774,96955,95969,103207,106309,115429,124781,136594,145501,156142,160994,169409,182273,185105,187433,191117,204459,232476,233505,223301,240108,252150,261902,260407,265046,274616,290739,290910,286777,292473
 "40101","Muskogee, OK",6,CAINC4,62,"..."," Employer contributions for government social insurance ","Thousands of dollars",3944,4269,4749,5751,7258,8993,9572,11980,13360,14850,16824,18700,21427,23291,24916,28016,29512,30729,30938,32463,34112,37488,39480,41271,44291,46440,47763,51113,53231,56144,59041,60911,64055,68359,69749,72934,77270,80417,82475,83746,85860,89633,96612,101575,103797,103070,104208,96963,99131,101476,110160,111219,115200,120743
 "40101","Muskogee, OK",6,CAINC4,70,"...","Proprietors' income 9/","Thousands of dollars",20293,21481,24506,24955,32037,33956,34749,37810,46837,41875,46462,45815,56814,47881,56938,63933,63177,76437,65646,68856,75101,72139,67671,70274,72118,91970,81552,93225,82399,66516,60883,54119,80744,100344,96634,111396,123681,126468,126519,121085,111257,128375,140941,141476,154880,154198,169474,171243,147140,125079,113360,148733,175057,151171
 "40101","Muskogee, OK",6,CAINC4,71,"..."," Farm proprietors' income ","Thousands of dollars",2000,2519,3050,1766,6856,4251,1079,2618,4756,-2647,-905,-1139,7062,425,2858,1274,2393,11175,7629,7132,10197,4230,4190,4645,3921,8514,-959,1198,-381,-6914,-2592,-7504,-8030,4274,-329,4963,4246,-6125,2030,-12146,-9867,-6163,-8900,4431,2763,9171,3431,-5192,-5856,-6642,-5402,-1023,-4010,-22636
 "40101","Muskogee, OK",6,CAINC4,72,"..."," Nonfarm proprietors' income ","Thousands of dollars",18293,18962,21456,23189,25181,29705,33670,35192,42081,44522,47367,46954,49752,47456,54080,62659,60784,65262,58017,61724,64904,67909,63481,65629,68197,83456,82511,92027,82780,73430,63475,61623,88774,96070,96963,106433,119435,132593,124489,133231,121124,134538,149841,137045,152117,145027,166043,176435,152996,131721,118762,149756,179067,173807
 "40101","Muskogee, OK",6,CAINC4,7010,"...","Total employment ","Number of jobs",23853,23877,24084,25265,25729,26316,26877,28435,29502,30015,30356,30459,30732,31186,31352,31876,31795,31193,31292,31342,31373,32302,32136,32257,33284,33569,34295,35983,37466,38575,39085,39056,39938,40154,39094,39093,39699,39985,40078,39859,39668,39755,40333,40256,40577,40485,40551,40090,40132,39738,40449,39203,39198,39941
 "40101","Muskogee, OK",6,CAINC4,7020,"..."," Wage and salary employment ","Number of jobs",19525,19569,19512,20599,21037,21493,21798,23194,23959,24266,24631,24701,24523,24784,24770,25300,25377,25201,25133,25270,25475,26333,26085,26274,27020,27134,27400,28709,30172,31923,32518,32308,32694,32883,31780,31664,32116,32273,32116,32058,31655,31887,32106,32038,32291,32330,32454,32065,32060,31990,32999,31367,31130,31452
 "40101","Muskogee, OK",6,CAINC4,7040,"..."," Proprietors employment ","Number of jobs",4328,4308,4572,4666,4692,4823,5079,5241,5543,5749,5725,5758,6209,6402,6582,6576,6418,5992,6159,6072,5898,5969,6051,5983,6264,6435,6895,7274,7294,6652,6567,6748,7244,7271,7314,7429,7583,7712,7962,7801,8013,7868,8227,8218,8286,8155,8097,8025,8072,7748,7450,7836,8068,8489
 "40103","Noble, OK",6,CAINC4,10,"...","Personal income (thousands of dollars) ","Thousands of dollars",26913,30703,35693,37851,54459,49978,51041,60625,71794,80368,102387,105770,105161,119118,116692,137097,141330,144945,137951,149812,158213,161938,159453,166311,176158,190715,188130,198100,216069,221449,228192,249194,252159,245735,270113,284053,300552,312323,321864,368235,335071,362997,408651,446396,459481,496747,472566,449212,457336,468580,497897,523482,551739,533241
 "40103","Noble, OK",6,CAINC4,11,"..."," Nonfarm personal income 1/","Thousands of dollars",24744,25641,28815,32300,37600,44452,46679,55654,69148,78522,88282,95593,106217,114640,121321,133526,141135,137153,133372,137709,144740,150742,155055,160718,169388,180507,186790,196226,207897,218148,227708,247018,250425,245614,261100,272802,292267,306954,328650,354868,334861,359964,393756,427844,446646,478565,461235,443872,451984,468038,492069,512823,537154,536800
 "40103","Noble, OK",6,CAINC4,12,"..."," Farm income 2/","Thousands of dollars",2169,5062,6878,5551,16859,5526,4362,4971,2646,1846,14105,10177,-1056,4478,-4629,3571,195,7792,4579,12103,13473,11196,4398,5593,6770,10208,1340,1874,8172,3301,484,2176,1734,121,9013,11251,8285,5369,-6786,13367,210,3033,14895,18552,12835,18182,11331,5340,5352,542,5828,10659,14585,-3559
 "40103","Noble, OK",6,CAINC4,20,"...","Population (persons) 3/","Number of persons",10110,10051,10096,10021,10048,10368,10453,10608,10805,10908,11465,11574,11559,11820,12228,11995,11921,11845,11620,11417,11160,11041,11109,11135,11269,11271,11352,11304,11413,11488,11492,11385,11491,11414,11462,11475,11477,11462,11460,11537,11536,11560,11559,11490,11360,11466,11449,11288,11159,11131,10976,10922,10942,10896
 "40103","Noble, OK",6,CAINC4,30,"...","Per capita personal income (dollars) 4/","Dollars",2662,3055,3535,3777,5420,4820,4883,5715,6645,7368,8930,9139,9098,10078,9543,11430,11856,12237,11872,13122,14177,14667,14353,14936,15632,16921,16572,17525,18932,19277,19857,21888,21944,21529,23566,24754,26187,27249,28086,31918,29046,31401,35353,38851,40447,43323,41276,39796,40984,42097,45362,47929,50424,48939
 "40103","Noble, OK",6,CAINC4,35,"...","Earnings by place of work ","Thousands of dollars",19488,22209,26184,27972,43364,37289,34432,44156,65710,74288,94482,84435,71514,79397,71839,90438,91280,97116,92731,103674,110739,112282,104866,108281,120010,135188,124218,130084,147402,151796,159063,177634,168295,152073,168212,188191,206304,216373,212931,234640,195984,222578,251492,277562,278839,298330,297948,293533,305870,325259,359028,333495,340777,348173
 "40103","Noble, OK",6,CAINC4,36,"...","Less: Contributions for government social insurance 5/","Thousands of dollars",1192,1175,1381,1665,2311,2842,2642,3567,5884,6970,8008,7289,7483,7841,7920,9231,9792,9805,9611,10623,11396,11970,12147,12288,13770,15337,15266,15662,16784,17882,19014,21232,19922,18252,19120,21688,23980,24776,25986,25639,22879,25793,25861,29112,30903,31770,32845,33088,35247,38352,41354,37692,38565,43242
 "40103","Noble, OK",6,CAINC4,37,"..."," Employee and self-employed contributions for government social insurance ","Thousands of dollars",668,669,774,908,1232,1504,1411,1776,2801,3269,3795,3546,3744,3949,3945,4503,4927,4948,4903,5466,5925,6152,6250,6358,6954,7722,7788,8038,8747,9295,9981,10767,10295,9453,9749,10811,12119,12915,13758,13739,12556,13644,11616,12379,15995,16825,17422,18174,19230,20986,22706,21152,21311,23665
 "40103","Noble, OK",6,CAINC4,38,"..."," Employer contributions for government social insurance ","Thousands of dollars",524,506,607,757,1079,1338,1231,1791,3083,3701,4213,3743,3739,3892,3975,4728,4865,4857,4708,5157,5471,5818,5897,5930,6816,7615,7478,7624,8037,8587,9033,10465,9627,8799,9371,10877,11861,11861,12228,11900,10323,12149,14245,16733,14908,14945,15423,14914,16017,17366,18648,16540,17254,19577
 "40103","Noble, OK",6,CAINC4,42,"...","Plus: Adjustment for residence 6/","Thousands of dollars",307,471,519,452,333,180,829,-354,-11117,-12483,-13343,-6903,-3055,-3008,-3624,-4934,-5008,-4472,-4203,-3554,-4173,-3900,-2375,-556,-1842,-3872,-1494,-1264,-2585,-4669,-5862,-7651,-1615,3328,5415,2174,-1174,-1072,965,6358,14711,17955,19418,19063,20804,21405,10630,2139,-4221,-15344,-23979,-8316,-3808,-12130
 "40103","Noble, OK",6,CAINC4,45,"...","Equals: Net earnings by place of residence ","Thousands of dollars",18603,21505,25322,26759,41386,34627,32619,40235,48709,54835,73131,70243,60976,68548,60295,76273,76480,82839,78917,89497,95170,96412,90344,95437,104398,115979,107458,113158,128033,129245,134187,148751,146758,137149,154507,168677,181150,190525,187910,215359,187816,214740,245049,267513,268740,287965,275733,262584,266402,271563,293695,287487,298404,292801
 "40103","Noble, OK",6,CAINC4,46,"...","Plus: Dividends, interest, and rent 7/","Thousands of dollars",4542,5064,5716,6034,7424,8656,10395,11594,13605,15388,17605,22446,28835,33280,37012,40781,43629,39536,35624,35990,38019,38485,39185,38362,38241,39557,41991,44688,49501,53490,53300,58176,57423,56290,58891,55528,55363,52856,61750,72205,62018,60720,75247,89435,100495,115097,98790,85850,88867,91984,90641,97079,94709,97658
 "40103","Noble, OK",6,CAINC4,47,"...","Plus: Personal current transfer receipts ","Thousands of dollars",3768,4134,4655,5058,5649,6695,8027,8796,9480,10145,11651,13081,15350,17290,19385,20043,21221,22570,23410,24325,25024,27041,29924,32512,33519,35179,38681,40254,38535,38714,40705,42267,47978,52296,56715,59848,64039,68942,72204,80671,85237,87537,88355,89448,90246,93685,98043,100778,102067,105033,113561,138916,158626,142782
 "40103","Noble, OK",6,CAINC4,50,"...","Wages and salaries ","Thousands of dollars",13402,13177,14597,16831,20276,24531,22528,30363,51070,58306,64501,58682,56831,58435,58809,66704,69532,66986,65053,68417,72686,75716,75571,76281,84175,93250,92893,96793,105874,115802,125082,137892,126055,110862,116170,130862,146412,155381,164486,163595,139865,152989,166739,186486,193506,204326,209268,211254,224438,243261,266045,234877,237839,263265
 "40103","Noble, OK",6,CAINC4,60,"...","Supplements to wages and salaries ","Thousands of dollars",1433,1464,1727,2147,2647,3242,3254,4366,7391,8600,9660,9106,9466,10489,11033,12389,12945,13173,13728,13795,15654,16836,17717,18979,21529,24173,22359,22666,23124,24853,27037,31498,29687,29017,30243,34283,37945,39328,40415,39537,36877,42193,45330,48063,49225,52423,56333,56808,59307,62772,65814,60712,60710,62669
 "40103","Noble, OK",6,CAINC4,61,"..."," Employer contributions for employee pension and insurance funds 8/","Thousands of dollars",909,958,1120,1390,1568,1904,2023,2575,4308,4899,5447,5363,5727,6597,7058,7661,8080,8316,9020,8638,10183,11018,11820,13049,14713,16558,14881,15042,15087,16266,18004,21033,20060,20218,20872,23406,26084,27467,28187,27637,26554,30044,31085,31330,34317,37478,40910,41894,43290,45406,47166,44172,43456,43092
 "40103","Noble, OK",6,CAINC4,62,"..."," Employer contributions for government social insurance ","Thousands of dollars",524,506,607,757,1079,1338,1231,1791,3083,3701,4213,3743,3739,3892,3975,4728,4865,4857,4708,5157,5471,5818,5897,5930,6816,7615,7478,7624,8037,8587,9033,10465,9627,8799,9371,10877,11861,11861,12228,11900,10323,12149,14245,16733,14908,14945,15423,14914,16017,17366,18648,16540,17254,19577
 "40103","Noble, OK",6,CAINC4,70,"...","Proprietors' income 9/","Thousands of dollars",4653,7568,9860,8994,20441,9516,8650,9427,7249,7382,20321,16647,5217,10473,1997,11345,8803,16957,13950,21462,22399,19730,11578,13021,14306,17765,8966,10625,18404,11141,6944,8244,12553,12194,21799,23046,21947,21664,8030,31508,19242,27396,39423,43013,36108,41581,32347,25471,22125,19226,27169,37906,42228,22239
 "40103","Noble, OK",6,CAINC4,71,"..."," Farm proprietors' income ","Thousands of dollars",1623,4462,6325,4943,16217,4765,3532,3923,1237,772,13013,9124,-2019,3462,-5540,2729,-574,7140,3984,11416,12717,10300,3512,4763,5830,9309,270,781,6994,2104,-892,816,159,-1027,7795,9682,6924,4169,-8302,11520,-1338,1424,13046,16105,10793,15991,9985,3854,3805,-811,4097,8877,12984,-5411
 "40103","Noble, OK",6,CAINC4,72,"..."," Nonfarm proprietors' income ","Thousands of dollars",3030,3106,3535,4051,4224,4751,5118,5504,6012,6610,7308,7523,7236,7011,7537,8616,9377,9817,9966,10046,9682,9430,8066,8258,8476,8456,8696,9844,11410,9037,7836,7428,12394,13221,14004,13364,15023,17495,16332,19988,20580,25972,26377,26908,25315,25590,22362,21617,18320,20037,23072,29029,29244,27650
 "40103","Noble, OK",6,CAINC4,7010,"...","Total employment ","Number of jobs",4744,4623,4501,4892,4928,5209,4877,5107,6289,6473,6357,5835,5674,5706,5793,6076,6117,5887,5753,5655,5862,5931,5979,5782,5883,6143,6232,6391,6594,6626,6536,6712,6514,6242,6052,6098,6380,6630,6719,6700,6450,6463,6634,6863,7002,7108,7178,7383,7346,7232,7146,6849,7022,7465
 "40103","Noble, OK",6,CAINC4,7020,"..."," Wage and salary employment ","Number of jobs",2842,2667,2653,2843,3067,3325,3083,3494,4665,4861,4738,4198,3942,3987,3827,4063,4057,3914,3662,3618,3866,3935,3960,3835,3894,4139,4198,4323,4507,4653,4558,4716,4478,4298,4116,4175,4408,4634,4689,4597,4361,4309,4478,4684,4773,4887,4914,4985,4970,5012,5062,4720,4776,5126
 "40103","Noble, OK",6,CAINC4,7040,"..."," Proprietors employment ","Number of jobs",1902,1956,1848,2049,1861,1884,1794,1613,1624,1612,1619,1637,1732,1719,1966,2013,2060,1973,2091,2037,1996,1996,2019,1947,1989,2004,2034,2068,2087,1973,1978,1996,2036,1944,1936,1923,1972,1996,2030,2103,2089,2154,2156,2179,2229,2221,2264,2398,2376,2220,2084,2129,2246,2339
 "40105","Nowata, OK",6,CAINC4,10,"...","Personal income (thousands of dollars) ","Thousands of dollars",27044,30398,31249,34849,38545,40001,47805,53674,58625,67181,78840,97581,113792,111808,107901,110608,115134,111561,110176,112946,123723,128463,133344,138611,137761,142149,144685,149457,166463,167353,167895,181226,197634,203202,208242,220957,234278,252769,278643,294751,293651,307272,327245,340261,351361,363327,372375,346984,354033,367201,374005,396179,415474,418921
 "40105","Nowata, OK",6,CAINC4,11,"..."," Nonfarm personal income 1/","Thousands of dollars",25321,27174,28530,31188,34519,39356,46216,51574,58314,67733,75520,91790,108656,107978,106145,113007,114613,110759,111758,114401,121727,129864,131625,136243,136382,140856,146928,152527,164417,167402,167822,179853,196685,201544,210730,220747,233112,252083,278425,299999,297892,309097,324308,330923,344833,345622,357964,344302,352833,367093,375167,396354,416842,429073
 "40105","Nowata, OK",6,CAINC4,12,"..."," Farm income 2/","Thousands of dollars",1723,3224,2719,3661,4026,645,1589,2100,311,-552,3320,5791,5136,3830,1756,-2399,521,802,-1582,-1455,1996,-1401,1719,2368,1379,1293,-2243,-3070,2046,-49,73,1373,949,1658,-2488,210,1166,686,218,-5248,-4241,-1825,2937,9338,6528,17705,14411,2682,1200,108,-1162,-175,-1368,-10152
 "40105","Nowata, OK",6,CAINC4,20,"...","Population (persons) 3/","Number of persons",9948,9815,10032,10172,10286,10360,10584,10628,10716,10840,11116,11569,11883,11970,11877,11517,11138,10876,10538,10389,10166,9956,9935,9944,9984,9945,10107,10124,10221,10350,10489,10583,10593,10561,10802,10629,10666,10705,10771,10788,10595,10503,10519,10423,10291,10161,10094,9908,9752,9645,9414,9322,9387,9483
 "40105","Nowata, OK",6,CAINC4,30,"...","Per capita personal income (dollars) 4/","Dollars",2719,3097,3115,3426,3747,3861,4517,5050,5471,6198,7092,8435,9576,9341,9085,9604,10337,10258,10455,10872,12170,12903,13422,13939,13798,14294,14315,14763,16286,16169,16007,17124,18657,19241,19278,20788,21965,23612,25870,27322,27716,29256,31110,32645,34143,35757,36891,35021,36304,38072,39729,42499,44261,44176
 "40105","Nowata, OK",6,CAINC4,35,"...","Earnings by place of work ","Thousands of dollars",12808,14753,14447,16821,17481,15512,18722,22147,23419,27063,34220,45936,53555,44738,40381,38985,41349,37875,36809,37960,44305,42591,47571,50382,51182,52780,51093,52119,60017,60625,57811,61938,69447,74907,71343,75793,80756,83351,83922,79627,79731,87039,94863,99870,99421,113030,112836,98090,103603,107547,112581,121837,129514,133468
 "40105","Nowata, OK",6,CAINC4,36,"...","Less: Contributions for government social insurance 5/","Thousands of dollars",761,798,840,945,1111,1238,1389,1654,1893,2301,2654,3520,4587,4054,3709,4089,4133,3933,4053,4514,4955,5159,5625,5880,6158,6488,6809,6853,7143,7378,7163,7481,8180,8776,8848,9263,9879,10299,10859,10960,10932,11308,10945,10952,12131,12041,12367,12455,13363,14470,15317,16975,17737,19863
 "40105","Nowata, OK",6,CAINC4,37,"..."," Employee and self-employed contributions for government social insurance ","Thousands of dollars",457,482,511,569,674,754,834,945,1084,1302,1504,1952,2516,2257,2078,2260,2369,2241,2361,2673,3025,3047,3301,3445,3579,3754,3967,4000,4142,4322,4292,4399,4824,5117,5108,5308,5654,6104,6543,6638,6775,7047,6211,6079,7184,7385,7659,8013,8595,9337,9728,10548,11064,12488
 "40105","Nowata, OK",6,CAINC4,38,"..."," Employer contributions for government social insurance ","Thousands of dollars",304,316,329,376,437,484,555,709,809,999,1150,1568,2071,1797,1631,1829,1764,1692,1692,1841,1930,2112,2324,2435,2579,2734,2842,2853,3001,3056,2871,3082,3356,3659,3740,3955,4225,4195,4316,4322,4157,4261,4734,4873,4947,4656,4708,4442,4768,5133,5589,6427,6673,7375
 "40105","Nowata, OK",6,CAINC4,42,"...","Plus: Adjustment for residence 6/","Thousands of dollars",6934,7278,7402,7980,9256,10624,12709,14079,16468,19290,21023,23657,26826,27126,25766,27870,28342,27494,27755,29170,30871,34935,35599,36684,35877,37222,37892,38310,40813,44031,46021,49113,53828,54747,59792,63170,68649,79787,90918,96128,90274,93847,98964,106278,114019,119159,115294,107182,102469,107436,105332,94112,93751,103989
 "40105","Nowata, OK",6,CAINC4,45,"...","Equals: Net earnings by place of residence ","Thousands of dollars",18981,21233,21009,23856,25626,24898,30042,34572,37994,44052,52589,66073,75794,67810,62438,62766,65558,61436,60511,62616,70221,72367,77545,81186,80901,83514,82176,83576,93687,97278,96669,103570,115095,120878,122287,129700,139526,152839,163981,164795,159073,169578,182882,195196,201309,220148,215763,192817,192709,200513,202596,198974,205528,217594
 "40105","Nowata, OK",6,CAINC4,46,"...","Plus: Dividends, interest, and rent 7/","Thousands of dollars",3593,4113,4610,4981,6177,7308,8614,9019,9990,11640,13460,17221,21554,25164,25201,26923,27605,26954,25607,25452,27716,28798,26588,25422,24159,24251,26058,26517,29866,30356,30830,35150,35612,30760,31457,31773,33536,33174,40588,49756,46583,46705,52501,50483,53897,52532,56822,53417,57329,59687,61271,62121,55617,56544
 "40105","Nowata, OK",6,CAINC4,47,"...","Plus: Personal current transfer receipts ","Thousands of dollars",4470,5052,5630,6012,6742,7795,9149,10083,10641,11489,12791,14287,16444,18834,20262,20919,21971,23171,24058,24878,25786,27298,29211,32003,32701,34384,36451,39364,42910,39719,40396,42506,46927,51564,54498,59484,61216,66756,74074,80200,87995,90989,91862,94582,96155,90647,99790,100750,103995,107001,110138,135084,154329,144783
 "40105","Nowata, OK",6,CAINC4,50,"...","Wages and salaries ","Thousands of dollars",7222,7653,7435,8012,8139,8616,9929,12450,14437,17345,19589,27222,34100,28149,25080,26678,26088,24470,24362,25295,26618,28306,30710,31922,32654,33846,35186,36185,38890,40425,38902,41436,43053,45489,45374,46957,49500,51664,54690,56556,54046,55480,57130,56637,57436,58264,60659,60426,65234,70510,76325,84631,88716,99013
 "40105","Nowata, OK",6,CAINC4,60,"...","Supplements to wages and salaries ","Thousands of dollars",800,868,906,1082,1119,1198,1487,1927,2404,2988,3458,4887,6310,5258,4798,5148,5093,4992,5232,5512,6158,6735,7432,8513,8789,9319,9064,9120,9664,9953,9733,10679,10929,12003,12357,13181,14115,13806,14511,14788,14520,15819,16359,15746,16655,17016,17750,17082,17866,19458,19867,21365,21273,22564
 "40105","Nowata, OK",6,CAINC4,61,"..."," Employer contributions for employee pension and insurance funds 8/","Thousands of dollars",496,552,577,706,682,714,932,1218,1595,1989,2308,3319,4239,3461,3167,3319,3329,3300,3540,3671,4228,4623,5108,6078,6210,6585,6222,6267,6663,6897,6862,7597,7573,8344,8617,9226,9890,9611,10195,10466,10363,11558,11625,10873,11708,12360,13042,12640,13098,14325,14278,14938,14600,15189
 "40105","Nowata, OK",6,CAINC4,62,"..."," Employer contributions for government social insurance ","Thousands of dollars",304,316,329,376,437,484,555,709,809,999,1150,1568,2071,1797,1631,1829,1764,1692,1692,1841,1930,2112,2324,2435,2579,2734,2842,2853,3001,3056,2871,3082,3356,3659,3740,3955,4225,4195,4316,4322,4157,4261,4734,4873,4947,4656,4708,4442,4768,5133,5589,6427,6673,7375
 "40105","Nowata, OK",6,CAINC4,70,"...","Proprietors' income 9/","Thousands of dollars",4786,6232,6106,7727,8223,5698,7306,7770,6578,6730,11173,13827,13145,11331,10503,7159,10168,8413,7215,7153,11529,7550,9429,9947,9739,9615,6843,6814,11463,10247,9176,9823,15465,17415,13612,15655,17141,17881,14721,8283,11165,15740,21374,27487,25330,37750,34427,20582,20503,17579,16389,15841,19525,11891
 "40105","Nowata, OK",6,CAINC4,71,"..."," Farm proprietors' income ","Thousands of dollars",1446,2926,2452,3376,3725,296,1248,1722,-135,-887,2938,5380,4717,3338,1288,-2854,91,420,-1939,-1876,1529,-1962,1157,1828,745,669,-3004,-3875,1160,-896,-852,504,-10,996,-3305,-998,-44,-537,-1584,-7079,-5552,-3005,1751,7958,5375,16469,13652,1844,328,-655,-2140,-1189,-2283,-11211
 "40105","Nowata, OK",6,CAINC4,72,"..."," Nonfarm proprietors' income ","Thousands of dollars",3340,3306,3654,4351,4498,5402,6058,6048,6713,7617,8235,8447,8428,7993,9215,10013,10077,7993,9154,9029,10000,9512,8272,8119,8994,8946,9847,10689,10303,11143,10028,9319,15475,16419,16917,16653,17185,18418,16305,15362,16717,18745,19623,19529,19955,21281,20775,18738,20175,18234,18529,17030,21808,23102
 "40105","Nowata, OK",6,CAINC4,7010,"...","Total employment ","Number of jobs",3152,3087,2946,3069,2966,2914,3037,3200,3421,3572,3650,4148,4481,4144,3935,3936,3850,3625,3752,3703,3718,3815,3882,3848,3870,3946,3976,3931,4133,4178,3990,4001,3964,4002,3967,3992,4006,3931,4045,4028,3928,3864,3851,3909,3910,3913,3953,3869,3796,3760,3763,3771,3843,3987
 "40105","Nowata, OK",6,CAINC4,7020,"..."," Wage and salary employment ","Number of jobs",1866,1786,1656,1732,1653,1594,1678,1816,1936,2006,2024,2443,2741,2329,2069,2065,1983,1885,1955,1950,1967,2060,2109,2141,2101,2121,2096,2102,2244,2265,2115,2108,2069,2119,2081,2099,2100,2057,2107,2116,2035,1976,1973,1955,1945,1936,1957,1879,1895,1976,2012,2009,1998,2081
 "40105","Nowata, OK",6,CAINC4,7040,"..."," Proprietors employment ","Number of jobs",1286,1301,1290,1337,1313,1320,1359,1384,1485,1566,1626,1705,1740,1815,1866,1871,1867,1740,1797,1753,1751,1755,1773,1707,1769,1825,1880,1829,1889,1913,1875,1893,1895,1883,1886,1893,1906,1874,1938,1912,1893,1888,1878,1954,1965,1977,1996,1990,1901,1784,1751,1762,1845,1906
 "40107","Okfuskee, OK",6,CAINC4,10,"...","Personal income (thousands of dollars) ","Thousands of dollars",23733,25701,27987,30632,35550,37714,43026,45383,50358,54884,63393,72779,88354,93595,95998,104963,110340,109509,104284,108334,114716,121223,123063,133133,136132,142089,146075,155952,165470,170851,162720,171991,187580,206001,205795,224335,239496,249958,267274,283710,285397,295153,316935,329252,334542,349874,348298,337276,335634,349506,378303,398177,429697,427129
 "40107","Okfuskee, OK",6,CAINC4,11,"..."," Nonfarm personal income 1/","Thousands of dollars",22058,24214,26710,29255,32419,36067,40880,44455,48788,55383,62913,73250,84870,92209,96205,103102,107117,107848,105643,107699,112267,120681,123030,132145,134754,139083,144938,154333,162744,169746,167185,173723,188750,200816,203972,215521,229355,246203,263436,287097,290753,295223,311635,323510,332912,344813,347433,344902,344779,359767,389074,408176,438727,445492
 "40107","Okfuskee, OK",6,CAINC4,12,"..."," Farm income 2/","Thousands of dollars",1675,1487,1277,1377,3131,1647,2146,928,1570,-499,480,-471,3484,1386,-207,1861,3223,1661,-1359,635,2449,542,33,988,1378,3006,1137,1619,2726,1105,-4465,-1732,-1170,5185,1823,8814,10141,3755,3838,-3387,-5356,-70,5300,5742,1630,5061,865,-7626,-9145,-10261,-10771,-9999,-9030,-18363
 "40107","Okfuskee, OK",6,CAINC4,20,"...","Population (persons) 3/","Number of persons",10821,10682,10723,10934,11188,11169,11370,11356,11288,11391,11417,11195,11455,11732,12281,12114,11957,11974,11901,11790,11500,11581,11374,11379,11402,11389,11537,11632,11753,11833,11762,11841,11858,11817,11912,11925,11867,11895,11981,12008,12094,12217,12266,12213,12124,11944,11832,11759,11694,11612,11473,11271,11196,11134
 "40107","Okfuskee, OK",6,CAINC4,30,"...","Per capita personal income (dollars) 4/","Dollars",2193,2406,2610,2802,3178,3377,3784,3996,4461,4818,5553,6501,7713,7978,7817,8665,9228,9146,8763,9189,9975,10467,10820,11700,11939,12476,12661,13407,14079,14439,13834,14525,15819,17433,17276,18812,20182,21014,22308,23627,23598,24159,25838,26959,27593,29293,29437,28682,28701,30099,32973,35328,38380,38363
 "40107","Okfuskee, OK",6,CAINC4,35,"...","Earnings by place of work ","Thousands of dollars",13401,14206,15207,16915,20499,19793,22324,22458,24805,26162,30406,33668,41624,41811,40747,46871,49746,48824,45121,45556,49835,55195,56590,61092,61620,63993,66288,73447,83629,84311,74792,79667,86565,96357,88531,99774,107763,109414,110823,107745,104282,111232,122323,129279,129687,138733,134285,125608,118575,128297,143854,138082,142518,143508
 "40107","Okfuskee, OK",6,CAINC4,36,"...","Less: Contributions for government social insurance 5/","Thousands of dollars",820,872,975,1146,1472,1594,1744,1865,2005,2363,2772,3181,3791,4124,4052,4503,4754,4873,4916,5196,5684,6491,6994,7386,7492,7765,8521,8884,9672,9822,9615,9700,10373,10771,10211,10692,11544,12191,12991,13285,13691,13418,12693,13310,15033,15508,15472,15441,15298,17027,18874,18419,18492,20247
 "40107","Okfuskee, OK",6,CAINC4,37,"..."," Employee and self-employed contributions for government social insurance ","Thousands of dollars",493,533,589,671,860,935,1014,1059,1152,1342,1559,1772,2103,2297,2249,2484,2703,2782,2843,3082,3422,3723,3981,4206,4251,4347,4713,4975,5475,5637,5586,5629,5890,6131,5858,6102,6524,7125,7625,7803,8140,8100,7026,7101,8590,9006,9167,9633,9694,10752,11708,11642,11811,13076
 "40107","Okfuskee, OK",6,CAINC4,38,"..."," Employer contributions for government social insurance ","Thousands of dollars",327,339,386,475,612,659,730,806,853,1021,1213,1409,1688,1827,1803,2019,2051,2091,2073,2114,2262,2768,3013,3180,3241,3418,3808,3909,4197,4185,4029,4071,4483,4640,4353,4590,5020,5066,5366,5482,5551,5318,5667,6209,6443,6502,6305,5808,5604,6275,7166,6777,6681,7171
 "40107","Okfuskee, OK",6,CAINC4,42,"...","Plus: Adjustment for residence 6/","Thousands of dollars",2789,3058,3426,3823,4331,5050,5413,6417,7574,8965,10119,11911,14293,14717,14934,14954,15120,14525,13850,14750,14290,13566,13959,15141,16032,16339,16039,16504,15809,16870,17456,19275,20896,21563,24019,25455,27725,30068,32472,36073,34660,38021,42816,46528,48787,49700,49849,48815,51310,52131,54266,53484,55886,60806
 "40107","Okfuskee, OK",6,CAINC4,45,"...","Equals: Net earnings by place of residence ","Thousands of dollars",15370,16392,17658,19592,23358,23249,25993,27010,30374,32764,37753,42398,52126,52404,51629,57322,60112,58476,54055,55110,58441,62270,63555,68847,70160,72567,73806,81067,89766,91359,82633,89242,97088,107149,102339,114537,123944,127291,130304,130533,125251,135835,152446,162497,163441,172925,168662,158982,154587,163401,179246,173147,179912,184067
 "40107","Okfuskee, OK",6,CAINC4,46,"...","Plus: Dividends, interest, and rent 7/","Thousands of dollars",3145,3549,3964,4212,4871,5555,6242,6640,7339,8551,9902,12953,16442,19451,21117,23355,24699,23845,21765,22773,24958,25492,23921,24133,24620,25705,25710,26506,27865,29696,29235,30872,34594,32787,33635,34440,35320,36031,44163,52156,51324,49298,56176,54816,54866,59397,61346,57707,56403,59223,59105,58692,61779,63199
 "40107","Okfuskee, OK",6,CAINC4,47,"...","Plus: Personal current transfer receipts ","Thousands of dollars",5218,5760,6365,6828,7321,8910,10791,11733,12645,13569,15738,17428,19786,21740,23252,24286,25529,27188,28464,30451,31317,33461,35587,40153,41352,43817,46559,48379,47839,49796,50852,51877,55898,66065,69821,75358,80232,86636,92807,101021,108822,110020,108313,111939,116235,117552,118290,120587,124644,126882,139952,166338,188006,179863
 "40107","Okfuskee, OK",6,CAINC4,50,"...","Wages and salaries ","Thousands of dollars",7642,8158,8841,10178,11221,11515,12776,13776,14930,17139,19762,23076,26377,28312,27991,29797,30338,30142,29780,28946,30821,36572,39364,40933,40312,41203,44968,47944,52507,54062,53530,54428,58281,59702,55724,57761,59745,63446,68301,72340,73334,69207,70001,74784,77430,82512,81927,80942,77743,87505,100869,90279,91095,97984
 "40107","Okfuskee, OK",6,CAINC4,60,"...","Supplements to wages and salaries ","Thousands of dollars",865,967,1133,1385,1584,1651,1937,2051,2247,2637,3041,3618,4281,4738,5043,5575,5879,6029,5995,6043,6914,8442,9260,10500,10523,11097,11843,12151,12908,13102,13014,13645,15276,16087,15801,17023,18156,18636,20146,20649,20617,21536,21499,21383,23682,25249,25600,24901,24033,26356,27969,26239,24801,25196
 "40107","Okfuskee, OK",6,CAINC4,61,"..."," Employer contributions for employee pension and insurance funds 8/","Thousands of dollars",538,628,747,910,972,992,1207,1245,1394,1616,1828,2209,2593,2911,3240,3556,3828,3938,3922,3929,4652,5674,6247,7320,7282,7679,8035,8242,8711,8917,8985,9574,10793,11447,11448,12433,13136,13570,14780,15167,15066,16218,15832,15174,17239,18747,19295,19093,18429,20081,20803,19462,18120,18025
 "40107","Okfuskee, OK",6,CAINC4,62,"..."," Employer contributions for government social insurance ","Thousands of dollars",327,339,386,475,612,659,730,806,853,1021,1213,1409,1688,1827,1803,2019,2051,2091,2073,2114,2262,2768,3013,3180,3241,3418,3808,3909,4197,4185,4029,4071,4483,4640,4353,4590,5020,5066,5366,5482,5551,5318,5667,6209,6443,6502,6305,5808,5604,6275,7166,6777,6681,7171
 "40107","Okfuskee, OK",6,CAINC4,70,"...","Proprietors' income 9/","Thousands of dollars",4894,5081,5233,5352,7694,6627,7611,6631,7628,6386,7603,6974,10966,8761,7713,11499,13529,12653,9346,10567,12100,10181,7966,9659,10785,11693,9477,13352,18214,17147,8248,11594,13008,20568,17006,24990,29862,27332,22376,14756,10331,20489,30823,33112,28575,30972,26758,19765,16799,14436,15016,21564,26622,20328
 "40107","Okfuskee, OK",6,CAINC4,71,"..."," Farm proprietors' income ","Thousands of dollars",1417,1211,1031,1114,2864,1335,1815,519,1030,-903,29,-947,3014,843,-722,1345,2711,1188,-1827,155,1970,27,-448,573,810,2390,330,695,1659,100,-5543,-2744,-2278,4428,855,7331,8604,2167,1430,-6072,-7470,-2143,2990,2862,-774,2456,-701,-9433,-11019,-11828,-12807,-12086,-10949,-20583
 "40107","Okfuskee, OK",6,CAINC4,72,"..."," Nonfarm proprietors' income ","Thousands of dollars",3477,3870,4202,4238,4830,5292,5796,6112,6598,7289,7574,7921,7952,7918,8435,10154,10818,11465,11173,10412,10130,10154,8414,9086,9975,9303,9147,12657,16555,17047,13791,14338,15286,16140,16151,17659,21258,25165,20946,20828,17801,22632,27833,30250,29349,28516,27459,29198,27818,26264,27823,33650,37571,40911
 "40107","Okfuskee, OK",6,CAINC4,7010,"...","Total employment ","Number of jobs",3376,3277,3401,3649,3721,3612,3617,3544,3624,3773,3811,3953,4165,4188,4188,4273,4292,4094,4142,3996,4026,4178,4207,4292,4299,4276,4362,4541,4751,4619,4516,4566,4657,4641,4412,4354,4498,4567,4675,4612,4638,4542,4590,4787,4811,4884,4810,4831,4601,4650,4673,4477,4422,4580
 "40107","Okfuskee, OK",6,CAINC4,7020,"..."," Wage and salary employment ","Number of jobs",2107,2061,2101,2290,2417,2318,2275,2218,2233,2349,2344,2426,2544,2553,2481,2528,2516,2385,2337,2260,2353,2502,2520,2626,2545,2529,2615,2692,2822,2761,2593,2620,2735,2725,2474,2450,2511,2582,2635,2614,2643,2498,2506,2567,2660,2700,2634,2644,2539,2623,2774,2563,2496,2590
 "40107","Okfuskee, OK",6,CAINC4,7040,"..."," Proprietors employment ","Number of jobs",1269,1216,1300,1359,1304,1294,1342,1326,1391,1424,1467,1527,1621,1635,1707,1745,1776,1709,1805,1736,1673,1676,1687,1666,1754,1747,1747,1849,1929,1858,1923,1946,1922,1916,1938,1904,1987,1985,2040,1998,1995,2044,2084,2220,2151,2184,2176,2187,2062,2027,1899,1914,1926,1990
 "40109","Oklahoma, OK",6,CAINC4,10,"...","Personal income (thousands of dollars) ","Thousands of dollars",2053076,2321666,2562074,2781752,3021815,3369820,3673445,3980379,4436499,5037798,5714826,6613951,7657622,8573622,8832779,9428046,9752069,9733636,9723744,10108599,10869613,11260597,11536613,12218638,12766683,13340834,13920390,14774150,15386508,16402806,16921051,18624890,20427982,20826238,22349182,23375437,25561225,27919493,28062882,31355979,29593224,30381233,32194332,33526004,34494830,36661356,37557848,37397192,38395981,40101776,44209610,46869182,52468446,54611484
 "40109","Oklahoma, OK",6,CAINC4,11,"..."," Nonfarm personal income 1/","Thousands of dollars",2050341,2318618,2560060,2779544,3015524,3364823,3669589,3976648,4434241,5034974,5710471,6612427,7659200,8575358,8834491,9429865,9752405,9724900,9715894,10100648,10863538,11254745,11532780,12215398,12765923,13338994,13920207,14773295,15386149,16403786,16920686,18623789,20424697,20818201,22347580,23370905,25553335,27918298,28053035,31349995,29588647,30375341,32189028,33517995,34480747,36665351,37561677,37402102,38400458,40108284,44214307,46874411,52472106,54623533
 "40109","Oklahoma, OK",6,CAINC4,12,"..."," Farm income 2/","Thousands of dollars",2735,3048,2014,2208,6291,4997,3856,3731,2258,2824,4355,1524,-1578,-1736,-1712,-1819,-336,8736,7850,7951,6075,5852,3833,3240,760,1840,183,855,359,-980,365,1101,3285,8037,1602,4532,7890,1195,9847,5984,4577,5892,5304,8009,14083,-3995,-3829,-4910,-4477,-6508,-4697,-5229,-3660,-12049
 "40109","Oklahoma, OK",6,CAINC4,20,"...","Population (persons) 3/","Number of persons",510886,529684,542631,549187,551124,546868,549912,552348,554038,560264,559686,571638,581207,601966,619780,621481,620966,614469,601241,599675,601066,600398,606535,615216,623640,631136,634374,640451,646277,650289,657182,661769,664836,671120,674571,677742,683299,690153,695706,701484,711595,720652,730235,742248,754440,764447,774239,780833,781617,785715,791596,798200,799622,802559
 "40109","Oklahoma, OK",6,CAINC4,30,"...","Per capita personal income (dollars) 4/","Dollars",4019,4383,4722,5065,5483,6162,6680,7206,8008,8992,10211,11570,13175,14243,14251,15170,15705,15841,16173,16857,18084,18755,19021,19861,20471,21138,21944,23068,23808,25224,25748,28144,30726,31032,33131,34490,37409,40454,40337,44699,41587,42158,44088,45168,45722,47958,48509,47894,49124,51039,55849,58719,65617,68047
 "40109","Oklahoma, OK",6,CAINC4,35,"...","Earnings by place of work ","Thousands of dollars",1942129,2165639,2371442,2620453,2866383,3182222,3424264,3740008,4271964,4963236,5727578,6710873,7775192,8621308,8764207,9357829,9534320,9440653,9463993,9860175,10453416,10857923,11173669,11841164,12416526,12855323,13354660,14218529,14825263,15719620,16338361,17843258,19654506,20261317,21871784,23007631,24855392,26794323,26596415,29584283,28084770,28648053,30294989,31539776,32884680,34751382,35871496,35509748,36653561,38207314,41938380,42307817,45535000,49708652
 "40109","Oklahoma, OK",6,CAINC4,36,"...","Less: Contributions for government social insurance 5/","Thousands of dollars",110819,122011,138720,163063,209287,241059,258293,289760,332313,400808,484559,576264,721662,820319,838953,913982,946190,955144,962814,1055030,1125948,1212475,1278604,1348232,1429277,1504677,1569398,1640235,1694645,1782400,1857011,1994917,2152298,2246563,2359081,2499191,2592378,2731907,2821748,2968150,2952182,3018854,2920075,3082490,3560200,3661605,3756161,3751729,3892816,4070019,4289255,4385624,4636724,5028104
 "40109","Oklahoma, OK",6,CAINC4,37,"..."," Employee and self-employed contributions for government social insurance ","Thousands of dollars",56721,62115,70280,80613,104671,121447,129655,140763,161797,194145,236027,282555,357602,405173,408991,435252,463100,469562,475579,520427,560884,602047,632780,664854,696716,734860,765341,808570,847096,900508,952735,1022024,1108011,1143481,1193867,1229243,1293753,1379021,1436022,1534292,1527200,1550352,1265126,1316317,1749936,1834164,1925266,1987068,2047216,2149757,2293522,2368325,2473276,2723618
 "40109","Oklahoma, OK",6,CAINC4,38,"..."," Employer contributions for government social insurance ","Thousands of dollars",54098,59896,68440,82450,104616,119612,128638,148997,170516,206663,248532,293709,364060,415146,429962,478730,483090,485582,487235,534603,565064,610428,645824,683378,732561,769817,804057,831665,847549,881892,904276,972893,1044287,1103082,1165214,1269948,1298625,1352886,1385726,1433858,1424982,1468502,1654949,1766173,1810264,1827441,1830895,1764661,1845600,1920262,1995733,2017299,2163448,2304486
 "40109","Oklahoma, OK",6,CAINC4,42,"...","Plus: Adjustment for residence 6/","Thousands of dollars",-231936,-245386,-273051,-329289,-377908,-431926,-472344,-539996,-670756,-840704,-1032470,-1294131,-1501380,-1657021,-1713046,-1861196,-1905925,-1883174,-1897683,-2022218,-2138288,-2258572,-2352987,-2484482,-2592781,-2697858,-2787233,-2979930,-3143936,-3327962,-3510969,-3864697,-4090582,-4218025,-4418071,-4803341,-5081469,-5588752,-5753665,-6109077,-6080724,-6272690,-6895395,-7227465,-7303898,-7607446,-7846592,-7937317,-8467271,-8740956,-9188679,-9266548,-9828111,-10881604
 "40109","Oklahoma, OK",6,CAINC4,45,"...","Equals: Net earnings by place of residence ","Thousands of dollars",1599374,1798242,1959671,2128101,2279188,2509237,2693627,2910252,3268895,3721724,4210549,4840478,5552150,6143968,6212208,6582651,6682205,6602335,6603496,6782927,7189180,7386876,7542078,8008450,8394468,8652788,8998029,9598364,9986682,10609258,10970381,11983644,13411626,13796729,15094632,15705099,17181545,18473664,18021002,20507056,19051864,19356509,20479519,21229821,22020582,23482331,24268743,23820702,24293474,25396339,28460446,28655645,31070165,33798944
 "40109","Oklahoma, OK",6,CAINC4,46,"...","Plus: Dividends, interest, and rent 7/","Thousands of dollars",305344,351188,398983,425211,480187,552103,592235,647267,726817,846138,965523,1156464,1411200,1661006,1792034,1986619,2133941,2119945,2056519,2180297,2461118,2558881,2552316,2590714,2698016,2885408,2987328,3150196,3270749,3595247,3631608,4100081,4163967,4253878,4321549,4649410,5061598,5822888,6154509,6396109,5814592,5961858,6587366,7037275,7050378,7571698,7491921,7627847,7927193,8296706,8947544,9410947,11371980,11733905
 "40109","Oklahoma, OK",6,CAINC4,47,"...","Plus: Personal current transfer receipts ","Thousands of dollars",148358,172236,203420,228440,262440,308480,387583,422860,440787,469936,538754,617009,694272,768648,828537,858776,935923,1011356,1063729,1145375,1219315,1314840,1442219,1619474,1674199,1802638,1935033,2025590,2129077,2198301,2319062,2541165,2852389,2775631,2933001,3020928,3318082,3622941,3887371,4452814,4726768,5062866,5127447,5258908,5423870,5607327,5797184,5948643,6175314,6408731,6801620,8802590,10026301,9078635
 "40109","Oklahoma, OK",6,CAINC4,50,"...","Wages and salaries ","Thousands of dollars",1568120,1752662,1878786,2069323,2256625,2488572,2646314,2889978,3257315,3805216,4401425,5196931,6101517,6821888,6807721,7240864,7327071,7140343,7167820,7495640,7868847,8182577,8483053,8905242,9266198,9606289,10014954,10576833,11048862,11756953,12358760,13305429,13914270,14220612,14754067,15554050,16176740,17765990,18393369,19639752,19179432,19635727,21203505,22402021,23162349,24183195,24922762,24608763,25575303,26706518,27762414,27658889,29259992,31662996
 "40109","Oklahoma, OK",6,CAINC4,60,"...","Supplements to wages and salaries ","Thousands of dollars",197631,233019,276549,316051,347008,383616,431994,477179,549700,639831,752218,895867,1046490,1188986,1259683,1364167,1420246,1456191,1418481,1527259,1664769,1767669,1889904,2082361,2185522,2266908,2307704,2410154,2442262,2575690,2658418,2975592,3136046,3325947,3507019,3802713,3996884,4117098,4151284,4232555,4354910,4671623,4958108,5165182,5456147,5693439,5841165,5763085,5948255,6196206,6372956,6375616,6700989,6969435
 "40109","Oklahoma, OK",6,CAINC4,61,"..."," Employer contributions for employee pension and insurance funds 8/","Thousands of dollars",143533,173123,208109,233601,242392,264004,303356,328182,379184,433168,503686,602158,682430,773840,829721,885437,937156,970609,931246,992656,1099705,1157241,1244080,1398983,1452961,1497091,1503647,1578489,1594713,1693798,1754142,2002699,2091759,2222865,2341805,2532765,2698259,2764212,2765558,2798697,2929928,3203121,3303159,3399009,3645883,3865998,4010270,3998424,4102655,4275944,4377223,4358317,4537541,4664949
 "40109","Oklahoma, OK",6,CAINC4,62,"..."," Employer contributions for government social insurance ","Thousands of dollars",54098,59896,68440,82450,104616,119612,128638,148997,170516,206663,248532,293709,364060,415146,429962,478730,483090,485582,487235,534603,565064,610428,645824,683378,732561,769817,804057,831665,847549,881892,904276,972893,1044287,1103082,1165214,1269948,1298625,1352886,1385726,1433858,1424982,1468502,1654949,1766173,1810264,1827441,1830895,1764661,1845600,1920262,1995733,2017299,2163448,2304486
 "40109","Oklahoma, OK",6,CAINC4,70,"...","Proprietors' income 9/","Thousands of dollars",176378,179958,216107,235079,262750,310034,345956,372851,464949,518189,573935,618075,627185,610434,696803,752798,787003,844119,877692,837276,919800,907677,800712,853561,964806,982126,1032002,1231542,1334139,1386977,1321183,1562237,2604190,2714758,3610698,3650868,4681768,4911235,4051762,5711976,4550428,4340703,4133376,3972573,4266184,4874748,5107569,5137900,5130003,5304590,7803010,8273312,9574019,11076221
 "40109","Oklahoma, OK",6,CAINC4,71,"..."," Farm proprietors' income ","Thousands of dollars",1747,1908,912,943,4883,3259,2227,1971,240,1417,2840,-27,-3110,-3408,-3258,-3306,-1771,7437,6572,6722,4957,4766,2963,2611,-143,824,-1179,-723,-1474,-2896,-1880,-1212,523,5987,-1239,-155,2773,-4329,1141,-2277,-833,1426,1273,3896,10651,-7685,-6088,-7431,-7099,-8775,-7612,-8232,-6372,-15184
 "40109","Oklahoma, OK",6,CAINC4,72,"..."," Nonfarm proprietors' income ","Thousands of dollars",174631,178050,215195,234136,257867,306775,343729,370880,464709,516772,571095,618102,630295,613842,700061,756104,788774,836682,871120,830554,914843,902911,797749,850950,964949,981302,1033181,1232265,1335613,1389873,1323063,1563449,2603667,2708771,3611937,3651023,4678995,4915564,4050621,5714253,4551261,4339277,4132103,3968677,4255533,4882433,5113657,5145331,5137102,5313365,7810622,8281544,9580391,11091405
 "40109","Oklahoma, OK",6,CAINC4,7010,"...","Total employment ","Number of jobs",281965,290820,297303,311267,322527,329447,327283,329083,346024,371985,389351,409861,432780,449881,442445,449952,438924,420636,417159,423330,430129,434990,432585,436191,442031,450924,465540,480397,487195,496434,502459,516799,527893,521522,518241,528374,534506,545190,550832,563207,552149,555823,570777,587328,598138,606011,615525,614945,616037,622464,624099,611717,630021,661121
 "40109","Oklahoma, OK",6,CAINC4,7020,"..."," Wage and salary employment ","Number of jobs",250546,257748,261717,271689,281757,287046,282679,284299,298162,321844,336646,353935,369053,381684,369511,376776,366239,354380,349192,355445,365203,369950,366617,373729,379811,388327,399293,412554,417112,427520,436735,449348,452329,444820,436310,443608,446227,453053,452678,460715,447341,447870,460056,469826,475117,480379,486461,483574,484795,492371,499817,478319,488207,509156
 "40109","Oklahoma, OK",6,CAINC4,7040,"..."," Proprietors employment ","Number of jobs",31419,33072,35586,39578,40770,42401,44604,44784,47862,50141,52705,55926,63727,68197,72934,73176,72685,66256,67967,67885,64926,65040,65968,62462,62220,62597,66247,67843,70083,68914,65724,67451,75564,76702,81931,84766,88279,92137,98154,102492,104808,107953,110721,117502,123021,125632,129064,131371,131242,130093,124282,133398,141814,151965
 "40111","Okmulgee, OK",6,CAINC4,10,"...","Personal income (thousands of dollars) ","Thousands of dollars",91820,99479,107977,116543,131537,146039,155935,174855,196696,226944,253607,291517,336683,356092,371317,390567,414936,410463,391564,419248,425850,443157,466351,492386,508261,540799,565189,594362,615116,634643,649625,688233,735129,762072,791347,854613,888541,958386,1005999,1091506,1089055,1118900,1144919,1176723,1203474,1247770,1259172,1235622,1258588,1279866,1348815,1456467,1569559,1576279
 "40111","Okmulgee, OK",6,CAINC4,11,"..."," Nonfarm personal income 1/","Thousands of dollars",89607,97125,106718,114220,126000,142882,154054,173589,195404,226885,250687,291343,333737,356348,371814,389179,412705,406636,392965,418402,424759,443961,466687,491774,508182,538787,568451,599174,615896,640038,648380,692833,737132,762208,795444,855832,888134,961994,1004792,1096297,1094191,1119577,1144571,1172567,1204571,1244110,1259070,1239862,1262788,1284736,1354895,1460817,1574177,1590120
 "40111","Okmulgee, OK",6,CAINC4,12,"..."," Farm income 2/","Thousands of dollars",2213,2354,1259,2323,5537,3157,1881,1266,1292,59,2920,174,2946,-256,-497,1388,2231,3827,-1401,846,1091,-804,-336,612,79,2012,-3262,-4812,-780,-5395,1245,-4600,-2003,-136,-4097,-1219,407,-3608,1207,-4791,-5136,-677,348,4156,-1097,3660,102,-4240,-4200,-4870,-6080,-4350,-4618,-13841
 "40111","Okmulgee, OK",6,CAINC4,20,"...","Population (persons) 3/","Number of persons",35862,35453,36114,36132,37370,36988,36866,37475,38343,38192,38722,39321,39858,39882,40595,39732,39285,39183,38976,37562,36814,36478,36607,37031,37585,37756,38056,38389,39259,39490,39680,39625,39618,39594,39732,39731,39569,39426,39552,39379,39817,40043,39591,39204,38898,38429,38259,38092,37715,36973,37007,36686,36827,36990
 "40111","Okmulgee, OK",6,CAINC4,30,"...","Per capita personal income (dollars) 4/","Dollars",2560,2806,2990,3225,3520,3948,4230,4666,5130,5942,6549,7414,8447,8929,9147,9830,10562,10476,10046,11161,11568,12149,12739,13297,13523,14324,14852,15483,15668,16071,16372,17369,18555,19247,19917,21510,22455,24308,25435,27718,27352,27942,28919,30015,30939,32469,32912,32438,33371,34616,36448,39701,42620,42614
 "40111","Okmulgee, OK",6,CAINC4,35,"...","Earnings by place of work ","Thousands of dollars",58902,61483,66609,71747,79956,85081,82622,95573,109657,133624,145464,159845,185935,186407,192776,202663,216076,213421,199670,221542,214714,222246,232819,252866,258516,278159,266361,267439,292139,299968,303648,319796,338125,350940,368818,382402,401736,416677,439278,452923,451900,480300,486827,502413,546172,540844,542397,532224,531986,547034,558130,603635,589902,626194
 "40111","Okmulgee, OK",6,CAINC4,36,"...","Less: Contributions for government social insurance 5/","Thousands of dollars",3863,3995,4528,5007,6244,7060,6792,8010,9143,11677,13004,14745,18044,18740,19141,20303,22128,22302,21835,24727,24409,25995,28224,30430,31477,33917,33649,33221,35104,36618,36347,38531,40579,42455,44814,47036,49996,52360,55137,56307,57785,58929,54883,56423,67726,65888,66578,66192,67919,71698,73739,82513,80608,88039
 "40111","Okmulgee, OK",6,CAINC4,37,"..."," Employee and self-employed contributions for government social insurance ","Thousands of dollars",2206,2310,2603,2830,3520,3957,3873,4384,5010,6263,6958,7866,9614,10071,10153,10704,11915,11948,11770,13813,14080,14562,15711,16798,17160,18402,18350,18194,19413,20243,20474,21443,22176,23014,24000,24857,26469,28372,30381,31483,32524,33523,27941,28059,36718,36517,37574,39076,40289,42872,43906,48871,48369,53778
 "40111","Okmulgee, OK",6,CAINC4,38,"..."," Employer contributions for government social insurance ","Thousands of dollars",1657,1685,1925,2177,2724,3103,2919,3626,4133,5414,6046,6879,8430,8669,8988,9599,10213,10354,10065,10914,10329,11433,12513,13632,14317,15515,15299,15027,15691,16375,15873,17088,18403,19441,20814,22179,23527,23988,24756,24824,25261,25406,26942,28364,31008,29371,29004,27116,27630,28826,29833,33642,32239,34261
 "40111","Okmulgee, OK",6,CAINC4,42,"...","Plus: Adjustment for residence 6/","Thousands of dollars",7634,8194,8677,9891,12394,13838,16300,18531,21642,24315,28205,34676,38206,40307,37757,41263,41835,40858,39921,41210,47102,51806,55950,53543,62407,69426,82214,100082,98078,107419,115023,126898,136848,134454,125196,144175,152970,176899,182541,189519,172713,154895,160090,178547,161031,185758,190964,176364,185235,199384,216147,179338,211261,212904
 "40111","Okmulgee, OK",6,CAINC4,45,"...","Equals: Net earnings by place of residence ","Thousands of dollars",62673,65682,70758,76631,86106,91859,92130,106094,122156,146262,160665,179776,206097,207974,211392,223623,235783,231977,217756,238025,237407,248057,260545,275979,289446,313668,314926,334300,355113,370769,382324,408163,434394,442939,449200,479541,504710,541216,566682,586135,566828,576266,592034,624537,639477,660714,666783,642396,649302,674720,700538,700460,720555,751059
 "40111","Okmulgee, OK",6,CAINC4,46,"...","Plus: Dividends, interest, and rent 7/","Thousands of dollars",11159,12758,14436,15420,17738,20447,22685,24707,27599,31806,36549,46771,58594,69255,72578,78223,87676,85238,77420,81916,86163,85316,86630,85973,84930,82751,96205,99112,99453,105520,103603,111920,117681,110687,116244,133441,128385,138786,145149,175512,163676,163991,174662,171012,181853,187771,191394,179194,187128,173924,184235,194056,199244,203446
 "40111","Okmulgee, OK",6,CAINC4,47,"...","Plus: Personal current transfer receipts ","Thousands of dollars",17988,21039,22783,24492,27693,33733,41120,44054,46941,48876,56393,64970,71992,78863,87347,88721,91477,93248,96388,99307,102280,109784,119176,130434,133885,144380,154058,160950,160550,158354,163698,168150,183054,208446,225903,241631,255446,278384,294168,329859,358551,378643,378223,381174,382144,399285,400995,414032,422158,431222,464042,561951,649760,621774
 "40111","Okmulgee, OK",6,CAINC4,50,"...","Wages and salaries ","Thousands of dollars",40252,41841,45313,47614,51291,54855,51324,62489,71092,89847,97099,112333,131599,133994,136896,140406,149966,147539,143167,148576,141021,151889,163394,177148,179237,191317,187102,189884,202837,218973,219744,236419,241085,246769,261166,269433,284976,299333,316197,327391,325841,331916,335210,345962,381699,370656,378398,375504,382126,399845,409348,441375,424498,465558
 "40111","Okmulgee, OK",6,CAINC4,60,"...","Supplements to wages and salaries ","Thousands of dollars",4725,5032,5698,6347,7119,8072,7977,9553,11335,14202,16058,18820,22767,23759,24905,25646,27862,29216,28802,30165,29951,33010,36511,42189,44032,48305,46749,47042,48147,50642,51367,56687,61041,63790,69362,74115,79543,80722,83732,84737,84853,92322,92454,91345,103188,102611,104714,101542,102301,105942,107008,111079,102925,106431
 "40111","Okmulgee, OK",6,CAINC4,61,"..."," Employer contributions for employee pension and insurance funds 8/","Thousands of dollars",3068,3347,3773,4170,4395,4969,5058,5927,7202,8788,10012,11941,14337,15090,15917,16047,17649,18862,18737,19251,19622,21577,23998,28557,29715,32790,31450,32015,32456,34267,35494,39599,42638,44349,48548,51936,56016,56734,58976,59913,59592,66916,65512,62981,72180,73240,75710,74426,74671,77116,77175,77437,70686,72170
 "40111","Okmulgee, OK",6,CAINC4,62,"..."," Employer contributions for government social insurance ","Thousands of dollars",1657,1685,1925,2177,2724,3103,2919,3626,4133,5414,6046,6879,8430,8669,8988,9599,10213,10354,10065,10914,10329,11433,12513,13632,14317,15515,15299,15027,15691,16375,15873,17088,18403,19441,20814,22179,23527,23988,24756,24824,25261,25406,26942,28364,31008,29371,29004,27116,27630,28826,29833,33642,32239,34261
 "40111","Okmulgee, OK",6,CAINC4,70,"...","Proprietors' income 9/","Thousands of dollars",13925,14610,15598,17786,21546,22154,23321,23531,27230,29575,32307,28692,31569,28654,30975,36611,38248,36666,27701,42801,43742,37347,32914,33529,35247,38537,32510,30513,41155,30353,32537,26690,35999,40381,38290,38854,37217,36622,39349,40795,41206,56062,59163,65106,61285,67577,59285,55178,47559,41247,41774,51181,62479,54205
 "40111","Okmulgee, OK",6,CAINC4,71,"..."," Farm proprietors' income ","Thousands of dollars",1730,1843,804,1841,5053,2605,1309,573,406,-605,2208,-551,2241,-1032,-1207,724,1626,3314,-1856,341,556,-1417,-929,69,-566,1376,-4044,-5642,-1693,-6195,464,-5283,-2699,-572,-4709,-2271,-755,-4898,-831,-7179,-7094,-2660,-1930,1255,-3516,1034,-1474,-6065,-6092,-6448,-8129,-6458,-6559,-16086
 "40111","Okmulgee, OK",6,CAINC4,72,"..."," Nonfarm proprietors' income ","Thousands of dollars",12195,12767,14794,15945,16493,19549,22012,22958,26824,30180,30099,29243,29328,29686,32182,35887,36622,33352,29557,42460,43186,38764,33843,33460,35813,37161,36554,36155,42848,36548,32073,31973,38698,40953,42999,41125,37972,41520,40180,47974,48300,58722,61093,63851,64801,66543,60759,61243,53651,47695,49903,57639,69038,70291
 "40111","Okmulgee, OK",6,CAINC4,7010,"...","Total employment ","Number of jobs",10923,10869,11009,10999,11231,11295,10865,11694,12423,13429,13733,14409,15103,15005,14857,14758,14807,14083,13857,13710,12815,13065,13279,13514,13661,14173,14029,14183,14350,14270,13983,14283,14571,14595,14751,14764,15167,15271,15576,15884,15648,15311,15242,15358,15647,15481,15457,15737,15397,15045,14855,14946,14722,15356
 "40111","Okmulgee, OK",6,CAINC4,7020,"..."," Wage and salary employment ","Number of jobs",8388,8287,8300,8357,8534,8541,7932,8718,9218,10055,10234,10737,10962,10439,10209,10094,10177,9872,9566,9507,8829,9083,9259,9512,9638,9936,9772,9824,9871,10154,9949,10190,10259,10424,10561,10538,10828,10948,11009,11331,11058,10745,10661,10641,10949,10795,10664,10633,10518,10405,10339,10293,9966,10389
 "40111","Okmulgee, OK",6,CAINC4,7040,"..."," Proprietors employment ","Number of jobs",2535,2582,2709,2642,2697,2754,2933,2976,3205,3374,3499,3672,4141,4566,4648,4664,4630,4211,4291,4203,3986,3982,4020,4002,4023,4237,4257,4359,4479,4116,4034,4093,4312,4171,4190,4226,4339,4323,4567,4553,4590,4566,4581,4717,4698,4686,4793,5104,4879,4640,4516,4653,4756,4967
 "40113","Osage, OK",6,CAINC4,10,"...","Personal income (thousands of dollars) ","Thousands of dollars",92226,96893,104872,117863,126018,149513,168290,188136,204835,230094,279484,345456,402674,446724,455303,476892,490463,480234,472518,490498,505902,522950,568680,603140,628492,648260,684334,726640,760691,797833,829516,918598,945807,959217,962313,1047613,1103296,1201034,1267743,1357769,1289861,1368035,1477403,1523458,1515184,1621165,1589673,1570876,1592499,1643238,1704635,1808759,2021272,1993018
 "40113","Osage, OK",6,CAINC4,11,"..."," Nonfarm personal income 1/","Thousands of dollars",87932,92358,101030,110706,122025,137879,158872,178685,199850,225813,272705,340020,399787,441604,452926,474992,490283,480865,469242,486075,502353,524496,562986,596659,619121,641879,677975,713963,757772,797218,829201,916676,945530,950064,958958,1029910,1074997,1177909,1254641,1332492,1278289,1342020,1430269,1477638,1484582,1563263,1542657,1547275,1575293,1627314,1694350,1799160,2008223,1985710
 "40113","Osage, OK",6,CAINC4,12,"..."," Farm income 2/","Thousands of dollars",4294,4535,3842,7157,3993,11634,9418,9451,4985,4281,6779,5436,2887,5120,2377,1900,180,-631,3276,4423,3549,-1546,5694,6481,9371,6381,6359,12677,2919,615,315,1922,277,9153,3355,17703,28299,23125,13102,25277,11572,26015,47134,45820,30602,57902,47016,23601,17206,15924,10285,9599,13049,7308
 "40113","Osage, OK",6,CAINC4,20,"...","Population (persons) 3/","Number of persons",30299,29708,29998,29916,29725,31222,32891,34056,35143,36511,38060,39398,39612,41962,43560,42791,42843,43450,42174,41552,41793,41603,41861,42417,43065,43010,43071,43178,43429,43985,44213,44579,45227,45414,45680,45874,46335,46576,47185,47336,47445,47465,47668,47260,47106,47120,46874,46814,46709,46349,46127,45778,45868,45839
 "40113","Osage, OK",6,CAINC4,30,"...","Per capita personal income (dollars) 4/","Dollars",3044,3262,3496,3940,4239,4789,5117,5524,5829,6302,7343,8768,10165,10646,10452,11145,11448,11053,11204,11804,12105,12570,13585,14219,14594,15072,15889,16829,17516,18139,18762,20606,20912,21122,21066,22837,23811,25787,26868,28684,27186,28822,30994,32236,32165,34405,33914,33556,34094,35454,36955,39512,44067,43479
 "40113","Osage, OK",6,CAINC4,35,"...","Earnings by place of work ","Thousands of dollars",42663,43710,46174,54819,55488,67980,73224,82415,84483,90881,122218,156110,177156,193120,198625,199504,201345,189478,183600,188428,187835,149902,154161,156007,187931,189765,190598,200504,209443,218155,213694,229117,224926,264672,273377,303718,328805,361947,362710,391076,370685,408512,493876,492839,492089,540519,506238,459770,447131,448283,464258,471002,518619,548877
 "40113","Osage, OK",6,CAINC4,36,"...","Less: Contributions for government social insurance 5/","Thousands of dollars",2401,2435,2669,3139,3975,4384,4914,5636,6177,7184,10095,13273,16462,18752,19417,19962,20685,19855,19228,21167,21236,17211,17283,17378,20831,21607,22083,22000,23171,23659,23634,24107,24880,28024,29192,31255,32834,38920,41498,41830,42510,43180,48127,48323,54084,54260,53836,53984,55562,58317,60979,57468,59022,66092
 "40113","Osage, OK",6,CAINC4,37,"..."," Employee and self-employed contributions for government social insurance ","Thousands of dollars",1420,1455,1579,1803,2285,2545,2798,3081,3401,3863,5351,7066,8790,9712,9849,9919,10613,10255,9891,10850,11205,9444,9620,9745,11307,11736,11946,12001,12985,13625,13836,14394,14041,15943,16313,17103,17933,22813,24607,24780,25707,26373,25695,25396,30918,32079,32468,34018,35202,37123,38665,34906,36362,40726
 "40113","Osage, OK",6,CAINC4,38,"..."," Employer contributions for government social insurance ","Thousands of dollars",981,980,1090,1336,1690,1839,2116,2555,2776,3321,4744,6207,7672,9040,9568,10043,10072,9600,9337,10317,10031,7767,7663,7633,9524,9871,10137,9999,10186,10034,9798,9713,10839,12081,12879,14152,14901,16107,16891,17050,16803,16807,22432,22927,23166,22181,21368,19966,20360,21194,22314,22562,22660,25366
 "40113","Osage, OK",6,CAINC4,42,"...","Plus: Adjustment for residence 6/","Thousands of dollars",30565,30999,33347,35995,41667,50221,58826,67037,78303,92215,101952,121335,143973,156626,152538,166519,173446,173733,173511,178274,184039,224460,252315,276197,260841,269641,284092,307131,329883,355900,380964,439071,452929,412684,382085,421295,439903,465172,489872,488519,450902,452894,449903,499057,497587,509410,517193,524516,545817,564166,586430,598316,635759,648192
 "40113","Osage, OK",6,CAINC4,45,"...","Equals: Net earnings by place of residence ","Thousands of dollars",70827,72274,76852,87675,93180,113817,127136,143816,156609,175912,214075,264172,304667,330994,331746,346061,354106,343356,337883,345535,350638,357151,389193,414826,427941,437799,452607,485635,516155,550396,571024,644081,652975,649332,626270,693758,735874,788199,811084,837765,779077,818226,895652,943573,935592,995669,969595,930302,937386,954132,989709,1011850,1095356,1130977
 "40113","Osage, OK",6,CAINC4,46,"...","Plus: Dividends, interest, and rent 7/","Thousands of dollars",12890,14928,17068,18492,19540,20502,22522,24039,26657,31053,38836,49791,62270,75734,79223,84683,88175,84993,80891,88621,93925,97399,102117,100080,104835,105263,116144,122534,131222,132884,136487,145244,154703,142833,149568,148741,149115,166687,191701,227808,197525,213062,237268,245064,243421,267707,262272,257771,262309,281822,290671,280500,356149,370902
 "40113","Osage, OK",6,CAINC4,47,"...","Plus: Personal current transfer receipts ","Thousands of dollars",8509,9691,10952,11696,13298,15194,18632,20281,21569,23129,26573,31493,35737,39996,44334,46148,48182,51885,53744,56342,61339,68400,77370,88234,95716,105198,115583,118471,113314,114553,122005,129273,138129,167052,186475,205114,218307,246148,264958,292196,313259,336747,344483,334821,336171,357789,357806,382803,392804,407284,424255,516409,569767,491139
 "40113","Osage, OK",6,CAINC4,50,"...","Wages and salaries ","Thousands of dollars",24325,24898,25516,28888,31445,33615,38062,44657,48981,56658,80100,109691,129262,141366,144152,143031,145566,133580,128346,133668,132333,101980,99978,99959,121516,124123,127288,129374,137572,140819,140846,137637,146959,168817,176819,188709,195326,217385,231792,235884,233038,230322,282279,279377,284927,287620,286528,280392,285830,291646,305625,305116,308353,347023
 "40113","Osage, OK",6,CAINC4,60,"...","Supplements to wages and salaries ","Thousands of dollars",3002,3092,3456,4019,4536,5032,5990,6901,7763,9241,13010,17503,21112,24192,26398,27178,28218,27977,27157,26674,28372,23959,24794,26014,30921,32565,33035,32231,32869,33237,33142,34073,37440,42193,47498,52330,54401,59122,59982,60900,61962,64411,73955,71580,77334,79150,78901,75097,76461,79332,80771,78439,73133,79495
 "40113","Osage, OK",6,CAINC4,61,"..."," Employer contributions for employee pension and insurance funds 8/","Thousands of dollars",2021,2112,2366,2683,2846,3193,3874,4346,4987,5920,8266,11296,13440,15152,16830,17135,18146,18377,17820,16357,18341,16192,17131,18381,21397,22694,22898,22232,22683,23203,23344,24360,26601,30112,34619,38178,39500,43015,43091,43850,45159,47604,51523,48653,54168,56969,57533,55131,56101,58138,58457,55877,50473,54129
 "40113","Osage, OK",6,CAINC4,62,"..."," Employer contributions for government social insurance ","Thousands of dollars",981,980,1090,1336,1690,1839,2116,2555,2776,3321,4744,6207,7672,9040,9568,10043,10072,9600,9337,10317,10031,7767,7663,7633,9524,9871,10137,9999,10186,10034,9798,9713,10839,12081,12879,14152,14901,16107,16891,17050,16803,16807,22432,22927,23166,22181,21368,19966,20360,21194,22314,22562,22660,25366
 "40113","Osage, OK",6,CAINC4,70,"...","Proprietors' income 9/","Thousands of dollars",15336,15720,17202,21912,19507,29333,29172,30857,27739,24982,29108,28916,26782,27562,28075,29295,27561,27921,28097,28086,27130,23963,29389,30034,35494,33077,30275,38899,39002,44099,39706,57407,40527,53662,49060,62679,79078,85440,70936,94292,75685,113779,137642,141882,129828,173749,140809,104281,84840,77305,77862,87447,137133,122359
 "40113","Osage, OK",6,CAINC4,71,"..."," Farm proprietors' income ","Thousands of dollars",2975,3067,2479,5644,2365,9678,7527,7327,2443,2478,4706,3192,603,2449,-101,-480,-2125,-2686,1295,2088,944,-4677,2571,3496,6214,3550,3183,9616,-197,-2331,-2849,-1030,-2948,6936,716,13898,24546,19438,7709,19381,7102,21661,42456,39940,25699,52638,43777,20026,13482,12667,6112,5300,9181,2838
 "40113","Osage, OK",6,CAINC4,72,"..."," Nonfarm proprietors' income ","Thousands of dollars",12361,12653,14723,16268,17142,19655,21645,23530,25296,22504,24402,25724,26179,25113,28176,29775,29686,30607,26802,25998,26186,28640,26818,26538,29280,29527,27092,29283,39199,46430,42555,58437,43475,46726,48344,48781,54532,66002,63227,74911,68583,92118,95186,101942,104129,121111,97032,84255,71358,64638,71750,82147,127952,119521
 "40113","Osage, OK",6,CAINC4,7010,"...","Total employment ","Number of jobs",8318,8202,8118,8478,8454,8321,8293,8662,8905,9309,10222,11039,11448,11232,11357,11566,11727,11377,11994,10624,10472,10065,10006,9953,10678,10927,11064,10947,11289,11532,12327,12339,10830,11366,11777,11988,12111,12455,12778,12972,12775,12514,13562,13395,13588,13429,13091,14180,13978,13822,13751,13622,13889,14724
 "40113","Osage, OK",6,CAINC4,7020,"..."," Wage and salary employment ","Number of jobs",5648,5447,5354,5743,5719,5618,5607,5962,6113,6463,7346,8084,8301,8237,8111,7897,7634,7127,6963,6698,6658,6214,6042,5834,6394,6458,6540,6551,6709,6841,6674,6585,6544,6865,7077,7191,7193,7401,7544,7690,7475,7221,8236,8035,8065,7996,7801,7689,7582,7553,7626,7300,7129,7615
 "40113","Osage, OK",6,CAINC4,7040,"..."," Proprietors employment ","Number of jobs",2670,2755,2764,2735,2735,2703,2686,2700,2792,2846,2876,2955,3147,2995,3246,3669,4093,4250,5031,3926,3814,3851,3964,4119,4284,4469,4524,4396,4580,4691,5653,5754,4286,4501,4700,4797,4918,5054,5234,5282,5300,5293,5326,5360,5523,5433,5290,6491,6396,6269,6125,6322,6760,7109
 "40115","Ottawa, OK",6,CAINC4,10,"...","Personal income (thousands of dollars) ","Thousands of dollars",84892,92400,99153,107701,119416,134013,147579,154949,180904,201063,230871,247133,278645,300570,329513,345995,361988,359232,354244,371425,404087,421873,439365,458554,483992,495117,514788,537897,559687,563919,584241,606848,647830,662789,690251,758626,821496,860943,898887,935822,942946,981312,1018883,1053478,1074130,1060466,1106656,1080230,1104374,1135742,1187411,1285736,1417553,1406599
 "40115","Ottawa, OK",6,CAINC4,11,"..."," Nonfarm personal income 1/","Thousands of dollars",83749,89537,96252,104426,112919,130307,144698,153379,179425,201621,227810,247269,276558,300088,324448,343433,359258,344374,333477,345861,374410,393142,408325,429441,461649,470852,497859,518308,542264,553105,572950,598986,632643,649290,679995,739837,794654,851296,883389,921335,930672,959305,998211,1021754,1037590,1021385,1059474,1043806,1059075,1094906,1137400,1242464,1363534,1360352
 "40115","Ottawa, OK",6,CAINC4,12,"..."," Farm income 2/","Thousands of dollars",1143,2863,2901,3275,6497,3706,2881,1570,1479,-558,3061,-136,2087,482,5065,2562,2730,14858,20767,25564,29677,28731,31040,29113,22343,24265,16929,19589,17423,10814,11291,7862,15187,13499,10256,18789,26842,9647,15498,14487,12274,22007,20672,31724,36540,39081,47182,36424,45299,40836,50011,43272,54019,46247
 "40115","Ottawa, OK",6,CAINC4,20,"...","Population (persons) 3/","Number of persons",30120,29888,30443,30245,30536,30961,31229,31850,32271,32716,32764,32838,32652,32859,33584,33375,33147,32604,31694,31133,30656,30615,30702,30776,30977,31439,31830,31856,32251,32710,32869,33214,33047,32660,32495,32530,32655,32971,32441,31838,31883,31844,31795,32047,31972,31674,31541,31204,30929,30789,30572,30229,30400,30338
 "40115","Ottawa, OK",6,CAINC4,30,"...","Per capita personal income (dollars) 4/","Dollars",2818,3092,3257,3561,3911,4328,4726,4865,5606,6146,7046,7526,8534,9147,9812,10367,10921,11018,11177,11930,13181,13780,14311,14900,15624,15748,16173,16885,17354,17240,17775,18271,19603,20294,21242,23321,25157,26112,27708,29393,29575,30816,32045,32873,33596,33481,35086,34618,35707,36888,38840,42533,46630,46364
 "40115","Ottawa, OK",6,CAINC4,35,"...","Earnings by place of work ","Thousands of dollars",65870,70791,76588,83386,90401,100304,106510,108795,134060,149977,174588,175270,194087,196106,214719,223579,227596,203611,192094,202379,217099,227823,239071,249268,261231,272152,280965,292844,301957,294598,309261,330083,346818,351719,367801,406005,458178,480795,502641,515573,518572,546937,562175,586525,596286,596491,630280,629712,637859,646113,691733,714099,805943,856844
 "40115","Ottawa, OK",6,CAINC4,36,"...","Less: Contributions for government social insurance 5/","Thousands of dollars",4436,4597,5182,5860,7179,8473,8894,9391,11604,13495,15933,16576,19534,20156,21549,23255,24042,20172,18760,20785,22382,23936,25413,26610,29033,30595,32943,33167,34214,34098,36261,38552,39326,40244,42035,46213,51595,55626,59204,61138,61961,63426,59752,61219,67803,66712,69364,70198,71555,74155,79103,82764,89551,99483
 "40115","Ottawa, OK",6,CAINC4,37,"..."," Employee and self-employed contributions for government social insurance ","Thousands of dollars",2365,2474,2767,3072,3755,4415,4676,4805,5873,6793,8067,8452,10011,10472,10980,11677,12444,10793,10107,11359,12561,13167,14158,14916,16004,16902,18128,18248,18904,19039,20460,21500,21879,22442,23141,24860,27520,29933,32217,32938,34006,34560,28879,29041,35705,35816,37859,40060,41096,43104,45578,47144,50870,56700
 "40115","Ottawa, OK",6,CAINC4,38,"..."," Employer contributions for government social insurance ","Thousands of dollars",2071,2123,2415,2788,3424,4058,4218,4586,5731,6702,7866,8124,9523,9684,10569,11578,11598,9379,8653,9426,9821,10769,11255,11694,13029,13693,14815,14919,15310,15059,15801,17052,17447,17802,18894,21353,24075,25693,26987,28200,27955,28866,30873,32178,32098,30896,31505,30138,30459,31051,33525,35620,38681,42783
 "40115","Ottawa, OK",6,CAINC4,42,"...","Plus: Adjustment for residence 6/","Thousands of dollars",246,255,-1213,-1085,-88,-1447,-1374,-184,-2761,-4082,-5711,-5663,-4723,-1567,-213,3523,7068,16896,22575,25847,29490,34055,34042,35770,36626,41082,43426,44496,47752,51748,52800,52842,57744,62701,65023,75388,69158,65224,54035,50058,37315,35314,36387,39228,42774,32063,20358,3629,8480,15529,4138,-4920,-15434,-41795
 "40115","Ottawa, OK",6,CAINC4,45,"...","Equals: Net earnings by place of residence ","Thousands of dollars",61680,66449,70193,76441,83134,90384,96242,99220,119695,132400,152944,153031,169830,174383,192957,203847,210622,200335,195909,207441,224207,237942,247700,258428,268824,282639,291448,304173,315495,312248,325800,344373,365236,374176,390789,435180,475741,490393,497472,504493,493926,518825,538810,564534,571257,561842,581274,563143,574784,587487,616768,626415,700958,715566
 "40115","Ottawa, OK",6,CAINC4,46,"...","Plus: Dividends, interest, and rent 7/","Thousands of dollars",11451,12746,13927,14609,17446,20739,23176,24955,28018,32622,36921,45303,53881,64397,69708,72575,77608,77696,76674,79685,87203,84630,85667,84330,92594,86164,86514,91223,99469,104057,104454,103490,107878,100706,99079,112299,126057,128474,149899,156369,155274,158714,173002,171546,179789,179173,183954,173603,176286,181902,187059,202011,203990,206035
 "40115","Ottawa, OK",6,CAINC4,47,"...","Plus: Personal current transfer receipts ","Thousands of dollars",11761,13205,15033,16651,18836,22890,28161,30774,33191,36041,41006,48799,54934,61790,66848,69573,73758,81201,81661,84299,92677,99301,105998,115796,122574,126314,136826,142501,144723,147614,153987,158985,174716,187907,200383,211147,219698,242076,251516,274960,293746,303773,307071,317398,323084,319451,341428,343484,353304,366353,383584,457310,512605,484998
 "40115","Ottawa, OK",6,CAINC4,50,"...","Wages and salaries ","Thousands of dollars",49488,51330,55269,59623,62627,71902,76342,79299,98817,111393,128085,133379,147095,149346,159258,167041,168591,133804,122664,127733,132521,141720,145352,150693,161313,165967,176511,180237,189762,192485,209607,226398,228644,226567,238291,261144,288659,322894,348846,364232,366155,370008,374349,389114,388999,387223,407394,415408,423985,434499,465238,475711,520835,579369
 "40115","Ottawa, OK",6,CAINC4,60,"...","Supplements to wages and salaries ","Thousands of dollars",6067,6264,7007,8114,8797,10527,11441,11756,15567,17693,20846,21963,24665,25803,28159,29241,30324,26125,24715,26529,29329,32134,34931,39324,42642,44170,45806,46875,47875,47211,50246,55890,56338,58379,63000,71974,81680,84916,89705,94629,93890,103586,104526,101035,106955,108827,113860,113483,114917,119704,122354,122675,123108,130590
 "40115","Ottawa, OK",6,CAINC4,61,"..."," Employer contributions for employee pension and insurance funds 8/","Thousands of dollars",3996,4141,4592,5326,5373,6469,7223,7170,9836,10991,12980,13839,15142,16119,17590,17663,18726,16746,16062,17103,19508,21365,23676,27630,29613,30477,30991,31956,32565,32152,34445,38838,38891,40577,44106,50621,57605,59223,62718,66429,65935,74720,73653,68857,74857,77931,82355,83345,84458,88653,88829,87055,84427,87807
 "40115","Ottawa, OK",6,CAINC4,62,"..."," Employer contributions for government social insurance ","Thousands of dollars",2071,2123,2415,2788,3424,4058,4218,4586,5731,6702,7866,8124,9523,9684,10569,11578,11598,9379,8653,9426,9821,10769,11255,11694,13029,13693,14815,14919,15310,15059,15801,17052,17447,17802,18894,21353,24075,25693,26987,28200,27955,28866,30873,32178,32098,30896,31505,30138,30459,31051,33525,35620,38681,42783
 "40115","Ottawa, OK",6,CAINC4,70,"...","Proprietors' income 9/","Thousands of dollars",10315,13197,14312,15649,18977,17875,18727,17740,19676,20891,25657,19928,22327,20957,27302,27297,28681,43682,44715,48117,55249,53969,58788,59251,57276,62015,58648,65732,64320,54902,49408,47795,61836,66773,66510,72887,87839,72985,64090,56712,58527,73343,83300,96376,100332,100441,109026,100821,98957,91910,104141,115713,162000,146885
 "40115","Ottawa, OK",6,CAINC4,71,"..."," Farm proprietors' income ","Thousands of dollars",716,2318,2334,2579,5697,2669,1927,548,315,-1317,1977,-1499,545,-1493,2854,40,-149,11842,17392,21629,25360,23559,25916,24195,16978,19295,11175,13883,11437,4584,3970,475,6496,7086,2890,8479,17029,200,2157,656,2242,12775,11218,20422,27130,28974,40947,29563,38149,34571,41984,34985,46574,37641
 "40115","Ottawa, OK",6,CAINC4,72,"..."," Nonfarm proprietors' income ","Thousands of dollars",9599,10879,11978,13070,13280,15206,16800,17192,19361,22208,23680,21427,21782,22450,24448,27257,28830,31840,27323,26488,29889,30410,32872,35056,40298,42720,47473,51849,52883,50318,45438,47320,55340,59687,63620,64408,70810,72785,61933,56056,56285,60568,72082,75954,73202,71467,68079,71258,60808,57339,62157,80728,115426,109244
 "40115","Ottawa, OK",6,CAINC4,7010,"...","Total employment ","Number of jobs",11489,11549,12104,12379,12454,12942,12914,12806,13706,13866,14332,14043,13981,13856,13748,13953,13883,12307,12382,12609,12645,12930,13016,12940,13493,13724,14208,14326,14762,14301,14650,15292,15474,14905,14563,15227,16233,16429,16710,17156,17288,17036,16228,16351,16306,16101,16345,16677,16516,16429,16477,16325,16605,17467
 "40115","Ottawa, OK",6,CAINC4,7020,"..."," Wage and salary employment ","Number of jobs",8952,9026,9591,9772,9856,10318,10183,9963,10894,11107,11534,11184,10994,10788,10610,10734,10625,9093,8860,9017,9157,9375,9380,9292,9748,9749,10126,10139,10381,10360,10702,11250,11077,10556,10247,10918,11731,12075,12196,12820,12808,12651,12283,12403,12429,12335,12655,12851,12746,12844,12970,12628,12793,13477
 "40115","Ottawa, OK",6,CAINC4,7040,"..."," Proprietors employment ","Number of jobs",2537,2523,2513,2607,2598,2624,2731,2843,2812,2759,2798,2859,2987,3068,3138,3219,3258,3214,3522,3592,3488,3555,3636,3648,3745,3975,4082,4187,4381,3941,3948,4042,4397,4349,4316,4309,4502,4354,4514,4336,4480,4385,3945,3948,3877,3766,3690,3826,3770,3585,3507,3697,3812,3990
 "40117","Pawnee, OK",6,CAINC4,10,"...","Personal income (thousands of dollars) ","Thousands of dollars",35590,39426,41576,47470,53206,58678,68449,77185,85228,97712,116382,137933,159012,177049,182907,193762,200704,198325,194905,196582,209144,217762,225324,233583,238678,249051,259907,272490,293263,297998,304943,326201,351721,359592,363595,388389,399395,435121,463374,477615,470311,499740,508669,528158,534979,553835,552813,539991,562942,587334,601728,623172,683084,685145
 "40117","Pawnee, OK",6,CAINC4,11,"..."," Nonfarm personal income 1/","Thousands of dollars",33679,36666,39239,43058,50517,58406,66807,76522,85510,97189,114156,137317,160405,175177,181868,192360,201833,198159,194437,196521,207096,219231,225589,232077,238022,248409,260733,274414,291567,300865,305836,327643,353791,357957,362663,387319,398027,436010,460096,483900,475667,503171,510775,527970,539309,552010,555023,546449,570927,596182,611710,633122,692396,702115
 "40117","Pawnee, OK",6,CAINC4,12,"..."," Farm income 2/","Thousands of dollars",1911,2760,2337,4412,2689,272,1642,663,-282,523,2226,616,-1393,1872,1039,1402,-1129,166,468,61,2048,-1469,-265,1506,656,642,-826,-1924,1696,-2867,-893,-1442,-2070,1635,932,1070,1368,-889,3278,-6285,-5356,-3431,-2106,188,-4330,1825,-2210,-6458,-7985,-8848,-9982,-9950,-9312,-16970
 "40117","Pawnee, OK",6,CAINC4,20,"...","Population (persons) 3/","Number of persons",11633,11386,11643,12116,12420,12749,13072,13376,13766,14237,15283,15407,15771,15956,16636,16449,16602,16480,16394,15783,15656,15552,15503,15581,15652,15709,15773,15925,16084,16240,16381,16684,16779,16764,16677,16547,16565,16625,16611,16447,16559,16568,16626,16258,16186,16002,16004,15946,15822,15698,15623,15552,15761,15757
 "40117","Pawnee, OK",6,CAINC4,30,"...","Per capita personal income (dollars) 4/","Dollars",3059,3463,3571,3918,4284,4603,5236,5770,6191,6863,7615,8953,10083,11096,10995,11780,12089,12034,11889,12455,13359,14002,14534,14992,15249,15854,16478,17111,18233,18350,18616,19552,20962,21450,21802,23472,24111,26173,27896,29040,28402,30163,30595,32486,33052,34610,34542,33864,35580,37415,38516,40070,43340,43482
 "40117","Pawnee, OK",6,CAINC4,35,"...","Earnings by place of work ","Thousands of dollars",18535,20909,20392,23748,27400,26134,29400,33373,34942,39461,48079,53343,58266,64554,68164,71465,71960,72592,74377,77034,84628,88803,80295,80549,83393,85758,87791,95615,104006,96914,102795,115261,123248,133735,138572,148033,150633,162364,172772,180973,170820,187392,203039,210297,213444,213800,201747,201269,206068,206679,212265,207428,219888,224449
 "40117","Pawnee, OK",6,CAINC4,36,"...","Less: Contributions for government social insurance 5/","Thousands of dollars",1060,1169,1197,1311,1946,2066,2172,2540,2713,3073,3853,4556,5590,6048,6186,6608,7123,7181,7513,8617,9391,10384,9605,9384,9863,10297,10785,11525,11773,11787,12531,13726,14452,15435,15896,17122,17817,19419,21190,22889,21892,22871,22874,23550,26438,25282,24854,26051,27348,28532,29396,29550,30261,32731
 "40117","Pawnee, OK",6,CAINC4,37,"..."," Employee and self-employed contributions for government social insurance ","Thousands of dollars",650,709,725,788,1129,1194,1247,1395,1513,1712,2110,2490,3035,3329,3409,3602,3986,4033,4218,4806,5361,5790,5498,5432,5629,5924,6221,6592,6848,6756,7193,7806,8184,8635,8817,9366,9728,10822,11940,12905,12579,13156,11616,11679,14460,14353,14410,15402,16242,17153,17561,17764,18334,20174
 "40117","Pawnee, OK",6,CAINC4,38,"..."," Employer contributions for government social insurance ","Thousands of dollars",410,460,472,523,817,872,925,1145,1200,1361,1743,2066,2555,2719,2777,3006,3137,3148,3295,3811,4030,4594,4107,3952,4234,4373,4564,4933,4925,5031,5338,5920,6268,6800,7079,7756,8089,8597,9250,9984,9313,9715,11258,11871,11978,10929,10444,10649,11106,11379,11835,11786,11927,12557
 "40117","Pawnee, OK",6,CAINC4,42,"...","Plus: Adjustment for residence 6/","Thousands of dollars",8817,9090,10294,11921,12476,16326,19526,22630,26667,31950,38558,47986,55626,58271,53997,56437,57613,56002,53740,53907,56102,59668,71145,76839,75276,79318,81595,82718,93160,103347,105174,107479,113125,111324,108067,110860,115593,124875,124253,110533,107314,108654,98843,111114,116103,123982,131696,118061,124054,132498,142486,131862,138351,149746
 "40117","Pawnee, OK",6,CAINC4,45,"...","Equals: Net earnings by place of residence ","Thousands of dollars",26292,28830,29489,34358,37930,40394,46754,53463,58896,68338,82784,96773,108302,116777,115975,121294,122450,121413,120604,122324,131339,138087,141835,148004,148806,154779,158601,166808,185393,188474,195438,209014,221921,229624,230743,241771,248409,267820,275835,268617,256242,273175,279008,297861,303109,312500,308589,293279,302774,310645,325355,309740,327978,341464
 "40117","Pawnee, OK",6,CAINC4,46,"...","Plus: Dividends, interest, and rent 7/","Thousands of dollars",4422,5117,5771,6203,7634,9076,10654,11604,13147,14984,17303,22072,28397,34310,38345,42951,47584,44794,41817,41830,44625,44051,44012,41386,42575,43295,46367,47495,49849,51852,48906,53374,58543,50484,48908,51531,51625,57506,69771,78018,73672,76933,82441,84585,83604,94058,83118,80101,82713,96276,92583,89815,98180,100408
 "40117","Pawnee, OK",6,CAINC4,47,"...","Plus: Personal current transfer receipts ","Thousands of dollars",4876,5479,6316,6909,7642,9208,11041,12118,13185,14390,16295,19088,22313,25962,28587,29517,30670,32118,32484,32428,33180,35624,39477,44193,47297,50977,54939,58187,58021,57672,60599,63813,71257,79484,83944,95087,99361,109795,117768,130980,140397,149632,147220,145712,148266,147277,161106,166611,177455,180413,183790,223617,256926,243273
 "40117","Pawnee, OK",6,CAINC4,50,"...","Wages and salaries ","Thousands of dollars",9354,10782,10611,11195,14702,14586,15604,19076,20229,22442,27578,33310,39183,41637,42438,43673,45364,43799,44992,48993,51923,57754,51547,49654,51676,52397,54243,59569,61082,63864,69782,78087,83011,86270,88861,94969,96804,105781,116542,129301,118748,121829,132771,137950,141449,136105,132544,136003,142231,147927,152570,148921,151917,161702
 "40117","Pawnee, OK",6,CAINC4,60,"...","Supplements to wages and salaries ","Thousands of dollars",1157,1342,1442,1594,2003,2140,2426,2939,3215,3628,4488,5394,6417,7153,7727,8335,8961,9219,9550,10374,11432,12971,12009,12753,13509,13848,14029,15015,14940,15657,17276,19711,21351,23103,24941,27668,28307,30111,30956,32233,31765,35234,37343,36950,39512,39260,39028,40261,41829,43466,44428,43807,43355,44007
 "40117","Pawnee, OK",6,CAINC4,61,"..."," Employer contributions for employee pension and insurance funds 8/","Thousands of dollars",747,882,970,1071,1186,1268,1501,1794,2015,2267,2745,3328,3862,4434,4950,5329,5824,6071,6255,6563,7402,8377,7902,8801,9275,9475,9465,10082,10015,10626,11938,13791,15083,16303,17862,19912,20218,21514,21706,22249,22452,25519,26085,25079,27534,28331,28584,29612,30723,32087,32593,32021,31428,31450
 "40117","Pawnee, OK",6,CAINC4,62,"..."," Employer contributions for government social insurance ","Thousands of dollars",410,460,472,523,817,872,925,1145,1200,1361,1743,2066,2555,2719,2777,3006,3137,3148,3295,3811,4030,4594,4107,3952,4234,4373,4564,4933,4925,5031,5338,5920,6268,6800,7079,7756,8089,8597,9250,9984,9313,9715,11258,11871,11978,10929,10444,10649,11106,11379,11835,11786,11927,12557
 "40117","Pawnee, OK",6,CAINC4,70,"...","Proprietors' income 9/","Thousands of dollars",8024,8785,8339,10959,10695,9408,11370,11358,11498,13391,16013,14639,12666,15764,17999,19457,17635,19574,19835,17667,21273,18078,16739,18142,18208,19513,19519,21031,27984,17393,15737,17463,18886,24362,24770,25396,25522,26472,25274,19439,20307,30329,32925,35397,32483,38435,30175,25005,22008,15286,15267,14700,24616,18740
 "40117","Pawnee, OK",6,CAINC4,71,"..."," Farm proprietors' income ","Thousands of dollars",1563,2385,1999,4051,2313,-162,1155,33,-1148,-158,1603,82,-1813,1498,633,950,-1638,-360,-117,-538,1457,-2106,-842,1004,102,130,-1412,-2518,1073,-3427,-1463,-1951,-2592,1301,502,420,701,-1577,2257,-7443,-6272,-4336,-3111,-1086,-5393,684,-2910,-7236,-8794,-9553,-10885,-10881,-10154,-17944
 "40117","Pawnee, OK",6,CAINC4,72,"..."," Nonfarm proprietors' income ","Thousands of dollars",6461,6400,6340,6908,8382,9570,10215,11325,12646,13549,14410,14557,14479,14266,17366,18507,19273,19934,19952,18205,19816,20184,17581,17138,18106,19383,20931,23549,26911,20820,17200,19414,21478,23061,24268,24976,24821,28049,23017,26882,26579,34665,36036,36483,37876,37751,33085,32241,30802,24839,26152,25581,34770,36684
 "40117","Pawnee, OK",6,CAINC4,7010,"...","Total employment ","Number of jobs",3849,4032,3909,3904,4355,4250,4180,4511,4569,4688,4905,5121,5468,5905,6023,6044,6003,5654,5734,5634,5646,5876,5553,5412,5557,5599,5709,5888,5892,5520,5589,5838,6334,6326,6453,6323,6234,6353,6490,6606,6405,6504,6492,6472,6366,6337,6348,6508,6563,6354,6278,6033,6181,6310
 "40117","Pawnee, OK",6,CAINC4,7020,"..."," Wage and salary employment ","Number of jobs",2211,2312,2195,2139,2551,2509,2487,2651,2636,2708,2913,3101,3260,3363,3361,3312,3236,3082,3054,3209,3285,3541,3225,3198,3194,3192,3226,3395,3347,3260,3433,3632,3801,3793,3798,3780,3669,3772,3818,3942,3740,3802,3860,3821,3739,3654,3664,3712,3851,3875,3870,3602,3617,3646
 "40117","Pawnee, OK",6,CAINC4,7040,"..."," Proprietors employment ","Number of jobs",1638,1720,1714,1765,1804,1741,1693,1860,1933,1980,1992,2020,2208,2542,2662,2732,2767,2572,2680,2425,2361,2335,2328,2214,2363,2407,2483,2493,2545,2260,2156,2206,2533,2533,2655,2543,2565,2581,2672,2664,2665,2702,2632,2651,2627,2683,2684,2796,2712,2479,2408,2431,2564,2664
 "40119","Payne, OK",6,CAINC4,10,"...","Personal income (thousands of dollars) ","Thousands of dollars",121389,136389,153525,168345,184465,211973,244169,274408,316822,359747,402215,460604,536554,600374,629903,670031,709561,726488,726567,757644,839408,884507,930606,984409,1013968,1068998,1126015,1187687,1259236,1284684,1353965,1475112,1528909,1570310,1701175,1767868,1849153,2064354,2209285,2402644,2318100,2436434,2557252,2619882,2680787,2941424,2872117,2807788,2870362,3009941,3137755,3387775,3699623,3760152
 "40119","Payne, OK",6,CAINC4,11,"..."," Nonfarm personal income 1/","Thousands of dollars",119108,134187,150576,164505,181697,208806,239852,272081,316105,358856,403520,460691,535752,598372,630541,670437,708058,723139,725182,756385,834665,883360,929931,981348,1011093,1066586,1131817,1192261,1262542,1288427,1354346,1477619,1530492,1564148,1700022,1766342,1844673,2066262,2206436,2410398,2331552,2442124,2561432,2621172,2686085,2936634,2874902,2815799,2877785,3018412,3146891,3394880,3708316,3781087
 "40119","Payne, OK",6,CAINC4,12,"..."," Farm income 2/","Thousands of dollars",2281,2202,2949,3840,2768,3167,4317,2327,717,891,-1305,-87,802,2002,-638,-406,1503,3349,1385,1259,4743,1147,675,3061,2875,2412,-5802,-4574,-3306,-3743,-381,-2507,-1583,6162,1153,1526,4480,-1908,2849,-7754,-13452,-5690,-4180,-1290,-5298,4790,-2785,-8011,-7423,-8471,-9136,-7105,-8693,-20935
 "40119","Payne, OK",6,CAINC4,20,"...","Population (persons) 3/","Number of persons",48910,50963,52808,55252,54321,55948,55825,57974,59006,60540,61355,62586,63074,65104,65981,65404,64394,63668,62839,62282,61806,61496,61789,62872,63809,64132,64803,65161,66320,66837,68039,68350,70132,70708,71879,72244,72578,74964,74164,75000,76859,77418,78244,78734,79712,80536,81379,81842,81899,82080,81543,81645,82149,82794
 "40119","Payne, OK",6,CAINC4,30,"...","Per capita personal income (dollars) 4/","Dollars",2482,2676,2907,3047,3396,3789,4374,4733,5369,5942,6556,7360,8507,9222,9547,10244,11019,11411,11562,12165,13581,14383,15061,15657,15891,16669,17376,18227,18987,19221,19900,21582,21800,22208,23667,24471,25478,27538,29789,32035,30160,31471,32683,33275,33631,36523,35293,34307,35048,36671,38480,41494,45036,45416
 "40119","Payne, OK",6,CAINC4,35,"...","Earnings by place of work ","Thousands of dollars",94281,104270,116635,128123,138462,158090,179438,202894,231051,264006,296287,331696,384974,422907,431570,457044,483835,497711,504333,529787,594139,631027,669636,717560,744871,786400,820602,865776,919830,941629,1012415,1111426,1136977,1152042,1266040,1310254,1362568,1508667,1610855,1749555,1658302,1773991,1820009,1887769,1969701,2178564,2113453,2020270,2053243,2131865,2215814,2265445,2354949,2500493
 "40119","Payne, OK",6,CAINC4,36,"...","Less: Contributions for government social insurance 5/","Thousands of dollars",6071,6668,7756,8852,11380,13453,15141,17466,19989,23619,27555,31440,38555,42444,42420,45831,49189,51329,52943,59545,66436,71956,77552,82224,86277,92383,98409,101913,106888,108139,115806,124709,127707,128098,140369,146123,149548,161487,175022,187412,183965,192175,174995,182260,208936,228983,223956,215906,220772,232173,242566,248768,259138,281360
 "40119","Payne, OK",6,CAINC4,37,"..."," Employee and self-employed contributions for government social insurance ","Thousands of dollars",3454,3795,4383,4932,6303,7451,8311,9327,10614,12385,14401,15981,19649,21641,21491,22842,25166,26312,27124,30679,34536,37105,39839,41954,43210,45909,48584,50609,53840,55095,59718,64488,65899,65881,70900,72607,74959,81918,89893,96179,95093,98985,78241,80607,104986,115755,115192,116237,118896,125784,131153,135458,140673,154639
 "40119","Payne, OK",6,CAINC4,38,"..."," Employer contributions for government social insurance ","Thousands of dollars",2617,2873,3373,3920,5077,6002,6830,8139,9375,11234,13154,15459,18906,20803,20929,22989,24023,25017,25819,28866,31900,34851,37713,40270,43067,46474,49825,51304,53048,53044,56088,60221,61808,62217,69469,73516,74589,79569,85129,91233,88872,93190,96754,101653,103950,113228,108764,99669,101876,106389,111413,113310,118465,126721
 "40119","Payne, OK",6,CAINC4,42,"...","Plus: Adjustment for residence 6/","Thousands of dollars",1340,1272,902,997,1217,945,787,1311,8897,10174,9783,6647,4449,5499,5684,6935,6332,6056,4989,6195,-3158,8832,6313,4622,2981,650,-2915,-5979,-8364,-7490,-14553,-18851,-16917,-15748,-28786,-27044,-24130,-26140,-37490,-51859,-53065,-77812,-79100,-96009,-106175,-138557,-117887,-101588,-103668,-101320,-102465,-95382,-99324,-101686
 "40119","Payne, OK",6,CAINC4,45,"...","Equals: Net earnings by place of residence ","Thousands of dollars",89550,98874,109781,120268,128299,145582,165084,186739,219959,250561,278515,306903,350868,385962,394834,418148,440978,452438,456379,476437,524545,567903,598397,639958,661575,694667,719278,757884,804578,826000,882056,967866,992353,1008196,1096885,1137087,1188890,1321040,1398343,1510284,1421272,1504004,1565914,1609500,1654590,1811024,1771610,1702776,1728803,1798372,1870783,1921295,1996487,2117447
 "40119","Payne, OK",6,CAINC4,46,"...","Plus: Dividends, interest, and rent 7/","Thousands of dollars",19187,23062,27241,29972,35159,41560,47553,52829,59960,68818,77938,100050,125726,147884,161553,175223,185432,187038,177135,183213,208858,202735,209535,209836,207813,219548,239249,256188,276383,281659,286395,310128,316428,321836,348973,360865,370552,431526,477113,512770,487329,487352,537108,552433,562007,639728,598853,588606,599338,648439,663961,696740,816622,837076
 "40119","Payne, OK",6,CAINC4,47,"...","Plus: Personal current transfer receipts ","Thousands of dollars",12652,14453,16503,18105,21007,24831,31532,34840,36903,40368,45762,53651,59960,66528,73516,76660,83151,87012,93053,97994,106005,113869,122674,134615,144580,154783,167488,173615,178275,177025,185514,197118,220128,240278,255317,269916,289711,311788,333829,379590,409499,445078,454230,457949,464190,490672,501654,516406,542221,563130,603011,769740,886514,805629
 "40119","Payne, OK",6,CAINC4,50,"...","Wages and salaries ","Thousands of dollars",69082,77462,85267,91342,100111,113086,126607,146002,167239,191180,217402,244062,286513,318423,322083,338450,356872,362570,372259,392198,434737,466031,497760,525317,540829,566747,600321,634579,670078,691769,753517,811420,825263,815437,892635,920700,940141,1028957,1126498,1230025,1193550,1240351,1247149,1311071,1351677,1497556,1466380,1434931,1451259,1530485,1590951,1565630,1637738,1778238
 "40119","Payne, OK",6,CAINC4,60,"...","Supplements to wages and salaries ","Thousands of dollars",8283,9419,10981,12421,14062,16553,19155,21986,26224,30731,35736,40751,49227,56711,58992,63379,68746,72691,76493,82534,96183,105226,116012,132904,140347,150144,155326,162649,167444,172302,185819,209373,209930,221270,248519,263536,274910,288427,307124,321842,318834,353264,353801,344874,378252,416844,418055,404745,411724,428925,436480,422990,418132,429811
 "40119","Payne, OK",6,CAINC4,61,"..."," Employer contributions for employee pension and insurance funds 8/","Thousands of dollars",5666,6546,7608,8501,8985,10551,12325,13847,16849,19497,22582,25292,30321,35908,38063,40390,44723,47674,50674,53668,64283,70375,78299,92634,97280,103670,105501,111345,114396,119258,129731,149152,148122,159053,179050,190020,200321,208858,221995,230609,229962,260074,257047,243221,274302,303616,309291,305076,309848,322536,325067,309680,299667,303090
 "40119","Payne, OK",6,CAINC4,62,"..."," Employer contributions for government social insurance ","Thousands of dollars",2617,2873,3373,3920,5077,6002,6830,8139,9375,11234,13154,15459,18906,20803,20929,22989,24023,25017,25819,28866,31900,34851,37713,40270,43067,46474,49825,51304,53048,53044,56088,60221,61808,62217,69469,73516,74589,79569,85129,91233,88872,93190,96754,101653,103950,113228,108764,99669,101876,106389,111413,113310,118465,126721
 "40119","Payne, OK",6,CAINC4,70,"...","Proprietors' income 9/","Thousands of dollars",16916,17389,20387,24360,24289,28451,33676,34906,37588,42095,43149,46883,49234,47773,50495,55215,58217,62450,55581,55055,63219,59770,55864,59339,63695,69509,64955,68548,82308,77558,73079,90633,101784,115335,124886,126018,147517,191283,177233,197688,145918,180376,219059,231824,239772,264164,229018,180594,190260,172455,188383,276825,299079,292444
 "40119","Payne, OK",6,CAINC4,71,"..."," Farm proprietors' income ","Thousands of dollars",1654,1540,2364,3222,2140,2450,3565,1416,-462,9,-2403,-1352,-544,356,-2197,-1916,37,2047,140,-95,3334,-438,-818,1730,1494,1198,-7127,-5828,-4542,-4969,-1757,-3859,-3125,5055,-124,-280,2755,-3593,465,-10464,-15617,-7846,-6577,-4352,-7848,2043,-4466,-9892,-9380,-10156,-11306,-9334,-10713,-23267
 "40119","Payne, OK",6,CAINC4,72,"..."," Nonfarm proprietors' income ","Thousands of dollars",15262,15849,18023,21138,22149,26001,30111,33490,38050,42086,45552,48235,49778,47417,52692,57131,58180,60403,55441,55150,59885,60208,56682,57609,62201,68311,72082,74376,86850,82527,74836,94492,104909,110280,125010,126298,144762,194876,176768,208152,161535,188222,225636,236176,247620,262121,233484,190486,199640,182611,199689,286159,309792,315711
 "40119","Payne, OK",6,CAINC4,7010,"...","Total employment ","Number of jobs",18903,20328,21021,21994,22277,23098,23957,25171,26686,28278,29307,30232,31515,32731,32473,32984,33294,32610,32893,33852,35011,35593,36225,37000,38107,39097,40779,42043,42700,43509,45331,46137,45063,44080,44957,45013,45275,45916,48192,47885,47207,46666,46425,47170,47852,49473,49137,49032,49472,48974,48862,47260,48045,50299
 "40119","Payne, OK",6,CAINC4,7020,"..."," Wage and salary employment ","Number of jobs",15422,16689,17184,17903,18352,18931,19440,20550,21783,23171,24034,24743,25635,26677,26002,26253,26366,25826,25459,26309,27702,28249,28805,29945,30712,31731,33024,34018,34584,35449,37196,37812,36427,35504,36170,35955,35837,36162,38044,37649,36907,36401,36093,36422,36885,38326,37724,37428,37858,37651,38017,36072,36515,38073
 "40119","Payne, OK",6,CAINC4,7040,"..."," Proprietors employment ","Number of jobs",3481,3639,3837,4091,3925,4167,4517,4621,4903,5107,5273,5489,5880,6054,6471,6731,6928,6784,7434,7543,7309,7344,7420,7055,7395,7366,7755,8025,8116,8060,8135,8325,8636,8576,8787,9058,9438,9754,10148,10236,10300,10265,10332,10748,10967,11147,11413,11604,11614,11323,10845,11188,11530,12226
 "40121","Pittsburg, OK",6,CAINC4,10,"...","Personal income (thousands of dollars) ","Thousands of dollars",102045,105720,115397,137562,152561,156634,173398,188067,205226,226974,255253,287608,332518,367366,380419,410299,432747,446766,447570,462580,493095,530869,565741,597320,622061,635245,658013,694074,751529,778016,797512,848484,911830,960561,994292,1090433,1146445,1248137,1364576,1518957,1430912,1494736,1545436,1610061,1532526,1578642,1578420,1572947,1618340,1674904,1719091,1774008,1872226,1852849
 "40121","Pittsburg, OK",6,CAINC4,11,"..."," Nonfarm personal income 1/","Thousands of dollars",100262,103962,113699,135564,146984,150308,170321,185482,203218,226863,253742,287976,326427,365907,380189,411949,433936,448463,448979,461182,488474,530658,564870,595816,620506,630967,664045,700731,755562,782565,794166,846182,909480,948377,992525,1082356,1135935,1249784,1360410,1523405,1436055,1497375,1546456,1603806,1536199,1572603,1573069,1576451,1621863,1678810,1726417,1777498,1877312,1872584
 "40121","Pittsburg, OK",6,CAINC4,12,"..."," Farm income 2/","Thousands of dollars",1783,1758,1698,1998,5577,6326,3077,2585,2008,111,1511,-368,6091,1459,230,-1650,-1189,-1697,-1409,1398,4621,211,871,1504,1555,4278,-6032,-6657,-4033,-4549,3346,2302,2350,12184,1767,8077,10510,-1647,4166,-4448,-5143,-2639,-1020,6255,-3673,6039,5351,-3504,-3523,-3906,-7326,-3490,-5086,-19735
 "40121","Pittsburg, OK",6,CAINC4,20,"...","Population (persons) 3/","Number of persons",37326,37522,38284,38972,39071,39331,39433,40900,40911,40904,40845,40420,39931,40566,42307,42269,42288,42160,41492,40764,40651,40978,41583,42367,42920,43219,43501,43470,43366,43428,43836,43982,43447,43933,43983,44029,44412,44831,45062,45450,45887,45801,45733,45562,45293,44884,44760,44437,44225,43888,43720,43784,43695,43613
 "40121","Pittsburg, OK",6,CAINC4,30,"...","Per capita personal income (dollars) 4/","Dollars",2734,2818,3014,3530,3905,3982,4397,4598,5016,5549,6249,7115,8327,9056,8992,9707,10233,10597,10787,11348,12130,12955,13605,14099,14493,14698,15126,15967,17330,17915,18193,19292,20987,21864,22606,24766,25814,27841,30282,33420,31183,32635,33793,35338,33836,35172,35264,35397,36593,38163,39320,40517,42848,42484
 "40121","Pittsburg, OK",6,CAINC4,35,"...","Earnings by place of work ","Thousands of dollars",84207,83423,87730,106828,117262,112730,119867,129110,140939,155558,170503,180866,209096,229455,224147,244785,258086,272442,275729,283787,301413,330949,357246,377209,393682,392194,399794,418492,470829,482206,501454,527211,559582,626223,620710,681583,728574,812236,897496,977715,906035,958066,1012331,1069353,988348,988793,1018110,1006096,1045547,1107897,1103534,1028000,1038261,1066274
 "40121","Pittsburg, OK",6,CAINC4,36,"...","Less: Contributions for government social insurance 5/","Thousands of dollars",4167,4517,4990,5740,7333,8150,9013,9916,10925,12602,14308,15235,18536,20818,20460,22942,24700,26893,27462,30003,32393,36522,39829,41716,44313,45168,47880,49508,54434,55901,58105,60555,64936,73048,72647,78999,85157,95215,105412,114324,108892,114733,111180,113968,118083,115509,118877,119588,126601,136243,134770,126892,127927,136050
 "40121","Pittsburg, OK",6,CAINC4,37,"..."," Employee and self-employed contributions for government social insurance ","Thousands of dollars",2311,2473,2714,3029,3898,4382,4754,5095,5647,6511,7423,7954,9639,10903,10721,11897,13206,14305,14720,16380,17963,19811,21670,22625,23538,24025,25381,26066,28764,29613,31008,31911,33871,37428,36953,39746,42754,48863,54842,59710,57440,59928,49810,50414,60039,60002,62717,64899,68639,73835,73960,70368,70805,76333
 "40121","Pittsburg, OK",6,CAINC4,38,"..."," Employer contributions for government social insurance ","Thousands of dollars",1856,2044,2276,2711,3435,3768,4259,4821,5278,6091,6885,7281,8897,9915,9739,11045,11494,12588,12742,13623,14430,16711,18159,19091,20775,21143,22499,23442,25670,26288,27097,28644,31065,35620,35694,39253,42403,46352,50570,54614,51452,54805,61370,63554,58044,55507,56160,54689,57962,62408,60810,56524,57122,59717
 "40121","Pittsburg, OK",6,CAINC4,42,"...","Plus: Adjustment for residence 6/","Thousands of dollars",-7260,-6573,-6353,-8098,-7749,-4445,-4442,-4181,-3797,-3863,-4326,-2134,-2032,-3238,-1391,-2291,-2001,-2677,-2882,-1113,-540,-845,-2769,-4239,-3678,-132,710,2771,3263,899,2427,4066,5173,-6929,-617,1889,-2106,-3864,-14426,-14144,-22129,-30506,-47110,-50854,-41110,-34294,-43271,-46277,-58923,-67645,-58771,-45309,-40467,-41042
 "40121","Pittsburg, OK",6,CAINC4,45,"...","Equals: Net earnings by place of residence ","Thousands of dollars",72780,72333,76387,92990,102180,100135,106412,115013,126217,139093,151869,163497,188528,205399,202296,219552,231385,242872,245385,252671,268480,293582,314648,331254,345691,346894,352624,371755,419658,427204,445776,470722,499819,546246,547446,604473,641311,713157,777658,849247,775014,812827,854041,904531,829155,838990,855962,840231,860023,904009,909993,855799,869867,889182
 "40121","Pittsburg, OK",6,CAINC4,46,"...","Plus: Dividends, interest, and rent 7/","Thousands of dollars",14803,16847,19714,23035,25899,27767,31260,33872,38274,44696,52882,65879,79672,90715,100934,111054,116804,115497,111480,114250,122768,129075,134175,135440,136871,138451,145915,155811,163735,179954,172728,191167,204457,189533,205445,225169,230444,236274,275058,324174,284111,293642,307744,318930,308093,326886,300760,302330,314394,314799,314765,320737,337597,344927
 "40121","Pittsburg, OK",6,CAINC4,47,"...","Plus: Personal current transfer receipts ","Thousands of dollars",14462,16540,19296,21537,24482,28732,35726,39182,40735,43185,50502,58232,64318,71252,77189,79693,84558,88397,90705,95659,101847,108212,116918,130626,139499,149900,159474,166508,168136,170858,179008,186595,207554,224782,241401,260791,274690,298706,311860,345536,371787,388267,383651,386600,395278,412766,421698,430386,443923,456096,494333,597472,664762,618740
 "40121","Pittsburg, OK",6,CAINC4,50,"...","Wages and salaries ","Thousands of dollars",61095,60948,62256,75464,80863,75843,82546,89564,98087,109432,119660,128058,147239,166851,159861,173526,180593,190442,191403,192845,201034,225320,242122,253731,265627,262414,275364,288995,318212,331750,351038,371849,406891,448242,446589,475329,507555,578563,648681,716533,669777,704469,741548,760151,703611,698658,725503,735528,775298,831341,823746,744502,747666,794376
 "40121","Pittsburg, OK",6,CAINC4,60,"...","Supplements to wages and salaries ","Thousands of dollars",8914,9102,10461,14346,15065,13092,15026,16096,17818,19537,21413,23298,26873,31417,31337,34669,37254,40371,40231,41194,45340,52797,59722,66346,70749,69678,71898,74992,80205,83940,88289,96742,104715,115640,120520,133212,143995,155362,166218,178232,178677,198173,206177,203110,195487,193520,202099,207223,217001,232351,231625,218300,214089,219311
 "40121","Pittsburg, OK",6,CAINC4,61,"..."," Employer contributions for employee pension and insurance funds 8/","Thousands of dollars",7058,7058,8185,11635,11630,9324,10767,11275,12540,13446,14528,16017,17976,21502,21598,23624,25760,27783,27489,27571,30910,36086,41563,47255,49974,48535,49399,51550,54535,57652,61192,68098,73650,80020,84826,93959,101592,109010,115648,123618,127225,143368,144807,139556,137443,138013,145939,152534,159039,169943,170815,161776,156967,159594
 "40121","Pittsburg, OK",6,CAINC4,62,"..."," Employer contributions for government social insurance ","Thousands of dollars",1856,2044,2276,2711,3435,3768,4259,4821,5278,6091,6885,7281,8897,9915,9739,11045,11494,12588,12742,13623,14430,16711,18159,19091,20775,21143,22499,23442,25670,26288,27097,28644,31065,35620,35694,39253,42403,46352,50570,54614,51452,54805,61370,63554,58044,55507,56160,54689,57962,62408,60810,56524,57122,59717
 "40121","Pittsburg, OK",6,CAINC4,70,"...","Proprietors' income 9/","Thousands of dollars",14198,13373,15013,17018,21334,23795,22295,23450,25034,26589,29430,29510,34984,31187,32949,36590,40239,41629,44095,49748,55039,52832,55402,57132,57306,60102,52532,54505,72412,66516,62127,58620,47976,62341,53601,73042,77024,78311,82597,82950,57581,55424,64606,106092,89250,96615,90508,63345,53248,44205,48163,65198,76506,52587
 "40121","Pittsburg, OK",6,CAINC4,71,"..."," Farm proprietors' income ","Thousands of dollars",1336,1229,1175,1388,4883,5459,2134,1404,438,-1115,297,-1505,5075,438,-711,-2546,-2021,-2415,-2076,557,3611,-1062,-483,191,237,3177,-7173,-7688,-4992,-5862,1510,169,-450,9941,-640,4876,7654,-4261,713,-8420,-8342,-5848,-4631,1642,-7519,1889,2827,-6358,-6491,-6438,-10597,-6854,-8152,-23279
 "40121","Pittsburg, OK",6,CAINC4,72,"..."," Nonfarm proprietors' income ","Thousands of dollars",12862,12144,13838,15630,16451,18336,20161,22046,24596,27704,29133,31015,29909,30749,33660,39136,42260,44044,46171,49191,51428,53894,55885,56941,57069,56925,59705,62193,77404,72378,60617,58451,48426,52400,54241,68166,69370,82572,81884,91370,65923,61272,69237,104450,96769,94726,87681,69703,59739,50643,58760,72052,84658,75866
 "40121","Pittsburg, OK",6,CAINC4,7010,"...","Total employment ","Number of jobs",14971,14027,13903,15405,15579,14718,14708,15007,15659,16126,15797,15293,15825,16359,15966,16722,16776,17188,17666,17344,17293,17908,18317,18135,18873,18734,19268,19624,20372,20274,20798,20915,21704,22213,21498,21984,22718,23680,24863,25858,24444,24609,24749,24850,23941,23288,23430,23375,23116,23681,22772,21720,21536,21940
 "40121","Pittsburg, OK",6,CAINC4,7020,"..."," Wage and salary employment ","Number of jobs",12015,11040,10777,12006,12237,11377,11237,11426,11844,12138,11901,11470,11873,12312,11709,12250,12156,12556,12523,12460,12553,13144,13488,13406,13964,13750,13941,14095,14644,14868,15432,15467,16122,16723,15968,16474,17118,18134,19031,20007,18626,18862,19053,18973,17869,17189,17299,17269,17411,17944,17429,16102,15919,16065
 "40121","Pittsburg, OK",6,CAINC4,7040,"..."," Proprietors employment ","Number of jobs",2956,2987,3126,3399,3342,3341,3471,3581,3815,3988,3896,3823,3952,4047,4257,4472,4620,4632,5143,4884,4740,4764,4829,4729,4909,4984,5327,5529,5728,5406,5366,5448,5582,5490,5530,5510,5600,5546,5832,5851,5818,5747,5696,5877,6072,6099,6131,6106,5705,5737,5343,5618,5617,5875
 "40123","Pontotoc, OK",6,CAINC4,10,"...","Personal income (thousands of dollars) ","Thousands of dollars",72691,80900,88530,101309,114427,127645,145553,161560,179390,206641,235904,272814,316264,344624,367104,389887,403652,401861,407149,422984,450831,470222,485462,503015,534827,545272,568362,596930,645698,652026,675091,718382,784057,817118,863500,916013,976475,1077531,1137767,1253973,1235073,1297735,1365094,1379455,1384993,1476457,1480795,1502621,1562884,1632762,1717753,1845740,1996423,2021472
 "40123","Pontotoc, OK",6,CAINC4,11,"..."," Nonfarm personal income 1/","Thousands of dollars",71219,78789,87396,98716,111428,126074,144739,159678,178905,205919,232798,271304,313322,345017,369465,390226,402449,401544,405870,419990,446422,466610,481918,499603,531745,539015,566993,597675,646686,655859,674862,718948,782735,813520,862384,911826,971773,1076192,1131495,1236103,1226317,1284019,1353695,1374489,1385572,1470171,1481242,1507286,1568121,1639947,1724944,1852208,2004304,2035420
 "40123","Pontotoc, OK",6,CAINC4,12,"..."," Farm income 2/","Thousands of dollars",1472,2111,1134,2593,2999,1571,814,1882,485,722,3106,1510,2942,-393,-2361,-339,1203,317,1279,2994,4409,3612,3544,3412,3082,6257,1369,-745,-988,-3833,229,-566,1322,3598,1116,4187,4702,1339,6272,17870,8756,13716,11399,4966,-579,6286,-447,-4665,-5237,-7185,-7191,-6468,-7881,-13948
 "40123","Pontotoc, OK",6,CAINC4,20,"...","Population (persons) 3/","Number of persons",27021,28022,28826,29549,29781,30396,30334,31007,31495,31479,32281,32720,33146,33891,34836,35002,35207,34972,35030,34353,34175,34112,34080,34022,34094,34382,34818,35233,34965,35017,34993,35148,34866,34929,35048,35097,35267,35525,36157,36687,37283,37587,37718,38001,38070,38169,38188,38311,38130,38077,38067,38087,38195,38141
 "40123","Pontotoc, OK",6,CAINC4,30,"...","Per capita personal income (dollars) 4/","Dollars",2690,2887,3071,3429,3842,4199,4798,5210,5696,6564,7308,8338,9542,10169,10538,11139,11465,11491,11623,12313,13192,13785,14245,14785,15687,15859,16324,16942,18467,18620,19292,20439,22488,23394,24638,26099,27688,30332,31467,34180,33127,34526,36192,36300,36380,38682,38776,39222,40988,42881,45124,48461,52269,53000
 "40123","Pontotoc, OK",6,CAINC4,35,"...","Earnings by place of work ","Thousands of dollars",52536,56957,61569,72612,83457,90178,100459,113662,127026,147234,164828,184586,210253,221916,233727,250651,256479,251631,259786,273096,287712,301672,312132,323573,351543,363083,371034,388110,429484,427271,450139,482565,535896,581656,607008,630846,690232,749994,784096,854462,836648,886219,936470,946763,972037,1042319,1062504,1101523,1131959,1196322,1260098,1313172,1367945,1445030
 "40123","Pontotoc, OK",6,CAINC4,36,"...","Less: Contributions for government social insurance 5/","Thousands of dollars",3462,3700,4175,5025,6742,7626,8457,9535,10769,12884,14739,16741,20241,22094,23051,24928,25883,26287,27103,29942,31702,33841,36021,37102,40579,42490,44696,46153,49965,50241,52851,56036,61468,67046,69954,72499,79533,85569,89671,94651,95176,97631,93899,95968,108590,114007,118127,123201,127692,136307,143781,153900,159183,172686
 "40123","Pontotoc, OK",6,CAINC4,37,"..."," Employee and self-employed contributions for government social insurance ","Thousands of dollars",1934,2076,2339,2752,3662,4139,4559,4992,5632,6663,7630,8676,10507,11509,11892,12706,13590,13745,14341,16007,17329,18254,19448,20091,21622,22435,23485,24257,26586,26792,28310,29761,32501,35029,35980,37021,40303,43584,46528,49323,49960,51550,42744,42979,54950,58349,61232,66070,68836,73716,77562,82167,85304,93168
 "40123","Pontotoc, OK",6,CAINC4,38,"..."," Employer contributions for government social insurance ","Thousands of dollars",1528,1624,1836,2273,3080,3487,3898,4543,5137,6221,7109,8065,9734,10585,11159,12222,12293,12542,12762,13935,14373,15587,16573,17011,18957,20055,21211,21896,23379,23449,24541,26275,28967,32017,33974,35478,39230,41985,43143,45328,45216,46081,51155,52989,53640,55658,56895,57131,58856,62591,66219,71733,73879,79518
 "40123","Pontotoc, OK",6,CAINC4,42,"...","Plus: Adjustment for residence 6/","Thousands of dollars",648,1369,1223,1633,1060,1897,2025,1467,1852,3055,4656,5636,7075,8919,6210,6073,5995,4933,4249,3534,3094,3168,1856,592,-3499,-4986,-7294,-9569,-14845,-16670,-21503,-25907,-26505,-29760,-30879,-31206,-34320,-35084,-39922,-45559,-45708,-52905,-64428,-71056,-79304,-85377,-94650,-109423,-111290,-118371,-127019,-137401,-137681,-147197
 "40123","Pontotoc, OK",6,CAINC4,45,"...","Equals: Net earnings by place of residence ","Thousands of dollars",49722,54626,58617,69220,77775,84449,94027,105594,118109,137405,154745,173481,197087,208741,216886,231796,236591,230277,236932,246688,259104,270999,277967,287063,307465,315607,319044,332388,364674,360360,375785,400622,447923,484850,506175,527141,576379,629341,654503,714252,695764,735683,778143,779739,784143,842935,849727,868899,892977,941644,989298,1021871,1071081,1125147
 "40123","Pontotoc, OK",6,CAINC4,46,"...","Plus: Dividends, interest, and rent 7/","Thousands of dollars",11487,13106,14876,15767,18337,21325,24761,26642,29716,35202,41822,54012,67677,79011,88149,94066,98322,97821,92581,93615,103034,104128,105968,102158,110097,105257,114875,122561,132309,138740,138878,151666,150760,142009,154108,171438,177571,203740,219733,250303,234535,235894,256586,268370,263112,287959,272353,271769,285523,297929,313795,320842,342047,346619
 "40123","Pontotoc, OK",6,CAINC4,47,"...","Plus: Personal current transfer receipts ","Thousands of dollars",11482,13168,15037,16322,18315,21871,26765,29324,31565,34034,39337,45321,51500,56872,62069,64025,68739,73763,77636,82681,88693,95095,101527,113794,117265,124408,134443,141981,148715,152926,160428,166094,185374,190259,203217,217434,222525,244450,263531,289418,304774,326158,330365,331346,337738,345563,358715,361953,384384,393189,414660,503027,583295,549706
 "40123","Pontotoc, OK",6,CAINC4,50,"...","Wages and salaries ","Thousands of dollars",37572,40436,43653,50167,58240,63063,70026,78846,88723,103254,115348,132778,152944,165601,171930,180306,182762,180368,182890,191423,196345,206763,216309,220787,237911,246931,258456,272523,299338,308081,330013,354142,376626,404207,424013,439395,479672,523849,554434,600869,590628,605187,643410,657860,669197,713160,748521,794778,825419,881088,928980,966850,1008836,1096903
 "40123","Pontotoc, OK",6,CAINC4,60,"...","Supplements to wages and salaries ","Thousands of dollars",4222,4730,5491,6602,7879,8882,10380,11939,14161,16537,18861,21889,25681,28618,31160,33165,34636,36000,36401,38773,41534,45414,49649,54026,58819,61440,63184,65630,70572,72875,78806,87411,92795,103141,110089,118211,132338,139608,147297,152705,153122,167646,174387,170940,183691,196904,209399,215949,222297,235201,242186,245128,241918,247865
 "40123","Pontotoc, OK",6,CAINC4,61,"..."," Employer contributions for employee pension and insurance funds 8/","Thousands of dollars",2694,3106,3655,4329,4799,5395,6482,7396,9024,10316,11752,13824,15947,18033,20001,20943,22343,23458,23639,24838,27161,29827,33076,37015,39862,41385,41973,43734,47193,49426,54265,61136,63828,71124,76115,82733,93108,97623,104154,107377,107906,121565,123232,117951,130051,141246,152504,158818,163441,172610,175967,173395,168039,168347
 "40123","Pontotoc, OK",6,CAINC4,62,"..."," Employer contributions for government social insurance ","Thousands of dollars",1528,1624,1836,2273,3080,3487,3898,4543,5137,6221,7109,8065,9734,10585,11159,12222,12293,12542,12762,13935,14373,15587,16573,17011,18957,20055,21211,21896,23379,23449,24541,26275,28967,32017,33974,35478,39230,41985,43143,45328,45216,46081,51155,52989,53640,55658,56895,57131,58856,62591,66219,71733,73879,79518
 "40123","Pontotoc, OK",6,CAINC4,70,"...","Proprietors' income 9/","Thousands of dollars",10742,11791,12425,15843,17338,18233,20053,22877,24142,27443,30619,29919,31628,27697,30637,37180,39081,35263,40495,42900,49833,49495,46174,48760,54813,54712,49394,49957,59574,46315,41320,41012,66475,74308,72906,73240,78222,86537,82365,100888,92898,113386,118673,117963,119149,132255,104584,90796,84243,80033,88932,101194,117191,100262
 "40123","Pontotoc, OK",6,CAINC4,71,"..."," Farm proprietors' income ","Thousands of dollars",940,1519,584,1979,2338,781,-4,903,-763,-224,2048,391,1827,-1682,-3586,-1543,24,-757,228,1866,3246,2312,2317,2323,1940,5246,257,-1817,-2059,-5000,-1190,-2049,-464,2256,-405,2096,2739,-508,3692,15137,6732,11808,9390,2534,-2609,4100,-1781,-6162,-6795,-8523,-8918,-8247,-9497,-15815
 "40123","Pontotoc, OK",6,CAINC4,72,"..."," Nonfarm proprietors' income ","Thousands of dollars",9802,10272,11841,13864,15000,17452,20057,21974,24905,27667,28571,29528,29801,29379,34223,38723,39057,36020,40267,41034,46587,47183,43857,46437,52873,49466,49137,51774,61633,51315,42510,43061,66939,72052,73311,71144,75483,87045,78673,85751,86166,101578,109283,115429,121758,128155,106365,96958,91038,88556,97850,109441,126688,116077
 "40123","Pontotoc, OK",6,CAINC4,7010,"...","Total employment ","Number of jobs",10897,11119,11349,12174,12524,12696,12999,13499,14187,15194,15414,15875,16442,16981,17293,17813,17620,17134,17158,17358,17224,17485,17760,17629,18215,18528,19055,19442,20402,19996,20386,20889,22010,22256,22400,22257,23288,24572,24833,25073,24797,24561,24832,25435,25246,25549,25755,25843,25991,25949,26359,26143,26074,27031
 "40123","Pontotoc, OK",6,CAINC4,7020,"..."," Wage and salary employment ","Number of jobs",8117,8220,8398,9053,9521,9624,9729,10186,10688,11561,11668,11954,12213,12446,12512,12890,12592,12397,12134,12360,12398,12704,12974,12984,13474,13589,13920,14287,15177,15217,15748,16158,17046,17356,17426,17207,18145,19233,19233,19404,19025,18597,18781,18971,18843,19130,19517,19547,19631,19869,20495,20089,19998,20631
 "40123","Pontotoc, OK",6,CAINC4,7040,"..."," Proprietors employment ","Number of jobs",2780,2899,2951,3121,3003,3072,3270,3313,3499,3633,3746,3921,4229,4535,4781,4923,5028,4737,5024,4998,4826,4781,4786,4645,4741,4939,5135,5155,5225,4779,4638,4731,4964,4900,4974,5050,5143,5339,5600,5669,5772,5964,6051,6464,6403,6419,6238,6296,6360,6080,5864,6054,6076,6400
 "40125","Pottawatomie, OK",6,CAINC4,10,"...","Personal income (thousands of dollars) ","Thousands of dollars",133338,147740,166239,183134,203369,229666,260556,286813,328020,375548,436119,506275,569784,615961,645645,699278,721203,722747,717943,755554,794192,820292,851560,900879,936973,982367,1049268,1082976,1128297,1181170,1229656,1345142,1633457,1718025,1796959,1861305,1940890,2116329,2133348,2270860,2301475,2416192,2441674,2460150,2475937,2555589,2570081,2517352,2601258,2672249,2901613,3135006,3647165,3499211
 "40125","Pottawatomie, OK",6,CAINC4,11,"..."," Nonfarm personal income 1/","Thousands of dollars",131699,145078,163640,179109,197752,226173,256492,285181,325734,376499,433560,504608,567407,615974,645238,699402,719625,723205,718159,755304,793623,819313,851340,902316,938238,980518,1054054,1083677,1123171,1181950,1228507,1343739,1632460,1714834,1793479,1852907,1932632,2113878,2128379,2274583,2307603,2419154,2444800,2454139,2473639,2547475,2572757,2525061,2610435,2682081,2912421,3144779,3657184,3524080
 "40125","Pottawatomie, OK",6,CAINC4,12,"..."," Farm income 2/","Thousands of dollars",1639,2662,2599,4025,5617,3493,4064,1632,2286,-951,2559,1667,2377,-13,407,-124,1578,-458,-216,250,569,979,220,-1437,-1265,1849,-4786,-701,5126,-780,1149,1403,997,3191,3480,8398,8258,2451,4969,-3723,-6128,-2962,-3126,6011,2298,8114,-2676,-7709,-9177,-9832,-10808,-9773,-10019,-24869
 "40125","Pottawatomie, OK",6,CAINC4,20,"...","Population (persons) 3/","Number of persons",42350,43291,44232,46099,47699,49442,50484,51546,52597,53115,53799,55655,57218,59025,61186,62354,62567,61787,60666,59433,58801,58809,59002,59677,60632,60789,61635,62559,62517,63789,64861,65647,66222,66469,67201,67072,67264,67696,68698,68752,69002,69642,70015,70420,70765,71352,71246,71731,71857,72134,72209,72542,73092,73533
 "40125","Pottawatomie, OK",6,CAINC4,30,"...","Per capita personal income (dollars) 4/","Dollars",3148,3413,3758,3973,4264,4645,5161,5564,6236,7070,8106,9097,9958,10436,10552,11215,11527,11697,11834,12713,13506,13948,14433,15096,15453,16160,17024,17311,18048,18517,18958,20491,24666,25847,26740,27751,28855,31262,31054,33030,33354,34694,34874,34935,34988,35817,36073,35094,36200,37046,40184,43216,49898,47587
 "40125","Pottawatomie, OK",6,CAINC4,35,"...","Earnings by place of work ","Thousands of dollars",68173,73638,82645,92065,103137,116472,134012,151475,181524,212328,249831,281120,311373,326369,337990,374236,376422,374742,372555,393556,409265,428507,448373,474759,494505,521329,553711,574933,597000,633609,633613,692200,948495,986417,1023818,1054251,1084926,1180348,1154734,1212567,1274362,1327378,1286414,1246167,1256634,1329614,1360194,1300445,1304200,1303375,1439272,1493372,1842375,1741298
 "40125","Pottawatomie, OK",6,CAINC4,36,"...","Less: Contributions for government social insurance 5/","Thousands of dollars",4441,4699,5442,6193,7924,9425,10731,12390,14770,18206,21893,25108,29788,32207,33023,36954,38063,39160,39383,43479,46048,49145,53077,56059,58935,62849,67512,68094,70408,74566,74939,80007,92819,96030,97919,100968,104928,112058,119144,120708,125631,129505,120708,124341,138716,142932,148307,145139,149946,152059,161397,171528,186283,196168
 "40125","Pottawatomie, OK",6,CAINC4,37,"..."," Employee and self-employed contributions for government social insurance ","Thousands of dollars",2564,2741,3141,3505,4492,5286,5934,6604,7866,9563,11489,13277,15827,17207,17307,19129,20230,20774,20949,23562,25298,26582,28693,30251,31295,33311,35965,36455,37543,40091,40828,43460,55027,56617,56830,56496,57748,62522,66822,67696,72913,74837,60708,59746,74048,77657,81743,83628,86168,88565,94489,100723,110903,117097
 "40125","Pottawatomie, OK",6,CAINC4,38,"..."," Employer contributions for government social insurance ","Thousands of dollars",1877,1958,2301,2688,3432,4139,4797,5786,6904,8643,10404,11831,13961,15000,15716,17825,17833,18386,18434,19917,20750,22563,24384,25808,27640,29538,31547,31639,32865,34475,34111,36547,37792,39413,41089,44472,47180,49536,52322,53012,52718,54668,60000,64595,64668,65275,66564,61511,63778,63494,66908,70805,75380,79071
 "40125","Pottawatomie, OK",6,CAINC4,42,"...","Plus: Adjustment for residence 6/","Thousands of dollars",32721,35918,39588,43647,46360,50333,52478,54308,57681,64519,74131,86917,94103,100482,105169,113046,118088,116993,115927,122039,129535,138337,137156,145424,159356,168372,179485,173168,187288,189923,226751,256265,268693,277224,282719,319152,327886,348885,322363,330767,299585,299782,314209,311566,308865,299897,281884,293614,309005,357953,379226,361229,363715,393184
 "40125","Pottawatomie, OK",6,CAINC4,45,"...","Equals: Net earnings by place of residence ","Thousands of dollars",96453,104857,116791,129519,141573,157380,175759,193393,224435,258641,302069,342929,375688,394644,410136,450328,456447,452575,449099,472116,492752,517699,532452,564124,594926,626852,665684,680007,713880,748966,785425,868458,1124369,1167611,1208618,1272435,1307884,1417175,1357953,1422626,1448316,1497655,1479915,1433392,1426783,1486579,1493771,1448920,1463259,1509269,1657101,1683073,2019807,1938314
 "40125","Pottawatomie, OK",6,CAINC4,46,"...","Plus: Dividends, interest, and rent 7/","Thousands of dollars",20686,24451,28622,30933,35905,41625,46755,51889,59276,68990,78614,98459,120131,137709,144723,154438,162888,162502,153710,160068,173005,167834,169742,168912,171710,176855,191966,201763,212652,227747,230414,253754,257891,260990,279119,268717,282255,307485,354378,379463,340289,371599,405382,460760,457492,452963,440463,421238,463049,460327,492166,531623,567986,575052
 "40125","Pottawatomie, OK",6,CAINC4,47,"...","Plus: Personal current transfer receipts ","Thousands of dollars",16199,18432,20826,22682,25891,30661,38042,41531,44309,47917,55436,64887,73965,83608,90786,94512,101868,107670,115134,123370,128435,134759,149366,167843,170337,178660,191618,201206,201765,204457,213817,222930,251197,289424,309222,320153,350751,391669,421017,468771,512870,546938,556377,565998,591662,616047,635847,647194,674950,702653,752346,920310,1059372,985845
 "40125","Pottawatomie, OK",6,CAINC4,50,"...","Wages and salaries ","Thousands of dollars",45690,48605,54048,58342,63599,73313,84469,99380,118187,142707,166464,194282,218827,234278,241517,260786,263672,263596,263853,273080,283895,298607,318355,335426,346155,362985,384223,394444,419622,449820,455353,486880,497502,498579,514030,537921,567144,617980,665920,694786,678513,704992,731472,781123,797456,832758,874303,852619,875920,875965,918073,944570,1004174,1078664
 "40125","Pottawatomie, OK",6,CAINC4,60,"...","Supplements to wages and salaries ","Thousands of dollars",4809,5281,6102,7106,8090,9654,11880,14272,17889,21818,26326,30929,35323,39108,42468,46512,47901,50567,51307,53229,58209,62870,69440,79037,83330,88146,90009,90249,92723,98896,101907,113786,114004,119446,125685,135121,146576,150460,159204,161562,162391,178931,186014,188533,199601,212156,222257,215336,219439,222550,227991,231213,234224,239527
 "40125","Pottawatomie, OK",6,CAINC4,61,"..."," Employer contributions for employee pension and insurance funds 8/","Thousands of dollars",2932,3323,3801,4418,4658,5515,7083,8486,10985,13175,15922,19098,21362,24108,26752,28687,30068,32181,32873,33312,37459,40307,45056,53229,55690,58608,58462,58610,59858,64421,67796,77239,76212,80033,84596,90649,99396,100924,106882,108550,109673,124263,126014,123938,134933,146881,155693,153825,155661,159056,161083,160408,158844,160456
 "40125","Pottawatomie, OK",6,CAINC4,62,"..."," Employer contributions for government social insurance ","Thousands of dollars",1877,1958,2301,2688,3432,4139,4797,5786,6904,8643,10404,11831,13961,15000,15716,17825,17833,18386,18434,19917,20750,22563,24384,25808,27640,29538,31547,31639,32865,34475,34111,36547,37792,39413,41089,44472,47180,49536,52322,53012,52718,54668,60000,64595,64668,65275,66564,61511,63778,63494,66908,70805,75380,79071
 "40125","Pottawatomie, OK",6,CAINC4,70,"...","Proprietors' income 9/","Thousands of dollars",17674,19752,22495,26617,31448,33505,37663,37823,45448,47803,57041,55909,57223,52983,54005,66938,64849,60579,57395,67247,67161,67030,60578,60296,65020,70198,79479,90240,84655,84893,76353,91534,336989,368392,384103,381209,371206,411908,329610,356219,433458,443455,368928,276511,259577,284700,263634,232490,208841,204860,293208,317589,603977,423107
 "40125","Pottawatomie, OK",6,CAINC4,71,"..."," Farm proprietors' income ","Thousands of dollars",946,1927,1940,3323,4892,2666,3283,772,1277,-1642,1740,759,1427,-1136,-601,-1050,734,-1154,-815,-398,-113,209,-517,-2094,-2067,1043,-5790,-1777,3923,-1836,104,510,110,2642,2737,7203,6982,1074,2847,-6053,-7936,-4705,-5032,3654,335,5989,-3962,-9173,-10698,-11123,-12478,-11492,-11591,-26686
 "40125","Pottawatomie, OK",6,CAINC4,72,"..."," Nonfarm proprietors' income ","Thousands of dollars",16728,17825,20555,23294,26556,30839,34380,37051,44171,49445,55301,55150,55796,54119,54606,67988,64115,61733,58210,67645,67274,66821,61095,62390,67087,69155,85269,92017,80732,86729,76249,91024,336879,365750,381366,374006,364224,410834,326763,362272,441394,448160,373960,272857,259242,278711,267596,241663,219539,215983,305686,329081,615568,449793
 "40125","Pottawatomie, OK",6,CAINC4,7010,"...","Total employment ","Number of jobs",13416,13455,13935,14386,14989,15503,16407,17816,19196,21247,21479,22465,23082,23591,23796,24445,23895,23040,23006,23106,23804,23655,24023,24111,24673,25334,26428,26744,27789,28185,28740,29414,29568,28937,29080,29468,30317,31070,32256,32406,31807,31984,31937,32942,33353,34036,34248,34276,34245,33502,33204,32646,33142,34275
 "40125","Pottawatomie, OK",6,CAINC4,7020,"..."," Wage and salary employment ","Number of jobs",9959,9914,10241,10439,10923,11433,12104,13339,14312,16032,16149,16973,17097,17162,16931,17522,17015,16689,16462,16778,17589,17412,17684,18051,18451,18834,19624,19666,20467,21130,21534,22060,21600,21170,20878,21212,21892,22630,23448,23444,22966,22978,23253,23800,24023,24478,24839,24778,24693,24087,24102,23183,23507,24133
 "40125","Pottawatomie, OK",6,CAINC4,7040,"..."," Proprietors employment ","Number of jobs",3457,3541,3694,3947,4066,4070,4303,4477,4884,5215,5330,5492,5985,6429,6865,6923,6880,6351,6544,6328,6215,6243,6339,6060,6222,6500,6804,7078,7322,7055,7206,7354,7968,7767,8202,8256,8425,8440,8808,8962,8841,9006,8684,9142,9330,9558,9409,9498,9552,9415,9102,9463,9635,10142
 "40127","Pushmataha, OK",6,CAINC4,10,"...","Personal income (thousands of dollars) ","Thousands of dollars",18969,19749,20882,22501,27365,32219,36142,38606,40995,44091,55549,60129,72704,75889,79133,86286,90848,91371,92950,98601,103737,106061,115621,126828,137863,145067,147781,157690,163289,166917,173226,184385,206124,218647,223289,236090,242603,260424,281220,293243,297900,312290,323398,337339,330598,331904,346084,346154,345470,353703,359638,401356,437796,422991
 "40127","Pushmataha, OK",6,CAINC4,11,"..."," Nonfarm personal income 1/","Thousands of dollars",18082,18785,20043,21525,24622,28605,32969,35780,38438,43317,51307,58204,66755,73008,77554,85801,88626,91544,93289,97515,100664,105878,114591,126121,137592,145045,151674,162437,168009,172143,174713,186740,206869,215301,224600,234956,240287,261308,278587,298251,304116,316102,325152,338978,335832,330454,345577,348073,348529,356454,364046,403605,442308,433877
 "40127","Pushmataha, OK",6,CAINC4,12,"..."," Farm income 2/","Thousands of dollars",887,964,839,976,2743,3614,3173,2826,2557,774,4242,1925,5949,2881,1579,485,2222,-173,-339,1086,3073,183,1030,707,271,22,-3893,-4747,-4720,-5226,-1487,-2355,-745,3346,-1311,1134,2316,-884,2633,-5008,-6216,-3812,-1754,-1639,-5234,1450,507,-1919,-3059,-2751,-4408,-2249,-4512,-10886
 "40127","Pushmataha, OK",6,CAINC4,20,"...","Population (persons) 3/","Number of persons",9682,9384,9481,9597,9996,10449,10679,10929,11192,11273,11398,11817,11971,11667,11705,11820,11864,11632,11219,11126,11125,10975,10992,11011,11164,11287,11417,11663,11564,11532,11655,11638,11613,11551,11464,11470,11361,11389,11468,11493,11574,11589,11394,11217,11150,11041,11068,10942,10967,10999,10874,10796,10789,10769
 "40127","Pushmataha, OK",6,CAINC4,30,"...","Per capita personal income (dollars) 4/","Dollars",1959,2105,2203,2345,2738,3083,3384,3532,3663,3911,4874,5088,6073,6505,6761,7300,7657,7855,8285,8862,9325,9664,10519,11518,12349,12853,12944,13521,14120,14474,14863,15843,17749,18929,19477,20583,21354,22866,24522,25515,25739,26947,28383,30074,29650,30061,31269,31635,31501,32158,33073,37176,40578,39279
 "40127","Pushmataha, OK",6,CAINC4,35,"...","Earnings by place of work ","Thousands of dollars",12547,11963,11260,12476,15621,18143,19319,20457,21555,22207,29429,27711,35528,33386,33786,39431,41722,41734,43007,47264,49468,48845,52307,58991,68272,70529,67289,72085,74552,74681,76315,82481,93948,102104,101153,104966,111660,118656,127597,121618,119402,134213,140199,142024,129908,139985,148354,144510,140715,143001,144748,161217,184561,168453
 "40127","Pushmataha, OK",6,CAINC4,36,"...","Less: Contributions for government social insurance 5/","Thousands of dollars",763,745,716,816,1049,1220,1351,1485,1598,1846,2282,2422,2967,3041,3098,3746,3813,4053,4305,4989,5336,5564,6045,6841,7880,8451,8763,9239,9443,9404,9335,9904,10788,11371,11804,12326,13377,14386,15409,15698,15860,16616,15732,16308,17570,17874,18099,18292,18062,18622,19103,21047,24021,23799
 "40127","Pushmataha, OK",6,CAINC4,37,"..."," Employee and self-employed contributions for government social insurance ","Thousands of dollars",475,466,463,518,659,764,828,877,947,1085,1318,1388,1678,1786,1810,2176,2331,2491,2665,3130,3374,3443,3765,4216,4753,5018,5134,5338,5486,5543,5620,5928,6377,6667,6789,6989,7498,8262,8975,9218,9482,9992,8582,8523,9954,10345,10813,11351,11465,12036,12334,13351,14889,15234
 "40127","Pushmataha, OK",6,CAINC4,38,"..."," Employer contributions for government social insurance ","Thousands of dollars",288,279,253,298,390,456,523,608,651,761,964,1034,1289,1255,1288,1570,1482,1562,1640,1859,1962,2121,2280,2625,3127,3433,3629,3901,3957,3861,3715,3976,4411,4704,5015,5337,5879,6124,6434,6480,6378,6624,7150,7785,7616,7529,7286,6941,6597,6586,6769,7696,9132,8565
 "40127","Pushmataha, OK",6,CAINC4,42,"...","Plus: Adjustment for residence 6/","Thousands of dollars",229,503,1372,1264,1562,1801,2061,2403,2701,3478,4802,6288,6962,7399,6938,6476,7041,6913,6962,6697,7059,7564,8815,9299,9774,11159,11545,12809,14580,16396,19084,21299,23429,22257,21842,23729,24035,27403,26785,29057,26657,27441,28234,30601,35421,36948,36351,33726,35239,37063,35490,30906,25572,35541
 "40127","Pushmataha, OK",6,CAINC4,45,"...","Equals: Net earnings by place of residence ","Thousands of dollars",12013,11721,11916,12924,16134,18724,20029,21375,22658,23839,31949,31577,39523,37744,37626,42161,44950,44594,45664,48972,51191,50845,55077,61449,70166,73237,70071,75655,79689,81673,86064,93876,106589,112990,111191,116369,122318,131673,138973,134977,130199,145038,152701,156317,147759,159059,166606,159944,157892,161442,161135,171076,186112,180195
 "40127","Pushmataha, OK",6,CAINC4,46,"...","Plus: Dividends, interest, and rent 7/","Thousands of dollars",2176,2547,2889,3162,4098,4964,5629,5903,6485,7688,9087,11481,13820,16849,17995,19644,20175,19966,19214,19858,21083,21554,22226,21548,22144,23546,25487,26859,29683,31336,31088,32962,35525,34053,36623,38063,34863,36142,43166,47343,47585,44040,50797,60093,55635,52953,49700,52647,50896,53312,49964,55169,54263,55475
 "40127","Pushmataha, OK",6,CAINC4,47,"...","Plus: Personal current transfer receipts ","Thousands of dollars",4780,5481,6077,6415,7133,8531,10484,11328,11852,12564,14513,17071,19361,21296,23512,24481,25723,26811,28072,29771,31463,33662,38318,43831,45553,48284,52223,55176,53917,53908,56074,57547,64010,71604,75475,81658,85422,92609,99081,110923,120116,123212,119900,120929,127204,119892,129778,133563,136682,138949,148539,175111,197421,187321
 "40127","Pushmataha, OK",6,CAINC4,50,"...","Wages and salaries ","Thousands of dollars",7111,7079,5953,6588,7270,8127,9040,10301,11345,12685,15521,16356,19414,19620,20600,23789,22813,23479,24408,26078,27508,29146,30994,35010,39985,42760,44710,49091,50576,50818,50517,53823,59081,61382,64144,65684,69791,75095,81017,83827,82011,84605,86542,90633,86523,91562,94782,95504,91332,90974,94635,103403,124870,117630
 "40127","Pushmataha, OK",6,CAINC4,60,"...","Supplements to wages and salaries ","Thousands of dollars",748,779,762,897,1032,1176,1326,1512,1700,2003,2477,2602,3206,3320,3604,4282,4350,4660,4846,5376,5961,6523,7352,8855,10256,11064,11382,12433,12543,12756,12766,13944,15660,16496,17795,18963,20721,21163,22409,22536,22054,24748,25633,25774,26588,27574,28212,27770,26074,25976,26387,28137,30383,28099
 "40127","Pushmataha, OK",6,CAINC4,61,"..."," Employer contributions for employee pension and insurance funds 8/","Thousands of dollars",460,500,509,599,642,720,803,904,1049,1242,1513,1568,1917,2065,2316,2712,2868,3098,3206,3517,3999,4402,5072,6230,7129,7631,7753,8532,8586,8895,9051,9968,11249,11792,12780,13626,14842,15039,15975,16056,15676,18124,18483,17989,18972,20045,20926,20829,19477,19390,19618,20441,21251,19534
 "40127","Pushmataha, OK",6,CAINC4,62,"..."," Employer contributions for government social insurance ","Thousands of dollars",288,279,253,298,390,456,523,608,651,761,964,1034,1289,1255,1288,1570,1482,1562,1640,1859,1962,2121,2280,2625,3127,3433,3629,3901,3957,3861,3715,3976,4411,4704,5015,5337,5879,6124,6434,6480,6378,6624,7150,7785,7616,7529,7286,6941,6597,6586,6769,7696,9132,8565
 "40127","Pushmataha, OK",6,CAINC4,70,"...","Proprietors' income 9/","Thousands of dollars",4688,4105,4545,4991,7319,8840,8953,8644,8510,7519,11431,8753,12908,10446,9582,11360,14559,13595,13753,15810,15999,13176,13961,15126,18031,16705,11197,10561,11433,11107,13032,14714,19207,24226,19214,20319,21148,22398,24171,15255,15337,24860,28024,25617,16797,20849,25360,21236,23309,26051,23726,29677,29308,22724
 "40127","Pushmataha, OK",6,CAINC4,71,"..."," Farm proprietors' income ","Thousands of dollars",674,735,631,756,2513,3352,2823,2315,1794,139,3640,1390,5506,2450,1192,129,1882,-455,-593,799,2762,-180,671,372,-77,-282,-4224,-5061,-5031,-5570,-1913,-2805,-1297,2928,-1780,491,1718,-1454,1853,-5882,-6910,-4492,-2511,-2587,-6025,596,-9,-2511,-3673,-3268,-5078,-2932,-5137,-11609
 "40127","Pushmataha, OK",6,CAINC4,72,"..."," Nonfarm proprietors' income ","Thousands of dollars",4014,3370,3914,4235,4806,5488,6130,6329,6716,7380,7791,7363,7402,7996,8390,11231,12677,14050,14346,15011,13237,13356,13290,14754,18108,16987,15421,15622,16464,16677,14945,17519,20504,21298,20994,19828,19430,23852,22318,21137,22247,29352,30535,28204,22822,20253,25369,23747,26982,29319,28804,32609,34445,34333
 "40127","Pushmataha, OK",6,CAINC4,7010,"...","Total employment ","Number of jobs",2711,2747,2555,2737,2750,2815,2942,3146,3191,3342,3489,3446,3661,3645,3713,3886,3823,3750,3976,4024,4041,4128,4218,4200,4480,4640,4882,5195,5282,5135,4970,4974,5132,4981,5050,5047,5090,5141,5325,5231,5121,5048,5164,5294,5222,5223,5182,5222,5006,4956,4723,4729,4842,4815
 "40127","Pushmataha, OK",6,CAINC4,7020,"..."," Wage and salary employment ","Number of jobs",1805,1747,1508,1592,1666,1700,1715,1818,1779,1861,2001,1939,2104,2011,1945,2089,2025,1993,2040,2143,2176,2246,2320,2446,2618,2670,2741,2949,2958,2954,2850,2853,2993,2948,2968,2925,3026,3118,3198,3159,3066,3057,3083,3206,3084,3088,3074,3066,2946,2833,2752,2777,2939,2851
 "40127","Pushmataha, OK",6,CAINC4,7040,"..."," Proprietors employment ","Number of jobs",906,1000,1047,1145,1084,1115,1227,1328,1412,1481,1488,1507,1557,1634,1768,1797,1798,1757,1936,1881,1865,1882,1898,1754,1862,1970,2141,2246,2324,2181,2120,2121,2139,2033,2082,2122,2064,2023,2127,2072,2055,1991,2081,2088,2138,2135,2108,2156,2060,2123,1971,1952,1903,1964
 "40129","Roger Mills, OK",6,CAINC4,10,"...","Personal income (thousands of dollars) ","Thousands of dollars",12142,13432,13801,17277,22265,18514,19313,19477,20634,22529,35107,34728,47595,52539,51579,53850,61722,61546,61008,54503,54846,56318,54456,55542,59717,60321,56923,58594,66316,67746,69531,71936,78771,75215,84764,99735,117997,125227,135740,171253,118686,140380,159477,181987,198856,230114,191558,170947,162969,161919,152679,163689,166532,156555
 "40129","Roger Mills, OK",6,CAINC4,11,"..."," Nonfarm personal income 1/","Thousands of dollars",7670,8175,9325,10316,12444,13188,15084,16728,19947,22302,26235,31139,46903,52509,53448,57167,59429,56470,55888,49786,49940,50578,50159,52780,56574,57493,59988,61783,64049,66986,64741,70019,77395,71538,82233,96637,115560,123620,133224,170351,124274,139778,160389,176096,193744,214101,182862,171473,162430,160723,156218,165157,163338,164540
 "40129","Roger Mills, OK",6,CAINC4,12,"..."," Farm income 2/","Thousands of dollars",4472,5257,4476,6961,9821,5326,4229,2749,687,227,8872,3589,692,30,-1869,-3317,2293,5076,5120,4717,4906,5740,4297,2762,3143,2828,-3065,-3189,2267,760,4790,1917,1376,3677,2531,3098,2437,1607,2516,902,-5588,602,-912,5891,5112,16013,8696,-526,539,1196,-3539,-1468,3194,-7985
 "40129","Roger Mills, OK",6,CAINC4,20,"...","Population (persons) 3/","Number of persons",4884,4460,4367,4202,4233,4044,3919,3963,3917,3920,4313,4946,5529,6001,6006,5590,5168,5001,4707,4420,4302,4113,4081,3959,3904,3789,3735,3663,3502,3488,3483,3426,3334,3242,3226,3308,3385,3387,3438,3557,3615,3643,3743,3737,3690,3705,3705,3593,3569,3540,3463,3428,3361,3320
 "40129","Roger Mills, OK",6,CAINC4,30,"...","Per capita personal income (dollars) 4/","Dollars",2486,3012,3160,4112,5260,4578,4928,4915,5268,5747,8140,7021,8608,8755,8588,9633,11943,12307,12961,12331,12749,13693,13344,14029,15296,15920,15240,15996,18937,19423,19963,20997,23627,23200,26275,30150,34859,36973,39482,48145,32832,38534,42607,48699,53891,62109,51703,47578,45662,45740,44089,47751,49548,47155
 "40129","Roger Mills, OK",6,CAINC4,35,"...","Earnings by place of work ","Thousands of dollars",8728,9480,9362,12540,16991,12223,11848,11911,12585,13315,24511,20310,30787,30263,21497,19770,23571,24930,25618,24371,23537,26076,24390,24177,26933,27394,19826,21608,29255,28614,31407,30835,34590,37585,40652,44586,49473,52458,55958,59321,46463,60737,67046,85861,91353,97557,88590,84794,74240,72330,64913,73126,76638,65149
 "40129","Roger Mills, OK",6,CAINC4,36,"...","Less: Contributions for government social insurance 5/","Thousands of dollars",270,268,308,352,543,525,585,707,940,1050,1322,1430,2870,3049,2254,2270,2147,2036,2216,2268,2253,2436,2482,2608,2878,2927,2856,2898,3082,3133,3111,3324,3635,3727,4070,4433,4746,5106,5625,5755,5492,6325,6494,7335,7612,6546,6486,7167,7152,7578,7562,7687,7937,8418
 "40129","Roger Mills, OK",6,CAINC4,37,"..."," Employee and self-employed contributions for government social insurance ","Thousands of dollars",173,175,197,223,325,320,344,398,522,586,729,796,1532,1591,1198,1205,1194,1139,1215,1286,1308,1350,1392,1469,1607,1675,1615,1676,1781,1838,1828,1930,2113,2165,2328,2487,2738,2972,3293,3370,3256,3599,3281,3556,4287,3893,3970,4519,4342,4508,4487,4591,4650,4946
 "40129","Roger Mills, OK",6,CAINC4,38,"..."," Employer contributions for government social insurance ","Thousands of dollars",97,93,111,129,218,205,241,309,418,464,593,634,1338,1458,1056,1065,953,897,1001,982,945,1086,1090,1139,1271,1252,1241,1222,1301,1295,1283,1394,1522,1562,1742,1946,2008,2134,2332,2385,2236,2726,3213,3779,3325,2653,2516,2648,2810,3070,3075,3096,3287,3472
 "40129","Roger Mills, OK",6,CAINC4,42,"...","Plus: Adjustment for residence 6/","Thousands of dollars",387,405,397,440,297,483,431,269,-71,-57,24,659,-4684,-3498,43,-33,708,457,-205,-360,195,-180,1020,1089,1087,1926,2414,2455,2651,3019,3408,3949,4173,3607,3398,5015,5116,8749,9877,15115,10367,6213,7039,9240,15813,24384,25178,17057,21995,20336,16256,13995,7619,11514
 "40129","Roger Mills, OK",6,CAINC4,45,"...","Equals: Net earnings by place of residence ","Thousands of dollars",8845,9617,9451,12628,16745,12181,11694,11473,11574,12208,23213,19539,23233,23716,19286,17467,22132,23351,23197,21743,21479,23460,22928,22658,25142,26393,19384,21165,28824,28500,31704,31460,35128,37465,39980,45168,49843,56101,60210,68681,51338,60625,67591,87766,99554,115395,107282,94684,89083,85088,73607,79434,76320,68245
 "40129","Roger Mills, OK",6,CAINC4,46,"...","Plus: Dividends, interest, and rent 7/","Thousands of dollars",1747,2054,2441,2634,3274,3704,4443,4525,5126,6173,7111,9929,18255,21973,24439,28326,31605,30083,30004,24999,24551,23475,22166,22580,23848,22489,25041,24462,25034,27424,25460,27371,30146,23007,29238,37754,51143,49955,55048,78602,42556,54692,67893,70354,75317,91385,57846,47678,47550,49072,46401,45588,46323,49454
 "40129","Roger Mills, OK",6,CAINC4,47,"...","Plus: Personal current transfer receipts ","Thousands of dollars",1550,1761,1909,2015,2246,2629,3176,3479,3934,4148,4783,5260,6107,6850,7854,8057,7985,8112,7807,7761,8816,9383,9362,10304,10727,11439,12498,12967,12458,11822,12367,13105,13497,14743,15546,16813,17011,19171,20482,23970,24792,25063,23993,23867,23985,23334,26430,28585,26336,27759,32671,38667,43889,38856
 "40129","Roger Mills, OK",6,CAINC4,50,"...","Wages and salaries ","Thousands of dollars",2380,2382,2628,2903,4214,3791,4271,5533,7773,8220,10175,10923,22425,22508,16050,15416,14155,12937,14245,13191,12893,14311,14347,14987,15987,15620,15454,15940,17453,18074,18139,19737,20641,20715,23064,25180,27157,28795,31981,33235,31199,36960,40989,46011,43418,35836,33825,37304,39863,43108,44175,42200,45515,46692
 "40129","Roger Mills, OK",6,CAINC4,60,"...","Supplements to wages and salaries ","Thousands of dollars",283,290,361,407,559,559,671,853,1151,1312,1645,1792,3663,3761,2947,2872,2680,2553,2802,2631,2761,3231,3342,3784,4209,4156,4046,4172,4530,4632,4629,5088,5315,5571,6452,7145,7546,7884,8608,8775,8572,10206,11045,11924,12081,10592,10507,11012,11281,12120,12374,12458,13197,12043
 "40129","Roger Mills, OK",6,CAINC4,61,"..."," Employer contributions for employee pension and insurance funds 8/","Thousands of dollars",186,197,250,278,341,354,430,544,733,848,1052,1158,2325,2303,1891,1807,1727,1656,1801,1649,1816,2145,2252,2645,2938,2904,2805,2950,3229,3337,3346,3694,3793,4009,4710,5199,5538,5750,6276,6390,6336,7480,7832,8145,8756,7939,7991,8364,8471,9050,9299,9362,9910,8571
 "40129","Roger Mills, OK",6,CAINC4,62,"..."," Employer contributions for government social insurance ","Thousands of dollars",97,93,111,129,218,205,241,309,418,464,593,634,1338,1458,1056,1065,953,897,1001,982,945,1086,1090,1139,1271,1252,1241,1222,1301,1295,1283,1394,1522,1562,1742,1946,2008,2134,2332,2385,2236,2726,3213,3779,3325,2653,2516,2648,2810,3070,3075,3096,3287,3472
 "40129","Roger Mills, OK",6,CAINC4,70,"...","Proprietors' income 9/","Thousands of dollars",6065,6808,6373,9230,12218,7873,6906,5525,3661,3783,12691,7595,4699,3994,2500,1482,6736,9440,8571,8549,7883,8534,6701,5406,6737,7618,326,1496,7272,5908,8639,6010,8634,11299,11136,12261,14770,15779,15369,17311,6692,13571,15012,27926,35854,51129,44258,36478,23096,17102,8364,18468,17926,6414
 "40129","Roger Mills, OK",6,CAINC4,71,"..."," Farm proprietors' income ","Thousands of dollars",3960,4685,3946,6372,9209,4583,3529,1981,-201,-382,8208,2901,20,-729,-2627,-4100,1485,4307,4333,3823,3943,4607,3184,1719,2095,1941,-4001,-4030,1469,-49,3862,1001,320,2909,1633,1816,1190,392,759,-1066,-7119,-916,-2578,3778,3348,14118,7535,-1820,-809,30,-5038,-3011,1799,-9598
 "40129","Roger Mills, OK",6,CAINC4,72,"..."," Nonfarm proprietors' income ","Thousands of dollars",2105,2123,2427,2858,3009,3290,3377,3544,3862,4165,4483,4694,4679,4723,5127,5582,5251,5133,4238,4726,3940,3927,3517,3687,4642,5677,4327,5526,5803,5957,4777,5009,8314,8390,9503,10445,13580,15387,14610,18377,13811,14487,17590,24148,32506,37011,36723,38298,23905,17072,13402,21479,16127,16012
 "40129","Roger Mills, OK",6,CAINC4,7010,"...","Total employment ","Number of jobs",2028,2076,2017,2115,2182,2121,1975,1973,1979,1914,1989,1982,2542,2496,2359,2286,2192,2086,2250,2051,2002,2004,1971,2013,2116,2072,2074,2070,2161,2110,2035,2094,2109,2094,2133,2152,2149,2164,2228,2279,2244,2323,2369,2530,2556,2329,2262,2460,2438,2406,2403,2328,2274,2325
 "40129","Roger Mills, OK",6,CAINC4,7020,"..."," Wage and salary employment ","Number of jobs",652,621,616,658,743,702,690,773,829,827,934,946,1479,1432,1199,1099,993,897,981,888,881,898,881,911,957,920,875,879,927,945,900,966,959,971,991,1013,1011,1008,1019,1024,984,1052,1091,1168,1137,988,924,966,1023,1060,1114,1064,1037,1056
 "40129","Roger Mills, OK",6,CAINC4,7040,"..."," Proprietors employment ","Number of jobs",1376,1455,1401,1457,1439,1419,1285,1200,1150,1087,1055,1036,1063,1064,1160,1187,1199,1189,1269,1163,1121,1106,1090,1102,1159,1152,1199,1191,1234,1165,1135,1128,1150,1123,1142,1139,1138,1156,1209,1255,1260,1271,1278,1362,1419,1341,1338,1494,1415,1346,1289,1264,1237,1269
 "40131","Rogers, OK",6,CAINC4,10,"...","Personal income (thousands of dollars) ","Thousands of dollars",86009,93092,102892,119720,138296,166489,192438,222834,260179,305899,366338,440556,502482,550605,572001,619717,656099,680931,680644,734176,789964,861185,922483,990320,1058772,1121018,1192445,1295423,1367764,1483928,1547445,1724598,1850309,1889446,1915000,2056100,2275060,2560966,2772220,2975382,2965004,3041281,3256152,3458369,3591553,3758036,3860759,3876998,4064899,4278594,4441730,4777704,5117868,5223504
 "40131","Rogers, OK",6,CAINC4,11,"..."," Nonfarm personal income 1/","Thousands of dollars",84354,90279,100442,117611,135729,163235,189161,220588,258447,306493,365427,440794,500248,550939,570394,618672,655113,679633,680700,732059,787078,860764,919737,987579,1055413,1115617,1192892,1297240,1365178,1486898,1545895,1723611,1848733,1888027,1919671,2053132,2269764,2559832,2768785,2983555,2972213,3045796,3258951,3452452,3591195,3744072,3856631,3883654,4072079,4285671,4450878,4787508,5126667,5247987
 "40131","Rogers, OK",6,CAINC4,12,"..."," Farm income 2/","Thousands of dollars",1655,2813,2450,2109,2567,3254,3277,2246,1732,-594,911,-238,2234,-334,1607,1045,986,1298,-56,2117,2886,421,2746,2741,3359,5401,-447,-1817,2586,-2970,1550,987,1576,1419,-4671,2968,5296,1134,3435,-8173,-7209,-4515,-2799,5917,358,13964,4128,-6656,-7180,-7077,-9148,-9804,-8799,-24483
 "40131","Rogers, OK",6,CAINC4,20,"...","Population (persons) 3/","Number of persons",25902,28469,29334,30848,32803,34394,36103,38051,40021,41836,45170,46854,48443,51241,53511,53917,54878,55101,55067,54425,54558,55357,56412,57522,59194,60098,61246,62692,64563,66778,68884,71383,73091,75193,77288,79069,80313,82234,84030,85390,86577,87067,87823,88579,89419,90270,91198,92363,92986,93685,94560,95387,96796,98836
 "40131","Rogers, OK",6,CAINC4,30,"...","Per capita personal income (dollars) 4/","Dollars",3321,3270,3508,3881,4216,4841,5330,5856,6501,7312,8110,9403,10373,10745,10689,11494,11956,12358,12360,13490,14479,15557,16353,17216,17886,18653,19470,20663,21185,22222,22465,24160,25315,25128,24777,26004,28327,31142,32991,34845,34247,34930,37076,39043,40165,41631,42334,41976,43715,45670,46973,50088,52873,52850
 "40131","Rogers, OK",6,CAINC4,35,"...","Earnings by place of work ","Thousands of dollars",40634,43533,44455,53235,59187,70064,77290,87686,103512,119481,145818,162147,182098,201787,210733,231228,251916,280048,282990,314562,329294,355585,406061,433067,497235,529656,589922,629552,671218,747287,702036,822413,904638,944757,953350,952718,1101927,1282144,1376217,1462465,1370496,1415888,1456327,1623045,1820353,1911138,1863864,1781376,1763131,1890118,1990056,1930054,1968071,2098311
 "40131","Rogers, OK",6,CAINC4,36,"...","Less: Contributions for government social insurance 5/","Thousands of dollars",2376,2517,2639,3272,4310,5357,5915,6620,7712,9499,12011,13709,16516,19001,19237,21416,23940,27647,28041,32487,34376,38949,45323,48047,55464,60005,68116,71502,76892,85941,80716,92182,103802,110091,111636,109987,127269,146706,159720,169190,161553,165872,157104,176043,218654,221620,216271,207063,212107,230933,243965,233364,239873,265043
 "40131","Rogers, OK",6,CAINC4,37,"..."," Employee and self-employed contributions for government social insurance ","Thousands of dollars",1418,1491,1569,1908,2494,3022,3290,3617,4263,5156,6455,7375,8810,10207,10244,11275,12965,14707,15073,17524,18717,20913,24413,25948,29120,31746,35532,37396,39925,45038,43389,49622,53943,56628,56569,55329,63448,74912,83261,88744,86104,88040,72141,77936,107596,113475,113422,114357,116892,127078,134116,129349,132281,147235
 "40131","Rogers, OK",6,CAINC4,38,"..."," Employer contributions for government social insurance ","Thousands of dollars",958,1026,1070,1364,1816,2335,2625,3003,3449,4343,5556,6334,7706,8794,8993,10141,10975,12940,12968,14963,15659,18036,20910,22099,26344,28259,32584,34106,36967,40903,37327,42560,49859,53463,55067,54658,63821,71794,76459,80446,75449,77832,84963,98107,111058,108145,102849,92706,95215,103855,109849,104015,107592,117808
 "40131","Rogers, OK",6,CAINC4,42,"...","Plus: Adjustment for residence 6/","Thousands of dollars",30073,30942,36219,42497,51339,63613,76021,91528,107919,130322,153151,193435,218449,230191,227487,245453,253740,249579,249364,261078,292141,326058,319670,343890,332842,346966,328682,367224,383240,411492,488241,516278,525901,483447,465555,586966,634105,667244,682776,688870,726119,725373,822434,802393,763306,751243,869615,947824,1065902,1102321,1102881,1210181,1262191,1366398
 "40131","Rogers, OK",6,CAINC4,45,"...","Equals: Net earnings by place of residence ","Thousands of dollars",68331,71958,78035,92460,106216,128320,147396,172594,203719,240304,286958,341873,384031,412977,418983,455265,481716,501980,504313,543153,587059,642694,680408,728910,774613,816617,850488,925274,977566,1072838,1109561,1246509,1326737,1318113,1307269,1429697,1608763,1802682,1899273,1982145,1935062,1975389,2121657,2249395,2365005,2440761,2517208,2522137,2616926,2761506,2848972,2906871,2990389,3199666
 "40131","Rogers, OK",6,CAINC4,46,"...","Plus: Dividends, interest, and rent 7/","Thousands of dollars",9466,11364,13273,14639,18012,21645,24164,27060,31478,38222,47696,60768,74562,86142,96259,106698,114416,115641,112009,122267,128633,132177,139854,140892,152076,160679,182529,200025,217986,235100,246016,271637,294889,306407,314668,306479,312667,360750,438589,486115,478616,466211,531876,596918,597062,653651,652345,637240,689849,727972,741612,796794,903732,934167
 "40131","Rogers, OK",6,CAINC4,47,"...","Plus: Personal current transfer receipts ","Thousands of dollars",8212,9770,11584,12621,14068,16524,20878,23180,24982,27373,31684,37915,43889,51486,56759,57754,59967,63310,64322,68756,74272,86314,102221,120518,132083,143722,159428,170124,172212,175990,191868,206452,228683,264926,293063,319924,353630,397534,434358,507122,551326,599681,602619,612056,629486,663624,691206,717621,758124,789116,851146,1074039,1223747,1089671
 "40131","Rogers, OK",6,CAINC4,50,"...","Wages and salaries ","Thousands of dollars",23500,25683,24989,29867,33610,41179,46562,51444,59822,72733,90738,105481,121801,138228,138989,150866,163952,185809,186764,205065,213632,239724,271118,285631,327081,347190,395339,420989,470698,534436,507127,568697,649207,668345,673595,645005,749506,887830,986046,1069186,992088,1007409,1022728,1146240,1288790,1363104,1332871,1261671,1279085,1379495,1465882,1378154,1420101,1573703
 "40131","Rogers, OK",6,CAINC4,60,"...","Supplements to wages and salaries ","Thousands of dollars",2769,3135,3361,4338,4919,6149,7394,8088,10024,12481,15741,18738,22108,26036,26843,29064,32123,38240,38898,43976,47826,53969,63450,71396,83693,88758,95983,102072,108530,119959,112300,132234,149735,161086,166012,167352,196172,213636,223522,232834,230999,248402,250988,271980,315124,326669,322515,301215,308088,332900,346000,328393,325906,343188
 "40131","Rogers, OK",6,CAINC4,61,"..."," Employer contributions for employee pension and insurance funds 8/","Thousands of dollars",1811,2109,2291,2974,3103,3814,4769,5085,6575,8138,10185,12404,14402,17242,17850,18923,21148,25300,25930,29013,32167,35933,42540,49297,57349,60499,63399,67966,71563,79056,74973,89674,99876,107623,110945,112694,132351,141842,147063,152388,155550,170570,166025,173873,204066,218524,219666,208509,212873,229045,236151,224378,218314,225380
 "40131","Rogers, OK",6,CAINC4,62,"..."," Employer contributions for government social insurance ","Thousands of dollars",958,1026,1070,1364,1816,2335,2625,3003,3449,4343,5556,6334,7706,8794,8993,10141,10975,12940,12968,14963,15659,18036,20910,22099,26344,28259,32584,34106,36967,40903,37327,42560,49859,53463,55067,54658,63821,71794,76459,80446,75449,77832,84963,98107,111058,108145,102849,92706,95215,103855,109849,104015,107592,117808
 "40131","Rogers, OK",6,CAINC4,70,"...","Proprietors' income 9/","Thousands of dollars",14365,14715,16105,19030,20658,22736,23334,28154,33666,34267,39339,37928,38189,37523,44901,51298,55841,55999,57328,65521,67836,61892,71493,76040,86461,93708,98600,106491,91990,92892,82609,121482,105696,115326,113743,140361,156249,180678,166649,160445,147409,160077,182611,204825,216439,221365,208478,218490,175958,177723,178174,223507,222064,181420
 "40131","Rogers, OK",6,CAINC4,71,"..."," Farm proprietors' income ","Thousands of dollars",1032,2115,1797,1378,1751,2272,2288,1090,275,-1662,-172,-1281,1286,-1334,659,102,77,488,-831,1173,1795,-911,1388,1442,1949,4107,-1931,-3285,1053,-4648,-496,-1149,-1015,-537,-6765,232,2879,-1023,627,-11380,-9750,-7061,-5630,2289,-2669,10713,2133,-8873,-9487,-9083,-11725,-12459,-11194,-27250
 "40131","Rogers, OK",6,CAINC4,72,"..."," Nonfarm proprietors' income ","Thousands of dollars",13333,12600,14308,17652,18907,20464,21046,27064,33391,35929,39511,39209,36903,38857,44242,51196,55764,55511,58159,64348,66041,62803,70105,74598,84512,89601,100531,109776,90937,97540,83105,122631,106711,115863,120508,140129,153370,181701,166022,171825,157159,167138,188241,202536,219108,210652,206345,227363,185445,186806,189899,235966,233258,208670
 "40131","Rogers, OK",6,CAINC4,7010,"...","Total employment ","Number of jobs",7323,7333,7309,8074,8448,9041,9656,10160,10987,11757,12671,13253,13980,14873,15128,16221,17152,17837,18728,18625,18810,19793,20870,21138,22914,23684,25389,26463,27769,30783,31365,33000,30913,31392,31154,31620,33801,35732,37407,38482,36727,36444,36215,37956,40425,41358,40500,40969,41231,42319,42473,41107,41635,43689
 "40131","Rogers, OK",6,CAINC4,7020,"..."," Wage and salary employment ","Number of jobs",5023,5078,4851,5344,5701,6139,6376,6684,7265,7872,8651,9011,9657,10045,9825,10468,11043,11589,11568,11920,12171,13012,13905,14240,15496,16030,17226,17967,19067,20806,19513,20747,22200,22462,21943,22114,23916,25767,26827,28073,26407,26261,25954,27732,29916,30579,29810,28490,28590,29419,29986,27809,27424,28568
 "40131","Rogers, OK",6,CAINC4,7040,"..."," Proprietors employment ","Number of jobs",2300,2255,2458,2730,2747,2902,3280,3476,3722,3885,4020,4242,4323,4828,5303,5753,6109,6248,7160,6705,6639,6781,6965,6898,7418,7654,8163,8496,8702,9977,11852,12253,8713,8930,9211,9506,9885,9965,10580,10409,10320,10183,10261,10224,10509,10779,10690,12479,12641,12900,12487,13298,14211,15121
 "40133","Seminole, OK",6,CAINC4,10,"...","Personal income (thousands of dollars) ","Thousands of dollars",61435,69860,75255,83712,90742,105666,121711,129325,144682,164005,191314,223707,277320,292849,291020,312082,319496,304231,282469,289179,293807,308825,320895,340749,352392,362443,363277,375214,387976,390053,403447,427876,467330,484937,500478,526127,563620,611126,631084,683930,679954,728543,795268,841313,827635,854555,798357,764355,779112,817779,850520,910419,994814,1007690
 "40133","Seminole, OK",6,CAINC4,11,"..."," Nonfarm personal income 1/","Thousands of dollars",60324,68508,74798,82542,89673,104568,120201,128693,143526,163417,189710,224066,274564,292740,293212,312880,318709,304858,284313,289577,292700,308640,320815,340511,353218,362867,367206,379046,389906,393249,403513,427470,464717,481069,498966,522569,559532,610576,631719,685791,679546,724094,784866,822777,810318,839746,792686,765884,782320,821215,854252,914165,997724,1016972
 "40133","Seminole, OK",6,CAINC4,12,"..."," Farm income 2/","Thousands of dollars",1111,1352,457,1170,1069,1098,1510,632,1156,588,1604,-359,2756,109,-2192,-798,787,-627,-1844,-398,1107,185,80,238,-826,-424,-3929,-3832,-1930,-3196,-66,406,2613,3868,1512,3558,4088,550,-635,-1861,408,4449,10402,18536,17317,14809,5671,-1529,-3208,-3436,-3732,-3746,-2910,-9282
 "40133","Seminole, OK",6,CAINC4,20,"...","Population (persons) 3/","Number of persons",26223,25225,25539,26640,26782,26900,27477,27450,27307,27092,26831,27505,27613,28473,28767,28552,28577,28351,27249,26444,25922,25308,24994,24813,24983,25142,25158,25122,25260,25051,24902,24963,24719,24540,24584,24801,24878,24997,25030,25198,25428,25469,25350,25221,25202,25043,25016,24691,24330,23929,23652,23515,23498,23351
 "40133","Seminole, OK",6,CAINC4,30,"...","Per capita personal income (dollars) 4/","Dollars",2343,2769,2947,3142,3388,3928,4430,4711,5298,6054,7130,8133,10043,10285,10116,10930,11180,10731,10366,10936,11334,12203,12839,13733,14105,14416,14440,14936,15359,15570,16201,17140,18906,19761,20358,21214,22655,24448,25213,27142,26740,28605,31372,33358,32840,34124,31914,30957,32023,34175,35960,38717,42336,43154
 "40133","Seminole, OK",6,CAINC4,35,"...","Earnings by place of work ","Thousands of dollars",40792,47564,49083,56951,59566,70254,80325,80848,90202,103767,122029,140167,181904,184033,174048,189824,191180,173402,155214,156660,155399,161570,165653,180270,195485,196186,190082,196366,203441,196214,204391,223804,257419,262099,276824,280102,313362,345457,351257,383173,356682,393151,429733,455603,460224,482895,420193,383796,396693,430965,441910,436174,456356,487012
 "40133","Seminole, OK",6,CAINC4,36,"...","Less: Contributions for government social insurance 5/","Thousands of dollars",2742,3206,3487,4209,5094,6189,6987,7051,7727,9214,11005,12959,17665,18767,17615,19617,19892,18323,16915,18215,18176,19059,20236,21772,23976,24404,24595,24858,25094,24583,25410,27123,30763,31233,32987,33200,37293,40350,42598,45706,42931,44877,43863,45649,49164,49864,47879,46410,48939,52796,54106,54628,56860,62532
 "40133","Seminole, OK",6,CAINC4,37,"..."," Employee and self-employed contributions for government social insurance ","Thousands of dollars",1559,1796,1950,2276,2770,3347,3732,3721,4101,4808,5770,6811,9287,9754,9087,9884,10347,9694,9019,9796,10116,10409,11007,11811,12740,13045,13175,13322,13675,13419,13927,14787,16511,16822,17555,17606,19450,21343,22963,24663,23737,24835,21400,21757,26391,27430,26626,26713,28171,30707,31340,31592,32608,36246
 "40133","Seminole, OK",6,CAINC4,38,"..."," Employer contributions for government social insurance ","Thousands of dollars",1183,1410,1537,1933,2324,2842,3255,3330,3626,4406,5235,6148,8378,9013,8528,9733,9545,8629,7896,8419,8060,8650,9229,9961,11236,11359,11420,11536,11419,11164,11483,12336,14252,14411,15432,15594,17843,19007,19635,21043,19194,20042,22463,23892,22773,22434,21253,19697,20768,22089,22766,23036,24252,26286
 "40133","Seminole, OK",6,CAINC4,42,"...","Plus: Adjustment for residence 6/","Thousands of dollars",1779,947,1968,1647,2876,2538,2803,5472,7310,8352,9928,12394,11914,11855,10481,9845,8419,8935,8868,8454,9459,9239,9947,9131,8361,11015,14640,16622,19008,22903,23425,25653,22303,22648,19947,22045,19154,15567,13439,8762,14823,15541,19682,25892,33517,38309,43285,45627,47127,45419,49102,50024,51179,53380
 "40133","Seminole, OK",6,CAINC4,45,"...","Equals: Net earnings by place of residence ","Thousands of dollars",39829,45305,47564,54389,57348,66603,76141,79269,89785,102905,120952,139602,176153,177121,166914,180052,179707,164014,147167,146899,146682,151750,155364,167629,179870,182797,180127,188130,197355,194534,202406,222334,248959,253514,263784,268947,295223,320674,322098,346229,328574,363815,405552,435846,444577,471340,415599,383013,394881,423588,436906,431570,450675,477860
 "40133","Seminole, OK",6,CAINC4,46,"...","Plus: Dividends, interest, and rent 7/","Thousands of dollars",8598,9884,11236,11881,14195,16867,18946,21077,24269,28815,33575,42174,53400,62073,65346,72575,77648,74097,67105,71104,72436,77112,77685,76677,74700,76015,72091,71504,78123,82323,82978,83235,87343,84095,82412,92765,96962,109304,121052,134465,124014,131157,155454,167373,137205,136680,130646,122634,123219,130702,130083,134640,156844,161331
 "40133","Seminole, OK",6,CAINC4,47,"...","Plus: Personal current transfer receipts ","Thousands of dollars",13008,14671,16455,17442,19199,22196,26624,28979,30628,32285,36787,41931,47767,53655,58760,59455,62141,66120,68197,71176,74689,79963,87846,96443,97822,103631,111059,115580,112498,113196,118063,122307,131028,147328,154282,164415,171435,181148,187934,203236,227366,233571,234262,238094,245853,246535,252112,258708,261012,263489,283531,344209,387295,368499
 "40133","Seminole, OK",6,CAINC4,50,"...","Wages and salaries ","Thousands of dollars",28489,34051,34903,40005,41510,49581,57192,57007,62122,72646,84475,101885,134159,137659,126888,137342,136488,119586,109375,110599,106621,111861,117698,126042,135278,136103,135222,139517,143439,144685,151762,163271,181354,180983,191116,187669,205314,231274,249573,274791,249461,256786,268931,280286,275516,282860,278965,269664,285112,305897,311640,303777,314910,346802
 "40133","Seminole, OK",6,CAINC4,60,"...","Supplements to wages and salaries ","Thousands of dollars",3103,3731,4032,4811,5341,6420,7787,8142,9343,11330,13389,16246,21640,23580,23675,26216,26874,25405,23594,24018,24382,26360,28562,32956,36319,36219,34945,35417,34815,34783,37061,41136,45600,47097,50771,52529,57387,62160,64111,67840,64828,70977,72893,73174,74788,77675,78171,75716,78180,83454,84038,83797,84542,88232
 "40133","Seminole, OK",6,CAINC4,61,"..."," Employer contributions for employee pension and insurance funds 8/","Thousands of dollars",1920,2321,2495,2878,3017,3578,4532,4812,5717,6924,8154,10098,13262,14567,15147,16483,17329,16776,15698,15599,16322,17710,19333,22995,25083,24860,23525,23881,23396,23619,25578,28800,31348,32686,35339,36935,39544,43153,44476,46797,45634,50935,50430,49282,52015,55241,56918,56019,57412,61365,61272,60761,60290,61946
 "40133","Seminole, OK",6,CAINC4,62,"..."," Employer contributions for government social insurance ","Thousands of dollars",1183,1410,1537,1933,2324,2842,3255,3330,3626,4406,5235,6148,8378,9013,8528,9733,9545,8629,7896,8419,8060,8650,9229,9961,11236,11359,11420,11536,11419,11164,11483,12336,14252,14411,15432,15594,17843,19007,19635,21043,19194,20042,22463,23892,22773,22434,21253,19697,20768,22089,22766,23036,24252,26286
 "40133","Seminole, OK",6,CAINC4,70,"...","Proprietors' income 9/","Thousands of dollars",9200,9782,10148,12135,12715,14253,15346,15699,18737,19791,24165,22036,26105,22794,23485,26266,27818,28411,22245,22043,24396,23349,19393,21272,23888,23864,19915,21432,25187,16746,15568,19397,30465,34019,34937,39904,50661,52023,37573,40542,42393,65388,87909,102143,109920,122360,63057,38416,33401,41614,46232,48600,56904,51978
 "40133","Seminole, OK",6,CAINC4,71,"..."," Farm proprietors' income ","Thousands of dollars",773,984,123,810,692,654,983,-76,167,-223,756,-1204,1954,-761,-2989,-1558,56,-1271,-2453,-1037,469,-510,-557,-315,-1500,-1108,-4790,-4747,-2968,-4098,-955,-342,1884,3427,859,2452,2856,-810,-2782,-4061,-1166,3022,8967,16844,15906,13297,4738,-2549,-4271,-4376,-4930,-4988,-4025,-10570
 "40133","Seminole, OK",6,CAINC4,72,"..."," Nonfarm proprietors' income ","Thousands of dollars",8427,8798,10025,11325,12023,13599,14363,15775,18570,20014,23409,23240,24151,23555,26474,27824,27762,29682,24698,23080,23927,23859,19950,21587,25388,24972,24705,26179,28155,20844,16523,19739,28581,30592,34078,37452,47805,52833,40355,44603,43559,62366,78942,85299,94014,109063,58319,40965,37672,45990,51162,53588,60929,62548
 "40133","Seminole, OK",6,CAINC4,7010,"...","Total employment ","Number of jobs",9596,10052,9931,10451,10260,10429,10432,10378,10571,10844,11332,12007,13186,13133,12566,12786,12521,11478,11185,10916,10649,10687,10738,10938,11297,11341,11523,11474,11454,11106,11108,11510,12026,11668,11526,10928,11137,11447,11795,12311,11680,11521,11483,11703,11648,11562,11410,11302,11131,11213,11127,10710,10789,11179
 "40133","Seminole, OK",6,CAINC4,7020,"..."," Wage and salary employment ","Number of jobs",7211,7649,7466,7960,7803,7987,7855,7634,7766,8032,8371,8848,9725,9476,8704,8898,8627,7900,7490,7371,7277,7444,7586,7857,8118,8042,8105,8075,8069,7930,8005,8380,8634,8339,8137,7694,7870,8124,8368,8847,8202,8012,8108,8101,7931,7940,7839,7588,7668,7888,7924,7371,7340,7584
 "40133","Seminole, OK",6,CAINC4,7040,"..."," Proprietors employment ","Number of jobs",2385,2403,2465,2491,2457,2442,2577,2744,2805,2812,2961,3159,3461,3657,3862,3888,3894,3578,3695,3545,3372,3243,3152,3081,3179,3299,3418,3399,3385,3176,3103,3130,3392,3329,3389,3234,3267,3323,3427,3464,3478,3509,3375,3602,3717,3622,3571,3714,3463,3325,3203,3339,3449,3595
 "40135","Sequoyah, OK",6,CAINC4,10,"...","Personal income (thousands of dollars) ","Thousands of dollars",50054,53375,57402,62974,76054,90193,99099,116923,133056,150513,172777,196863,226426,238033,267188,295713,315443,334917,349636,368785,391318,412655,432093,458183,487596,525965,561724,592832,619060,635691,656923,705022,746182,773030,810504,858012,902080,968566,1024702,1099497,1107151,1159473,1193273,1246262,1242723,1276045,1317214,1318555,1332484,1357382,1421636,1543680,1705344,1733341
 "40135","Sequoyah, OK",6,CAINC4,11,"..."," Nonfarm personal income 1/","Thousands of dollars",48868,52018,55765,61270,71664,86179,96928,114800,131610,150965,171462,195794,223875,238697,266782,296495,315750,334674,349247,368336,390538,414172,433128,458665,486631,523060,563455,593874,619902,636810,655866,702460,743374,766318,806228,850340,893243,966578,1019137,1096698,1103930,1157017,1193816,1239788,1238748,1272542,1311267,1317406,1331071,1357574,1417741,1544901,1701969,1737451
 "40135","Sequoyah, OK",6,CAINC4,12,"..."," Farm income 2/","Thousands of dollars",1186,1357,1637,1704,4390,4014,2171,2123,1446,-452,1315,1069,2551,-664,406,-782,-307,243,389,449,780,-1517,-1035,-482,965,2905,-1731,-1042,-842,-1119,1057,2562,2808,6712,4276,7672,8837,1988,5565,2799,3221,2456,-543,6474,3975,3503,5947,1149,1413,-192,3895,-1221,3375,-4110
 "40135","Sequoyah, OK",6,CAINC4,20,"...","Population (persons) 3/","Number of persons",22318,23447,24051,24402,25143,26490,27460,28071,28971,29589,30723,30778,30840,30997,32046,32789,33191,33574,34119,33742,33818,33866,34149,34755,35167,35471,36368,37119,37654,38293,38661,39040,39308,39570,39905,40412,40634,41248,41560,41825,42208,42456,42143,41553,41104,40919,40627,40477,40133,39806,39534,39246,39442,39667
 "40135","Sequoyah, OK",6,CAINC4,30,"...","Per capita personal income (dollars) 4/","Dollars",2243,2276,2387,2581,3025,3405,3609,4165,4593,5087,5624,6396,7342,7679,8338,9019,9504,9975,10248,10930,11571,12185,12653,13183,13865,14828,15446,15971,16441,16601,16992,18059,18983,19536,20311,21232,22200,23482,24656,26288,26231,27310,28315,29992,30234,31185,32422,32575,33202,34100,35960,39333,43237,43697
 "40135","Sequoyah, OK",6,CAINC4,35,"...","Earnings by place of work ","Thousands of dollars",28416,28433,27234,27774,34541,38731,39611,47876,52011,58746,69045,75189,86276,86626,101950,113798,120662,131463,134278,140430,152410,157188,169116,180205,194068,212107,226985,242927,260543,264113,269575,288200,302577,312881,329410,349408,364446,392253,410607,414191,415892,407963,420528,435059,428263,426898,442039,435613,436357,432337,507493,510743,543073,568796
 "40135","Sequoyah, OK",6,CAINC4,36,"...","Less: Contributions for government social insurance 5/","Thousands of dollars",1893,1853,1765,1871,2427,2910,3108,3787,4111,4949,5957,6543,7952,8539,9621,10691,11726,12852,13429,15241,16796,17797,19698,21079,22443,24697,26425,27282,28684,29504,30771,31996,34091,35017,37157,39762,42586,46962,50419,50975,51485,49528,47056,47935,52588,52824,54094,54276,56331,58205,66473,69514,71154,77548
 "40135","Sequoyah, OK",6,CAINC4,37,"..."," Employee and self-employed contributions for government social insurance ","Thousands of dollars",1059,1065,1042,1099,1439,1694,1795,2104,2304,2747,3267,3631,4390,4764,5284,5947,6682,7354,7735,8820,9982,10418,11622,12350,12978,14275,15469,15980,16920,17463,18434,19155,19477,19958,20838,21913,23314,26066,28263,28766,29704,29267,25351,25237,29931,30556,31918,33610,35087,36859,41079,42942,44221,48888
 "40135","Sequoyah, OK",6,CAINC4,38,"..."," Employer contributions for government social insurance ","Thousands of dollars",834,788,723,772,988,1216,1313,1683,1807,2202,2690,2912,3562,3775,4337,4744,5044,5498,5694,6421,6814,7379,8076,8729,9465,10422,10956,11302,11764,12041,12337,12841,14614,15059,16319,17849,19272,20896,22156,22209,21781,20261,21705,22698,22657,22268,22176,20666,21244,21346,25394,26572,26933,28660
 "40135","Sequoyah, OK",6,CAINC4,42,"...","Plus: Adjustment for residence 6/","Thousands of dollars",9104,10260,12935,16233,19526,24670,27353,33375,41968,48464,52963,58473,64984,64841,72062,81830,88747,97017,106585,114341,116620,124993,124574,127407,137090,146080,151912,154184,160838,166307,174609,194133,196406,198585,200941,207532,220939,228804,227900,229940,220845,241259,242263,266235,265862,276520,278610,290418,287603,307138,274835,287642,319927,357754
 "40135","Sequoyah, OK",6,CAINC4,45,"...","Equals: Net earnings by place of residence ","Thousands of dollars",35627,36840,38404,42136,51640,60491,63856,77464,89868,102261,116051,127119,143308,142928,164391,184937,197683,215628,227434,239530,252234,264384,273992,286533,308715,333490,352472,369829,392697,400916,413413,450337,464892,476449,493194,517178,542799,574095,588088,593156,585252,599694,615735,653359,641537,650594,666555,671755,667629,681270,715855,728871,791846,849002
 "40135","Sequoyah, OK",6,CAINC4,46,"...","Plus: Dividends, interest, and rent 7/","Thousands of dollars",4983,5914,6897,7618,9551,11641,13092,14570,16721,19603,23046,29728,36760,43564,46900,52285,54481,54856,55759,58052,62362,64742,65214,64700,67256,71849,78884,84597,90232,95498,95941,101550,110833,102259,107791,114011,117491,128273,147368,177371,162558,177980,191385,199020,200011,215540,224820,211441,222907,223948,223012,219520,228601,234613
 "40135","Sequoyah, OK",6,CAINC4,47,"...","Plus: Personal current transfer receipts ","Thousands of dollars",9444,10621,12101,13220,14863,18061,22151,24889,26467,28649,33680,40016,46358,51541,55897,58491,63279,64433,66443,71203,76722,83529,92887,106950,111625,120626,130368,138406,136131,139277,147569,153135,170457,194322,209519,226823,241790,266198,289246,328970,359341,381799,386153,393883,401175,409911,425839,435359,441948,452164,482769,595289,684897,649726
 "40135","Sequoyah, OK",6,CAINC4,50,"...","Wages and salaries ","Thousands of dollars",19438,18799,16558,16597,18379,21229,22549,28433,30960,36577,42949,47310,54785,58999,67128,70617,75018,78728,81696,85986,89615,94076,101103,108811,114989,125352,131219,139598,149205,156598,166848,173452,191584,190083,202215,213926,228450,254120,275126,280385,272366,253482,258362,264907,262371,267244,275820,275588,286378,287844,344101,338419,345862,372939
 "40135","Sequoyah, OK",6,CAINC4,60,"...","Supplements to wages and salaries ","Thousands of dollars",1961,2073,2111,2305,2625,3099,3495,4587,5269,6346,7876,8870,10594,11477,13724,14687,15732,17250,17300,18974,20286,22077,24355,27965,29902,32289,33130,34879,36313,38329,40660,43057,49513,51754,56049,61196,66360,72666,75968,76666,75707,76567,77248,75143,78071,80168,82870,80186,82130,83783,94021,93308,89877,92405
 "40135","Sequoyah, OK",6,CAINC4,61,"..."," Employer contributions for employee pension and insurance funds 8/","Thousands of dollars",1127,1285,1388,1533,1637,1883,2182,2904,3462,4144,5186,5958,7032,7702,9387,9943,10688,11752,11606,12553,13472,14698,16279,19236,20437,21867,22174,23577,24549,26288,28323,30216,34899,36695,39730,43347,47088,51770,53812,54457,53926,56306,55543,52445,55414,57900,60694,59520,60886,62437,68627,66736,62944,63745
 "40135","Sequoyah, OK",6,CAINC4,62,"..."," Employer contributions for government social insurance ","Thousands of dollars",834,788,723,772,988,1216,1313,1683,1807,2202,2690,2912,3562,3775,4337,4744,5044,5498,5694,6421,6814,7379,8076,8729,9465,10422,10956,11302,11764,12041,12337,12841,14614,15059,16319,17849,19272,20896,22156,22209,21781,20261,21705,22698,22657,22268,22176,20666,21244,21346,25394,26572,26933,28660
 "40135","Sequoyah, OK",6,CAINC4,70,"...","Proprietors' income 9/","Thousands of dollars",7017,7561,8565,8872,13537,14403,13567,14856,15782,15823,18220,19009,20897,16150,21098,28494,29912,35485,35282,35470,42509,41035,43658,43429,49177,54466,62636,68450,75025,69186,62067,71691,61480,71044,71146,74286,69636,65467,59513,57140,67819,77914,84918,95009,87821,79486,83349,79839,67849,60710,69371,79016,107334,103452
 "40135","Sequoyah, OK",6,CAINC4,71,"..."," Farm proprietors' income ","Thousands of dollars",707,847,1175,1212,3860,3407,1533,1345,437,-1223,481,211,1713,-1597,-438,-1556,-1010,-336,-121,-101,203,-2159,-1643,-1007,273,2169,-2682,-2110,-2055,-2270,-183,1383,1512,5816,2941,5389,6267,-835,1048,-1807,-50,-513,-3534,2984,1065,373,4031,-985,-808,-2119,1421,-3771,1072,-6770
 "40135","Sequoyah, OK",6,CAINC4,72,"..."," Nonfarm proprietors' income ","Thousands of dollars",6310,6714,7390,7660,9677,10996,12034,13511,15345,17046,17739,18798,19184,17747,21536,30050,30922,35821,35403,35571,42306,43194,45301,44436,48904,52297,65318,70560,77080,71456,62250,70308,59968,65228,68205,68897,63369,66302,58465,58947,67869,78427,88452,92025,86756,79113,79318,80824,68657,62829,67950,82787,106262,110222
 "40135","Sequoyah, OK",6,CAINC4,7010,"...","Total employment ","Number of jobs",5405,5243,5191,5449,5460,5726,6019,6523,6803,7288,7699,7875,8379,8544,9119,9321,9276,9226,9578,9704,9757,9832,9999,10244,11011,11563,12327,12860,13368,13420,13461,13394,13984,13767,13943,14253,14590,15323,16104,16085,15626,14596,14691,14745,14594,14332,14462,14255,14485,14497,15070,14865,14887,15370
 "40135","Sequoyah, OK",6,CAINC4,7020,"..."," Wage and salary employment ","Number of jobs",3810,3663,3451,3491,3601,3763,3858,4308,4367,4673,4973,5031,5379,5411,5771,6001,6032,6137,6337,6430,6480,6499,6602,6811,7225,7613,7863,8140,8519,8832,9007,8852,9365,9121,9168,9319,9437,10256,10817,10945,10651,9779,9741,9911,9823,9601,9773,9553,9743,9602,10316,9939,9815,10041
 "40135","Sequoyah, OK",6,CAINC4,7040,"..."," Proprietors employment ","Number of jobs",1595,1580,1740,1958,1859,1963,2161,2215,2436,2615,2726,2844,3000,3133,3348,3320,3244,3089,3241,3274,3277,3333,3397,3433,3786,3950,4464,4720,4849,4588,4454,4542,4619,4646,4775,4934,5153,5067,5287,5140,4975,4817,4950,4834,4771,4731,4689,4702,4742,4895,4754,4926,5072,5329
 "40137","Stephens, OK",6,CAINC4,10,"...","Personal income (thousands of dollars) ","Thousands of dollars",114172,120955,130547,146895,164533,189680,214191,239650,274699,308734,362161,427376,510495,556690,534923,554253,569286,536843,524405,559178,590037,608148,628759,652044,684622,701831,718486,795698,835762,847398,842364,923669,984216,1005689,1079839,1145432,1278563,1477993,1577500,1805635,1568689,1698757,1827900,1993260,1959311,2135613,1881495,1685205,1686731,1808552,1875653,1951460,2088656,2126606
 "40137","Stephens, OK",6,CAINC4,11,"..."," Nonfarm personal income 1/","Thousands of dollars",111421,118578,128674,143063,156668,182428,211240,238739,274261,307860,359986,428853,506181,555232,536394,555546,567656,535597,522874,556566,586448,606445,627562,648992,682066,694064,718899,795617,834695,849510,843623,924553,984274,1000618,1079408,1143551,1276240,1481425,1572108,1818259,1582825,1707876,1831857,1994200,1964265,2129736,1872940,1689117,1691717,1815249,1885345,1958927,2097614,2148080
 "40137","Stephens, OK",6,CAINC4,12,"..."," Farm income 2/","Thousands of dollars",2751,2377,1873,3832,7865,7252,2951,911,438,874,2175,-1477,4314,1458,-1471,-1293,1630,1246,1531,2612,3589,1703,1197,3052,2556,7767,-413,81,1067,-2112,-1259,-884,-58,5071,431,1881,2323,-3432,5392,-12624,-14136,-9119,-3957,-940,-4954,5877,8555,-3912,-4986,-6697,-9692,-7467,-8958,-21474
 "40137","Stephens, OK",6,CAINC4,20,"...","Population (persons) 3/","Number of persons",36975,36028,36726,37529,37464,37702,38137,39230,40036,40768,42361,43671,44601,46669,47139,45594,45136,44375,43157,42525,42901,42193,42790,43098,43106,43299,43000,43383,43583,43808,43344,43116,42796,42771,42725,43061,43318,43670,44196,44508,44799,45097,45077,44830,44895,44452,44430,43837,43136,42958,42948,42814,43174,43710
 "40137","Stephens, OK",6,CAINC4,30,"...","Per capita personal income (dollars) 4/","Dollars",3088,3357,3555,3914,4392,5031,5616,6109,6861,7573,8549,9786,11446,11928,11348,12156,12613,12098,12151,13149,13753,14413,14694,15129,15882,16209,16709,18341,19176,19343,19434,21423,22998,23513,25274,26600,29516,33845,35693,40569,35016,37669,40551,44463,43642,48043,42347,38443,39103,42100,43673,45580,48378,48653
 "40137","Stephens, OK",6,CAINC4,35,"...","Earnings by place of work ","Thousands of dollars",87156,89413,94754,109217,121944,140559,157616,179081,208749,235912,281607,327018,385735,400195,359300,363913,370536,331581,326228,358483,372530,388621,400600,411767,431000,438600,415856,477462,505128,500847,485519,535876,586253,592732,641270,684411,779482,915717,942190,1126340,949897,1054373,1151590,1253707,1303752,1430945,1174342,930860,885420,974515,1020411,982897,1011110,1096908
 "40137","Stephens, OK",6,CAINC4,36,"...","Less: Contributions for government social insurance 5/","Thousands of dollars",5639,5708,6274,7468,9474,11283,12756,14834,17256,20237,25016,29576,36851,39795,35519,37246,38613,34946,34418,40272,41432,44288,48080,48643,50843,51727,50314,54204,56422,57130,56005,60374,67065,68256,72555,76041,83451,93022,99474,106465,99794,105228,107625,112633,124290,129293,121249,105359,105651,117458,122500,121994,127996,143885
 "40137","Stephens, OK",6,CAINC4,37,"..."," Employee and self-employed contributions for government social insurance ","Thousands of dollars",3069,3165,3475,4017,5087,6088,6879,7735,9001,10400,12855,15337,19212,20562,18230,18686,19905,18369,18242,21297,22783,24071,25590,26237,27262,27997,27658,30505,31932,32285,32363,34655,36771,37159,38958,40266,44587,51558,56497,61490,57603,60861,53091,54789,67621,72308,67332,60671,60134,66769,69834,70622,72795,82095
 "40137","Stephens, OK",6,CAINC4,38,"..."," Employer contributions for government social insurance ","Thousands of dollars",2570,2543,2799,3451,4387,5195,5877,7099,8255,9837,12161,14239,17639,19233,17289,18560,18708,16577,16176,18975,18649,20217,22490,22406,23581,23730,22656,23699,24490,24845,23642,25719,30294,31097,33597,35775,38864,41464,42977,44975,42191,44367,54534,57844,56669,56985,53917,44688,45517,50689,52666,51372,55201,61790
 "40137","Stephens, OK",6,CAINC4,42,"...","Plus: Adjustment for residence 6/","Thousands of dollars",3924,4333,4497,4560,5056,5131,4869,4661,4537,3827,2338,2126,4213,7466,8739,10197,10754,12445,13392,11127,11611,12299,14012,18744,21442,24926,30749,32009,33297,36468,40010,41230,41703,45836,48750,52765,52877,59686,67704,64150,63568,61165,46992,38846,37104,33348,46448,72469,81269,77849,77074,72402,68418,63988
 "40137","Stephens, OK",6,CAINC4,45,"...","Equals: Net earnings by place of residence ","Thousands of dollars",85441,88038,92977,106309,117526,134407,149729,168908,196030,219502,258929,299568,353097,367866,332520,336864,342677,309080,305202,329338,342709,356632,366532,381868,401599,411799,396291,455267,482003,480185,469524,516732,560891,570312,617465,661135,748908,882381,910420,1084025,913671,1010310,1090957,1179920,1216566,1335000,1099541,897970,861038,934906,974985,933305,951532,1017011
 "40137","Stephens, OK",6,CAINC4,46,"...","Plus: Dividends, interest, and rent 7/","Thousands of dollars",15870,18430,21096,22475,26142,30607,35030,38669,44063,50903,58832,76338,99054,119967,125862,137913,143049,135822,125325,133125,143778,140052,141183,135583,142165,139033,158842,170383,182403,192115,191555,218701,224779,218818,230701,244865,277864,317579,367707,396414,302639,317277,362885,433934,359127,410129,374704,356646,380454,418528,412424,416183,462736,481756
 "40137","Stephens, OK",6,CAINC4,47,"...","Plus: Personal current transfer receipts ","Thousands of dollars",12861,14487,16474,18111,20865,24666,29432,32073,34606,38329,44400,51470,58344,68857,76541,79476,83560,91941,93878,96715,103550,111464,121044,134593,140858,150999,163353,170048,171356,175098,181285,188236,198546,216559,231673,239432,251791,278033,299373,325196,352379,371170,374058,379406,383618,390484,407250,430589,445239,455118,488244,601972,674388,627839
 "40137","Stephens, OK",6,CAINC4,50,"...","Wages and salaries ","Thousands of dollars",63873,65083,67858,76699,83140,96724,111472,128500,148960,169703,203565,243641,286758,298658,260580,264063,268137,231172,226235,254725,251760,264649,289400,288288,292517,293681,279459,300733,324939,337577,340918,376862,403474,398195,419955,429475,473337,533378,584585,631147,580886,598926,676112,707289,718767,762590,731298,617693,610614,673975,711016,690246,726272,816552
 "40137","Stephens, OK",6,CAINC4,60,"...","Supplements to wages and salaries ","Thousands of dollars",7441,7774,8387,9992,11123,13053,16576,19487,23607,27369,34025,40466,48670,53643,49159,47686,48455,44271,45493,50414,52530,56887,64504,68027,72149,73298,66674,69765,71669,73815,71841,80861,91014,91702,99324,107474,117484,124498,126069,128371,128217,138842,150691,158808,162812,167481,166507,143617,145028,158070,160245,156203,161308,173826
 "40137","Stephens, OK",6,CAINC4,61,"..."," Employer contributions for employee pension and insurance funds 8/","Thousands of dollars",4871,5231,5588,6541,6736,7858,10699,12388,15352,17532,21864,26227,31031,34410,31870,29126,29747,27694,29317,31439,33881,36670,42014,45621,48568,49568,44018,46066,47179,48970,48199,55142,60720,60605,65727,71699,78620,83034,83092,83396,86026,94475,96157,100964,106143,110496,112590,98929,99511,107381,107579,104831,106107,112036
 "40137","Stephens, OK",6,CAINC4,62,"..."," Employer contributions for government social insurance ","Thousands of dollars",2570,2543,2799,3451,4387,5195,5877,7099,8255,9837,12161,14239,17639,19233,17289,18560,18708,16577,16176,18975,18649,20217,22490,22406,23581,23730,22656,23699,24490,24845,23642,25719,30294,31097,33597,35775,38864,41464,42977,44975,42191,44367,54534,57844,56669,56985,53917,44688,45517,50689,52666,51372,55201,61790
 "40137","Stephens, OK",6,CAINC4,70,"...","Proprietors' income 9/","Thousands of dollars",15842,16556,18509,22526,27681,30782,29568,31094,36182,38840,44017,42911,50307,47894,49561,52164,53944,56138,54500,53344,68240,67085,46696,55452,66334,71621,69723,106964,108520,89455,72760,78153,91765,102835,121991,147462,188661,257841,231536,366822,240794,316605,324787,387610,422173,500874,276537,169550,129778,142470,149150,136448,123530,106530
 "40137","Stephens, OK",6,CAINC4,71,"..."," Farm proprietors' income ","Thousands of dollars",2236,1836,1402,3338,7372,6693,2374,212,-459,209,1387,-2349,3401,384,-2442,-2201,787,522,862,1863,2782,768,283,2218,1646,6930,-1365,-875,73,-3070,-2306,-1888,-1179,4287,-612,218,558,-5309,2508,-15800,-16613,-11513,-6605,-4185,-7657,2938,6792,-5962,-7111,-8459,-11992,-9824,-11136,-23992
 "40137","Stephens, OK",6,CAINC4,72,"..."," Nonfarm proprietors' income ","Thousands of dollars",13606,14720,17107,19188,20309,24089,27194,30882,36641,38631,42630,45260,46906,47510,52003,54365,53157,55616,53638,51481,65458,66317,46413,53234,64688,64691,71088,107839,108447,92525,75066,80041,92944,98548,122603,147244,188103,263150,229028,382622,257407,328118,331392,391795,429830,497936,269745,175512,136889,150929,161142,146272,134666,130522
 "40137","Stephens, OK",6,CAINC4,7010,"...","Total employment ","Number of jobs",15643,15385,15482,16089,16507,16879,18059,18897,20094,21167,22353,23327,24885,24745,23232,22761,22228,19593,19181,20368,20236,19925,20454,20068,20136,20067,20302,20978,21544,21327,21120,22143,22246,21725,21709,21581,22536,23300,23997,24635,23411,23650,24265,25042,25321,25297,24702,23033,22422,22827,22610,22043,22594,23846
 "40137","Stephens, OK",6,CAINC4,7020,"..."," Wage and salary employment ","Number of jobs",11752,11455,11307,11848,12148,12527,13592,14311,15067,15786,16976,17859,18745,18293,16171,15823,15508,13692,13364,14531,14447,14140,14602,14198,14066,13890,13735,14259,14812,15033,14762,15673,15825,15518,15447,15396,16195,16879,17234,17594,16355,16350,17036,17308,17484,17508,16969,15102,14864,15582,15852,15054,15411,16287
 "40137","Stephens, OK",6,CAINC4,7040,"..."," Proprietors employment ","Number of jobs",3891,3930,4175,4241,4359,4352,4467,4586,5027,5381,5377,5468,6140,6452,7061,6938,6720,5901,5817,5837,5789,5785,5852,5870,6070,6177,6567,6719,6732,6294,6358,6470,6421,6207,6262,6185,6341,6421,6763,7041,7056,7300,7229,7734,7837,7789,7733,7931,7558,7245,6758,6989,7183,7559
 "40139","Texas, OK",6,CAINC4,10,"...","Personal income (thousands of dollars) ","Thousands of dollars",62578,80007,84533,104628,124635,88319,113615,129403,112109,135330,196068,179171,185865,226227,225331,237383,263393,286710,267862,249363,241448,257452,303688,304312,331535,309509,353035,416448,458362,480712,539504,603389,585718,513204,534904,574914,608153,625908,627466,687538,626646,739658,876723,947225,1236072,1175334,1217745,1073108,1118696,1070621,1118131,1079243,1288186,1238928
 "40139","Texas, OK",6,CAINC4,11,"..."," Nonfarm personal income 1/","Thousands of dollars",43233,47336,51868,56966,65330,76416,87864,97210,105836,116370,130869,152547,170876,184725,194734,208056,213648,209153,199285,200791,203121,213320,235008,241052,246413,261111,284345,329506,364610,395554,398095,435010,445026,435302,439029,466450,495851,518300,546737,591175,579724,609551,660069,718375,752159,761397,758960,728158,747570,761168,765901,834862,896410,914846
 "40139","Texas, OK",6,CAINC4,12,"..."," Farm income 2/","Thousands of dollars",19345,32671,32665,47662,59305,11903,25751,32193,6273,18960,65199,26624,14989,41502,30597,29327,49745,77557,68577,48572,38327,44132,68680,63260,85122,48398,68690,86942,93752,85158,141409,168379,140692,77902,95875,108464,112302,107608,80729,96363,46922,130107,216654,228850,483913,413937,458785,344950,371126,309453,352230,244381,391776,324082
 "40139","Texas, OK",6,CAINC4,20,"...","Population (persons) 3/","Number of persons",15889,16395,16655,16914,17230,17904,18132,18208,18309,17959,17718,17781,17967,17990,18676,18630,18404,18271,18154,17227,16457,16460,16388,16454,16430,16817,17313,18272,19082,19791,19878,20161,19945,19734,19469,19693,19408,19361,19258,19539,20128,20833,21422,21900,22497,22316,22153,22070,22006,21726,21387,21291,20822,20495
 "40139","Texas, OK",6,CAINC4,30,"...","Per capita personal income (dollars) 4/","Dollars",3938,4880,5076,6186,7234,4933,6266,7107,6123,7535,11066,10077,10345,12575,12065,12742,14312,15692,14755,14475,14671,15641,18531,18495,20179,18405,20391,22792,24021,24289,27141,29929,29367,26006,27475,29194,31335,32328,32582,35188,31133,35504,40926,43252,54944,52668,54970,48623,50836,49278,52281,50690,61867,60450
 "40139","Texas, OK",6,CAINC4,35,"...","Earnings by place of work ","Thousands of dollars",51728,67518,70110,88907,105515,66107,86639,100409,80178,99998,155198,129988,121854,150113,144480,149617,173358,197481,181565,161973,150806,163561,194948,197942,231493,206151,244777,308192,354404,376083,441272,500930,475216,414714,431636,467880,482404,500173,484422,518902,461913,561151,674228,723136,1016204,954418,1006535,863662,898654,846821,899581,825812,980416,972586
 "40139","Texas, OK",6,CAINC4,36,"...","Less: Contributions for government social insurance 5/","Thousands of dollars",2145,2305,2544,2884,3832,4657,5172,5881,6373,7142,8240,9404,10537,10887,11126,12074,12698,12593,12110,12899,12970,13996,15144,15899,17461,19106,21527,26418,30388,33209,34712,38274,39412,39497,39044,42650,43231,44020,45898,47834,47880,47454,46363,50842,58779,60261,57958,56145,57574,59630,63045,66436,67045,76717
 "40139","Texas, OK",6,CAINC4,37,"..."," Employee and self-employed contributions for government social insurance ","Thousands of dollars",1163,1247,1373,1527,2018,2433,2670,2911,3169,3568,4132,4786,5386,5599,5651,6002,6492,6460,6201,6685,6844,7290,7996,8484,8997,9728,10794,13084,15205,17014,17902,19559,19664,19754,19131,20159,20784,21764,22795,23603,23772,24027,19833,20979,28187,28905,29584,29721,30596,31667,32419,34164,34213,38625
 "40139","Texas, OK",6,CAINC4,38,"..."," Employer contributions for government social insurance ","Thousands of dollars",982,1058,1171,1357,1814,2224,2502,2970,3204,3574,4108,4618,5151,5288,5475,6072,6206,6133,5909,6214,6126,6706,7148,7415,8464,9378,10733,13334,15183,16195,16810,18715,19748,19743,19913,22491,22447,22256,23103,24231,24108,23427,26530,29863,30592,31356,28374,26424,26978,27963,30626,32272,32832,38092
 "40139","Texas, OK",6,CAINC4,42,"...","Plus: Adjustment for residence 6/","Thousands of dollars",1367,1630,1873,2581,3099,3805,4328,5162,6205,7451,9655,11355,13857,16490,15501,16753,17247,17878,17275,18109,17723,19162,21698,21346,20444,20226,19851,16907,14372,12023,10013,6700,4985,2138,2161,-831,-2125,-661,2566,3891,8615,17300,26202,33691,38885,41814,35740,33292,40151,43794,42761,51103,53465,50628
 "40139","Texas, OK",6,CAINC4,45,"...","Equals: Net earnings by place of residence ","Thousands of dollars",50950,66843,69439,88604,104782,65255,85795,99690,80010,100307,156613,131939,125174,155716,148855,154296,177907,202766,186730,167183,155559,168727,201502,203389,234476,207271,243101,298681,338388,354897,416573,469356,440789,377355,394753,424399,437048,455492,441090,474959,422648,530997,654067,705985,996310,935971,984317,840809,881231,830985,879297,810479,966836,946497
 "40139","Texas, OK",6,CAINC4,46,"...","Plus: Dividends, interest, and rent 7/","Thousands of dollars",8052,9038,10383,10831,13745,15765,18909,19798,21698,23727,26657,32600,44039,51607,55860,60644,61763,58344,53703,53791,57276,57308,67977,61595,56041,58974,62987,68725,70704,75941,71581,79690,86840,75003,78230,83993,102414,94786,110236,124551,110246,108364,122151,139336,135225,131564,124387,119872,121548,121666,115792,110820,125045,129172
 "40139","Texas, OK",6,CAINC4,47,"...","Plus: Personal current transfer receipts ","Thousands of dollars",3576,4126,4711,5193,6108,7299,8911,9915,10401,11296,12798,14632,16652,18904,20616,22443,23723,25600,27429,28389,28613,31417,34209,39328,41018,43264,46947,49042,49270,49874,51350,54343,58089,60846,61921,66522,68691,75630,76140,88028,93752,100297,100505,101904,104537,107799,109041,112427,115917,117970,123042,157944,196305,163259
 "40139","Texas, OK",6,CAINC4,50,"...","Wages and salaries ","Thousands of dollars",24831,27447,28696,30725,35228,42000,46175,52358,57361,60454,67365,77977,82266,83113,84616,89328,92082,88510,84531,85340,83589,89001,92825,96462,105647,114176,130566,166810,197809,220595,237173,262919,269999,259411,256296,277825,284054,294520,309355,328520,316571,318356,341414,370918,383749,396428,386688,377438,388973,398391,414277,416529,419745,478694
 "40139","Texas, OK",6,CAINC4,60,"...","Supplements to wages and salaries ","Thousands of dollars",2495,2850,3131,3636,4283,5148,6312,7356,8281,9144,10393,12330,13012,13796,14927,16013,16907,17020,16347,16443,17117,18618,20018,22368,25038,27288,29944,38142,43961,49095,52185,58096,58887,61878,64138,71681,72893,72075,72677,73554,75820,82371,84955,89634,98617,105322,99715,94621,96421,98964,100778,103201,101692,113389
 "40139","Texas, OK",6,CAINC4,61,"..."," Employer contributions for employee pension and insurance funds 8/","Thousands of dollars",1513,1792,1960,2279,2469,2924,3810,4386,5077,5570,6285,7712,7861,8508,9452,9941,10701,10887,10438,10229,10991,11912,12870,14953,16574,17910,19211,24808,28778,32900,35375,39381,39139,42135,44225,49190,50446,49819,49574,49323,51712,58944,58425,59771,68025,73966,71341,68197,69443,71001,70152,70929,68860,75297
 "40139","Texas, OK",6,CAINC4,62,"..."," Employer contributions for government social insurance ","Thousands of dollars",982,1058,1171,1357,1814,2224,2502,2970,3204,3574,4108,4618,5151,5288,5475,6072,6206,6133,5909,6214,6126,6706,7148,7415,8464,9378,10733,13334,15183,16195,16810,18715,19748,19743,19913,22491,22447,22256,23103,24231,24108,23427,26530,29863,30592,31356,28374,26424,26978,27963,30626,32272,32832,38092
 "40139","Texas, OK",6,CAINC4,70,"...","Proprietors' income 9/","Thousands of dollars",24402,37221,38283,54546,66004,18959,34152,40695,14536,30400,77440,39681,26576,53204,44937,44276,64369,91951,80687,60190,50100,55942,82105,79112,100808,64687,84267,103240,112634,106393,151914,179915,146330,93425,111202,118374,125457,133578,102390,116828,69522,160424,247859,262584,533838,452668,520132,391603,413260,349466,384526,306082,458979,380503
 "40139","Texas, OK",6,CAINC4,71,"..."," Farm proprietors' income ","Thousands of dollars",17017,29875,29896,44392,55668,7326,21202,26868,-369,14213,60021,21271,9774,35594,24570,22985,42965,70867,61461,40367,29407,33548,58291,53374,71866,33881,49254,65534,68618,61843,116749,146155,117057,62004,78002,84133,89594,86526,51404,63779,21957,105377,189860,194598,455388,383350,439854,324270,349571,290417,327912,219274,369302,298110
 "40139","Texas, OK",6,CAINC4,72,"..."," Nonfarm proprietors' income ","Thousands of dollars",7385,7346,8387,10154,10336,11633,12950,13827,14905,16187,17419,18410,16802,17610,20367,21291,21404,21084,19226,19823,20693,22394,23814,25738,28942,30806,35013,37706,44016,44550,35165,33760,29273,31421,33200,34241,35863,47052,50986,53049,47565,55047,57999,67986,78450,69318,80278,67333,63689,59049,56614,86808,89677,82393
 "40139","Texas, OK",6,CAINC4,7010,"...","Total employment ","Number of jobs",7920,8107,8143,8565,8838,9307,9050,9068,8990,8844,8954,9352,9359,9233,9251,9223,8928,8334,8165,7745,7645,7726,7791,7791,8230,8710,9503,11303,12685,12960,13187,13872,14209,13652,13044,13293,13186,13031,12764,12710,12344,12349,12642,13082,13620,13385,12973,12789,12630,12465,12473,12545,12232,13061
 "40139","Texas, OK",6,CAINC4,7020,"..."," Wage and salary employment ","Number of jobs",5326,5565,5455,5728,5932,6414,6336,6538,6447,6322,6467,6869,6779,6608,6537,6549,6340,5932,5708,5392,5310,5379,5413,5486,5836,6119,6743,8424,9823,10207,10476,11065,11222,10769,10159,10483,10352,10163,9862,9769,9422,9398,9582,9868,10376,10288,9925,9713,9690,9581,9728,9732,9368,10082
 "40139","Texas, OK",6,CAINC4,7040,"..."," Proprietors employment ","Number of jobs",2594,2542,2688,2837,2906,2893,2714,2530,2543,2522,2487,2483,2580,2625,2714,2674,2588,2402,2457,2353,2335,2347,2378,2305,2394,2591,2760,2879,2862,2753,2711,2807,2987,2883,2885,2810,2834,2868,2902,2941,2922,2951,3060,3214,3244,3097,3048,3076,2940,2884,2745,2813,2864,2979
 "40141","Tillman, OK",6,CAINC4,10,"...","Personal income (thousands of dollars) ","Thousands of dollars",36092,40249,37536,43986,64100,60012,61566,66125,63884,76799,94363,80834,110222,111891,120209,110622,118739,124964,131622,126737,123858,142427,119984,140795,147694,146532,138537,148374,150802,155430,160945,163526,167308,177345,199219,198445,196891,185729,203042,238377,213116,265776,252889,261901,275225,265276,234640,234026,255338,248081,271617,260971,288017,239294
 "40141","Tillman, OK",6,CAINC4,11,"..."," Nonfarm personal income 1/","Thousands of dollars",28754,30965,32862,35289,39884,44733,49504,53872,59451,64871,70810,82574,90618,99424,104764,106951,112040,110391,107608,110156,110707,113857,117944,123170,123630,128423,131109,135081,138925,138793,137077,141774,147414,154936,164254,161024,166240,176469,183969,195827,200879,217990,226205,236385,233367,237161,237242,234596,240142,238667,242422,260018,264599,261875
 "40141","Tillman, OK",6,CAINC4,12,"..."," Farm income 2/","Thousands of dollars",7338,9284,4674,8697,24216,15279,12062,12253,4433,11928,23553,-1740,19604,12467,15445,3671,6699,14573,24014,16581,13151,28570,2040,17625,24064,18109,7428,13293,11877,16637,23868,21752,19894,22409,34965,37421,30651,9260,19073,42550,12237,47786,26684,25516,41858,28115,-2602,-570,15196,9414,29195,953,23418,-22581
 "40141","Tillman, OK",6,CAINC4,20,"...","Population (persons) 3/","Number of persons",13187,12836,12630,12447,12558,12415,12440,12302,12184,12057,12232,12349,12132,12063,12190,11749,11405,11227,11346,11087,10705,10323,10231,10065,10034,9766,9690,9615,9628,9507,9378,9247,9203,8841,8802,8668,8464,8394,8271,8112,8016,7976,7965,7762,7634,7549,7419,7348,7201,7103,7013,6948,7039,6977
 "40141","Tillman, OK",6,CAINC4,30,"...","Per capita personal income (dollars) 4/","Dollars",2737,3136,2972,3534,5104,4834,4949,5375,5243,6370,7714,6546,9085,9276,9861,9415,10411,11131,11601,11431,11570,13797,11727,13989,14719,15004,14297,15432,15663,16349,17162,17684,18180,20059,22633,22894,23262,22126,24549,29386,26586,33322,31750,33741,36053,35141,31627,31849,35459,34926,38731,37561,40917,34298
 "40141","Tillman, OK",6,CAINC4,35,"...","Earnings by place of work ","Thousands of dollars",25988,28877,24459,30593,48890,42656,41270,44263,40437,50338,64398,45381,67171,62826,68225,56792,61828,69421,78992,73336,68330,86865,61823,82014,88665,86782,75033,83453,83150,88070,92179,93641,88649,98565,115711,117767,112173,96860,103946,130612,96900,142368,121197,126381,143270,130785,103073,105564,120712,109538,129009,102658,120998,78134
 "40141","Tillman, OK",6,CAINC4,36,"...","Less: Contributions for government social insurance 5/","Thousands of dollars",1308,1376,1417,1655,2157,2458,2594,2870,3245,3553,3852,4409,4759,5076,5193,5336,5745,5844,6165,6806,6874,7250,7578,8065,8262,8842,8889,8964,8923,8798,8492,8844,8431,9260,9711,9961,10486,11126,10968,11318,10821,12027,11108,12189,12779,12848,12813,12884,13019,12781,12657,13033,12669,13735
 "40141","Tillman, OK",6,CAINC4,37,"..."," Employee and self-employed contributions for government social insurance ","Thousands of dollars",732,772,806,907,1171,1325,1395,1474,1653,1809,1998,2327,2536,2755,2789,2864,3132,3184,3297,3688,3810,3891,4112,4368,4398,4656,4727,4772,4835,4846,4777,4889,4757,5160,5359,5436,5644,6080,6099,6272,6184,6687,5554,5736,6928,7058,7244,7556,7750,7751,7705,7921,7719,8355
 "40141","Tillman, OK",6,CAINC4,38,"..."," Employer contributions for government social insurance ","Thousands of dollars",576,604,611,748,986,1133,1199,1396,1592,1744,1854,2082,2223,2321,2404,2472,2613,2660,2868,3118,3064,3359,3466,3697,3864,4186,4162,4192,4088,3952,3715,3955,3674,4100,4352,4525,4842,5046,4869,5046,4637,5340,5554,6453,5851,5790,5569,5328,5269,5030,4952,5112,4950,5380
 "40141","Tillman, OK",6,CAINC4,42,"...","Plus: Adjustment for residence 6/","Thousands of dollars",1086,1146,1347,1320,1329,1477,1408,1426,1247,1813,1819,1755,2819,3135,3209,3985,4680,4997,4516,4654,5339,5686,6157,6476,6892,6943,7612,8053,8916,9859,10986,11453,13643,14378,15382,16369,17345,19156,20232,21924,23672,25541,27791,29107,30999,31450,31952,32758,33677,36007,37527,36785,39059,41874
 "40141","Tillman, OK",6,CAINC4,45,"...","Equals: Net earnings by place of residence ","Thousands of dollars",25766,28647,24389,30258,48062,41675,40084,42819,38439,48598,62365,42727,65231,60885,66241,55441,60763,68574,77343,71184,66795,85301,60402,80425,87295,84883,73756,82542,83143,89131,94673,96250,93861,103683,121382,124175,119032,104890,113210,141218,109751,155882,137880,143299,161490,149387,122212,125438,141370,132764,153879,126410,147388,106273
 "40141","Tillman, OK",6,CAINC4,46,"...","Plus: Dividends, interest, and rent 7/","Thousands of dollars",4668,5221,5860,6191,7515,8661,10035,11032,12673,14190,16154,20396,24933,28964,29873,30249,32029,29993,27288,27770,28989,27992,27851,26246,25431,24673,25976,26473,29094,28097,26869,27734,29867,26858,28537,24898,24108,23384,30093,34323,35479,38745,44063,48885,44647,46782,42531,39078,42598,42758,44097,44895,39674,39995
 "40141","Tillman, OK",6,CAINC4,47,"...","Plus: Personal current transfer receipts ","Thousands of dollars",5658,6381,7287,7537,8523,9676,11447,12274,12772,14011,15844,17711,20058,22042,24095,24932,25947,26397,26991,27783,28074,29134,31731,34124,34968,36976,38805,39359,38565,38202,39403,39542,43580,46804,49300,49372,53751,57455,59739,62836,67886,71149,70946,69717,69088,69107,69897,69510,71370,72559,73641,89666,100955,93026
 "40141","Tillman, OK",6,CAINC4,50,"...","Wages and salaries ","Thousands of dollars",14004,14792,14322,16123,18129,20059,21488,23792,27092,27836,29572,34601,34885,36902,37648,36907,39177,38734,41200,42907,41842,44532,45426,48512,48331,51333,50891,52357,52829,52931,51650,53985,49561,53734,57323,58013,59442,64579,63874,66994,61892,66845,66972,74988,73880,75395,74203,75726,76130,71043,70816,69877,67023,70418
 "40141","Tillman, OK",6,CAINC4,60,"...","Supplements to wages and salaries ","Thousands of dollars",1444,1552,1593,1912,2252,2603,2950,3343,3987,4317,4620,5521,5747,6318,6649,6586,7118,7450,7952,8583,8834,9717,10310,11804,12222,13347,13073,13394,13103,12988,12655,13975,13042,14831,15999,16692,17447,18189,18122,18502,17376,19771,19891,20828,21642,22285,22115,21936,21210,20669,20443,20734,19038,19094
 "40141","Tillman, OK",6,CAINC4,61,"..."," Employer contributions for employee pension and insurance funds 8/","Thousands of dollars",868,948,982,1164,1266,1470,1751,1947,2395,2573,2766,3439,3524,3997,4245,4114,4505,4790,5084,5465,5770,6358,6844,8107,8358,9161,8911,9202,9015,9036,8940,10020,9368,10731,11647,12167,12605,13143,13253,13456,12739,14431,14337,14375,15791,16495,16546,16608,15941,15639,15491,15622,14088,13714
 "40141","Tillman, OK",6,CAINC4,62,"..."," Employer contributions for government social insurance ","Thousands of dollars",576,604,611,748,986,1133,1199,1396,1592,1744,1854,2082,2223,2321,2404,2472,2613,2660,2868,3118,3064,3359,3466,3697,3864,4186,4162,4192,4088,3952,3715,3955,3674,4100,4352,4525,4842,5046,4869,5046,4637,5340,5554,6453,5851,5790,5569,5328,5269,5030,4952,5112,4950,5380
 "40141","Tillman, OK",6,CAINC4,70,"...","Proprietors' income 9/","Thousands of dollars",10540,12533,8544,12558,28509,19994,16832,17128,9358,18185,30206,5259,26539,19606,23928,13299,15533,23237,29840,21846,17654,32616,6087,21698,28112,22102,11069,17702,17218,22151,27874,25681,26046,30000,42389,43062,35284,14092,21950,45116,17632,55752,34334,30565,47748,33105,6755,7902,23372,17826,37750,12047,34937,-11378
 "40141","Tillman, OK",6,CAINC4,71,"..."," Farm proprietors' income ","Thousands of dollars",5867,7714,3270,7190,22685,13508,10160,9867,1245,9537,20986,-4353,17098,9671,12775,1052,4102,12200,21681,14121,10676,25860,-447,15456,21785,16084,5184,11147,9713,14557,21598,19599,17493,20732,32942,34448,27687,6289,14697,37581,8329,43878,22366,19974,37238,23154,-5655,-3941,11685,6346,25264,-3105,19769,-26800
 "40141","Tillman, OK",6,CAINC4,72,"..."," Nonfarm proprietors' income ","Thousands of dollars",4673,4819,5274,5368,5824,6486,6672,7261,8113,8648,9220,9612,9441,9935,11153,12247,11431,11037,8159,7725,6978,6756,6534,6242,6327,6018,5885,6555,7505,7594,6276,6082,8553,9268,9447,8614,7597,7803,7253,7535,9303,11874,11968,10591,10510,9951,12410,11843,11687,11480,12486,15152,15168,15422
 "40141","Tillman, OK",6,CAINC4,7010,"...","Total employment ","Number of jobs",6264,6257,5721,6053,6153,6187,5913,5835,5869,5473,5300,5353,5133,5135,5074,4930,4731,4479,4557,4565,4426,4467,4423,4476,4465,4513,4413,4365,4369,4221,3944,3943,3742,3784,3679,3669,3619,3618,3580,3530,3401,3367,3327,3475,3543,3455,3331,3326,3252,3109,3022,2941,2798,2920
 "40141","Tillman, OK",6,CAINC4,7020,"..."," Wage and salary employment ","Number of jobs",3979,3936,3482,3739,3915,3940,3796,3927,4081,3803,3656,3721,3499,3507,3409,3325,3208,3079,3172,3193,3030,3059,2999,3077,3012,3064,2943,2921,2845,2755,2545,2540,2344,2432,2420,2404,2376,2395,2311,2326,2205,2181,2136,2257,2289,2204,2107,2097,2047,1958,1931,1862,1705,1794
 "40141","Tillman, OK",6,CAINC4,7040,"..."," Proprietors employment ","Number of jobs",2285,2321,2239,2314,2238,2247,2117,1908,1788,1670,1644,1632,1634,1628,1665,1605,1523,1400,1385,1372,1396,1408,1424,1399,1453,1449,1470,1444,1524,1466,1399,1403,1398,1352,1259,1265,1243,1223,1269,1204,1196,1186,1191,1218,1254,1251,1224,1229,1205,1151,1091,1079,1093,1126
 "40143","Tulsa, OK",6,CAINC4,10,"...","Personal income (thousands of dollars) ","Thousands of dollars",1612660,1715734,1846924,2015270,2275093,2675323,3055687,3375000,3780961,4282118,4844075,5675410,6600361,7228525,7333273,7842312,8299025,8464006,8512495,8952715,9588778,10336832,10663791,11209322,11602649,12086867,12785057,13659317,14694874,15927213,16027187,17390734,17229758,17359840,17831486,20744339,23798300,27578105,27945464,32725462,27233950,28653951,32728185,36995176,41859803,44804215,39961131,33968161,37070622,40213243,41227708,41189157,45366745,47458230
 "40143","Tulsa, OK",6,CAINC4,11,"..."," Nonfarm personal income 1/","Thousands of dollars",1610913,1714118,1844416,2012446,2271312,2671610,3053007,3369911,3778874,4282383,4843649,5673485,6592819,7222124,7326088,7837339,8292394,8447087,8497825,8936314,9572972,10321962,10649243,11198061,11594082,12077800,12778447,13654484,14690895,15926979,16024718,17388985,17225788,17355339,17828250,20738220,23790150,27573603,27938112,32721403,27229816,28650925,32725339,36991262,41857746,44801063,39959764,33966923,37068697,40213075,41225661,41187225,45364475,47459041
 "40143","Tulsa, OK",6,CAINC4,12,"..."," Farm income 2/","Thousands of dollars",1747,1616,2508,2824,3781,3713,2680,5089,2087,-265,426,1925,7542,6401,7185,4973,6631,16919,14670,16401,15806,14870,14548,11261,8567,9067,6610,4833,3979,234,2469,1749,3970,4501,3236,6119,8150,4502,7352,4059,4134,3026,2846,3914,2057,3152,1367,1238,1925,168,2047,1932,2270,-811
 "40143","Tulsa, OK",6,CAINC4,20,"...","Population (persons) 3/","Number of persons",396522,400229,404483,409690,413721,417574,424353,430210,434290,439304,454569,473199,482745,497599,507078,506414,504424,507932,505740,499454,499452,505289,514116,521681,526344,529054,531124,537887,546009,554563,561682,563748,566175,569170,568406,566140,568199,575014,582094,588510,597748,605320,610810,618060,627877,636375,647242,653975,655729,658563,663461,670653,673961,677358
 "40143","Tulsa, OK",6,CAINC4,30,"...","Per capita personal income (dollars) 4/","Dollars",4067,4287,4566,4919,5499,6407,7201,7845,8706,9748,10656,11994,13673,14527,14462,15486,16452,16664,16832,17925,19199,20457,20742,21487,22044,22846,24072,25394,26913,28720,28534,30848,30432,30500,31371,36642,41884,47961,48009,55607,45561,47337,53582,59857,66669,70405,61741,51941,56533,61062,62140,61416,67314,70064
 "40143","Tulsa, OK",6,CAINC4,35,"...","Earnings by place of work ","Thousands of dollars",1490850,1558907,1663162,1845217,2102994,2488250,2821931,3152436,3584893,4119563,4751438,5581184,6458953,6920780,6853657,7297617,7653792,7781488,7780878,8182160,8823314,9467527,9848184,10333796,10712656,11099457,11537312,12343395,13446533,14600410,14758104,15766768,15644367,15670305,15799285,18779213,21255417,24542266,24269006,28254165,23415644,24392217,27632653,30778760,36456462,39019099,34212843,28402167,31138975,33585346,34064759,32689226,35606083,38909310
 "40143","Tulsa, OK",6,CAINC4,36,"...","Less: Contributions for government social insurance 5/","Thousands of dollars",99132,102143,112298,131526,174923,211753,234387,269276,304742,361217,432899,509399,633448,700423,692012,747834,795852,825088,822283,901267,971178,1083561,1150352,1194683,1245254,1309499,1357156,1425542,1531804,1657945,1697253,1789308,1868246,1894029,1862028,2043477,2191210,2335214,2432936,2542062,2417338,2432143,2369996,2547214,2949651,3045344,3041363,2895952,3037119,3223515,3327732,3344993,3515151,3799071
 "40143","Tulsa, OK",6,CAINC4,37,"..."," Employee and self-employed contributions for government social insurance ","Thousands of dollars",51302,53286,58725,67030,89493,108615,121009,133664,150790,177222,213935,255113,320555,351374,342238,362420,397435,413730,414346,455165,496377,550316,588436,612787,629381,661426,687689,727288,790626,864557,893517,935604,947003,952686,919923,1024454,1110331,1218204,1282193,1366225,1283011,1298862,1106309,1175586,1558964,1660623,1645958,1569092,1668744,1782659,1825285,1844301,1923667,2117201
 "40143","Tulsa, OK",6,CAINC4,38,"..."," Employer contributions for government social insurance ","Thousands of dollars",47830,48857,53573,64496,85430,103138,113378,135612,153952,183995,218964,254286,312893,349049,349774,385414,398417,411358,407937,446102,474801,533245,561916,581896,615873,648073,669467,698254,741178,793388,803736,853704,921243,941343,942105,1019023,1080879,1117010,1150743,1175837,1134327,1133281,1263687,1371628,1390687,1384721,1395405,1326860,1368375,1440856,1502447,1500692,1591484,1681870
 "40143","Tulsa, OK",6,CAINC4,42,"...","Plus: Adjustment for residence 6/","Thousands of dollars",-147440,-154911,-168214,-193039,-226428,-273131,-301236,-346507,-414751,-502514,-647072,-813337,-945540,-1005485,-964216,-1020700,-1068844,-1074277,-1053663,-1099470,-1220125,-1332071,-1385015,-1466717,-1496584,-1576644,-1589048,-1722493,-1916888,-2125522,-2270469,-2465965,-2630461,-2562352,-2460506,-2691023,-2913558,-3263329,-3405611,-3447408,-3381751,-3243337,-3322508,-3364952,-3305199,-3365364,-3573910,-3693636,-3897714,-4148754,-4284719,-4350391,-4625918,-5002033
 "40143","Tulsa, OK",6,CAINC4,45,"...","Equals: Net earnings by place of residence ","Thousands of dollars",1244278,1301853,1382650,1520652,1701643,2003366,2286308,2536653,2865400,3255832,3671467,4258448,4879965,5214872,5197429,5529083,5789096,5882123,5904932,6181423,6632011,7051895,7312817,7672396,7970818,8213314,8591108,9195360,9997841,10816943,10790382,11511495,11145660,11213924,11476751,14044713,16150649,18943723,18430459,22264695,17616555,18716737,21940149,24866594,30201612,32608391,27597570,21812579,24204142,26213077,26452308,24993842,27465014,30108206
 "40143","Tulsa, OK",6,CAINC4,46,"...","Plus: Dividends, interest, and rent 7/","Thousands of dollars",252566,276980,303593,318293,369553,434088,474851,513538,567434,652816,742615,919742,1153522,1358194,1409969,1564249,1700229,1702956,1676403,1781604,1887860,2150073,2129286,2184479,2190894,2380527,2578833,2760201,2845941,3231981,3285118,3827522,3845646,3852297,3911277,4180217,4928892,5684854,6350046,6902480,5806980,5813368,6624459,7843619,7293303,7673899,7623754,7218183,7726349,8649595,8990766,8752530,9492316,9786099
 "40143","Tulsa, OK",6,CAINC4,47,"...","Plus: Personal current transfer receipts ","Thousands of dollars",115816,136901,160681,176325,203897,237869,294528,324809,348127,373470,429993,497220,566874,655459,725875,748980,809700,878927,931160,989688,1068907,1134864,1221688,1352447,1440937,1493026,1615116,1703756,1851092,1878289,1951687,2051717,2238452,2293619,2443458,2519409,2718759,2949528,3164959,3558287,3810415,4123846,4163577,4284963,4364888,4521925,4739807,4937399,5140131,5350571,5784634,7442785,8409415,7563925
 "40143","Tulsa, OK",6,CAINC4,50,"...","Wages and salaries ","Thousands of dollars",1195543,1256225,1317224,1450467,1657322,1940708,2184308,2466347,2743547,3155423,3641020,4341592,5065389,5468869,5310857,5599288,5841339,5810794,5768397,6078738,6472356,7013233,7280547,7546765,7730818,7976747,8213650,8752439,9566381,10510612,10879387,11527047,12285939,12135372,11855252,12393916,13144521,14603711,15256682,15968248,15249608,15164989,16153786,17092910,17340658,18164167,18734431,18410719,18952442,19886779,20732495,20507996,21499707,23114865
 "40143","Tulsa, OK",6,CAINC4,60,"...","Supplements to wages and salaries ","Thousands of dollars",128905,138205,148715,175107,203864,242274,295027,339724,399794,464911,549010,661420,778521,872436,882980,942799,999685,1065866,1061323,1109625,1254495,1384126,1489594,1628266,1714234,1786879,1792185,1874340,1953382,2100406,2142475,2372531,2607242,2698150,2691568,2868246,3065234,3175389,3223753,3228288,3260556,3413577,3558397,3706093,3878982,4014414,4154456,4047708,4132007,4353100,4522960,4434047,4610968,4730695
 "40143","Tulsa, OK",6,CAINC4,61,"..."," Employer contributions for employee pension and insurance funds 8/","Thousands of dollars",81075,89348,95142,110611,118434,139136,181649,204112,245842,280916,330046,407134,465628,523387,533206,557385,601268,654508,653386,663523,779694,850881,927678,1046370,1098361,1138806,1122718,1176086,1212204,1307018,1338739,1518827,1685999,1756807,1749463,1849223,1984355,2058379,2073010,2052451,2126229,2280296,2294710,2334465,2488295,2629693,2759051,2720848,2763632,2912244,3020513,2933355,3019484,3048825
 "40143","Tulsa, OK",6,CAINC4,62,"..."," Employer contributions for government social insurance ","Thousands of dollars",47830,48857,53573,64496,85430,103138,113378,135612,153952,183995,218964,254286,312893,349049,349774,385414,398417,411358,407937,446102,474801,533245,561916,581896,615873,648073,669467,698254,741178,793388,803736,853704,921243,941343,942105,1019023,1080879,1117010,1150743,1175837,1134327,1133281,1263687,1371628,1390687,1384721,1395405,1326860,1368375,1440856,1502447,1500692,1591484,1681870
 "40143","Tulsa, OK",6,CAINC4,70,"...","Proprietors' income 9/","Thousands of dollars",166402,164477,197223,219643,241808,305268,342596,346365,441552,499229,561408,578172,615043,579475,659820,755530,812768,904828,951158,993797,1096463,1070168,1078043,1158765,1267604,1335831,1531477,1716616,1926770,1989392,1736242,1867190,751186,836783,1252465,3517051,5045662,6763166,5788571,9057629,4905480,5813651,7920470,9979757,15236822,16840518,11323956,5943740,8054526,9345467,8809304,7747183,9495408,11063750
 "40143","Tulsa, OK",6,CAINC4,71,"..."," Farm proprietors' income ","Thousands of dollars",1195,907,1768,1916,2718,2343,1297,3461,47,-1775,-1177,311,5991,4707,5568,3378,5065,15506,13301,14895,14211,13044,12787,9656,6722,7291,4484,2637,1594,-2995,-2072,-3409,-2679,-785,-2324,-839,2200,-454,1221,-2445,-632,-1510,-1894,-1909,-2795,-2059,-1843,-2294,-1755,-3058,-2083,-2332,-1559,-5237
 "40143","Tulsa, OK",6,CAINC4,72,"..."," Nonfarm proprietors' income ","Thousands of dollars",165207,163570,195455,217727,239090,302925,341299,342904,441505,501004,562585,577861,609052,574768,654252,752152,807703,889322,937857,978902,1082252,1057124,1065256,1149109,1260882,1328540,1526993,1713979,1925176,1992387,1738314,1870599,753865,837568,1254789,3517890,5043462,6763620,5787350,9060074,4906112,5815161,7922364,9981666,15239617,16842577,11325799,5946034,8056281,9348525,8811387,7749515,9496967,11068987
 "40143","Tulsa, OK",6,CAINC4,7010,"...","Total employment ","Number of jobs",206900,207026,208767,222050,236435,249329,255799,267352,275944,292658,306089,326028,341159,343416,329264,336847,339866,330399,328870,333747,339551,349336,354563,354009,356679,363230,370889,384320,399749,418722,417136,425567,432657,424966,410691,412944,425298,439635,450189,458079,443993,436441,438905,450445,455408,463193,472800,472280,475340,481834,482694,470646,483952,504659
 "40143","Tulsa, OK",6,CAINC4,7020,"..."," Wage and salary employment ","Number of jobs",180281,179665,179631,189016,202353,214498,219618,231264,237769,252996,264455,281829,293407,291168,274411,280734,282991,276321,270918,276189,284966,294487,298971,300965,303254,308872,312914,324525,338902,357598,359188,365767,369843,360070,342528,343153,352954,364385,370577,375868,359879,351577,351271,359073,361376,368159,374150,373412,375952,381652,386611,367151,372333,384627
 "40143","Tulsa, OK",6,CAINC4,7040,"..."," Proprietors employment ","Number of jobs",26619,27361,29136,33034,34082,34831,36181,36088,38175,39662,41634,44199,47752,52248,54853,56113,56875,54078,57952,57558,54585,54849,55592,53044,53425,54358,57975,59795,60847,61124,57948,59800,62814,64896,68163,69791,72344,75250,79612,82211,84114,84864,87634,91372,94032,95034,98650,98868,99388,100182,96083,103495,111619,120032
 "40145","Wagoner, OK",6,CAINC4,10,"...","Personal income (thousands of dollars) ","Thousands of dollars",56344,62579,69716,81208,98436,120826,146096,175452,203611,235838,288091,357960,417959,453951,465282,504186,537487,553286,557596,585255,645968,690653,726351,773365,818117,870026,922615,975221,1047664,1111828,1155918,1231310,1381083,1412337,1435639,1555831,1692079,1894244,2075690,2226182,2254200,2337539,2458310,2596205,2689187,2791681,2873678,2939606,3046776,3206802,3448758,3751824,4140706,4312603
 "40145","Wagoner, OK",6,CAINC4,11,"..."," Nonfarm personal income 1/","Thousands of dollars",54903,59916,67288,79704,95615,117894,142188,168148,197665,235425,287317,354890,411762,452798,464432,503523,536132,551964,556111,581701,641232,688192,719148,765829,811099,859894,920833,969727,1041982,1114543,1153454,1232551,1379706,1404404,1433261,1547678,1684982,1893435,2072718,2225108,2253742,2337015,2461538,2590097,2685641,2785361,2872061,2939504,3044390,3205752,3445382,3744914,4128582,4319558
 "40145","Wagoner, OK",6,CAINC4,12,"..."," Farm income 2/","Thousands of dollars",1441,2663,2428,1504,2821,2932,3908,7304,5946,413,774,3070,6197,1153,850,663,1355,1322,1485,3554,4736,2461,7203,7536,7018,10132,1782,5494,5682,-2715,2464,-1241,1377,7933,2378,8153,7097,809,2972,1074,458,524,-3228,6108,3546,6320,1617,102,2386,1050,3376,6910,12124,-6955
 "40145","Wagoner, OK",6,CAINC4,20,"...","Population (persons) 3/","Number of persons",21374,22322,23752,25683,27253,28595,30538,32118,34781,36804,39843,42146,43449,44931,47040,47739,47739,47607,47831,47007,47455,48027,48712,49436,50708,51576,52402,53575,54507,55675,56735,57711,58944,60561,61700,62800,64165,66345,68677,70646,72143,73396,73881,74693,75226,75094,76034,76817,77991,79024,80100,81379,84198,86644
 "40145","Wagoner, OK",6,CAINC4,30,"...","Per capita personal income (dollars) 4/","Dollars",2636,2803,2935,3162,3612,4225,4784,5463,5854,6408,7231,8493,9620,10103,9891,10561,11259,11622,11658,12450,13612,14381,14911,15644,16134,16869,17606,18203,19221,19970,20374,21336,23430,23321,23268,24774,26371,28551,30224,31512,31246,31848,33274,34758,35748,37176,37795,38268,39066,40580,43056,46103,49178,49774
 "40145","Wagoner, OK",6,CAINC4,35,"...","Earnings by place of work ","Thousands of dollars",27757,25690,25110,27731,33009,37530,43967,53840,59847,60850,68804,79986,91660,92377,101007,109323,119417,120566,136645,146153,164371,168162,175971,181490,193864,211803,218363,228903,244826,231706,225419,222361,305116,324569,331461,353163,361294,391898,416659,433350,431623,431243,516795,573637,587816,616090,652095,643096,647459,675636,741532,797863,824013,864066
 "40145","Wagoner, OK",6,CAINC4,36,"...","Less: Contributions for government social insurance 5/","Thousands of dollars",1629,1392,1339,1602,2137,2588,2983,3451,3987,4600,5450,6338,7678,8300,8849,9537,10713,10955,12835,14585,16653,17731,18566,19213,20570,22377,24198,24599,25625,25991,25947,26538,32153,33567,35122,37372,38376,45140,49287,51754,52218,51496,58061,63119,70916,73071,77859,77379,81615,88077,95644,100722,103717,114519
 "40145","Wagoner, OK",6,CAINC4,37,"..."," Employee and self-employed contributions for government social insurance ","Thousands of dollars",974,878,878,1023,1368,1601,1800,1980,2299,2649,3127,3653,4378,4889,5084,5520,6411,6603,7582,8620,9928,10445,11179,11608,12137,13256,14150,14209,14967,15043,15016,14796,18800,19608,19857,20497,21062,26602,29516,31021,32019,32230,31898,33488,40830,43099,46414,48970,51590,56234,60380,64182,65797,73597
 "40145","Wagoner, OK",6,CAINC4,38,"..."," Employer contributions for government social insurance ","Thousands of dollars",655,514,461,579,769,987,1183,1471,1688,1951,2323,2685,3300,3411,3765,4017,4302,4352,5253,5965,6725,7286,7387,7605,8433,9121,10048,10390,10658,10948,10931,11742,13353,13959,15265,16875,17314,18538,19771,20733,20199,19266,26163,29631,30086,29972,31445,28409,30025,31843,35264,36540,37920,40922
 "40145","Wagoner, OK",6,CAINC4,42,"...","Plus: Adjustment for residence 6/","Thousands of dollars",17426,22817,27562,34570,43666,57230,70520,86918,105279,130865,163709,208127,242436,262428,255896,276484,292646,299535,295308,311139,339643,376432,394529,420770,444239,467332,486200,515980,568425,635167,666736,718103,754249,749490,737676,795914,875968,988670,1068911,1120247,1131515,1172003,1164508,1225485,1271549,1311159,1352243,1394197,1439984,1528004,1632946,1671524,1815648,2053612
 "40145","Wagoner, OK",6,CAINC4,45,"...","Equals: Net earnings by place of residence ","Thousands of dollars",43554,47115,51333,60699,74538,92172,111504,137307,161139,187115,227063,281775,326418,346505,348054,376270,401350,409146,419118,442707,487361,526863,551934,583047,617533,656758,680365,720284,787626,840882,866208,913926,1027212,1040492,1034015,1111705,1198886,1335428,1436283,1501843,1510920,1551750,1623242,1736003,1788449,1854178,1926479,1959914,2005828,2115563,2278834,2368665,2535944,2803159
 "40145","Wagoner, OK",6,CAINC4,46,"...","Plus: Dividends, interest, and rent 7/","Thousands of dollars",5771,7119,8618,9692,11962,14408,16722,18358,20804,25103,33327,42941,52932,62469,68411,76527,81753,86384,79136,81347,92342,90676,93499,94547,96701,102409,116876,123332,130317,139732,147121,165062,184018,171980,180012,199900,217766,242273,293242,326920,314880,330322,365796,371044,393873,416286,407057,407561,430876,445411,463318,484080,552674,572047
 "40145","Wagoner, OK",6,CAINC4,47,"...","Plus: Personal current transfer receipts ","Thousands of dollars",7019,8345,9765,10817,11936,14246,17870,19787,21668,23620,27701,33244,38609,44977,48817,51389,54384,57756,59342,61201,66265,73114,80918,95771,103883,110859,125374,131605,129721,131214,142589,152322,169853,199865,221612,244226,275427,316543,346165,397419,428400,455467,469272,489158,506865,521217,540142,572131,610072,645828,706606,899079,1052088,937397
 "40145","Wagoner, OK",6,CAINC4,50,"...","Wages and salaries ","Thousands of dollars",15744,12618,10780,12397,14262,17489,21097,25363,30070,33101,37966,44774,52131,54042,58704,59939,64360,62878,74541,81402,91357,96588,98831,100811,107451,113624,123761,129763,135988,142206,145730,153596,173990,176259,187024,200823,205840,228914,249826,269634,258872,246313,316025,347091,357943,378572,405408,386584,403858,431728,474735,486229,497625,542320
 "40145","Wagoner, OK",6,CAINC4,60,"...","Supplements to wages and salaries ","Thousands of dollars",1552,1415,1395,1691,1996,2519,3140,3777,4562,5157,5978,6949,8202,8784,10277,11006,12165,12509,15125,16835,19989,21497,22701,24816,26967,28908,30306,31393,31692,32704,33206,37470,41225,43879,48947,53705,56732,59137,62411,64783,65535,66725,82209,86396,91005,95949,101906,95099,97549,102209,110208,112240,112879,119261
 "40145","Wagoner, OK",6,CAINC4,61,"..."," Employer contributions for employee pension and insurance funds 8/","Thousands of dollars",897,901,934,1112,1227,1532,1957,2306,2874,3206,3655,4264,4902,5373,6512,6989,7863,8157,9872,10870,13264,14211,15314,17211,18534,19787,20258,21003,21034,21756,22275,25728,27872,29920,33682,36830,39418,40599,42640,44050,45336,47459,56046,56765,60919,65977,70461,66690,67524,70366,74944,75700,74959,78339
 "40145","Wagoner, OK",6,CAINC4,62,"..."," Employer contributions for government social insurance ","Thousands of dollars",655,514,461,579,769,987,1183,1471,1688,1951,2323,2685,3300,3411,3765,4017,4302,4352,5253,5965,6725,7286,7387,7605,8433,9121,10048,10390,10658,10948,10931,11742,13353,13959,15265,16875,17314,18538,19771,20733,20199,19266,26163,29631,30086,29972,31445,28409,30025,31843,35264,36540,37920,40922
 "40145","Wagoner, OK",6,CAINC4,70,"...","Proprietors' income 9/","Thousands of dollars",10461,11657,12935,13643,16751,17522,19730,24700,25215,22592,24860,28263,31327,29551,32026,38378,42892,45179,46979,47916,53025,50077,54439,55863,59446,69271,64296,67747,77146,56796,46483,31295,89901,104431,95490,98635,98722,103847,104422,98933,107216,118205,118561,140150,138868,141569,144781,161413,146052,141699,156589,199394,213509,202485
 "40145","Wagoner, OK",6,CAINC4,71,"..."," Farm proprietors' income ","Thousands of dollars",771,1953,1797,834,2127,2142,2649,5298,2777,-2283,-1727,919,4490,-363,-535,-647,120,249,474,2415,3503,1029,5805,6263,5473,8574,-168,3413,3348,-5153,-414,-4143,-2042,5405,-391,4462,3767,-2254,-1093,-3446,-3089,-2926,-7017,1358,-417,2052,-989,-2819,-653,-1565,10,3446,8984,-10583
 "40145","Wagoner, OK",6,CAINC4,72,"..."," Nonfarm proprietors' income ","Thousands of dollars",9690,9704,11138,12809,14624,15380,17081,19402,22438,24875,26587,27344,26837,29914,32561,39025,42772,44930,46505,45501,49522,49048,48634,49600,53973,60697,64464,64334,73798,61949,46897,35438,91943,99026,95881,94173,94955,106101,105515,102379,110305,121131,125578,138792,139285,139517,145770,164232,146705,143264,156579,195948,204525,213068
 "40145","Wagoner, OK",6,CAINC4,7010,"...","Total employment ","Number of jobs",4708,4328,4134,4547,4679,5012,5647,6320,7113,7314,7383,7432,7684,8320,8759,9309,9703,9671,11208,10475,10842,11252,11411,11334,11902,12444,13293,13704,14013,14006,13490,13734,14787,14706,15252,15527,16031,16497,17179,17548,17190,16671,18388,18742,18898,19238,19639,19831,20075,20554,20587,21501,22483,23461
 "40145","Wagoner, OK",6,CAINC4,7020,"..."," Wage and salary employment ","Number of jobs",3146,2725,2440,2671,2845,3151,3665,4202,4748,4735,4808,4855,4982,4862,4978,5055,5038,4772,5428,5705,6179,6457,6439,6393,6574,6832,7261,7365,7380,7500,7533,7615,7977,7744,7906,7884,8016,8271,8530,8959,8572,8144,9376,9738,9874,10288,10305,10057,10141,10402,10702,10726,10715,10945
 "40145","Wagoner, OK",6,CAINC4,7040,"..."," Proprietors employment ","Number of jobs",1562,1603,1694,1876,1834,1861,1982,2118,2365,2579,2575,2577,2702,3458,3781,4254,4665,4899,5780,4770,4663,4795,4972,4941,5328,5612,6032,6339,6633,6506,5957,6119,6810,6962,7346,7643,8015,8226,8649,8589,8618,8527,9012,9004,9024,8950,9334,9774,9934,10152,9885,10775,11768,12516
 "40147","Washington, OK",6,CAINC4,10,"...","Personal income (thousands of dollars) ","Thousands of dollars",181936,194093,207348,217979,247200,286207,340664,381604,427028,484323,534768,640463,767285,863037,870394,894515,908298,887541,842135,889775,949202,1017053,1047458,1079379,1037726,1074935,1093806,1123548,1171506,1234608,1242410,1305464,1701499,1673698,1935444,2500339,3258468,3981915,3728164,4283650,2963730,2779424,2384993,2375063,2692391,2963927,2772100,2725054,3078276,3463743,3244303,3328781,4435821,5132934
 "40147","Washington, OK",6,CAINC4,11,"..."," Nonfarm personal income 1/","Thousands of dollars",181521,193178,205996,216862,244763,285108,339298,380530,425388,484425,532499,639922,765789,863012,869652,889773,904161,883230,839557,885473,946128,1014798,1045130,1078026,1035398,1069408,1092033,1123932,1168884,1233946,1239426,1302887,1700473,1671639,1935165,2497055,3253972,3980202,3726828,4284565,2964206,2779524,2382719,2369197,2691187,2960598,2766483,2726435,3081207,3468016,3248555,3333389,4440020,5144416
 "40147","Washington, OK",6,CAINC4,12,"..."," Farm income 2/","Thousands of dollars",415,915,1352,1117,2437,1099,1366,1074,1640,-102,2269,541,1496,25,742,4742,4137,4311,2578,4302,3074,2255,2328,1353,2328,5527,1773,-384,2622,662,2984,2577,1026,2059,279,3284,4496,1713,1336,-915,-476,-100,2274,5866,1204,3329,5617,-1381,-2931,-4273,-4252,-4608,-4199,-11482
 "40147","Washington, OK",6,CAINC4,20,"...","Population (persons) 3/","Number of persons",41620,42105,41455,41093,41499,41243,41788,42554,43135,43693,46315,48634,50626,52988,53859,53098,52910,51246,49057,48051,47228,48338,48850,48667,48094,48161,48312,48425,48663,48847,49013,48987,48897,49032,49004,48997,48885,49216,50038,50641,50754,51082,51429,51745,51812,52210,52345,52335,52380,52186,52001,52604,52857,53242
 "40147","Washington, OK",6,CAINC4,30,"...","Per capita personal income (dollars) 4/","Dollars",4371,4610,5002,5305,5957,6940,8152,8968,9900,11085,11546,13169,15156,16287,16161,16846,17167,17319,17166,18517,20098,21040,21442,22179,21577,22320,22640,23202,24074,25275,25349,26649,34798,34135,39496,51030,66656,80907,74507,84589,58394,54411,46374,45899,51965,56769,52958,52069,58768,66373,62389,63280,83921,96408
 "40147","Washington, OK",6,CAINC4,35,"...","Earnings by place of work ","Thousands of dollars",161037,169825,179830,187465,213681,246326,303095,341266,397838,460912,450862,522617,628550,701333,707894,723545,708613,655835,624647,625515,638234,752849,778981,791838,715051,731650,710178,701951,741943,757904,768811,775309,1164419,1109669,1408341,1871779,2626738,3306494,3001910,3558957,2257778,2085710,1638320,1717455,2029695,2243793,2048085,2010989,2351820,2654303,2341360,2312278,3259955,4017044
 "40147","Washington, OK",6,CAINC4,36,"...","Less: Contributions for government social insurance 5/","Thousands of dollars",10785,11165,12277,13545,17928,20991,25509,29365,34127,40626,40821,47494,61411,71945,71576,75673,75382,70668,69712,72177,74639,91159,96207,94598,87742,89722,87375,84016,85501,86746,87618,88482,118548,116999,125295,137533,159167,177975,190979,197114,171195,169542,146614,155047,182443,190124,186672,185677,193082,205592,198003,203057,225855,256003
 "40147","Washington, OK",6,CAINC4,37,"..."," Employee and self-employed contributions for government social insurance ","Thousands of dollars",5601,5862,6420,6927,9160,10919,13158,14681,16997,20152,20471,24167,31480,36049,35975,36525,37396,35309,34075,36171,37678,45348,48170,48868,44171,45979,45546,44919,47185,48875,50297,50000,73080,70941,75920,86984,104449,119995,130103,131235,107908,102976,72801,74697,100471,107160,105735,109410,118638,128868,120651,123746,143327,170139
 "40147","Washington, OK",6,CAINC4,38,"..."," Employer contributions for government social insurance ","Thousands of dollars",5184,5303,5857,6618,8768,10072,12351,14684,17130,20474,20350,23327,29931,35896,35601,39148,37986,35359,35637,36006,36961,45811,48037,45730,43571,43743,41829,39097,38316,37871,37321,38482,45468,46058,49375,50549,54718,57980,60876,65879,63287,66566,73813,80350,81972,82964,80937,76267,74444,76724,77352,79311,82528,85864
 "40147","Washington, OK",6,CAINC4,42,"...","Plus: Adjustment for residence 6/","Thousands of dollars",-12283,-12908,-13361,-12688,-14982,-16415,-24284,-27519,-45437,-56654,-12038,-160,-3486,-6863,-8122,-9436,-7664,-2916,-4711,-5986,8795,-31822,-33244,-27777,-4565,310,7789,15491,22463,30063,34271,45569,58023,73160,45867,72248,74627,98780,115455,65230,60606,19422,14099,-48285,-53289,-39079,-29408,-4759,-5359,41123,69132,48184,48214,80973
 "40147","Washington, OK",6,CAINC4,45,"...","Equals: Net earnings by place of residence ","Thousands of dollars",137969,145752,154192,161232,180771,208920,253302,284382,318274,363632,398003,474963,563653,622525,628196,638436,625567,582251,550224,547352,572390,629868,649530,669463,622744,642238,630592,633426,678905,701221,715464,732396,1103894,1065830,1328913,1806494,2542198,3227299,2926386,3427073,2147189,1935590,1505805,1514123,1793963,2014590,1832005,1820553,2153379,2489834,2212489,2157405,3082314,3842014
 "40147","Washington, OK",6,CAINC4,46,"...","Plus: Dividends, interest, and rent 7/","Thousands of dollars",31620,34208,36925,38729,45337,53312,58723,65585,74431,83350,93740,115666,145963,175398,171284,180462,199077,212071,191820,238611,268440,271558,272467,268940,265986,275344,290998,308811,312063,348301,332678,372271,379231,364233,350982,419786,426400,442784,465897,486350,421299,425505,462548,441392,474555,507774,493422,439300,442617,478114,499243,485763,564716,572190
 "40147","Washington, OK",6,CAINC4,47,"...","Plus: Personal current transfer receipts ","Thousands of dollars",12347,14133,16231,18018,21092,23975,28639,31637,34323,37341,43025,49834,57669,65114,70914,75617,83654,93219,100091,103812,108372,115627,125461,140976,148996,157353,172216,181311,180538,185086,194268,200797,218374,243635,255549,274059,289870,311832,335881,370227,395242,418329,416640,419548,423873,441563,446673,465201,482280,495795,532571,685613,788791,718730
 "40147","Washington, OK",6,CAINC4,50,"...","Wages and salaries ","Thousands of dollars",131282,138756,145210,150039,168834,194145,239247,274405,317281,369087,352017,411415,498409,561883,560520,565031,550656,481893,482472,489580,490010,584943,611841,617058,539558,548308,535278,529958,558361,591165,611718,613961,614966,617480,682763,668096,689929,748176,822668,917853,886954,942063,990572,1072073,1120830,1160786,1153533,1104226,1061314,1086473,1098523,1094499,1123298,1177204
 "40147","Washington, OK",6,CAINC4,60,"...","Supplements to wages and salaries ","Thousands of dollars",13740,14592,15700,17256,20108,23235,30774,35525,43151,51271,51731,60392,74712,86733,88792,91870,90693,87694,88617,82902,88708,106527,113910,119223,113570,113909,106171,101461,101338,101379,102228,108702,140849,136623,153167,160489,166037,180178,182805,192500,200506,220052,222918,246636,260523,269925,271327,254910,263600,266478,256536,248675,252758,255503
 "40147","Washington, OK",6,CAINC4,61,"..."," Employer contributions for employee pension and insurance funds 8/","Thousands of dollars",8556,9289,9843,10638,11340,13163,18423,20841,26021,30797,31381,37065,44781,50837,53191,52722,52707,52335,52980,46896,51747,60716,65873,73493,69999,70166,64342,62364,63022,63508,64907,70220,95381,90565,103792,109940,111319,122198,121929,126621,137219,153486,149105,166286,178551,186961,190390,178643,189156,189754,179184,169364,170230,169639
 "40147","Washington, OK",6,CAINC4,62,"..."," Employer contributions for government social insurance ","Thousands of dollars",5184,5303,5857,6618,8768,10072,12351,14684,17130,20474,20350,23327,29931,35896,35601,39148,37986,35359,35637,36006,36961,45811,48037,45730,43571,43743,41829,39097,38316,37871,37321,38482,45468,46058,49375,50549,54718,57980,60876,65879,63287,66566,73813,80350,81972,82964,80937,76267,74444,76724,77352,79311,82528,85864
 "40147","Washington, OK",6,CAINC4,70,"...","Proprietors' income 9/","Thousands of dollars",16015,16477,18920,20170,24739,28946,33074,31336,37406,40554,47114,50810,55429,52717,58582,66644,67264,86248,53558,53033,59516,61379,53230,55557,61923,69433,68729,70532,82244,65360,54865,52646,408604,355566,572411,1043194,1770772,2378140,1996437,2448604,1170318,923595,424830,398746,648342,813082,623225,651853,1026906,1301352,986301,969104,1883899,2584337
 "40147","Washington, OK",6,CAINC4,71,"..."," Farm proprietors' income ","Thousands of dollars",14,464,924,639,1909,463,744,365,773,-723,1599,-146,828,-718,-25,3921,3244,3419,1618,3360,2196,1365,1580,768,1722,4997,1195,-928,2084,68,2256,1813,97,1352,-555,2077,3318,542,-357,-2672,-1755,-1280,1069,4422,-3,2035,4817,-2255,-3842,-5080,-5281,-5675,-5156,-12587
 "40147","Washington, OK",6,CAINC4,72,"..."," Nonfarm proprietors' income ","Thousands of dollars",16001,16013,17996,19531,22830,28483,32330,30971,36633,41277,45515,50956,54601,53435,58607,62723,64020,82829,51940,49673,57320,60014,51650,54789,60201,64436,67534,71460,80160,65292,52609,50833,408507,354214,572966,1041117,1767454,2377598,1996794,2451276,1172073,924875,423761,394324,648345,811047,618408,654108,1030748,1306432,991582,974779,1889055,2596924
 "40147","Washington, OK",6,CAINC4,7010,"...","Total employment ","Number of jobs",21639,21910,21882,21606,22121,23123,24894,25481,26737,27607,27070,27683,30294,31124,29550,29563,28750,26169,25979,25221,25194,26698,26581,24978,24364,24247,24150,23957,24436,23856,23662,24109,25271,24889,25626,25441,26582,27382,28491,29119,28792,28650,28459,29278,29587,29525,29392,28418,27534,27384,26689,26271,27186,27711
 "40147","Washington, OK",6,CAINC4,7020,"..."," Wage and salary employment ","Number of jobs",18739,18929,18852,18488,18904,19715,21183,21832,22834,23519,22864,23291,25242,25642,23841,23802,23017,20940,20607,19923,19978,21398,21115,19741,18978,18754,18296,18050,18519,18967,19075,19423,19512,19251,19673,19383,20402,21032,22064,22453,22006,21990,21989,22520,22809,22952,22670,21798,20914,20775,20411,19610,19961,20005
 "40147","Washington, OK",6,CAINC4,7040,"..."," Proprietors employment ","Number of jobs",2900,2981,3030,3118,3217,3408,3711,3649,3903,4088,4206,4392,5052,5482,5709,5761,5733,5229,5372,5298,5216,5300,5466,5237,5386,5493,5854,5907,5917,4889,4587,4686,5759,5638,5953,6058,6180,6350,6427,6666,6786,6660,6470,6758,6778,6573,6722,6620,6620,6609,6278,6661,7225,7706
 "40149","Washita, OK",6,CAINC4,10,"...","Personal income (thousands of dollars) ","Thousands of dollars",61032,37201,35438,44429,63497,52806,54910,57386,59754,72671,102405,103469,140140,157526,159470,166655,160600,161811,142817,148947,149495,161772,151189,155224,171564,173930,174061,178210,191938,190868,192767,204546,220589,227002,247725,264920,271829,293865,321295,360761,322242,350238,376630,408960,414535,438225,384980,345758,367871,384169,401750,418144,449349,430066
 "40149","Washita, OK",6,CAINC4,11,"..."," Nonfarm personal income 1/","Thousands of dollars",52639,27236,29068,32021,36091,40292,45644,51075,58342,66522,78915,99581,130298,151878,149954,156524,160303,141378,128119,128902,130438,134364,139606,141983,151663,161783,173699,179719,183838,182839,183116,200021,217667,212228,219788,234532,247583,276195,308154,352000,323232,340904,368138,387078,392914,410993,375634,345978,365619,385940,399740,417573,440463,444355
 "40149","Washita, OK",6,CAINC4,12,"..."," Farm income 2/","Thousands of dollars",8393,9965,6370,12408,27406,12514,9266,6311,1412,6149,23490,3888,9842,5648,9516,10131,297,20433,14698,20045,19057,27408,11583,13241,19901,12147,362,-1509,8100,8029,9651,4525,2922,14774,27937,30388,24246,17670,13141,8761,-990,9334,8492,21882,21621,27232,9346,-220,2252,-1771,2010,571,8886,-14289
 "40149","Washita, OK",6,CAINC4,20,"...","Population (persons) 3/","Number of persons",12826,11828,9566,11555,11840,11934,12364,12596,12632,12764,13200,14116,15362,17855,17149,15188,14120,13369,12549,11934,11549,11445,11464,11473,11387,11464,11585,11558,11510,11692,11528,11497,11362,11243,11204,11202,11228,11422,11555,11595,11664,11546,11561,11605,11734,11602,11740,11477,11116,11126,11011,10903,10881,10732
 "40149","Washita, OK",6,CAINC4,30,"...","Per capita personal income (dollars) 4/","Dollars",4758,3145,3705,3845,5363,4425,4441,4556,4730,5693,7758,7330,9123,8823,9299,10973,11374,12103,11381,12481,12944,14135,13188,13530,15067,15172,15025,15419,16676,16325,16722,17791,19415,20191,22110,23649,24210,25728,27806,31113,27627,30334,32578,35240,35328,37772,32792,30126,33094,34529,36486,38351,41297,40073
 "40149","Washita, OK",6,CAINC4,35,"...","Earnings by place of work ","Thousands of dollars",47833,26006,22860,31121,48164,35040,33574,34125,33852,43878,68781,61059,81520,87609,79000,76682,64541,81399,67232,74881,70573,81563,67510,69755,83610,80752,72214,69979,82743,80024,78652,77489,90596,104806,118866,127243,130433,131941,130503,139396,123387,139271,145453,168974,171399,179614,144678,124798,135629,132063,150956,148159,155727,153132
 "40149","Washita, OK",6,CAINC4,36,"...","Less: Contributions for government social insurance 5/","Thousands of dollars",2263,1015,1063,1279,1658,1873,2031,2302,2683,3190,4021,5121,6845,8237,6691,6525,6505,6368,5716,6440,6423,6761,7040,7071,8043,8738,9244,8907,9070,8734,8532,8874,10447,10741,10920,11835,12732,13228,14018,15011,14699,14899,14268,14886,16167,16100,14823,14156,16036,16346,17902,17843,17081,20530
 "40149","Washita, OK",6,CAINC4,37,"..."," Employee and self-employed contributions for government social insurance ","Thousands of dollars",1068,617,657,758,976,1085,1153,1255,1468,1740,2156,2745,3671,4308,3545,3451,3553,3469,3138,3592,3639,3726,3963,4043,4483,4847,5135,5024,5201,5100,5069,5230,6007,6170,6196,6592,7231,7633,8221,8713,8655,8788,7614,7768,9219,9323,8774,8792,9706,10096,10972,11023,10856,12775
 "40149","Washita, OK",6,CAINC4,38,"..."," Employer contributions for government social insurance ","Thousands of dollars",1195,398,406,521,682,788,878,1047,1215,1450,1865,2376,3174,3929,3146,3074,2952,2899,2578,2848,2784,3035,3077,3028,3560,3891,4109,3883,3869,3634,3463,3644,4440,4571,4724,5243,5501,5595,5797,6298,6044,6111,6654,7118,6948,6777,6049,5364,6330,6250,6930,6820,6225,7755
 "40149","Washita, OK",6,CAINC4,42,"...","Plus: Adjustment for residence 6/","Thousands of dollars",1288,1997,2228,2156,2283,2583,3033,3312,3853,4483,5652,6314,12661,13455,11614,11408,11750,10010,10545,11604,13324,14708,17149,18708,20334,22258,23829,26249,28244,31468,34813,39249,37151,34757,35674,37401,38467,44726,57456,67880,59652,59145,73187,94118,97170,104887,98575,81748,91759,106452,98564,84274,86825,83188
 "40149","Washita, OK",6,CAINC4,45,"...","Equals: Net earnings by place of residence ","Thousands of dollars",46858,26988,24025,31998,48789,35750,34576,35135,35022,45171,70412,62252,87336,92827,83923,81565,69786,85041,72061,80045,77474,89510,77619,81392,95901,94272,86799,87321,101917,102758,104933,107864,117300,128822,143620,152809,156168,163439,173941,192265,168340,183517,204372,248206,252402,268401,228430,192390,211352,222169,231618,214590,225471,215790
 "40149","Washita, OK",6,CAINC4,46,"...","Plus: Dividends, interest, and rent 7/","Thousands of dollars",10249,5788,6387,6871,8303,9404,11059,12134,13999,16061,18980,26247,36038,45088,52733,62319,67253,51826,45427,43137,45925,43763,42215,38612,37763,38504,43167,44932,45666,44032,43314,49883,52794,41781,44126,49551,52574,59991,73894,90304,70758,82460,90315,79707,79475,84836,68131,57207,61062,64168,66124,67267,69946,75594
 "40149","Washita, OK",6,CAINC4,47,"...","Plus: Personal current transfer receipts ","Thousands of dollars",3925,4425,5026,5560,6405,7652,9275,10117,10733,11439,13013,14970,16766,19611,22814,22771,23561,24944,25329,25765,26096,28499,31355,35220,37900,41154,44095,45957,44355,44078,44520,46799,50495,56399,59979,62560,63087,70435,73460,78192,83144,84261,81943,81047,82658,84988,88419,96161,95457,97832,104008,136287,153932,138682
 "40149","Washita, OK",6,CAINC4,50,"...","Wages and salaries ","Thousands of dollars",26620,9480,9465,11163,12578,13793,15036,17525,21047,24170,30670,40608,52059,61184,48326,45207,43841,41732,36653,38010,37017,39205,40405,39574,44152,47370,49794,48841,50755,49597,48614,51708,60154,60171,61069,65487,70823,75091,79713,87273,82572,82497,87170,94208,91357,92142,81350,75142,88169,87175,97021,89039,85282,103172
 "40149","Washita, OK",6,CAINC4,60,"...","Supplements to wages and salaries ","Thousands of dollars",7796,1274,1150,1376,1651,1873,2135,2495,2965,3614,4832,6277,8209,10033,8351,8067,8019,8078,7214,7578,7777,8587,9091,9681,11120,12327,12561,12213,12235,11803,11589,12547,14975,15587,15950,17665,18695,19165,19527,20545,20598,22247,22387,22555,23608,24267,23373,21934,24074,24447,25565,24521,22703,25405
 "40149","Washita, OK",6,CAINC4,61,"..."," Employer contributions for employee pension and insurance funds 8/","Thousands of dollars",6601,876,744,855,969,1085,1257,1448,1750,2164,2967,3901,5035,6104,5205,4993,5067,5179,4636,4730,4993,5552,6014,6653,7560,8436,8452,8330,8366,8169,8126,8903,10535,11016,11226,12422,13194,13570,13730,14247,14554,16136,15733,15437,16660,17490,17324,16570,17744,18197,18635,17701,16478,17650
 "40149","Washita, OK",6,CAINC4,62,"..."," Employer contributions for government social insurance ","Thousands of dollars",1195,398,406,521,682,788,878,1047,1215,1450,1865,2376,3174,3929,3146,3074,2952,2899,2578,2848,2784,3035,3077,3028,3560,3891,4109,3883,3869,3634,3463,3644,4440,4571,4724,5243,5501,5595,5797,6298,6044,6111,6654,7118,6948,6777,6049,5364,6330,6250,6930,6820,6225,7755
 "40149","Washita, OK",6,CAINC4,70,"...","Proprietors' income 9/","Thousands of dollars",13417,15252,12245,18582,33935,19374,16403,14105,9840,16094,33279,14174,21252,16392,22323,23408,12681,31589,23365,29293,25779,33771,18014,20500,28338,21055,9859,8925,19753,18624,18449,13234,15467,29048,41847,44091,40915,37685,31263,31578,20217,34527,35896,52211,56434,63205,39955,27722,23386,20441,28370,34599,47742,24555
 "40149","Washita, OK",6,CAINC4,71,"..."," Farm proprietors' income ","Thousands of dollars",7359,8836,5345,11292,26268,11164,7787,4444,-1073,4207,21392,1734,7714,3307,7339,8021,-1732,18607,12927,18103,17017,25089,9368,11236,17781,10258,-1745,-3533,6045,6047,7482,2469,634,13169,26130,27891,21904,15450,10045,5254,-3743,6583,5454,17985,18371,23740,7202,-2595,-220,-3925,-752,-2275,6323,-17251
 "40149","Washita, OK",6,CAINC4,72,"..."," Nonfarm proprietors' income ","Thousands of dollars",6058,6416,6900,7290,7667,8210,8616,9661,10913,11887,11887,12440,13538,13085,14984,15387,14413,12982,10438,11190,8762,8682,8646,9264,10557,10797,11604,12458,13708,12577,10967,10765,14833,15879,15717,16200,19011,22235,21218,26324,23960,27944,30442,34226,38063,39465,32753,30317,23606,24366,29122,36874,41419,41806
 "40149","Washita, OK",6,CAINC4,7010,"...","Total employment ","Number of jobs",8505,5272,5025,5557,5449,5421,5115,5094,5113,5106,5503,5881,6482,7091,6623,6280,5804,5357,5049,4937,4724,4780,4773,4822,5111,5215,5265,5184,5211,4929,4699,4688,5048,4821,4747,4815,4854,4846,4868,4944,4953,4949,4869,5007,4965,4927,4688,4587,4620,4575,4617,4581,4530,4899
 "40149","Washita, OK",6,CAINC4,7020,"..."," Wage and salary employment ","Number of jobs",5432,2151,2041,2356,2487,2525,2511,2711,2805,2875,3244,3576,4060,4443,3804,3568,3248,3028,2766,2738,2663,2719,2705,2645,2805,2875,2894,2756,2738,2669,2566,2541,2760,2658,2586,2651,2695,2684,2647,2678,2630,2596,2527,2555,2536,2522,2322,2185,2308,2284,2361,2250,2116,2399
 "40149","Washita, OK",6,CAINC4,7040,"..."," Proprietors employment ","Number of jobs",3073,3121,2984,3201,2962,2896,2604,2383,2308,2231,2259,2305,2422,2648,2819,2712,2556,2329,2283,2199,2061,2061,2068,2177,2306,2340,2371,2428,2473,2260,2133,2147,2288,2163,2161,2164,2159,2162,2221,2266,2323,2353,2342,2452,2429,2405,2366,2402,2312,2291,2256,2331,2414,2500
 "40151","Woods, OK",6,CAINC4,10,"...","Personal income (thousands of dollars) ","Thousands of dollars",34028,37794,41749,44329,51032,53023,56504,60833,63727,72399,91857,93701,105403,142766,123620,143226,138956,136872,130761,134437,135353,144815,138190,155296,153111,153165,159645,157444,179221,184724,180050,188133,192273,192335,225970,221493,224250,241169,258969,296939,261078,290828,355890,412860,452621,537530,457372,387274,366698,390733,384857,390051,424493,410616
 "40151","Woods, OK",6,CAINC4,11,"..."," Nonfarm personal income 1/","Thousands of dollars",27138,29675,33474,36214,39685,44895,50415,54859,60747,66241,72382,86464,105205,120412,127439,131698,131359,126733,121095,122790,127734,132666,132499,137927,137146,142637,150021,153975,164887,168335,165377,174720,185562,187040,196962,202140,211200,228118,251432,283848,261619,286602,334895,388840,427459,501222,432154,378044,362977,377484,380734,373797,407852,404054
 "40151","Woods, OK",6,CAINC4,12,"..."," Farm income 2/","Thousands of dollars",6890,8119,8275,8115,11347,8128,6089,5974,2980,6158,19475,7237,198,22354,-3819,11528,7597,10139,9666,11647,7619,12149,5691,17369,15965,10528,9624,3469,14334,16389,14673,13413,6711,5295,29008,19353,13050,13051,7537,13091,-541,4226,20995,24020,25162,36308,25218,9230,3721,13249,4123,16254,16641,6562
 "40151","Woods, OK",6,CAINC4,20,"...","Population (persons) 3/","Number of persons",12249,11831,11674,11022,10974,11046,11149,11112,10748,10483,10677,10935,10963,11000,11145,10833,10388,10089,9814,9382,9216,9107,9078,9201,9019,9045,9048,9058,9028,9130,9125,9049,8882,8896,8729,8676,8679,8550,8593,8533,8708,8901,8780,8833,8972,9211,9253,9090,8997,8791,8700,8598,8613,8587
 "40151","Woods, OK",6,CAINC4,30,"...","Per capita personal income (dollars) 4/","Dollars",2778,3194,3576,4022,4650,4800,5068,5475,5929,6906,8603,8569,9614,12979,11092,13221,13377,13566,13324,14329,14687,15902,15223,16878,16976,16934,17644,17382,19852,20233,19732,20790,21647,21620,25887,25529,25838,28207,30137,34799,29981,32674,40534,46741,50448,58357,49430,42604,40758,44447,44236,45365,49285,47818
 "40151","Woods, OK",6,CAINC4,35,"...","Earnings by place of work ","Thousands of dollars",24866,27339,29668,31321,35768,35318,35835,37919,38449,44495,60436,52402,51092,78835,56235,73192,68861,72220,69700,73853,72654,80341,73953,90376,90515,87128,87030,81912,100240,106846,103105,105998,103295,103913,129464,123870,122775,133552,134047,155595,138443,162440,206073,258941,270044,298536,284258,240499,228776,239357,251796,240897,249167,238599
 "40151","Woods, OK",6,CAINC4,36,"...","Less: Contributions for government social insurance 5/","Thousands of dollars",1252,1336,1512,1676,2050,2382,2559,2745,3075,3436,3790,4208,5129,5794,5947,6296,6439,6727,6695,7451,7958,8313,8507,8998,9224,9566,9760,9689,10388,10874,10763,11113,11304,11492,11659,12377,12759,13420,14383,14872,15417,16936,17854,22580,25390,27227,27906,25684,25467,25517,27413,25403,25715,27137
 "40151","Woods, OK",6,CAINC4,37,"..."," Employee and self-employed contributions for government social insurance ","Thousands of dollars",732,779,872,958,1164,1302,1397,1441,1617,1804,1995,2230,2691,3069,3129,3274,3437,3558,3547,4022,4366,4474,4616,4862,4958,5123,5261,5225,5646,5910,5922,6031,6192,6306,6292,6571,6867,7322,7933,8329,8668,9457,8802,10522,13430,14404,14901,14043,13997,14185,15433,14227,14454,15371
 "40151","Woods, OK",6,CAINC4,38,"..."," Employer contributions for government social insurance ","Thousands of dollars",520,557,640,718,886,1080,1162,1304,1458,1632,1795,1978,2438,2725,2818,3022,3002,3169,3148,3429,3592,3839,3891,4136,4266,4443,4499,4464,4742,4964,4841,5082,5112,5186,5367,5806,5892,6098,6450,6543,6749,7479,9052,12058,11960,12823,13005,11641,11470,11332,11980,11176,11261,11766
 "40151","Woods, OK",6,CAINC4,42,"...","Plus: Adjustment for residence 6/","Thousands of dollars",778,842,935,1072,1252,1414,1863,2373,2433,2719,3276,4615,5317,5498,4336,3825,3666,2848,2819,2282,1765,1341,1536,1396,1707,1846,1863,1990,1954,1686,1593,1666,1559,932,356,-304,-919,-1137,-2106,-2406,-3261,-5358,-11557,-17088,-10444,-10767,-19101,-15763,-23777,-19502,-28262,-19660,-18638,-18978
 "40151","Woods, OK",6,CAINC4,45,"...","Equals: Net earnings by place of residence ","Thousands of dollars",24392,26845,29091,30717,34970,34350,35139,37547,37807,43778,59922,52809,51280,78539,54624,70721,66088,68341,65824,68684,66461,73369,66982,82774,82998,79408,79133,74213,91806,97658,93935,96551,93550,93353,118161,111189,109097,118995,117558,138317,119765,140146,176662,219273,234210,260542,237251,199052,179532,194338,196121,195834,204814,192484
 "40151","Woods, OK",6,CAINC4,46,"...","Plus: Dividends, interest, and rent 7/","Thousands of dollars",5807,6636,7826,8204,9929,11520,12986,14015,15886,17566,19738,26751,37809,46321,49134,51314,51022,46206,41799,42002,44747,45819,43545,42823,39135,40728,45033,47279,51246,50654,48505,53697,57020,53318,60362,62257,66721,70325,89276,101751,79520,89215,120413,135800,159236,215194,156241,122631,120158,126108,115851,106603,115198,123878
 "40151","Woods, OK",6,CAINC4,47,"...","Plus: Personal current transfer receipts ","Thousands of dollars",3829,4313,4832,5408,6133,7153,8379,9271,10034,11055,12197,14141,16314,17906,19862,21191,21846,22325,23138,23751,24145,25627,27663,29699,30978,33029,35479,35952,36169,36412,37610,37885,41703,45664,47447,48047,48432,51849,52135,56871,61793,61467,58815,57787,59175,61794,63880,65591,67008,70287,72885,87614,104481,94254
 "40151","Woods, OK",6,CAINC4,50,"...","Wages and salaries ","Thousands of dollars",11802,12762,13929,14720,15684,17796,18987,20570,23283,24916,26888,30025,35418,40371,42128,42985,42911,43402,42564,43817,45581,47854,48153,51028,51219,52428,52791,53719,58199,62617,63163,66224,66150,65586,66542,70441,72613,76402,81435,84645,86952,97616,120424,157941,161887,175864,183018,166220,163206,159359,175831,151211,152887,162955
 "40151","Woods, OK",6,CAINC4,60,"...","Supplements to wages and salaries ","Thousands of dollars",1287,1419,1649,1892,2074,2467,2708,2984,3478,3881,4280,4788,5889,6902,7599,8007,8275,8801,8812,9029,9884,10900,11398,13159,13345,13852,13830,14130,14835,16081,16259,17764,17569,18261,19237,21222,21903,22147,23321,22763,23798,28922,32605,40508,43487,47026,49451,45874,44120,43474,44554,40460,39380,39053
 "40151","Woods, OK",6,CAINC4,61,"..."," Employer contributions for employee pension and insurance funds 8/","Thousands of dollars",767,862,1009,1174,1188,1387,1546,1680,2020,2249,2485,2810,3451,4177,4781,4985,5273,5632,5664,5600,6292,7061,7507,9023,9079,9409,9331,9666,10093,11117,11418,12682,12457,13075,13870,15416,16011,16049,16871,16220,17049,21443,23553,28450,31527,34203,36446,34233,32650,32142,32574,29284,28119,27287
 "40151","Woods, OK",6,CAINC4,62,"..."," Employer contributions for government social insurance ","Thousands of dollars",520,557,640,718,886,1080,1162,1304,1458,1632,1795,1978,2438,2725,2818,3022,3002,3169,3148,3429,3592,3839,3891,4136,4266,4443,4499,4464,4742,4964,4841,5082,5112,5186,5367,5806,5892,6098,6450,6543,6749,7479,9052,12058,11960,12823,13005,11641,11470,11332,11980,11176,11261,11766
 "40151","Woods, OK",6,CAINC4,70,"...","Proprietors' income 9/","Thousands of dollars",11777,13158,14090,14709,18010,15055,14140,14365,11688,15698,29268,17589,9785,31562,6508,22200,17675,20017,18324,21007,17189,21587,14402,26189,25951,20848,20409,14063,27206,28148,23683,22010,19576,20066,43685,32207,28259,35003,29291,48187,27693,35902,53044,60492,64670,75646,51789,28405,21450,36524,31411,49226,56900,36591
 "40151","Woods, OK",6,CAINC4,71,"..."," Farm proprietors' income ","Thousands of dollars",6124,7248,7445,7173,10295,6853,4789,4456,1107,4704,17951,5717,-1254,20782,-5285,10115,6247,8936,8515,10339,6202,10486,4065,15856,14358,9077,7980,1884,12694,14785,12892,11711,4804,3948,27439,17139,10913,10988,4578,9793,-3096,1701,18240,20516,22242,33167,23289,7094,1497,11309,1636,13688,14327,3889
 "40151","Woods, OK",6,CAINC4,72,"..."," Nonfarm proprietors' income ","Thousands of dollars",5653,5910,6645,7536,7715,8202,9351,9909,10581,10994,11317,11872,11039,10780,11793,12085,11428,11081,9809,10668,10987,11101,10337,10333,11593,11771,12429,12179,14512,13363,10791,10299,14772,16118,16246,15068,17346,24015,24713,38394,30789,34201,34804,39976,42428,42479,28500,21311,19953,25215,29775,35538,42573,32702
 "40151","Woods, OK",6,CAINC4,7010,"...","Total employment ","Number of jobs",5368,5380,5381,5518,5330,5413,5235,5119,5258,5106,5167,5255,5506,5640,5608,5515,5372,5072,5029,4972,5026,5135,5161,5199,5188,5280,5226,5293,5510,5609,5533,5686,5496,5265,5171,5225,5248,5290,5419,5398,5406,5644,5680,6544,6550,6686,6605,6411,6140,5786,5674,5629,5720,5764
 "40151","Woods, OK",6,CAINC4,7020,"..."," Wage and salary employment ","Number of jobs",3079,3133,3196,3256,3211,3281,3172,3139,3323,3228,3272,3320,3465,3526,3512,3427,3306,3130,3036,3064,3085,3217,3243,3315,3257,3302,3259,3300,3468,3614,3535,3671,3491,3364,3268,3365,3323,3294,3324,3239,3280,3410,3506,4150,4133,4257,4154,3965,3777,3616,3674,3566,3576,3529
 "40151","Woods, OK",6,CAINC4,7040,"..."," Proprietors employment ","Number of jobs",2289,2247,2185,2262,2119,2132,2063,1980,1935,1878,1895,1935,2041,2114,2096,2088,2066,1942,1993,1908,1941,1918,1918,1884,1931,1978,1967,1993,2042,1995,1998,2015,2005,1901,1903,1860,1925,1996,2095,2159,2126,2234,2174,2394,2417,2429,2451,2446,2363,2170,2000,2063,2144,2235
 "40153","Woodward, OK",6,CAINC4,10,"...","Personal income (thousands of dollars) ","Thousands of dollars",47550,56072,58764,67681,77132,85100,97401,118042,139274,139004,176004,213996,270218,318587,274114,279325,275540,254978,242897,250978,259542,267694,272340,283222,295274,309894,315710,333376,370264,362209,348930,374632,428886,417495,442324,498099,572979,646666,693210,804988,643748,698000,830840,999017,1058807,1071222,897133,751281,741380,768173,766492,798560,855303,809365
 "40153","Woodward, OK",6,CAINC4,11,"..."," Nonfarm personal income 1/","Thousands of dollars",43662,49446,52118,57788,65245,77864,91155,114961,134677,139074,163684,205943,270679,313961,271221,272824,274000,249154,239942,245045,254609,260064,270398,276934,291763,307614,317583,333534,356947,352648,337592,363370,415055,404253,433983,486466,553150,640169,687556,793227,639832,672278,778375,937432,1027715,1045924,904814,789078,797456,817563,819754,854401,901476,897686
 "40153","Woodward, OK",6,CAINC4,12,"..."," Farm income 2/","Thousands of dollars",3888,6626,6646,9893,11887,7236,6246,3081,4597,-70,12320,8053,-461,4626,2893,6501,1540,5824,2955,5933,4933,7630,1942,6288,3511,2280,-1873,-158,13317,9561,11338,11262,13831,13242,8341,11633,19829,6497,5654,11761,3916,25722,52465,61585,31092,25298,-7681,-37797,-56076,-49390,-53262,-55841,-46173,-88321
 "40153","Woodward, OK",6,CAINC4,20,"...","Population (persons) 3/","Number of persons",15188,15503,15580,15610,15881,16587,17135,18112,18902,19609,20337,21511,22829,25084,24441,23034,22260,21298,19887,19469,19117,18951,18864,18944,18745,18832,18790,18693,18689,18680,18655,18436,18365,18482,18594,18935,19122,19341,19939,20120,20467,20011,20184,20811,21446,21806,21942,21364,20962,20752,20665,20406,20216,19990
 "40153","Woodward, OK",6,CAINC4,30,"...","Per capita personal income (dollars) 4/","Dollars",3131,3617,3772,4336,4857,5131,5684,6517,7368,7089,8654,9948,11837,12701,11215,12127,12378,11972,12214,12891,13577,14126,14437,14950,15752,16456,16802,17834,19812,19390,18704,20321,23353,22589,23789,26306,29964,33435,34767,40009,31453,34881,41163,48004,49371,49125,40887,35166,35368,37017,37091,39134,42308,40488
 "40153","Woodward, OK",6,CAINC4,35,"...","Earnings by place of work ","Thousands of dollars",38765,45974,46395,54751,62876,69807,77879,98996,118099,113931,147162,178562,229031,264018,204825,204895,196643,177359,171295,180842,187469,198263,200394,209385,221355,235066,231593,246421,284594,272596,253875,270475,323709,318541,337969,394560,457639,527650,560869,639376,483089,522697,661478,827274,870608,896411,704684,559473,546366,569402,547269,527010,536391,520136
 "40153","Woodward, OK",6,CAINC4,36,"...","Less: Contributions for government social insurance 5/","Thousands of dollars",2284,2570,2649,3118,4161,5263,5955,8021,9461,9731,11994,15267,22359,26354,19816,19850,19950,17937,17818,20003,20979,22394,23679,23922,25718,27760,27989,28803,30680,29548,27874,29431,35145,34991,37480,44563,49582,56259,61174,67204,54016,55843,62686,73793,85242,86463,73381,64726,70424,73717,71775,69055,68049,74280
 "40153","Woodward, OK",6,CAINC4,37,"..."," Employee and self-employed contributions for government social insurance ","Thousands of dollars",1277,1427,1476,1693,2249,2815,3157,4114,4860,4967,6149,7871,11523,13276,10003,9824,10165,9184,9107,10099,10753,11405,12143,12385,13120,14158,14323,14947,16454,16051,15180,15999,18470,18333,19328,22189,25139,29002,32170,35418,28710,29498,27456,32276,42998,44970,38829,35205,37341,39179,38450,37252,36821,40261
 "40153","Woodward, OK",6,CAINC4,38,"..."," Employer contributions for government social insurance ","Thousands of dollars",1007,1143,1173,1425,1912,2448,2798,3907,4601,4764,5845,7396,10836,13078,9813,10026,9785,8753,8711,9904,10226,10989,11536,11537,12598,13602,13666,13856,14226,13497,12694,13432,16675,16658,18152,22374,24443,27257,29004,31786,25306,26345,35230,41517,42244,41493,34552,29521,33083,34538,33325,31803,31228,34019
 "40153","Woodward, OK",6,CAINC4,42,"...","Plus: Adjustment for residence 6/","Thousands of dollars",-636,-901,-568,-554,-478,-959,-531,-1921,-2232,-2121,-2194,-2431,-5598,-5357,-1827,-1396,-582,-87,-1238,-7574,-8698,-10071,-10440,-10891,-12009,-13615,-13377,-14924,-17313,-16295,-14479,-15854,-20552,-20188,-23483,-30331,-36935,-47623,-54118,-63373,-45178,-42889,-51525,-59329,-63109,-67350,-51002,-42602,-51094,-51821,-45197,-44976,-41882,-40344
 "40153","Woodward, OK",6,CAINC4,45,"...","Equals: Net earnings by place of residence ","Thousands of dollars",35845,42503,43178,51079,58237,63585,71393,89054,106406,102079,132974,160864,201074,232307,183182,183649,176111,159335,152239,153265,157792,165798,166275,174572,183628,193691,190227,202694,236601,226753,211522,225190,268012,263362,277006,319666,371122,423768,445577,508799,383895,423965,547267,694152,722257,742598,580301,452145,424848,443864,430297,412979,426460,405512
 "40153","Woodward, OK",6,CAINC4,46,"...","Plus: Dividends, interest, and rent 7/","Thousands of dollars",7485,8756,10129,10781,12223,13800,16795,18730,21538,24489,28436,36511,49544,62941,64375,68551,70740,63230,58142,63456,65630,64245,64758,62420,62243,62897,68928,72203,73322,75445,74744,84698,89944,76695,83834,93445,112112,126499,146066,184341,138198,147341,156563,178920,207830,198347,178785,154088,163470,168584,169203,169169,179565,185761
 "40153","Woodward, OK",6,CAINC4,47,"...","Plus: Personal current transfer receipts ","Thousands of dollars",4220,4813,5457,5821,6672,7715,9213,10258,11330,12436,14594,16621,19600,23339,26557,27125,28689,32413,32516,34257,36120,37651,41307,46230,49403,53306,56555,58479,60341,60011,62664,64744,70930,77438,81484,84988,89745,96399,101567,111848,121655,126694,127010,125945,128720,130277,138047,145048,153062,155725,166992,216412,249278,218092
 "40153","Woodward, OK",6,CAINC4,50,"...","Wages and salaries ","Thousands of dollars",25025,28796,28017,31178,35835,44875,51372,70932,83726,81672,97875,126873,178428,201979,147036,142346,140207,121226,119567,128833,133538,139083,144222,144828,152474,164056,165853,176048,196323,193502,181063,194010,220850,213093,229652,271101,307912,360889,398192,449391,347772,360467,439021,513198,537139,563146,474371,414945,460137,480818,469518,428001,419718,459382
 "40153","Woodward, OK",6,CAINC4,60,"...","Supplements to wages and salaries ","Thousands of dollars",2588,3042,3202,3783,4467,5560,6861,9134,11166,12018,14444,18907,26381,31699,25487,25612,25959,24166,24489,26444,28564,30753,33090,35317,38345,41188,40499,41867,43186,42596,40166,43607,52437,52349,57164,67657,74065,82203,82902,87692,78732,86380,98331,112109,119564,122151,110063,98915,106837,110765,107100,103148,101180,105055
 "40153","Woodward, OK",6,CAINC4,61,"..."," Employer contributions for employee pension and insurance funds 8/","Thousands of dollars",1581,1899,2029,2358,2555,3112,4063,5227,6565,7254,8599,11511,15545,18621,15674,15586,16174,15413,15778,16540,18338,19764,21554,23780,25747,27586,26833,28011,28960,29099,27472,30175,35762,35691,39012,45283,49622,54946,53898,55906,53426,60035,63101,70592,77320,80658,75511,69394,73754,76227,73775,71345,69952,71036
 "40153","Woodward, OK",6,CAINC4,62,"..."," Employer contributions for government social insurance ","Thousands of dollars",1007,1143,1173,1425,1912,2448,2798,3907,4601,4764,5845,7396,10836,13078,9813,10026,9785,8753,8711,9904,10226,10989,11536,11537,12598,13602,13666,13856,14226,13497,12694,13432,16675,16658,18152,22374,24443,27257,29004,31786,25306,26345,35230,41517,42244,41493,34552,29521,33083,34538,33325,31803,31228,34019
 "40153","Woodward, OK",6,CAINC4,70,"...","Proprietors' income 9/","Thousands of dollars",11152,14136,15176,19790,22574,19372,19646,18930,23207,20241,34843,32782,24222,30340,32302,36937,30477,31967,27239,25565,25367,28427,23082,29240,30536,29822,25241,28506,45085,36498,32646,32858,50422,53099,51153,55802,75662,84558,79775,102293,56585,75850,124126,201967,213905,211114,120250,45613,-20608,-22181,-29349,-4139,15493,-44301
 "40153","Woodward, OK",6,CAINC4,71,"..."," Farm proprietors' income ","Thousands of dollars",3363,6011,6048,9203,11113,6273,5254,1904,3114,-1211,11186,6983,-1429,3643,1907,5487,510,4847,1969,4917,3937,6564,987,5467,2330,932,-3717,-2256,10835,7004,8353,8291,10376,10718,5406,7539,15891,2758,296,5791,-676,21164,47496,55247,25810,19623,-11173,-41654,-60095,-52898,-57763,-60480,-50351,-93149
 "40153","Woodward, OK",6,CAINC4,72,"..."," Nonfarm proprietors' income ","Thousands of dollars",7789,8125,9128,10587,11461,13099,14392,17026,20093,21452,23657,25799,25651,26697,30395,31450,29967,27120,25270,20648,21430,21863,22095,23773,28206,28890,28958,30762,34250,29494,24293,24567,40046,42381,45747,48263,59771,81800,79479,96502,57261,54686,76630,146720,188095,191491,131423,87267,39487,30717,28414,56341,65844,48848
 "40153","Woodward, OK",6,CAINC4,7010,"...","Total employment ","Number of jobs",7577,7804,7618,8140,8285,8868,8984,10120,10591,10109,10383,11346,12821,13519,11603,11269,10979,10042,10228,10536,10531,10609,10674,10402,10844,11106,11321,11518,11693,11917,11191,11387,11874,11620,11640,12210,12798,13426,14195,14865,13355,13469,14217,15376,15718,15603,14665,13756,13855,13628,13225,12790,12550,12987
 "40153","Woodward, OK",6,CAINC4,7020,"..."," Wage and salary employment ","Number of jobs",5357,5596,5360,5774,5951,6516,6685,7871,8260,7720,7982,8911,10278,10936,8825,8420,8090,7233,7198,7528,7523,7582,7598,7445,7725,8013,8102,8295,8517,8738,8091,8236,8759,8559,8517,9138,9686,10206,10757,11357,9841,9749,10463,11264,11473,11601,10492,9438,9623,9615,9471,8898,8573,8820
 "40153","Woodward, OK",6,CAINC4,7040,"..."," Proprietors employment ","Number of jobs",2220,2208,2258,2366,2334,2352,2299,2249,2331,2389,2401,2435,2543,2583,2778,2849,2889,2809,3030,3008,3008,3027,3076,2957,3119,3093,3219,3223,3176,3179,3100,3151,3115,3061,3123,3072,3112,3220,3438,3508,3514,3720,3754,4112,4245,4002,4173,4318,4232,4013,3754,3892,3977,4167
"Note: See the included footnote file."
"CAINC4: Personal income and employment by major component "
"Last updated: November 16, 2023-- new statistics for 2022; revised statistics for 1979-2021."
"U.S. Bureau of Economic Analysis"
